step,population_size,food_count,average_energy,average_age,birth_count,death_count,age_death_count,energy_death_count,move_count,move_rate,non_move_count,eat_count,eat_rate,eat_per_move,eat_after_move_count,eat_without_move_count,eat_after_move_rate,eat_without_move_rate,total_eat_rate,shared_food_cell_count,shared_food_consumer_count,mean_consumers_per_shared_food,birth_rate,death_rate,age_death_rate,energy_death_rate,average_exploration_tendency,std_exploration_tendency,min_exploration_tendency,max_exploration_tendency,average_site_fidelity,std_site_fidelity,min_site_fidelity,max_site_fidelity,average_risk_tolerance,std_risk_tolerance,min_risk_tolerance,max_risk_tolerance,average_reproduction_timing,std_reproduction_timing,min_reproduction_timing,max_reproduction_timing,active_lineage_count,largest_lineage_share,average_generation,max_generation
0,100,492,9.799999999999999,1.0,0,0,0,0,60,0.6,40,8,0.08,0.1,6,2,0.1,0.05,0.08,0,0,0.0,0.0,0.0,0.0,0.0,0.5535483870967741,0.2997647360553107,0.0,1.0,0.5283870967741935,0.2778608639759268,0.0,1.0,0.457741935483871,0.2882613206273486,0.0,1.0,0.47935483870967743,0.2930701528032152,0.0,0.967741935483871,100,0.01,0.0,0
1,100,674,10.209999999999999,2.0,0,0,0,0,38,0.38,62,18,0.18,0.34210526315789475,13,5,0.34210526315789475,0.08064516129032258,0.18,0,0,0.0,0.0,0.0,0.0,0.0,0.5535483870967741,0.2997647360553107,0.0,1.0,0.5283870967741935,0.2778608639759268,0.0,1.0,0.457741935483871,0.2882613206273486,0.0,1.0,0.47935483870967743,0.2930701528032152,0.0,0.967741935483871,100,0.01,0.0,0
2,103,847,10.538834951456309,2.912621359223301,3,0,0,0,51,0.51,49,28,0.28,0.47058823529411764,24,4,0.47058823529411764,0.08163265306122448,0.28,1,2,2.0,0.03,0.0,0.0,0.0,0.5477607265894143,0.3027403335145011,0.0,1.0,0.5280300657688693,0.27952537095752805,0.0,1.0,0.4588161603507673,0.2900939364411665,0.0,1.0,0.46789852803006576,0.2962601856830589,0.0,0.967741935483871,100,0.019417475728155338,0.02912621359223301,1
3,104,1021,11.097115384615382,3.875,1,0,0,0,51,0.49514563106796117,52,28,0.27184466019417475,0.4117647058823529,21,7,0.4117647058823529,0.1346153846153846,0.27184466019417475,2,4,2.0,0.009708737864077669,0.0,0.0,0.0,0.5508684863523573,0.30292777139983373,0.0,1.0,0.5263647642679901,0.27869119645228707,0.0,1.0,0.45905707196029777,0.28870623842964666,0.0,1.0,0.46526054590570715,0.29604547993933966,0.0,0.967741935483871,100,0.019230769230769232,0.038461538461538464,1
4,108,1189,11.411111111111108,4.694444444444445,4,0,0,0,61,0.5865384615384616,43,32,0.3076923076923077,0.4262295081967213,26,6,0.4262295081967213,0.13953488372093023,0.3076923076923077,0,0,0.0,0.038461538461538464,0.0,0.0,0.0,0.5418160095579451,0.3032994921546203,0.0,1.0,0.5241935483870968,0.27964311833963823,0.0,1.0,0.4710274790919952,0.2924698178318553,0.0,1.0,0.4537037037037037,0.2976078218382436,0.0,0.967741935483871,100,0.027777777777777776,0.07407407407407407,1
5,112,1349,12.058035714285712,5.491071428571429,4,0,0,0,59,0.5462962962962963,49,41,0.37962962962962965,0.6101694915254238,36,5,0.6101694915254238,0.10204081632653061,0.37962962962962965,1,2,2.0,0.037037037037037035,0.0,0.0,0.0,0.5483870967741936,0.30254605640787324,0.0,1.0,0.5282258064516129,0.28052877108731605,0.0,1.0,0.46630184331797236,0.28890747005482126,0.0,1.0,0.4539170506912442,0.29960562892665715,0.0,0.967741935483871,100,0.026785714285714284,0.10714285714285714,1
6,116,1509,12.581034482758618,6.267241379310345,4,0,0,0,75,0.6696428571428571,37,40,0.35714285714285715,0.4533333333333333,34,6,0.4533333333333333,0.16216216216216217,0.35714285714285715,0,0,0.0,0.03571428571428571,0.0,0.0,0.0,0.5433815350389322,0.2999456769108189,0.0,1.0,0.5264182424916574,0.27615275756021335,0.0,1.0,0.47580645161290325,0.29056580467974424,0.0,1.0,0.4532814238042269,0.3011765662271717,0.0,1.0,100,0.034482758620689655,0.14655172413793102,2
7,128,1655,12.442187499999998,6.5859375,12,0,0,0,84,0.7241379310344828,32,57,0.49137931034482757,0.6428571428571429,54,3,0.6428571428571429,0.09375,0.49137931034482757,3,6,2.0,0.10344827586206896,0.0,0.0,0.0,0.53125,0.30522722031688543,0.0,1.0,0.5219254032258065,0.27653864309761156,0.0,1.0,0.4753024193548387,0.2864743949080882,0.0,1.0,0.4369959677419355,0.302711132766032,0.0,1.0,100,0.0390625,0.2421875,2
8,133,1797,13.366165413533832,7.3007518796992485,5,0,0,0,83,0.6484375,45,61,0.4765625,0.5903614457831325,49,12,0.5903614457831325,0.26666666666666666,0.4765625,3,6,2.0,0.0390625,0.0,0.0,0.0,0.5391705069124424,0.3050171676843027,0.0,1.0,0.52243512005821,0.27492970606459455,0.0,1.0,0.48241571671113265,0.2877065597691314,0.0,1.0,0.4305117632791656,0.30250519729930125,0.0,1.0,100,0.03759398496240601,0.2857142857142857,2
9,143,1936,13.58251748251748,7.72027972027972,10,0,0,0,101,0.7593984962406015,32,68,0.5112781954887218,0.5841584158415841,59,9,0.5841584158415841,0.28125,0.5112781954887218,7,14,2.0,0.07518796992481203,0.0,0.0,0.0,0.5404917662982178,0.305817948959089,0.0,1.0,0.5231220392510716,0.2732168978631796,0.0,1.0,0.48793142341529444,0.2906323918523278,0.0,1.0,0.4227385517708098,0.30597249132639487,0.0,1.0,100,0.04895104895104895,0.35664335664335667,2
10,154,2062,14.018831168831163,8.097402597402597,11,0,0,0,111,0.7762237762237763,32,82,0.5734265734265734,0.6576576576576577,73,9,0.6576576576576577,0.28125,0.5734265734265734,7,15,2.142857142857143,0.07692307692307693,0.0,0.0,0.0,0.535609551738584,0.31013744526863046,0.0,1.0,0.5232509426057813,0.27623128931186713,0.0,1.0,0.49455383326351066,0.28765838027255985,0.0,1.0,0.40594888981985755,0.30475909699796044,0.0,1.0,100,0.05194805194805195,0.44805194805194803,3
11,168,2178,14.313690476190473,8.339285714285714,14,0,0,0,116,0.7532467532467533,38,96,0.6233766233766234,0.7068965517241379,82,14,0.7068965517241379,0.3684210526315789,0.6233766233766234,11,23,2.090909090909091,0.09090909090909091,0.0,0.0,0.0,0.532642089093702,0.3091478946756641,0.0,1.0,0.5168970814132104,0.27809531615590133,0.0,1.0,0.49865591397849457,0.28901510860106633,0.0,1.0,0.39458525345622125,0.30531710960076575,0.0,1.0,100,0.05952380952380952,0.5357142857142857,3
12,185,2284,14.458378378378374,8.481081081081081,17,0,0,0,129,0.7678571428571429,39,104,0.6190476190476191,0.7209302325581395,93,11,0.7209302325581395,0.28205128205128205,0.6190476190476191,9,19,2.111111111111111,0.10119047619047619,0.0,0.0,0.0,0.5379250217959896,0.3083572242478188,0.0,1.0,0.5180470793374019,0.2789534633413983,0.0,1.0,0.4969485614646905,0.28796479961660804,0.0,1.0,0.37907585004359196,0.30186828291651524,0.0,1.0,100,0.06486486486486487,0.6324324324324324,3
13,196,2382,15.351020408163262,8.948979591836734,11,0,0,0,131,0.7081081081081081,54,113,0.6108108108108108,0.7175572519083969,94,19,0.7175572519083969,0.35185185185185186,0.6108108108108108,11,22,2.0,0.05945945945945946,0.0,0.0,0.0,0.5289664252797893,0.3085920122876598,0.0,1.0,0.5120144832126399,0.28085857534175157,0.0,1.0,0.5057603686635944,0.28989023106700895,0.0,1.0,0.36932192231731403,0.2997738339572029,0.0,1.0,100,0.0663265306122449,0.6887755102040817,3
14,214,2475,15.502336448598127,9.11214953271028,18,0,0,0,155,0.7908163265306123,41,128,0.6530612244897959,0.7290322580645161,113,15,0.7290322580645161,0.36585365853658536,0.6530612244897959,18,39,2.1666666666666665,0.09183673469387756,0.0,0.0,0.0,0.5233644859813084,0.3081110651557523,0.0,1.0,0.514621646065722,0.2793415600822122,0.0,1.0,0.512812782634911,0.29006904748694207,0.0,1.0,0.3685559240277359,0.29928145946634505,0.0,1.0,100,0.07009345794392523,0.7523364485981309,3
15,237,2554,15.45274261603375,9.130801687763713,23,0,0,0,162,0.7570093457943925,52,144,0.6728971962616822,0.7654320987654321,124,20,0.7654320987654321,0.38461538461538464,0.6728971962616822,17,40,2.3529411764705883,0.10747663551401869,0.0,0.0,0.0,0.5200762215870423,0.30971662985051507,0.0,1.0,0.5139512726282837,0.28020981795562167,0.0,1.0,0.510548523206751,0.29093373035745423,0.0,1.0,0.36858581734041107,0.303215944152588,0.0,1.0,100,0.07172995780590717,0.8523206751054853,3
16,266,2608,15.369172932330823,9.026315789473685,29,0,0,0,176,0.7426160337552743,61,167,0.7046413502109705,0.8125,143,24,0.8125,0.39344262295081966,0.7046413502109705,17,38,2.235294117647059,0.12236286919831224,0.0,0.0,0.0,0.5163715740965316,0.3086108299919326,0.0,1.0,0.5158864904195973,0.2811635336475848,0.0,1.0,0.5168566577734659,0.29201453150141404,0.0,1.0,0.3681785107931118,0.30423526296871645,0.0,1.0,100,0.07518796992481203,0.9624060150375939,4
17,296,2652,15.340878378378374,9.010135135135135,30,0,0,0,195,0.7330827067669173,71,193,0.7255639097744361,0.8256410256410256,161,32,0.8256410256410256,0.4507042253521127,0.7255639097744361,26,63,2.423076923076923,0.11278195488721804,0.0,0.0,0.0,0.5199433304272014,0.3113275964968255,0.0,1.0,0.5138404533565823,0.27959894614657493,0.0,1.0,0.5112249346120313,0.2893896590719242,0.0,1.0,0.3620313862249346,0.30148596898059243,0.0,1.0,100,0.08108108108108109,1.070945945945946,4
18,328,2683,15.299085365853655,9.033536585365853,32,0,0,0,238,0.8040540540540541,58,219,0.7398648648648649,0.8319327731092437,198,21,0.8319327731092437,0.3620689655172414,0.7398648648648649,33,83,2.515151515151515,0.10810810810810811,0.0,0.0,0.0,0.5175059008654603,0.311408635579027,0.0,1.0,0.5168174665617623,0.281099965465118,0.0,1.0,0.510228166797797,0.29126641095170724,0.0,1.0,0.35906766325727774,0.29959069353951034,0.0,1.0,100,0.08231707317073171,1.1402439024390243,4
19,367,2696,15.094550408719343,8.967302452316076,39,0,0,0,240,0.7317073170731707,88,241,0.7347560975609756,0.85,204,37,0.85,0.42045454545454547,0.7347560975609756,38,92,2.4210526315789473,0.11890243902439024,0.0,0.0,0.0,0.5191175177990682,0.31271206081190484,0.0,1.0,0.5117342005801178,0.279363987578859,0.0,1.0,0.5198206908675398,0.29317107510351226,0.0,1.0,0.35325657027335855,0.29867051038125036,0.0,1.0,100,0.08719346049046321,1.2479564032697548,4
20,397,2697,15.461209068010072,9.214105793450882,30,0,0,0,273,0.7438692098092643,94,272,0.7411444141689373,0.8205128205128205,224,48,0.8205128205128205,0.5106382978723404,0.7411444141689373,50,123,2.46,0.08174386920980926,0.0,0.0,0.0,0.5183229056634436,0.3104114113068031,0.0,1.0,0.5066222475014219,0.27729838619348685,0.0,1.0,0.5136101405704071,0.292389827507964,0.0,1.0,0.3557325099536849,0.29935348335806994,0.0,1.0,100,0.08312342569269521,1.2997481108312343,4
21,434,2686,15.520737327188936,9.34331797235023,37,0,0,0,306,0.7707808564231738,91,292,0.7355163727959698,0.803921568627451,246,46,0.803921568627451,0.5054945054945055,0.7355163727959698,53,134,2.5283018867924527,0.09319899244332494,0.0,0.0,0.0,0.5220752192656458,0.3102722930304524,0.0,1.0,0.5080273524602349,0.27488839119750935,0.0,1.0,0.5164263416084436,0.29305145633109425,0.0,1.0,0.35327783558792925,0.29680741225631074,0.0,1.0,100,0.08294930875576037,1.3617511520737327,4
22,489,2657,14.949079754601224,9.14723926380368,56,1,0,1,322,0.7419354838709677,112,325,0.7488479262672811,0.8385093167701864,270,55,0.8385093167701864,0.49107142857142855,0.7488479262672811,61,157,2.5737704918032787,0.12903225806451613,0.002304147465437788,0.0,0.002304147465437788,0.5270796226664028,0.30786283768243194,0.0,1.0,0.5043208654924467,0.2756148634740626,0.0,1.0,0.5255623721881391,0.2944064925497973,0.0,1.0,0.34626294610462427,0.2960723871082471,0.0,1.0,100,0.08793456032719836,1.4519427402862985,4
23,530,2612,15.117735849056599,9.362264150943396,41,0,0,0,342,0.6993865030674846,147,354,0.7239263803680982,0.8216374269005848,281,73,0.8216374269005848,0.4965986394557823,0.7239263803680982,74,183,2.472972972972973,0.08384458077709611,0.0,0.0,0.0,0.5252586731588558,0.30790585268262455,0.0,1.0,0.5012781497261108,0.2753267476039712,0.0,1.0,0.5269020085209981,0.2924581248891327,0.0,1.0,0.3480219111381619,0.29627472615741673,0.0,1.0,100,0.08490566037735849,1.5075471698113208,5
24,573,2564,15.163874345549734,9.584642233856894,43,0,0,0,379,0.7150943396226415,151,382,0.720754716981132,0.8073878627968337,306,76,0.8073878627968337,0.5033112582781457,0.720754716981132,87,221,2.5402298850574714,0.08113207547169811,0.0,0.0,0.0,0.5265439396498339,0.3095941079659461,0.0,1.0,0.495805888644936,0.2733255804540599,0.0,1.0,0.5237290998142206,0.2899852097131472,0.0,1.0,0.3448741766593481,0.29366650805913347,0.0,1.0,100,0.0924956369982548,1.5724258289703317,5
25,633,2504,14.685624012638227,9.581358609794629,60,0,0,0,442,0.7713787085514834,131,412,0.7190226876090751,0.8076923076923077,357,55,0.8076923076923077,0.4198473282442748,0.7190226876090751,90,242,2.688888888888889,0.10471204188481675,0.0,0.0,0.0,0.529582632624981,0.3102465291329308,0.0,1.0,0.49462365591397844,0.26964251842718484,0.0,1.0,0.5251490597767926,0.2866715311336535,0.0,1.0,0.34209855781480913,0.29168474382462795,0.0,1.0,100,0.10268562401263823,1.6635071090047393,5
26,677,2422,14.844756277695714,9.80354505169867,47,3,0,3,464,0.7330173775671406,169,471,0.7440758293838863,0.8189655172413793,380,91,0.8189655172413793,0.5384615384615384,0.7440758293838863,107,296,2.7663551401869158,0.07424960505529225,0.004739336492890996,0.0,0.004739336492890996,0.5323295373326344,0.3111849204173795,0.0,1.0,0.4938295135083623,0.26828087958377966,0.0,1.0,0.5272311430885787,0.2835565554072141,0.0,1.0,0.34316481631486156,0.2872925664510624,0.0,1.0,99,0.103397341211226,1.7016248153618907,5
27,731,2335,14.722161422708615,9.968536251709986,56,2,0,2,481,0.7104874446085672,196,485,0.7163958641063516,0.817047817047817,393,92,0.817047817047817,0.46938775510204084,0.7163958641063516,116,314,2.706896551724138,0.0827178729689808,0.0029542097488921715,0.0,0.0029542097488921715,0.5299854375358546,0.3094524692827633,0.0,1.0,0.4938881779268346,0.2672627873800592,0.0,1.0,0.5296324081020255,0.2838992161547459,0.0,1.0,0.3412912051542297,0.28545973853967044,0.0,1.0,99,0.09849521203830369,1.7619699042407662,5
28,785,2214,14.784840764331205,10.214012738853503,54,0,0,0,543,0.7428180574555403,188,541,0.7400820793433652,0.8305709023941068,451,90,0.8305709023941068,0.4787234042553192,0.7400820793433652,110,330,3.0,0.07387140902872777,0.0,0.0,0.0,0.5361002671049928,0.308058386262972,0.0,1.0,0.49274707211834806,0.26686893205505874,0.0,1.0,0.5280049311690981,0.2849899584071298,0.0,1.0,0.33885350318471336,0.2846214056579128,0.0,1.0,99,0.09936305732484077,1.8140127388535032,5
29,833,2121,14.786434573829528,10.549819927971189,49,1,0,1,548,0.6980891719745222,237,555,0.7070063694267515,0.8029197080291971,440,115,0.8029197080291971,0.48523206751054854,0.7070063694267515,122,384,3.1475409836065573,0.062420382165605096,0.0012738853503184713,0.0,0.0012738853503184713,0.534910738488944,0.3075022540149821,0.0,1.0,0.49436548813073616,0.2661965534239234,0.0,1.0,0.5305347945629865,0.28514943585799135,0.0,1.0,0.3407814738798745,0.2840101988171919,0.0,1.0,99,0.09723889555822329,1.858343337334934,5
30,891,2012,14.597867564534228,10.753086419753087,60,2,0,2,613,0.7358943577430972,220,600,0.7202881152460985,0.8189233278955954,502,98,0.8189233278955954,0.44545454545454544,0.7202881152460985,138,429,3.108695652173913,0.07202881152460984,0.0024009603841536613,0.0,0.0024009603841536613,0.5334347054777162,0.30684924923333157,0.0,1.0,0.4932116867600738,0.2644199778473813,0.0,1.0,0.5313710582527786,0.2847644594160336,0.0,1.0,0.338329531877919,0.2831038521161787,0.0,1.0,98,0.0920314253647587,1.9090909090909092,5
31,920,1910,14.967826086956517,11.366304347826087,30,1,0,1,658,0.7384960718294051,233,641,0.7194163860830527,0.7948328267477204,523,118,0.7948328267477204,0.5064377682403434,0.7194163860830527,137,476,3.4744525547445257,0.03367003367003367,0.001122334455667789,0.0,0.001122334455667789,0.5360448807854138,0.3054781203762476,0.0,1.0,0.49200561009817667,0.2636138436728156,0.0,1.0,0.5302244039270687,0.283814270360861,0.0,1.0,0.33755259467040677,0.28190784986327766,0.0,1.0,98,0.09347826086956522,1.9260869565217391,5
32,962,1817,14.982224532224528,11.774428274428274,44,2,0,2,654,0.7108695652173913,266,636,0.691304347826087,0.7889908256880734,516,120,0.7889908256880734,0.45112781954887216,0.691304347826087,141,484,3.4326241134751774,0.04782608695652174,0.002173913043478261,0.0,0.002173913043478261,0.5367849238816981,0.3032066052063339,0.0,1.0,0.4916504593923948,0.2621855292447614,0.0,1.0,0.5331634363892428,0.2837003251181225,0.0,1.0,0.33579236805043255,0.27952683200710676,0.0,1.0,97,0.09771309771309772,1.972972972972973,5
33,1003,1732,14.930009970089726,12.19740777666999,46,5,0,5,691,0.7182952182952183,271,657,0.682952182952183,0.7727930535455861,534,123,0.7727930535455861,0.45387453874538747,0.682952182952183,142,514,3.619718309859155,0.04781704781704782,0.005197505197505198,0.0,0.005197505197505198,0.5406361560479851,0.3025236190241195,0.0,1.0,0.49200784742546555,0.2620720542860518,0.0,1.0,0.531373621072267,0.2827021120146795,0.0,1.0,0.3368282250024121,0.27866833552996084,0.0,1.0,97,0.10069790628115653,2.002991026919242,5
34,1036,1642,15.026962676962672,12.695945945945946,38,5,0,5,734,0.7318045862412762,269,690,0.6879361914257228,0.7615803814713896,559,131,0.7615803814713896,0.48698884758364314,0.6879361914257228,151,551,3.6490066225165565,0.03788634097706879,0.004985044865403789,0.0,0.004985044865403789,0.5466122804832482,0.30216878630219746,0.0,1.0,0.49181093535932247,0.26191285125518887,0.0,1.0,0.5304521110972723,0.2815080027413929,0.0,1.0,0.33743305517499067,0.27722887760671266,0.0,1.0,96,0.10328185328185328,2.0405405405405403,5
35,1071,1568,15.000684718331772,13.209150326797385,38,3,0,3,744,0.7181467181467182,292,698,0.6737451737451737,0.7594086021505376,565,133,0.7594086021505376,0.4554794520547945,0.6737451737451737,148,572,3.864864864864865,0.03667953667953668,0.0028957528957528956,0.0,0.0028957528957528956,0.5471521942110178,0.3010388495296614,0.0,1.0,0.49109966567272073,0.26094410572468496,0.0,1.0,0.5332369506942563,0.2808472251197405,0.0,1.0,0.3366163669768983,0.27501350593511853,0.0,1.0,96,0.10830999066293184,2.070028011204482,5
36,1100,1501,15.019030303030297,13.739090909090908,36,7,0,7,762,0.711484593837535,309,726,0.6778711484593838,0.7545931758530183,575,151,0.7545931758530183,0.4886731391585761,0.6778711484593838,153,612,4.0,0.03361344537815126,0.006535947712418301,0.0,0.006535947712418301,0.5472727272727272,0.301810334605467,0.0,1.0,0.4904692082111437,0.25905414586484016,0.0,1.0,0.5324633431085044,0.27937142347901034,0.0,1.0,0.33730205278592373,0.2733641162921621,0.0,1.0,96,0.11090909090909092,2.0945454545454547,5
37,1139,1442,14.828299678080182,14.23441615452151,39,0,0,0,803,0.73,297,735,0.6681818181818182,0.7608966376089664,611,124,0.7608966376089664,0.4175084175084175,0.6681818181818182,159,635,3.993710691823899,0.035454545454545454,0.0,0.0,0.0,0.5498881305049704,0.3006273234530442,0.0,1.0,0.48769435554674445,0.258960393626224,0.0,1.0,0.5326970460789034,0.27814635926141756,0.0,1.0,0.3371095188195644,0.2716918480953529,0.0,1.0,96,0.11237928007023705,2.1194029850746268,6
38,1173,1373,14.752713839158847,14.768115942028986,37,3,0,3,808,0.7093942054433714,331,771,0.6769095697980685,0.7747524752475248,626,145,0.7747524752475248,0.4380664652567976,0.6769095697980685,165,667,4.042424242424242,0.0324846356453029,0.0026338893766461808,0.0,0.0026338893766461808,0.5527046723317659,0.30083747208209405,0.0,1.0,0.48868355196215935,0.25900622210627217,0.0,1.0,0.5308692902125788,0.27704816318730385,0.0,1.0,0.33693589637818666,0.27088068127323245,0.0,1.0,96,0.11423699914748509,2.1406649616368285,6
39,1191,1317,14.868122026308418,15.460117548278758,23,5,0,5,824,0.7024722932651322,349,797,0.6794543904518329,0.7682038834951457,633,164,0.7682038834951457,0.4699140401146132,0.6794543904518329,157,698,4.445859872611465,0.0196078431372549,0.004262574595055414,0.0,0.004262574595055414,0.5522331464478211,0.3010835920082947,0.0,1.0,0.48739199913328457,0.2586053253760551,0.0,1.0,0.5310798732428699,0.2764947261511299,0.0,1.0,0.3378294195715176,0.2707127391595588,0.0,1.0,96,0.11586901763224182,2.1561712846347607,6
40,1229,1266,14.612964469758605,15.903173311635475,42,4,0,4,875,0.7346767422334173,316,792,0.6649874055415617,0.7668571428571429,671,121,0.7668571428571429,0.3829113924050633,0.6649874055415617,150,691,4.6066666666666665,0.03526448362720403,0.0033585222502099076,0.0,0.0033585222502099076,0.5545289902622116,0.3006417213741069,0.0,1.0,0.48667944040525996,0.2585851403054784,0.0,1.0,0.5308800755925352,0.2759139296527621,0.0,1.0,0.33531063807449013,0.2682565771786875,0.0,1.0,96,0.11879576891781937,2.1847030105777057,6
41,1251,1219,14.582440714095384,16.549960031974422,27,5,0,5,899,0.7314890154597233,330,808,0.6574450772986168,0.7385984427141268,664,144,0.7385984427141268,0.43636363636363634,0.6574450772986168,160,721,4.50625,0.021969080553295363,0.0040683482506102524,0.0,0.0040683482506102524,0.557437920631237,0.30071661105041253,0.0,1.0,0.48804827106057086,0.2580339284345696,0.0,1.0,0.5281967974007891,0.2755193306285156,0.0,1.0,0.33433898042856036,0.2678108868629914,0.0,1.0,96,0.11670663469224621,2.2006394884092724,6
42,1277,1166,14.514748107543715,17.137823022709476,31,5,0,5,889,0.7106314948041567,362,837,0.6690647482014388,0.7671541057367829,682,155,0.7671541057367829,0.4281767955801105,0.6690647482014388,167,751,4.497005988023952,0.02478017585931255,0.003996802557953637,0.0,0.003996802557953637,0.5609164624750549,0.3001379771815663,0.0,1.0,0.48672544016975267,0.2577817570562623,0.0,1.0,0.5281279207820749,0.27462274499628775,0.0,1.0,0.33604466112612724,0.2668212300605952,0.0,1.0,96,0.11981205951448708,2.216131558339859,6
43,1295,1115,14.544195624195616,17.83938223938224,23,5,0,5,917,0.7180892717306187,360,840,0.6577916992952232,0.7513631406761178,689,151,0.7513631406761178,0.41944444444444445,0.6577916992952232,167,756,4.526946107784431,0.018010963194988253,0.003915426781519186,0.0,0.003915426781519186,0.5616639681155811,0.29923710950541293,0.0,1.0,0.4874330551749907,0.25685544588418074,0.0,1.0,0.5292315356831486,0.27434970325651475,0.0,1.0,0.33740191804707936,0.2661481805203412,0.0,1.0,96,0.12355212355212356,2.227799227799228,6
44,1314,1086,14.467148655504813,18.49695585996956,25,6,0,6,918,0.7088803088803088,377,843,0.6509652509652509,0.7429193899782135,682,161,0.7429193899782135,0.4270557029177719,0.6509652509652509,162,776,4.790123456790123,0.019305019305019305,0.004633204633204633,0.0,0.004633204633204633,0.5625521677222959,0.2988386047800937,0.0,1.0,0.4877497913291108,0.25612240182721996,0.0,1.0,0.5292384740020621,0.2740873674897942,0.0,1.0,0.33726125595325773,0.26545228021,0.0,1.0,96,0.12557077625570776,2.247336377473364,6
45,1338,1038,14.401968111609358,19.13303437967115,26,2,0,2,912,0.6940639269406392,402,884,0.6727549467275494,0.7379385964912281,673,211,0.7379385964912281,0.5248756218905473,0.6727549467275494,163,799,4.901840490797546,0.0197869101978691,0.0015220700152207,0.0,0.0015220700152207,0.5639616182072424,0.2985114997261211,0.0,1.0,0.4870292685278943,0.2565595948988751,0.0,1.0,0.5300159120497613,0.2734743446986863,0.0,1.0,0.336322869955157,0.26435151053216016,0.0,1.0,96,0.12705530642750373,2.2556053811659194,6
46,1358,1005,14.314678448699059,19.782768777614137,25,5,0,5,942,0.7040358744394619,396,877,0.6554559043348281,0.7579617834394905,714,163,0.7579617834394905,0.4116161616161616,0.6554559043348281,168,812,4.833333333333333,0.01868460388639761,0.0037369207772795215,0.0,0.0037369207772795215,0.564682407715331,0.29911243433021706,0.0,1.0,0.4875053446719559,0.25691248714595005,0.0,1.0,0.5312366383201101,0.2731332370641139,0.0,1.0,0.33680934961280823,0.26433772076583256,0.0,1.0,96,0.12886597938144329,2.2650957290132547,6
47,1369,970,14.333990747504254,20.45434623813002,21,10,0,10,963,0.7091310751104566,395,890,0.6553755522827688,0.7445482866043613,717,173,0.7445482866043613,0.4379746835443038,0.6553755522827688,168,823,4.898809523809524,0.015463917525773196,0.007363770250368188,0.0,0.007363770250368188,0.5637738872263719,0.29867285543811806,0.0,1.0,0.4874997054596008,0.2570000259753577,0.0,1.0,0.5311152477673838,0.2717463024102187,0.0,1.0,0.33763755036640825,0.2638618392294547,0.0,1.0,96,0.13221329437545654,2.287070854638422,6
48,1385,927,14.31222623345366,21.056317689530687,25,9,0,9,967,0.706355003652301,402,925,0.6756756756756757,0.7631851085832472,738,187,0.7631851085832472,0.4651741293532338,0.6756756756756757,164,846,5.158536585365853,0.018261504747991233,0.006574141709276844,0.0,0.006574141709276844,0.5662978921625713,0.29955811505205354,0.0,1.0,0.4882962617910795,0.2573501452517348,0.0,1.0,0.5330150227087458,0.27150496491235476,0.0,1.0,0.33664842203330614,0.2628966991609549,0.0,1.0,95,0.1328519855595668,2.303971119133574,6
49,1398,898,14.258035288507381,21.65379113018598,24,11,0,11,1002,0.7234657039711191,383,886,0.6397111913357401,0.7455089820359282,747,139,0.7455089820359282,0.3629242819843342,0.6397111913357401,161,818,5.080745341614906,0.017328519855595668,0.007942238267148015,0.0,0.007942238267148015,0.5687849000876828,0.29879921300198714,0.0,1.0,0.487055240204901,0.2568189193969698,0.0,1.0,0.5321657667635793,0.2713034984989055,0.0,1.0,0.3379251465226822,0.2621802965347267,0.0,1.0,94,0.13376251788268956,2.321173104434907,6
50,1408,852,14.307859848484838,22.300426136363637,21,11,0,11,993,0.7103004291845494,405,954,0.6824034334763949,0.7663645518630413,761,193,0.7663645518630413,0.4765432098765432,0.6824034334763949,171,879,5.140350877192983,0.015021459227467811,0.007868383404864092,0.0,0.007868383404864092,0.5683192815249267,0.29893944697957225,0.0,1.0,0.48657441348973607,0.25657404823509455,0.0,1.0,0.5335410557184751,0.270827641380827,0.0,1.0,0.3392595307917889,0.2619946661427396,0.0,1.0,93,0.1356534090909091,2.330965909090909,6
51,1426,812,14.237914913510975,22.90883590462833,25,7,0,7,994,0.7059659090909091,414,949,0.6740056818181818,0.7645875251509054,760,189,0.7645875251509054,0.45652173913043476,0.6740056818181818,177,886,5.005649717514125,0.01775568181818182,0.004971590909090909,0.0,0.004971590909090909,0.5694702076641179,0.2978960436024741,0.0,1.0,0.48531873501334655,0.2570007137002393,0.0,1.0,0.5364430167850518,0.2703313603164064,0.0,1.0,0.34054200787223454,0.26199320742310445,0.0,1.0,93,0.13955119214586256,2.347124824684432,6
52,1424,798,14.301100187265908,23.70997191011236,15,17,0,17,1023,0.717391304347826,403,933,0.6542776998597476,0.7380254154447703,755,178,0.7380254154447703,0.44168734491315137,0.6542776998597476,162,881,5.438271604938271,0.010518934081346423,0.011921458625525946,0.0,0.011921458625525946,0.5689787966654585,0.2994306791332721,0.0,1.0,0.48550199347589706,0.2568416903804812,0.0,1.0,0.5375588981515041,0.2695808787901922,0.0,1.0,0.3400009061254078,0.2607346998085311,0.0,1.0,93,0.13974719101123595,2.3588483146067416,6
53,1435,779,14.245714285714275,24.36445993031359,19,8,0,8,997,0.7001404494382022,427,980,0.6882022471910112,0.7793380140421263,777,203,0.7793380140421263,0.47540983606557374,0.6882022471910112,167,928,5.5568862275449105,0.013342696629213483,0.0056179775280898875,0.0,0.0056179775280898875,0.5692930201191413,0.2994872860554995,0.0,1.0,0.48632123187591325,0.2573395467058553,0.0,1.0,0.5380465325390581,0.26952002716917384,0.0,1.0,0.33937282229965154,0.2602305183221547,0.0,1.0,92,0.13937282229965156,2.370731707317073,6
54,1438,757,14.286300417246165,25.077190542420027,15,12,0,12,1014,0.7066202090592334,421,989,0.689198606271777,0.777120315581854,788,201,0.777120315581854,0.47743467933491684,0.689198606271777,169,936,5.538461538461538,0.010452961672473868,0.008362369337979094,0.0,0.008362369337979094,0.5675893938714164,0.30011796239557864,0.0,1.0,0.48611422674862037,0.25716149082162604,0.0,1.0,0.5395262236977881,0.26887021289051716,0.0,1.0,0.3382834582080847,0.2586768288711092,0.0,1.0,91,0.13908205841446453,2.3845618915159945,6
55,1455,727,14.182268041237101,25.667353951890036,24,7,0,7,1019,0.7086230876216968,419,991,0.6891515994436718,0.7654563297350343,780,211,0.7654563297350343,0.5035799522673031,0.6891515994436718,176,937,5.323863636363637,0.016689847009735744,0.004867872044506259,0.0,0.004867872044506259,0.5669659682961977,0.3001768446462842,0.0,1.0,0.4838266267597828,0.2569257621784201,0.0,1.0,0.5406052544063852,0.2678986533848774,0.0,1.0,0.33792262498614345,0.2566484870776235,0.0,1.0,91,0.13883161512027492,2.3986254295532645,6
56,1460,703,14.191806642053276,26.446575342465753,15,10,0,10,1054,0.7243986254295532,401,1002,0.688659793814433,0.7628083491461101,804,198,0.7628083491461101,0.4937655860349127,0.688659793814433,166,944,5.686746987951807,0.010309278350515464,0.006872852233676976,0.0,0.006872852233676976,0.5666813963764914,0.30098790334123954,0.0,1.0,0.48316394167034904,0.2572918429211822,0.0,1.0,0.5409854175872736,0.2672659915892348,0.0,1.0,0.3376049491825011,0.25636493985990444,0.0,1.0,91,0.13767123287671232,2.4,6
57,1459,677,14.277681766550913,27.23440712816998,13,14,0,14,1041,0.713013698630137,419,1005,0.6883561643835616,0.7780979827089337,810,195,0.7780979827089337,0.46539379474940334,0.6883561643835616,169,948,5.609467455621302,0.008904109589041096,0.009589041095890411,0.0,0.009589041095890411,0.5686395896438126,0.3005557941985676,0.0,1.0,0.48360565124146015,0.2566121067014974,0.0,1.0,0.5422184881381414,0.26593125805086615,0.0,1.0,0.3391629264410002,0.2572402514939204,0.0,1.0,90,0.13845099383139137,2.4105551747772447,6
58,1465,642,14.315042796858556,27.939931740614334,15,9,0,9,1049,0.7189856065798492,410,1027,0.7039067854694997,0.7874165872259294,826,201,0.7874165872259294,0.4902439024390244,0.7039067854694997,176,968,5.5,0.01028101439342015,0.00616860863605209,0.0,0.00616860863605209,0.5684465484971926,0.3008471936194742,0.0,1.0,0.4827700099086205,0.2560311468816878,0.0,1.0,0.5443575911042607,0.26514044177391505,0.0,1.0,0.3393592425410107,0.25760949642767195,0.0,1.0,89,0.1392491467576792,2.419795221843003,6
59,1467,625,14.335676685342728,28.74505794137696,11,9,0,9,1070,0.7303754266211604,395,1022,0.6976109215017064,0.7785046728971963,833,189,0.7785046728971963,0.47848101265822784,0.6976109215017064,171,976,5.707602339181286,0.007508532423208191,0.0061433447098976105,0.0,0.0061433447098976105,0.5675616245574686,0.30090992105297026,0.0,1.0,0.4832332827583174,0.25576246736783775,0.0,1.0,0.5442751280867252,0.26511623834676235,0.0,1.0,0.33960023748268353,0.2572050025321707,0.0,1.0,89,0.13974096796182686,2.4280845262440356,6
60,1478,615,14.244206831798229,29.370094722598104,18,7,0,7,999,0.6809815950920245,468,1007,0.6864349011588275,0.7777777777777778,777,230,0.7777777777777778,0.49145299145299143,0.6864349011588275,155,952,6.141935483870967,0.012269938650306749,0.004771642808452625,0.0,0.004771642808452625,0.5687720983019774,0.3017917930720879,0.0,1.0,0.4827360426033437,0.2555287185386538,0.0,1.0,0.546357326814789,0.2640878273682071,0.0,1.0,0.3391025361211751,0.25641315569338463,0.0,1.0,89,0.13937753721244925,2.4411366711772664,6
61,1488,592,14.166938416709979,29.954973118279568,23,13,0,13,1066,0.7212449255751014,412,1040,0.7036535859269283,0.8020637898686679,855,185,0.8020637898686679,0.44902912621359226,0.7036535859269283,169,986,5.834319526627219,0.015561569688768605,0.008795669824086604,0.0,0.008795669824086604,0.5704561220950399,0.3023109942284764,0.0,1.0,0.48254856052722855,0.25564205556416897,0.0,1.0,0.5464793617759278,0.26331535298491876,0.0,1.0,0.3388397502601457,0.2561414535943331,0.0,1.0,89,0.13844086021505375,2.4475806451612905,6
62,1493,575,14.136037752219991,30.64902880107167,14,9,0,9,1093,0.7345430107526881,395,1068,0.717741935483871,0.8014638609332113,876,192,0.8014638609332113,0.4860759493670886,0.717741935483871,178,1029,5.780898876404494,0.009408602150537635,0.006048387096774193,0.0,0.006048387096774193,0.5697124214074283,0.30270247208110335,0.0,1.0,0.4821856837283668,0.2557938762242887,0.0,1.0,0.5473932113302941,0.26311229898526656,0.0,1.0,0.3387852991379124,0.25604894479321555,0.0,1.0,88,0.13797722705961152,2.4621567314132617,6
63,1506,557,14.011490281583297,31.198539176626827,22,9,0,9,1077,0.7213663764233088,416,1071,0.7173476222371065,0.8031569173630455,865,206,0.8031569173630455,0.4951923076923077,0.7173476222371065,179,1032,5.76536312849162,0.014735432016075016,0.006028131279303416,0.0,0.006028131279303416,0.5686929700552629,0.30177432788914665,0.0,1.0,0.4796084479287152,0.25523323779171886,0.0,1.0,0.5501863513687187,0.2629203475257425,0.0,1.0,0.3389452940924474,0.2547667939506983,0.0,1.0,88,0.14342629482071714,2.4721115537848606,6
64,1513,551,13.916592441549534,31.754791804362196,19,12,0,12,1064,0.7065073041168659,442,1048,0.6958831341301461,0.7791353383458647,829,219,0.7791353383458647,0.49547511312217196,0.6958831341301461,166,1008,6.072289156626506,0.012616201859229747,0.00796812749003984,0.0,0.00796812749003984,0.5685990235166194,0.3016080797119742,0.0,1.0,0.47777327676268044,0.25495959830784026,0.0,1.0,0.5511161332963777,0.26207254048593215,0.0,1.0,0.3403193825554868,0.25500079248866536,0.0,1.0,86,0.14540647719762062,2.4864507600793124,6
65,1510,545,13.949539313949964,32.586092715231786,7,10,0,10,1072,0.7085261070720423,441,1107,0.7316589557171183,0.8134328358208955,872,235,0.8134328358208955,0.5328798185941043,0.7316589557171183,171,1072,6.269005847953216,0.004626569729015202,0.006609385327164574,0.0,0.006609385327164574,0.567848750267037,0.30134935934699936,0.0,1.0,0.4766075624866481,0.25427066524307185,0.0,1.0,0.551783806878872,0.26174245370210286,0.0,1.0,0.34110232856227296,0.25440038225105266,0.0,1.0,85,0.1456953642384106,2.495364238410596,6
66,1515,545,13.86404954854271,33.26534653465347,12,7,0,7,1097,0.7264900662251655,413,1069,0.7079470198675497,0.7958067456700091,873,196,0.7958067456700091,0.4745762711864407,0.7079470198675497,175,1044,5.965714285714285,0.007947019867549669,0.004635761589403974,0.0,0.004635761589403974,0.567741935483871,0.3012808228969685,0.0,1.0,0.4755456190780369,0.2532583546176115,0.0,1.0,0.5520919833918876,0.2613361444425812,0.0,1.0,0.3425316725220909,0.25413202319513245,0.0,1.0,84,0.14587458745874587,2.504950495049505,6
67,1515,540,13.852538692150869,34.11023102310231,9,9,0,9,1091,0.7201320132013201,424,1089,0.7188118811881188,0.8047662694775435,878,211,0.8047662694775435,0.49764150943396224,0.7188118811881188,175,1059,6.051428571428572,0.005940594059405941,0.005940594059405941,0.0,0.005940594059405941,0.5669328223144895,0.30090288010600263,0.0,1.0,0.4755456190780369,0.25341018478251165,0.0,1.0,0.5537527946343022,0.26143083229068415,0.0,1.0,0.3428084743958267,0.25358928430801275,0.0,1.0,84,0.14587458745874587,2.5075907590759074,6
68,1520,545,13.76137902540037,34.88026315789474,10,5,0,5,1083,0.7148514851485148,432,1060,0.6996699669966997,0.7848568790397045,850,210,0.7848568790397045,0.4861111111111111,0.6996699669966997,172,1037,6.02906976744186,0.006600660066006601,0.0033003300330033004,0.0,0.0033003300330033004,0.5667657045840407,0.30114315658902774,0.0,1.0,0.47423599320882853,0.2532990569284204,0.0,1.0,0.5531621392190152,0.2610026058490082,0.0,1.0,0.3430178268251273,0.2530184838143771,0.0,1.0,82,0.14539473684210527,2.5151315789473685,6
69,1522,533,13.76974756649912,35.63403416557161,9,7,0,7,1041,0.6848684210526316,479,1108,0.7289473684210527,0.808837656099904,842,266,0.808837656099904,0.5553235908141962,0.7289473684210527,184,1080,5.869565217391305,0.0059210526315789476,0.004605263157894736,0.0,0.004605263157894736,0.5673773896825061,0.3009678553184146,0.0,1.0,0.4736975965410538,0.25332457153870813,0.0,1.0,0.5525624178712221,0.26075478384699546,0.0,1.0,0.3429485820863889,0.25264569962721084,0.0,1.0,82,0.145203679369251,2.521024967148489,6
70,1527,531,13.668602355082946,36.39292730844794,13,8,0,8,1154,0.7582128777923784,368,1109,0.728646517739816,0.8188908145580589,945,164,0.8188908145580589,0.44565217391304346,0.728646517739816,171,1078,6.304093567251462,0.008541392904073587,0.005256241787122208,0.0,0.005256241787122208,0.5655829477998183,0.3005082192327292,0.0,1.0,0.473625282548535,0.25336758580520824,0.0,1.0,0.554745759131335,0.26069134817293077,0.0,1.0,0.34218476033546696,0.25168513646837914,0.0,1.0,82,0.14734774066797643,2.5324165029469548,6
71,1526,521,13.671312229933372,37.163171690694625,10,11,0,11,1110,0.7269155206286837,417,1133,0.741977734119188,0.8297297297297297,921,212,0.8297297297297297,0.5083932853717026,0.741977734119188,180,1103,6.127777777777778,0.006548788474132285,0.007203667321545514,0.0,0.007203667321545514,0.5655730774108992,0.3009850064371984,0.0,1.0,0.4742950154314463,0.2526982501994387,0.0,1.0,0.5554475119435167,0.26075743795339207,0.0,1.0,0.34177482771741424,0.25059710668058033,0.0,1.0,82,0.1474442988204456,2.541939711664482,6
72,1532,515,13.587432444802099,37.804830287206265,16,10,0,10,1085,0.7110091743119266,441,1114,0.7300131061598951,0.8184331797235023,888,226,0.8184331797235023,0.5124716553287982,0.7300131061598951,176,1084,6.159090909090909,0.010484927916120577,0.00655307994757536,0.0,0.00655307994757536,0.5663901288638087,0.3007475248234456,0.0,1.0,0.47359555293523115,0.253012316150521,0.0,1.0,0.5570201297060557,0.25991643972282646,0.0,1.0,0.34258401414975154,0.2503870671719643,0.0,1.0,81,0.1475195822454308,2.558746736292428,6
73,1532,510,13.57307213148617,38.539164490861616,9,9,0,9,1089,0.7108355091383812,443,1093,0.7134464751958225,0.7961432506887053,867,226,0.7961432506887053,0.510158013544018,0.7134464751958225,169,1057,6.254437869822485,0.00587467362924282,0.00587467362924282,0.0,0.00587467362924282,0.5662427356186305,0.30084550570904184,0.0,1.0,0.4735113282237008,0.25336568381139696,0.0,1.0,0.5578202644655942,0.2594701257347872,0.0,1.0,0.3420154973469216,0.24901065787287552,0.0,1.0,81,0.1481723237597911,2.572454308093995,6
74,1532,503,13.579091667693792,39.360313315926895,7,7,0,7,1066,0.695822454308094,466,1152,0.7519582245430809,0.8189493433395872,873,279,0.8189493433395872,0.5987124463519313,0.7519582245430809,176,1121,6.369318181818182,0.0045691906005221935,0.0045691906005221935,0.0,0.0045691906005221935,0.5660532300176873,0.3012301039427463,0.0,1.0,0.4731533731996968,0.2536468710683206,0.0,1.0,0.5576728712204161,0.2592934476799499,0.0,1.0,0.34237345237092565,0.24906292509655706,0.0,1.0,80,0.1481723237597911,2.577676240208877,6
75,1527,494,13.61603535372076,40.177472167648986,11,16,0,16,1092,0.7127937336814621,440,1130,0.737597911227154,0.8315018315018315,908,222,0.8315018315018315,0.5045454545454545,0.737597911227154,172,1093,6.354651162790698,0.007180156657963447,0.010443864229765013,0.0,0.010443864229765013,0.5659420749096902,0.30058155412092324,0.0,1.0,0.4717451465027357,0.2533074353559258,0.0,1.0,0.5582947799818324,0.258624980510645,0.0,1.0,0.3428185140587701,0.24857515684154677,0.0,1.0,80,0.14931237721021612,2.5861165684348397,6
76,1530,481,13.57917056722943,40.80849673202614,14,11,0,11,1112,0.7282252783235101,415,1141,0.7472167648984938,0.8273381294964028,920,221,0.8273381294964028,0.5325301204819277,0.7472167648984938,171,1099,6.426900584795321,0.0091683038637852,0.007203667321545514,0.0,0.007203667321545514,0.5642420409023824,0.3009401403888932,0.0,1.0,0.47160025300442754,0.25248098920854317,0.0,1.0,0.559730128610584,0.2585605880842403,0.0,1.0,0.34471853257432,0.24870685908488396,0.0,1.0,80,0.15098039215686274,2.6032679738562092,6
77,1523,474,13.629846713334643,41.6973079448457,6,13,0,13,1135,0.7418300653594772,395,1164,0.7607843137254902,0.8502202643171806,965,199,0.8502202643171806,0.5037974683544304,0.7607843137254902,167,1124,6.730538922155689,0.00392156862745098,0.00849673202614379,0.0,0.00849673202614379,0.5634888695910025,0.30131910632581865,0.0,1.0,0.4717768411242666,0.25238508457702075,0.0,1.0,0.5612860864592379,0.2572975385520586,0.0,1.0,0.34407896130303095,0.24801806756035413,0.0,1.0,80,0.15167432698621142,2.6060407091267237,6
78,1516,462,13.71661630895777,42.50725593667546,6,13,0,13,1081,0.7097833223900197,442,1182,0.7760998030203545,0.8529139685476411,922,260,0.8529139685476411,0.5882352941176471,0.7760998030203545,181,1151,6.359116022099448,0.003939592908732764,0.008535784635587657,0.0,0.008535784635587657,0.563154311005192,0.3015443814226714,0.0,1.0,0.4706783556047323,0.25201768302487665,0.0,1.0,0.562898970125117,0.25607957310718343,0.0,1.0,0.3441569495276194,0.24776195528476375,0.0,1.0,79,0.15237467018469658,2.6174142480211082,6
79,1515,450,13.723863202792018,43.21056105610561,10,11,0,11,1120,0.7387862796833773,396,1151,0.7592348284960422,0.8339285714285715,934,217,0.8339285714285715,0.547979797979798,0.7592348284960422,186,1125,6.048387096774194,0.006596306068601583,0.007255936675461741,0.0,0.007255936675461741,0.563781539444267,0.30165033560255367,0.0,1.0,0.4708825721281806,0.2528271772874152,0.0,1.0,0.5642073884807836,0.2553145979978334,0.0,1.0,0.34342595549877564,0.2469867178490848,0.0,1.0,79,0.15247524752475247,2.61980198019802,6
80,1516,440,13.70287652162363,43.96437994722955,8,7,0,7,1152,0.7603960396039604,363,1164,0.7683168316831683,0.8428819444444444,971,193,0.8428819444444444,0.5316804407713499,0.7683168316831683,176,1130,6.420454545454546,0.005280528052805281,0.0046204620462046205,0.0,0.0046204620462046205,0.5626010724316963,0.3016983995712311,0.0,1.0,0.4698059409311431,0.25254327764496914,0.0,1.0,0.5639841688654353,0.2550070332587604,0.0,1.0,0.3437313813941612,0.24678831089972544,0.0,1.0,79,0.1536939313984169,2.62467018469657,6
81,1524,437,13.60158534816255,44.55249343832021,14,6,0,6,1071,0.7064643799472295,445,1166,0.7691292875989446,0.8580765639589168,919,247,0.8580765639589168,0.5550561797752809,0.7691292875989446,179,1142,6.379888268156424,0.009234828496042216,0.00395778364116095,0.0,0.00395778364116095,0.5633096266192532,0.30172265370914986,0.0,1.0,0.4705359410718822,0.2531002269727219,0.0,1.0,0.5648759630852596,0.25414108924667583,0.0,1.0,0.3432816865633731,0.24630073372937758,0.0,1.0,79,0.1541994750656168,2.6318897637795278,6
82,1520,430,13.630484926636056,45.38618421052632,6,10,0,10,1123,0.7368766404199475,401,1186,0.7782152230971129,0.8468388245770259,951,235,0.8468388245770259,0.5860349127182045,0.7782152230971129,182,1161,6.3791208791208796,0.003937007874015748,0.006561679790026247,0.0,0.006561679790026247,0.561820882852292,0.30208826110604814,0.0,1.0,0.46933361629881154,0.2532610836734303,0.0,1.0,0.5657894736842105,0.2539539340527936,0.0,1.0,0.3428692699490662,0.24567111217705112,0.0,1.0,77,0.15526315789473685,2.6342105263157896,6
83,1511,426,13.681299810394595,46.02183984116479,8,17,0,17,1156,0.7605263157894737,364,1202,0.7907894736842105,0.8624567474048442,997,205,0.8624567474048442,0.5631868131868132,0.7907894736842105,176,1174,6.670454545454546,0.005263157894736842,0.01118421052631579,0.0,0.01118421052631579,0.5606840161397068,0.30339435418789273,0.0,1.0,0.46931107363207447,0.25339243180774934,0.0,1.0,0.5671313592792638,0.25376401498119033,0.0,1.0,0.3412181635746462,0.24389570858020518,0.0,1.0,73,0.15684976836532097,2.6512243547319656,6
84,1515,430,13.570569252699745,46.561716171617164,15,11,0,11,1138,0.7531436135009927,373,1199,0.7935142289874255,0.867311072056239,987,212,0.867311072056239,0.5683646112600537,0.7935142289874255,172,1175,6.8313953488372094,0.009927200529450696,0.00727994705493051,0.0,0.00727994705493051,0.5600766528265729,0.3032129575953834,0.0,1.0,0.4704354306398382,0.25293826285025633,0.0,1.0,0.5692111146598531,0.25296333918417,0.0,1.0,0.3418077291600128,0.24301759666080006,0.0,1.0,72,0.1603960396039604,2.6673267326732675,6
85,1514,420,13.581698070675783,47.46829590488772,5,6,0,6,1138,0.7511551155115511,377,1202,0.7933993399339934,0.8655536028119508,985,217,0.8655536028119508,0.5755968169761273,0.7933993399339934,184,1176,6.391304347826087,0.0033003300330033004,0.0039603960396039604,0.0,0.0039603960396039604,0.5594664848510674,0.30292006277746425,0.0,1.0,0.47066092811181665,0.25295103136742836,0.0,1.0,0.569011803809605,0.2528463867231337,0.0,1.0,0.34265138279285806,0.24330007392097153,0.0,1.0,72,0.16050198150594452,2.666446499339498,6
86,1508,423,13.594751810677034,48.271883289124666,5,11,0,11,1144,0.7556142668428005,370,1187,0.7840158520475562,0.8697552447552448,995,192,0.8697552447552448,0.518918918918919,0.7840158520475562,175,1165,6.6571428571428575,0.0033025099075297227,0.00726552179656539,0.0,0.00726552179656539,0.5590827415076581,0.30317498366461343,0.0,1.0,0.4702661076409686,0.252285345658722,0.0,1.0,0.570869342003936,0.2516921289818265,0.0,1.0,0.34215367502353045,0.24299532697628315,0.0,1.0,68,0.16246684350132626,2.6757294429708223,6
87,1505,425,13.597469962380416,49.009302325581395,9,12,0,12,1064,0.7055702917771883,444,1180,0.7824933687002652,0.8590225563909775,914,266,0.8590225563909775,0.5990990990990991,0.7824933687002652,176,1158,6.579545454545454,0.005968169761273209,0.007957559681697613,0.0,0.007957559681697613,0.5584824777622978,0.3036197949601605,0.0,1.0,0.4694030650519773,0.2531990421629772,0.0,1.0,0.5707855535312399,0.2516997258804504,0.0,1.0,0.3423427285392777,0.24370220522957806,0.0,1.0,67,0.16146179401993355,2.6817275747508305,6
88,1502,413,13.655279999158664,49.832223701731024,6,9,0,9,1069,0.7102990033222591,436,1196,0.7946843853820598,0.8737137511693172,934,262,0.8737137511693172,0.6009174311926605,0.7946843853820598,181,1165,6.43646408839779,0.003986710963455149,0.005980066445182724,0.0,0.005980066445182724,0.5588462694901422,0.3036988144419155,0.0,1.0,0.4690949701473305,0.2534389281681338,0.0,1.0,0.5710450582019673,0.2514755954812775,0.0,1.0,0.3416734676345518,0.24306299259457037,0.0,1.0,67,0.1617842876165113,2.68508655126498,6
89,1504,414,13.626760340558752,50.64561170212766,6,4,0,4,1062,0.7070572569906791,440,1226,0.8162450066577897,0.8804143126177024,935,291,0.8804143126177024,0.6613636363636364,0.8162450066577897,179,1206,6.737430167597766,0.0039946737683089215,0.002663115845539281,0.0,0.002663115845539281,0.5584891901166781,0.30355426413226005,0.0,1.0,0.46885724090597114,0.25389154915963935,0.0,1.0,0.5719586479066575,0.2512614862342519,0.0,1.0,0.34057566918325327,0.24223409765872733,0.0,1.0,67,0.1622340425531915,2.6888297872340425,6
90,1499,416,13.638518989408738,51.505003335557035,7,12,0,12,1117,0.742686170212766,387,1221,0.8118351063829787,0.8800358102059087,983,238,0.8800358102059087,0.6149870801033591,0.8118351063829787,175,1198,6.845714285714286,0.004654255319148936,0.007978723404255319,0.0,0.007978723404255319,0.5578127353719684,0.3034550864508695,0.0,1.0,0.4686350039811487,0.2540926143213698,0.0,1.0,0.5720157524371087,0.2511359380225998,0.0,1.0,0.3404635348296714,0.24265113101351374,0.0,1.0,67,0.16144096064042696,2.6937958639092727,6
91,1502,415,13.597995581190476,52.20106524633822,9,6,0,6,1064,0.7098065376917946,435,1203,0.8025350233488993,0.8787593984962406,935,268,0.8787593984962406,0.6160919540229886,0.8025350233488993,176,1178,6.693181818181818,0.00600400266844563,0.004002668445630421,0.0,0.004002668445630421,0.5572999441604742,0.30305167629608476,0.0,1.0,0.4683003307418066,0.2542415955098525,0.0,1.0,0.5714531162750741,0.25125244146355435,0.0,1.0,0.34148017696834326,0.2430196642556736,0.0,1.0,66,0.1617842876165113,2.6990679094540613,6
92,1504,413,13.543493126891027,52.861037234042556,11,9,0,9,1123,0.7476697736351531,379,1182,0.7869507323568575,0.8691006233303651,976,206,0.8691006233303651,0.5435356200527705,0.7869507323568575,171,1151,6.730994152046784,0.007323568575233023,0.005992010652463382,0.0,0.005992010652463382,0.5567947838023335,0.3030801860085089,0.0,1.0,0.4682566918325326,0.2546064435882004,0.0,1.0,0.5724734042553191,0.25108318513784383,0.0,1.0,0.3415408373369938,0.24331341601366233,0.0,1.0,66,0.1622340425531915,2.703457446808511,6
93,1495,407,13.606623072792956,53.58996655518395,6,15,0,15,1159,0.7706117021276596,345,1209,0.8038563829787234,0.8705780845556514,1009,200,0.8705780845556514,0.5797101449275363,0.8038563829787234,178,1181,6.634831460674158,0.003989361702127659,0.00997340425531915,0.0,0.00997340425531915,0.5562628115222785,0.3033310191875163,0.0,1.0,0.46637177689071097,0.2544534450562086,0.0,1.0,0.571712158808933,0.2514877705809088,0.0,1.0,0.34061926852950697,0.24264614729349385,0.0,1.0,63,0.16321070234113713,2.716387959866221,6
94,1496,404,13.580735964180867,54.28475935828877,8,7,0,7,1105,0.7391304347826086,390,1223,0.8180602006688963,0.8769230769230769,969,254,0.8769230769230769,0.6512820512820513,0.8180602006688963,175,1195,6.828571428571428,0.005351170568561873,0.0046822742474916385,0.0,0.0046822742474916385,0.5550284629981025,0.30320519282764014,0.0,1.0,0.46506813869242714,0.2541176011320218,0.0,1.0,0.5727747110574435,0.2511581595034605,0.0,1.0,0.3406287735035363,0.24237023960508242,0.0,1.0,62,0.16377005347593582,2.7212566844919786,6
95,1500,404,13.516265032837802,54.952,10,6,0,6,1090,0.7286096256684492,406,1212,0.8101604278074866,0.8752293577981651,954,258,0.8752293577981651,0.6354679802955665,0.8101604278074866,172,1184,6.883720930232558,0.0066844919786096255,0.004010695187165776,0.0,0.004010695187165776,0.5531612903225807,0.30377112255964134,0.0,1.0,0.46359139784946235,0.25418067667499616,0.0,1.0,0.5726236559139785,0.2508207095256973,0.0,1.0,0.34040860215053764,0.242167400432739,0.0,1.0,62,0.16333333333333333,2.728666666666667,6
96,1502,405,13.46293610291545,55.460719041278296,12,10,0,10,1082,0.7213333333333334,418,1219,0.8126666666666666,0.8650646950092421,936,283,0.8650646950092421,0.6770334928229665,0.8126666666666666,169,1189,7.035502958579881,0.008,0.006666666666666667,0.0,0.006666666666666667,0.5527683518749195,0.304101402108604,0.0,1.0,0.4625660409776212,0.2557735587935002,0.0,1.0,0.5718611743481808,0.25127668851878565,0.0,1.0,0.3398694214166058,0.24157448919132157,0.0,1.0,61,0.16311584553928096,2.7383488681757657,6
97,1505,400,13.421469196584358,56.27906976744186,7,4,0,4,1125,0.7490013315579228,377,1271,0.8462050599201065,0.8995555555555556,1012,259,0.8995555555555556,0.6870026525198939,0.8462050599201065,181,1247,6.889502762430939,0.004660452729693742,0.002663115845539281,0.0,0.002663115845539281,0.553402636373379,0.30421587110349213,0.0,1.0,0.46301575393848465,0.2563224128719324,0.0,1.0,0.570356874933019,0.2517787009138388,0.0,1.0,0.33959918551066337,0.24162500085659877,0.0,1.0,61,0.16146179401993355,2.742857142857143,6
98,1503,397,13.425972248475762,56.92215568862275,9,11,0,11,1084,0.720265780730897,421,1194,0.7933554817275748,0.8597785977859779,932,262,0.8597785977859779,0.6223277909738717,0.7933554817275748,178,1169,6.567415730337078,0.005980066445182724,0.007308970099667774,0.0,0.007308970099667774,0.5524220376451398,0.3040846913669679,0.0,1.0,0.460734445088318,0.25641039383590036,0.0,1.0,0.5705792715643981,0.2516763635844259,0.0,1.0,0.33837700942201615,0.24016023604836784,0.0,1.0,59,0.16167664670658682,2.75249500998004,6
99,1499,396,13.443464530385265,57.6444296197465,5,9,0,9,1118,0.7438456420492349,385,1236,0.8223552894211577,0.8801431127012522,984,252,0.8801431127012522,0.6545454545454545,0.8223552894211577,176,1211,6.880681818181818,0.00332667997338656,0.005988023952095809,0.0,0.005988023952095809,0.552432804665476,0.30388074285530586,0.0,1.0,0.4606296670898879,0.25641551915450866,0.0,1.0,0.5697561815403818,0.25172880088509153,0.0,1.0,0.3375798919709914,0.2399072287007441,0.0,1.0,57,0.16210807204803201,2.7665110073382255,6
100,1498,398,13.411318227724486,58.192923898531376,9,10,0,10,1119,0.7464976651100734,380,1219,0.8132088058705804,0.8909740840035746,997,222,0.8909740840035746,0.5842105263157895,0.8132088058705804,176,1197,6.801136363636363,0.00600400266844563,0.0066711140760507,0.0,0.0066711140760507,0.5521770963435118,0.30397404249394694,0.0,1.0,0.4587622205952022,0.25713474788305474,0.0,1.0,0.56813385589388,0.25210844315165304,0.0,1.0,0.337589904819329,0.23944799139591505,0.0,1.0,57,0.16154873164218958,2.7823765020026703,6
101,1501,402,13.338919118829772,58.86675549633578,10,7,0,7,1101,0.7349799732977303,397,1214,0.8104138851802403,0.8828337874659401,972,242,0.8828337874659401,0.6095717884130982,0.8104138851802403,172,1190,6.9186046511627906,0.006675567423230975,0.004672897196261682,0.0,0.004672897196261682,0.5500204164965292,0.30399278924194095,0.0,1.0,0.45685671917646303,0.25787685222745704,0.0,1.0,0.5673636930218564,0.2530535198502889,0.0,1.0,0.33622746126238423,0.23880491956305663,0.0,1.0,56,0.16122584943371085,2.7881412391738842,6
102,1498,394,13.344224893339394,59.583444592790386,9,12,0,12,1160,0.7728181212524984,341,1244,0.8287808127914723,0.8939655172413793,1037,207,0.8939655172413793,0.6070381231671554,0.8287808127914723,175,1211,6.92,0.005996002664890073,0.007994670219853431,0.0,0.007994670219853431,0.5495284034626815,0.3040423664466865,0.0,1.0,0.4549291528489599,0.25780081522498277,0.0,1.0,0.5658297084284423,0.25329370656566774,0.0,1.0,0.3349627460269607,0.2371942933811452,0.0,1.0,55,0.16221628838451269,2.800400534045394,6
103,1498,394,13.32169534468063,60.23297730307076,8,8,0,8,1093,0.7296395193591455,405,1234,0.8237650200267023,0.8947849954254345,978,256,0.8947849954254345,0.6320987654320988,0.8237650200267023,172,1206,7.011627906976744,0.0053404539385847796,0.0053404539385847796,0.0,0.0053404539385847796,0.5495499375511435,0.30394745465548606,0.0,1.0,0.4530341530643008,0.25768886604138436,0.0,1.0,0.565657435720746,0.2532726008225308,0.0,1.0,0.3348766096731125,0.23667398357617736,0.0,1.0,53,0.16221628838451269,2.8097463284379174,6
104,1498,396,13.268023363431327,60.90587449933244,9,9,0,9,1156,0.7716955941255007,342,1271,0.8484646194926568,0.9091695501730104,1051,220,0.9091695501730104,0.6432748538011696,0.8484646194926568,182,1255,6.895604395604396,0.006008010680907877,0.006008010680907877,0.0,0.006008010680907877,0.5494638011972953,0.3038494830808912,0.0,1.0,0.4536801757181619,0.2580831529365138,0.0,1.0,0.5661096515784486,0.25341548153938986,0.0,1.0,0.33494121193849863,0.23688038394972716,0.0,1.0,52,0.16221628838451269,2.8130841121495327,6
105,1490,397,13.316992215278155,61.84295302013423,2,10,0,10,1143,0.7630173564753004,355,1254,0.8371161548731643,0.9002624671916011,1029,225,0.9002624671916011,0.6338028169014085,0.8371161548731643,178,1233,6.926966292134831,0.0013351134846461949,0.006675567423230975,0.0,0.006675567423230975,0.5500541242693224,0.3035740985505474,0.0,1.0,0.45427581727646676,0.25797363401432294,0.0,1.0,0.5667893483437974,0.25328313124516355,0.0,1.0,0.33500757739770515,0.2365945436761583,0.0,1.0,51,0.16375838926174496,2.8187919463087248,6
106,1490,407,13.241032954887263,62.459060402684564,8,8,0,8,1156,0.7758389261744967,334,1245,0.8355704697986577,0.893598615916955,1033,212,0.893598615916955,0.6347305389221557,0.8355704697986577,178,1233,6.926966292134831,0.005369127516778523,0.005369127516778523,0.0,0.005369127516778523,0.5490149382983329,0.30363553314772185,0.0,1.0,0.45293353539727216,0.25740403502329084,0.0,1.0,0.5680017319766183,0.25326383310854444,0.0,1.0,0.3339034423035289,0.23576148122231427,0.0,1.0,50,0.16308724832214766,2.8288590604026846,6
107,1495,409,13.13942479869502,62.904347826086955,14,9,0,9,1122,0.7530201342281879,368,1242,0.8335570469798658,0.8859180035650623,994,248,0.8859180035650623,0.6739130434782609,0.8335570469798658,174,1218,7.0,0.009395973154362415,0.006040268456375839,0.0,0.006040268456375839,0.5468551084259359,0.304212885648684,0.0,1.0,0.45066350199590033,0.25920653692762846,0.0,1.0,0.5660589060308555,0.2543375421565869,0.0,1.0,0.3319451936562736,0.2343868727819701,0.0,1.0,50,0.1625418060200669,2.8441471571906356,6
108,1498,413,13.070468409437137,63.58144192256342,7,4,0,4,1122,0.7505016722408027,373,1285,0.8595317725752508,0.8975044563279857,1007,278,0.8975044563279857,0.7453083109919572,0.8595317725752508,178,1267,7.117977528089888,0.0046822742474916385,0.0026755852842809363,0.0,0.0026755852842809363,0.5470950514664714,0.30429183641636726,0.0,1.0,0.449524096644989,0.2594132234776165,0.0,1.0,0.5652698221284292,0.25460895765394753,0.0,1.0,0.3310220078384082,0.23386323845177998,0.0,1.0,48,0.1628838451268358,2.850467289719626,6
109,1496,413,13.066775225798281,64.4451871657754,4,6,0,6,1126,0.7516688918558078,372,1304,0.8704939919893191,0.9280639431616341,1045,259,0.9280639431616341,0.696236559139785,0.8704939919893191,184,1288,7.0,0.0026702269692923898,0.004005340453938585,0.0,0.004005340453938585,0.5459720545109539,0.30403568977223117,0.0,1.0,0.4483784716232534,0.25990288777601134,0.0,1.0,0.5650336380886666,0.2553326145732785,0.0,1.0,0.3304510953941694,0.23369013527168359,0.0,1.0,48,0.16377005347593582,2.854946524064171,6
110,1502,418,12.949109599254504,65.01464713715046,11,5,0,5,1141,0.7627005347593583,355,1262,0.8435828877005348,0.8974583698510079,1024,238,0.8974583698510079,0.6704225352112676,0.8435828877005348,173,1240,7.167630057803469,0.007352941176470588,0.0033422459893048127,0.0,0.0033422459893048127,0.5468622481852154,0.30397761570865206,0.0,1.0,0.4474893690133585,0.25950675220912756,0.0,1.0,0.5652463382157124,0.25543461826344316,0.0,1.0,0.3296679695889352,0.23362885386628002,0.0,1.0,47,0.1644474034620506,2.862849533954727,6
111,1501,428,12.912445302181663,65.78081279147236,6,7,0,7,1079,0.7183754993342211,423,1274,0.848202396804261,0.8952734012974977,966,308,0.8952734012974977,0.7281323877068558,0.848202396804261,175,1259,7.194285714285714,0.0039946737683089215,0.004660452729693742,0.0,0.004660452729693742,0.5464314113171864,0.3039874654650589,0.0,1.0,0.4465195246179966,0.2595372578167039,0.0,1.0,0.5652145881240463,0.2557743504303742,0.0,1.0,0.32978014656895405,0.23316428322314972,0.0,1.0,47,0.16455696202531644,2.8634243837441704,6
112,1499,432,12.878744246847367,66.55036691127418,8,10,0,10,1135,0.7561625582944703,366,1244,0.8287808127914723,0.9013215859030838,1023,221,0.9013215859030838,0.6038251366120219,0.8287808127914723,182,1230,6.758241758241758,0.005329780146568954,0.006662225183211193,0.0,0.006662225183211193,0.5464503217198562,0.30397687201019763,0.0,1.0,0.4460177752910543,0.25968003347854257,0.0,1.0,0.5643977705567153,0.25586107917294115,0.0,1.0,0.329230239514515,0.2329491696620107,0.0,1.0,47,0.1627751834556371,2.868579052701801,7
113,1498,441,12.835948548994274,67.45660881174899,4,5,0,5,1127,0.7518345563709139,372,1254,0.8365577051367579,0.9121561668145519,1028,226,0.9121561668145519,0.6075268817204301,0.8365577051367579,176,1239,7.0397727272727275,0.00266844563042028,0.00333555703802535,0.0,0.00333555703802535,0.5460829493087558,0.30341597659951547,0.0,1.0,0.4460786424910634,0.25976670165092536,0.0,1.0,0.5650329471553469,0.2553968066021093,0.0,1.0,0.3292777466729833,0.2325630998089872,0.0,1.0,47,0.16355140186915887,2.870493991989319,7
114,1491,448,12.846352174281908,68.49295774647888,3,10,0,10,1155,0.7710280373831776,343,1246,0.8317757009345794,0.9047619047619048,1045,201,0.9047619047619048,0.5860058309037901,0.8317757009345794,177,1230,6.9491525423728815,0.0020026702269692926,0.006675567423230975,0.0,0.006675567423230975,0.546569741026806,0.303658785230445,0.0,1.0,0.44590121373401703,0.2603521090351511,0.0,1.0,0.5641375132515524,0.2558980487751818,0.0,1.0,0.32785963090370174,0.23231609628868077,0.0,1.0,47,0.1636485580147552,2.8759221998658617,7
115,1487,457,12.820720808496736,69.26160053799596,5,9,0,9,1147,0.7692823608316566,344,1250,0.8383635144198525,0.8884045335658239,1019,231,0.8884045335658239,0.6715116279069767,0.8383635144198525,173,1232,7.121387283236994,0.00335345405767941,0.006036217303822937,0.0,0.006036217303822937,0.5456537301776688,0.30393117896523225,0.0,1.0,0.4452784346052888,0.2604138732134601,0.0,1.0,0.5655682582380632,0.2557357561814796,0.0,1.0,0.32783044449747273,0.23194531252450035,0.0,1.0,46,0.16341627437794218,2.8776059179556155,7
116,1489,461,12.749536453163012,69.95567494963062,7,5,0,5,1160,0.7800941492938803,327,1279,0.8601210490921318,0.9163793103448276,1063,216,0.9163793103448276,0.6605504587155964,0.8601210490921318,180,1263,7.016666666666667,0.004707464694014795,0.0033624747814391394,0.0,0.0033624747814391394,0.5450291384128771,0.3039288777604184,0.0,1.0,0.44487532225568144,0.2604260047101909,0.0,1.0,0.5661517797179315,0.25544394786115565,0.0,1.0,0.32769340756948806,0.23181960412450744,0.0,1.0,46,0.1638683680322364,2.8824714573539287,7
117,1490,463,12.702991685367733,70.74765100671141,5,4,0,4,1150,0.7723304231027536,339,1306,0.8770987239758227,0.9217391304347826,1060,246,0.9217391304347826,0.7256637168141593,0.8770987239758227,189,1297,6.862433862433862,0.0033579583613163196,0.002686366689053056,0.0,0.002686366689053056,0.5447066464602728,0.3041505019421126,0.0,1.0,0.4441221043515913,0.260423905020548,0.0,1.0,0.565771812080537,0.25543453423127177,0.0,1.0,0.3272786317384715,0.23147162541151065,0.0,1.0,46,0.1644295302013423,2.8885906040268456,7
118,1485,473,12.705488771321711,71.42356902356903,4,9,0,9,1091,0.7322147651006712,399,1260,0.8456375838926175,0.8918423464711274,973,287,0.8918423464711274,0.7192982456140351,0.8456375838926175,178,1248,7.01123595505618,0.0026845637583892616,0.006040268456375839,0.0,0.006040268456375839,0.5444987509503639,0.30399992647993507,0.0,1.0,0.4433148691213208,0.2601842651082161,0.0,1.0,0.5657651786684045,0.2553608557242113,0.0,1.0,0.32699033344194633,0.23099479323078229,0.0,1.0,45,0.16430976430976432,2.8976430976430976,7
119,1482,483,12.67466836543094,72.30566801619433,3,6,0,6,1149,0.7737373737373737,336,1218,0.8202020202020202,0.8990426457789382,1033,185,0.8990426457789382,0.5505952380952381,0.8202020202020202,173,1201,6.942196531791907,0.00202020202020202,0.00404040404040404,0.0,0.00404040404040404,0.5440337817247834,0.30461832053625276,0.0,1.0,0.443232771755692,0.260379056126369,0.0,1.0,0.5656915240955989,0.2554399047333604,0.0,1.0,0.3266727613077358,0.23096247039247375,0.0,1.0,44,0.16194331983805668,2.900134952766532,7
120,1484,483,12.618186365428725,72.87870619946092,10,8,0,8,1132,0.7638326585695007,350,1275,0.8603238866396761,0.9037102473498233,1023,252,0.9037102473498233,0.72,0.8603238866396761,181,1256,6.939226519337017,0.006747638326585695,0.005398110661268556,0.0,0.005398110661268556,0.5433223197982784,0.30477602995762293,0.0,1.0,0.4422876271628554,0.26164665508769785,0.0,1.0,0.5641031214676985,0.2561291066390358,0.0,1.0,0.32610207808016695,0.231353233427528,0.0,1.0,44,0.1610512129380054,2.9076819407008085,7
121,1483,490,12.58340544843197,73.73904248145651,3,4,0,4,1139,0.7675202156334232,345,1260,0.8490566037735849,0.9078138718173837,1034,226,0.9078138718173837,0.6550724637681159,0.8490566037735849,177,1244,7.028248587570621,0.0020215633423180594,0.0026954177897574125,0.0,0.0026954177897574125,0.5429056185152155,0.30472080216737174,0.0,1.0,0.44175929349835774,0.2617075664761536,0.0,1.0,0.5643312379005068,0.2559824834673318,0.0,1.0,0.3263654753877276,0.23148165093245227,0.0,1.0,42,0.16115981119352663,2.9096426163182736,7
122,1476,502,12.60717039327764,74.71680216802169,2,9,0,9,1080,0.7282535401213756,403,1265,0.8530006743088334,0.912962962962963,986,279,0.912962962962963,0.6923076923076923,0.8530006743088334,173,1250,7.22543352601156,0.0013486176668914363,0.006068779501011463,0.0,0.006068779501011463,0.5427703470583093,0.30458855899994514,0.0,1.0,0.4404449689658187,0.2611847072492197,0.0,1.0,0.5643412885741761,0.2558489514003359,0.0,1.0,0.32743246787306585,0.2316391816136255,0.0,1.0,41,0.16124661246612465,2.9098915989159893,7
123,1470,509,12.632065530721572,75.66054421768708,2,8,0,8,1106,0.7493224932249323,370,1253,0.8489159891598916,0.9041591320072333,1000,253,0.9041591320072333,0.6837837837837838,0.8489159891598916,176,1236,7.0227272727272725,0.0013550135501355014,0.005420054200542005,0.0,0.005420054200542005,0.5423085363177529,0.3047250525124537,0.0,1.0,0.4394338380513496,0.26165142080006354,0.0,1.0,0.5637261356155365,0.2561104126316969,0.0,1.0,0.32650866798332234,0.2312109184705772,0.0,1.0,41,0.16054421768707483,2.914285714285714,7
124,1467,517,12.604095039350469,76.43490115882754,6,9,0,9,1141,0.7761904761904762,329,1283,0.8727891156462585,0.9255039439088519,1056,227,0.9255039439088519,0.6899696048632219,0.8727891156462585,174,1265,7.2701149425287355,0.004081632653061225,0.006122448979591836,0.0,0.006122448979591836,0.5414165402291268,0.30530109984289305,0.0,1.0,0.4383094751192911,0.26181593724207763,0.0,1.0,0.5619324053917365,0.25647549736925757,0.0,1.0,0.32638476592563276,0.2312807265924382,0.0,1.0,40,0.15950920245398773,2.9209270620313563,7
125,1467,524,12.584284500333645,77.32583503749147,2,2,0,2,1090,0.7430129516019086,377,1241,0.8459441036128152,0.9018348623853211,983,258,0.9018348623853211,0.6843501326259946,0.8459441036128152,177,1225,6.9209039548022595,0.0013633265167007499,0.0013633265167007499,0.0,0.0013633265167007499,0.541130681443367,0.30521427079440394,0.0,1.0,0.4377597466851375,0.2616857977065371,0.0,1.0,0.5617345031554412,0.2565978533955478,0.0,1.0,0.326428744200365,0.230856370296428,0.0,1.0,40,0.15950920245398773,2.9209270620313563,7
126,1465,528,12.586159693104056,78.18976109215016,5,7,0,7,1077,0.7341513292433538,390,1264,0.8616223585548739,0.9155060352831941,986,278,0.9155060352831941,0.7128205128205128,0.8616223585548739,184,1252,6.804347826086956,0.0034083162917518746,0.004771642808452625,0.0,0.004771642808452625,0.5399977980843333,0.30523660236487066,0.0,1.0,0.4365958383793901,0.26159713192316586,0.0,1.0,0.5611141693273147,0.2567233069846755,0.0,1.0,0.32700649565121653,0.23096976935826816,0.0,1.0,40,0.1597269624573379,2.9215017064846416,7
127,1463,537,12.553761062802058,79.02665755297335,4,6,0,6,1140,0.7781569965870307,325,1280,0.8737201365187713,0.9324561403508772,1063,217,0.9324561403508772,0.6676923076923077,0.8737201365187713,178,1267,7.117977528089888,0.0027303754266211604,0.004095563139931741,0.0,0.004095563139931741,0.5393028024606972,0.3051377071856349,0.0,1.0,0.4356712896611029,0.2611736132237848,0.0,1.0,0.561065420148612,0.25656218396493163,0.0,1.0,0.32736533415650565,0.23066458216401473,0.0,1.0,40,0.16062884483937115,2.9179767600820234,7
128,1463,547,12.515775097694249,79.93916609706083,3,3,0,3,1105,0.7552973342447027,358,1263,0.8632946001367054,0.918552036199095,1015,248,0.918552036199095,0.6927374301675978,0.8632946001367054,176,1249,7.096590909090909,0.002050580997949419,0.002050580997949419,0.0,0.002050580997949419,0.5385751769452958,0.3053330604333488,0.0,1.0,0.43520825524221113,0.2613885909818624,0.0,1.0,0.5613079619870791,0.256629085550985,0.0,1.0,0.3275417282208454,0.2306546884479107,0.0,1.0,40,0.16062884483937115,2.9193438140806562,7
129,1457,550,12.543129657910233,80.67192862045299,6,12,0,12,1108,0.7573479152426521,355,1263,0.8632946001367054,0.9205776173285198,1020,243,0.9205776173285198,0.6845070422535211,0.8632946001367054,175,1241,7.091428571428572,0.004101161995898838,0.008202323991797676,0.0,0.008202323991797676,0.536652866030509,0.3044465715070351,0.0,1.0,0.43332521531206414,0.26086077417777637,0.0,1.0,0.5619368122744481,0.2569564277798122,0.0,1.0,0.3280270994310005,0.23089117619036964,0.0,1.0,40,0.16060398078242966,2.9203843514070007,7
130,1458,551,12.520399180852614,81.48148148148148,3,2,0,2,1128,0.7741935483870968,329,1264,0.8675360329444063,0.9219858156028369,1040,224,0.9219858156028369,0.6808510638297872,0.8675360329444063,182,1247,6.851648351648351,0.002059025394646534,0.0013726835964310226,0.0,0.0013726835964310226,0.5368600380547812,0.304421424625154,0.0,1.0,0.4331165095800699,0.2607342428511363,0.0,1.0,0.5616398955706005,0.2567793299962899,0.0,1.0,0.32844373644851543,0.23082492113064954,0.0,1.0,39,0.16117969821673525,2.921810699588477,7
131,1459,559,12.484239762240486,82.1898560657985,6,5,0,5,1068,0.7325102880658436,390,1272,0.8724279835390947,0.9297752808988764,993,279,0.9297752808988764,0.7153846153846154,0.8724279835390947,175,1255,7.171428571428572,0.00411522633744856,0.003429355281207133,0.0,0.003429355281207133,0.5361604280439541,0.30452392332837785,0.0,1.0,0.43202370160737585,0.2600906046498218,0.0,1.0,0.5611001790886379,0.2567933789862596,0.0,1.0,0.32826284021313756,0.23071936754988576,0.0,1.0,39,0.16038382453735436,2.925976696367375,7
132,1455,565,12.480219208195079,82.94707903780069,4,8,0,8,1141,0.7820424948594928,318,1286,0.8814256339958876,0.9263803680981595,1057,229,0.9263803680981595,0.720125786163522,0.8814256339958876,180,1272,7.066666666666666,0.0027416038382453737,0.0054832076764907475,0.0,0.0054832076764907475,0.5348187562354506,0.3047488929869375,0.0,1.0,0.43163729076599044,0.25924662905922363,0.0,1.0,0.562398847134464,0.2565545585367335,0.0,1.0,0.32761334663562797,0.2294924343700772,0.0,1.0,38,0.16082474226804125,2.9319587628865977,7
133,1451,570,12.499653944656655,83.88490696071675,2,6,0,6,1103,0.7580756013745704,352,1269,0.8721649484536083,0.9174977334542158,1012,257,0.9174977334542158,0.7301136363636364,0.8721649484536083,177,1251,7.067796610169491,0.0013745704467353953,0.004123711340206186,0.0,0.004123711340206186,0.5353593739578933,0.30438599071821043,0.0,1.0,0.4311820546452947,0.2589563322978211,0.0,1.0,0.5623485471643583,0.2562716988514963,0.0,1.0,0.3272270514217114,0.22896333899761226,0.0,1.0,37,0.16195727084769124,2.933838731909028,7
134,1450,576,12.485585544559298,84.75793103448275,3,4,0,4,1106,0.7622329427980703,345,1269,0.8745692625775328,0.9285714285714286,1027,242,0.9285714285714286,0.7014492753623188,0.8745692625775328,182,1257,6.906593406593407,0.002067539627842867,0.0027567195037904893,0.0,0.0027567195037904893,0.5350389321468297,0.30438766843461273,0.0,1.0,0.4304560622914349,0.25899342713893125,0.0,1.0,0.5622691879866518,0.2562498276772878,0.0,1.0,0.327230255839822,0.22880399594017764,0.0,1.0,37,0.16344827586206898,2.9351724137931035,7
135,1452,584,12.413679380561788,85.46625344352617,6,4,0,4,1150,0.7931034482758621,300,1298,0.8951724137931034,0.931304347826087,1071,227,0.931304347826087,0.7566666666666667,0.8951724137931034,178,1284,7.213483146067416,0.004137931034482759,0.002758620689655172,0.0,0.002758620689655172,0.53425753132498,0.304483737509409,0.0,1.0,0.42972984981782636,0.2592100023916906,0.0,1.0,0.562494445925531,0.25634717060910817,0.0,1.0,0.3267795254598774,0.22869262688806752,0.0,1.0,37,0.16460055096418733,2.9414600550964187,7
136,1449,588,12.433304357173563,86.28502415458937,3,6,0,6,1080,0.743801652892562,372,1244,0.8567493112947658,0.9157407407407407,989,255,0.9157407407407407,0.6854838709677419,0.8567493112947658,180,1228,6.822222222222222,0.002066115702479339,0.004132231404958678,0.0,0.004132231404958678,0.5329815890825709,0.30448065191588825,0.0,1.0,0.4290166744584697,0.2594660311798224,0.0,1.0,0.5624346045103409,0.2564373229140499,0.0,1.0,0.3271444155034618,0.22872462365875137,0.0,1.0,37,0.16494133885438234,2.9392684610075914,7
137,1447,601,12.406415420489703,87.17484450587422,3,5,0,5,1102,0.7605244996549344,347,1251,0.8633540372670807,0.9128856624319419,1006,245,0.9128856624319419,0.7060518731988472,0.8633540372670807,174,1238,7.114942528735632,0.002070393374741201,0.003450655624568668,0.0,0.003450655624568668,0.532425262500836,0.30437479495746794,0.0,1.0,0.42871792585326707,0.2596010787646165,0.0,1.0,0.5617852286153777,0.2565572545301904,0.0,1.0,0.32717301647457475,0.22881456663135621,0.0,1.0,37,0.16447823082239116,2.9440221147201107,7
138,1444,609,12.39394096919252,87.86980609418282,4,7,0,7,1126,0.7781617138908086,321,1245,0.8604008293020041,0.9129662522202486,1028,217,0.9129662522202486,0.67601246105919,0.8604008293020041,176,1229,6.982954545454546,0.0027643400138217,0.0048375950241879755,0.0,0.0048375950241879755,0.5322804038959879,0.3037163523568333,0.0,1.0,0.42860334197122685,0.2596114955373084,0.0,1.0,0.5618354034492002,0.25667156526556456,0.0,1.0,0.32655705477615943,0.22799793469750773,0.0,1.0,37,0.16551246537396122,2.9522160664819945,7
139,1449,619,12.310323421662579,88.40372670807453,8,3,0,3,1073,0.7430747922437673,371,1227,0.8497229916897507,0.9151910531220876,982,245,0.9151910531220876,0.660377358490566,0.8497229916897507,177,1214,6.858757062146893,0.00554016620498615,0.002077562326869806,0.0,0.002077562326869806,0.5324918186068256,0.30327853734968985,0.0,1.0,0.4278812974465148,0.2595099734561982,0.0,1.0,0.5620338832120039,0.25692057915027533,0.0,1.0,0.3267436942051248,0.22775689803646135,0.0,1.0,37,0.1663216011042098,2.960662525879917,7
140,1444,621,12.353518508653952,89.32686980609418,3,8,0,8,1084,0.7481021394064873,365,1281,0.8840579710144928,0.9215867158671587,999,282,0.9215867158671587,0.7726027397260274,0.8840579710144928,186,1269,6.82258064516129,0.002070393374741201,0.005521048999309869,0.0,0.005521048999309869,0.5323697614154231,0.303521709579539,0.0,1.0,0.42762040925743905,0.25931972058549757,0.0,1.0,0.5617237065499062,0.256875246676456,0.0,1.0,0.32642301849700656,0.2274717947890538,0.0,1.0,37,0.16689750692520774,2.9632963988919667,7
141,1446,628,12.300855272645506,89.9225449515906,7,5,0,5,1097,0.7596952908587258,347,1231,0.8524930747922438,0.8969917958067457,984,247,0.8969917958067457,0.7118155619596542,0.8524930747922438,174,1212,6.9655172413793105,0.004847645429362881,0.0034626038781163434,0.0,0.0034626038781163434,0.5312764913220006,0.3035550351579623,0.0,1.0,0.4272966581894436,0.25932237350867726,0.0,1.0,0.5626645250524249,0.2569757066722762,0.0,1.0,0.32710926694329184,0.22732865733661986,0.0,1.0,37,0.16804979253112035,2.972337482710927,7
142,1447,635,12.265956736648974,90.57705597788528,5,4,0,4,1091,0.7544951590594744,355,1225,0.84716459197787,0.922089825847846,1006,219,0.922089825847846,0.6169014084507042,0.84716459197787,175,1207,6.897142857142857,0.003457814661134163,0.0027662517289073307,0.0,0.0027662517289073307,0.5311545578170631,0.3033480813952731,0.0,1.0,0.42751410036337695,0.2592841648031877,0.0,1.0,0.5627884165236196,0.2572657443911896,0.0,1.0,0.32717301647457475,0.2272092217001102,0.0,1.0,36,0.16724257083621286,2.975120939875605,7
143,1447,642,12.221144694539198,91.32619212163097,4,4,0,4,1153,0.796821008984105,294,1236,0.8541810642709053,0.9063313096270599,1045,191,0.9063313096270599,0.6496598639455783,0.8541810642709053,180,1223,6.794444444444444,0.0027643400138217,0.0027643400138217,0.0,0.0027643400138217,0.530775575718394,0.30321605171448396,0.0,1.0,0.42677842923066633,0.2586884779520017,0.0,1.0,0.5625877789419711,0.25729786015511896,0.0,1.0,0.32692779276367123,0.2263181687944125,0.0,1.0,35,0.16724257083621286,2.9765031098825157,7
144,1446,654,12.19253080424583,92.3222683264177,2,3,0,3,1100,0.7601935038009675,347,1283,0.8866620594333103,0.9254545454545454,1018,265,0.9254545454545454,0.7636887608069164,0.8866620594333103,181,1276,7.0497237569060776,0.00138217000691085,0.002073255010366275,0.0,0.002073255010366275,0.5304510774996654,0.3032595077767793,0.0,1.0,0.42649355284879314,0.25905976376181195,0.0,1.0,0.5619506536385134,0.25744800158476955,0.0,1.0,0.32644001249274973,0.22634170236040563,0.0,1.0,35,0.1673582295988935,2.9764868603042878,7
145,1442,662,12.21168415262904,93.22052704576977,1,5,0,5,1087,0.7517289073305671,359,1291,0.892807745504841,0.9383624655013799,1020,271,0.9383624655013799,0.754874651810585,0.892807745504841,180,1279,7.105555555555555,0.0006915629322268327,0.003457814661134163,0.0,0.003457814661134163,0.5300433985056597,0.3036759533701004,0.0,1.0,0.4248803185539797,0.25821923268191826,0.0,1.0,0.5607355375598407,0.2574075199732315,0.0,1.0,0.32669679208983937,0.22622554137543782,0.0,1.0,35,0.16712898751733704,2.9791955617198336,7
146,1439,672,12.197361160142972,93.86935371785962,4,7,0,7,1113,0.7718446601941747,329,1299,0.9008321775312067,0.9442946990116802,1051,248,0.9442946990116802,0.7537993920972644,0.9008321775312067,177,1286,7.265536723163842,0.0027739251040221915,0.0048543689320388345,0.0,0.0048543689320388345,0.5285032168396512,0.303797869714142,0.0,1.0,0.4229191418771997,0.2574212312720678,0.0,1.0,0.5597973503104754,0.2575329064701568,0.0,1.0,0.3275796363962429,0.22560050874148363,0.0,1.0,34,0.1674774148714385,2.9847116052814453,7
147,1434,673,12.240218164158165,94.72175732217573,4,9,0,9,1089,0.7567755385684504,350,1262,0.876997915218902,0.9219467401285583,1004,258,0.9219467401285583,0.7371428571428571,0.876997915218902,186,1249,6.71505376344086,0.002779708130646282,0.006254343293954135,0.0,0.006254343293954135,0.52791649795294,0.3035801189270496,0.0,1.0,0.42176182120844014,0.25708837074238783,0.0,1.0,0.5585774058577406,0.2579378056021298,0.0,1.0,0.3278220182660728,0.22531929396357311,0.0,1.0,34,0.16875871687587168,2.98744769874477,7
148,1430,684,12.232154618060072,95.6027972027972,2,6,0,6,1132,0.7894002789400278,302,1262,0.8800557880055788,0.9399293286219081,1064,198,0.9399293286219081,0.6556291390728477,0.8800557880055788,179,1252,6.994413407821229,0.001394700139470014,0.0041841004184100415,0.0,0.0041841004184100415,0.5289194676291451,0.3031506625331097,0.0,1.0,0.42219715768102867,0.25771307264759563,0.0,1.0,0.5577035867358447,0.2583938246558164,0.0,1.0,0.32799458605910214,0.22546737501281938,0.0,1.0,34,0.16853146853146853,2.986013986013986,7
149,1427,690,12.254869840458417,96.57323055360897,2,5,0,5,1075,0.7517482517482518,355,1271,0.8888111888111888,0.933953488372093,1004,267,0.933953488372093,0.752112676056338,0.8888111888111888,183,1260,6.885245901639344,0.0013986013986013986,0.0034965034965034965,0.0,0.0034965034965034965,0.52847164138617,0.3028689211416043,0.0,1.0,0.4226552433483283,0.2578342078318756,0.0,1.0,0.558491760291159,0.25846119183881017,0.0,1.0,0.3282320229671994,0.22618913223229128,0.0,1.0,34,0.16818500350385424,2.985283812193413,7
150,1420,698,12.3089839545378,97.68943661971831,0,7,1,6,1075,0.7533286615276804,352,1247,0.8738612473721094,0.9311627906976744,1001,246,0.9311627906976744,0.6988636363636364,0.8738612473721094,174,1229,7.063218390804598,0.0,0.004905395935529082,0.000700770847932726,0.004204625087596356,0.5284870513402999,0.30324561590802585,0.0,1.0,0.4225806451612903,0.2576862857506432,0.0,1.0,0.5587460245343026,0.25870485950829875,0.0,1.0,0.3283053157655611,0.2266183865506129,0.0,1.0,34,0.16690140845070423,2.983098591549296,7
151,1421,707,12.285532923940368,98.51513019000704,3,2,0,2,1071,0.754225352112676,349,1238,0.8718309859154929,0.9253034547152195,991,247,0.9253034547152195,0.7077363896848138,0.8718309859154929,177,1224,6.915254237288136,0.002112676056338028,0.0014084507042253522,0.0,0.0014084507042253522,0.528659962316406,0.3035468438917561,0.0,1.0,0.4230323942702776,0.25776004620208914,0.0,1.0,0.5590565480919842,0.2588274828674238,0.0,1.0,0.32748405257542396,0.22627323078015962,0.0,1.0,34,0.16678395496129486,2.9852216748768474,7
152,1416,713,12.312126660465022,99.64406779661017,1,6,0,6,1128,0.7938071780436312,293,1231,0.8662913441238564,0.9122340425531915,1029,202,0.9122340425531915,0.689419795221843,0.8662913441238564,179,1216,6.793296089385475,0.0007037297677691766,0.00422237860661506,0.0,0.00422237860661506,0.5290459267359212,0.3036256661953663,0.0,1.0,0.42356934572626204,0.25778647913257247,0.0,1.0,0.558593038090031,0.2593488235843892,0.0,1.0,0.32711408784399487,0.22616258657150798,0.0,1.0,34,0.1673728813559322,2.9879943502824857,7
153,1414,719,12.318201079364917,100.44271570014145,3,5,1,4,1072,0.7570621468926554,344,1264,0.8926553672316384,0.933768656716418,1001,263,0.933768656716418,0.7645348837209303,0.8926553672316384,183,1253,6.8469945355191255,0.00211864406779661,0.0035310734463276836,0.0007062146892655367,0.002824858757062147,0.5291326367659808,0.3032854869634236,0.0,1.0,0.42232057307113197,0.25714470849886517,0.0,1.0,0.5581055801432677,0.2595936946522101,0.0,1.0,0.3266414199023589,0.22593285533953192,0.0,1.0,34,0.1676096181046676,2.992927864214993,7
154,1412,726,12.29903532035384,101.06019830028329,5,7,1,6,1112,0.7864214992927864,302,1266,0.8953323903818954,0.9334532374100719,1038,228,0.9334532374100719,0.7549668874172185,0.8953323903818954,177,1250,7.062146892655368,0.003536067892503536,0.0049504950495049506,0.0007072135785007072,0.004243281471004243,0.5293795120168144,0.30320081661859133,0.0,1.0,0.42209631728045327,0.25694522428148187,0.0,1.0,0.5564744585579823,0.25950157497909637,0.0,1.0,0.3266928630174541,0.22559266818974583,0.0,1.0,34,0.1678470254957507,3.001416430594901,7
155,1410,736,12.296583458685909,101.84255319148936,3,5,0,5,1081,0.7655807365439093,331,1217,0.8618980169971672,0.9222941720629048,997,220,0.9222941720629048,0.6646525679758308,0.8618980169971672,179,1206,6.737430167597766,0.002124645892351275,0.0035410764872521247,0.0,0.0035410764872521247,0.5299016243422557,0.30349265152003907,0.0,1.0,0.4229695721802791,0.25725722367140935,0.0,1.0,0.555662319835278,0.25916073629799263,0.0,1.0,0.32594371997254634,0.22501688028867836,0.0,1.0,34,0.16808510638297872,3.004964539007092,7
156,1404,744,12.338436386228496,102.7991452991453,2,8,1,7,1044,0.7404255319148936,366,1228,0.8709219858156029,0.9233716475095786,964,264,0.9233716475095786,0.7213114754098361,0.8709219858156029,175,1211,6.92,0.0014184397163120568,0.005673758865248227,0.0007092198581560284,0.004964539007092199,0.5293171583494164,0.3043601212591458,0.0,1.0,0.4225484790000919,0.25729833907867405,0.0,1.0,0.5551649664552891,0.2590091278133508,0.0,1.0,0.3258661887694146,0.22451353562909163,0.0,1.0,34,0.16737891737891739,3.0042735042735043,7
157,1402,756,12.351195117351155,103.56776034236805,3,5,0,5,1023,0.7286324786324786,381,1203,0.8568376068376068,0.9081133919843597,929,274,0.9081133919843597,0.7191601049868767,0.8568376068376068,179,1194,6.670391061452514,0.002136752136752137,0.0035612535612535613,0.0,0.0035612535612535613,0.5280474897611707,0.3046225571739065,0.0,1.0,0.4217937508628227,0.2579925836984763,0.0,1.0,0.5548064976301137,0.25939483654634643,0.0,1.0,0.32527265197183747,0.22440388921799156,0.0,1.0,34,0.16690442225392296,3.0057061340941513,7
158,1397,760,12.389047714573495,104.33214030064424,3,8,0,8,1109,0.7910128388017118,293,1248,0.8901569186875892,0.9305680793507665,1032,216,0.9305680793507665,0.7372013651877133,0.8901569186875892,181,1233,6.8121546961325965,0.0021398002853067048,0.005706134094151213,0.0,0.005706134094151213,0.5280901470893851,0.3047951341967361,0.0,1.0,0.4227492091347819,0.2579252572021775,0.0,1.0,0.5550142009374928,0.2595927092827657,0.0,1.0,0.3252361050176646,0.22501756194860548,0.0,1.0,33,0.16607015032211883,3.012168933428776,7
159,1396,764,12.396895524635136,104.99928366762178,5,6,0,6,1076,0.7702219040801718,321,1211,0.8668575518969219,0.9163568773234201,986,225,0.9163568773234201,0.7009345794392523,0.8668575518969219,182,1197,6.576923076923077,0.0035790980672870437,0.004294917680744453,0.0,0.004294917680744453,0.527128200388206,0.3052875770382029,0.0,1.0,0.42323689804972736,0.2578734940878841,0.0,1.0,0.5543719382567704,0.2598935606071011,0.0,1.0,0.3244523523431001,0.22522521046022456,0.0,1.0,33,0.16475644699140402,3.0164756446991405,7
160,1392,774,12.416340524633354,105.83764367816092,2,6,0,6,1090,0.7808022922636103,306,1227,0.8789398280802292,0.9339449541284404,1018,209,0.9339449541284404,0.6830065359477124,0.8789398280802292,180,1217,6.761111111111111,0.0014326647564469914,0.004297994269340974,0.0,0.004297994269340974,0.5267426770485725,0.3055566565616858,0.0,1.0,0.4217185761957731,0.2572471033374862,0.0,1.0,0.5552465702632554,0.25974934559040663,0.0,1.0,0.3255932517612162,0.225375434810683,0.0,1.0,32,0.16522988505747127,3.0150862068965516,7
161,1390,782,12.42506140700889,106.60143884892086,5,7,0,7,1063,0.7636494252873564,329,1237,0.8886494252873564,0.9266227657572906,985,252,0.9266227657572906,0.7659574468085106,0.8886494252873564,176,1221,6.9375,0.0035919540229885057,0.005028735632183908,0.0,0.005028735632183908,0.527106057089812,0.30509838373448667,0.0,1.0,0.42137386864701787,0.2564108578615583,0.0,1.0,0.5561847296356464,0.25964470352589347,0.0,1.0,0.3250638199118125,0.2246876825506865,0.0,1.0,31,0.16618705035971224,3.0194244604316545,7
162,1391,794,12.389481326866477,107.44212796549245,3,2,0,2,1092,0.7856115107913669,298,1239,0.8913669064748202,0.9368131868131868,1023,216,0.9368131868131868,0.7248322147651006,0.8913669064748202,185,1236,6.681081081081081,0.002158273381294964,0.0014388489208633094,0.0,0.0014388489208633094,0.5263792583659934,0.3050886405672494,0.0,1.0,0.42074627211799354,0.2561140840386707,0.0,1.0,0.5561791238607638,0.25974159704590954,0.0,1.0,0.3248765102850119,0.22476204148450762,0.0,1.0,31,0.16606757728253055,3.0222861250898636,7
163,1385,799,12.453042827661282,108.15812274368231,2,8,1,7,1050,0.7548526240115025,341,1198,0.8612508986340762,0.9219047619047619,968,230,0.9219047619047619,0.6744868035190615,0.8612508986340762,178,1181,6.634831460674158,0.0014378145219266715,0.005751258087706686,0.0007189072609633358,0.0050323508267433505,0.5262839175497845,0.30505402514436286,0.0,1.0,0.419564457901479,0.25594644582259873,0.0,1.0,0.557097938744614,0.25930325511811647,0.0,1.0,0.3240712705252125,0.22402270497764729,0.0,1.0,28,0.16606498194945848,3.0310469314079422,7
164,1384,809,12.460434856535814,108.91401734104046,4,5,1,4,1022,0.7379061371841156,363,1213,0.8758122743682311,0.910958904109589,931,282,0.910958904109589,0.7768595041322314,0.8758122743682311,178,1201,6.747191011235955,0.002888086642599278,0.0036101083032490976,0.0007220216606498195,0.002888086642599278,0.5253123251911244,0.3047316168967012,0.0,1.0,0.4196345329106843,0.25630444676878267,0.0,1.0,0.5569876934551558,0.25988863543862256,0.0,1.0,0.3240024240164087,0.2243304216392318,0.0,1.0,28,0.16690751445086704,3.0354046242774566,7
165,1384,815,12.461187273135236,109.72543352601156,4,4,0,4,1069,0.7723988439306358,315,1243,0.898121387283237,0.9251637043966323,989,254,0.9251637043966323,0.8063492063492064,0.898121387283237,177,1226,6.926553672316384,0.002890173410404624,0.002890173410404624,0.0,0.002890173410404624,0.5247529367891106,0.30471835305581757,0.0,1.0,0.41944807011001306,0.25630164891771634,0.0,1.0,0.5575004661570017,0.25995504962887567,0.0,1.0,0.32404903971657656,0.2243569325951088,0.0,1.0,28,0.16835260115606937,3.0397398843930636,7
166,1377,829,12.510368793052592,110.38198983297022,5,12,1,11,995,0.7189306358381503,389,1198,0.865606936416185,0.91356783919598,909,289,0.91356783919598,0.7429305912596401,0.865606936416185,168,1180,7.023809523809524,0.0036127167630057803,0.008670520231213872,0.000722543352601156,0.007947976878612716,0.5242813971466723,0.30425374164042546,0.0,1.0,0.419284559702017,0.25681843823560635,0.0,1.0,0.5577107784571416,0.2601250758722229,0.0,1.0,0.32393937264272493,0.22398955293301057,0.0,1.0,28,0.1692084241103849,3.046477850399419,7
167,1379,834,12.511456354653362,111.16461203770848,3,1,0,1,1041,0.7559912854030502,336,1238,0.8990559186637618,0.9433237271853987,982,256,0.9433237271853987,0.7619047619047619,0.8990559186637618,176,1219,6.926136363636363,0.002178649237472767,0.0007262164124909223,0.0,0.0007262164124909223,0.5233338791550679,0.30440404527428666,0.0,1.0,0.4188168144284076,0.2569929922640642,0.0,1.0,0.5574633324756134,0.26039444923949395,0.0,1.0,0.32377365552410586,0.2239510224611965,0.0,1.0,28,0.16896301667875271,3.049311094996374,7
168,1377,845,12.48924510534242,111.75090777051561,5,7,2,5,1028,0.7454677302393038,351,1188,0.8614938361131255,0.919260700389105,945,243,0.919260700389105,0.6923076923076923,0.8614938361131255,177,1176,6.6440677966101696,0.0036258158085569255,0.005076142131979695,0.0014503263234227702,0.0036258158085569255,0.5217045001991238,0.3049865717095011,0.0,1.0,0.4178321268770352,0.2571374105834475,0.0,1.0,0.5576873521212546,0.26034225346270945,0.0,1.0,0.32262749783306394,0.22286061257626738,0.0,1.0,28,0.16848220769789396,3.052287581699346,7
169,1376,856,12.463962663667411,112.19767441860465,5,6,3,3,1028,0.7465504720406682,349,1222,0.8874364560639071,0.9260700389105059,952,270,0.9260700389105059,0.7736389684813754,0.8874364560639071,176,1209,6.869318181818182,0.0036310820624546117,0.004357298474945534,0.002178649237472767,0.002178649237472767,0.5223649662415604,0.305302682104746,0.0,1.0,0.41853432108027006,0.25773919523437655,0.0,1.0,0.5570376969242311,0.26058996981162,0.0,1.0,0.3218304576144036,0.22266539175037817,0.0,1.0,28,0.16715116279069767,3.0574127906976742,7
170,1368,862,12.496836532046522,112.82456140350877,4,12,5,7,1060,0.7703488372093024,316,1197,0.8699127906976745,0.9330188679245283,989,208,0.9330188679245283,0.6582278481012658,0.8699127906976745,171,1174,6.8654970760233915,0.0029069767441860465,0.00872093023255814,0.003633720930232558,0.005087209302325582,0.5219769854744388,0.30552317302133775,0.0,1.0,0.4177985285795133,0.2580450847910373,0.0,1.0,0.5577956989247311,0.26077474833608344,0.0,1.0,0.32116581777023206,0.2225684930702749,0.0,1.0,27,0.16739766081871346,3.0657894736842106,7
171,1364,869,12.434741595968896,113.11730205278593,6,10,8,2,1069,0.7814327485380117,299,1219,0.8910818713450293,0.930776426566885,995,224,0.930776426566885,0.7491638795986622,0.8910818713450293,179,1205,6.731843575418995,0.0043859649122807015,0.007309941520467836,0.005847953216374269,0.0014619883040935672,0.5204569104152871,0.3058603599174375,0.0,1.0,0.41694257875319274,0.25895040634917404,0.0,1.0,0.5569009554441396,0.26149016612401754,0.0,1.0,0.3203102828493047,0.22233579429178318,0.0,1.0,27,0.16495601173020527,3.0835777126099706,7
172,1367,877,12.392650718525653,113.68983174835407,6,3,1,2,1063,0.7793255131964809,301,1159,0.8497067448680352,0.922859830667921,981,178,0.922859830667921,0.5913621262458472,0.8497067448680352,177,1144,6.463276836158192,0.004398826979472141,0.0021994134897360706,0.0007331378299120235,0.001466275659824047,0.5209429643438658,0.3061879586797245,0.0,1.0,0.41699506807938264,0.25899595444753565,0.0,1.0,0.5565283054487103,0.26114616167531646,0.0,1.0,0.32045685159402504,0.22197655279802989,0.0,1.0,27,0.16386247256766642,3.0863204096561816,7
173,1369,886,12.344488541743836,114.00219138056976,7,5,3,2,1037,0.7585954645208486,330,1222,0.8939283101682517,0.9498553519768563,985,237,0.9498553519768563,0.7181818181818181,0.8939283101682517,179,1210,6.759776536312849,0.005120702267739576,0.0036576444769568397,0.0021945866861741038,0.001463057790782736,0.5208181154127101,0.3058381353675503,0.0,1.0,0.41664506703739485,0.25947934997487965,0.0,1.0,0.556799170574236,0.26094364556775806,0.0,1.0,0.3203185748957327,0.22131552569539326,0.0,1.0,27,0.1643535427319211,3.0927684441197956,7
174,1361,899,12.363085232332018,114.60837619397502,5,13,3,10,1069,0.7808619430241052,300,1201,0.8772826880934989,0.9298409728718429,994,207,0.9298409728718429,0.69,0.8772826880934989,175,1189,6.7942857142857145,0.003652300949598247,0.009495982468955442,0.002191380569758948,0.007304601899196494,0.5190680476878956,0.3056302479680722,0.0,1.0,0.4159417885330995,0.2589440761987594,0.0,1.0,0.5566353013675903,0.260932808493758,0.0,1.0,0.3215377687184471,0.22156045065677019,0.0,1.0,27,0.16531961792799413,3.095518001469508,7
175,1357,905,12.363298006594386,115.21886514369933,4,8,3,5,1097,0.8060249816311535,264,1215,0.8927259368111683,0.9380127620783957,1029,186,0.9380127620783957,0.7045454545454546,0.8927259368111683,174,1195,6.867816091954023,0.0029390154298310064,0.005878030859662013,0.002204261572373255,0.0036737692872887582,0.51769795801935,0.30567434672418003,0.0,1.0,0.4155038391137947,0.2587065317829668,0.0,1.0,0.5570161884612642,0.2611011478193429,0.0,1.0,0.3212969786293294,0.2207316673044659,0.0,1.0,27,0.16507000736919675,3.1002210759027267,7
176,1353,917,12.348201211164966,115.95343680709534,1,5,4,1,1058,0.7796610169491526,299,1164,0.8577745025792188,0.9262759924385633,980,184,0.9262759924385633,0.6153846153846154,0.8577745025792188,175,1151,6.577142857142857,0.0007369196757553427,0.0036845983787767134,0.0029476787030213707,0.0007369196757553427,0.5177979639033927,0.3054387023934279,0.0,1.0,0.4143718856543404,0.2581877424472994,0.0,1.0,0.5571847507331378,0.2612579922212072,0.0,1.0,0.32091171351596215,0.220424516392485,0.0,1.0,27,0.1655580192165558,3.107908351810791,7
177,1339,917,12.424281991962042,116.7781926811053,1,15,10,5,1050,0.7760532150776053,303,1176,0.8691796008869179,0.9314285714285714,978,198,0.9314285714285714,0.6534653465346535,0.8691796008869179,184,1160,6.304347826086956,0.0007390983000739098,0.011086474501108648,0.007390983000739098,0.003695491500369549,0.5181767809390735,0.305378125135837,0.0,1.0,0.4145366065190681,0.2578116261934606,0.0,1.0,0.5576862849020694,0.2613601120677851,0.0,1.0,0.3199065262955022,0.22001005793042822,0.0,1.0,25,0.16355489171023152,3.114264376400299,7
178,1338,931,12.415411017884924,117.14424514200299,5,6,3,3,976,0.7289021657953697,363,1164,0.8693054518297236,0.9180327868852459,896,268,0.9180327868852459,0.7382920110192838,0.8693054518297236,174,1152,6.620689655172414,0.0037341299477221808,0.004480955937266617,0.0022404779686333084,0.0022404779686333084,0.5175996914026713,0.30485589683895514,0.0,1.0,0.41496697044216213,0.25817787008415005,0.0,1.0,0.5592844399440667,0.2616756755886422,0.0,1.0,0.3211340951829886,0.22123331887991482,0.0,1.0,24,0.16367713004484305,3.1218236173393126,7
179,1336,934,12.381396062730733,117.29491017964072,8,10,5,5,1037,0.7750373692077728,301,1174,0.8774289985052317,0.922854387656702,957,217,0.922854387656702,0.7209302325581395,0.8774289985052317,182,1159,6.368131868131868,0.005979073243647235,0.007473841554559043,0.0037369207772795215,0.0037369207772795215,0.5174811666988604,0.3056367742907656,0.0,1.0,0.4139463009464941,0.2571642035013649,0.0,1.0,0.5584073787908055,0.26073697281076735,0.0,1.0,0.32183214216727835,0.22096037607907076,0.0,1.0,24,0.16467065868263472,3.1332335329341316,7
180,1330,939,12.472531308177729,118.17368421052632,2,8,4,4,966,0.7230538922155688,370,1182,0.8847305389221557,0.9265010351966874,895,287,0.9265010351966874,0.7756756756756756,0.8847305389221557,178,1165,6.544943820224719,0.0014970059880239522,0.005988023952095809,0.0029940119760479044,0.0029940119760479044,0.5188455008488965,0.3053134697140534,0.0,1.0,0.4136793596895464,0.2574009630595571,0.0,1.0,0.5570943487751637,0.2609199547081135,0.0,1.0,0.3221198156682028,0.22065558710106298,0.0,1.0,24,0.16541353383458646,3.1390977443609023,7
181,1330,945,12.469220267024511,118.83684210526316,3,3,2,1,1049,0.7887218045112782,281,1170,0.8796992481203008,0.9227836034318398,968,202,0.9227836034318398,0.7188612099644128,0.8796992481203008,180,1156,6.4222222222222225,0.002255639097744361,0.002255639097744361,0.0015037593984962407,0.0007518796992481203,0.5185787048265826,0.3054707230669596,0.0,1.0,0.4141159349987873,0.25784146360459653,0.0,1.0,0.5565122483628425,0.26108261268145755,0.0,1.0,0.3219742905651225,0.2207757585032775,0.0,1.0,24,0.16466165413533834,3.142105263157895,7
182,1328,953,12.442585881845753,119.20331325301204,5,7,6,1,1033,0.7766917293233083,297,1174,0.8827067669172932,0.9215876089060987,952,222,0.9215876089060987,0.7474747474747475,0.8827067669172932,183,1165,6.366120218579235,0.0037593984962406013,0.005263157894736842,0.004511278195488722,0.0007518796992481203,0.5179994170229304,0.3058995059719483,0.0,1.0,0.4135736494364555,0.25887901364717963,0.0,1.0,0.5559415079673533,0.26120647306819744,0.0,1.0,0.3207831325301205,0.22052545037440682,0.0,1.0,24,0.16415662650602408,3.1468373493975905,7
183,1320,962,12.456052430753445,120.07121212121213,1,9,7,2,1064,0.8012048192771084,264,1178,0.8870481927710844,0.9342105263157895,994,184,0.9342105263157895,0.696969696969697,0.8870481927710844,176,1163,6.607954545454546,0.0007530120481927711,0.00677710843373494,0.005271084337349397,0.0015060240963855422,0.5167644183773216,0.3060390904057168,0.0,1.0,0.4129521016617791,0.2590888714364094,0.0,1.0,0.5555474095796676,0.2614121261282071,0.0,1.0,0.3206011730205279,0.2205183576510628,0.0,1.0,24,0.16363636363636364,3.147727272727273,7
184,1314,969,12.475189935956339,120.69482496194826,4,10,7,3,1005,0.7613636363636364,315,1165,0.8825757575757576,0.9253731343283582,930,235,0.9253731343283582,0.746031746031746,0.8825757575757576,180,1152,6.4,0.0030303030303030303,0.007575757575757576,0.005303030303030303,0.0022727272727272726,0.517921146953405,0.30540121818739524,0.0,1.0,0.41385574704178324,0.2596702973166112,0.0,1.0,0.5557028526538027,0.26179730416171126,0.0,1.0,0.3204202877203319,0.22068432962670845,0.0,1.0,24,0.16362252663622526,3.1491628614916287,7
185,1304,979,12.53740865426389,121.36503067484662,2,12,8,4,993,0.7557077625570776,321,1138,0.8660578386605784,0.9123867069486404,906,232,0.9123867069486404,0.7227414330218068,0.8660578386605784,172,1120,6.511627906976744,0.0015220700152207,0.0091324200913242,0.0060882800608828,0.0030441400304414,0.5188996635661983,0.30536432095645055,0.0,1.0,0.4132940827231347,0.2595675489361576,0.0,1.0,0.5549673461310113,0.2616295585477384,0.0,1.0,0.32030476944389474,0.22025981018644372,0.0,1.0,24,0.16411042944785276,3.1541411042944785,7
186,1300,985,12.529642615971575,121.74153846153847,7,11,6,5,1030,0.7898773006134969,274,1160,0.8895705521472392,0.920388349514563,948,212,0.920388349514563,0.7737226277372263,0.8895705521472392,175,1141,6.52,0.005368098159509203,0.00843558282208589,0.004601226993865031,0.003834355828220859,0.518213399503722,0.305399227752148,0.0,1.0,0.4128287841191067,0.25916606260933006,0.0,1.0,0.5544913151364764,0.26158493520169906,0.0,1.0,0.3205955334987593,0.22042338796425404,0.0,1.0,24,0.16307692307692306,3.163846153846154,7
187,1298,995,12.56223406114883,122.40832049306626,3,5,2,3,1007,0.7746153846153846,293,1142,0.8784615384615385,0.9195630585898709,926,216,0.9195630585898709,0.7372013651877133,0.8784615384615385,172,1124,6.534883720930233,0.002307692307692308,0.0038461538461538464,0.0015384615384615385,0.002307692307692308,0.5173467866196133,0.30529662486121323,0.0,1.0,0.4121477210596948,0.25870863748938466,0.0,1.0,0.5547243898802127,0.26113859416329094,0.0,1.0,0.3207912918137084,0.22007817004431274,0.0,1.0,24,0.162557781201849,3.167950693374422,7
188,1291,1003,12.569488005539023,122.53369481022463,7,14,9,5,995,0.7665639445300462,303,1160,0.8936825885978429,0.9346733668341709,930,230,0.9346733668341709,0.759075907590759,0.8936825885978429,176,1144,6.5,0.00539291217257319,0.01078582434514638,0.006933744221879815,0.003852080123266564,0.5177531795807201,0.3051561023878864,0.0,1.0,0.4116588790884786,0.25819335221555073,0.0,1.0,0.5540591189625447,0.2611955649827858,0.0,1.0,0.32045676020089453,0.2198605406535113,0.0,1.0,24,0.16189000774593337,3.173508907823393,7
189,1280,1013,12.645748882430112,123.23359375,1,12,8,4,990,0.7668474051123161,301,1112,0.8613477924089853,0.9111111111111111,902,210,0.9111111111111111,0.6976744186046512,0.8613477924089853,173,1095,6.329479768786127,0.000774593338497289,0.009295120061967466,0.006196746707978312,0.003098373353989156,0.5175151209677419,0.30552256871855205,0.0,1.0,0.4115423387096774,0.25842798539762296,0.0,1.0,0.5541582661290323,0.26131712587278516,0.0,1.0,0.32076612903225804,0.21967842223611733,0.0,1.0,24,0.1625,3.175,7
190,1276,1019,12.667652492607724,123.56818181818181,5,9,7,2,956,0.746875,324,1117,0.87265625,0.9246861924686193,884,233,0.9246861924686193,0.7191358024691358,0.87265625,179,1102,6.156424581005586,0.00390625,0.00703125,0.00546875,0.0015625,0.5158003842653454,0.30544120749145803,0.0,1.0,0.4116189705733644,0.25869988518010906,0.0,1.0,0.5543027606431388,0.26175919714144896,0.0,1.0,0.32065931843462436,0.22007347750250145,0.0,1.0,24,0.1614420062695925,3.1841692789968654,7
191,1277,1026,12.65698192519561,123.67110415035239,7,6,5,1,932,0.7304075235109718,344,1131,0.8863636363636364,0.9291845493562232,866,265,0.9291845493562232,0.7703488372093024,0.8863636363636364,171,1109,6.485380116959064,0.0054858934169279,0.004702194357366771,0.003918495297805642,0.0007836990595611285,0.5146133831813474,0.30536203937319806,0.0,1.0,0.41063985651855406,0.2581399611619949,0.0,1.0,0.5546012579887337,0.26165905871502476,0.0,1.0,0.32134286508197135,0.21969752343471,0.0,1.0,24,0.1620986687548943,3.1949882537196554,7
192,1269,1034,12.643459612910098,123.85185185185185,5,13,12,1,989,0.7744714173844949,288,1151,0.9013312451057165,0.9403437815975733,930,221,0.9403437815975733,0.7673611111111112,0.9013312451057165,169,1128,6.674556213017752,0.003915426781519186,0.010180109631949883,0.009397024275646046,0.0007830853563038371,0.5146800884618318,0.3053487921224418,0.0,1.0,0.41027987493327234,0.257811092450679,0.0,1.0,0.5552250946897481,0.2617776947129461,0.0,1.0,0.32158926256386794,0.21980528598455856,0.0,1.0,24,0.16154452324665092,3.1970055161544524,7
193,1265,1041,12.63599757203919,124.04505928853754,5,9,9,0,935,0.7368006304176516,334,1106,0.8715524034672971,0.9187165775401069,859,247,0.9187165775401069,0.7395209580838323,0.8715524034672971,175,1088,6.217142857142857,0.003940110323089046,0.0070921985815602835,0.0070921985815602835,0.0,0.5147520081601428,0.30517317888110274,0.0,1.0,0.40976667091674107,0.25817006689488287,0.0,1.0,0.5551447150325131,0.26167543577915175,0.0,1.0,0.3203366058906031,0.21888985949855558,0.0,1.0,24,0.16205533596837945,3.205533596837945,7
194,1255,1049,12.630015460604948,124.07808764940239,5,15,13,2,966,0.7636363636363637,299,1125,0.8893280632411067,0.927536231884058,896,229,0.927536231884058,0.7658862876254181,0.8893280632411067,174,1107,6.362068965517241,0.003952569169960474,0.011857707509881422,0.010276679841897233,0.0015810276679841897,0.513995630381699,0.3046058916866487,0.0,1.0,0.409690271173371,0.25846157251907037,0.0,1.0,0.5554813006040354,0.2624156100385716,0.0,1.0,0.32052435419611874,0.21934671242688214,0.0,1.0,23,0.16175298804780877,3.2103585657370517,7
195,1254,1056,12.614494904695217,123.85087719298245,9,10,8,2,973,0.7752988047808765,282,1110,0.8844621513944223,0.9290853031860226,904,206,0.9290853031860226,0.7304964539007093,0.8844621513944223,172,1089,6.3313953488372094,0.007171314741035857,0.00796812749003984,0.006374501992031873,0.0015936254980079682,0.5134537222822452,0.30432657309057315,0.0,1.0,0.4086793229407831,0.25821505405315043,0.0,1.0,0.5549724751762103,0.2626757504098423,0.0,1.0,0.3203169213355971,0.21897406446619397,0.0,1.0,23,0.16267942583732056,3.219298245614035,7
196,1249,1066,12.650570845665202,124.37389911929543,3,8,7,1,913,0.7280701754385965,341,1078,0.8596491228070176,0.9266155531215772,846,232,0.9266155531215772,0.6803519061583577,0.8596491228070176,173,1061,6.132947976878612,0.0023923444976076554,0.006379585326953748,0.005582137161084529,0.0007974481658692185,0.5130556057749425,0.3044925659818211,0.0,1.0,0.4085849324620987,0.25856407364691586,0.0,1.0,0.55484387510008,0.2630018533604479,0.0,1.0,0.319584700018079,0.21874147327720575,0.0,1.0,23,0.16172938350680544,3.2249799839871898,7
197,1240,1071,12.682762299627022,124.59919354838709,5,14,10,4,946,0.7574059247397918,303,1136,0.9095276220976781,0.9492600422832981,898,238,0.9492600422832981,0.7854785478547854,0.9095276220976781,170,1111,6.535294117647059,0.0040032025620496394,0.01120896717373899,0.008006405124099279,0.0032025620496397116,0.513111342351717,0.3050726799605633,0.0,1.0,0.409261186264308,0.2590877761260915,0.0,1.0,0.5545265348595213,0.26334523575412194,0.0,1.0,0.31867845993756505,0.21902224057676584,0.0,1.0,22,0.1588709677419355,3.2266129032258064,7
198,1232,1079,12.676044463474135,124.83116883116882,5,13,10,3,948,0.7645161290322581,292,1100,0.8870967741935484,0.9388185654008439,890,210,0.9388185654008439,0.7191780821917808,0.8870967741935484,171,1079,6.309941520467836,0.004032258064516129,0.010483870967741936,0.008064516129032258,0.0024193548387096775,0.5111803519061583,0.30508150393690253,0.0,1.0,0.40914327607875994,0.2600282399435845,0.0,1.0,0.5542783829074152,0.2639763072375094,0.0,1.0,0.3167417260159196,0.21858908956128034,0.0,1.0,22,0.1599025974025974,3.2362012987012987,8
199,1228,1085,12.760959593456462,125.37459283387622,4,8,5,3,901,0.7313311688311688,331,1097,0.890422077922078,0.9200887902330743,829,268,0.9200887902330743,0.8096676737160121,0.890422077922078,173,1076,6.219653179190751,0.003246753246753247,0.006493506493506494,0.004058441558441558,0.002435064935064935,0.5099295996637596,0.304976520071403,0.0,1.0,0.40929389513502157,0.26131702200170615,0.0,1.0,0.5536933907744036,0.2645386359152804,0.0,1.0,0.3156982242303247,0.21843617503619256,0.0,1.0,22,0.15798045602605862,3.237785016286645,8
200,1225,1093,12.847399717894241,125.67020408163265,6,9,4,5,914,0.744299674267101,314,1048,0.8534201954397395,0.9146608315098468,836,212,0.9146608315098468,0.6751592356687898,0.8534201954397395,170,1026,6.035294117647059,0.004885993485342019,0.007328990228013029,0.003257328990228013,0.004071661237785016,0.5085714285714286,0.3046187662470898,0.0,1.0,0.40861092824226464,0.2622571066115841,0.0,1.0,0.5532323897300856,0.26481038635200094,0.0,1.0,0.31549703752468733,0.21792885410062396,0.0,1.0,22,0.16,3.24,8
201,1220,1093,12.911598467193222,126.0344262295082,4,9,7,2,957,0.7812244897959184,268,1096,0.8946938775510204,0.9404388714733543,900,196,0.9404388714733543,0.7313432835820896,0.8946938775510204,178,1074,6.033707865168539,0.0032653061224489797,0.007346938775510204,0.005714285714285714,0.0016326530612244899,0.5098096245372818,0.3045323566574504,0.0,1.0,0.40951877313590695,0.26285637475273005,0.0,1.0,0.5543098889476468,0.26552038813983125,0.0,1.0,0.31523003701745106,0.21811062750944862,0.0,1.0,22,0.15901639344262294,3.245081967213115,8
202,1218,1103,12.926508122119735,126.12151067323481,6,8,7,1,954,0.7819672131147541,266,1112,0.9114754098360656,0.9433962264150944,900,212,0.9433962264150944,0.7969924812030075,0.9114754098360656,175,1097,6.268571428571429,0.004918032786885246,0.006557377049180328,0.005737704918032787,0.000819672131147541,0.5085015096138567,0.30423760161936275,0.0,1.0,0.40947613750728323,0.2633969776222417,0.0,1.0,0.5548228190052439,0.266100772173725,0.0,1.0,0.31421155781556226,0.21754741625787383,0.0,1.0,22,0.15845648604269294,3.255336617405583,8
203,1214,1107,12.989283962598105,126.23805601317957,5,9,8,1,913,0.7495894909688013,305,1095,0.8990147783251231,0.9529025191675794,870,225,0.9529025191675794,0.7377049180327869,0.8990147783251231,172,1071,6.226744186046512,0.004105090311986864,0.007389162561576354,0.006568144499178982,0.0008210180623973727,0.5081043737046288,0.30422178769252267,0.0,1.0,0.4090715842057714,0.2639553766074333,0.0,1.0,0.5551894563426688,0.26662801849468276,0.0,1.0,0.3133071159058298,0.21698044554454207,0.0,1.0,22,0.15815485996705106,3.269357495881384,8
204,1203,1116,13.007523945152162,125.86034912718205,6,17,17,0,955,0.78665568369028,259,1062,0.8747940691927513,0.9298429319371728,888,174,0.9298429319371728,0.6718146718146718,0.8747940691927513,170,1041,6.123529411764705,0.004942339373970346,0.01400329489291598,0.01400329489291598,0.0,0.5077360362534523,0.3036227502085344,0.0,1.0,0.40688601077950287,0.2629509192841528,0.0,1.0,0.5555198026439278,0.2663954144816181,0.0,1.0,0.3127664709194755,0.2164369384179026,0.0,1.0,22,0.1596009975062344,3.285120532003325,8
205,1198,1121,13.046516203682375,125.7746243739566,8,13,9,4,932,0.7747298420615129,271,1051,0.8736492103075644,0.9066523605150214,845,206,0.9066523605150214,0.7601476014760148,0.8736492103075644,172,1028,5.976744186046512,0.006650041562759767,0.010806317539484621,0.007481296758104738,0.0033250207813798837,0.5056545855996554,0.3031705283368366,0.0,1.0,0.40616080564381496,0.2630377048648395,0.0,1.0,0.555764984651839,0.26674592729590274,0.0,1.0,0.31140610695244764,0.21585762573531347,0.0,1.0,22,0.16026711185308848,3.297161936560935,8
206,1194,1136,13.088537359262272,126.05443886097153,4,8,7,1,891,0.7437395659432388,307,1065,0.8889816360601002,0.9236812570145904,823,242,0.9236812570145904,0.7882736156351792,0.8889816360601002,175,1055,6.0285714285714285,0.00333889816360601,0.00667779632721202,0.005843071786310518,0.0008347245409015025,0.5049440752147836,0.3034191912288882,0.0,1.0,0.40557626843896905,0.26303197295328096,0.0,1.0,0.5561139028475712,0.2671436979631013,0.0,1.0,0.3119090074026044,0.21636613755694997,0.0,1.0,22,0.15996649916247907,3.3056951423785597,8
207,1194,1140,13.094384541132516,125.7680067001675,11,11,9,2,903,0.7562814070351759,291,1058,0.8860971524288107,0.9313399778516057,841,217,0.9313399778516057,0.7457044673539519,0.8860971524288107,179,1041,5.815642458100559,0.009212730318257957,0.009212730318257957,0.007537688442211055,0.0016750418760469012,0.5021883611606419,0.3034458345765657,0.0,1.0,0.4046306802831361,0.2627801633774592,0.0,1.0,0.556465121305452,0.2671284145943773,0.0,1.0,0.3127465283406279,0.21617413316746084,0.0,1.0,22,0.16080402010050251,3.314070351758794,8
208,1195,1144,13.059283622400935,125.46192468619248,9,8,7,1,915,0.7663316582914573,279,1036,0.8676716917922948,0.9180327868852459,840,196,0.9180327868852459,0.7025089605734767,0.8676716917922948,171,1011,5.912280701754386,0.007537688442211055,0.006700167504187605,0.005862646566164154,0.0008375209380234506,0.5036577135915778,0.30372964200194585,0.0,1.0,0.4040761236334188,0.26252707854496565,0.0,1.0,0.5555945471723579,0.2668816075731514,0.0,1.0,0.3125118099608584,0.21578029220453587,0.0,1.0,22,0.1606694560669456,3.320502092050209,8
209,1198,1151,13.086902317789558,125.57679465776293,9,6,3,3,930,0.7782426778242678,265,1057,0.8845188284518829,0.9247311827956989,860,197,0.9247311827956989,0.7433962264150943,0.8845188284518829,169,1033,6.112426035502959,0.007531380753138075,0.00502092050209205,0.002510460251046025,0.002510460251046025,0.5035812375464483,0.3041631428800184,0.0,1.0,0.4031719532554257,0.26211794661079796,0.0,1.0,0.5542032419624104,0.2666445120735179,0.0,1.0,0.3123216112876299,0.21581454705128775,0.0,1.0,22,0.15943238731218698,3.3330550918196993,8
210,1200,1156,13.085902521487428,125.2875,10,8,7,1,913,0.7621035058430717,285,1066,0.8898163606010017,0.9255202628696605,845,221,0.9255202628696605,0.775438596491228,0.8898163606010017,175,1046,5.977142857142857,0.008347245409015025,0.00667779632721202,0.005843071786310518,0.0008347245409015025,0.5024731182795699,0.30459389763896993,0.0,1.0,0.40233870967741936,0.26259975310914985,0.0,1.0,0.5535483870967742,0.266705598961695,0.0,1.0,0.31193548387096776,0.21646443242008215,0.0,1.0,22,0.15833333333333333,3.3408333333333333,8
211,1201,1163,13.101134839205208,125.15403830141548,8,7,6,1,913,0.7608333333333334,287,1044,0.87,0.9058050383351588,827,217,0.9058050383351588,0.7560975609756098,0.87,172,1023,5.9476744186046515,0.006666666666666667,0.005833333333333334,0.005,0.0008333333333333334,0.5023233327066154,0.3049747062307089,0.0,1.0,0.4024871746662727,0.2633382143151475,0.0,1.0,0.5523891380838548,0.26725547638870456,0.0,1.0,0.310413365206414,0.21637192244531275,0.0,1.0,22,0.1565362198168193,3.350541215653622,8
212,1197,1167,13.12059885982101,124.96574770258981,7,11,10,1,899,0.7485428809325562,302,1053,0.8767693588676103,0.9154616240266963,823,230,0.9154616240266963,0.7615894039735099,0.8767693588676103,177,1034,5.84180790960452,0.005828476269775187,0.009159034138218152,0.00832639467110741,0.0008326394671107411,0.5024119438380898,0.3049862032583524,0.0,1.0,0.4017840299673916,0.26333789810101926,0.0,1.0,0.5522947152828308,0.26713750466639274,0.0,1.0,0.31031880777211845,0.21633952843640683,0.0,1.0,21,0.15789473684210525,3.361737677527151,8
213,1190,1181,13.156363513089437,125.0798319327731,6,13,8,5,928,0.7752715121136173,269,1043,0.8713450292397661,0.9331896551724138,866,177,0.9331896551724138,0.6579925650557621,0.8713450292397661,174,1031,5.925287356321839,0.005012531328320802,0.01086048454469507,0.006683375104427736,0.004177109440267335,0.5032529140688533,0.30558279368874813,0.0,1.0,0.4017619951206289,0.26319621493024775,0.0,1.0,0.5509623204120357,0.2667182433386599,0.0,1.0,0.3100298183789645,0.2164519744385346,0.0,1.0,21,0.15630252100840336,3.3756302521008403,8
214,1192,1186,13.138143972581945,124.59731543624162,11,9,8,1,883,0.7420168067226891,307,1061,0.8915966386554622,0.928652321630804,820,241,0.928652321630804,0.7850162866449512,0.8915966386554622,180,1046,5.811111111111111,0.009243697478991597,0.007563025210084034,0.0067226890756302525,0.0008403361344537816,0.5042487551418057,0.3048540893287741,0.0,1.0,0.40317168218229055,0.2634213397395467,0.0,1.0,0.5521216713574366,0.2670712971325695,0.0,1.0,0.3101861874864689,0.21687728440609413,0.0,1.0,21,0.15855704697986578,3.3817114093959733,8
215,1188,1196,13.183735848625384,124.66835016835017,7,11,6,5,906,0.7600671140939598,286,1060,0.889261744966443,0.9271523178807947,840,220,0.9271523178807947,0.7692307692307693,0.889261744966443,164,1034,6.304878048780488,0.00587248322147651,0.009228187919463088,0.0050335570469798654,0.0041946308724832215,0.504778972520908,0.30513675543353036,0.0,1.0,0.40341587922233085,0.26311475076774604,0.0,1.0,0.5514282611056804,0.26704440046443406,0.0,1.0,0.3099815357879874,0.2169813708634894,0.0,1.0,21,0.1574074074074074,3.3905723905723906,8
216,1185,1201,13.265125854876937,124.86497890295358,5,8,7,1,882,0.7424242424242424,306,993,0.8358585858585859,0.909297052154195,802,191,0.909297052154195,0.6241830065359477,0.8358585858585859,174,972,5.586206896551724,0.004208754208754209,0.006734006734006734,0.005892255892255892,0.0008417508417508417,0.5045324622294814,0.3058932046743726,0.0,1.0,0.4035660813937662,0.2628254823939656,0.0,1.0,0.5520076221587042,0.2666498816496343,0.0,1.0,0.3095957533687219,0.21672616166992448,0.0,1.0,21,0.15780590717299578,3.3940928270042194,8
217,1180,1211,13.308173338079685,125.00084745762712,5,10,8,2,967,0.8160337552742616,218,1053,0.8886075949367088,0.9327817993795243,902,151,0.9327817993795243,0.6926605504587156,0.8886075949367088,163,1026,6.294478527607362,0.004219409282700422,0.008438818565400843,0.006751054852320675,0.0016877637130801688,0.5043739748496446,0.30701554553309784,0.0,1.0,0.4046473482777474,0.26401810134106973,0.0,1.0,0.5506287588846365,0.2668282011421844,0.0,1.0,0.3091580098414434,0.21668016456463934,0.0,1.0,21,0.15593220338983052,3.4008474576271186,8
218,1188,1215,13.296228836015375,124.60437710437711,13,5,2,3,896,0.7593220338983051,284,1009,0.8550847457627119,0.9341517857142857,837,172,0.9341517857142857,0.6056338028169014,0.8550847457627119,173,986,5.699421965317919,0.011016949152542373,0.00423728813559322,0.001694915254237288,0.002542372881355932,0.5031769305962854,0.3069720522197983,0.0,1.0,0.4051536874117519,0.2638988921800813,0.0,1.0,0.5506951232757684,0.2668959009275292,0.0,1.0,0.31033452807646356,0.21755588042210774,0.0,1.0,21,0.15572390572390574,3.3964646464646466,8
219,1179,1218,13.36924706433764,124.34351145038168,7,16,13,3,899,0.7567340067340067,289,1027,0.8644781144781145,0.9087875417130145,817,210,0.9087875417130145,0.726643598615917,0.8644781144781145,179,1009,5.636871508379889,0.005892255892255892,0.013468013468013467,0.010942760942760943,0.0025252525252525255,0.5018468357547402,0.30611465624870904,0.0,1.0,0.4053736080330515,0.26440860586382253,0.0,1.0,0.5512052313332786,0.26744623181954935,0.0,1.0,0.3096664751429588,0.21748815013418377,0.0,1.0,21,0.15606446140797287,3.409669211195929,8
220,1171,1231,13.40583575670062,124.27412467976089,5,13,10,3,924,0.7837150127226463,255,1068,0.905852417302799,0.9383116883116883,867,201,0.9383116883116883,0.788235294117647,0.905852417302799,170,1051,6.182352941176471,0.004240882103477523,0.01102629346904156,0.008481764206955046,0.002544529262086514,0.5034296575851904,0.30690184715762264,0.0,1.0,0.4060769675766508,0.264010994303121,0.0,1.0,0.5502878708575522,0.2670352974518662,0.0,1.0,0.30977108068648246,0.21697878384094557,0.0,1.0,21,0.15627668659265584,3.426131511528608,8
221,1173,1234,13.398608968650423,123.84143222506394,10,8,8,0,848,0.7241673783091375,323,1021,0.8719043552519214,0.9068396226415094,769,252,0.9068396226415094,0.7801857585139319,0.8719043552519214,181,1005,5.552486187845304,0.008539709649871904,0.006831767719897523,0.006831767719897523,0.0,0.5033963094354151,0.3072654110329292,0.0,1.0,0.40494458653026427,0.26417617880024247,0.0,1.0,0.5508621400874515,0.2658585269317612,0.0,1.0,0.30899540741962983,0.21563589432216967,0.0,1.0,20,0.15515771526001704,3.4339300937766413,8
222,1165,1240,13.499404009637246,123.88068669527897,5,13,10,3,903,0.7698209718670077,270,1037,0.8840579710144928,0.920265780730897,831,206,0.920265780730897,0.762962962962963,0.8840579710144928,175,1018,5.817142857142857,0.004262574595055414,0.011082693947144074,0.008525149190110827,0.0025575447570332483,0.5018967188148968,0.3072142660274524,0.0,1.0,0.4052055932438045,0.26443551684030575,0.0,1.0,0.550574553509622,0.26645913671500493,0.0,1.0,0.3086806036273017,0.21578333672820785,0.0,1.0,20,0.151931330472103,3.4394849785407726,8
223,1165,1253,13.412752128313945,122.95364806866952,13,13,11,2,879,0.7545064377682403,286,1027,0.8815450643776824,0.9169510807736063,806,221,0.9169510807736063,0.7727272727272727,0.8815450643776824,168,1008,6.0,0.011158798283261802,0.011158798283261802,0.00944206008583691,0.0017167381974248926,0.5025612626332548,0.3081935026527539,0.0,1.0,0.4055378651529835,0.26462528558207343,0.0,1.0,0.5494116018274955,0.26543507606251676,0.0,1.0,0.30740689464211546,0.21484692968726624,0.0,1.0,20,0.15021459227467812,3.4549356223175964,8
224,1161,1254,13.41702445398068,122.15503875968992,11,15,11,4,873,0.7493562231759656,292,1031,0.8849785407725322,0.9335624284077892,815,216,0.9335624284077892,0.7397260273972602,0.8849785407725322,176,1008,5.7272727272727275,0.00944206008583691,0.012875536480686695,0.00944206008583691,0.0034334763948497852,0.5010419271484539,0.30792910677083285,0.0,1.0,0.40601817120946904,0.2648173715840539,0.0,1.0,0.551193353894029,0.26577121259729136,0.0,1.0,0.30446500514017394,0.2135645836417317,0.0,1.0,20,0.14900947459086994,3.4616709732988804,8
225,1165,1262,13.404166140306456,121.8695278969957,10,6,4,2,910,0.7838070628768303,251,1031,0.8880275624461671,0.9351648351648352,851,180,0.9351648351648352,0.7171314741035857,0.8880275624461671,171,1010,5.906432748538012,0.008613264427217916,0.00516795865633075,0.0034453057708871662,0.0017226528854435831,0.501509068254188,0.30813378664150876,0.0,1.0,0.4061747196455766,0.2644163512511566,0.0,1.0,0.5522912917070469,0.26500418393523656,0.0,1.0,0.3048317873459781,0.21355860606713847,0.0,1.0,20,0.14935622317596567,3.4721030042918457,8
226,1161,1268,13.388406837404862,120.99655469422912,12,16,14,2,889,0.7630901287553649,276,1024,0.878969957081545,0.9122609673790776,811,213,0.9122609673790776,0.7717391304347826,0.878969957081545,177,1007,5.6892655367231635,0.010300429184549357,0.013733905579399141,0.01201716738197425,0.0017167381974248926,0.49965269095051545,0.30911304220230174,0.0,1.0,0.4051012753188297,0.26429695497249334,0.0,1.0,0.549165069045039,0.26493203877126786,0.0,1.0,0.30327026200994694,0.21235481901178088,0.0,1.0,20,0.1507321274763135,3.4978466838931954,8
227,1158,1274,13.405193882425614,120.69257340241796,7,10,9,1,913,0.7863910422049957,248,1035,0.8914728682170543,0.9233296823658269,843,192,0.9233296823658269,0.7741935483870968,0.8914728682170543,175,1016,5.805714285714286,0.006029285099052541,0.008613264427217916,0.007751937984496124,0.0008613264427217916,0.499665719538693,0.30936691626934054,0.0,1.0,0.40601147696250484,0.26434102297198125,0.0,1.0,0.5487770906457184,0.26465182898009687,0.0,1.0,0.3026073875981949,0.21141778577049009,0.0,1.0,20,0.14939550949913644,3.5,8
228,1156,1277,13.42845522901007,120.18685121107266,10,12,9,3,866,0.7478411053540587,292,977,0.8436960276338514,0.9237875288683602,800,177,0.9237875288683602,0.6061643835616438,0.8436960276338514,170,950,5.588235294117647,0.008635578583765112,0.010362694300518135,0.007772020725388601,0.0025906735751295338,0.5010603862038174,0.3088053126505041,0.0,1.0,0.40743944636678203,0.26561953541244415,0.0,1.0,0.5469360419689697,0.2654032099922397,0.0,1.0,0.302377497488559,0.2113271081627264,0.0,1.0,20,0.15051903114186851,3.5008650519031144,8
229,1153,1284,13.3908818505129,119.44926279271466,9,12,12,0,884,0.7647058823529411,272,1035,0.8953287197231834,0.9366515837104072,828,207,0.9366515837104072,0.7610294117647058,0.8953287197231834,164,1006,6.134146341463414,0.007785467128027681,0.010380622837370242,0.010380622837370242,0.0,0.5009652239599363,0.3078106147868585,0.0,1.0,0.4078281062026131,0.2660386717387415,0.0,1.0,0.5452815935987466,0.26516801022264336,0.0,1.0,0.30229695324958733,0.2115732004955186,0.0,1.0,20,0.15091066782307025,3.5143104943625327,8
230,1159,1281,13.41284003932267,118.8455565142364,14,8,4,4,868,0.7528187337380746,285,1006,0.8725065047701648,0.9285714285714286,806,200,0.9285714285714286,0.7017543859649122,0.8725065047701648,174,977,5.614942528735632,0.012142237640936688,0.006938421509106678,0.003469210754553339,0.003469210754553339,0.4985109521556403,0.3078219163214147,0.0,1.0,0.4075537866347519,0.2655962192699662,0.0,1.0,0.5434885468562999,0.26424804180546124,0.0,1.0,0.3014834813103621,0.21177049889102176,0.0,1.0,20,0.15012942191544434,3.5176876617773942,8
231,1154,1289,13.392569535844123,118.16377816291161,8,13,13,0,886,0.7644521138912856,273,1024,0.8835202761000863,0.9266365688487584,821,203,0.9266365688487584,0.7435897435897436,0.8835202761000863,169,1001,5.923076923076923,0.006902502157031924,0.011216566005176877,0.011216566005176877,0.0,0.49972046737854303,0.3079836142461451,0.0,1.0,0.40862078604573154,0.2668195085238994,0.0,1.0,0.5416224073349359,0.26450298947928064,0.0,1.0,0.3004137082797563,0.2114750005384725,0.0,1.0,20,0.14818024263431542,3.5285961871750433,8
232,1151,1286,13.379903829416754,117.47176368375325,9,12,12,0,888,0.7694974003466204,266,1030,0.8925476603119584,0.9301801801801802,826,204,0.9301801801801802,0.7669172932330827,0.8925476603119584,173,1000,5.780346820809249,0.00779896013864818,0.010398613518197574,0.010398613518197574,0.0,0.4991732294498472,0.3079660662339126,0.0,1.0,0.40904122642302626,0.26783638425886286,0.0,1.0,0.5405958353185168,0.2646931383372374,0.0,1.0,0.29892659959081863,0.20970623157220694,0.0,1.0,20,0.1476976542137272,3.539530842745439,8
233,1151,1298,13.28589832097103,116.73935708079931,12,12,9,3,905,0.7862728062554301,246,986,0.8566463944396178,0.9138121546961326,827,159,0.9138121546961326,0.6463414634146342,0.8566463944396178,173,971,5.61271676300578,0.010425716768027803,0.010425716768027803,0.007819287576020852,0.0026064291920069507,0.498612707042964,0.3078377933866138,0.0,1.0,0.4103584540792018,0.2692589613665059,0.0,1.0,0.539222555421653,0.26528548760196496,0.0,1.0,0.29704884952775984,0.20967786466681065,0.0,1.0,20,0.14596003475238922,3.5560382276281493,8
234,1151,1299,13.328807088393692,116.53692441355344,9,9,7,2,898,0.7801911381407471,253,1014,0.8809730668983493,0.9198218262806236,826,188,0.9198218262806236,0.7430830039525692,0.8809730668983493,174,989,5.683908045977011,0.007819287576020852,0.007819287576020852,0.006081668114682885,0.0017376194613379669,0.49679100922059355,0.30837584813793145,0.0,1.0,0.4106667414029876,0.26835934709704623,0.0,1.0,0.540623861438861,0.26594960391865097,0.0,1.0,0.2968806928056949,0.20989004587028734,0.0,1.0,20,0.14422241529105126,3.5534317984361423,8
235,1151,1310,13.342838241302807,116.22936576889661,9,9,8,1,867,0.7532580364900087,284,1000,0.8688097306689835,0.9123414071510957,791,209,0.9123414071510957,0.7359154929577465,0.8688097306689835,171,982,5.742690058479532,0.007819287576020852,0.007819287576020852,0.0069504778453518675,0.0008688097306689834,0.4962585129340546,0.30744789421473917,0.0,1.0,0.4099660883943836,0.2688927671330791,0.0,1.0,0.540259521874387,0.26647021518782044,0.0,1.0,0.29685266668535076,0.21096714539080902,0.0,1.0,20,0.14596003475238922,3.5664639443961774,8
236,1151,1317,13.39839177465158,115.97654213727193,7,7,6,1,869,0.7549956559513467,282,998,0.8670721112076455,0.9263521288837745,805,193,0.9263521288837745,0.6843971631205674,0.8670721112076455,176,981,5.573863636363637,0.006081668114682885,0.006081668114682885,0.005212858384013901,0.0008688097306689834,0.49726745326644434,0.30726732771175846,0.0,1.0,0.4115075250133124,0.2697393575395746,0.0,1.0,0.5396149211064712,0.26657359018312077,0.0,1.0,0.29676858832431824,0.21182719105609873,0.0,1.0,20,0.14682884448305822,3.576889661164205,8
237,1143,1314,13.523625804646224,115.76377952755905,4,12,12,0,884,0.7680278019113814,267,1015,0.8818418766290183,0.9377828054298643,829,186,0.9377828054298643,0.6966292134831461,0.8818418766290183,176,988,5.613636363636363,0.0034752389226759338,0.010425716768027803,0.010425716768027803,0.0,0.497897440239325,0.30682146420889744,0.0,1.0,0.41252504727231676,0.2711166791971563,0.0,1.0,0.5396664126661587,0.26690448905047603,0.0,1.0,0.29548725764118194,0.21131217386933226,0.0,1.0,20,0.14873140857392825,3.5853018372703414,8
238,1144,1319,13.379220664539213,114.13986013986013,16,15,14,1,878,0.7681539807524059,265,997,0.8722659667541557,0.9123006833712984,801,196,0.9123006833712984,0.7396226415094339,0.8722659667541557,174,976,5.609195402298851,0.01399825021872266,0.013123359580052493,0.012248468941382326,0.0008748906386701663,0.4976877960748929,0.30705077899420813,0.0,1.0,0.41182607714865777,0.2700599441581909,0.0,1.0,0.5389972930295511,0.2662530199727339,0.0,1.0,0.29393187457703585,0.209659368467831,0.0,1.0,20,0.1486013986013986,3.6066433566433567,8
239,1143,1330,13.30974454884516,113.09886264216973,13,14,11,3,847,0.7403846153846154,297,980,0.8566433566433567,0.89728453364817,760,220,0.89728453364817,0.7407407407407407,0.8566433566433567,169,960,5.680473372781065,0.011363636363636364,0.012237762237762238,0.009615384615384616,0.0026223776223776225,0.4968249936499873,0.3072599723515836,0.0,1.0,0.4104648209296418,0.2707057343165509,0.0,1.0,0.5387068551914882,0.26575012642908713,0.0,1.0,0.2947817006745125,0.21010338022422131,0.0,1.0,20,0.14873140857392825,3.6255468066491687,8
240,1136,1336,13.311079560148505,112.24735915492958,9,16,14,2,899,0.7865266841644795,244,991,0.8670166229221348,0.9110122358175751,819,172,0.9110122358175751,0.7049180327868853,0.8670166229221348,160,957,5.98125,0.007874015748031496,0.01399825021872266,0.012248468941382326,0.0017497812773403325,0.49412199000454343,0.3073206203959319,0.0,1.0,0.40881985461154025,0.27037157274934476,0.0,1.0,0.537965697410268,0.26647891127159307,0.0,1.0,0.29387210358927757,0.20980679089679538,0.0,1.0,20,0.1487676056338028,3.648767605633803,8
241,1136,1341,13.392368496504812,112.36971830985915,8,8,5,3,895,0.7878521126760564,241,1003,0.8829225352112676,0.9329608938547486,835,168,0.9329608938547486,0.6970954356846473,0.8829225352112676,170,978,5.752941176470588,0.007042253521126761,0.007042253521126761,0.0044014084507042256,0.002640845070422535,0.49486029077691956,0.30747688478903795,0.0,1.0,0.40913221263062244,0.26963891513949484,0.0,1.0,0.5384484325306679,0.2653692800456652,0.03225806451612903,1.0,0.2947239890958655,0.21056206286804977,0.0,1.0,19,0.1487676056338028,3.653169014084507,8
242,1135,1347,13.387775500691266,111.7022026431718,10,11,9,2,875,0.7702464788732394,261,1000,0.8802816901408451,0.9257142857142857,810,190,0.9257142857142857,0.7279693486590039,0.8802816901408451,171,977,5.713450292397661,0.008802816901408451,0.009683098591549295,0.007922535211267605,0.0017605633802816902,0.49577945147079727,0.3067514904210628,0.0,1.0,0.4088389938894415,0.26870111639364397,0.0,1.0,0.539548102884752,0.26483547247908795,0.03225806451612903,1.0,0.2947562881909905,0.20953047088934038,0.0,0.9354838709677419,19,0.1524229074889868,3.6651982378854626,8
243,1126,1354,13.520722596220278,111.79662522202487,3,12,9,3,843,0.7427312775330397,292,984,0.8669603524229075,0.9098457888493475,767,217,0.9098457888493475,0.7431506849315068,0.8669603524229075,171,962,5.625730994152047,0.0026431718061674008,0.010572687224669603,0.007929515418502203,0.0026431718061674008,0.49495788689623565,0.30650361316998026,0.0,1.0,0.40789549074657655,0.26802441141879835,0.0,1.0,0.5403942015699307,0.2648785785938013,0.03225806451612903,1.0,0.2955938807081877,0.20935638347449528,0.0,0.9354838709677419,19,0.152753108348135,3.672291296625222,8
244,1120,1356,13.684449288028611,111.77946428571428,3,9,7,2,858,0.7619893428063943,268,991,0.8801065719360568,0.9324009324009324,800,191,0.9324009324009324,0.7126865671641791,0.8801065719360568,171,964,5.637426900584796,0.0026642984014209592,0.007992895204262877,0.006216696269982238,0.0017761989342806395,0.49447004608294925,0.30665025958367154,0.0,1.0,0.4057027649769585,0.2670550090007721,0.0,1.0,0.5392569124423964,0.26483640425448274,0.03225806451612903,1.0,0.2956221198156682,0.20920669295903765,0.0,0.9354838709677419,19,0.15357142857142858,3.6839285714285714,8
245,1123,1357,13.699618620772762,111.09439002671415,11,8,8,0,858,0.7660714285714286,262,981,0.8758928571428571,0.9242424242424242,793,188,0.9242424242424242,0.7175572519083969,0.8758928571428571,170,952,5.6,0.009821428571428571,0.007142857142857143,0.007142857142857143,0.0,0.49639502484703996,0.3077188975578244,0.0,1.0,0.4072616551288312,0.267277264934191,0.0,1.0,0.5390802286502169,0.26459318779884866,0.03225806451612903,1.0,0.29437279177318815,0.2086508559535754,0.0,0.9354838709677419,19,0.15316117542297417,3.697239536954586,8
246,1128,1359,13.615181418898567,109.86702127659575,15,10,9,1,874,0.7782724844167409,249,1014,0.9029385574354408,0.9405034324942791,822,192,0.9405034324942791,0.7710843373493976,0.9029385574354408,174,990,5.689655172413793,0.013357079252003561,0.008904719501335707,0.008014247551202136,0.0008904719501335708,0.49436627773964764,0.30794048078204816,0.0,1.0,0.4063143445435827,0.267206901153788,0.0,1.0,0.5378631892015557,0.26409943279127224,0.03225806451612903,1.0,0.2943548387096774,0.2091253643608427,0.0,0.9354838709677419,19,0.15336879432624115,3.7154255319148937,8
247,1127,1364,13.595088653600891,109.08251996450754,10,11,10,1,875,0.775709219858156,253,983,0.8714539007092199,0.9325714285714286,816,167,0.9325714285714286,0.6600790513833992,0.8714539007092199,161,949,5.894409937888199,0.008865248226950355,0.00975177304964539,0.008865248226950355,0.0008865248226950354,0.4933451641526176,0.30737825123269424,0.0,1.0,0.40644588831324957,0.2669397912693656,0.0,1.0,0.5375389987692131,0.2647360602914817,0.0,1.0,0.2937287116810258,0.20867693869670412,0.0,0.9354838709677419,19,0.1526175687666371,3.740905057675244,8
248,1127,1370,13.568447562175802,108.0798580301686,11,11,11,0,857,0.7604259094942325,270,997,0.8846495119787046,0.9148191365227538,784,213,0.9148191365227538,0.7888888888888889,0.8846495119787046,175,978,5.588571428571429,0.009760425909494233,0.009760425909494233,0.009760425909494233,0.0,0.4914846724103386,0.3070618302452485,0.0,1.0,0.4075049374588545,0.2669006999512295,0.0,1.0,0.5374817528694508,0.2646988286789758,0.0,1.0,0.2934711051320949,0.20916932662090015,0.0,0.9354838709677419,19,0.1526175687666371,3.7551020408163267,8
249,1127,1375,13.58524962140433,107.61756876663709,10,10,8,2,841,0.74622892635315,286,943,0.8367346938775511,0.9096313912009513,765,178,0.9096313912009513,0.6223776223776224,0.8367346938775511,172,920,5.348837209302325,0.008873114463176575,0.008873114463176575,0.00709849157054126,0.001774622892635315,0.49108395111200165,0.3075762422670458,0.0,1.0,0.40721870796004234,0.26651394109189425,0.0,1.0,0.5380255889171939,0.2649211533560155,0.0,1.0,0.2916392363396972,0.20803812131922936,0.0,0.9354838709677419,19,0.15350488021295475,3.76131322094055,8
250,1123,1385,13.56428041992299,106.81121994657168,8,12,11,1,895,0.7941437444543035,232,973,0.8633540372670807,0.9139664804469274,818,155,0.9139664804469274,0.6681034482758621,0.8633540372670807,174,957,5.5,0.00709849157054126,0.01064773735581189,0.009760425909494233,0.0008873114463176575,0.4890414500330337,0.30746648961592415,0.0,1.0,0.40752017924338607,0.2665024729109199,0.0,1.0,0.5388504294372791,0.26545909226231573,0.0,1.0,0.29218969925028004,0.20839299053377328,0.0,0.9354838709677419,19,0.15405164737310775,3.771148708815672,8
251,1115,1390,13.684251343341051,106.87533632286996,3,11,8,3,835,0.7435440783615316,288,974,0.8673196794300979,0.9305389221556887,777,197,0.9305389221556887,0.6840277777777778,0.8673196794300979,171,950,5.555555555555555,0.0026714158504007124,0.009795191451469279,0.007123775601068566,0.0026714158504007124,0.4893099956603501,0.30766970162316076,0.0,1.0,0.4076377838854332,0.2669801798373389,0.0,1.0,0.5390423839143642,0.2651237431636863,0.0,1.0,0.2905829596412556,0.2064663657263701,0.0,0.9354838709677419,19,0.15426008968609867,3.7865470852017937,8
252,1112,1400,13.673613336890536,105.8021582733813,11,14,12,2,827,0.7417040358744394,288,983,0.8816143497757848,0.9347037484885127,773,210,0.9347037484885127,0.7291666666666666,0.8816143497757848,171,964,5.637426900584796,0.009865470852017937,0.012556053811659192,0.010762331838565023,0.0017937219730941704,0.4898758412624739,0.3077169506931523,0.0,1.0,0.4083604084474356,0.26592910491188165,0.0,1.0,0.5403225806451614,0.2645402195981852,0.0,1.0,0.29151195172893946,0.2071393604997412,0.0,0.9354838709677419,19,0.15377697841726617,3.801258992805755,8
253,1111,1405,13.73132515917771,105.22952295229523,9,10,9,1,820,0.737410071942446,292,995,0.8947841726618705,0.9402439024390243,771,224,0.9402439024390243,0.7671232876712328,0.8947841726618705,170,970,5.705882352941177,0.008093525179856115,0.008992805755395683,0.008093525179856115,0.0008992805755395684,0.4895908945733283,0.3072853442122968,0.0,1.0,0.4085537586016666,0.265060512704421,0.0,1.0,0.5408669899247989,0.2651756462002486,0.0,1.0,0.2918904793705177,0.20744010612369104,0.0,0.9354838709677419,19,0.15391539153915393,3.810981098109811,8
254,1103,1409,13.834122129589629,104.65004533091569,6,14,12,2,852,0.7668766876687669,259,971,0.873987398739874,0.9330985915492958,795,176,0.9330985915492958,0.6795366795366795,0.873987398739874,168,943,5.613095238095238,0.0054005400540054005,0.012601260126012601,0.010801080108010801,0.0018001800180018,0.4876436697569678,0.30805771062040166,0.0,1.0,0.4068376568303454,0.2657831484543031,0.0,1.0,0.539935074430439,0.26554763118932523,0.0,1.0,0.2915801479835054,0.20792337714449213,0.0,0.9354838709677419,19,0.15231187669990934,3.828649138712602,8
255,1105,1417,13.666107831919007,102.58823529411765,18,16,15,1,836,0.7579329102447869,267,988,0.8957388939256573,0.9342105263157895,781,207,0.9342105263157895,0.7752808988764045,0.8957388939256573,176,972,5.5227272727272725,0.016319129646418858,0.014505893019038985,0.013599274705349048,0.0009066183136899365,0.4893300248138958,0.30890795308959046,0.0,1.0,0.4086702671142899,0.26794466590363814,0.0,1.0,0.5396584440227704,0.2653583434175672,0.0,1.0,0.28956356736242883,0.2075720132762047,0.0,0.9354838709677419,19,0.1502262443438914,3.842533936651584,8
256,1103,1425,13.62159473036134,101.59292837715321,11,13,11,2,845,0.7647058823529411,260,935,0.8461538461538461,0.9112426035502958,770,165,0.9112426035502958,0.6346153846153846,0.8461538461538461,167,910,5.449101796407185,0.009954751131221719,0.011764705882352941,0.009954751131221719,0.0018099547511312218,0.4921767613254175,0.30958052123371077,0.0,1.0,0.409089579738543,0.26888401931506273,0.0,1.0,0.5373322024975872,0.2651408558428704,0.0,1.0,0.2891235048109262,0.20705984193082444,0.0,0.9354838709677419,19,0.14959202175883954,3.8458748866727106,8
257,1095,1434,13.68910204931013,101.05844748858448,6,14,11,3,863,0.7824116047144152,240,971,0.8803263825929284,0.9246813441483198,798,173,0.9246813441483198,0.7208333333333333,0.8803263825929284,168,948,5.642857142857143,0.005439709882139619,0.012692656391659111,0.009972801450589302,0.0027198549410698096,0.4898806893504198,0.30969398142813903,0.0,1.0,0.4087199882162322,0.2687682713833802,0.0,1.0,0.5365444100751215,0.26490853999704317,0.0,1.0,0.2895271763146266,0.20726276392020287,0.0,0.9354838709677419,19,0.14977168949771688,3.8593607305936075,8
258,1086,1441,13.852247521046657,101.23020257826887,2,11,7,4,874,0.7981735159817351,221,935,0.8538812785388128,0.9038901601830663,790,145,0.9038901601830663,0.6561085972850679,0.8538812785388128,170,912,5.364705882352941,0.0018264840182648401,0.01004566210045662,0.006392694063926941,0.0036529680365296802,0.4906136755183271,0.31027059995113704,0.0,1.0,0.4095526644091962,0.27003536223159513,0.0,1.0,0.5346640527535198,0.26513631243476693,0.0,1.0,0.28770866749836627,0.20690203374497562,0.0,0.9354838709677419,19,0.14917127071823205,3.8683241252302025,8
259,1090,1449,13.784948315195818,100.08990825688073,13,9,9,0,835,0.7688766114180479,251,943,0.8683241252302025,0.9029940119760479,754,189,0.9029940119760479,0.7529880478087649,0.8683241252302025,177,928,5.242937853107344,0.011970534069981584,0.008287292817679558,0.008287292817679558,0.0,0.49227582124889024,0.3103450490354727,0.0,1.0,0.40952944658182894,0.2700934277829951,0.0,1.0,0.5337081976916247,0.265184225556411,0.0,1.0,0.28662326131991717,0.2066186277351304,0.0,0.9354838709677419,19,0.15045871559633028,3.8752293577981654,8
260,1085,1457,13.795984899228031,99.10599078341014,9,14,12,2,790,0.7247706422018348,300,933,0.8559633027522936,0.9075949367088607,717,216,0.9075949367088607,0.72,0.8559633027522936,167,908,5.437125748502994,0.008256880733944955,0.012844036697247707,0.011009174311926606,0.001834862385321101,0.4900550022298202,0.3110687449359651,0.0,1.0,0.4097814776274714,0.2704519833865888,0.0,1.0,0.5341162479559982,0.2651973407351032,0.0,1.0,0.28556563103909616,0.20664849931025234,0.0,0.9354838709677419,19,0.15023041474654378,3.8995391705069125,8
261,1082,1468,13.691442557071184,97.36136783733826,13,16,15,1,860,0.7926267281105991,225,950,0.8755760368663594,0.9290697674418604,799,151,0.9290697674418604,0.6711111111111111,0.8755760368663594,164,925,5.640243902439025,0.011981566820276499,0.014746543778801843,0.013824884792626729,0.0009216589861751152,0.4901615884562638,0.3120514219146476,0.0,1.0,0.40915866674616896,0.2705094710926978,0.0,1.0,0.5333015324071313,0.2652671012958053,0.0,1.0,0.2851052411901497,0.20611588347481077,0.0,0.9354838709677419,19,0.15064695009242143,3.9057301293900184,8
262,1089,1474,13.630293178518691,95.9880624426079,16,9,9,0,837,0.7735674676524954,245,959,0.8863216266173752,0.9342891278375149,782,177,0.9342891278375149,0.7224489795918367,0.8863216266173752,177,942,5.322033898305085,0.014787430683918669,0.00831792975970425,0.00831792975970425,0.0,0.48911401404070026,0.3111948874632355,0.0,1.0,0.407802363814094,0.26891197223793717,0.0,1.0,0.53425753132498,0.26462755933783916,0.0,1.0,0.2869753250984922,0.2068165507426689,0.0,0.9354838709677419,19,0.14967860422405876,3.9274563820018367,8
263,1095,1484,13.558750652420226,95.10958904109589,13,7,7,0,841,0.7722681359044995,248,970,0.8907254361799817,0.9215219976218787,775,195,0.9215219976218787,0.7862903225806451,0.8907254361799817,168,948,5.642857142857143,0.011937557392102846,0.006427915518824609,0.006427915518824609,0.0,0.4900574458683164,0.3120839345740854,0.0,1.0,0.408101340403594,0.2688721158935198,0.0,1.0,0.5343938724407129,0.264916671063806,0.0,1.0,0.2864633966710856,0.20603260583684874,0.0,0.9354838709677419,18,0.15342465753424658,3.938812785388128,8
264,1100,1490,13.592833955772068,94.87363636363636,10,5,4,1,808,0.7378995433789954,287,943,0.8611872146118722,0.905940594059406,732,211,0.905940594059406,0.735191637630662,0.8611872146118722,169,918,5.431952662721893,0.0091324200913242,0.0045662100456621,0.0036529680365296802,0.0009132420091324201,0.49008797653958946,0.31234666743329453,0.0,1.0,0.40824046920821117,0.2678539448296149,0.0,1.0,0.5345454545454545,0.2643040940650396,0.0,1.0,0.2872434017595308,0.2059216467449978,0.0,0.9354838709677419,18,0.15181818181818182,3.942727272727273,8
265,1105,1500,13.456737488566471,93.40361990950227,15,10,10,0,836,0.76,264,992,0.9018181818181819,0.9473684210526315,792,200,0.9473684210526315,0.7575757575757576,0.9018181818181819,165,967,5.86060606060606,0.013636363636363636,0.00909090909090909,0.00909090909090909,0.0,0.488833746898263,0.31234655651139365,0.0,1.0,0.4072398190045249,0.26779766030815355,0.0,1.0,0.533411180849511,0.26355428903438155,0.0,1.0,0.2855933440373668,0.20511869416070228,0.0,0.9354838709677419,18,0.1520361990950226,3.9647058823529413,8
266,1096,1507,13.500499040150997,92.50821167883211,7,16,13,3,850,0.7692307692307693,255,997,0.902262443438914,0.9505882352941176,808,189,0.9505882352941176,0.7411764705882353,0.902262443438914,166,970,5.843373493975903,0.006334841628959276,0.014479638009049774,0.011764705882352941,0.0027149321266968325,0.48910995997174483,0.31252743370756847,0.0,1.0,0.40522721921356253,0.26822437361914037,0.0,1.0,0.5329350129503179,0.2637045511314122,0.0,1.0,0.28528961619967036,0.20479434807784122,0.0,0.9354838709677419,18,0.15237226277372262,3.9844890510948905,8
267,1095,1515,13.475360829604021,91.53333333333333,12,13,10,3,855,0.7801094890510949,241,986,0.8996350364963503,0.935672514619883,800,186,0.935672514619883,0.7717842323651453,0.8996350364963503,168,962,5.726190476190476,0.010948905109489052,0.011861313868613138,0.009124087591240875,0.002737226277372263,0.48887906908233913,0.31239419230380977,0.0,1.0,0.4063337752246281,0.2687923135710946,0.0,1.0,0.5335100898512298,0.26446996075725815,0.0,1.0,0.28528501988510824,0.20465110038476844,0.0,0.9354838709677419,18,0.154337899543379,3.99634703196347,8
268,1098,1521,13.504173842910522,91.0528233151184,11,8,6,2,819,0.7479452054794521,276,940,0.8584474885844748,0.9230769230769231,756,184,0.9230769230769231,0.6666666666666666,0.8584474885844748,170,916,5.3882352941176475,0.01004566210045662,0.0073059360730593605,0.005479452054794521,0.0018264840182648401,0.48677948175568486,0.3122623720361171,0.0,1.0,0.4074857512192256,0.2690204617575789,0.0,1.0,0.5339032845643105,0.2656710727917536,0.0,1.0,0.28532816264175337,0.20500883883857993,0.0,0.9354838709677419,18,0.15482695810564662,4.0063752276867035,8
269,1100,1526,13.478440739288356,89.90272727272728,12,10,10,0,818,0.7449908925318761,280,962,0.8761384335154827,0.9376528117359413,767,195,0.9376528117359413,0.6964285714285714,0.8761384335154827,172,939,5.459302325581396,0.01092896174863388,0.009107468123861567,0.009107468123861567,0.0,0.4858651026392962,0.31136483748517657,0.0,1.0,0.4065689149560118,0.2692572486468382,0.0,1.0,0.5318181818181819,0.26615043982954467,0.0,1.0,0.28337243401759526,0.20389717636747298,0.0,0.9354838709677419,18,0.15363636363636363,4.02,8
270,1105,1528,13.403914936308432,88.28235294117647,16,11,10,1,842,0.7654545454545455,258,995,0.9045454545454545,0.9429928741092637,794,201,0.9429928741092637,0.7790697674418605,0.9045454545454545,176,973,5.528409090909091,0.014545454545454545,0.01,0.00909090909090909,0.0009090909090909091,0.4848343307546344,0.3111021792369665,0.0,1.0,0.4070354692745584,0.2701603271914804,0.0,1.0,0.5339950372208436,0.2664614169751929,0.0,1.0,0.2828200262735367,0.20386836981701426,0.0,0.9354838709677419,18,0.1502262443438914,4.047963800904977,8
271,1097,1544,13.44887929325119,87.4056517775752,6,14,13,1,832,0.7529411764705882,273,945,0.8552036199095022,0.9026442307692307,751,194,0.9026442307692307,0.7106227106227107,0.8552036199095022,162,923,5.697530864197531,0.005429864253393665,0.012669683257918552,0.011764705882352941,0.0009049773755656109,0.4844002705325374,0.31053112887705625,0.0,1.0,0.40712206310465493,0.2699505060844656,0.0,1.0,0.5342429499808863,0.26689343483873396,0.0,1.0,0.28238303878613225,0.2040772924374393,0.0,0.9354838709677419,18,0.14767547857793983,4.066545123062899,8
272,1090,1556,13.460808135568007,86.05963302752293,9,16,13,3,841,0.7666362807657247,256,955,0.8705560619872379,0.9167657550535078,771,184,0.9167657550535078,0.71875,0.8705560619872379,160,927,5.79375,0.008204193254329991,0.014585232452142206,0.011850501367365542,0.0027347310847766638,0.48452204794317844,0.30979940498935366,0.0,1.0,0.4078425569695176,0.2702264649437737,0.0,1.0,0.5358094110683634,0.266990657691336,0.0,1.0,0.28123705238236163,0.20347564003281224,0.0,0.9354838709677419,18,0.14770642201834863,4.086238532110092,8
273,1086,1557,13.581116620908858,85.29558011049724,8,12,9,3,826,0.7577981651376147,264,959,0.8798165137614679,0.923728813559322,763,196,0.923728813559322,0.7424242424242424,0.8798165137614679,175,935,5.3428571428571425,0.007339449541284404,0.011009174311926606,0.008256880733944955,0.0027522935779816515,0.4844650389116616,0.3092282475809875,0.0,1.0,0.4080971900433672,0.26915929142981704,0.0,1.0,0.5367135982890751,0.26638617103437995,0.0,1.0,0.2823323234123448,0.20379792442800018,0.0,0.9354838709677419,18,0.14917127071823205,4.094843462246777,8
274,1083,1570,13.582797636885271,84.3859649122807,9,12,10,2,860,0.7918968692449355,226,953,0.8775322283609577,0.922093023255814,793,160,0.922093023255814,0.7079646017699115,0.8775322283609577,170,936,5.5058823529411764,0.008287292817679558,0.011049723756906077,0.009208103130755065,0.001841620626151013,0.4860453340481935,0.30958246151498536,0.0,1.0,0.4090191522949989,0.2700003493183479,0.0,1.0,0.5368004050874214,0.26690340000162727,0.0,1.0,0.28216126053674084,0.20368014195062395,0.0,0.9354838709677419,18,0.14958448753462603,4.096952908587258,8
275,1090,1566,13.549936025288213,83.21284403669725,15,8,8,0,850,0.7848568790397045,233,987,0.9113573407202216,0.96,816,171,0.96,0.7339055793991416,0.9113573407202216,177,960,5.423728813559322,0.013850415512465374,0.007386888273314866,0.007386888273314866,0.0,0.4859721811186742,0.30998858422060366,0.0,1.0,0.40870079905297424,0.2688396771225762,0.0,1.0,0.5375258952352767,0.2662712402388845,0.0,1.0,0.28236164545723585,0.20274729989436927,0.0,0.9354838709677419,18,0.14862385321100918,4.111926605504587,8
276,1089,1574,13.584711234114248,82.40128558310377,8,9,9,0,821,0.7532110091743119,269,965,0.8853211009174312,0.9293544457978076,763,202,0.9293544457978076,0.7509293680297398,0.8853211009174312,164,937,5.713414634146342,0.007339449541284404,0.008256880733944955,0.008256880733944955,0.0,0.4858260019550343,0.3109733737006346,0.0,1.0,0.4092834503391688,0.26980507645593144,0.0,1.0,0.5365384045735951,0.26596563839218024,0.0,1.0,0.2814360614947125,0.20238937624629527,0.0,0.9354838709677419,18,0.1487603305785124,4.122130394857668,8
277,1089,1583,13.608910912779077,81.92929292929293,8,8,7,1,850,0.7805325987144169,239,950,0.8723599632690542,0.9364705882352942,796,154,0.9364705882352942,0.6443514644351465,0.8723599632690542,153,912,5.96078431372549,0.0073461891643709825,0.0073461891643709825,0.006427915518824609,0.0009182736455463728,0.48692200598358953,0.310837003396649,0.0,1.0,0.41046831955922863,0.26995999048540414,0.0,1.0,0.5356497526585503,0.2666637484377395,0.0,1.0,0.2808140051541811,0.2025947068947611,0.0,0.9354838709677419,18,0.1487603305785124,4.132231404958677,8
278,1095,1582,13.699847798994293,82.00091324200913,11,5,2,3,819,0.7520661157024794,270,950,0.8723599632690542,0.9218559218559218,755,195,0.9218559218559218,0.7222222222222222,0.8723599632690542,167,916,5.485029940119761,0.010101010101010102,0.004591368227731864,0.0018365472910927456,0.0027548209366391185,0.487170422742672,0.3106966097452434,0.0,1.0,0.40966268964501396,0.2693866111513787,0.0,1.0,0.5361319782000294,0.26631736394827604,0.0,1.0,0.28051259390190014,0.20191974060189796,0.0,0.9354838709677419,18,0.14885844748858448,4.13972602739726,8
279,1098,1594,13.689665003722451,81.23497267759562,12,9,8,1,829,0.7570776255707763,266,986,0.9004566210045662,0.9324487334137516,773,213,0.9324487334137516,0.8007518796992481,0.9004566210045662,162,960,5.925925925925926,0.010958904109589041,0.00821917808219178,0.0073059360730593605,0.0009132420091324201,0.48469357776602623,0.31118798332262954,0.0,1.0,0.40927786591456605,0.2687076306705465,0.0,1.0,0.5358716728362418,0.2658263396045199,0.0,1.0,0.28027498677948176,0.20161020130943744,0.0,0.9354838709677419,18,0.14845173041894352,4.154826958105646,8
280,1101,1599,13.69546788699171,80.61307901907357,10,7,7,0,861,0.7841530054644809,237,980,0.8925318761384335,0.9337979094076655,804,176,0.9337979094076655,0.7426160337552743,0.8925318761384335,168,953,5.6726190476190474,0.009107468123861567,0.006375227686703097,0.006375227686703097,0.0,0.48360727784125873,0.3109547286312087,0.0,1.0,0.4095397146289297,0.2682906036049306,0.0,1.0,0.535700682663854,0.2661075415750757,0.0,1.0,0.28123992851073804,0.20173218050424815,0.0,0.9354838709677419,18,0.148047229791099,4.164396003633061,8
281,1107,1603,13.695387490923425,79.82023486901535,14,8,6,2,817,0.7420526793823796,284,942,0.8555858310626703,0.9130966952264382,746,196,0.9130966952264382,0.6901408450704225,0.8555858310626703,166,912,5.493975903614458,0.012715712988192553,0.007266121707538601,0.005449591280653951,0.0018165304268846503,0.4852114112538975,0.31170296400867253,0.0,1.0,0.4098551738205554,0.26769061311163916,0.0,1.0,0.5350409418072675,0.26629732707943354,0.0,1.0,0.2823381997260833,0.20202276297224642,0.0,0.9354838709677419,18,0.14905149051490515,4.176151761517615,8
282,1114,1604,13.714362413354696,79.7019748653501,10,3,3,0,850,0.7678410117434508,257,975,0.8807588075880759,0.9317647058823529,792,183,0.9317647058823529,0.7120622568093385,0.8807588075880759,173,949,5.485549132947977,0.009033423667570008,0.0027100271002710027,0.0027100271002710027,0.0,0.48685353564603,0.31216382506408313,0.0,1.0,0.41098627439624713,0.26879446908565774,0.0,1.0,0.5328082469450396,0.2662282588471698,0.0,1.0,0.2811142642033938,0.20174629146642203,0.0,0.9354838709677419,18,0.1481149012567325,4.1804308797127465,8
283,1114,1612,13.757515613173615,79.7064631956912,6,6,5,1,875,0.7854578096947935,239,966,0.8671454219030521,0.9074285714285715,794,172,0.9074285714285715,0.7196652719665272,0.8671454219030521,170,944,5.552941176470588,0.005385996409335727,0.005385996409335727,0.004488330341113106,0.0008976660682226212,0.48656396594660334,0.3123728579304655,0.0,1.0,0.41118897318584585,0.268621678671103,0.0,1.0,0.532258064516129,0.26617619284106275,0.0,1.0,0.2811142642033938,0.20204239748984265,0.0,0.9354838709677419,18,0.14721723518850988,4.193895870736086,8
284,1113,1619,13.745563529590882,78.86343216531895,9,10,10,0,845,0.7585278276481149,269,978,0.8779174147217235,0.9230769230769231,780,198,0.9230769230769231,0.7360594795539034,0.8779174147217235,166,951,5.728915662650603,0.00807899461400359,0.008976660682226212,0.008976660682226212,0.0,0.486798249427586,0.3120859507790146,0.0,1.0,0.41176129611917806,0.26872790780794337,0.0,1.0,0.5321566240616757,0.26588770796985134,0.0,1.0,0.28055531403066397,0.2022435116340648,0.0,0.9354838709677419,18,0.14824797843665768,4.203953279424978,8
285,1115,1629,13.678967971016641,77.88609865470852,11,9,9,0,871,0.7825696316262354,242,954,0.8571428571428571,0.912743972445465,795,159,0.912743972445465,0.6570247933884298,0.8571428571428571,173,937,5.416184971098266,0.009883198562443846,0.008086253369272238,0.008086253369272238,0.0,0.4877477216837842,0.3123293676490406,0.0,1.0,0.41180384782294227,0.26842695901482294,0.0,1.0,0.5312599450311009,0.2656973384781243,0.0,1.0,0.2806596267901056,0.20173614003148616,0.0,0.9354838709677419,18,0.14887892376681613,4.222421524663677,9
286,1121,1633,13.699135118789744,77.91614629794826,10,4,3,1,864,0.7748878923766817,251,991,0.8887892376681614,0.9270833333333334,801,190,0.9270833333333334,0.7569721115537849,0.8887892376681614,174,969,5.568965517241379,0.008968609865470852,0.003587443946188341,0.0026905829596412557,0.0008968609865470852,0.48729532963080197,0.3121450458418403,0.0,1.0,0.41250611493194445,0.2680811060808916,0.0,1.0,0.5308911973756151,0.26522790274866825,0.0,1.0,0.280107047279215,0.20179587232695753,0.0,0.9354838709677419,18,0.14897413024085637,4.234611953612846,9
287,1121,1640,13.7617899520159,77.94826048171275,7,7,5,2,837,0.7466547725245317,284,972,0.8670829616413916,0.929510155316607,778,194,0.929510155316607,0.6830985915492958,0.8670829616413916,168,947,5.636904761904762,0.006244424620874219,0.006244424620874219,0.0044603033006244425,0.001784121320249777,0.4881298379902737,0.31171963776640516,0.0,1.0,0.41250611493194445,0.2673494950209311,0.0,1.0,0.5317544818854134,0.26524144605293765,0.0,1.0,0.2806250179850939,0.2016097425734593,0.0,0.9354838709677419,18,0.14986619090098127,4.241748438893845,9
288,1130,1640,13.698039996739263,77.19469026548673,15,6,6,0,851,0.7591436217662801,270,988,0.8813559322033898,0.9435957696827262,803,185,0.9435957696827262,0.6851851851851852,0.8813559322033898,173,961,5.554913294797688,0.013380909901873328,0.0053523639607493305,0.0053523639607493305,0.0,0.48672566371681414,0.3115988990056841,0.0,1.0,0.41153297173850983,0.26587100885819065,0.0,1.0,0.531858407079646,0.26536617026542747,0.0,1.0,0.28130174136454467,0.2017476155331881,0.0,0.9354838709677419,18,0.1504424778761062,4.254867256637168,9
289,1128,1647,13.736992634477255,76.77570921985816,8,10,8,2,884,0.7823008849557522,246,990,0.8761061946902655,0.9287330316742082,821,169,0.9287330316742082,0.6869918699186992,0.8761061946902655,166,963,5.801204819277109,0.007079646017699115,0.008849557522123894,0.007079646017699115,0.0017699115044247787,0.4880176161061542,0.3125652392999086,0.0,1.0,0.41392129947380457,0.2656181122919428,0.0,1.0,0.5327728208647907,0.2645387842570705,0.0,1.0,0.28048501487073896,0.20167830602084094,0.0,0.9354838709677419,18,0.14893617021276595,4.259751773049645,9
290,1138,1655,13.653470303369216,76.3365553602812,16,6,4,2,847,0.750886524822695,281,1004,0.8900709219858156,0.9327036599763873,790,214,0.9327036599763873,0.7615658362989324,0.8900709219858156,167,979,5.862275449101796,0.014184397163120567,0.005319148936170213,0.0035460992907801418,0.0017730496453900709,0.48613866999263,0.31207212565295694,0.0,1.0,0.41286354101706446,0.26408678088659504,0.0,1.0,0.5327116049662679,0.2639852357550439,0.0,1.0,0.280571460967175,0.20121086749882797,0.0,0.9354838709677419,18,0.15114235500878734,4.274165202108963,9
291,1139,1654,13.632938353103862,75.51448639157155,12,11,8,3,900,0.7908611599297012,238,1017,0.8936731107205624,0.9333333333333333,840,177,0.9333333333333333,0.7436974789915967,0.8936731107205624,174,990,5.689655172413793,0.01054481546572935,0.009666080843585237,0.007029876977152899,0.0026362038664323375,0.4876660341555978,0.31213984376791665,0.0,1.0,0.41357727491574386,0.2628341250176419,0.0,1.0,0.5317341187799145,0.26331507852013813,0.0,1.0,0.28043841513495144,0.20119075737420786,0.0,0.9354838709677419,18,0.15452151009657594,4.295873573309921,9
292,1139,1652,13.653914709485155,75.06496927129061,11,11,7,4,897,0.7875329236172081,242,1008,0.8849868305531168,0.9420289855072463,845,163,0.9420289855072463,0.6735537190082644,0.8849868305531168,175,981,5.605714285714286,0.009657594381035996,0.009657594381035996,0.006145741878841089,0.003511852502194908,0.4887988898014671,0.31272639895760546,0.0,1.0,0.4138321674360645,0.2623438269509855,0.0,1.0,0.5313376193038601,0.2623894553140498,0.0,1.0,0.2797303803562831,0.20062946650473498,0.0,0.9354838709677419,18,0.15452151009657594,4.314310798946444,10
293,1141,1653,13.70237650897115,74.72655565293601,9,7,5,2,856,0.7515364354697103,283,1023,0.8981562774363476,0.9334112149532711,799,224,0.9334112149532711,0.7915194346289752,0.8981562774363476,175,999,5.708571428571428,0.007901668129938543,0.006145741878841089,0.004389815627743635,0.001755926251097454,0.48802691470413617,0.31235096040891697,0.0,1.0,0.4133894998727771,0.2616268724755163,0.0,1.0,0.5314523196969269,0.2617742081797605,0.0,1.0,0.279833762121512,0.20041982368858433,0.0,0.9354838709677419,18,0.15600350569675722,4.323400525854513,10
294,1149,1655,13.713987377767305,74.76414273281114,13,5,2,3,854,0.7484662576687117,287,1001,0.8773006134969326,0.9297423887587822,794,207,0.9297423887587822,0.7212543554006968,0.8773006134969326,167,970,5.808383233532934,0.011393514460999123,0.0043821209465381246,0.0017528483786152498,0.0026292725679228747,0.4875487801454281,0.31219136035844686,0.0,1.0,0.4121115135180662,0.2604365909032069,0.0,1.0,0.532468626294955,0.26172894721490264,0.0,1.0,0.27990679131923973,0.20021191666304605,0.0,0.9354838709677419,18,0.1566579634464752,4.333333333333333,10
295,1161,1660,13.596610780079754,74.37812230835486,15,3,3,0,939,0.8172323759791122,210,997,0.8677110530896431,0.9222577209797657,866,131,0.9222577209797657,0.6238095238095238,0.8677110530896431,173,975,5.635838150289017,0.013054830287206266,0.0026109660574412533,0.0026109660574412533,0.0,0.48712178044511123,0.31166150501687273,0.0,1.0,0.410686004834542,0.2599403825887962,0.0,1.0,0.5334111305604179,0.2615021494013098,0.0,1.0,0.28059792725959265,0.2000664202533518,0.0,0.9354838709677419,18,0.15762273901808785,4.3496985357450475,10
296,1157,1663,13.592708355188659,73.74589455488332,8,12,10,2,916,0.788975021533161,245,1034,0.8906115417743324,0.9268558951965066,849,185,0.9268558951965066,0.7551020408163265,0.8906115417743324,175,1012,5.782857142857143,0.0068906115417743325,0.0103359173126615,0.008613264427217916,0.0017226528854435831,0.48777427719073246,0.312043964118477,0.0,1.0,0.4121894777929573,0.25949971999688937,0.0,1.0,0.5348091560487356,0.26115818904392896,0.0,1.0,0.27978364513340953,0.20001669349177914,0.0,0.9354838709677419,18,0.1581676750216076,4.360414866032843,10
297,1164,1671,13.590848629002474,73.88917525773196,9,2,2,0,866,0.7484874675885912,291,1021,0.8824546240276577,0.930715935334873,806,215,0.930715935334873,0.738831615120275,0.8824546240276577,170,999,5.876470588235295,0.007778738115816767,0.001728608470181504,0.001728608470181504,0.0,0.48830506595721096,0.31254767721929716,0.0,1.0,0.41303624875290984,0.2592109211959322,0.0,1.0,0.5351956545837491,0.2606279728978034,0.0,1.0,0.2793759006762,0.1993391526131213,0.0,0.9354838709677419,18,0.15721649484536082,4.364261168384879,10
298,1166,1672,13.650587532965615,74.12607204116638,7,5,3,2,879,0.7551546391752577,285,1022,0.8780068728522337,0.9112627986348123,801,221,0.9112627986348123,0.775438596491228,0.8780068728522337,179,1002,5.597765363128492,0.006013745704467354,0.00429553264604811,0.002577319587628866,0.001718213058419244,0.4887401095556908,0.3123815571333133,0.0,1.0,0.41348973607038125,0.25921259888170417,0.0,1.0,0.5347479665799811,0.2600325986711885,0.0,1.0,0.2796713329275715,0.1995462100250049,0.0,0.9354838709677419,18,0.1569468267581475,4.382504288164665,10
299,1175,1671,13.64353288611063,74.18553191489362,12,3,2,1,903,0.774442538593482,263,1040,0.8919382504288165,0.9235880398671097,834,206,0.9235880398671097,0.7832699619771863,0.8919382504288165,169,1008,5.964497041420119,0.010291595197255575,0.002572898799313894,0.0017152658662092624,0.0008576329331046312,0.4882086479066575,0.31194371211702515,0.0,1.0,0.41243651338366505,0.25836282354204604,0.0,1.0,0.5355387783115991,0.26021342192146213,0.0,1.0,0.28035689773507205,0.19919659782251814,0.0,0.9354838709677419,18,0.1574468085106383,4.395744680851064,10
300,1183,1667,13.598557237414896,73.9737954353339,13,5,4,1,935,0.7957446808510639,240,1026,0.8731914893617021,0.906951871657754,848,178,0.906951871657754,0.7416666666666667,0.8731914893617021,174,996,5.724137931034483,0.011063829787234043,0.00425531914893617,0.003404255319148936,0.000851063829787234,0.4882611185340714,0.31159700206207186,0.0,1.0,0.4128650505821722,0.258497234802802,0.0,1.0,0.5353802525018406,0.2604913225750206,0.0,1.0,0.2801243421590816,0.19917418880552648,0.0,0.9354838709677419,18,0.15891800507185122,4.413355874894337,10
301,1188,1669,13.563996485229909,73.67845117845118,11,6,5,1,907,0.7666948436179205,276,1001,0.8461538461538461,0.906284454244763,822,179,0.906284454244763,0.6485507246376812,0.8461538461538461,174,977,5.614942528735632,0.009298393913778529,0.00507185122569738,0.00422654268808115,0.0008453085376162299,0.48829694797436735,0.31201699240047825,0.0,1.0,0.41253937221679154,0.25871193508266593,0.0,1.0,0.5349462365591398,0.26066953557205286,0.0,1.0,0.27997719126751386,0.1989507318922682,0.0,0.9354838709677419,18,0.15993265993265993,4.425925925925926,10
302,1185,1676,13.64487723795063,73.92911392405064,5,8,5,3,892,0.7508417508417509,296,1035,0.8712121212121212,0.9159192825112108,817,218,0.9159192825112108,0.7364864864864865,0.8712121212121212,169,1011,5.982248520710059,0.004208754208754209,0.006734006734006734,0.004208754208754209,0.0025252525252525255,0.4882537089968695,0.3115821004642476,0.0,1.0,0.4136654416768749,0.2591987772131899,0.0,1.0,0.5354022049816252,0.2608819127607998,0.0,1.0,0.27940656050088475,0.19855443141241888,0.0,0.9354838709677419,18,0.16033755274261605,4.424472573839663,10
303,1186,1679,13.697164549653127,74.1602023608769,5,4,4,0,919,0.7755274261603375,266,1047,0.8835443037974684,0.9238302502720348,849,198,0.9238302502720348,0.7443609022556391,0.8835443037974684,176,1026,5.829545454545454,0.004219409282700422,0.0033755274261603376,0.0033755274261603376,0.0,0.48982755806995587,0.3118975172496776,0.0,1.0,0.41443181200021756,0.2591389821545667,0.0,1.0,0.5362019256922156,0.26098341830695687,0.0,1.0,0.27927976935211885,0.19841259186583043,0.0,0.9354838709677419,18,0.16020236087689713,4.42327150084317,10
304,1189,1684,13.71714988682917,74.40117746005046,7,4,3,1,937,0.7900505902192243,249,1043,0.8794266441821248,0.9210245464247598,863,180,0.9210245464247598,0.7228915662650602,0.8794266441821248,179,1027,5.737430167597766,0.005902192242833052,0.003372681281618887,0.002529510961214165,0.0008431703204047217,0.48978539841015767,0.3114299886807336,0.0,1.0,0.41512249382783034,0.2589405834046579,0.0,1.0,0.5366124962695678,0.26122884406361546,0.0,1.0,0.28014867467918286,0.19962237393458127,0.0,0.9354838709677419,18,0.16063919259882253,4.4314550042052145,10
305,1196,1688,13.701724061891646,74.60367892976589,10,3,2,1,913,0.7678721614802355,276,1054,0.8864592094196804,0.9331872946330778,852,202,0.9331872946330778,0.7318840579710145,0.8864592094196804,170,1028,6.047058823529412,0.008410428931875526,0.002523128679562658,0.001682085786375105,0.0008410428931875525,0.4906408458301866,0.3116392399035353,0.0,1.0,0.4167385910022656,0.2596361091800235,0.0,1.0,0.5371669004207574,0.2615494951728888,0.0,1.0,0.27958787355701803,0.1993405335981498,0.0,0.9354838709677419,18,0.1596989966555184,4.440635451505017,10
306,1202,1693,13.680153940931953,74.58236272878536,10,4,3,1,908,0.7591973244147158,288,1053,0.8804347826086957,0.9196035242290749,835,218,0.9196035242290749,0.7569444444444444,0.8804347826086957,170,1028,6.047058823529412,0.008361204013377926,0.0033444816053511705,0.002508361204013378,0.0008361204013377926,0.4908754226826257,0.3123274256618358,0.0,1.0,0.4166174655144651,0.260164927310147,0.0,1.0,0.5369545381353658,0.26125023237865785,0.0,1.0,0.27854114110890454,0.19821688462002865,0.0,0.9354838709677419,18,0.1589018302828619,4.453410981697171,10
307,1206,1695,13.654506618230121,74.26285240464345,10,6,6,0,869,0.7229617304492513,333,1030,0.8569051580698835,0.8929804372842347,776,254,0.8929804372842347,0.7627627627627628,0.8569051580698835,169,1001,5.923076923076923,0.008319467554076539,0.004991680532445923,0.004991680532445923,0.0,0.49101267854277,0.31259333081642,0.0,1.0,0.41603808912427115,0.2605786999993533,0.0,1.0,0.5357887979457551,0.2615434673994951,0.0,1.0,0.2772428181672284,0.1980144254661532,0.0,0.9354838709677419,18,0.1583747927031509,4.4693200663349915,11
308,1213,1698,13.613417747268494,74.15663643858203,11,4,4,0,930,0.7711442786069652,276,1048,0.8689883913764511,0.9182795698924732,854,194,0.9182795698924732,0.7028985507246377,0.8689883913764511,173,1024,5.91907514450867,0.00912106135986733,0.003316749585406302,0.003316749585406302,0.0,0.492646863282185,0.31346619243731755,0.0,1.0,0.41611041672207005,0.26041685377938895,0.0,1.0,0.5342126957955482,0.2614279598287364,0.0,1.0,0.2769459883519932,0.1975892540813972,0.0,0.9354838709677419,18,0.15910964550700743,4.4773289365210225,11
309,1217,1695,13.595347530921794,73.88824979457682,12,8,6,2,898,0.7403132728771641,315,1053,0.8680956306677658,0.9153674832962138,822,231,0.9153674832962138,0.7333333333333333,0.8680956306677658,178,1028,5.775280898876405,0.00989282769991756,0.006595218466611707,0.00494641384995878,0.0016488046166529267,0.4938107986322793,0.31406776872365044,0.0,1.0,0.4168897606488722,0.2617881050304812,0.0,1.0,0.5326158984281814,0.2609116478149274,0.0,1.0,0.27630079253584966,0.1978110414938743,0.0,0.9354838709677419,18,0.15858668857847166,4.483155299917831,11
310,1223,1688,13.613737556881757,74.04333605887163,10,4,2,2,945,0.7764995891536566,272,1076,0.8841413311421529,0.9227513227513228,872,204,0.9227513227513228,0.75,0.8841413311421529,179,1048,5.854748603351955,0.008216926869350863,0.003286770747740345,0.0016433853738701725,0.0016433853738701725,0.4924959776330019,0.3144919577522121,0.0,1.0,0.416822725714135,0.26127637610071497,0.0,1.0,0.533458180571308,0.261138904257953,0.0,1.0,0.2757893070978293,0.19737630774689074,0.0,0.9354838709677419,18,0.15862632869991825,4.488143908421914,11
311,1226,1690,13.66700904593665,74.68515497553018,5,2,1,1,948,0.7751430907604252,275,1053,0.8609975470155355,0.9082278481012658,861,192,0.9082278481012658,0.6981818181818182,0.8609975470155355,177,1032,5.830508474576271,0.004088307440719542,0.001635322976287817,0.0008176614881439084,0.0008176614881439084,0.4915539651633952,0.31477216319843127,0.0,1.0,0.4166710519391675,0.26119879056662954,0.0,1.0,0.5343103720465189,0.26103305251144215,0.0,1.0,0.2759564279324317,0.19752196096149327,0.0,0.9354838709677419,18,0.15823817292006526,4.492659053833605,11
312,1233,1697,13.62013564376549,74.65125709651257,11,4,3,1,911,0.7430668841761827,315,1033,0.8425774877650897,0.9012074643249177,821,212,0.9012074643249177,0.6730158730158731,0.8425774877650897,172,1012,5.883720930232558,0.00897226753670473,0.0032626427406199023,0.0024469820554649264,0.0008156606851549756,0.4918242942730816,0.3144825662304431,0.0,1.0,0.4169740732019988,0.2614342623368792,0.0,1.0,0.5352798053527981,0.26191343746591084,0.0,1.0,0.27614263663239413,0.19741181675972994,0.0,0.9354838709677419,18,0.15896188158961883,4.5036496350364965,11
313,1238,1700,13.567107101542643,74.7011308562197,9,4,4,0,971,0.7875101378751014,262,1101,0.8929440389294404,0.9279093717816684,901,200,0.9279093717816684,0.7633587786259542,0.8929440389294404,169,1073,6.349112426035503,0.0072992700729927005,0.0032441200324412004,0.0032441200324412004,0.0,0.49377247381312206,0.3147031267329383,0.0,1.0,0.41745270728021255,0.2609322260169787,0.0,1.0,0.5343425921100631,0.261398307059093,0.0,1.0,0.27580905727239563,0.19672381455813442,0.0,0.9354838709677419,18,0.15993537964458804,4.519386106623586,11
314,1239,1705,13.586202481759775,74.88700564971751,6,5,4,1,942,0.7609046849757674,296,1088,0.8788368336025848,0.9076433121019108,855,233,0.9076433121019108,0.7871621621621622,0.8788368336025848,171,1064,6.222222222222222,0.004846526655896607,0.004038772213247173,0.0032310177705977385,0.0008077544426494346,0.4937905178473795,0.3139112588628778,0.0,1.0,0.4169074956390429,0.2606629132712007,0.0,1.0,0.535291207789841,0.2617912773713053,0.0,1.0,0.27641958915879095,0.19678840563417566,0.0,0.9354838709677419,18,0.1606133979015335,4.518966908797418,11
315,1241,1708,13.617762458769922,75.45366639806608,4,2,2,0,985,0.7949959644874899,254,1068,0.8619854721549637,0.8984771573604061,885,183,0.8984771573604061,0.7204724409448819,0.8619854721549637,175,1046,5.977142857142857,0.003228410008071025,0.0016142050040355124,0.0016142050040355124,0.0,0.49364456343739443,0.3136959497469824,0.0,1.0,0.41657352291336336,0.2605668984538198,0.0,1.0,0.5358841724935666,0.261688842244228,0.0,1.0,0.27703984819734345,0.1971679186046013,0.0,0.9354838709677419,18,0.16035455278001612,4.52054794520548,11
316,1239,1716,13.68694928503602,76.2631154156578,3,5,1,4,974,0.7848509266720387,267,1014,0.8170829975825947,0.8757700205338809,853,161,0.8757700205338809,0.602996254681648,0.8170829975825947,168,990,5.892857142857143,0.0024174053182917004,0.0040290088638195,0.0008058017727639,0.0032232070910556,0.49285323752245563,0.3139876264981665,0.0,1.0,0.4157619307974693,0.2604239906129863,0.0,1.0,0.5365669504543206,0.26151338311151556,0.0,1.0,0.2769923715795777,0.197109452853686,0.0,0.9354838709677419,18,0.15899919289749798,4.52542372881356,11
317,1234,1716,13.81917908467823,76.96515397082658,3,8,3,5,970,0.7828894269572235,269,1106,0.8926553672316384,0.9360824742268041,908,198,0.9360824742268041,0.7360594795539034,0.8926553672316384,183,1089,5.950819672131147,0.002421307506053269,0.00645682001614205,0.002421307506053269,0.004035512510088781,0.494039838971088,0.31395426281409095,0.0,1.0,0.416270193966644,0.2601485561226599,0.0,1.0,0.5364667747163695,0.2613109027331965,0.0,1.0,0.27751346264442933,0.19731830980654955,0.0,0.9354838709677419,18,0.15883306320907617,4.525931928687196,11
318,1239,1718,13.85998743901369,77.46004842615012,8,3,1,2,903,0.7317666126418152,331,1071,0.8679092382495948,0.9047619047619048,817,254,0.9047619047619048,0.7673716012084593,0.8679092382495948,173,1046,6.046242774566474,0.006482982171799027,0.0024311183144246355,0.0008103727714748784,0.0016207455429497568,0.49433726470358513,0.31384132634680956,0.0,1.0,0.41607435757244393,0.2595850477286699,0.0,1.0,0.537087661745945,0.2606357003504893,0.0,1.0,0.27777343851701425,0.1971394210720916,0.0,0.9354838709677419,18,0.15980629539951574,4.536723163841808,11
319,1248,1720,13.832133184345189,77.8389423076923,10,1,0,1,957,0.7723970944309927,282,1109,0.8950766747376917,0.9373040752351097,897,212,0.9373040752351097,0.75177304964539,0.8950766747376917,173,1084,6.265895953757226,0.008071025020177562,0.0008071025020177562,0.0,0.0008071025020177562,0.49539909015715466,0.31337491544790225,0.0,1.0,0.41529673283705537,0.2594521233137278,0.0,1.0,0.5372466914805625,0.260367862971229,0.0,1.0,0.27853598014888337,0.19732703591563847,0.0,0.9354838709677419,18,0.16025641025641027,4.543269230769231,11
320,1255,1725,13.804131898027398,78.00717131474103,10,3,2,1,904,0.7243589743589743,344,1088,0.8717948717948718,0.922566371681416,834,254,0.922566371681416,0.7383720930232558,0.8717948717948718,178,1071,6.01685393258427,0.008012820512820512,0.002403846153846154,0.0016025641025641025,0.0008012820512820513,0.49656856445187,0.31289341985303054,0.0,1.0,0.4156535149723686,0.2598662800576123,0.0,1.0,0.5369746819174913,0.26033081399493957,0.0,1.0,0.27885875851432973,0.1972811897510567,0.0,0.9354838709677419,18,0.1601593625498008,4.557768924302789,12
321,1258,1725,13.734362852207235,77.5779014308426,12,9,7,2,968,0.7713147410358566,287,1095,0.8725099601593626,0.9214876033057852,892,203,0.9214876033057852,0.7073170731707317,0.8725099601593626,177,1072,6.056497175141243,0.009561752988047808,0.007171314741035857,0.005577689243027889,0.0015936254980079682,0.49638442997076776,0.3130373254713677,0.0,1.0,0.41714959741525204,0.25998077075735954,0.0,1.0,0.537848094774091,0.260645845786821,0.0,1.0,0.277988614800759,0.1974098288884736,0.0,0.9354838709677419,18,0.16057233704292528,4.5572337042925275,12
322,1262,1729,13.749159395702259,77.97464342313788,8,4,2,2,930,0.739268680445151,328,1112,0.8839427662957074,0.910752688172043,847,265,0.910752688172043,0.8079268292682927,0.8839427662957074,168,1084,6.4523809523809526,0.006359300476947536,0.003179650238473768,0.001589825119236884,0.001589825119236884,0.4956290578191299,0.312943738309772,0.0,1.0,0.417437758805787,0.2600071030712765,0.0,1.0,0.5376258882470222,0.2607354930378736,0.0,1.0,0.27756760901794386,0.19738226388556285,0.0,0.9354838709677419,18,0.16085578446909668,4.557052297939778,12
323,1262,1743,13.699428719839696,77.9310618066561,9,9,6,3,923,0.731378763866878,339,1119,0.8866877971473851,0.9252437703141928,854,265,0.9252437703141928,0.7817109144542773,0.8866877971473851,169,1102,6.520710059171598,0.0071315372424722665,0.0071315372424722665,0.004754358161648178,0.002377179080824089,0.4974183323960943,0.31306898203899136,0.0,1.0,0.4182812739634988,0.25931494101523866,0.0,1.0,0.5373958386585552,0.2593417833678879,0.0,1.0,0.2778999028679515,0.19702926162326131,0.0,0.9354838709677419,18,0.16323296354992076,4.567353407290016,12
324,1268,1737,13.694927823259706,78.21135646687698,10,4,2,2,992,0.786053882725832,270,1121,0.8882725832012678,0.9274193548387096,920,201,0.9274193548387096,0.7444444444444445,0.8882725832012678,174,1089,6.258620689655173,0.00792393026941363,0.003169572107765452,0.001584786053882726,0.001584786053882726,0.4986007937315559,0.3128278069129441,0.0,1.0,0.41851531494861094,0.2595708510782966,0.0,1.0,0.5370153658288389,0.2589809937350594,0.0,1.0,0.2783402869644856,0.19710706599144434,0.0,0.9354838709677419,18,0.16246056782334384,4.575709779179811,12
325,1272,1740,13.642801968105712,78.10455974842768,12,8,5,3,946,0.7460567823343849,322,1042,0.8217665615141956,0.8752642706131079,828,214,0.8752642706131079,0.6645962732919255,0.8217665615141956,171,1016,5.941520467836257,0.00946372239747634,0.006309148264984227,0.003943217665615142,0.002365930599369085,0.4998478393183201,0.3121224827829019,0.0,1.0,0.4188222763237979,0.25840768498152267,0.0,1.0,0.5378880097382835,0.25872502254764046,0.0,1.0,0.2782258064516129,0.1970214136851801,0.0,0.9354838709677419,18,0.16273584905660377,4.587264150943396,12
326,1279,1742,13.59914155078027,78.33620015637217,10,3,2,1,961,0.7555031446540881,311,1103,0.8671383647798742,0.9084287200832466,873,230,0.9084287200832466,0.7395498392282959,0.8671383647798742,179,1084,6.055865921787709,0.007861635220125786,0.0023584905660377358,0.0015723270440251573,0.0007861635220125787,0.4978940200257257,0.3123270104622687,0.0,1.0,0.41885041236853393,0.25876611363981206,0.0,1.0,0.5386264470730662,0.2590900916351607,0.0,1.0,0.27778758606774445,0.1973033021307873,0.0,0.9354838709677419,18,0.16106333072713058,4.595777951524629,12
327,1284,1744,13.532575065895578,78.29127725856698,10,5,4,1,985,0.7701329163408913,294,1100,0.8600469116497264,0.9147208121827411,901,199,0.9147208121827411,0.6768707482993197,0.8600469116497264,168,1070,6.369047619047619,0.007818608287724784,0.003909304143862392,0.003127443315089914,0.0007818608287724785,0.49834187518842327,0.3128540732262112,0.0,1.0,0.4207114862827856,0.2588761746240518,0.0,1.0,0.5383629785951161,0.2586370202274732,0.0,1.0,0.27715807456537034,0.1968576087942996,0.0,0.9354838709677419,18,0.16121495327102803,4.602803738317757,12
328,1292,1746,13.461731019430362,78.29566563467492,13,5,3,2,953,0.7422118380062306,331,1091,0.8496884735202492,0.9013641133263379,859,232,0.9013641133263379,0.7009063444108762,0.8496884735202492,172,1065,6.191860465116279,0.010124610591900311,0.003894080996884735,0.002336448598130841,0.001557632398753894,0.497952661539998,0.3126631308321992,0.0,1.0,0.42075302107260565,0.2593433880989262,0.0,1.0,0.5394986517527215,0.2585102810168231,0.0,1.0,0.276790172775392,0.19689553212515598,0.0,0.9354838709677419,18,0.16021671826625386,4.617647058823529,12
329,1296,1750,13.473152961494788,78.92978395061728,5,1,1,0,972,0.7523219814241486,320,1093,0.8459752321981424,0.8919753086419753,867,226,0.8919753086419753,0.70625,0.8459752321981424,172,1069,6.215116279069767,0.003869969040247678,0.0007739938080495357,0.0007739938080495357,0.0,0.4984816806053365,0.31289615485132666,0.0,1.0,0.42119673436877736,0.2595873259865011,0.0,1.0,0.53952608522501,0.25834160048246857,0.0,1.0,0.2766328156113102,0.19720711671867416,0.0,0.9354838709677419,18,0.16049382716049382,4.621913580246914,12
330,1300,1752,13.448652211113798,79.17769230769231,8,4,3,1,997,0.7692901234567902,299,1114,0.8595679012345679,0.9157472417251755,913,201,0.9157472417251755,0.6722408026755853,0.8595679012345679,180,1096,6.088888888888889,0.006172839506172839,0.0030864197530864196,0.0023148148148148147,0.0007716049382716049,0.49818858560794044,0.3126394999856501,0.0,1.0,0.421439205955335,0.2586695331992172,0.0,1.0,0.5399007444168734,0.25806145732105906,0.0,1.0,0.2766253101736973,0.19683644686584373,0.0,0.9354838709677419,18,0.16153846153846155,4.626923076923077,12
331,1299,1758,13.48140453480447,79.88221709006929,4,5,2,3,974,0.7492307692307693,326,1092,0.84,0.8983572895277208,875,217,0.8983572895277208,0.6656441717791411,0.84,176,1074,6.1022727272727275,0.003076923076923077,0.0038461538461538464,0.0015384615384615385,0.002307692307692308,0.4980754426481909,0.31290222256575284,0.0,1.0,0.4211676475700912,0.25906350387478994,0.0,1.0,0.5388015595122799,0.25826201725822595,0.0,1.0,0.27634160272169656,0.19690686286384557,0.0,0.9354838709677419,18,0.1601231716705158,4.627405696689761,12
332,1297,1760,13.485567314955748,80.28604471858134,4,6,4,2,1020,0.7852193995381063,279,1110,0.8545034642032333,0.9009803921568628,919,191,0.9009803921568628,0.6845878136200717,0.8545034642032333,177,1089,6.1525423728813555,0.003079291762894534,0.004618937644341801,0.003079291762894534,0.001539645881447267,0.49879374238316715,0.3135713532958901,0.0,1.0,0.4224637500932673,0.2590899011174023,0.0,1.0,0.5389111348770115,0.2578795930915268,0.0,1.0,0.275897231825304,0.19689904498160515,0.0,0.9354838709677419,18,0.16114109483423283,4.633770239013107,12
333,1297,1761,13.51396297881283,80.93523515805705,5,5,2,3,991,0.764070932922128,306,1113,0.8581341557440246,0.9021190716448032,894,219,0.9021190716448032,0.7156862745098039,0.8581341557440246,180,1094,6.0777777777777775,0.0038550501156515036,0.0038550501156515036,0.0015420200462606013,0.002313030069390902,0.49812221752431174,0.31363456790227473,0.0,1.0,0.4223393936379237,0.2591207794010789,0.0,1.0,0.5388862635859427,0.2582719388217902,0.0,1.0,0.27527544954858607,0.19629947841775305,0.0,0.9354838709677419,18,0.16037008481110254,4.638396299151889,12
334,1300,1766,13.482708736430292,81.19692307692307,9,6,3,3,1003,0.7733230531996916,294,1104,0.851195065535852,0.8903290129611167,893,211,0.8903290129611167,0.717687074829932,0.851195065535852,177,1086,6.135593220338983,0.006939090208172706,0.004626060138781804,0.002313030069390902,0.002313030069390902,0.4981141439205955,0.31329380974533694,0.0,1.0,0.4221091811414392,0.25900808008643644,0.0,1.0,0.5401736972704715,0.2583074574649361,0.0,1.0,0.2763771712158809,0.19753755660595174,0.0,1.0,18,0.16076923076923078,4.638461538461539,12
335,1297,1765,13.485709551921692,81.34309946029299,6,9,6,3,1000,0.7692307692307693,300,1137,0.8746153846153846,0.907,907,230,0.907,0.7666666666666667,0.8746153846153846,179,1115,6.229050279329609,0.004615384615384616,0.006923076923076923,0.004615384615384616,0.002307692307692308,0.4979481184868307,0.31329562861391547,0.0,1.0,0.42271246300395454,0.2590310517302638,0.0,1.0,0.5398562439376228,0.2578099128346776,0.0,1.0,0.2762951724824036,0.19737543504725924,0.0,1.0,18,0.16114109483423283,4.64070932922128,12
336,1302,1763,13.440866529496924,81.49769585253456,9,4,3,1,986,0.7602158828064765,311,1123,0.8658442559753277,0.9188640973630832,906,217,0.9188640973630832,0.6977491961414791,0.8658442559753277,178,1099,6.174157303370786,0.006939090208172706,0.0030840400925212026,0.002313030069390902,0.0007710100231303007,0.49834002279371686,0.31297329539338964,0.0,1.0,0.4219810713046925,0.2588705917822459,0.0,1.0,0.5389970764580546,0.25817393475164085,0.0,1.0,0.2759030771517764,0.19661658758332995,0.0,1.0,18,0.16129032258064516,4.652073732718894,12
337,1304,1771,13.426193429794033,82.00843558282209,9,7,2,5,962,0.738863287250384,340,1075,0.825652841781874,0.8991683991683992,865,210,0.8991683991683992,0.6176470588235294,0.825652841781874,175,1058,6.045714285714285,0.0069124423963133645,0.005376344086021506,0.0015360983102918587,0.0038402457757296467,0.4963882841876113,0.31326807816419006,0.0,1.0,0.42108648327726106,0.2581545495455715,0.0,1.0,0.5376756382347121,0.25796743314771303,0.0,1.0,0.2752572729071838,0.1953838485285148,0.0,1.0,18,0.16180981595092025,4.656441717791411,12
338,1304,1777,13.450775736263946,82.43558282208589,5,5,2,3,991,0.7599693251533742,313,1136,0.8711656441717791,0.9081735620585267,900,236,0.9081735620585267,0.7539936102236422,0.8711656441717791,175,1117,6.382857142857143,0.003834355828220859,0.003834355828220859,0.0015337423312883436,0.0023006134969325155,0.4957451019196517,0.3132345275865268,0.0,1.0,0.4206164654660598,0.25764209033097296,0.0,1.0,0.5379972293686919,0.25758279909937515,0.0,1.0,0.27664258856125074,0.19600346877864866,0.0,1.0,18,0.16180981595092025,4.657208588957055,12
339,1307,1780,13.425387703489026,82.71461361897475,8,5,3,2,1002,0.7684049079754601,302,1123,0.8611963190184049,0.9131736526946108,915,208,0.9131736526946108,0.6887417218543046,0.8611963190184049,178,1104,6.202247191011236,0.006134969325153374,0.003834355828220859,0.0023006134969325155,0.0015337423312883436,0.49463188291334503,0.3135703334626123,0.0,1.0,0.42157612853863813,0.25769064070384673,0.0,1.0,0.5385887405286669,0.2575123229838137,0.0,1.0,0.27590887775501644,0.19614520723079928,0.0,1.0,18,0.15990818668706963,4.663351185921958,12
340,1305,1783,13.415543900710132,82.66973180076629,7,9,7,2,966,0.739097169089518,341,1109,0.8485080336648814,0.8819875776397516,852,257,0.8819875776397516,0.7536656891495601,0.8485080336648814,177,1089,6.1525423728813555,0.005355776587605203,0.006885998469778117,0.005355776587605203,0.001530221882172915,0.4952910641453467,0.31344681160236,0.0,1.0,0.42338400692127054,0.256832804960414,0.0,1.0,0.5397849462365591,0.25684298712832027,0.0,1.0,0.27625757013966135,0.19620576610345786,0.0,1.0,18,0.16168582375478927,4.667432950191571,12
341,1314,1785,13.301191313352161,82.41019786910198,13,4,4,0,1014,0.7770114942528735,291,1110,0.8505747126436781,0.8984220907297831,911,199,0.8984220907297831,0.6838487972508591,0.8505747126436781,167,1079,6.461077844311378,0.00996168582375479,0.0030651340996168583,0.0030651340996168583,0.0,0.49423086365198604,0.31320452329732884,0.0,1.0,0.42281632051848583,0.25633699951053357,0.0,1.0,0.5412186379928315,0.2569961053348677,0.0,1.0,0.2763048067953061,0.19607859788730037,0.0,1.0,18,0.1613394216133942,4.675038051750381,12
342,1314,1790,13.279891236675626,82.89954337899543,5,5,3,2,1015,0.7724505327245054,299,1122,0.8538812785388128,0.90935960591133,923,199,0.90935960591133,0.6655518394648829,0.8538812785388128,179,1106,6.17877094972067,0.00380517503805175,0.00380517503805175,0.00228310502283105,0.0015220700152207,0.4940344675209898,0.3131275098376602,0.0,1.0,0.42311091471498014,0.25650580128784595,0.0,1.0,0.5413659350910787,0.2571726720981675,0.0,1.0,0.2761084106643099,0.19574915683893784,0.0,1.0,18,0.1613394216133942,4.675038051750381,12
343,1315,1785,13.340305658216097,83.68136882129278,4,3,1,2,1015,0.7724505327245054,299,1142,0.8691019786910198,0.9142857142857143,928,214,0.9142857142857143,0.7157190635451505,0.8691019786910198,177,1114,6.293785310734464,0.0030441400304414,0.00228310502283105,0.00076103500761035,0.0015220700152207,0.49329081319759593,0.3125888658739758,0.0,1.0,0.4231325892309579,0.25636624603157204,0.0,1.0,0.5419845455660494,0.2573785759269977,0.0,1.0,0.27673249110756776,0.1959550358110199,0.0,1.0,18,0.1612167300380228,4.676045627376426,12
344,1320,1786,13.254845396770913,83.52196969696969,11,6,5,1,983,0.7475285171102661,332,1122,0.8532319391634982,0.8891149542217701,874,248,0.8891149542217701,0.7469879518072289,0.8532319391634982,173,1096,6.335260115606936,0.008365019011406844,0.0045627376425855515,0.0038022813688212928,0.0007604562737642585,0.492644183773216,0.3124778715449608,0.0,1.0,0.42360703812316713,0.256143669414222,0.0,1.0,0.5427908113391985,0.25796257757195473,0.0,1.0,0.27719941348973604,0.19650426704564375,0.0,1.0,18,0.1606060606060606,4.6893939393939394,12
345,1322,1791,13.2466646121629,84.18532526475038,8,6,1,5,1017,0.7704545454545455,303,1100,0.8333333333333334,0.8839724680432645,899,201,0.8839724680432645,0.6633663366336634,0.8333333333333334,174,1079,6.2011494252873565,0.006060606060606061,0.004545454545454545,0.0007575757575757576,0.003787878787878788,0.49231369869698893,0.312178487177291,0.0,1.0,0.42425943096969404,0.2567625511552954,0.0,1.0,0.5425552681665121,0.25825628516921717,0.0,1.0,0.27653604021277634,0.19628538477210872,0.0,1.0,18,0.16111951588502268,4.690620272314675,12
346,1323,1785,13.262918231667031,84.49659863945578,7,6,4,2,971,0.7344931921331316,351,1153,0.8721633888048411,0.9165808444902163,890,263,0.9165808444902163,0.7492877492877493,0.8721633888048411,184,1131,6.146739130434782,0.00529500756429652,0.0045385779122541605,0.0030257186081694403,0.0015128593040847202,0.4918684319605979,0.31205700347716553,0.0,1.0,0.42281715553604954,0.257146648239386,0.0,1.0,0.5414624631214493,0.2584772190757045,0.0,1.0,0.2760588106210226,0.19600824413892362,0.0,1.0,18,0.16099773242630386,4.696900982615269,12
347,1329,1792,13.210463323961637,84.83370955605719,9,3,1,2,987,0.746031746031746,336,1133,0.8563869992441421,0.8915906788247214,880,253,0.8915906788247214,0.7529761904761905,0.8563869992441421,174,1114,6.402298850574713,0.006802721088435374,0.0022675736961451248,0.0007558578987150416,0.0015117157974300832,0.48993907619116966,0.31141753150383195,0.0,1.0,0.4216364474865895,0.25702074073163594,0.0,1.0,0.5419791742518022,0.2586366469780997,0.0,1.0,0.27757955290176944,0.19721044907205726,0.0,1.0,18,0.16102332580887885,4.697516930022573,12
348,1327,1795,13.200876955197398,84.94951017332329,8,10,5,5,1020,0.7674943566591422,309,1125,0.8465011286681715,0.8852941176470588,903,222,0.8852941176470588,0.7184466019417476,0.8465011286681715,184,1112,6.043478260869565,0.006019563581640331,0.007524454477050414,0.003762227238525207,0.003762227238525207,0.48865984393611595,0.31117467183965947,0.0,1.0,0.420108418212315,0.25666641817735913,0.0,1.0,0.5403165033911078,0.2587032615977022,0.0,1.0,0.2773658750030386,0.19728212714127208,0.0,1.0,18,0.16051243406179352,4.706857573474002,12
349,1325,1796,13.242480201632914,85.52150943396227,5,7,3,4,966,0.7279577995478523,361,1120,0.8440090429540317,0.8913043478260869,861,259,0.8913043478260869,0.7174515235457064,0.8440090429540317,174,1095,6.293103448275862,0.0037678975131876413,0.0052750565184626974,0.002260738507912585,0.003014318010550113,0.4874741326841144,0.31124258137307753,0.0,1.0,0.4199878271454656,0.2567885219614548,0.0,1.0,0.5416676810712112,0.25872482273799546,0.0,1.0,0.2775897748021911,0.19759725895617936,0.0,1.0,18,0.16075471698113208,4.714716981132075,12
350,1336,1790,13.171138260696758,85.71482035928143,13,2,0,2,1035,0.7811320754716982,290,1117,0.8430188679245283,0.8946859903381642,926,191,0.8946859903381642,0.6586206896551724,0.8430188679245283,182,1093,6.0054945054945055,0.009811320754716982,0.0015094339622641509,0.0,0.0015094339622641509,0.4880480973536797,0.31092096631523736,0.0,1.0,0.42039308479814563,0.2574595962375231,0.0,1.0,0.5402259996136759,0.2591705461519688,0.0,1.0,0.2778636275835426,0.1977733812697355,0.0,1.0,18,0.16092814371257486,4.721556886227545,12
351,1334,1796,13.15019665585502,86.10794602698651,5,7,4,3,1040,0.7784431137724551,296,1158,0.8667664670658682,0.9134615384615384,950,208,0.9134615384615384,0.7027027027027027,0.8667664670658682,175,1139,6.508571428571429,0.0037425149700598802,0.005239520958083832,0.0029940119760479044,0.002245508982035928,0.48848962615466457,0.31046510203875916,0.0,1.0,0.4209991778304396,0.2571933197764308,0.0,1.0,0.5414470184262707,0.25960940065706034,0.0,1.0,0.2777724041205204,0.19771332515187537,0.0,1.0,18,0.16266866566716642,4.726386806596702,12
352,1339,1802,13.10959286065856,86.56908140403286,8,3,1,2,990,0.7421289355322339,344,1161,0.8703148425787106,0.9303030303030303,921,240,0.9303030303030303,0.6976744186046512,0.8703148425787106,181,1148,6.342541436464089,0.005997001499250375,0.0022488755622188904,0.0007496251874062968,0.0014992503748125937,0.48962875520971355,0.31080226629578056,0.0,1.0,0.4210653111373437,0.2566834616617438,0.0,1.0,0.5410633838444675,0.25928573061327514,0.0,1.0,0.2785901852610277,0.19827257885616928,0.0,1.0,18,0.16131441374159822,4.732636295743092,12
353,1347,1810,13.00697330939464,86.76911655530809,11,3,2,1,995,0.743091859596714,344,1118,0.8349514563106796,0.8814070351758794,877,241,0.8814070351758794,0.7005813953488372,0.8349514563106796,174,1100,6.32183908045977,0.008215085884988798,0.0022404779686333084,0.0014936519790888724,0.0007468259895444362,0.4896424551572191,0.31056716097683384,0.0,1.0,0.4211509447517781,0.2568445071190326,0.0,1.0,0.5416337380558949,0.25922482961198373,0.0,1.0,0.2789711904590847,0.19839545929221836,0.0,1.0,18,0.16109873793615442,4.737193763919822,12
354,1346,1809,12.978816619898119,86.89895988112927,8,9,6,3,1023,0.7594654788418709,324,1151,0.8544914625092799,0.9178885630498533,939,212,0.9178885630498533,0.654320987654321,0.8544914625092799,181,1131,6.248618784530387,0.005939123979213066,0.0066815144766146995,0.004454342984409799,0.0022271714922048997,0.49165987633609737,0.31070570386858465,0.0,1.0,0.4216315966064324,0.2568277519107882,0.0,1.0,0.541245266740162,0.2595610751139141,0.0,1.0,0.27956190384891916,0.1987650023647737,0.0,1.0,18,0.15973254086181277,4.74962852897474,12
355,1344,1808,13.025595395121313,87.65625,2,4,2,2,1019,0.7570579494799405,327,1174,0.8722139673105498,0.9214916584887144,939,235,0.9214916584887144,0.7186544342507645,0.8722139673105498,181,1154,6.375690607734807,0.0014858841010401188,0.0029717682020802376,0.0014858841010401188,0.0014858841010401188,0.49128744239631333,0.3105847951622972,0.0,1.0,0.42115495391705066,0.2569562878738166,0.0,1.0,0.5414746543778802,0.25974855808601605,0.0,1.0,0.2798339093701997,0.19912619660051414,0.0,1.0,18,0.15922619047619047,4.747023809523809,12
356,1348,1811,12.951420898619098,87.90875370919882,11,7,3,4,1036,0.7708333333333334,308,1185,0.8816964285714286,0.9285714285714286,962,223,0.9285714285714286,0.724025974025974,0.8816964285714286,170,1158,6.811764705882353,0.00818452380952381,0.005208333333333333,0.002232142857142857,0.002976190476190476,0.4905714559203599,0.31020065208868924,0.0,1.0,0.4205274241409017,0.2567588338593882,0.0,1.0,0.5410644204077726,0.2598746834551987,0.0,1.0,0.28134871254905713,0.2001303368019372,0.0,1.0,18,0.15875370919881307,4.742581602373887,12
357,1350,1811,12.914773657791581,88.20592592592592,8,6,3,3,1069,0.793026706231454,279,1192,0.884272997032641,0.9223573433115061,986,206,0.9223573433115061,0.7383512544802867,0.884272997032641,182,1174,6.450549450549451,0.005934718100890208,0.004451038575667656,0.002225519287833828,0.002225519287833828,0.49034647550776583,0.30993940438836615,0.0,1.0,0.42054958183990443,0.2570531978260929,0.0,1.0,0.5415292712066905,0.2595506579688233,0.0,1.0,0.28215053763440856,0.20043379940298195,0.0,1.0,18,0.15925925925925927,4.741481481481482,12
358,1350,1810,12.930676607519075,88.56,5,5,4,1,1009,0.7474074074074074,341,1190,0.8814814814814815,0.9236868186323092,932,258,0.9236868186323092,0.7565982404692082,0.8814814814814815,182,1171,6.434065934065934,0.003703703703703704,0.003703703703703704,0.002962962962962963,0.0007407407407407407,0.4903225806451613,0.30991130156536545,0.0,1.0,0.42090800477897256,0.2569478084350658,0.0,1.0,0.5417921146953405,0.2595856800235975,0.0,1.0,0.28284348864994024,0.200896803039367,0.0,1.0,18,0.15925925925925927,4.743703703703703,12
359,1350,1810,12.981454449815924,89.41407407407408,3,3,0,3,1024,0.7585185185185185,326,1161,0.86,0.9248046875,947,214,0.9248046875,0.656441717791411,0.86,179,1140,6.368715083798882,0.0022222222222222222,0.0022222222222222222,0.0,0.0022222222222222222,0.48998805256869776,0.30983599933985567,0.0,1.0,0.42028673835125446,0.25646438406367794,0.0,1.0,0.5423655913978495,0.25947487964213123,0.0,1.0,0.2826762246117085,0.2006505551337529,0.0,1.0,18,0.16,4.746666666666667,12
360,1354,1819,12.938800965251252,89.75923190546528,7,3,2,1,986,0.7303703703703703,364,1159,0.8585185185185186,0.9016227180527383,889,270,0.9016227180527383,0.7417582417582418,0.8585185185185186,181,1149,6.348066298342541,0.005185185185185185,0.0022222222222222222,0.0014814814814814814,0.0007407407407407407,0.48939819888502406,0.30987044518688694,0.0,1.0,0.4205698765902702,0.25627908215815803,0.0,1.0,0.5433601753466432,0.25931541381289114,0.0,1.0,0.2825796921904036,0.2005702594232332,0.0,1.0,18,0.16100443131462333,4.750369276218612,12
361,1357,1825,12.86499893348461,89.85335298452469,11,8,3,5,1038,0.7666174298375185,316,1161,0.8574593796159528,0.9026974951830443,937,224,0.9026974951830443,0.7088607594936709,0.8574593796159528,172,1139,6.622093023255814,0.00812407680945347,0.005908419497784343,0.0022156573116691287,0.003692762186115214,0.49107376328238284,0.30950679146603427,0.0,1.0,0.42042456081964485,0.25646314745906895,0.0,1.0,0.5437278626952243,0.2594509706594294,0.0,1.0,0.2827632110680581,0.20079667849643096,0.0,1.0,18,0.16212232866617537,4.763448784082535,12
362,1353,1826,12.866681607824532,90.43015521064302,3,7,5,2,1065,0.7848194546794399,292,1154,0.8504053058216654,0.9230046948356807,983,171,0.9230046948356807,0.5856164383561644,0.8504053058216654,177,1132,6.395480225988701,0.002210759027266028,0.005158437730287398,0.0036845983787767134,0.0014738393515106854,0.4913096345039697,0.3097935934713232,0.0,1.0,0.42045156521946453,0.25595848691647144,0.0,1.0,0.5448108146770617,0.2588877897043784,0.0,1.0,0.2824309181508237,0.20019737423696843,0.0,1.0,18,0.16260162601626016,4.770140428677014,12
363,1354,1825,12.862971137445134,90.85007385524372,6,5,2,3,1058,0.7819660014781966,295,1164,0.8603104212860311,0.9158790170132325,969,195,0.9158790170132325,0.6610169491525424,0.8603104212860311,179,1142,6.379888268156424,0.004434589800443459,0.003695491500369549,0.0014781966001478197,0.0022172949002217295,0.49192357173488355,0.31024147244032463,0.0,1.0,0.42054605231810166,0.2551325944949216,0.0,1.0,0.5446705103159099,0.25795434494329544,0.0,1.0,0.2826749892790775,0.19973302611994304,0.0,1.0,18,0.16248153618906944,4.777695716395864,13
364,1351,1830,12.832992044230583,91.01702442635086,8,11,5,6,1027,0.758493353028065,327,1151,0.8500738552437223,0.8987341772151899,923,228,0.8987341772151899,0.6972477064220184,0.8500738552437223,168,1124,6.690476190476191,0.005908419497784343,0.00812407680945347,0.003692762186115214,0.004431314623338257,0.49196533034072726,0.3098561684455241,0.0,1.0,0.42066808337909795,0.2544861276926159,0.0,1.0,0.5457367302595448,0.2573350523431419,0.0,1.0,0.2828729017931759,0.1995132118862614,0.0,1.0,18,0.16284233900814213,4.782383419689119,13
365,1350,1830,12.853628666581157,91.42148148148148,6,7,3,4,1053,0.7794226498889711,298,1195,0.8845299777942265,0.9278252611585945,977,218,0.9278252611585945,0.7315436241610739,0.8845299777942265,177,1172,6.621468926553672,0.0044411547002220575,0.0051813471502590676,0.0022205773501110288,0.0029607698001480384,0.4933811230585425,0.30912019723352147,0.0,1.0,0.42026284348864995,0.2540320101955823,0.0,1.0,0.5457347670250896,0.2572416290946381,0.0,1.0,0.2833452807646356,0.1994999751642966,0.0,1.0,18,0.16444444444444445,4.795555555555556,13
366,1352,1827,12.811788663336396,91.42085798816568,8,6,5,1,1023,0.7577777777777778,327,1166,0.8637037037037038,0.9149560117302052,936,230,0.9149560117302052,0.7033639143730887,0.8637037037037038,180,1143,6.35,0.005925925925925926,0.0044444444444444444,0.003703703703703704,0.0007407407407407407,0.49384424508493985,0.3087395707630142,0.0,1.0,0.4183288795571674,0.2536631253981027,0.0,1.0,0.5458818476808551,0.25751941471759654,0.0,1.0,0.2839520900935293,0.19981017183234961,0.0,1.0,18,0.16494082840236687,4.803994082840236,13
367,1348,1825,12.8011338243576,91.44807121661721,7,11,7,4,1056,0.7810650887573964,296,1187,0.8779585798816568,0.9166666666666666,968,219,0.9166666666666666,0.7398648648648649,0.8779585798816568,176,1161,6.596590909090909,0.005177514792899409,0.008136094674556213,0.005177514792899409,0.0029585798816568047,0.4926055326888102,0.3082914553005355,0.0,1.0,0.4172729013113813,0.2529211671294569,0.0,1.0,0.5457786924475926,0.2570787777893851,0.0,1.0,0.28501005073226765,0.20046324684457406,0.0,1.0,18,0.16691394658753708,4.80786350148368,13
368,1349,1825,12.796451024497141,92.11860637509267,5,4,2,2,1078,0.7997032640949555,270,1165,0.8642433234421365,0.9192949907235621,991,174,0.9192949907235621,0.6444444444444445,0.8642433234421365,178,1143,6.421348314606742,0.00370919881305638,0.002967359050445104,0.001483679525222552,0.001483679525222552,0.4921686314832971,0.30810403761490984,0.0,1.0,0.416533154786102,0.2528888654703921,0.0,1.0,0.5450154236112772,0.2577299153433436,0.0,1.0,0.2853726774910925,0.20106489327150717,0.0,1.0,18,0.167531504818384,4.8124536693847295,13
369,1347,1824,12.749417714375303,92.40979955456571,7,9,6,3,1095,0.8117123795404003,254,1146,0.8495181616011861,0.9105022831050228,997,149,0.9105022831050228,0.5866141732283464,0.8495181616011861,181,1126,6.220994475138122,0.005189028910303929,0.006671608598962194,0.004447739065974796,0.002223869532987398,0.4915583016021266,0.3078597431903425,0.0,1.0,0.416672653686807,0.2527329114332395,0.0,1.0,0.5455612232679551,0.2582226192576115,0.0,1.0,0.2844792489881936,0.2005229315574454,0.0,1.0,18,0.16703786191536749,4.823311061618411,13
370,1346,1827,12.75378435014112,92.95542347696879,5,6,3,3,1040,0.7720861172976986,307,1142,0.8478099480326652,0.9057692307692308,942,200,0.9057692307692308,0.6514657980456026,0.8478099480326652,169,1114,6.591715976331361,0.003711952487008166,0.004454342984409799,0.0022271714922048997,0.0022271714922048997,0.4920193644250587,0.30780034022327546,0.0,1.0,0.41626324114461005,0.25252073454845525,0.0,1.0,0.544720318266788,0.25797703855391363,0.0,1.0,0.28476249820255956,0.19981006122429093,0.0,1.0,18,0.16790490341753342,4.826894502228826,13
371,1343,1830,12.80516251480338,93.56738644825019,4,7,3,4,1009,0.74962852897474,337,1185,0.8803863298662704,0.9385530227948464,947,238,0.9385530227948464,0.7062314540059347,0.8803863298662704,174,1162,6.67816091954023,0.0029717682020802376,0.005200594353640416,0.002228826151560178,0.0029717682020802376,0.4908606153772248,0.30775121024537655,0.0,1.0,0.4159440828189177,0.2530543513487283,0.0,1.0,0.5451925155525664,0.25791409389620706,0.0,1.0,0.2848461556938006,0.19983794402765995,0.0,1.0,18,0.16679076693968728,4.833953834698437,13
372,1343,1824,12.81296240148295,93.64482501861504,12,12,3,9,1003,0.7468354430379747,340,1196,0.8905435591958303,0.9312063808574277,934,262,0.9312063808574277,0.7705882352941177,0.8905435591958303,179,1169,6.5307262569832405,0.008935219657483246,0.008935219657483246,0.0022338049143708115,0.006701414743112435,0.49107679004635746,0.3076769793603872,0.0,1.0,0.4151994811807941,0.25180774653684734,0.0,1.0,0.5461292724521414,0.2569955713898463,0.0,1.0,0.2860951648932337,0.20035999660255888,0.0,1.0,18,0.16753536857781087,4.8473566641846615,13
373,1340,1816,12.887703260828802,94.18955223880597,5,8,3,5,1017,0.7572598659717051,326,1188,0.8845867460908414,0.9213372664700098,937,251,0.9213372664700098,0.7699386503067485,0.8845867460908414,186,1166,6.268817204301075,0.0037230081906180195,0.005956813104988831,0.0022338049143708115,0.0037230081906180195,0.49133365430909964,0.30716446950092385,0.0,1.0,0.4156234954260953,0.2521885673253633,0.0,1.0,0.547038998555609,0.2572411934185248,0.0,1.0,0.28692826191622534,0.2014711363544263,0.0,1.0,18,0.16865671641791044,4.851492537313433,13
374,1340,1814,12.90925745348074,94.79626865671642,5,5,3,2,1050,0.7835820895522388,290,1181,0.8813432835820896,0.9238095238095239,970,211,0.9238095238095239,0.7275862068965517,0.8813432835820896,179,1158,6.4692737430167595,0.0037313432835820895,0.0037313432835820895,0.002238805970149254,0.0014925373134328358,0.49126143476167544,0.3071219702532621,0.0,1.0,0.41591237361579203,0.25235582140972046,0.0,1.0,0.5474963890226288,0.25646164828402435,0.0,1.0,0.2876023110255176,0.20168168474406695,0.0,1.0,18,0.16940298507462687,4.861940298507463,13
375,1337,1812,12.923257448868506,95.05983545250561,8,11,5,6,1031,0.7694029850746269,309,1157,0.8634328358208955,0.9088263821532493,937,220,0.9088263821532493,0.7119741100323624,0.8634328358208955,176,1131,6.426136363636363,0.005970149253731343,0.008208955223880597,0.0037313432835820895,0.004477611940298508,0.489371969020677,0.30690444924490606,0.0,1.0,0.4143122542041643,0.25230059251579995,0.0,1.0,0.5472772456390089,0.2567983774289506,0.0,1.0,0.28807875117620096,0.20300548045127353,0.0,1.0,18,0.16903515332834704,4.871353777112939,13
376,1341,1814,12.897315646046431,95.29157345264728,10,6,3,3,988,0.7389678384442783,349,1157,0.8653702318623785,0.9159919028340081,905,252,0.9159919028340081,0.7220630372492837,0.8653702318623785,170,1129,6.641176470588236,0.0074794315632011965,0.004487658937920718,0.002243829468960359,0.002243829468960359,0.4888985109812129,0.3068402718514811,0.0,1.0,0.41343725193043224,0.25122468612526655,0.0,1.0,0.5468475620023574,0.25565214622383775,0.0,1.0,0.2891198191046643,0.2034277809445452,0.0,1.0,18,0.16927665920954513,4.879194630872483,13
377,1340,1817,12.888622633481203,95.8268656716418,6,7,4,3,1038,0.7740492170022372,303,1120,0.8351976137211037,0.8959537572254336,930,190,0.8959537572254336,0.6270627062706271,0.8351976137211037,178,1101,6.185393258426966,0.0044742729306487695,0.005219985085756898,0.002982848620432513,0.0022371364653243847,0.4884207992296582,0.3071771844529616,0.0,1.0,0.4128791526239769,0.25129697468506806,0.0,1.0,0.5483389504092441,0.25592516741371024,0.0,1.0,0.289215214251324,0.2035118484623627,0.0,1.0,18,0.1701492537313433,4.878358208955224,13
378,1336,1811,12.972983061027461,96.55389221556887,2,6,3,3,1025,0.7649253731343284,315,1141,0.8514925373134329,0.9082926829268293,931,210,0.9082926829268293,0.6666666666666666,0.8514925373134329,180,1115,6.194444444444445,0.0014925373134328358,0.004477611940298508,0.002238805970149254,0.002238805970149254,0.48826540467452195,0.307511164286994,0.0,1.0,0.41288390960015453,0.2515633688744164,0.0,1.0,0.548821711415878,0.2562012569700476,0.0,1.0,0.2887289936256519,0.20325818825997863,0.0,1.0,18,0.16841317365269462,4.879491017964072,13
379,1339,1814,12.901974969595079,96.74757281553399,10,7,4,3,1032,0.7724550898203593,304,1151,0.8615269461077845,0.9031007751937985,932,219,0.9031007751937985,0.7203947368421053,0.8615269461077845,178,1132,6.359550561797753,0.0074850299401197605,0.005239520958083832,0.0029940119760479044,0.002245508982035928,0.48726782143631503,0.3070917721401134,0.0,1.0,0.4120793081018574,0.25123445917829007,0.0,1.0,0.5489893757980198,0.2560002803293986,0.0,1.0,0.28755209713556096,0.2021449737462052,0.0,1.0,18,0.169529499626587,4.884241971620613,13
380,1342,1812,12.877363776695228,97.16691505216096,9,6,2,4,1068,0.7976101568334578,271,1157,0.8640776699029126,0.9232209737827716,986,171,0.9232209737827716,0.6309963099630996,0.8640776699029126,173,1128,6.520231213872832,0.006721433905899925,0.004480955937266617,0.0014936519790888724,0.002987303958177745,0.4867554444497861,0.30683820489692454,0.0,1.0,0.41214364694005096,0.2510199869215433,0.0,1.0,0.5490601413393587,0.25566982987882236,0.0,1.0,0.2876784769962982,0.20164964543152153,0.0,1.0,18,0.16989567809239942,4.881520119225037,13
381,1344,1809,12.8623375299988,97.44717261904762,8,6,4,2,1026,0.7645305514157973,316,1173,0.8740685543964233,0.9200779727095516,944,229,0.9200779727095516,0.7246835443037974,0.8740685543964233,176,1146,6.511363636363637,0.005961251862891207,0.004470938897168405,0.0029806259314456036,0.0014903129657228018,0.48773521505376344,0.30695108654340836,0.0,1.0,0.4112183179723502,0.2509080760688152,0.0,1.0,0.5484831029185868,0.2555531182811562,0.0,1.0,0.28823444700460826,0.2017191891569423,0.0,1.0,18,0.17038690476190477,4.898065476190476,13
382,1343,1804,12.865731412851375,97.83320923306032,6,7,4,3,1046,0.7782738095238095,298,1155,0.859375,0.9072657743785851,949,206,0.9072657743785851,0.6912751677852349,0.859375,175,1125,6.428571428571429,0.004464285714285714,0.005208333333333333,0.002976190476190476,0.002232142857142857,0.48622486969471335,0.30714751055437717,0.0,1.0,0.4111882400979992,0.2509033364208223,0.0,1.0,0.5487473878894147,0.25580101729993604,0.0,1.0,0.2869838829774458,0.20080746288867413,0.0,1.0,18,0.16827997021593447,4.909903201787044,13
383,1348,1806,12.813615466754927,98.09495548961425,9,4,2,2,1022,0.7609828741623231,321,1179,0.877885331347729,0.9256360078277887,946,233,0.9256360078277887,0.7258566978193146,0.877885331347729,171,1152,6.7368421052631575,0.006701414743112435,0.0029784065524944155,0.0014892032762472078,0.0014892032762472078,0.4872690724609936,0.30691229239827833,0.0,1.0,0.4113860438403369,0.25137719907504297,0.0,1.0,0.54778883890112,0.25595682611673976,0.0,1.0,0.28656552120225903,0.20050805605286762,0.0,1.0,18,0.1698813056379822,4.919139465875371,13
384,1353,1796,12.784377411804414,98.22246858832224,10,5,3,2,1032,0.7655786350148368,316,1208,0.8961424332344213,0.9156976744186046,945,263,0.9156976744186046,0.8322784810126582,0.8961424332344213,186,1184,6.365591397849462,0.00741839762611276,0.00370919881305638,0.002225519287833828,0.001483679525222552,0.48811482249719856,0.30737670256990673,0.0,1.0,0.41115323176692176,0.2514447588251235,0.0,1.0,0.5489116181484395,0.2555182212509415,0.0,1.0,0.28696087547385735,0.20083844958151117,0.0,1.0,18,0.16999260901699925,4.937176644493718,13
385,1351,1794,12.793826632113023,98.70762398223538,6,8,4,4,1040,0.7686622320768662,313,1168,0.8632668144863267,0.9115384615384615,948,220,0.9115384615384615,0.7028753993610224,0.8632668144863267,177,1143,6.4576271186440675,0.004434589800443459,0.005912786400591279,0.0029563932002956393,0.0029563932002956393,0.48826436809054224,0.30751943746155336,0.0,1.0,0.4113321076383086,0.2512262784288029,0.0,1.0,0.5487691315871158,0.25520099309157585,0.0,1.0,0.2873618108450133,0.20076909699736845,0.0,1.0,18,0.1702442635085122,4.9363434492968175,13
386,1351,1793,12.798789711645115,98.89933382679497,7,7,4,3,974,0.7209474463360473,377,1141,0.844559585492228,0.8983572895277208,875,266,0.8983572895277208,0.7055702917771883,0.844559585492228,173,1113,6.433526011560693,0.0051813471502590676,0.0051813471502590676,0.0029607698001480384,0.0022205773501110288,0.4890761920680022,0.3076294763312189,0.0,1.0,0.4106157923640792,0.25075739097278127,0.0,1.0,0.5486975000596929,0.25548915962826957,0.0,1.0,0.288054248943435,0.20121688335381965,0.0,1.0,18,0.1702442635085122,4.95040710584752,13
387,1353,1789,12.772424578323585,99.1219512195122,8,6,3,3,1037,0.767579570688379,314,1176,0.8704663212435233,0.9026036644165863,936,240,0.9026036644165863,0.7643312101910829,0.8704663212435233,181,1153,6.370165745856354,0.005921539600296077,0.0044411547002220575,0.0022205773501110288,0.0022205773501110288,0.4889492883198626,0.3080251749498683,0.0,1.0,0.4101280308990773,0.25136180543998066,0.0,1.0,0.5490069856710297,0.2560051529932274,0.0,1.0,0.28746155496745585,0.20092469045372244,0.0,1.0,18,0.16999260901699925,4.9660014781966,13
388,1346,1795,12.803051986596405,99.51783060921248,4,11,6,5,1034,0.7642276422764228,319,1191,0.8802660753880266,0.9294003868471954,961,230,0.9294003868471954,0.7210031347962382,0.8802660753880266,174,1171,6.7298850574712645,0.0029563932002956393,0.008130081300813009,0.004434589800443459,0.003695491500369549,0.4873460192685616,0.3078270428120307,0.0,1.0,0.40981642141590374,0.2513634038771527,0.0,1.0,0.5495853904040646,0.25628813712939835,0.0,1.0,0.2870152902267171,0.20080165869223982,0.0,1.0,18,0.17013372956909362,4.963595839524517,13
389,1347,1793,12.754120261021145,99.40386043058649,11,10,7,3,1012,0.7518573551263001,334,1127,0.837295690936107,0.9031620553359684,914,213,0.9031620553359684,0.6377245508982036,0.837295690936107,174,1099,6.316091954022989,0.008172362555720654,0.007429420505200594,0.005200594353640416,0.002228826151560178,0.4872715951816462,0.3073732119156488,0.0,1.0,0.410182723854683,0.25197281800260646,0.0,1.0,0.5501113585746102,0.2566719971124267,0.0,1.0,0.2860119261441195,0.2004230214187416,0.0,1.0,18,0.17074981440237566,4.979213066072754,13
390,1345,1782,12.767092865030092,99.4728624535316,7,9,7,2,1047,0.77728285077951,300,1173,0.8708240534521158,0.9083094555873925,951,222,0.9083094555873925,0.74,0.8708240534521158,182,1144,6.285714285714286,0.005196733481811433,0.0066815144766146995,0.005196733481811433,0.0014847809948032665,0.48742055402326423,0.3064155904354446,0.0,1.0,0.40935363952512294,0.2516988523954105,0.0,1.0,0.5510972538673702,0.2562466043784283,0.0,1.0,0.2858855977935004,0.1999414903900448,0.0,1.0,18,0.1724907063197026,4.994795539033457,13
391,1343,1771,12.794262878931171,99.97840655249442,4,6,5,1,1052,0.7821561338289963,293,1174,0.8728624535315985,0.9211026615969582,969,205,0.9211026615969582,0.6996587030716723,0.8728624535315985,176,1139,6.471590909090909,0.002973977695167286,0.0044609665427509295,0.0037174721189591076,0.0007434944237918215,0.4873778012634208,0.30672250550480606,0.0,1.0,0.40909855162971676,0.25169467529448547,0.0,1.0,0.5511253092498739,0.2560817882558617,0.0,1.0,0.28537458266279153,0.19967718611594104,0.0,1.0,18,0.1712583767684289,5.004467609828741,13
392,1344,1773,12.792354893893782,100.44047619047619,6,5,3,2,1012,0.7535368577810871,331,1166,0.8682055100521221,0.908102766798419,919,247,0.908102766798419,0.7462235649546828,0.8682055100521221,177,1145,6.468926553672317,0.004467609828741623,0.0037230081906180195,0.0022338049143708115,0.0014892032762472078,0.4879272273425499,0.306862836076189,0.0,1.0,0.40877016129032256,0.251670341692384,0.0,1.0,0.5516033026113671,0.2559597586625677,0.0,1.0,0.2853782642089094,0.19907859079817292,0.0,1.0,18,0.171875,5.004464285714286,13
393,1352,1768,12.732071510267312,100.53476331360947,13,5,2,3,1009,0.7507440476190477,335,1147,0.8534226190476191,0.9068384539147671,915,232,0.9068384539147671,0.6925373134328359,0.8534226190476191,176,1118,6.3522727272727275,0.009672619047619048,0.003720238095238095,0.001488095238095238,0.002232142857142857,0.4871635808360374,0.3062982635892338,0.0,1.0,0.40873735445695747,0.2512775021359939,0.0,1.0,0.5520614621110899,0.2564766395330044,0.0,1.0,0.2853598014888338,0.19908416063061252,0.0,1.0,18,0.17233727810650887,5.016272189349112,13
394,1354,1762,12.748207104210813,100.9837518463811,5,3,2,1,1048,0.7751479289940828,304,1160,0.8579881656804734,0.898854961832061,942,218,0.898854961832061,0.7171052631578947,0.8579881656804734,181,1135,6.2707182320441985,0.0036982248520710057,0.0022189349112426036,0.0014792899408284023,0.0007396449704142012,0.48732548720636587,0.30626217889438273,0.0,1.0,0.40832420069566877,0.2511318608619877,0.0,1.0,0.5522466288654881,0.2565061967876783,0.0,1.0,0.28486682231857813,0.19860508448835681,0.0,1.0,18,0.172821270310192,5.023633677991137,13
395,1358,1755,12.74881056186297,100.96465390279823,10,6,4,2,956,0.7060561299852289,398,1110,0.8197932053175776,0.8943514644351465,855,255,0.8943514644351465,0.6407035175879398,0.8197932053175776,175,1078,6.16,0.007385524372230428,0.004431314623338257,0.0029542097488921715,0.0014771048744460858,0.48705401681790106,0.3061455042605021,0.0,1.0,0.40759656040667014,0.25139635725339293,0.0,1.0,0.5510950638985225,0.25682399062395966,0.0,1.0,0.28455033493277593,0.19840363255425575,0.0,1.0,18,0.1715758468335788,5.039027982326951,13
396,1357,1742,12.780889438085882,101.2210759027266,7,8,5,3,1040,0.7658321060382917,318,1176,0.865979381443299,0.9105769230769231,947,229,0.9105769230769231,0.720125786163522,0.865979381443299,182,1145,6.291208791208791,0.005154639175257732,0.005891016200294551,0.003681885125184094,0.0022091310751104565,0.48741293650604983,0.3064533515361291,0.0,1.0,0.4080157843440226,0.2506196202062543,0.0,1.0,0.552689756816507,0.25650403256250975,0.0,1.0,0.2849501984928804,0.19872546385815332,0.0,1.0,18,0.17170228445099484,5.040530582166544,13
397,1356,1734,12.754417587251368,101.24410029498524,11,12,6,6,1043,0.7686072218128224,314,1133,0.8349299926308033,0.8954937679769894,934,199,0.8954937679769894,0.6337579617834395,0.8349299926308033,178,1103,6.196629213483146,0.008106116433308769,0.008843036109064112,0.004421518054532056,0.004421518054532056,0.4884146921686173,0.30657315954241476,0.0,1.0,0.407436483014559,0.25050465828083107,0.0,1.0,0.5523598820058997,0.2561339927099653,0.0,1.0,0.28504139309163573,0.19805869907219592,0.0,1.0,18,0.1710914454277286,5.045722713864307,13
398,1353,1723,12.851755537027952,101.86474501108647,5,8,3,5,993,0.7323008849557522,363,1152,0.8495575221238938,0.9073514602215509,901,251,0.9073514602215509,0.6914600550964187,0.8495575221238938,176,1117,6.346590909090909,0.003687315634218289,0.0058997050147492625,0.0022123893805309734,0.003687315634218289,0.4882578737810839,0.30562321397314157,0.0,1.0,0.40736237274396203,0.25066889124303915,0.0,1.0,0.5522017976778009,0.25607661121495995,0.0,1.0,0.2848151062155783,0.19779640896423262,0.0,1.0,18,0.1714708056171471,5.0509977827051,13
399,1358,1711,12.827313127418577,101.93519882179676,10,5,4,1,1035,0.7649667405764967,318,1184,0.8750923872875093,0.9082125603864735,940,244,0.9082125603864735,0.7672955974842768,0.8750923872875093,174,1146,6.586206896551724,0.007390983000739098,0.003695491500369549,0.0029563932002956393,0.0007390983000739098,0.4883604921849019,0.30590252119128364,0.0,1.0,0.4078341013824885,0.2506197665285178,0.0,1.0,0.5533754572663785,0.25541349061909474,0.03225806451612903,1.0,0.2843840562497031,0.19718808509033856,0.0,1.0,18,0.1723122238586156,5.065537555228277,13
400,1357,1711,12.799664859116852,101.93883566691231,10,11,6,5,1068,0.7864506627393225,290,1125,0.8284241531664213,0.8913857677902621,952,173,0.8913857677902621,0.596551724137931,0.8284241531664213,173,1098,6.3468208092485545,0.007363770250368188,0.008100147275405008,0.004418262150220913,0.003681885125184094,0.487912140157368,0.3065660118066952,0.0,1.0,0.40594765493141893,0.2502035497407815,0.0,1.0,0.5518577507309768,0.25418780304591665,0.03225806451612903,1.0,0.28521168611976133,0.19744132892405267,0.0,1.0,18,0.17317612380250552,5.0736919675755345,13
401,1359,1697,12.819421260024734,102.26342899190581,9,7,4,3,1026,0.7560795873249816,331,1185,0.8732498157700811,0.9132553606237817,937,248,0.9132553606237817,0.7492447129909365,0.8732498157700811,178,1149,6.455056179775281,0.006632277081798084,0.005158437730287398,0.0029476787030213707,0.002210759027266028,0.48752640698806043,0.3068321606228831,0.0,1.0,0.4048042915806214,0.2498308131472406,0.0,1.0,0.551140544518028,0.2540998633567673,0.03225806451612903,1.0,0.2848394217759738,0.19724708350004153,0.0,1.0,18,0.17365710080941868,5.082413539367182,13
402,1359,1687,12.79264671595744,102.01250919793966,10,10,8,2,1053,0.7748344370860927,306,1184,0.8712288447387785,0.912630579297246,961,223,0.912630579297246,0.7287581699346405,0.8712288447387785,180,1154,6.411111111111111,0.007358351729212656,0.007358351729212656,0.005886681383370125,0.0014716703458425313,0.4864582591564006,0.3061022450278644,0.0,1.0,0.40406845640770017,0.24944484284525228,0.0,1.0,0.5513779107028413,0.2544073715967078,0.03225806451612903,1.0,0.28517173443471244,0.19756633656327155,0.0,1.0,18,0.1751287711552612,5.103752759381899,13
403,1353,1685,12.767310164599868,102.0088691796009,8,14,8,6,1034,0.7608535688005886,325,1157,0.8513612950699043,0.9013539651837524,932,225,0.9013539651837524,0.6923076923076923,0.8513612950699043,173,1128,6.520231213872832,0.005886681383370125,0.010301692420897719,0.005886681383370125,0.004415011037527594,0.4853014805807882,0.30576204420138375,0.0,1.0,0.40359535560164983,0.2495805076854517,0.0,1.0,0.5502706053453497,0.2543639306075617,0.03225806451612903,1.0,0.28507736690270125,0.19812016947591438,0.0,1.0,18,0.1736881005173688,5.109386548410939,13
404,1348,1682,12.769391178785456,102.0326409495549,6,11,8,3,1038,0.7671840354767184,315,1137,0.8403547671840355,0.8940269749518305,928,209,0.8940269749518305,0.6634920634920635,0.8403547671840355,175,1109,6.337142857142857,0.004434589800443459,0.008130081300813009,0.005912786400591279,0.0022172949002217295,0.48590504451038574,0.30576144139567113,0.0,1.0,0.40269933952330816,0.2494225212795443,0.0,1.0,0.5500143581889537,0.25422895327149136,0.03225806451612903,1.0,0.2846750263233464,0.19807936813763785,0.0,1.0,18,0.17210682492581603,5.12240356083086,13
405,1350,1670,12.716613397379959,101.6725925925926,10,8,8,0,1006,0.7462908011869436,342,1154,0.8560830860534124,0.8986083499005965,904,250,0.8986083499005965,0.7309941520467836,0.8560830860534124,181,1123,6.204419889502763,0.00741839762611276,0.005934718100890208,0.005934718100890208,0.0,0.4863560334528077,0.30607470772789536,0.0,1.0,0.4014814814814815,0.24886461661794262,0.0,1.0,0.5505854241338112,0.25445766526297536,0.03225806451612903,1.0,0.2840621266427718,0.19746564100924074,0.0,1.0,18,0.17407407407407408,5.142222222222222,13
406,1350,1658,12.695889544884588,101.46222222222222,11,11,7,4,1032,0.7644444444444445,318,1189,0.8807407407407407,0.9292635658914729,959,230,0.9292635658914729,0.7232704402515723,0.8807407407407407,182,1159,6.368131868131868,0.008148148148148147,0.008148148148148147,0.005185185185185185,0.002962962962962963,0.4861648745519714,0.3061467053014663,0.0,1.0,0.40174432497013146,0.24912016541784654,0.0,1.0,0.5513022700119474,0.2550616432063764,0.03225806451612903,1.0,0.2833691756272402,0.19689710271794825,0.0,1.0,18,0.1748148148148148,5.164444444444444,13
407,1356,1651,12.607218853810718,101.1873156342183,14,8,5,3,1029,0.7622222222222222,321,1132,0.8385185185185186,0.9135082604470359,940,192,0.9135082604470359,0.5981308411214953,0.8385185185185186,178,1103,6.196629213483146,0.01037037037037037,0.005925925925925926,0.003703703703703704,0.0022222222222222222,0.4853934722618708,0.30579229443109235,0.0,1.0,0.40006185174612235,0.24842527233247022,0.0,1.0,0.5508373774859644,0.25530685972746786,0.03225806451612903,1.0,0.28351888857170043,0.19709940395775016,0.0,1.0,18,0.1733038348082596,5.188790560471976,13
408,1361,1647,12.549226641128643,101.0889052167524,13,8,3,5,1012,0.7463126843657817,344,1113,0.8207964601769911,0.8853754940711462,896,217,0.8853754940711462,0.6308139534883721,0.8207964601769911,175,1084,6.194285714285714,0.009587020648967551,0.0058997050147492625,0.0022123893805309734,0.003687315634218289,0.4852930719821763,0.30578612505511754,0.0,1.0,0.40063046621317344,0.24870355980206768,0.0,1.0,0.5503543409731934,0.2555875568206303,0.03225806451612903,1.0,0.28266691948519823,0.1962168678054423,0.0,1.0,18,0.1734019103600294,5.199118295371051,13
409,1357,1638,12.568015187260926,101.34856300663228,7,11,6,5,1058,0.7773695811903012,303,1131,0.8310066127847171,0.8922495274102079,944,187,0.8922495274102079,0.6171617161716172,0.8310066127847171,179,1101,6.150837988826815,0.005143277002204262,0.008082292432035268,0.00440852314474651,0.0036737692872887582,0.4831815912710675,0.3056437276216829,0.0,1.0,0.3997432666936078,0.24886346751223865,0.0,1.0,0.5520716951529703,0.25631029440632624,0.03225806451612903,1.0,0.28245418023628976,0.1962479667005041,0.0,1.0,18,0.17317612380250552,5.206337509211496,13
410,1357,1632,12.519937327641662,101.35372144436256,10,10,6,4,1013,0.7464996315401621,344,1110,0.8179808400884304,0.8657453109575518,877,233,0.8657453109575518,0.6773255813953488,0.8179808400884304,175,1079,6.1657142857142855,0.007369196757553427,0.007369196757553427,0.004421518054532056,0.0029476787030213707,0.4819692395464378,0.30568750892666924,0.0,1.0,0.3986497729811967,0.24876562969394334,0.0,1.0,0.5548767442413294,0.2569330004330711,0.03225806451612903,1.0,0.28231155062162744,0.19640624463443662,0.0,1.0,18,0.17391304347826086,5.2225497420781135,13
411,1361,1620,12.519885557230833,101.66642174871419,9,5,2,3,1036,0.763448784082535,321,1120,0.8253500368459837,0.8774131274131274,909,211,0.8774131274131274,0.6573208722741433,0.8253500368459837,181,1089,6.016574585635359,0.006632277081798084,0.0036845983787767134,0.0014738393515106854,0.002210759027266028,0.48095565404944185,0.30522870042564654,0.0,1.0,0.3976914507833424,0.2490272953356253,0.0,1.0,0.5549050745419639,0.2576426273412513,0.03225806451612903,1.0,0.2805100613874997,0.1955058633155494,0.0,1.0,18,0.17487141807494488,5.227038941954445,13
412,1355,1612,12.477534924998649,101.41918819188191,8,14,12,2,1040,0.7641440117560617,321,1139,0.8368846436443791,0.8807692307692307,916,223,0.8807692307692307,0.6947040498442367,0.8368846436443791,176,1107,6.2897727272727275,0.005878030859662013,0.010286554004408524,0.00881704628949302,0.0014695077149155032,0.4806094512558029,0.3053726466298072,0.0,1.0,0.398214498274015,0.24886909904630514,0.0,1.0,0.5541959290560647,0.25751945472693,0.03225806451612903,1.0,0.27984763718604927,0.1953043422105843,0.0,1.0,18,0.17490774907749077,5.236162361623617,13
413,1356,1595,12.45514065013337,101.26032448377582,11,10,6,4,1106,0.8162361623616237,249,1132,0.8354243542435424,0.8933092224231465,988,144,0.8933092224231465,0.5783132530120482,0.8354243542435424,174,1089,6.258620689655173,0.008118081180811807,0.007380073800738007,0.004428044280442804,0.002952029520295203,0.48156342182890854,0.3064203864592043,0.0,1.0,0.39756399276810356,0.24876987968644818,0.0,1.0,0.5537158625939671,0.2578160930952663,0.03225806451612903,1.0,0.2786659054144067,0.195051052791765,0.0,1.0,18,0.17182890855457228,5.260324483775811,13
414,1354,1575,12.487459119581342,101.18463810930577,12,14,6,8,1008,0.7433628318584071,348,1187,0.8753687315634219,0.9236111111111112,931,256,0.9236111111111112,0.735632183908046,0.8753687315634219,183,1150,6.284153005464481,0.008849557522123894,0.01032448377581121,0.004424778761061947,0.0058997050147492625,0.4799399628341354,0.3069432435748114,0.0,1.0,0.39757945394768196,0.24981301136068734,0.0,1.0,0.5544622861771573,0.25904685043225323,0.03225806451612903,1.0,0.2769095154143041,0.1937525760424728,0.0,1.0,18,0.17208271787296897,5.270310192023634,13
415,1358,1566,12.488194147496662,101.33578792341679,10,6,3,3,985,0.7274741506646972,369,1139,0.8412112259970458,0.9005076142131979,887,252,0.9005076142131979,0.6829268292682927,0.8412112259970458,175,1105,6.314285714285714,0.007385524372230428,0.004431314623338257,0.0022156573116691287,0.0022156573116691287,0.4800228039336786,0.30699020075963707,0.0,1.0,0.3965984132262816,0.24934214926745243,0.0,1.0,0.5543731293648154,0.2585439586362306,0.03225806451612903,1.0,0.2764976958525346,0.19342278897204523,0.0,1.0,18,0.1723122238586156,5.2820324005891015,13
416,1359,1556,12.492246890736531,101.40544518027961,8,7,6,1,999,0.7356406480117821,359,1130,0.8321060382916053,0.8788788788788788,878,252,0.8788788788788788,0.7019498607242339,0.8321060382916053,176,1096,6.2272727272727275,0.005891016200294551,0.005154639175257732,0.004418262150220913,0.0007363770250368188,0.48090389043176907,0.30717254870627997,0.0,1.0,0.3954520638989769,0.24838666069626902,0.0,1.0,0.5551757696598543,0.25894691710913037,0.03225806451612903,1.0,0.2773386503358731,0.19373983010184603,0.0,1.0,18,0.17218543046357615,5.292862398822663,13
417,1364,1539,12.492278373113072,101.17375366568915,14,9,5,4,1007,0.7409860191317145,352,1140,0.8388520971302428,0.8917576961271102,898,242,0.8917576961271102,0.6875,0.8388520971302428,177,1100,6.214689265536723,0.010301692420897719,0.006622516556291391,0.003679175864606328,0.0029433406916850625,0.48098571563712045,0.3071032608453638,0.0,1.0,0.3952322391448302,0.24823914038718398,0.0,1.0,0.5560968687919781,0.2590265700859204,0.03225806451612903,1.0,0.2775044934254091,0.1934747252428443,0.0,1.0,18,0.17375366568914957,5.31524926686217,13
418,1364,1521,12.601725057193217,101.97947214076247,5,5,0,5,1016,0.7448680351906158,348,1146,0.8401759530791789,0.8809055118110236,895,251,0.8809055118110236,0.7212643678160919,0.8401759530791789,183,1111,6.0710382513661205,0.0036656891495601175,0.0036656891495601175,0.0,0.0036656891495601175,0.4811985621038691,0.30700953271260023,0.0,1.0,0.3957761801154101,0.24788394762458066,0.0,1.0,0.5562387664364772,0.2590223076851815,0.03225806451612903,1.0,0.2771970485289944,0.1931561456428437,0.0,1.0,18,0.17302052785923755,5.320381231671554,13
419,1363,1503,12.698260836036404,102.30447542186354,8,9,5,4,931,0.6825513196480938,433,1145,0.8394428152492669,0.8796992481203008,819,326,0.8796992481203008,0.7528868360277137,0.8394428152492669,176,1103,6.267045454545454,0.005865102639296188,0.006598240469208211,0.0036656891495601175,0.002932551319648094,0.48069959529500866,0.30698934783348064,0.0,1.0,0.3946702009324781,0.24739633619547055,0.0,1.0,0.5561261922230374,0.2594461464674096,0.03225806451612903,1.0,0.2774477551889807,0.19336069391404256,0.0,1.0,18,0.17168011738811445,5.33015407190022,13
420,1366,1486,12.678842451340556,102.13469985358712,12,9,6,3,1041,0.7637564196625092,322,1136,0.8334556126192223,0.8808837656099904,917,219,0.8808837656099904,0.6801242236024845,0.8334556126192223,175,1094,6.251428571428572,0.00880410858400587,0.006603081438004402,0.004402054292002935,0.0022010271460014674,0.48243045387994143,0.3065495074511283,0.0,1.0,0.3934255891937845,0.2471161195395601,0.0,1.0,0.5564161904312095,0.2596292437752039,0.03225806451612903,1.0,0.2781844802342606,0.19372658146530602,0.0,1.0,18,0.17276720351390923,5.357979502196193,13
421,1362,1467,12.771283538133943,102.61233480176212,8,12,5,7,986,0.7218155197657394,380,1065,0.7796486090775988,0.8488843813387424,837,228,0.8488843813387424,0.6,0.7796486090775988,178,1024,5.752808988764045,0.005856515373352855,0.008784773060029283,0.0036603221083455345,0.005124450951683748,0.48190516792193644,0.3065057604784156,0.0,1.0,0.39278101463691917,0.2474112449842422,0.0,1.0,0.5550423949599735,0.25946552830566316,0.03225806451612903,1.0,0.27743830230685423,0.19364846608521094,0.0,1.0,18,0.171071953010279,5.370778267254038,13
422,1364,1449,12.802764737719398,102.73387096774194,11,9,5,4,999,0.7334801762114538,363,1108,0.8135095447870778,0.8788788788788788,878,230,0.8788788788788788,0.6336088154269972,0.8135095447870778,166,1056,6.36144578313253,0.008076358296622614,0.006607929515418502,0.003671071953010279,0.002936857562408223,0.4802998770220414,0.30622658981531936,0.0,1.0,0.3923706366474317,0.24725576108123942,0.0,1.0,0.5554346797843156,0.2601269375175506,0.03225806451612903,1.0,0.27712609970674484,0.19339801034137313,0.0,1.0,18,0.17228739002932553,5.384897360703812,13
423,1362,1423,12.837551361254006,102.44273127753304,11,13,10,3,1016,0.7448680351906158,348,1132,0.8299120234604106,0.8877952755905512,902,230,0.8877952755905512,0.6609195402298851,0.8299120234604106,175,1081,6.177142857142857,0.008064516129032258,0.009530791788856305,0.007331378299120235,0.0021994134897360706,0.4824262232959121,0.3066183152395672,0.0,1.0,0.3924731182795699,0.24677964501325347,0.0,1.0,0.5556108190043105,0.2588164341009663,0.03225806451612903,1.0,0.27807777935673345,0.19374713985093334,0.0,1.0,18,0.17180616740088106,5.400881057268722,13
424,1363,1406,12.840451934082408,102.50843727072633,11,10,5,5,1062,0.7797356828193832,300,1104,0.8105726872246696,0.8757062146892656,930,174,0.8757062146892656,0.58,0.8105726872246696,181,1068,5.900552486187845,0.008076358296622614,0.007342143906020558,0.003671071953010279,0.003671071953010279,0.4821432797671171,0.3065466898041918,0.0,1.0,0.39135682673419636,0.24583199896401411,0.0,1.0,0.5555581852176177,0.2591533280660506,0.03225806451612903,1.0,0.27846543440702437,0.1932539960531573,0.0,1.0,18,0.1731474688187821,5.413059427732942,13
425,1357,1388,12.900369030366607,102.58658806190125,8,14,8,6,1024,0.7512839325018342,339,1107,0.8121790168745414,0.8603515625,881,226,0.8603515625,0.6666666666666666,0.8121790168745414,171,1060,6.1988304093567255,0.00586940572267058,0.010271460014673514,0.00586940572267058,0.004402054292002935,0.48234958518553733,0.30644377014711605,0.0,1.0,0.39120926141631207,0.24538736776784978,0.0,1.0,0.5558989231464093,0.25955250962723997,0.03225806451612903,1.0,0.27767608814510186,0.19295205724159256,0.0,1.0,18,0.17243920412675018,5.415622697126013,13
426,1345,1375,13.029295220809441,103.13457249070632,4,16,8,8,986,0.7266028002947679,371,1115,0.8216654384672071,0.8640973630831643,852,263,0.8640973630831643,0.7088948787061995,0.8216654384672071,181,1083,5.983425414364641,0.0029476787030213707,0.011790714812085483,0.0058953574060427415,0.0058953574060427415,0.4830315385537834,0.30655994856032004,0.0,1.0,0.3915577407362993,0.24560124570179648,0.0,1.0,0.5550545628972299,0.25965235783537555,0.03225806451612903,1.0,0.27732342007434946,0.19277454147230635,0.0,1.0,18,0.17174721189591077,5.417100371747212,13
427,1347,1361,13.032685745071005,102.822568671121,13,11,6,5,984,0.7315985130111524,361,1102,0.8193308550185874,0.8821138211382114,868,234,0.8821138211382114,0.6481994459833795,0.8193308550185874,173,1061,6.132947976878612,0.009665427509293681,0.008178438661710037,0.0044609665427509295,0.0037174721189591076,0.4836075388557607,0.3068976806942803,0.0,1.0,0.39200613070862367,0.24554397351166551,0.0,1.0,0.5562181191177528,0.25954745648701666,0.03225806451612903,1.0,0.27751035754484277,0.19316985535463208,0.0,1.0,18,0.1714922048997773,5.430586488492947,13
428,1346,1346,13.03555718802735,102.62109955423477,12,13,8,5,1036,0.7691165553080921,311,1090,0.8092056421677802,0.8783783783783784,910,180,0.8783783783783784,0.5787781350482315,0.8092056421677802,173,1048,6.057803468208093,0.008908685968819599,0.009651076466221232,0.005939123979213066,0.003711952487008166,0.4835833772707664,0.30651895341113344,0.0,1.0,0.3903800987393951,0.2452875449074465,0.0,1.0,0.5567511863106935,0.25931744942520774,0.03225806451612903,1.0,0.27740497531515124,0.1926539104581499,0.0,1.0,18,0.1723625557206538,5.447251114413076,13
429,1348,1323,13.032677846462688,102.44955489614243,14,12,6,6,1030,0.7652303120356612,316,1114,0.8276374442793462,0.8825242718446602,909,205,0.8825242718446602,0.6487341772151899,0.8276374442793462,177,1068,6.033898305084746,0.010401188707280832,0.008915304606240713,0.004457652303120356,0.004457652303120356,0.48540250789700395,0.3070479824185436,0.0,1.0,0.3912127883602948,0.24487706865805253,0.0,1.0,0.5567627069972241,0.25905143651714324,0.03225806451612903,1.0,0.27838135349861204,0.1934332503439289,0.0,1.0,18,0.17210682492581603,5.449554896142433,13
430,1355,1306,12.988359795695741,102.1830258302583,13,6,5,1,1030,0.7640949554896143,318,1110,0.8234421364985163,0.8728155339805825,899,211,0.8728155339805825,0.6635220125786163,0.8234421364985163,176,1069,6.073863636363637,0.009643916913946587,0.004451038575667656,0.00370919881305638,0.000741839762611276,0.4834900607070587,0.30670343567411357,0.0,1.0,0.38914414950601117,0.24475332663101693,0.0,1.0,0.557862159266754,0.25932482496746323,0.03225806451612903,1.0,0.27882394952981787,0.1936174756592972,0.0,1.0,18,0.17416974169741697,5.461254612546125,13
431,1355,1286,13.019710321104705,102.30036900369004,8,8,6,2,1022,0.7542435424354244,333,1102,0.8132841328413284,0.8610567514677103,880,222,0.8610567514677103,0.6666666666666666,0.8132841328413284,180,1062,5.9,0.005904059040590406,0.005904059040590406,0.004428044280442804,0.0014760147601476014,0.4841090346387335,0.30582093392306564,0.0,1.0,0.3893107963337698,0.24414712167443933,0.0,1.0,0.5582906796809903,0.25989158517640487,0.03225806451612903,1.0,0.2784906558743007,0.19285418005011237,0.0,1.0,18,0.17490774907749077,5.479704797047971,14
432,1349,1272,13.111236733235481,102.97627872498147,6,12,4,8,1027,0.7579335793357933,328,1111,0.8199261992619926,0.8851022395326192,909,202,0.8851022395326192,0.6158536585365854,0.8199261992619926,175,1072,6.1257142857142854,0.004428044280442804,0.008856088560885609,0.002952029520295203,0.005904059040590406,0.4826753389607595,0.3062235994164456,0.0,1.0,0.3898467203902532,0.24459263863207195,0.0,1.0,0.5580956024773428,0.26045339823005365,0.03225806451612903,1.0,0.2779358664721777,0.1933392266459068,0.0,1.0,18,0.17272053372868792,5.482579688658265,14
433,1351,1252,13.086156813759576,102.62620281273131,12,10,8,2,1042,0.7724240177909563,307,1126,0.8346923647146034,0.8829174664107485,920,206,0.8829174664107485,0.6710097719869706,0.8346923647146034,180,1086,6.033333333333333,0.008895478131949592,0.007412898443291327,0.005930318754633061,0.0014825796886582653,0.48284424918220675,0.3065168049653614,0.0,1.0,0.38872042214846825,0.24374786143569013,0.0,1.0,0.5578424583940211,0.25968001243396527,0.03225806451612903,1.0,0.2779303264009933,0.19314926857493656,0.0,1.0,18,0.17394522575869725,5.504811250925241,14
434,1346,1238,13.172774107884367,102.90267459138187,7,12,7,5,1010,0.7475943745373798,341,1105,0.8179126572908957,0.8693069306930693,878,227,0.8693069306930693,0.6656891495601173,0.8179126572908957,176,1067,6.0625,0.0051813471502590676,0.008882309400444115,0.0051813471502590676,0.003700962250185048,0.48284043522024633,0.3063394905094223,0.0,1.0,0.3884628289316014,0.24348365664212832,0.0,1.0,0.5571586061448497,0.26002002954603803,0.03225806451612903,1.0,0.2781239514930739,0.1931255623524456,0.0,1.0,18,0.1738484398216939,5.529717682020802,14
435,1350,1224,13.133491299807613,102.8125925925926,13,9,5,4,1024,0.7607726597325408,322,1096,0.8142644873699851,0.8623046875,883,213,0.8623046875,0.6614906832298136,0.8142644873699851,178,1060,5.955056179775281,0.009658246656760773,0.006686478454680535,0.003714710252600297,0.0029717682020802376,0.48305854241338114,0.30623225967505546,0.0,1.0,0.38862604540023893,0.24383873587661575,0.0,1.0,0.5574193548387096,0.25999896237982634,0.03225806451612903,1.0,0.2775149342891278,0.1930802545527442,0.0,1.0,18,0.1748148148148148,5.542962962962963,14
436,1355,1213,13.103637484011704,102.81549815498155,11,6,4,2,1026,0.76,324,1081,0.8007407407407408,0.8596491228070176,882,199,0.8596491228070176,0.6141975308641975,0.8007407407407408,176,1046,5.943181818181818,0.008148148148148147,0.0044444444444444444,0.002962962962962963,0.0014814814814814814,0.4838233543625759,0.30667862840897203,0.0,1.0,0.3894536364718486,0.24449468446689923,0.0,1.0,0.5569575050589215,0.25943327380565506,0.03225806451612903,1.0,0.2770146411141531,0.19286947292143838,0.0,1.0,18,0.17343173431734318,5.556457564575646,14
437,1367,1202,12.919546701139655,101.67446964155084,22,10,7,3,991,0.7313653136531365,364,1077,0.7948339483394834,0.8435923309788093,836,241,0.8435923309788093,0.6620879120879121,0.7948339483394834,179,1045,5.837988826815643,0.016236162361623615,0.007380073800738007,0.0051660516605166054,0.002214022140221402,0.4839417608608443,0.30624194811168226,0.0,1.0,0.3876867168511221,0.2439732835291901,0.0,1.0,0.5568822710432546,0.25889675409012547,0.03225806451612903,1.0,0.27838214125586996,0.19347896251910976,0.0,1.0,18,0.1755669348939283,5.572787125091441,14
438,1368,1185,12.888866304655414,101.6483918128655,14,13,6,7,1035,0.7571324067300659,332,1120,0.8193123628383321,0.8589371980676328,889,231,0.8589371980676328,0.6957831325301205,0.8193123628383321,175,1078,6.16,0.010241404535479151,0.009509875640087784,0.0043891733723482075,0.005120702267739576,0.48087624976419546,0.3057075651029306,0.0,1.0,0.3879928315412186,0.2442991878563242,0.0,1.0,0.555531975099038,0.2586031920336522,0.03225806451612903,1.0,0.27850877192982454,0.19349634537572977,0.0,1.0,18,0.17616959064327486,5.580409356725146,14
439,1362,1178,12.851588634935949,101.11600587371512,11,17,12,5,1014,0.7412280701754386,354,1141,0.8340643274853801,0.8717948717948718,884,257,0.8717948717948718,0.7259887005649718,0.8340643274853801,174,1108,6.367816091954023,0.00804093567251462,0.012426900584795321,0.008771929824561403,0.003654970760233918,0.4813604282127801,0.3063409626084512,0.0,1.0,0.3875941452323433,0.24394218737193812,0.0,1.0,0.5549950262896121,0.2582951103978677,0.03225806451612903,1.0,0.27921462744540765,0.19319971884371523,0.0,1.0,18,0.17474302496328928,5.598384728340675,14
440,1355,1174,12.95316741815575,101.82878228782288,7,14,3,11,975,0.7158590308370044,387,1124,0.8252569750367107,0.8574358974358974,836,288,0.8574358974358974,0.7441860465116279,0.8252569750367107,176,1096,6.2272727272727275,0.005139500734214391,0.010279001468428781,0.0022026431718061676,0.008076358296622614,0.4818950124985121,0.3059765717333218,0.0,1.0,0.38885846922985356,0.2446802343919535,0.0,1.0,0.5549577431258184,0.25780218417158657,0.03225806451612903,1.0,0.27825258897750266,0.19280756516283643,0.0,1.0,18,0.17416974169741697,5.5985239852398525,14
441,1352,1164,12.985021130287164,101.90236686390533,7,10,7,3,1036,0.7645756457564575,319,1138,0.8398523985239852,0.890926640926641,923,215,0.890926640926641,0.6739811912225705,0.8398523985239852,177,1105,6.242937853107344,0.0051660516605166054,0.007380073800738007,0.0051660516605166054,0.002214022140221402,0.48177133040656617,0.30576302243630116,0.0,1.0,0.3889339568619966,0.24500913028825233,0.0,1.0,0.5548053063561749,0.25815319647797086,0.03225806451612903,1.0,0.2790608894827257,0.19394011968703692,0.0,1.0,18,0.17455621301775148,5.6198224852071,14
442,1349,1157,13.02218690477125,102.06226834692364,7,10,6,4,1015,0.7507396449704142,337,1089,0.8054733727810651,0.8630541871921182,876,213,0.8630541871921182,0.6320474777448071,0.8054733727810651,177,1059,5.983050847457627,0.005177514792899409,0.0073964497041420114,0.004437869822485207,0.0029585798816568047,0.48214926229704197,0.3056512674896802,0.0,1.0,0.3889858676678065,0.24593115765479892,0.0,1.0,0.5554173940075086,0.2586973127584464,0.03225806451612903,1.0,0.2784858557115187,0.19282840623392958,0.0,1.0,18,0.17494440326167532,5.627872498146775,14
443,1354,1144,12.96926721535084,101.87592319054653,16,11,5,6,999,0.7405485544848036,350,1090,0.8080059303187547,0.8738738738738738,873,217,0.8738738738738738,0.62,0.8080059303187547,173,1050,6.069364161849711,0.011860637509266123,0.00815418828762046,0.0037064492216456633,0.004447739065974796,0.48122647353123366,0.306473430514682,0.0,1.0,0.3887406489731739,0.24644388759326483,0.0,1.0,0.5550817172535379,0.2591769205443231,0.03225806451612903,1.0,0.277100109591652,0.19324142083242427,0.0,1.0,18,0.172821270310192,5.624815361890694,14
444,1358,1123,12.9710734019222,101.87039764359352,10,6,4,2,1037,0.7658788774002954,317,1113,0.8220088626292467,0.8842815814850531,917,196,0.8842815814850531,0.6182965299684543,0.8220088626292467,179,1071,5.983240223463687,0.007385524372230428,0.004431314623338257,0.0029542097488921715,0.0014771048744460858,0.48102047603211556,0.3064664853214425,0.0,1.0,0.3876668725355124,0.24552279845438746,0.0,1.0,0.555845883414889,0.2590238773928545,0.03225806451612903,1.0,0.27666397453560737,0.1927937832006503,0.0,1.0,18,0.17304860088365243,5.6458026509572905,14
445,1363,1103,12.889135596683143,101.34409391049157,17,12,8,4,1032,0.759941089837997,326,1097,0.8078055964653903,0.8682170542635659,896,201,0.8682170542635659,0.6165644171779141,0.8078055964653903,175,1052,6.011428571428572,0.012518409425625921,0.008836524300441826,0.005891016200294551,0.0029455081001472753,0.4812676023004284,0.3067533706762439,0.0,1.0,0.38809078645303297,0.246403501390405,0.0,1.0,0.5554635173833811,0.2594297553864828,0.03225806451612903,1.0,0.2768324142664426,0.19278486174483248,0.0,1.0,18,0.17094644167278064,5.663242846661776,15
446,1358,1088,12.854079913757573,100.94477172312224,9,14,12,2,1034,0.7586206896551724,329,1097,0.8048422597212033,0.8607350096711799,890,207,0.8607350096711799,0.6291793313069909,0.8048422597212033,179,1061,5.927374301675978,0.006603081438004402,0.010271460014673514,0.00880410858400587,0.001467351430667645,0.4817806071547342,0.30627502844557053,0.0,1.0,0.38902085609767684,0.24630583004968498,0.0,1.0,0.5545156539503064,0.2599446096231067,0.03225806451612903,1.0,0.2764739417549527,0.19226679424639623,0.0,1.0,18,0.16863033873343153,5.686303387334315,15
447,1355,1080,12.784501785665487,100.11070110701107,13,16,12,4,1050,0.7731958762886598,308,1104,0.812960235640648,0.8733333333333333,917,187,0.8733333333333333,0.6071428571428571,0.812960235640648,174,1070,6.149425287356322,0.009572901325478646,0.011782032400589101,0.008836524300441826,0.0029455081001472753,0.4819664325675515,0.306274297937259,0.0,1.0,0.3866920604689918,0.24574634130053893,0.0,1.0,0.5528389477443162,0.25986633304984885,0.03225806451612903,1.0,0.2759433400785621,0.1919202301779838,0.0,1.0,18,0.16678966789667896,5.725461254612546,15
448,1351,1072,12.74034579653276,99.6698741672835,10,14,11,3,1016,0.7498154981549815,339,1103,0.8140221402214022,0.8641732283464567,878,225,0.8641732283464567,0.6637168141592921,0.8140221402214022,172,1067,6.203488372093023,0.007380073800738007,0.010332103321033211,0.008118081180811807,0.002214022140221402,0.4811250925240563,0.30593525615005823,0.0,1.0,0.3860700556338197,0.24579176605957698,0.0,1.0,0.552326830782455,0.2601762413061046,0.03225806451612903,1.0,0.2759007664573434,0.191757201998454,0.0,1.0,18,0.16654330125832717,5.730569948186528,15
449,1345,1063,12.726337624239836,99.44684014869888,10,16,9,7,1025,0.7586972612879349,326,1062,0.7860843819393042,0.84,861,201,0.84,0.6165644171779141,0.7860843819393042,176,1029,5.846590909090909,0.007401924500370096,0.011843079200592153,0.006661732050333087,0.0051813471502590676,0.48029739776951674,0.3068934068819095,0.0,1.0,0.3850821441419834,0.24570592602017746,0.0,1.0,0.5514809929248111,0.2596524885402172,0.03225806451612903,1.0,0.2750209857297038,0.19072442198322734,0.0,1.0,17,0.1657992565055762,5.731598513011153,15
450,1347,1054,12.70319799792524,99.52561247216036,10,8,5,3,1035,0.7695167286245354,310,1107,0.8230483271375465,0.8714975845410629,902,205,0.8714975845410629,0.6612903225806451,0.8230483271375465,179,1077,6.016759776536313,0.007434944237918215,0.005947955390334572,0.0037174721189591076,0.0022304832713754648,0.4808535095912063,0.3070301865415939,0.0,1.0,0.3854922527959384,0.24578904088166897,0.0,1.0,0.5516440357305361,0.2596287767610789,0.03225806451612903,1.0,0.27497186100534043,0.1905312931636139,0.0,1.0,17,0.16629547141796586,5.73199703043801,15
451,1346,1051,12.682752843601751,99.49925705794948,10,11,6,5,1045,0.7757980697847068,302,1088,0.807720861172977,0.8622009569377991,901,187,0.8622009569377991,0.6192052980132451,0.807720861172977,169,1054,6.236686390532545,0.007423904974016332,0.008166295471417966,0.004454342984409799,0.003711952487008166,0.4812586876288166,0.30733037111717587,0.0,1.0,0.3841969036092604,0.24582758625365367,0.0,1.0,0.5501605713464027,0.2590332134882775,0.03225806451612903,1.0,0.27546373963476006,0.19075703099855917,0.0,1.0,17,0.16567607726597325,5.7429420505200595,15
452,1337,1042,12.780056330883616,99.96709050112192,6,15,5,10,1010,0.75037147102526,336,1080,0.8023774145616642,0.8564356435643564,865,215,0.8564356435643564,0.6398809523809523,0.8023774145616642,171,1042,6.093567251461988,0.004457652303120356,0.011144130757800892,0.003714710252600297,0.007429420505200594,0.4800829975631529,0.3068327303518961,0.0,1.0,0.38342944000772067,0.24617760475160005,0.0,1.0,0.5494245663136054,0.259078305602315,0.03225806451612903,1.0,0.27521895432721305,0.19095930992039084,0.0,1.0,17,0.16753926701570682,5.759910246821241,15
453,1334,1032,12.774838934986176,100.02848575712144,8,11,8,3,1037,0.7756170531039641,300,1101,0.8234854151084517,0.8775313404050145,910,191,0.8775313404050145,0.6366666666666667,0.8234854151084517,174,1065,6.120689655172414,0.005983545250560957,0.008227374719521317,0.005983545250560957,0.002243829468960359,0.480751559704019,0.30763425477182516,0.0,1.0,0.3832761038835421,0.24642033954156597,0.0,1.0,0.547710015959762,0.25863428585651377,0.03225806451612903,1.0,0.27540262127001014,0.19168067979710487,0.0,1.0,17,0.1664167916041979,5.772113943028486,15
454,1329,1028,12.814876685472296,100.36042136945072,6,11,6,5,1009,0.7563718140929535,325,1081,0.8103448275862069,0.8701684836471755,878,203,0.8701684836471755,0.6246153846153846,0.8103448275862069,176,1053,5.982954545454546,0.004497751124437781,0.008245877061469266,0.004497751124437781,0.0037481259370314842,0.4810796378552878,0.30793858687336806,0.0,1.0,0.3827762809776936,0.24633238404418586,0.0,1.0,0.5468093885773927,0.2588186221491514,0.03225806451612903,1.0,0.2757833928007961,0.19186020278066526,0.0,1.0,17,0.16629044394281414,5.776523702031603,15
455,1322,1012,12.90553387897762,100.62329803328291,8,15,8,7,969,0.7291196388261851,360,1084,0.8156508653122648,0.8555211558307534,829,255,0.8555211558307534,0.7083333333333334,0.8156508653122648,173,1041,6.017341040462428,0.006019563581640331,0.011286681715575621,0.006019563581640331,0.005267118133935289,0.4820652969596408,0.3081387995149693,0.0,1.0,0.38116734175979694,0.2453275675266904,0.0,1.0,0.5462154116441365,0.25871490976018907,0.03225806451612903,1.0,0.27548679908252405,0.19156248435825735,0.0,1.0,17,0.16565809379727686,5.7730711043872915,15
456,1325,1006,12.835266163208232,100.18716981132076,15,12,7,5,985,0.7450832072617246,337,1074,0.8124054462934948,0.8791878172588833,866,208,0.8791878172588833,0.6172106824925816,0.8124054462934948,168,1036,6.166666666666667,0.0113464447806354,0.009077155824508321,0.00529500756429652,0.0037821482602118004,0.4835788192331102,0.30783063055608695,0.0,1.0,0.3821789409616555,0.24535534577000426,0.0,1.0,0.5455143031040779,0.25825539398657593,0.03225806451612903,1.0,0.2761777236762021,0.19132469185952222,0.0,1.0,17,0.1660377358490566,5.77811320754717,15
457,1324,992,12.85007665962483,99.93051359516616,14,15,7,8,980,0.7396226415094339,345,1064,0.8030188679245283,0.860204081632653,843,221,0.860204081632653,0.6405797101449275,0.8030188679245283,173,1023,5.913294797687861,0.010566037735849057,0.011320754716981131,0.005283018867924529,0.0060377358490566035,0.4807279992203489,0.3072269891529096,0.0,1.0,0.3830279699834324,0.24448665602085462,0.0,1.0,0.5470957996296657,0.25793791115068176,0.03225806451612903,1.0,0.2759477633758893,0.1911192392688426,0.0,1.0,17,0.16691842900302115,5.780211480362538,15
458,1323,977,12.81083886526288,99.3424036281179,17,18,10,8,970,0.7326283987915407,354,1053,0.7953172205438066,0.8628865979381444,837,216,0.8628865979381444,0.6101694915254238,0.7953172205438066,174,1012,5.816091954022989,0.01283987915407855,0.013595166163141994,0.0075528700906344415,0.006042296072507553,0.4780679296808329,0.3067138503616024,0.0,1.0,0.38197644649257556,0.24494654460491633,0.0,1.0,0.5444371296905859,0.2574392054495495,0.03225806451612903,1.0,0.2755711603637871,0.19083579583901297,0.0,1.0,17,0.16477702191987906,5.801965230536659,15
459,1320,962,12.884239652646512,99.3378787878788,10,13,6,7,928,0.7014361300075586,395,1056,0.7981859410430839,0.8566810344827587,795,261,0.8566810344827587,0.660759493670886,0.7981859410430839,175,1016,5.805714285714286,0.007558578987150416,0.009826152683295541,0.0045351473922902496,0.005291005291005291,0.47839687194525904,0.307173595015144,0.0,1.0,0.381622678396872,0.24490518192532953,0.0,1.0,0.5432062561094819,0.2565571069763261,0.03225806451612903,1.0,0.2754154447702835,0.19016285123564997,0.0,1.0,17,0.16590909090909092,5.806818181818182,15
460,1317,942,12.907279623215405,99.08276385725132,12,15,9,6,986,0.746969696969697,334,1090,0.8257575757575758,0.8833671399594321,871,219,0.8833671399594321,0.655688622754491,0.8257575757575758,178,1048,5.887640449438202,0.00909090909090909,0.011363636363636364,0.006818181818181818,0.004545454545454545,0.47880079359247557,0.30725397138091065,0.0,1.0,0.3820755872339383,0.24551421195263204,0.0,1.0,0.5429250251059348,0.25662647175453174,0.03225806451612903,1.0,0.2760183212090038,0.19029406980668764,0.0,1.0,17,0.16780561883067577,5.814730447987851,15
461,1316,933,12.902139582052223,98.58130699088146,14,15,9,6,938,0.7122247532270312,379,1046,0.7942293090356871,0.8539445628997868,801,245,0.8539445628997868,0.6464379947229552,0.7942293090356871,184,1021,5.548913043478261,0.010630220197418374,0.011389521640091117,0.00683371298405467,0.004555808656036446,0.4773752328659673,0.3076216273528569,0.0,1.0,0.3817040886361408,0.246375928320013,0.0,1.0,0.5431659966663398,0.2571721461416115,0.03225806451612903,1.0,0.27583586626139817,0.19072438293646152,0.0,1.0,17,0.16641337386018237,5.844224924012158,15
462,1304,922,12.996374974858476,98.58665644171779,4,16,10,6,990,0.7522796352583586,326,1077,0.8183890577507599,0.8787878787878788,870,207,0.8787878787878788,0.6349693251533742,0.8183890577507599,168,1034,6.154761904761905,0.00303951367781155,0.0121580547112462,0.007598784194528876,0.004559270516717325,0.47494062932911146,0.3074928156870789,0.0,1.0,0.38017019592321394,0.245975045231648,0.0,1.0,0.5422273896695032,0.25710949912412895,0.03225806451612903,1.0,0.27637047298634476,0.19101277390503096,0.0,1.0,17,0.1656441717791411,5.855061349693251,15
463,1300,911,13.043044697129094,98.56,9,13,6,7,994,0.7622699386503068,310,1057,0.8105828220858896,0.8712273641851107,866,191,0.8712273641851107,0.6161290322580645,0.8105828220858896,172,1018,5.9186046511627906,0.006901840490797546,0.009969325153374233,0.004601226993865031,0.005368098159509203,0.4737468982630273,0.3073240171614288,0.0,1.0,0.3801985111662531,0.24623402300265432,0.0,1.0,0.5417617866004962,0.2569021002484343,0.03225806451612903,1.0,0.27627791563275433,0.19041628745769146,0.0,1.0,17,0.16615384615384615,5.855384615384615,15
464,1302,894,13.047002010623206,98.1620583717358,15,13,7,6,980,0.7538461538461538,320,1008,0.7753846153846153,0.8479591836734693,831,177,0.8479591836734693,0.553125,0.7753846153846153,175,966,5.52,0.011538461538461539,0.01,0.005384615384615384,0.004615384615384616,0.4738863287250384,0.3073926412086401,0.0,1.0,0.38129924186115655,0.24567976970566596,0.0,1.0,0.5437044745057232,0.2570460250256419,0.03225806451612903,1.0,0.27694365987810315,0.19139336095655554,0.0,1.0,17,0.16589861751152074,5.854838709677419,15
465,1296,871,13.151252587684636,98.08179012345678,8,14,8,6,1027,0.7887864823348695,275,1076,0.82642089093702,0.8704965920155794,894,182,0.8704965920155794,0.6618181818181819,0.82642089093702,177,1030,5.8192090395480225,0.006144393241167435,0.010752688172043012,0.006144393241167435,0.004608294930875576,0.47540820390282756,0.3075171722807618,0.0,1.0,0.3817204301075269,0.24521866272032494,0.0,1.0,0.5438072481083234,0.2570292926801322,0.03225806451612903,1.0,0.2778026682596575,0.19149183062027425,0.0,1.0,17,0.16589506172839505,5.867283950617284,15
466,1291,870,13.252938968479212,98.62819519752131,4,9,4,5,932,0.7191358024691358,364,1013,0.7816358024691358,0.8648068669527897,806,207,0.8648068669527897,0.5686813186813187,0.7816358024691358,171,983,5.748538011695906,0.0030864197530864196,0.006944444444444444,0.0030864197530864196,0.0038580246913580245,0.47492566402638614,0.3076983879409439,0.0,1.0,0.38222433222558155,0.24529504229615862,0.0,1.0,0.5432148122235826,0.25726966094869064,0.03225806451612903,1.0,0.2770045725993853,0.1912967707161904,0.0,1.0,17,0.16576297443841984,5.86831913245546,15
467,1289,856,13.262634290495239,98.26066718386346,11,13,9,4,958,0.7420604182804028,333,1051,0.8140975987606507,0.8684759916492694,832,219,0.8684759916492694,0.6576576576576577,0.8140975987606507,179,1016,5.675977653631285,0.008520526723470178,0.010069713400464756,0.006971340046475601,0.003098373353989156,0.47613804149252986,0.30797134870451626,0.0,1.0,0.38344302910483247,0.24525811907146425,0.0,1.0,0.5429064791411196,0.25750676746578965,0.03225806451612903,1.0,0.27750944718336296,0.19156248622220137,0.0,1.0,17,0.165244375484872,5.873545384018619,15
468,1280,851,13.27241393106586,97.86171875,10,19,12,7,957,0.7424359968968193,332,1025,0.7951900698215671,0.8463949843260188,810,215,0.8463949843260188,0.6475903614457831,0.7951900698215671,164,984,6.0,0.007757951900698216,0.01474010861132661,0.009309542280837859,0.005430566330488751,0.4763608870967742,0.3084725145569541,0.0,1.0,0.3835181451612903,0.24573337405604367,0.0,1.0,0.5433971774193548,0.25759056130011676,0.03225806451612903,1.0,0.27759576612903225,0.19184770652860184,0.0,1.0,17,0.16640625,5.87421875,16
469,1278,845,13.282758907360199,97.66431924882629,10,12,7,5,949,0.74140625,331,1029,0.80390625,0.8577449947312961,814,215,0.8577449947312961,0.649546827794562,0.80390625,174,997,5.7298850574712645,0.0078125,0.009375,0.00546875,0.00390625,0.47460750164066834,0.3079757163392671,0.0,1.0,0.38288151850169116,0.24659170192941085,0.0,1.0,0.5431117168963603,0.2580689661098666,0.03225806451612903,1.0,0.27704578726841333,0.19249276427840997,0.0,1.0,17,0.16666666666666666,5.887323943661972,16
470,1279,841,13.265113902362287,97.37138389366693,11,10,7,3,899,0.7034428794992176,379,1005,0.7863849765258216,0.8520578420467185,766,239,0.8520578420467185,0.6306068601583114,0.7863849765258216,177,978,5.52542372881356,0.008607198748043818,0.00782472613458529,0.005477308294209703,0.002347417840375587,0.4735806703826074,0.3075885758790495,0.0,1.0,0.3831118060985145,0.24785027155027803,0.0,1.0,0.5418799969734419,0.2580455304243945,0.03225806451612903,1.0,0.2768796186536861,0.19250072059770362,0.0,1.0,17,0.16653635652853793,5.89913995308835,16
471,1282,837,13.228591413137323,96.73166926677067,15,12,7,5,938,0.7333854573885848,341,1029,0.8045347928068803,0.8699360341151386,816,213,0.8699360341151386,0.624633431085044,0.8045347928068803,171,996,5.824561403508772,0.011727912431587178,0.009382329945269743,0.00547302580140735,0.003909304143862392,0.4728750440340194,0.30721551281461984,0.0,1.0,0.38334759196819485,0.24903964649066718,0.0,1.0,0.5404861355744552,0.2581102634890704,0.03225806451612903,1.0,0.27688591414624325,0.1923823122304822,0.0,1.0,17,0.16770670826833073,5.91185647425897,16
472,1277,824,13.285407871680993,96.23414252153485,10,15,10,5,950,0.7410296411856474,332,1046,0.8159126365054602,0.8778947368421053,834,212,0.8778947368421053,0.6385542168674698,0.8159126365054602,175,1008,5.76,0.0078003120124804995,0.01170046801872075,0.0078003120124804995,0.0039001560062402497,0.4728067294819006,0.3076253489876517,0.0,1.0,0.38260034859928765,0.24824904039029227,0.0,1.0,0.5405057215752647,0.25846801276256276,0.03225806451612903,1.0,0.27774269330840934,0.19287737376524036,0.0,1.0,17,0.1667971808927173,5.924823805794832,16
473,1284,819,13.174342168795603,95.69003115264798,13,6,6,0,977,0.7650743931088488,300,1033,0.8089271730618638,0.8679631525076765,848,185,0.8679631525076765,0.6166666666666667,0.8089271730618638,168,996,5.928571428571429,0.010180109631949883,0.004698512137823023,0.004698512137823023,0.0,0.47387197266606373,0.30789166066911944,0.0,1.0,0.3832026931966636,0.24859570865059624,0.0,1.0,0.540950658225304,0.2586068615830194,0.03225806451612903,1.0,0.27695708973972466,0.19239678573263477,0.0,1.0,17,0.1674454828660436,5.947040498442368,16
474,1280,808,13.164580731102614,95.4046875,13,17,9,8,950,0.7398753894080997,334,1071,0.8341121495327103,0.8694736842105263,826,245,0.8694736842105263,0.7335329341317365,0.8341121495327103,181,1041,5.751381215469613,0.010124610591900311,0.0132398753894081,0.007009345794392523,0.006230529595015576,0.4740423387096774,0.3083361672200756,0.0,1.0,0.38314012096774197,0.24811618383509504,0.0,1.0,0.5406754032258064,0.2587391114723644,0.03225806451612903,1.0,0.2768397177419355,0.1925786077431087,0.0,1.0,17,0.165625,5.95625,16
475,1286,796,13.173038967899824,95.35692068429238,11,5,3,2,937,0.73203125,343,1049,0.81953125,0.8868729989327642,831,218,0.8868729989327642,0.6355685131195336,0.81953125,172,1009,5.866279069767442,0.00859375,0.00390625,0.00234375,0.0015625,0.4750163046204786,0.3080036891241746,0.0,1.0,0.38340942156223345,0.24825554462408078,0.0,1.0,0.5401846184718808,0.2584684471674881,0.03225806451612903,1.0,0.27700295991571766,0.19294909167146207,0.0,1.0,17,0.1656298600311042,5.965007776049767,16
476,1279,796,13.165114608135775,95.26505082095387,8,15,10,5,950,0.7387247278382582,336,1049,0.8157076205287714,0.8831578947368421,839,210,0.8831578947368421,0.625,0.8157076205287714,167,1016,6.083832335329341,0.006220839813374806,0.01166407465007776,0.007776049766718507,0.0038880248833592537,0.47469040833312315,0.30757873377447736,0.0,1.0,0.38288481424499987,0.24796630538315503,0.0,1.0,0.5390299881459809,0.25849195334444586,0.03225806451612903,1.0,0.2753158969961411,0.1924739227018968,0.0,1.0,17,0.16497263487099295,5.98436278342455,16
477,1272,800,13.166386662887344,94.95597484276729,6,13,10,3,999,0.781078967943706,280,1062,0.8303362001563722,0.8708708708708709,870,192,0.8708708708708709,0.6857142857142857,0.8303362001563722,168,1034,6.154761904761905,0.004691164972634871,0.010164190774042221,0.007818608287724784,0.0023455824863174357,0.47398052343274494,0.3078823534575476,0.0,1.0,0.38341955771961855,0.24829748186443082,0.0,1.0,0.5407029823493609,0.25876860342791425,0.03225806451612903,1.0,0.27591803611280175,0.19273592913890844,0.0,1.0,17,0.16588050314465408,5.982704402515723,16
478,1265,803,13.185752822604588,94.8403162055336,6,13,9,4,971,0.7633647798742138,301,1009,0.7932389937106918,0.8578784757981462,833,176,0.8578784757981462,0.584717607973422,0.7932389937106918,165,977,5.921212121212121,0.0047169811320754715,0.010220125786163521,0.007075471698113208,0.0031446540880503146,0.4729057758510774,0.3074774083506445,0.0,1.0,0.38288920056100983,0.24782948194174653,0.0,1.0,0.540966466913171,0.2580231678242107,0.03225806451612903,1.0,0.2764248374346551,0.19323830324246977,0.0,1.0,17,0.16758893280632411,5.994466403162055,16
479,1275,791,13.183185213914642,94.88392156862746,12,2,1,1,949,0.750197628458498,316,1044,0.825296442687747,0.8925184404636459,847,197,0.8925184404636459,0.6234177215189873,0.825296442687747,178,1010,5.674157303370786,0.009486166007905139,0.0015810276679841897,0.0007905138339920949,0.0007905138339920949,0.47319418089816573,0.3077506025860935,0.0,1.0,0.3823908918406072,0.24742598231531154,0.0,1.0,0.5417330803289058,0.2583059430524469,0.03225806451612903,1.0,0.2762302340290955,0.19387631391484383,0.0,1.0,17,0.16627450980392156,6.00078431372549,16
480,1269,788,13.225333668058425,94.80220646178093,7,13,7,6,990,0.7764705882352941,285,1055,0.8274509803921568,0.8818181818181818,873,182,0.8818181818181818,0.6385964912280702,0.8274509803921568,170,1022,6.011764705882353,0.005490196078431373,0.01019607843137255,0.005490196078431373,0.004705882352941176,0.4718472762398637,0.30774057149910167,0.0,1.0,0.3828516230712524,0.24860490877433303,0.0,1.0,0.5422608607234551,0.2588976341017851,0.03225806451612903,1.0,0.27626528381504356,0.19479002113717472,0.0,1.0,17,0.16548463356973994,6.003940110323089,16
481,1266,781,13.232523135623888,94.52685624012638,11,14,9,5,985,0.7762017336485422,284,1006,0.7927501970055162,0.8609137055837564,848,158,0.8609137055837564,0.5563380281690141,0.7927501970055162,176,975,5.5397727272727275,0.008668242710795903,0.01103230890464933,0.0070921985815602835,0.003940110323089046,0.4698058400856138,0.3068333350214844,0.0,1.0,0.38200071344850434,0.24813094459747778,0.0,1.0,0.5429088314732712,0.25931081768850656,0.03225806451612903,1.0,0.2763338939000153,0.19508580673005557,0.0,1.0,17,0.16824644549763032,5.994470774091627,16
482,1269,786,13.210303816826567,94.5397951142632,11,8,5,3,913,0.7211690363349131,353,1025,0.8096366508688784,0.872946330777656,797,228,0.872946330777656,0.6458923512747875,0.8096366508688784,176,1006,5.715909090909091,0.008688783570300158,0.00631911532385466,0.0039494470774091624,0.002369668246445498,0.4707287933094385,0.3073775386130157,0.0,1.0,0.38358880500266906,0.24741126603433747,0.0,1.0,0.5425659015226619,0.25902499794570705,0.03225806451612903,1.0,0.27555352195022753,0.19426938605223049,0.0,1.0,17,0.16706067769897556,5.994483845547675,16
483,1255,784,13.348951247460564,94.89163346613546,6,20,9,11,923,0.727344365642238,346,1003,0.7903861308116628,0.8483206933911159,783,220,0.8483206933911159,0.6358381502890174,0.7903861308116628,163,964,5.914110429447852,0.004728132387706856,0.015760441292356184,0.0070921985815602835,0.008668242710795903,0.4689885618815063,0.30739460255756706,0.0,1.0,0.3837553013751446,0.24729912570932447,0.0,1.0,0.541986891145097,0.2588146096863322,0.03225806451612903,1.0,0.27523454568821487,0.19466422775213962,0.0,1.0,17,0.1657370517928287,5.9800796812749,16
484,1243,782,13.50143376009687,95.42397425583266,0,12,8,4,932,0.7426294820717132,323,988,0.7872509960159363,0.8572961373390557,799,189,0.8572961373390557,0.5851393188854489,0.7872509960159363,177,963,5.440677966101695,0.0,0.009561752988047808,0.006374501992031873,0.0031872509960159364,0.4671580203981003,0.3070841735807357,0.0,1.0,0.3841382710923105,0.24747555241942812,0.0,1.0,0.5424960423533076,0.2578495858566423,0.03225806451612903,1.0,0.27480341525445723,0.19427864579156362,0.0,1.0,17,0.16572807723250202,5.978278358809332,16
485,1236,783,13.50639594545341,95.05744336569579,11,18,11,7,902,0.7256637168141593,341,991,0.7972646822204345,0.844789356984479,762,229,0.844789356984479,0.6715542521994134,0.7972646822204345,174,966,5.551724137931035,0.008849557522123894,0.014481094127111826,0.008849557522123894,0.0056315366049879325,0.4651842572293559,0.3066771190411744,0.0,1.0,0.3839388245119532,0.24751569074203453,0.0,1.0,0.5431673452343668,0.2581454708151303,0.03225806451612903,1.0,0.27448063472178724,0.19380681433568703,0.0,1.0,17,0.16666666666666666,5.977346278317152,16
486,1232,784,13.483190728492927,94.69074675324676,9,13,9,4,928,0.7508090614886731,308,1027,0.830906148867314,0.8803879310344828,817,210,0.8803879310344828,0.6818181818181818,0.830906148867314,176,1004,5.704545454545454,0.007281553398058253,0.010517799352750809,0.007281553398058253,0.003236245954692557,0.46462609970674484,0.30663967076386506,0.0,1.0,0.3859447004608295,0.2475135970782239,0.0,1.0,0.5442501047339757,0.25797897522668195,0.03225806451612903,1.0,0.27356514453288644,0.19362153970256799,0.0,1.0,17,0.16558441558441558,5.97564935064935,16
487,1230,775,13.549196625369323,94.58780487804879,10,12,7,5,872,0.7077922077922078,360,1031,0.8368506493506493,0.8956422018348624,781,250,0.8956422018348624,0.6944444444444444,0.8368506493506493,179,1001,5.592178770949721,0.008116883116883116,0.00974025974025974,0.005681818181818182,0.004058441558441558,0.4646997115132442,0.30616307335377496,0.0,1.0,0.3856805664830842,0.2467381159565421,0.0,1.0,0.5444794125360609,0.2584951665150634,0.03225806451612903,1.0,0.27390506163126144,0.19331965159167733,0.0,1.0,17,0.16585365853658537,5.970731707317073,16
488,1233,779,13.560988473722276,94.8264395782644,6,3,3,0,922,0.7495934959349594,308,1009,0.8203252032520325,0.8796095444685467,811,198,0.8796095444685467,0.6428571428571429,0.8203252032520325,174,987,5.672413793103448,0.004878048780487805,0.0024390243902439024,0.0024390243902439024,0.0,0.4642492739973314,0.3056761540503744,0.0,1.0,0.3855270386939801,0.24667985081287047,0.0,1.0,0.5447505428668602,0.258592666010744,0.03225806451612903,1.0,0.27386652015802004,0.19317766883718496,0.0,1.0,17,0.16626115166261152,5.976480129764801,16
489,1235,780,13.572599624357764,94.47449392712551,10,8,6,2,875,0.7096512570965126,358,1003,0.813463098134631,0.8868571428571429,776,227,0.8868571428571429,0.6340782122905028,0.813463098134631,173,977,5.6473988439306355,0.008110300081103,0.006488240064882401,0.004866180048661801,0.0016220600162206002,0.4645422489225546,0.3056309670612532,0.0,1.0,0.38526838187279616,0.24673107470042577,0.0,1.0,0.5442340342170563,0.2584503605581482,0.03225806451612903,1.0,0.2734230116233512,0.19286817336333884,0.0,1.0,17,0.16842105263157894,5.991902834008097,16
490,1233,779,13.6190029521498,94.02514193025142,9,11,6,5,906,0.7336032388663968,329,984,0.7967611336032389,0.8642384105960265,783,201,0.8642384105960265,0.6109422492401215,0.7967611336032389,178,961,5.398876404494382,0.0072874493927125505,0.008906882591093117,0.004858299595141701,0.004048582995951417,0.46390916463909165,0.30422745169037624,0.0,1.0,0.3850299557857834,0.24601328189977817,0.0,1.0,0.5449598409334694,0.25887929925048186,0.03225806451612903,1.0,0.27386652015802004,0.1936184092187452,0.0,1.0,17,0.170316301703163,6.011354420113544,16
491,1222,777,13.638556160246535,93.32487725040916,10,21,13,8,962,0.7802108678021087,271,997,0.8085969180859692,0.8762993762993763,843,154,0.8762993762993763,0.5682656826568265,0.8085969180859692,179,974,5.441340782122905,0.008110300081103,0.0170316301703163,0.010543390105433901,0.006488240064882401,0.4621984055752072,0.3039263515039657,0.0,1.0,0.38590887492740616,0.2463439453956225,0.0,1.0,0.5453513542051633,0.2586909955192932,0.03225806451612903,1.0,0.2726096826989071,0.19324138845679004,0.0,1.0,17,0.17103109656301146,6.0065466448445175,16
492,1222,781,13.580362721494573,92.62193126022913,12,12,9,3,906,0.7414075286415712,316,978,0.8003273322422259,0.8841059602649006,801,177,0.8841059602649006,0.560126582278481,0.8003273322422259,170,952,5.6,0.009819967266775777,0.009819967266775777,0.007364975450081833,0.0024549918166939444,0.4639406578322158,0.30424435675067335,0.0,1.0,0.38617285254210443,0.24606146433959875,0.0,1.0,0.5448497967372367,0.25860396151300696,0.03225806451612903,1.0,0.2717649543318727,0.19230938813444545,0.0,1.0,17,0.16939443535188217,6.002454991816694,16
493,1220,784,13.599234693057388,92.3672131147541,11,13,6,7,925,0.7569558101472995,297,1004,0.8216039279869067,0.8951351351351351,828,176,0.8951351351351351,0.5925925925925926,0.8216039279869067,164,971,5.920731707317073,0.00900163666121113,0.010638297872340425,0.004909983633387889,0.0057283142389525366,0.4634320465362242,0.3040601140420866,0.0,1.0,0.3865679534637758,0.24604074240057172,0.0,1.0,0.5459809624537282,0.2583192362270997,0.03225806451612903,1.0,0.2721311475409836,0.19150163408995743,0.0,1.0,17,0.17131147540983607,5.995081967213115,16
494,1223,787,13.548895214449276,91.93458708094849,12,9,6,3,921,0.7549180327868853,299,1018,0.8344262295081967,0.8838219326818675,814,204,0.8838219326818675,0.6822742474916388,0.8344262295081967,173,994,5.745664739884393,0.009836065573770493,0.007377049180327869,0.004918032786885246,0.002459016393442623,0.46071268430353707,0.30351664368597137,0.0,1.0,0.3865164982987366,0.24608466849393082,0.0,1.0,0.5470419117453116,0.2597714649532107,0.03225806451612903,1.0,0.2699601719726743,0.19080491465517183,0.0,1.0,17,0.16925592804578904,6.004088307440719,16
495,1213,778,13.658218343180963,91.88211046990932,4,14,10,4,924,0.7555192150449714,299,1007,0.8233851185609158,0.8831168831168831,816,191,0.8831168831168831,0.6387959866220736,0.8233851185609158,185,983,5.313513513513514,0.003270645952575634,0.011447260834014717,0.008176614881439084,0.003270645952575634,0.4600962689147143,0.30257785366388223,0.0,1.0,0.38584687391963407,0.24646006092464373,0.0,1.0,0.5472435709916762,0.2606798368048644,0.03225806451612903,1.0,0.27005824003403983,0.1913089148934876,0.0,1.0,17,0.17065127782357792,5.998351195383347,16
496,1214,784,13.644579207243595,91.61943986820428,11,10,7,3,909,0.7493816982687551,304,978,0.8062654575432812,0.878987898789879,799,179,0.878987898789879,0.5888157894736842,0.8062654575432812,167,951,5.6946107784431135,0.009068425391591096,0.008244023083264633,0.005770816158285243,0.00247320692497939,0.4594515597597917,0.3015935784121589,0.0,1.0,0.38523675399904345,0.24567352597463024,0.0,1.0,0.5473242280916193,0.2602815072153855,0.03225806451612903,1.0,0.27044693628102245,0.19128793639528885,0.0,1.0,17,0.171334431630972,6.0049423393739705,16
497,1206,786,13.73114293716609,91.67081260364843,6,14,9,5,902,0.742998352553542,312,1012,0.8336079077429983,0.8913525498891353,804,208,0.8913525498891353,0.6666666666666666,0.8336079077429983,167,981,5.874251497005988,0.004942339373970346,0.011532125205930808,0.007413509060955519,0.004118616144975288,0.4593163216177178,0.30188410720361186,0.0,1.0,0.3857326271866474,0.24505970311694733,0.0,1.0,0.5480393730273364,0.25926348403454047,0.03225806451612903,1.0,0.27087679880169047,0.1918170716045522,0.0,1.0,17,0.16998341625207297,6.012437810945274,16
498,1218,788,13.619721667721732,91.21264367816092,16,4,3,1,941,0.7802653399668324,265,1000,0.8291873963515755,0.8990435706695006,846,154,0.8990435706695006,0.5811320754716981,0.8291873963515755,177,979,5.531073446327683,0.013266998341625208,0.003316749585406302,0.0024875621890547263,0.0008291873963515755,0.4610678531701891,0.302557156758934,0.0,1.0,0.38616981831664815,0.2449700995163419,0.0,1.0,0.5475395942581704,0.25917309048592496,0.03225806451612903,1.0,0.2705916626939986,0.191121574447835,0.0,1.0,17,0.16912972085385877,6.022988505747127,16
499,1217,791,13.680313939341168,91.61791290057519,8,9,3,6,932,0.7651888341543513,286,1017,0.8349753694581281,0.9012875536480687,840,177,0.9012875536480687,0.6188811188811189,0.8349753694581281,169,989,5.85207100591716,0.006568144499178982,0.007389162561576354,0.0024630541871921183,0.0049261083743842365,0.46059851035067717,0.30259697155321197,0.0,1.0,0.3862220690751981,0.24468683237781444,0.0,1.0,0.5476184165186737,0.2598677769156321,0.03225806451612903,1.0,0.27020436292310546,0.19058267701075493,0.0,1.0,17,0.17009038619556285,6.023829087921118,16
500,1216,789,13.729188766399341,91.63486842105263,9,10,6,4,907,0.7452752670501233,310,1025,0.8422350041084634,0.898566703417861,815,210,0.898566703417861,0.6774193548387096,0.8422350041084634,179,1002,5.597765363128492,0.007395234182415777,0.008216926869350863,0.0049301561216105174,0.003286770747740345,0.4613486842105263,0.3027830806752131,0.0,1.0,0.38603565365025466,0.24390589135470003,0.0,1.0,0.5482014006791172,0.2591184437547244,0.03225806451612903,1.0,0.2705061544991511,0.19054535531576403,0.0,1.0,17,0.17023026315789475,6.0230263157894735,16
501,1217,792,13.726683232030052,91.53738701725554,12,11,6,5,890,0.7319078947368421,326,1040,0.8552631578947368,0.9,801,239,0.9,0.7331288343558282,0.8552631578947368,163,1006,6.171779141104294,0.009868421052631578,0.009046052631578948,0.004934210526315789,0.004111842105263158,0.4585840379569009,0.30179283928552114,0.0,1.0,0.38669918095793465,0.24288530761106072,0.0,1.0,0.5517533861690567,0.2596924079710049,0.03225806451612903,1.0,0.27113208047287085,0.19058189178862464,0.0,1.0,17,0.17173377156943304,6.024650780608052,16
502,1219,794,13.696659352448531,91.07136997538966,13,11,7,4,906,0.7444535743631882,311,1033,0.8488085456039441,0.8984547461368654,814,219,0.8984547461368654,0.7041800643086816,0.8488085456039441,173,1008,5.826589595375722,0.010682004930156122,0.009038619556285949,0.005751848808545604,0.003286770747740345,0.45997512503638627,0.30205700316891027,0.0,1.0,0.3873878641932838,0.2437775993397664,0.0,1.0,0.5507158167720765,0.25936395050236666,0.03225806451612903,1.0,0.2716663579348488,0.19062258011081984,0.0,1.0,17,0.17145200984413453,6.029532403609516,16
503,1216,793,13.780561483606641,91.14967105263158,7,10,6,4,835,0.6849876948318294,384,996,0.8170631665299426,0.8874251497005988,741,255,0.8874251497005988,0.6640625,0.8170631665299426,180,975,5.416666666666667,0.005742411812961444,0.008203445447087777,0.004922067268252666,0.003281378178835111,0.45896116298811546,0.30198738318861934,0.0,1.0,0.38762733446519526,0.2438093655855192,0.0,1.0,0.5516235144312394,0.2592551320671463,0.03225806451612903,1.0,0.27122241086587434,0.19026125105918767,0.0,1.0,17,0.17269736842105263,6.034539473684211,16
504,1226,800,13.686952764927472,90.85807504078304,14,4,3,1,925,0.7606907894736842,291,1040,0.8552631578947368,0.9005405405405406,833,207,0.9005405405405406,0.711340206185567,0.8552631578947368,173,1020,5.895953757225434,0.011513157894736841,0.003289473684210526,0.0024671052631578946,0.0008223684210526315,0.4587959795821712,0.3017988911257979,0.0,1.0,0.38841235594379836,0.24396082708255779,0.0,1.0,0.5515708046097985,0.259430843836696,0.03225806451612903,1.0,0.2716676314266169,0.1909368420895515,0.0,1.0,17,0.17128874388254486,6.035073409461664,16
505,1227,805,13.6304641649204,90.3561532192339,10,9,8,1,898,0.732463295269168,328,1024,0.835236541598695,0.8964365256124721,805,219,0.8964365256124721,0.6676829268292683,0.835236541598695,166,995,5.993975903614458,0.008156606851549755,0.00734094616639478,0.0065252854812398045,0.0008156606851549756,0.4590267371243789,0.30196105542563434,0.0,1.0,0.38935773063070167,0.24417767649703015,0.0,1.0,0.5525935273549438,0.25952791185085644,0.03225806451612903,1.0,0.2702631648132082,0.1896992055123476,0.0,1.0,17,0.17359413202933985,6.047269763651181,16
506,1233,809,13.606845954101962,90.43957826439578,9,3,3,0,887,0.7229013854930725,340,997,0.8125509372453138,0.8895152198421646,789,208,0.8895152198421646,0.611764705882353,0.8125509372453138,168,969,5.767857142857143,0.007334963325183374,0.0024449877750611247,0.0024449877750611247,0.0,0.4595662297569526,0.30212047912710577,0.0,1.0,0.3900531093844021,0.24507274255386047,0.0,1.0,0.55186667713157,0.2595265300941501,0.03225806451612903,1.0,0.26915731365931506,0.18949927454319687,0.0,1.0,17,0.1759935117599351,6.056772100567721,16
507,1233,816,13.519766450223218,89.89456609894566,13,13,9,4,889,0.7210056772100568,344,1016,0.8240064882400648,0.8841394825646794,786,230,0.8841394825646794,0.6686046511627907,0.8240064882400648,163,986,6.049079754601227,0.010543390105433901,0.010543390105433901,0.0072992700729927005,0.0032441200324412004,0.4573947623158831,0.3016512991191465,0.0,1.0,0.39036705648431574,0.24409915585522157,0.0,1.0,0.5545090652225101,0.25966784597072623,0.03225806451612903,1.0,0.2689218533343798,0.1884970795570392,0.0,1.0,17,0.17680454176804541,6.0608272506082725,16
508,1232,814,13.556377685883676,89.88474025974025,8,9,5,4,936,0.7591240875912408,297,1028,0.8337388483373885,0.8995726495726496,842,186,0.8995726495726496,0.6262626262626263,0.8337388483373885,180,1006,5.588888888888889,0.006488240064882401,0.0072992700729927005,0.0040551500405515,0.0032441200324412004,0.4580016757436112,0.30307556974393357,0.0,1.0,0.3913908671973188,0.24407683970807162,0.0,1.0,0.5533357771260997,0.2590086769807584,0.03225806451612903,1.0,0.26845936321742775,0.18815599198203942,0.0,1.0,17,0.17532467532467533,6.052759740259741,16
509,1229,816,13.548366429411908,89.28397070789259,10,13,10,3,887,0.7199675324675324,345,1021,0.8287337662337663,0.90304396843292,801,220,0.90304396843292,0.6376811594202898,0.8287337662337663,176,999,5.676136363636363,0.008116883116883116,0.010551948051948052,0.008116883116883116,0.002435064935064935,0.4571773537363185,0.3034114227315374,0.0,1.0,0.39137510170870626,0.24318536190949566,0.0,1.0,0.5549227013832384,0.25878294389762446,0.03225806451612903,1.0,0.2683797474999344,0.18835911050041454,0.0,1.0,17,0.1757526444263629,6.060211554109031,16
510,1228,819,13.558464107289204,89.33876221498372,8,9,6,3,960,0.7811228641171685,269,1050,0.8543531326281529,0.9114583333333334,875,175,0.9114583333333334,0.6505576208178439,0.8543531326281529,178,1031,5.792134831460674,0.006509357200976403,0.007323026851098454,0.004882017900732303,0.0024410089503661514,0.4571556162656299,0.3028744187363293,0.0,1.0,0.3910633603026164,0.24390885927198727,0.0,1.0,0.5557948933487443,0.25868640433164286,0.03225806451612903,1.0,0.26815172848586744,0.18851804662585847,0.0,1.0,17,0.1758957654723127,6.074104234527687,16
511,1234,823,13.478944730099348,88.94327390599676,15,9,5,4,927,0.754885993485342,301,1049,0.8542345276872965,0.9158576051779935,849,200,0.9158576051779935,0.6644518272425249,0.8542345276872965,174,1027,5.902298850574713,0.012214983713355049,0.007328990228013029,0.004071661237785016,0.003257328990228013,0.4556386260260365,0.3027395003995806,0.0,1.0,0.3912270612223558,0.24355649736171012,0.0,1.0,0.5552099126888691,0.25857017139315014,0.03225806451612903,1.0,0.2679196946724526,0.18813068648925713,0.0,1.0,17,0.17504051863857376,6.081037277147487,16
512,1230,820,13.528103884021894,88.76910569105691,8,12,8,4,931,0.7544570502431118,303,1059,0.8581847649918962,0.9140708915145005,851,208,0.9140708915145005,0.6864686468646864,0.8581847649918962,176,1032,5.863636363636363,0.006482982171799027,0.009724473257698542,0.006482982171799027,0.0032414910858995136,0.4553370049829531,0.302917083556522,0.0,1.0,0.39213217938631,0.2434527634807325,0.0,1.0,0.5553107789142407,0.2580994871816373,0.03225806451612903,1.0,0.2684238132703908,0.1892211221086088,0.0,1.0,17,0.17398373983739837,6.080487804878048,16
513,1226,824,13.562067158265856,88.64029363784665,9,13,7,6,915,0.7439024390243902,315,1071,0.8707317073170732,0.9180327868852459,840,231,0.9180327868852459,0.7333333333333333,0.8707317073170732,173,1048,6.057803468208093,0.007317073170731708,0.01056910569105691,0.005691056910569106,0.004878048780487805,0.4536652107561964,0.3036030003852525,0.0,1.0,0.39135925906435826,0.24322324541743304,0.0,1.0,0.5545966426353733,0.257907537509344,0.03225806451612903,1.0,0.26806293743093196,0.18890620080639936,0.0,1.0,17,0.17210440456769985,6.088091353996737,16
514,1226,827,13.536911522476554,88.06362153344209,12,12,8,4,893,0.7283849918433931,333,1021,0.83278955954323,0.8947368421052632,799,222,0.8947368421052632,0.6666666666666666,0.83278955954323,163,987,6.0552147239263805,0.009787928221859706,0.009787928221859706,0.0065252854812398045,0.0032626427406199023,0.4531126664210914,0.30288831175579095,0.0,1.0,0.39130663579434827,0.24302866407685134,0.0,1.0,0.5543861495553333,0.25827426403333026,0.03225806451612903,1.0,0.26801031416092197,0.18792695873194404,0.0,1.0,17,0.17536704730831973,6.101957585644372,16
515,1221,835,13.502463326621625,87.36199836199836,8,13,11,2,921,0.7512234910277324,305,1054,0.8597063621533442,0.9207383279044516,848,206,0.9207383279044516,0.6754098360655738,0.8597063621533442,176,1038,5.8977272727272725,0.0065252854812398045,0.010603588907014683,0.00897226753670473,0.0016313213703099511,0.45243190404480726,0.3023175488503213,0.0,1.0,0.3916673271511981,0.24322700570021027,0.0,1.0,0.5550183614699743,0.25868034716250365,0.03225806451612903,1.0,0.26805104224459064,0.18836004275813345,0.0,1.0,17,0.1769041769041769,6.113841113841114,16
516,1221,844,13.548475977259727,87.78460278460278,6,6,2,4,928,0.76003276003276,293,1027,0.8411138411138411,0.8987068965517241,834,193,0.8987068965517241,0.658703071672355,0.8411138411138411,173,1009,5.832369942196531,0.004914004914004914,0.004914004914004914,0.001638001638001638,0.003276003276003276,0.4533565823888404,0.30345741096178624,0.0,1.0,0.3931996512641674,0.24486969949053602,0.0,1.0,0.5538823280758765,0.258758028848919,0.03225806451612903,1.0,0.2671527832818155,0.18812485823736816,0.0,1.0,17,0.17526617526617527,6.114660114660115,16
517,1221,847,13.504823840856671,87.24815724815724,13,13,8,5,945,0.773955773955774,276,1046,0.8566748566748567,0.9068783068783068,857,189,0.9068783068783068,0.6847826086956522,0.8566748566748567,172,1021,5.936046511627907,0.010647010647010647,0.010647010647010647,0.006552006552006552,0.004095004095004095,0.4530659691950015,0.30388411842310614,0.0,1.0,0.39441494280203954,0.2443660266014187,0.0,1.0,0.555229716520039,0.2584704948530109,0.03225806451612903,1.0,0.26744339647565457,0.1887460579658473,0.0,1.0,17,0.17772317772317772,6.113022113022113,16
518,1217,856,13.506158770779429,86.96548890714872,6,10,9,1,924,0.7567567567567568,297,1018,0.8337428337428338,0.9123376623376623,843,175,0.9123376623376623,0.5892255892255892,0.8337428337428338,175,1002,5.725714285714286,0.004914004914004914,0.00819000819000819,0.007371007371007371,0.000819000819000819,0.4530177326583084,0.30362394458352115,0.0,1.0,0.3947835767487476,0.2441704941480303,0.0,1.0,0.5548811196225515,0.25834545813801796,0.03225806451612903,1.0,0.2671561481167334,0.1882459197836128,0.0,1.0,17,0.17830731306491374,6.1265406737880035,16
519,1215,862,13.581618421673591,87.36625514403292,4,6,4,2,897,0.7370583401807724,320,1033,0.8488085456039441,0.9063545150501672,813,220,0.9063545150501672,0.6875,0.8488085456039441,172,1011,5.877906976744186,0.003286770747740345,0.0049301561216105174,0.003286770747740345,0.0016433853738701725,0.4529669454400637,0.30382605693364245,0.0,1.0,0.395008628700385,0.2442171453757004,0.0,1.0,0.554891809372096,0.25852142729885863,0.03225806451612903,1.0,0.2670914642240807,0.18836561919443315,0.0,1.0,17,0.17860082304526748,6.121810699588478,16
520,1211,859,13.604305892578202,86.75557390586292,8,12,10,2,893,0.7349794238683127,322,1053,0.8666666666666667,0.9137737961926092,816,237,0.9137737961926092,0.7360248447204969,0.8666666666666667,180,1030,5.722222222222222,0.006584362139917695,0.009876543209876543,0.00823045267489712,0.0016460905349794238,0.45036093870701366,0.3043165731220788,0.0,1.0,0.3932500466157002,0.2446342404972485,0.0,1.0,0.5545403691963453,0.2581093572296994,0.03225806451612903,1.0,0.2667483551317226,0.1884152819368066,0.0,1.0,17,0.17753922378199835,6.135425268373245,16
521,1210,866,13.55344232389938,86.05867768595041,11,12,9,3,899,0.7423616845582164,312,1021,0.8431048720066061,0.9021134593993326,811,210,0.9021134593993326,0.6730769230769231,0.8431048720066061,171,999,5.842105263157895,0.009083402146985962,0.00990916597853014,0.007431874483897605,0.002477291494632535,0.44828045854438814,0.30458479051759724,0.0,1.0,0.3938683017861903,0.24498773303508395,0.0,1.0,0.5545187949880033,0.2580616518631629,0.03225806451612903,1.0,0.26659557451346305,0.18845007379082548,0.0,1.0,17,0.17768595041322313,6.13801652892562,16
522,1205,872,13.613719832866773,85.8597510373444,7,12,6,6,882,0.7289256198347107,328,1027,0.8487603305785124,0.9126984126984127,805,222,0.9126984126984127,0.676829268292683,0.8487603305785124,183,1016,5.551912568306011,0.005785123966942148,0.009917355371900827,0.0049586776859504135,0.0049586776859504135,0.447838308124749,0.3051402402633318,0.0,1.0,0.39453888368357654,0.24427391536315296,0.0,1.0,0.554276535938964,0.2575316309566081,0.03225806451612903,1.0,0.26534600455093027,0.18695456701874777,0.0,1.0,17,0.17759336099585063,6.1294605809128635,16
523,1208,877,13.640560838067723,86.12748344370861,8,5,3,2,904,0.750207468879668,301,1028,0.8531120331950207,0.9081858407079646,821,207,0.9081858407079646,0.6877076411960132,0.8531120331950207,173,1006,5.815028901734104,0.006639004149377593,0.004149377593360996,0.0024896265560165973,0.0016597510373443983,0.44683294167912835,0.3055599244449646,0.0,1.0,0.3950010681478317,0.24420616088127844,0.0,1.0,0.5546624652851955,0.25752534592137244,0.03225806451612903,1.0,0.2645802179021577,0.18628838101945674,0.0,1.0,17,0.17798013245033112,6.131622516556291,16
524,1203,881,13.758967512911314,86.44804655029094,7,12,5,7,900,0.7450331125827815,308,1032,0.8543046357615894,0.9233333333333333,831,201,0.9233333333333333,0.6525974025974026,0.8543046357615894,175,1011,5.777142857142858,0.005794701986754967,0.009933774834437087,0.0041390728476821195,0.005794701986754967,0.4469739629421071,0.3063632124116394,0.0,1.0,0.39578473171908934,0.2438336466401172,0.0,1.0,0.555492987960207,0.2567179646535516,0.03225806451612903,1.0,0.2651704073150457,0.18641987772409294,0.0,1.0,17,0.1778886118038238,6.121363258520366,15
525,1211,882,13.709929309199742,86.07431874483898,18,10,3,7,935,0.7772236076475478,268,1047,0.8703241895261845,0.9197860962566845,860,187,0.9197860962566845,0.6977611940298507,0.8703241895261845,170,1018,5.988235294117647,0.014962593516209476,0.00831255195344971,0.0024937655860349127,0.005818786367414797,0.4464718574358701,0.3064368793563394,0.0,1.0,0.39458192376335205,0.24323730424011022,0.0,1.0,0.5548866572547348,0.2562112762635424,0.03225806451612903,1.0,0.2662156042726619,0.187346079655811,0.0,1.0,17,0.17753922378199835,6.118084227910818,15
526,1208,884,13.781623540161632,86.48841059602648,3,6,5,1,939,0.7753922378199835,272,1030,0.8505367464905037,0.9222577209797657,866,164,0.9222577209797657,0.6029411764705882,0.8505367464905037,171,1003,5.8654970760233915,0.002477291494632535,0.00495458298926507,0.004128819157720892,0.0008257638315441783,0.4453108310190131,0.30654140011827385,0.0,1.0,0.3940130314035462,0.24327668790981943,0.0,1.0,0.554048280281991,0.25601823487571296,0.03225806451612903,1.0,0.2659154026917325,0.1875229196041731,0.0,1.0,17,0.1763245033112583,6.120033112582782,15
527,1211,892,13.776411847809076,86.78777869529314,7,4,3,1,932,0.7715231788079471,276,1051,0.8700331125827815,0.9184549356223176,856,195,0.9184549356223176,0.7065217391304348,0.8700331125827815,167,1026,6.1437125748503,0.005794701986754967,0.0033112582781456954,0.0024834437086092716,0.0008278145695364238,0.445672731147279,0.3064056044366582,0.0,1.0,0.39436882341972773,0.24297514492248484,0.0,1.0,0.5554993207426547,0.25623021568194815,0.03225806451612903,1.0,0.2661889667297089,0.18804538323074724,0.0,1.0,17,0.17588769611891,6.1189099917423615,15
528,1217,886,13.76921085937609,86.7354149548069,12,6,3,3,936,0.772914946325351,275,1070,0.8835672997522709,0.9284188034188035,869,201,0.9284188034188035,0.730909090909091,0.8835672997522709,182,1046,5.747252747252747,0.00990916597853014,0.00495458298926507,0.002477291494632535,0.002477291494632535,0.4454634611816471,0.30699454176521795,0.0,1.0,0.39295464786492434,0.2439987960658549,0.0,1.0,0.5544835263869377,0.2561131267943644,0.03225806451612903,1.0,0.26514167572295705,0.18753622096472325,0.0,1.0,17,0.17584223500410848,6.131470829909614,15
529,1223,890,13.720116130429625,86.4766966475879,11,5,5,0,904,0.7428101889893179,313,1063,0.8734593262119967,0.9292035398230089,840,223,0.9292035398230089,0.7124600638977636,0.8734593262119967,173,1040,6.011560693641618,0.009038619556285949,0.004108463434675432,0.004108463434675432,0.0,0.4463376678184264,0.3075374200006485,0.0,1.0,0.3916334766438952,0.24479197177833537,0.0,1.0,0.5544008651386068,0.25618412378384087,0.03225806451612903,1.0,0.26510695539788465,0.18749424510955245,0.0,1.0,17,0.1749795584627964,6.143908421913328,15
530,1223,890,13.716777960378487,86.5584627964023,9,9,4,5,984,0.8045789043336059,239,1066,0.8716271463614064,0.9247967479674797,910,156,0.9247967479674797,0.6527196652719666,0.8716271463614064,172,1038,6.034883720930233,0.007358953393295176,0.007358953393295176,0.003270645952575634,0.004088307440719542,0.44781473373249275,0.3079131093172523,0.0,1.0,0.3926885237253712,0.24501334998790986,0.0,1.0,0.5548492601482341,0.25660296147605843,0.03225806451612903,1.0,0.2648431936275156,0.18719060046218328,0.0,1.0,17,0.17416189697465248,6.152085036794767,15
531,1220,892,13.746452133985121,86.6704918032787,5,8,7,1,928,0.758789860997547,295,1073,0.8773507767784138,0.9127155172413793,847,226,0.9127155172413793,0.7661016949152543,0.8773507767784138,171,1046,6.116959064327485,0.004088307440719542,0.006541291905151268,0.005723630417007359,0.0008176614881439084,0.44912744579587527,0.30844872005036583,0.0,1.0,0.39262295081967213,0.24512301028351113,0.0,1.0,0.555076679005817,0.2565737839738808,0.03225806451612903,1.0,0.26520359598096244,0.18734152626208056,0.0,1.0,17,0.17295081967213113,6.15,15
532,1222,891,13.744486720415019,86.42635024549918,10,8,6,2,914,0.7491803278688525,306,1034,0.8475409836065574,0.8949671772428884,818,216,0.8949671772428884,0.7058823529411765,0.8475409836065574,172,1005,5.843023255813954,0.00819672131147541,0.006557377049180328,0.004918032786885246,0.001639344262295082,0.45124333456522886,0.30896760545313073,0.0,1.0,0.39390739665276386,0.24571087424591118,0.0,1.0,0.5542210020590254,0.2562084006143544,0.03225806451612903,1.0,0.2654558893405839,0.18760529340049392,0.0,1.0,17,0.17103109656301146,6.146481178396072,15
533,1222,899,13.750726658381907,86.67757774140753,8,8,4,4,929,0.7602291325695582,293,1033,0.8453355155482815,0.8977395048439182,834,199,0.8977395048439182,0.6791808873720137,0.8453355155482815,172,1013,5.8895348837209305,0.006546644844517185,0.006546644844517185,0.0032733224222585926,0.0032733224222585926,0.45145451665698744,0.30915238826012037,0.0,1.0,0.39578163771712155,0.2467637171706461,0.0,1.0,0.5541946042975556,0.25621730924367087,0.03225806451612903,1.0,0.2644791721662003,0.1864735646746521,0.0,1.0,17,0.1702127659574468,6.146481178396072,15
534,1223,904,13.77504838483166,86.94766966475879,5,4,4,0,931,0.7618657937806874,291,1073,0.8780687397708674,0.9312567132116004,867,206,0.9312567132116004,0.7079037800687286,0.8780687397708674,181,1059,5.850828729281768,0.004091653027823241,0.0032733224222585926,0.0032733224222585926,0.0,0.45219317912061824,0.30916860638294347,0.0,1.0,0.3955107746683196,0.2466272300838837,0.0,1.0,0.5536359560045367,0.2561893133108236,0.03225806451612903,1.0,0.26394640360826105,0.1860447232487435,0.0,1.0,17,0.16925592804578904,6.152902698282911,15
535,1220,912,13.799728372641994,86.72295081967214,8,11,7,4,905,0.7399836467702371,318,1045,0.8544562551103843,0.9027624309392265,817,228,0.9027624309392265,0.7169811320754716,0.8544562551103843,175,1028,5.8742857142857146,0.006541291905151268,0.008994276369582993,0.005723630417007359,0.003270645952575634,0.4528820729772607,0.30891204040242864,0.0,1.0,0.39735589635113694,0.24648222459798905,0.0,1.0,0.5540190375462718,0.2562599057547253,0.03225806451612903,1.0,0.2642781597038604,0.18592361274775346,0.0,1.0,17,0.17049180327868851,6.159836065573771,15
536,1223,915,13.848870946766807,87.12591986917417,5,2,2,0,926,0.759016393442623,294,1055,0.8647540983606558,0.9103671706263499,843,212,0.9103671706263499,0.7210884353741497,0.8647540983606558,177,1035,5.8474576271186445,0.004098360655737705,0.001639344262295082,0.001639344262295082,0.0,0.4516129032258065,0.3087229993062209,0.0,1.0,0.3968559596972015,0.24654142976042018,0.0,1.0,0.5542953604304592,0.25637913538778156,0.03225806451612903,1.0,0.26426291773270383,0.18605731351060867,0.0,1.0,17,0.17007358953393295,6.168438266557645,15
537,1221,921,13.880289343717973,87.38820638820638,5,7,4,3,938,0.7669664758789861,285,1030,0.8421913327882257,0.8976545842217484,842,188,0.8976545842217484,0.6596491228070176,0.8421913327882257,178,1014,5.696629213483146,0.004088307440719542,0.005723630417007359,0.003270645952575634,0.0024529844644317253,0.4514543869382579,0.3086058701928382,0.0,1.0,0.39597368629626695,0.24677689691582697,0.0,1.0,0.5533803598319726,0.2568094239515553,0.03225806451612903,1.0,0.263506908668199,0.18578212969917524,0.0,1.0,17,0.16953316953316952,6.172809172809173,15
538,1221,929,13.915041042258082,87.66830466830467,6,6,4,2,940,0.7698607698607699,281,1042,0.8533988533988534,0.9191489361702128,864,178,0.9191489361702128,0.6334519572953736,0.8533988533988534,174,1024,5.885057471264368,0.004914004914004914,0.004914004914004914,0.003276003276003276,0.001638001638001638,0.4498692240627724,0.3077713842526769,0.0,1.0,0.39465271723336237,0.24556428746941356,0.0,1.0,0.5553618134263296,0.25644275049147336,0.03225806451612903,1.0,0.26453726453726456,0.18663477443078194,0.0,1.0,17,0.17117117117117117,6.176904176904177,15
539,1224,931,13.87565557141783,87.24019607843137,13,10,6,4,923,0.7559377559377559,298,1067,0.8738738738738738,0.9176598049837487,847,220,0.9176598049837487,0.738255033557047,0.8738738738738738,175,1044,5.965714285714285,0.010647010647010647,0.00819000819000819,0.004914004914004914,0.003276003276003276,0.45127029306346195,0.3080548598739971,0.0,1.0,0.395741092135779,0.24568066250148568,0.0,1.0,0.5571631878557874,0.2568467015985571,0.03225806451612903,1.0,0.2648113008644318,0.18658055077930186,0.0,1.0,17,0.1715686274509804,6.170751633986928,14
540,1227,937,13.77636815371509,86.53545232273838,14,11,8,3,929,0.7589869281045751,295,1055,0.8619281045751634,0.9181916038751345,853,202,0.9181916038751345,0.6847457627118644,0.8619281045751634,171,1032,6.035087719298246,0.011437908496732025,0.008986928104575163,0.006535947712418301,0.0024509803921568627,0.45282225201777215,0.3097458148653461,0.0,1.0,0.39769172121881324,0.2467252680255451,0.0,1.0,0.5564581854510082,0.25654207480482594,0.03225806451612903,1.0,0.2642427110445093,0.18677855510383115,0.0,1.0,17,0.16951915240423798,6.188264058679707,14
541,1237,938,13.670050072124784,86.13823767178658,16,6,4,2,949,0.7734311328443357,278,1085,0.8842705786471068,0.9220231822971549,875,210,0.9220231822971549,0.7553956834532374,0.8842705786471068,174,1060,6.091954022988506,0.013039934800325998,0.004889975550122249,0.0032599837000814994,0.0016299918500407497,0.45362088298954284,0.30975657524268957,0.0,1.0,0.39729313896784624,0.24596681294930173,0.0,1.0,0.5558974626437531,0.2567490454818565,0.03225806451612903,1.0,0.26494901817612854,0.1866352987151153,0.0,1.0,17,0.16976556184316896,6.198868229587712,13
542,1236,944,13.676380720970613,86.20064724919094,8,9,6,3,930,0.751818916734034,307,1034,0.83589329021827,0.9064516129032258,843,191,0.9064516129032258,0.6221498371335505,0.83589329021827,172,1012,5.883720930232558,0.0064672594987873885,0.007275666936135812,0.004850444624090542,0.002425222312045271,0.45289174235306395,0.3084342781946697,0.0,1.0,0.39565716671886414,0.24595601078407206,0.0,1.0,0.5547290948950829,0.25721691392052987,0.03225806451612903,1.0,0.2659463409541706,0.1867616232514522,0.0,1.0,17,0.17071197411003236,6.210355987055016,13
543,1237,946,13.73690249867974,86.7243330638642,6,5,2,3,936,0.7572815533980582,300,1075,0.8697411003236246,0.9198717948717948,861,214,0.9198717948717948,0.7133333333333334,0.8697411003236246,172,1049,6.098837209302325,0.0048543689320388345,0.0040453074433656954,0.0016181229773462784,0.0024271844660194173,0.45184760215923025,0.30774683569261396,0.0,1.0,0.3956763240931494,0.2455596412100725,0.0,1.0,0.5550890552064046,0.25728035197430094,0.03225806451612903,1.0,0.26643544475447883,0.18676606198169748,0.0,1.0,17,0.1713823767178658,6.2150363783346805,13
544,1236,946,13.76152339333015,86.77669902912622,6,7,6,1,953,0.7704122877930477,284,1066,0.8617623282134196,0.9118572927597062,869,197,0.9118572927597062,0.6936619718309859,0.8617623282134196,173,1039,6.005780346820809,0.004850444624090542,0.005658852061438965,0.004850444624090542,0.0008084074373484236,0.45213487837978916,0.30822760573842595,0.0,1.0,0.3951873890802798,0.2451765527975285,0.0,1.0,0.5553815638375613,0.2573063589946687,0.03225806451612903,1.0,0.2667554024428437,0.1869442682510163,0.0,1.0,17,0.17071197411003236,6.2127831715210355,13
545,1249,953,13.651071441412315,86.5804643714972,15,2,2,0,928,0.7508090614886731,308,1089,0.8810679611650486,0.9181034482758621,852,237,0.9181034482758621,0.7694805194805194,0.8810679611650486,172,1068,6.209302325581396,0.012135922330097087,0.0016181229773462784,0.0016181229773462784,0.0,0.4514837676592887,0.3082038394575678,0.0,1.0,0.3945608099382732,0.24558891631832566,0.0,1.0,0.5551538004597226,0.2569078407378499,0.03225806451612903,1.0,0.26650998217929184,0.1864254638221607,0.0,1.0,17,0.17053642914331466,6.22978382706165,13
546,1251,957,13.622659169191289,86.68824940047962,7,5,5,0,952,0.7622097678142514,297,1084,0.8678943154523618,0.9201680672268907,876,208,0.9201680672268907,0.7003367003367004,0.8678943154523618,172,1060,6.162790697674419,0.005604483586869495,0.0040032025620496394,0.0040032025620496394,0.0,0.4532889817178516,0.3090098444483467,0.0,1.0,0.39488409272581937,0.2461455123685055,0.0,1.0,0.5541889069389649,0.25635137707682704,0.03225806451612903,1.0,0.2658776204842578,0.18604006467775827,0.0,1.0,17,0.16946442845723422,6.2398081534772185,13
547,1254,952,13.680648881596431,87.09569377990431,6,3,2,1,943,0.753796962430056,308,1125,0.8992805755395683,0.9395546129374337,886,239,0.9395546129374337,0.775974025974026,0.8992805755395683,180,1100,6.111111111111111,0.004796163069544364,0.002398081534772182,0.0015987210231814548,0.0007993605115907274,0.45287338581056746,0.308762923031505,0.0,1.0,0.3950198075834748,0.24635541899452432,0.0,1.0,0.5535833719195349,0.256389359292194,0.03225806451612903,1.0,0.2656788599063642,0.18582748611322156,0.0,1.0,17,0.16905901116427433,6.244019138755981,13
548,1256,958,13.63262664887107,86.79458598726114,12,10,5,5,979,0.7807017543859649,275,1091,0.8700159489633174,0.9152196118488254,896,195,0.9152196118488254,0.7090909090909091,0.8700159489633174,170,1067,6.276470588235294,0.009569377990430622,0.007974481658692184,0.003987240829346092,0.003987240829346092,0.45469488391206087,0.309111839689835,0.0,1.0,0.39367166632422435,0.24614821016920294,0.0,1.0,0.5528816519416478,0.2565328122394678,0.03225806451612903,1.0,0.26551263612081366,0.18557439077546034,0.0,1.0,17,0.16878980891719744,6.2619426751592355,13
549,1255,965,13.64350768211001,86.95219123505976,8,9,5,4,930,0.7404458598726115,326,1084,0.8630573248407644,0.9150537634408602,851,233,0.9150537634408602,0.7147239263803681,0.8630573248407644,169,1060,6.272189349112426,0.006369426751592357,0.007165605095541401,0.003980891719745223,0.0031847133757961785,0.4548515614959517,0.3084816988049345,0.0,1.0,0.39329135072612775,0.245299780820776,0.0,1.0,0.5546844878550314,0.2567231094546089,0.03225806451612903,1.0,0.26587842179668425,0.1856021242105254,0.0,1.0,17,0.1697211155378486,6.265338645418327,13
550,1256,967,13.620240666802808,87.01671974522293,9,8,5,3,996,0.7936254980079681,259,1106,0.8812749003984064,0.9267068273092369,923,183,0.9267068273092369,0.7065637065637066,0.8812749003984064,177,1085,6.129943502824859,0.007171314741035857,0.006374501992031873,0.00398406374501992,0.002390438247011952,0.4574943497020752,0.30909403253552453,0.0,1.0,0.3942110129443189,0.2455046468500585,0.0,1.0,0.5554499691801931,0.2565556958763717,0.03225806451612903,1.0,0.2663344976371481,0.18583405773416986,0.0,1.0,17,0.16878980891719744,6.276273885350318,13
551,1257,971,13.54072817452696,86.7931583134447,11,10,7,3,979,0.7794585987261147,277,1088,0.8662420382165605,0.9182839632277835,899,189,0.9182839632277835,0.6823104693140795,0.8662420382165605,167,1059,6.341317365269461,0.00875796178343949,0.007961783439490446,0.005573248407643312,0.0023885350318471337,0.45823389021479716,0.30955432781178727,0.0,1.0,0.39397438858521316,0.2456412216230796,0.0,1.0,0.5552390484255908,0.2568559969385373,0.03225806451612903,1.0,0.2663279184951369,0.18549269030009638,0.0,1.0,17,0.16945107398568018,6.287191726332538,13
552,1259,978,13.563833471464083,87.24861000794282,6,4,2,2,950,0.7557677008750995,307,1060,0.843277645186953,0.8926315789473684,848,212,0.8926315789473684,0.6905537459283387,0.843277645186953,168,1035,6.160714285714286,0.00477326968973747,0.0031821797931583136,0.0015910898965791568,0.0015910898965791568,0.45840272617797023,0.30885399486490434,0.0,1.0,0.3941428168797561,0.24512267308955987,0.0,1.0,0.555740603141254,0.25704012756508554,0.03225806451612903,1.0,0.26662225524609906,0.18537624008283468,0.0,1.0,17,0.17077045274027006,6.289912629070691,13
553,1256,975,13.582639193769586,87.06449044585987,7,10,7,3,959,0.7617156473391581,300,1092,0.8673550436854647,0.9113660062565172,874,218,0.9113660062565172,0.7266666666666667,0.8673550436854647,180,1069,5.938888888888889,0.005559968228752979,0.007942811755361398,0.005559968228752979,0.0023828435266084196,0.458162112184097,0.3086380059410303,0.0,1.0,0.3931066365317444,0.24558645879819246,0.0,1.0,0.5540630778713787,0.2572672891239158,0.03225806451612903,1.0,0.2657437846722827,0.18498141013636749,0.0,1.0,17,0.17038216560509553,6.304936305732484,13
554,1262,981,13.508708353643257,86.88272583201268,11,5,4,1,966,0.7691082802547771,290,1078,0.85828025477707,0.8923395445134575,862,216,0.8923395445134575,0.7448275862068966,0.85828025477707,175,1059,6.051428571428572,0.00875796178343949,0.003980891719745223,0.0031847133757961785,0.0007961783439490446,0.4570829712182404,0.3082761005579664,0.0,1.0,0.391160983589796,0.24583612801619267,0.0,1.0,0.5529880885435305,0.25722334674656105,0.03225806451612903,1.0,0.2656561525484382,0.18503930649985403,0.0,1.0,17,0.17194928684627575,6.309825673534073,13
555,1263,989,13.445429999326388,86.83372921615202,9,8,6,2,992,0.786053882725832,270,1093,0.8660855784469097,0.9173387096774194,910,183,0.9173387096774194,0.6777777777777778,0.8660855784469097,175,1076,6.148571428571429,0.0071315372424722665,0.006339144215530904,0.004754358161648178,0.001584786053882726,0.45702755855234595,0.30818705748566594,0.0,1.0,0.39097897989936914,0.24577019880807663,0.0,1.0,0.5516307818047149,0.2569033553129636,0.03225806451612903,1.0,0.2663652849079253,0.18499780792839465,0.0,1.0,17,0.171021377672209,6.312747426761678,13
556,1263,995,13.467556759845571,87.17893903404592,7,7,4,3,945,0.7482185273159145,318,1070,0.8471892319873318,0.9164021164021164,866,204,0.9164021164021164,0.6415094339622641,0.8471892319873318,179,1055,5.893854748603352,0.0055423594615993665,0.0055423594615993665,0.003167062549485352,0.0023752969121140144,0.459377314637448,0.30909788273976174,0.0,1.0,0.3913876331315608,0.24681715132780574,0.0,1.0,0.5504048221081398,0.256704167786385,0.03225806451612903,1.0,0.26654407069700914,0.18439863334333692,0.0,1.0,17,0.171021377672209,6.320665083135392,13
557,1264,1003,13.444039664605743,87.3125,7,6,5,1,930,0.7363420427553444,333,1077,0.8527315914489311,0.8924731182795699,830,247,0.8924731182795699,0.7417417417417418,0.8527315914489311,171,1056,6.175438596491228,0.0055423594615993665,0.004750593824228029,0.00395882818685669,0.000791765637371338,0.4595753368721927,0.30939383429073275,0.0,1.0,0.39061861984483465,0.2471683534053343,0.0,1.0,0.5497396896692528,0.256966031967915,0.03225806451612903,1.0,0.26582278481012656,0.18452690019541543,0.0,1.0,17,0.17009493670886075,6.3275316455696204,13
558,1264,1007,13.475077476074985,87.61392405063292,6,6,4,2,934,0.7389240506329114,330,1084,0.8575949367088608,0.8993576017130621,840,244,0.8993576017130621,0.7393939393939394,0.8575949367088608,169,1057,6.254437869822485,0.004746835443037975,0.004746835443037975,0.0031645569620253164,0.0015822784810126582,0.4585289914250715,0.30901564569596485,0.0,1.0,0.39105247039608004,0.2472500410886151,0.0,1.0,0.5488719885667619,0.25696913428041274,0.03225806451612903,1.0,0.26572070232748063,0.1842364838795054,0.0,1.0,17,0.17167721518987342,6.3299050632911396,13
559,1267,1012,13.466732662623647,88.02131018153118,9,6,2,4,975,0.7713607594936709,289,1102,0.8718354430379747,0.9035897435897436,881,221,0.9035897435897436,0.7647058823529411,0.8718354430379747,174,1081,6.212643678160919,0.007120253164556962,0.004746835443037975,0.0015822784810126582,0.0031645569620253164,0.45652672047254117,0.30805123006254925,0.0,1.0,0.39165414873844745,0.24609382398000762,0.0,1.0,0.5499147083534893,0.2568573598139169,0.03225806451612903,1.0,0.26669552155205334,0.18509848872418777,0.0,1.0,17,0.17363851617995266,6.331491712707182,13
560,1267,1021,13.430106869219546,88.22336227308602,5,5,5,0,976,0.7703235990528808,291,1088,0.8587213891081295,0.9036885245901639,882,206,0.9036885245901639,0.7079037800687286,0.8587213891081295,169,1066,6.3076923076923075,0.003946329913180742,0.003946329913180742,0.003946329913180742,0.0,0.4566540214374825,0.3086391540957298,0.0,1.0,0.391806909896377,0.24629110838856408,0.0,1.0,0.5499147083534893,0.25695007003377224,0.03225806451612903,1.0,0.2654225119026402,0.1847226925704376,0.0,1.0,17,0.17205998421468036,6.337805840568271,13
561,1266,1027,13.458422795430039,88.62401263823065,5,6,4,2,969,0.7647987371744278,298,1117,0.8816101026045777,0.9215686274509803,893,224,0.9215686274509803,0.7516778523489933,0.8816101026045777,181,1104,6.099447513812155,0.003946329913180742,0.004735595895816891,0.0031570639305445935,0.0015785319652722968,0.45701472761555323,0.30891730510173027,0.0,1.0,0.3913519849156602,0.24593589287577677,0.0,1.0,0.5500178362126076,0.2567309422325675,0.03225806451612903,1.0,0.26591244967640015,0.18522210974381845,0.0,1.0,17,0.17140600315955767,6.335703001579779,13
562,1264,1039,13.435698638996177,88.67405063291139,7,9,6,3,961,0.759083728278041,305,1096,0.8657187993680885,0.9198751300728408,884,212,0.9198751300728408,0.6950819672131148,0.8657187993680885,173,1081,6.2485549132947975,0.005529225908372828,0.0071090047393364926,0.004739336492890996,0.002369668246445498,0.4551857901184157,0.3078032313961279,0.0,1.0,0.3904144548795427,0.2452183520658733,0.0,1.0,0.5503266639444672,0.2566593378597688,0.03225806451612903,1.0,0.26597590853409553,0.18541944022485124,0.0,1.0,17,0.17325949367088608,6.337025316455696,13
563,1261,1044,13.39584459514805,88.45122918318795,8,11,8,3,1005,0.7950949367088608,259,1118,0.884493670886076,0.9373134328358209,942,176,0.9373134328358209,0.6795366795366795,0.884493670886076,180,1103,6.127777777777778,0.006329113924050633,0.00870253164556962,0.006329113924050633,0.0023734177215189874,0.4547594075362616,0.30756406802780684,0.0,1.0,0.38975723312271365,0.2449391414582289,0.0,1.0,0.5499731395973497,0.2570760655180145,0.03225806451612903,1.0,0.2664040316185311,0.18589251832956818,0.0,1.0,17,0.17287866772402855,6.349722442505947,13
564,1262,1050,13.406284556713091,88.76307448494454,7,6,3,3,935,0.7414750198255353,326,1080,0.8564631245043616,0.9144385026737968,855,225,0.9144385026737968,0.6901840490797546,0.8564631245043616,178,1064,5.977528089887641,0.0055511498810467885,0.004758128469468675,0.0023790642347343376,0.0023790642347343376,0.45485915852972747,0.3080011616567655,0.0,1.0,0.39077756760901794,0.24466040218422413,0.0,1.0,0.5495629057819129,0.2574059949857562,0.03225806451612903,1.0,0.2657072746792086,0.1852687760709558,0.0,1.0,17,0.17274167987321712,6.347068145800317,13
565,1259,1059,13.43254074329314,89.01509134233518,5,8,5,3,968,0.7670364500792393,294,1098,0.8700475435816165,0.9183884297520661,889,209,0.9183884297520661,0.7108843537414966,0.8700475435816165,166,1073,6.463855421686747,0.003961965134706815,0.006339144215530904,0.003961965134706815,0.002377179080824089,0.45525122344923,0.3086729892511487,0.0,1.0,0.39035076481590614,0.24508095402461783,0.0,1.0,0.54790027927951,0.25702587829483364,0.03225806451612903,1.0,0.26646852340567273,0.18508878391721167,0.0,1.0,17,0.1715647339158062,6.349483717235901,13
566,1258,1062,13.41527369912553,89.22496025437202,5,6,5,1,1025,0.8141382049245433,234,1123,0.891977760127085,0.9336585365853659,957,166,0.9336585365853659,0.7094017094017094,0.891977760127085,177,1103,6.231638418079096,0.003971405877680699,0.004765687053216839,0.003971405877680699,0.0007942811755361397,0.45551053900200006,0.3089130211166111,0.0,1.0,0.3908918406072106,0.24572832265806868,0.0,1.0,0.5472075491050823,0.2563025100921793,0.03225806451612903,1.0,0.26629570747217807,0.18489531825649802,0.0,1.0,17,0.1724960254372019,6.357710651828299,13
567,1261,1073,13.342161209480322,89.15463917525773,9,6,5,1,946,0.7519872813990461,312,1081,0.8593004769475358,0.9080338266384778,859,222,0.9080338266384778,0.7115384615384616,0.8593004769475358,169,1061,6.27810650887574,0.007154213036565978,0.0047694753577106515,0.00397456279809221,0.000794912559618442,0.45647335703870456,0.3095143112751049,0.0,1.0,0.39254559873116573,0.24627568815853512,0.0,1.0,0.5478754700570464,0.2564537531856152,0.03225806451612903,1.0,0.2660714742523854,0.18480527141232758,0.0,1.0,17,0.17208564631245044,6.362410785091197,13
568,1263,1075,13.310396343379434,89.12589073634204,10,8,5,3,950,0.753370340999207,311,1103,0.8747026169706582,0.9273684210526316,881,222,0.9273684210526316,0.7138263665594855,0.8747026169706582,180,1085,6.027777777777778,0.007930214115781126,0.006344171292624901,0.003965107057890563,0.0023790642347343376,0.4567210686282022,0.30979479096677603,0.0,1.0,0.392358184558016,0.2451369591811733,0.0,1.0,0.5473654636937143,0.2563937390111149,0.03225806451612903,1.0,0.26685056062115287,0.18453168153829394,0.0,1.0,17,0.17418844022169439,6.375296912114014,13
569,1261,1077,13.358596689048342,89.355273592387,5,7,5,2,949,0.7513855898653998,314,1132,0.8962787015043547,0.9399367755532139,892,240,0.9399367755532139,0.7643312101910829,0.8962787015043547,180,1114,6.188888888888889,0.00395882818685669,0.0055423594615993665,0.00395882818685669,0.001583531274742676,0.4561152183367015,0.30914892080626505,0.0,1.0,0.39211071602159064,0.24474722193349502,0.0,1.0,0.5482336087590494,0.25652178135663284,0.03225806451612903,1.0,0.26732495970939607,0.18486503113661154,0.0,1.0,17,0.17367168913560665,6.375892149088026,13
570,1259,1084,13.409348767845007,89.80778395552025,4,6,4,2,945,0.7494052339413164,316,1109,0.8794607454401269,0.9206349206349206,870,239,0.9206349206349206,0.7563291139240507,0.8794607454401269,174,1090,6.264367816091954,0.0031720856463124504,0.004758128469468675,0.0031720856463124504,0.0015860428231562252,0.45622485843859695,0.3088313058792861,0.0,1.0,0.39322042583719796,0.24486745585244715,0.0,1.0,0.5492582438699428,0.25651144581822743,0.03225806451612903,1.0,0.2676471341822747,0.18513868162682,0.0,1.0,17,0.17235901509134233,6.375694996028594,13
571,1264,1094,13.376056811762014,90.1503164556962,9,4,1,3,963,0.7648927720413026,296,1128,0.8959491660047657,0.9376947040498442,903,225,0.9376947040498442,0.7601351351351351,0.8959491660047657,168,1106,6.583333333333333,0.007148530579825258,0.003177124702144559,0.0007942811755361397,0.0023828435266084196,0.4564873417721519,0.30889206111316875,0.0,1.0,0.3943446304614128,0.24515717655444283,0.0,1.0,0.5492803184973458,0.25667313068475867,0.03225806451612903,1.0,0.26811964066966104,0.18546653102337965,0.0,1.0,17,0.17167721518987342,6.38370253164557,13
572,1270,1099,13.29721581165603,89.9724409448819,14,8,4,4,973,0.7697784810126582,291,1141,0.9026898734177216,0.9362795477903392,911,230,0.9362795477903392,0.7903780068728522,0.9026898734177216,177,1123,6.344632768361582,0.011075949367088608,0.006329113924050633,0.0031645569620253164,0.0031645569620253164,0.4550673101346203,0.3082456692500811,0.0,1.0,0.39618999237998476,0.2450039658448267,0.0,1.0,0.5491490982981966,0.25670726931628735,0.03225806451612903,1.0,0.2681483362966726,0.18579619082295531,0.0,1.0,17,0.17086614173228346,6.384251968503937,13
573,1272,1106,13.229649047700267,89.79874213836477,10,8,6,2,986,0.7763779527559055,284,1128,0.8881889763779528,0.9219066937119675,909,219,0.9219066937119675,0.7711267605633803,0.8881889763779528,172,1107,6.436046511627907,0.007874015748031496,0.006299212598425197,0.004724409448818898,0.0015748031496062992,0.45379387299655105,0.3082644184682325,0.0,1.0,0.3957699330493001,0.2439525827387943,0.0,1.0,0.5484124568878069,0.25628794681669287,0.03225806451612903,1.0,0.268386082369649,0.185663009454807,0.0,1.0,17,0.1690251572327044,6.3915094339622645,13
574,1279,1112,13.143888259484845,89.82329945269743,10,3,3,0,980,0.7704402515723271,292,1097,0.8624213836477987,0.9357142857142857,917,180,0.9357142857142857,0.6164383561643836,0.8624213836477987,173,1076,6.219653179190751,0.007861635220125786,0.0023584905660377358,0.0023584905660377358,0.0,0.45388282176095235,0.308425681560442,0.0,1.0,0.39514237433478777,0.2437407941067897,0.0,1.0,0.5489924083835658,0.256412829654741,0.03225806451612903,1.0,0.2679764937325027,0.1855919728516669,0.0,1.0,17,0.16966379984362784,6.395621579358874,13
575,1277,1119,13.141918056494365,90.13625685199686,4,6,6,0,1010,0.7896794370602033,269,1100,0.8600469116497264,0.9099009900990099,919,181,0.9099009900990099,0.6728624535315985,0.8600469116497264,177,1084,6.124293785310734,0.003127443315089914,0.004691164972634871,0.004691164972634871,0.0,0.45386111602293683,0.3084996004882144,0.0,1.0,0.3946244979412433,0.243471867231859,0.0,1.0,0.5492459645843333,0.256590592759434,0.03225806451612903,1.0,0.26837092985070854,0.18595517059323483,0.0,1.0,17,0.1707126076742365,6.400939702427564,13
576,1280,1125,13.145340236742504,90.575,6,3,2,1,948,0.7423649177760376,329,1093,0.855912294440094,0.9071729957805907,860,233,0.9071729957805907,0.7082066869300911,0.855912294440094,171,1070,6.257309941520468,0.004698512137823023,0.0023492560689115116,0.0015661707126076742,0.0007830853563038371,0.4538810483870968,0.3088610604868492,0.0,1.0,0.3941784274193548,0.24319114962355703,0.0,1.0,0.5494707661290322,0.2560937149819128,0.03225806451612903,1.0,0.2677923387096774,0.18546983834322261,0.0,1.0,17,0.1703125,6.4015625,13
577,1282,1129,13.132791444519395,90.75117004680187,8,6,4,2,969,0.75703125,311,1120,0.875,0.934984520123839,906,214,0.934984520123839,0.6881028938906752,0.875,175,1099,6.28,0.00625,0.0046875,0.003125,0.0015625,0.4525439082079412,0.3085388451212261,0.0,1.0,0.39318605002264606,0.24326012195434685,0.0,1.0,0.549745860802174,0.25634416864001397,0.03225806451612903,1.0,0.26667002163957526,0.18448483985788747,0.0,1.0,17,0.16926677067082682,6.412636505460219,13
578,1282,1138,13.103823798667278,90.91809672386896,7,7,4,3,978,0.7628705148205929,304,1127,0.8790951638065523,0.9396728016359919,919,208,0.9396728016359919,0.6842105263157895,0.8790951638065523,167,1103,6.604790419161676,0.00546021840873635,0.00546021840873635,0.0031201248049922,0.00234009360374415,0.45249358361431236,0.30845742903590617,0.0,1.0,0.3925569926022847,0.24352683007092182,0.0,1.0,0.5498716722862462,0.2564273668734588,0.03225806451612903,1.0,0.2660409642192139,0.18404401052091288,0.0,1.0,17,0.16926677067082682,6.421216848673947,13
579,1274,1144,13.15914499507727,91.06200941915228,4,12,7,5,975,0.7605304212168487,307,1143,0.891575663026521,0.9353846153846154,912,231,0.9353846153846154,0.752442996742671,0.891575663026521,179,1128,6.301675977653631,0.0031201248049922,0.0093603744149766,0.00546021840873635,0.0039001560062402497,0.45199270775307643,0.3079781212077734,0.0,1.0,0.39297108421532384,0.2430860908784817,0.0,0.967741935483871,0.5490960652250975,0.25651116382232925,0.03225806451612903,1.0,0.2660150908998835,0.18400939792709795,0.0,1.0,17,0.17032967032967034,6.42778649921507,13
580,1274,1150,13.16763734190889,91.46232339089482,6,6,3,3,982,0.7708006279434851,292,1124,0.8822605965463108,0.9419551934826884,925,199,0.9419551934826884,0.6815068493150684,0.8822605965463108,177,1107,6.254237288135593,0.004709576138147566,0.004709576138147566,0.002354788069073783,0.002354788069073783,0.45272699650579834,0.3083805202811038,0.0,1.0,0.39264192029168987,0.24277273471501615,0.0,0.967741935483871,0.5492226667341875,0.25593538760007756,0.03225806451612903,1.0,0.26621765331442754,0.18463864787861883,0.0,1.0,17,0.1695447409733124,6.430141287284145,13
581,1275,1154,13.151156943667031,91.73019607843138,8,7,4,3,955,0.749607535321821,319,1132,0.8885400313971743,0.9340314136125655,892,240,0.9340314136125655,0.7523510971786834,0.8885400313971743,176,1112,6.318181818181818,0.006279434850863423,0.005494505494505495,0.0031397174254317113,0.002354788069073783,0.45429475015812776,0.308755198932934,0.0,1.0,0.3939025932953827,0.243739420619125,0.0,0.967741935483871,0.5483111954459203,0.25622206449768625,0.03225806451612903,1.0,0.26600885515496525,0.1847077949081851,0.0,1.0,17,0.16862745098039217,6.435294117647059,13
582,1275,1161,13.1917730033587,92.22588235294117,5,5,3,2,919,0.7207843137254902,356,1113,0.8729411764705882,0.9205658324265505,846,267,0.9205658324265505,0.75,0.8729411764705882,174,1094,6.287356321839081,0.00392156862745098,0.00392156862745098,0.002352941176470588,0.001568627450980392,0.4553067678684377,0.3090116203068563,0.0,1.0,0.3953447185325743,0.24299224617811777,0.0,0.967741935483871,0.5495003162555345,0.255228697133345,0.03225806451612903,1.0,0.2664895635673624,0.18533275638508018,0.0,1.0,17,0.16941176470588235,6.429803921568627,13
583,1272,1167,13.15004306096264,92.14858490566037,7,10,8,2,959,0.7521568627450981,316,1130,0.8862745098039215,0.9322210636079249,894,236,0.9322210636079249,0.7468354430379747,0.8862745098039215,170,1106,6.5058823529411764,0.005490196078431373,0.00784313725490196,0.006274509803921568,0.001568627450980392,0.4546307567457902,0.3096646692138329,0.0,1.0,0.3951612903225806,0.242925040586761,0.0,0.967741935483871,0.5492747007506593,0.2550064115683618,0.03225806451612903,1.0,0.2655457496449584,0.18460207474568915,0.0,1.0,16,0.16981132075471697,6.439465408805032,13
584,1265,1177,13.179473089038956,92.63083003952569,3,10,6,4,954,0.75,318,1140,0.8962264150943396,0.929769392033543,887,253,0.929769392033543,0.7955974842767296,0.8962264150943396,172,1122,6.523255813953488,0.0023584905660377358,0.007861635220125786,0.0047169811320754715,0.0031446540880503146,0.45485145990054826,0.3095842354733331,0.0,1.0,0.3956649241361724,0.2431911046838611,0.0,0.967741935483871,0.5491011092694122,0.25537193464220587,0.03225806451612903,1.0,0.26553614688257043,0.18480647901590067,0.0,1.0,16,0.1683794466403162,6.4403162055335965,13
585,1265,1188,13.128639098895597,92.80632411067194,8,8,5,3,1021,0.8071146245059289,244,1134,0.8964426877470356,0.9373163565132223,957,177,0.9373163565132223,0.7254098360655737,0.8964426877470356,172,1117,6.494186046511628,0.006324110671936759,0.006324110671936759,0.003952569169960474,0.0023715415019762848,0.45576947596582934,0.3094855711229889,0.0,1.0,0.39591992859875047,0.24312109146611954,0.0,0.967741935483871,0.5490246079306388,0.2553705264928418,0.03225806451612903,1.0,0.2650771388499299,0.18473543047646038,0.0,1.0,16,0.16758893280632411,6.446640316205533,13
586,1274,1192,13.016331909672996,92.39403453689168,14,5,4,1,992,0.7841897233201581,273,1105,0.8735177865612648,0.9082661290322581,901,204,0.9082661290322581,0.7472527472527473,0.8735177865612648,178,1087,6.106741573033708,0.011067193675889328,0.003952569169960474,0.0031620553359683794,0.0007905138339920949,0.45343596495670224,0.3090068803264773,0.0,1.0,0.39524991137894366,0.24249545328688188,0.0,0.967741935483871,0.5517546969159872,0.2552274730171332,0.03225806451612903,1.0,0.26583784878715755,0.18546492643613913,0.0,1.0,16,0.16797488226059654,6.456043956043956,13
587,1279,1197,12.9332617603569,92.2869429241595,13,8,4,4,964,0.7566718995290423,310,1124,0.8822605965463108,0.9325726141078838,899,225,0.9325726141078838,0.7258064516129032,0.8822605965463108,177,1106,6.248587570621469,0.01020408163265306,0.006279434850863423,0.0031397174254317113,0.0031397174254317113,0.45125980478700595,0.30912679873600585,0.0,1.0,0.3954954727735882,0.24267175118662968,0.0,0.967741935483871,0.5512623269187117,0.25545007047389057,0.03225806451612903,1.0,0.26479860778329845,0.18497947031043774,0.0,1.0,16,0.16810007818608289,6.4698983580922595,13
588,1278,1204,12.942718525658229,92.40532081377152,7,8,5,3,921,0.7200938232994527,358,1151,0.8999218139171228,0.9315960912052117,858,293,0.9315960912052117,0.8184357541899442,0.8999218139171228,172,1130,6.569767441860465,0.00547302580140735,0.006254886630179828,0.003909304143862392,0.0023455824863174357,0.45153718006966537,0.3090622320171243,0.0,1.0,0.39706698975213284,0.24359137618691143,0.0,0.967741935483871,0.5508354788227574,0.2558012561609471,0.03225806451612903,1.0,0.2647786359735474,0.1850592482675304,0.0,1.0,16,0.16823161189358374,6.466353677621283,13
589,1279,1214,12.933696515119395,92.80844409695074,7,6,3,3,982,0.7683881064162754,296,1120,0.8763693270735524,0.9307535641547862,914,206,0.9307535641547862,0.6959459459459459,0.8763693270735524,172,1102,6.406976744186046,0.005477308294209703,0.004694835680751174,0.002347417840375587,0.002347417840375587,0.45118414083583447,0.30931482672659527,0.0,1.0,0.39733662891876215,0.24405049810184476,0.0,0.967741935483871,0.5504048021387677,0.25604997583137457,0.03225806451612903,1.0,0.265025599636813,0.18568444408942777,0.0,1.0,16,0.16810007818608289,6.470680218921032,13
590,1277,1208,12.95735656783919,92.94753328112765,7,9,6,3,1033,0.8076622361219703,246,1158,0.9053948397185301,0.9428848015488868,974,184,0.9428848015488868,0.7479674796747967,0.9053948397185301,187,1139,6.090909090909091,0.00547302580140735,0.007036747458952306,0.004691164972634871,0.0023455824863174357,0.4496172986081289,0.3088735461012671,0.0,1.0,0.39697375401015483,0.24425181121541698,0.0,0.967741935483871,0.5513931341096825,0.25635995572293346,0.03225806451612903,1.0,0.26448076388713465,0.18668081155493832,0.0,1.0,16,0.16758026624902114,6.479248238057949,13
591,1272,1216,12.985565309646297,93.25471698113208,5,10,7,3,964,0.754894283476899,313,1124,0.880187940485513,0.9304979253112033,897,227,0.9304979253112033,0.7252396166134185,0.880187940485513,174,1106,6.35632183908046,0.003915426781519186,0.007830853563038372,0.00548159749412686,0.0023492560689115116,0.4489754514100223,0.3090109686744243,0.0,1.0,0.3966321769121526,0.24354784184685538,0.0,0.967741935483871,0.5509991884763644,0.25709052921549047,0.03225806451612903,1.0,0.2645059849868127,0.18695067760303571,0.0,1.0,16,0.16588050314465408,6.488993710691824,13
592,1275,1222,13.00215426606568,93.72,5,2,2,0,965,0.7586477987421384,307,1132,0.889937106918239,0.9367875647668393,904,228,0.9367875647668393,0.742671009771987,0.889937106918239,170,1108,6.517647058823529,0.003930817610062893,0.0015723270440251573,0.0015723270440251573,0.0,0.4479949399114485,0.30931478025015907,0.0,1.0,0.39671094244149274,0.24379047679242624,0.0,0.967741935483871,0.5500569259962049,0.2570800061979839,0.03225806451612903,1.0,0.2643137254901961,0.18675654424409668,0.0,1.0,16,0.16549019607843138,6.495686274509804,13
593,1278,1225,13.011762961094117,94.07824726134585,8,5,1,4,964,0.756078431372549,311,1119,0.8776470588235294,0.9273858921161826,894,225,0.9273858921161826,0.7234726688102894,0.8776470588235294,180,1102,6.122222222222222,0.006274509803921568,0.00392156862745098,0.000784313725490196,0.003137254901960784,0.4482558433035489,0.30928630263785206,0.0,1.0,0.3965116866070978,0.24372374153782983,0.0,0.967741935483871,0.5505830683022869,0.2571717695036278,0.03225806451612903,1.0,0.2639204402039477,0.18602304652014057,0.0,1.0,16,0.16588419405320814,6.512519561815337,13
594,1275,1229,12.970499212767594,94.04862745098039,6,9,8,1,993,0.7769953051643192,285,1152,0.9014084507042254,0.9405840886203424,934,218,0.9405840886203424,0.7649122807017544,0.9014084507042254,185,1141,6.167567567567567,0.004694835680751174,0.007042253521126761,0.006259780907668232,0.000782472613458529,0.44804554079696396,0.309558019174058,0.0,1.0,0.39703984819734345,0.24400650753464811,0.0,0.967741935483871,0.5517773561037318,0.25660230415329954,0.03225806451612903,1.0,0.2639595192915876,0.18647942904192205,0.0,1.0,16,0.16705882352941176,6.52156862745098,13
595,1273,1240,12.916341455349565,93.90023566378633,8,10,9,1,961,0.7537254901960785,314,1112,0.8721568627450981,0.9146722164412071,879,233,0.9146722164412071,0.7420382165605095,0.8721568627450981,174,1097,6.304597701149425,0.006274509803921568,0.00784313725490196,0.007058823529411765,0.000784313725490196,0.44667156577046857,0.309832390776993,0.0,1.0,0.3961685629577072,0.24378512528294113,0.0,0.967741935483871,0.55203608443352,0.2558978792065878,0.03225806451612903,1.0,0.26363935838633656,0.1861819841371361,0.0,1.0,15,0.16653574234092694,6.531814611154752,13
596,1269,1240,12.962097424299976,94.19858156028369,5,9,6,3,990,0.7776904948939513,283,1119,0.8790259230164965,0.9303030303030303,921,198,0.9303030303030303,0.6996466431095406,0.8790259230164965,176,1095,6.221590909090909,0.003927729772191673,0.007069913589945012,0.004713275726630008,0.002356637863315004,0.4454612471084674,0.309434788107073,0.0,1.0,0.39589211723734713,0.24378309590810102,0.0,0.967741935483871,0.5520221662980757,0.25635713075297933,0.03225806451612903,1.0,0.2644195327791759,0.1865604059218493,0.0,1.0,15,0.16706067769897556,6.536643026004728,13
597,1270,1243,12.975966404738449,94.66220472440945,5,4,3,1,1000,0.7880220646178093,269,1130,0.8904649330181245,0.935,935,195,0.935,0.724907063197026,0.8904649330181245,172,1105,6.424418604651163,0.003940110323089046,0.0031520882584712374,0.002364066193853428,0.0007880220646178094,0.4446024892049784,0.3094879443445377,0.0,1.0,0.39479298958597914,0.24425307597977525,0.0,0.967741935483871,0.5519939039878079,0.2568777047509512,0.03225806451612903,1.0,0.26459232918465836,0.18682986776267418,0.0,1.0,15,0.16692913385826771,6.543307086614173,13
598,1270,1247,13.008283481204169,94.87165354330709,5,5,4,1,946,0.7448818897637796,324,1112,0.8755905511811024,0.9365750528541226,886,226,0.9365750528541226,0.6975308641975309,0.8755905511811024,178,1094,6.146067415730337,0.003937007874015748,0.003937007874015748,0.0031496062992125984,0.0007874015748031496,0.44445008890017784,0.30970411825731314,0.0,1.0,0.3948691897383795,0.24416846222670385,0.0,0.967741935483871,0.5518669037338074,0.2566193681195887,0.03225806451612903,1.0,0.26454152908305817,0.18591720695001065,0.0,1.0,15,0.16692913385826771,6.550393700787402,13
599,1270,1253,13.056171148617171,95.22913385826772,5,5,3,2,928,0.7307086614173228,342,1114,0.8771653543307086,0.9288793103448276,862,252,0.9288793103448276,0.7368421052631579,0.8771653543307086,176,1096,6.2272727272727275,0.003937007874015748,0.003937007874015748,0.002362204724409449,0.0015748031496062992,0.44330708661417323,0.30987527008960875,0.0,1.0,0.3939801879603759,0.24464936666554243,0.0,0.967741935483871,0.5511049022098043,0.2562483479801591,0.03225806451612903,1.0,0.2641859283718567,0.18603058417102966,0.0,1.0,15,0.16614173228346457,6.55984251968504,13
600,1271,1257,13.031828711316617,95.25649095200629,9,8,5,3,958,0.7543307086614173,312,1115,0.8779527559055118,0.9331941544885177,894,221,0.9331941544885177,0.7083333333333334,0.8779527559055118,171,1090,6.374269005847953,0.007086614173228346,0.006299212598425197,0.003937007874015748,0.002362204724409449,0.44422730387553616,0.31021761566960915,0.0,1.0,0.3952945356716835,0.24554829105514192,0.0,0.967741935483871,0.5516357452856526,0.25652938839983525,0.03225806451612903,1.0,0.26438415268648,0.18596828728784626,0.0,1.0,15,0.16601101494885917,6.569630212431156,13
601,1279,1258,12.955902039458262,95.0281469898358,13,5,3,2,987,0.7765538945712038,284,1135,0.8929976396538158,0.9432624113475178,931,204,0.9432624113475178,0.7183098591549296,0.8929976396538158,174,1110,6.379310344827586,0.010228166797797011,0.003933910306845004,0.0023603461841070024,0.0015735641227380016,0.443264647279881,0.31039473739943696,0.0,1.0,0.39395697243310046,0.24565710930218515,0.0,0.967741935483871,0.5502282529193675,0.25669076439166666,0.03225806451612903,1.0,0.2639663043204116,0.18600565897308555,0.0,1.0,15,0.163408913213448,6.5965598123534015,13
602,1276,1264,12.998748541551059,95.52899686520377,5,8,4,4,965,0.7544956997654417,314,1109,0.8670836591086787,0.9367875647668393,904,205,0.9367875647668393,0.6528662420382165,0.8670836591086787,172,1087,6.319767441860465,0.003909304143862392,0.006254886630179828,0.003127443315089914,0.003127443315089914,0.442992213570634,0.30992711050887145,0.0,1.0,0.3929871574476691,0.2461450837020568,0.0,0.967741935483871,0.5505865102639296,0.2568625756627214,0.03225806451612903,1.0,0.2644857922944686,0.1864304434979645,0.0,1.0,15,0.16379310344827586,6.6073667711598745,13
603,1271,1270,13.05694223972407,96.03461841070023,2,7,6,1,938,0.7351097178683386,338,1108,0.8683385579937304,0.9264392324093816,869,239,0.9264392324093816,0.7071005917159763,0.8683385579937304,174,1088,6.252873563218391,0.001567398119122257,0.0054858934169279,0.004702194357366771,0.0007836990595611285,0.4431359610162179,0.3101382398853776,0.0,1.0,0.394000152280399,0.2468035418030906,0.0,0.967741935483871,0.5504175020938555,0.2562832943618184,0.03225806451612903,1.0,0.26425725235400116,0.18646716027518379,0.0,1.0,15,0.16365066876475218,6.6066089693154995,13
604,1272,1277,12.956560803126177,95.36084905660377,11,10,10,0,966,0.7600314712824547,305,1114,0.8764752163650669,0.9213250517598344,890,224,0.9213250517598344,0.7344262295081967,0.8764752163650669,174,1095,6.293103448275862,0.00865460267505901,0.007867820613690008,0.007867820613690008,0.0,0.44438527084601337,0.3108265622666228,0.0,1.0,0.39384256441468857,0.24748219069888033,0.0,0.967741935483871,0.5502891052951917,0.25695353561033335,0.0,1.0,0.26346622032866707,0.18629765062486242,0.0,1.0,15,0.1619496855345912,6.626572327044025,13
605,1272,1282,12.976499088244932,95.65408805031447,5,5,4,1,972,0.7641509433962265,300,1113,0.875,0.926954732510288,901,212,0.926954732510288,0.7066666666666667,0.875,173,1091,6.30635838150289,0.003930817610062893,0.003930817610062893,0.0031446540880503146,0.0007861635220125787,0.4446642320957598,0.311415334648194,0.0,1.0,0.3940200852099817,0.24812269711212323,0.0,0.967741935483871,0.5502383850679651,0.2573293102649826,0.0,1.0,0.26308581862446745,0.1863236593541478,0.0,1.0,15,0.16037735849056603,6.628930817610063,13
606,1278,1290,12.960109097531488,96.17214397496087,7,1,0,1,973,0.764937106918239,299,1134,0.8915094339622641,0.9373072970195272,912,222,0.9373072970195272,0.7424749163879598,0.8915094339622641,176,1118,6.3522727272727275,0.00550314465408805,0.0007861635220125787,0.0,0.0007861635220125787,0.445201676005856,0.3115295145459301,0.0,1.0,0.39295269826846385,0.2482252131370194,0.0,0.967741935483871,0.5500530062092989,0.25714250385562504,0.0,1.0,0.26394568125599477,0.18698489752172864,0.0,1.0,15,0.16040688575899845,6.637715179968701,13
607,1281,1291,12.973596637172257,96.48711943793911,9,6,2,4,972,0.7605633802816901,306,1122,0.8779342723004695,0.9146090534979424,889,233,0.9146090534979424,0.761437908496732,0.8779342723004695,171,1094,6.39766081871345,0.007042253521126761,0.004694835680751174,0.001564945226917058,0.003129890453834116,0.44493968925486643,0.3111288253747583,0.0,1.0,0.3918813427010148,0.24825187692545478,0.0,0.967741935483871,0.5495958298708167,0.25711877744109035,0.0,1.0,0.26390672609604393,0.18644251238546933,0.0,1.0,15,0.1600312256049961,6.639344262295082,13
608,1286,1293,12.984520395250804,96.97589424572317,6,1,0,1,994,0.7759562841530054,287,1118,0.8727556596409055,0.93158953722334,926,192,0.93158953722334,0.6689895470383276,0.8727556596409055,177,1097,6.19774011299435,0.00468384074941452,0.00078064012490242,0.0,0.00078064012490242,0.4437114333015602,0.3107834296803734,0.0,1.0,0.39095971504540206,0.24771611835954538,0.0,0.967741935483871,0.5491647017508654,0.2570973648189224,0.0,1.0,0.26405959965885717,0.18646762612630297,0.0,1.0,15,0.16018662519440124,6.64307931570762,13
609,1283,1293,13.046737045043498,97.28682774746687,5,8,4,4,994,0.7729393468118196,292,1126,0.8755832037325039,0.9255533199195171,920,206,0.9255533199195171,0.7054794520547946,0.8755832037325039,173,1099,6.3526011560693645,0.0038880248833592537,0.006220839813374806,0.003110419906687403,0.003110419906687403,0.4444220953913459,0.310656653605392,0.0,1.0,0.39086817690392983,0.24783692875604485,0.0,0.967741935483871,0.5500967993362331,0.2572057152287955,0.0,1.0,0.2644004726824731,0.1866766440018491,0.0,1.0,15,0.16056118472330475,6.653936087295401,13
610,1281,1299,12.98496306422584,96.85089773614364,10,12,9,3,976,0.7607170693686672,307,1111,0.8659392049883087,0.9170081967213115,895,216,0.9170081967213115,0.7035830618892508,0.8659392049883087,172,1089,6.3313953488372094,0.00779423226812159,0.009353078721745909,0.007014809041309431,0.002338269680436477,0.4453677822265871,0.3115721088240908,0.0,1.0,0.39037042633023594,0.24778841406919203,0.0,0.967741935483871,0.5492432827176349,0.25661420672422985,0.0,1.0,0.26509027725315404,0.18698253964099087,0.0,1.0,15,0.16081186572989853,6.667447306791569,13
611,1272,1303,13.064548610740047,97.26179245283019,2,11,6,5,959,0.7486338797814208,322,1108,0.8649492583918813,0.913451511991658,876,232,0.913451511991658,0.7204968944099379,0.8649492583918813,177,1089,6.1525423728813555,0.00156128024980484,0.00858704137392662,0.00468384074941452,0.0039032006245121,0.44623655913978494,0.31150160268029764,0.0,1.0,0.39110367214445124,0.24775640058568685,0.0,0.967741935483871,0.5481588557516738,0.25629423033968457,0.0,1.0,0.2644299046459728,0.18711293163094525,0.0,1.0,15,0.1619496855345912,6.669025157232705,13
612,1269,1306,13.12551262654646,98.00630417651695,2,5,3,2,988,0.7767295597484277,284,1120,0.8805031446540881,0.9342105263157895,923,197,0.9342105263157895,0.6936619718309859,0.8805031446540881,170,1093,6.429411764705883,0.0015723270440251573,0.003930817610062893,0.0023584905660377358,0.0015723270440251573,0.4457662879076743,0.3113533541879198,0.0,1.0,0.3907318437174305,0.24768271444047393,0.0,0.967741935483871,0.5483362566409924,0.25655075493790125,0.0,1.0,0.264292432446173,0.18697958380193316,0.0,1.0,15,0.16233254531126873,6.66903073286052,13
613,1269,1308,13.160671255490342,98.19542947202521,6,6,5,1,940,0.7407407407407407,329,1111,0.8754925137903862,0.9319148936170213,876,235,0.9319148936170213,0.7142857142857143,0.8754925137903862,170,1083,6.370588235294117,0.004728132387706856,0.004728132387706856,0.003940110323089046,0.0007880220646178094,0.4472406517705076,0.3115434123242814,0.0,1.0,0.39157070591524945,0.24783943374547993,0.0,0.967741935483871,0.5483870967741935,0.2562853333440891,0.0,1.0,0.2651821347771931,0.18748437729991316,0.0,1.0,15,0.16312056737588654,6.6706067769897555,13
614,1272,1309,13.186508850198315,98.62185534591195,7,4,2,2,955,0.7525610717100079,314,1096,0.863672182821119,0.9256544502617801,884,212,0.9256544502617801,0.6751592356687898,0.863672182821119,180,1077,5.983333333333333,0.005516154452324665,0.0031520882584712374,0.0015760441292356187,0.0015760441292356187,0.44613511868533173,0.3115864886746606,0.0,1.0,0.3906471900994116,0.24802406855357692,0.0,0.967741935483871,0.5473980523432744,0.25653808467823014,0.0,1.0,0.265266788395212,0.18799644995736597,0.0,1.0,15,0.16273584905660377,6.682389937106918,13
615,1270,1311,13.187322122249318,98.54488188976379,7,9,8,1,966,0.7594339622641509,306,1109,0.8718553459119497,0.9244306418219461,893,216,0.9244306418219461,0.7058823529411765,0.8718553459119497,175,1086,6.2057142857142855,0.00550314465408805,0.007075471698113208,0.006289308176100629,0.0007861635220125787,0.4460756921513843,0.3115494854242247,0.0,1.0,0.38945897891795783,0.24731251042118066,0.0,0.967741935483871,0.5494792989585979,0.25650651122507206,0.0,1.0,0.2663703327406655,0.18830594687352992,0.0,1.0,14,0.16377952755905512,6.689763779527559,13
616,1269,1315,13.205516992555372,98.698975571316,6,7,6,1,929,0.731496062992126,341,1127,0.8874015748031496,0.9397201291711518,873,254,0.9397201291711518,0.7448680351906158,0.8874015748031496,180,1111,6.1722222222222225,0.004724409448818898,0.005511811023622047,0.004724409448818898,0.0007874015748031496,0.44632552937288694,0.3117528803209587,0.0,1.0,0.38991840158621216,0.24684436003667998,0.0,0.967741935483871,0.5493784793716159,0.25681240226857943,0.0,1.0,0.2656905361092046,0.18786201435369704,0.0,1.0,14,0.16390858944050432,6.692671394799055,13
617,1271,1320,13.207216858337263,98.87726199842643,7,5,4,1,939,0.7399527186761229,330,1105,0.8707643814026793,0.9307774227902024,874,231,0.9307774227902024,0.7,0.8707643814026793,170,1080,6.352941176470588,0.005516154452324665,0.003940110323089046,0.0031520882584712374,0.0007880220646178094,0.44752671251998677,0.31160039451956706,0.0,1.0,0.39039618283799904,0.24726572213836837,0.0,0.967741935483871,0.5493261592345371,0.2573273189399357,0.0,1.0,0.26570391614426025,0.18837731641264002,0.0,1.0,14,0.16522423288749016,6.6994492525570415,13
618,1276,1321,13.161488242140765,98.78605015673982,12,7,4,3,973,0.7655389457120377,298,1098,0.8638867033831629,0.9311408016443987,906,192,0.9311408016443987,0.6442953020134228,0.8638867033831629,181,1080,5.966850828729282,0.00944138473642801,0.0055074744295830055,0.003147128245476003,0.0023603461841070024,0.4466579027201942,0.31110371852704244,0.0,1.0,0.3905602184245121,0.2468858338490069,0.0,0.967741935483871,0.5482606937000708,0.2572716679921469,0.0,1.0,0.26529477196885426,0.1877565172100035,0.0,1.0,14,0.16536050156739812,6.705329153605016,13
619,1278,1330,13.119634542024228,98.66744913928012,9,7,5,2,958,0.7507836990595611,318,1125,0.8816614420062696,0.9530271398747391,913,212,0.9530271398747391,0.6666666666666666,0.8816614420062696,170,1104,6.4941176470588236,0.007053291536050157,0.0054858934169279,0.003918495297805642,0.001567398119122257,0.44598414861931446,0.3102994183859582,0.0,1.0,0.39050431621990006,0.24593963700307347,0.0,0.967741935483871,0.5493714978040285,0.2565928839730321,0.0,1.0,0.26629309909637033,0.18820955888443008,0.0,1.0,14,0.16588419405320814,6.705007824726135,13
620,1272,1338,13.132858272444322,98.8993710691824,4,10,8,2,995,0.7785602503912363,283,1101,0.8615023474178404,0.8974874371859296,893,208,0.8974874371859296,0.734982332155477,0.8615023474178404,176,1085,6.1647727272727275,0.003129890453834116,0.00782472613458529,0.006259780907668232,0.001564945226917058,0.447555285047677,0.3101925860170752,0.0,1.0,0.39107831203083787,0.2462714548225001,0.0,0.967741935483871,0.5500608642726719,0.2564085377192368,0.0,1.0,0.2671180766889836,0.18867019007354802,0.0,1.0,14,0.16745283018867924,6.715408805031447,13
621,1272,1339,13.108321418774167,98.82783018867924,10,10,6,4,955,0.7507861635220126,317,1077,0.8466981132075472,0.8994764397905759,859,218,0.8994764397905759,0.6876971608832808,0.8466981132075472,168,1046,6.226190476190476,0.007861635220125786,0.007861635220125786,0.0047169811320754715,0.0031446540880503146,0.4479864069791033,0.3105972116247638,0.0,1.0,0.39153479407587743,0.24678464192960206,0.0,0.967741935483871,0.5504666260904848,0.25688051617189483,0.0,1.0,0.26607831203083787,0.18885804480671584,0.0,1.0,14,0.16823899371069181,6.715408805031447,12
622,1277,1343,13.044793379826814,98.57556773688331,11,6,5,1,974,0.7657232704402516,298,1112,0.8742138364779874,0.9271047227926078,903,209,0.9271047227926078,0.7013422818791947,0.8742138364779874,178,1094,6.146067415730337,0.008647798742138365,0.0047169811320754715,0.003930817610062893,0.0007861635220125787,0.4473943466289439,0.31027788748505863,0.0,1.0,0.39106272261095815,0.24703238786684287,0.0,0.967741935483871,0.5493722686740596,0.25743824931177306,0.0,1.0,0.2663753252330311,0.1896274265439429,0.0,1.0,14,0.16914643696162882,6.738449490994518,12
623,1285,1349,12.969480947224001,98.40544747081712,12,4,3,1,942,0.7376664056382146,335,1113,0.8715740015661707,0.9225053078556263,869,244,0.9225053078556263,0.7283582089552239,0.8715740015661707,178,1097,6.162921348314606,0.009397024275646046,0.0031323414252153485,0.0023492560689115116,0.0007830853563038371,0.44576377557424374,0.309626622009163,0.0,1.0,0.38993347558679553,0.24689500646200585,0.0,0.967741935483871,0.5488389607129409,0.2574892355615869,0.0,1.0,0.2664491025480105,0.18981629616572412,0.0,1.0,14,0.1680933852140078,6.753307392996109,12
624,1282,1355,12.972806184562613,98.42979719188767,5,8,8,0,944,0.7346303501945526,341,1135,0.8832684824902723,0.9300847457627118,878,257,0.9300847457627118,0.7536656891495601,0.8832684824902723,166,1107,6.668674698795181,0.0038910505836575876,0.0062256809338521405,0.0062256809338521405,0.0,0.44431583714961503,0.30894958252511023,0.0,1.0,0.3900910875144683,0.24607277866143787,0.0,0.967741935483871,0.5493935886467717,0.2571772022718689,0.0,1.0,0.26689648231090535,0.18990092096107172,0.0,1.0,14,0.17004680187207488,6.761310452418097,12
625,1279,1360,12.989226445492763,98.82251759186865,5,8,5,3,981,0.765210608424337,301,1150,0.8970358814352574,0.9439347604485219,926,224,0.9439347604485219,0.7441860465116279,0.8970358814352574,170,1125,6.617647058823529,0.0039001560062402497,0.0062402496099844,0.0039001560062402497,0.00234009360374415,0.44462659840096846,0.3096253547649765,0.0,1.0,0.38951802063103735,0.24572439709469737,0.0,0.967741935483871,0.5488915231153371,0.2567745117545026,0.0,1.0,0.26661454261141515,0.1897042047578376,0.0,1.0,14,0.16966379984362784,6.7677873338545735,12
626,1275,1371,12.955660871073151,98.79764705882353,7,11,8,3,964,0.7537138389366693,315,1159,0.9061767005473026,0.9325726141078838,899,260,0.9325726141078838,0.8253968253968254,0.9061767005473026,176,1146,6.511363636363637,0.00547302580140735,0.008600469116497263,0.006254886630179828,0.0023455824863174357,0.4446299810246679,0.30942992181027906,0.0,1.0,0.38965211891208096,0.24602033193672088,0.0,0.967741935483871,0.5488678051865907,0.25719448035392833,0.0,1.0,0.26623655913978495,0.1894897532796288,0.0,1.0,14,0.16862745098039217,6.774117647058824,12
627,1267,1368,13.053798516752623,99.13259668508287,1,9,8,1,937,0.7349019607843137,338,1125,0.8823529411764706,0.9220917822838848,864,261,0.9220917822838848,0.772189349112426,0.8823529411764706,186,1108,5.956989247311828,0.000784313725490196,0.007058823529411765,0.006274509803921568,0.000784313725490196,0.44588435980344737,0.3089662679383496,0.0,1.0,0.3894391119484686,0.24621328565845463,0.0,0.967741935483871,0.54785243272144,0.25695245654653764,0.0,1.0,0.2668228225169947,0.18950595453163505,0.0,1.0,14,0.17048145224940806,6.782951854775059,12
628,1264,1374,13.041861692991471,99.09018987341773,7,10,8,2,944,0.745067087608524,323,1102,0.8697711128650355,0.9088983050847458,858,244,0.9088983050847458,0.7554179566563467,0.8697711128650355,177,1085,6.129943502824859,0.0055248618784530384,0.007892659826361484,0.006314127861089187,0.0015785319652722968,0.4438291139240506,0.30764393283023855,0.0,1.0,0.38786239281339324,0.24534028567039934,0.0,0.967741935483871,0.5488719885667619,0.2574556324970829,0.0,1.0,0.266409759085341,0.18915666253869468,0.0,1.0,14,0.17009493670886075,6.7950949367088604,12
629,1261,1374,13.09465122601436,99.18953211736716,6,9,7,2,930,0.7357594936708861,334,1099,0.8694620253164557,0.9139784946236559,850,249,0.9139784946236559,0.7455089820359282,0.8694620253164557,179,1078,6.022346368715084,0.004746835443037975,0.007120253164556962,0.005537974683544304,0.0015822784810126582,0.44204548361515433,0.3071372676075248,0.0,1.0,0.3886828170167046,0.24574558471206354,0.0,0.967741935483871,0.5493080248650584,0.2573488007000811,0.0,1.0,0.26637845028267376,0.18885537927963214,0.0,1.0,14,0.168913560666138,6.790642347343378,12
630,1259,1379,13.133310041276525,99.41858617950754,6,8,4,4,938,0.7438540840602696,323,1119,0.887390959555908,0.9307036247334755,873,246,0.9307036247334755,0.7616099071207431,0.887390959555908,179,1103,6.162011173184357,0.004758128469468675,0.006344171292624901,0.0031720856463124504,0.0031720856463124504,0.4424914806938431,0.3074540660568456,0.0,1.0,0.388121653129724,0.24637346481304195,0.0,0.967741935483871,0.5474903277050398,0.25748420976300207,0.0,1.0,0.2661354377514156,0.18920408122678964,0.0,1.0,14,0.1699761715647339,6.799841143764893,12
631,1257,1384,13.196395720744233,99.89021479713604,3,5,4,1,944,0.749801429706116,315,1107,0.8792692613185068,0.926906779661017,875,232,0.926906779661017,0.7365079365079366,0.8792692613185068,182,1094,6.010989010989011,0.0023828435266084196,0.003971405877680699,0.003177124702144559,0.0007942811755361397,0.4419893756255293,0.3072729039123568,0.0,1.0,0.38766135447943134,0.24621473636515512,0.0,0.967741935483871,0.547848179228578,0.25754536465603656,0.0,1.0,0.2666102086380784,0.1895175316131713,0.0,1.0,14,0.17024661893396978,6.798727128082737,12
632,1260,1391,13.154371364798944,100.0031746031746,7,4,4,0,981,0.7804295942720764,276,1122,0.8926014319809069,0.928644240570846,911,211,0.928644240570846,0.7644927536231884,0.8926014319809069,177,1106,6.248587570621469,0.005568814638027049,0.0031821797931583136,0.0031821797931583136,0.0,0.44201228878648235,0.30752821486979526,0.0,1.0,0.38668714797747056,0.24615000730246633,0.0,0.967741935483871,0.5464413722478239,0.2579739598429179,0.0,1.0,0.2665642601126472,0.18933483312334323,0.0,1.0,14,0.17142857142857143,6.806349206349206,12
633,1265,1393,13.149891115602617,100.0189723320158,11,6,4,2,955,0.7579365079365079,305,1091,0.8658730158730159,0.9256544502617801,884,207,0.9256544502617801,0.6786885245901639,0.8658730158730159,174,1067,6.132183908045977,0.00873015873015873,0.004761904761904762,0.0031746031746031746,0.0015873015873015873,0.4422287390029325,0.3073156591105936,0.0,1.0,0.38735177865612647,0.2465723715698606,0.0,0.967741935483871,0.5462195588422798,0.2587350852639637,0.0,1.0,0.2665051638403672,0.18841505461553823,0.0,1.0,14,0.1715415019762846,6.818181818181818,12
634,1265,1398,13.16807423335444,100.32490118577076,5,5,4,1,951,0.7517786561264822,314,1082,0.8553359683794466,0.9137749737118822,869,213,0.9137749737118822,0.678343949044586,0.8553359683794466,178,1065,5.98314606741573,0.003952569169960474,0.003952569169960474,0.0031620553359683794,0.0007905138339920949,0.44189723320158103,0.30728795761173805,0.0,1.0,0.3876577840112202,0.24715166960990922,0.0,1.0,0.5462450592885375,0.2582786663005716,0.0,1.0,0.26637766160907816,0.18808207442630376,0.0,1.0,14,0.1715415019762846,6.830830039525692,12
635,1266,1405,13.11986208608519,100.29778830963664,8,7,6,1,949,0.750197628458498,316,1120,0.8853754940711462,0.9388830347734457,891,229,0.9388830347734457,0.7246835443037974,0.8853754940711462,171,1098,6.421052631578948,0.006324110671936759,0.005533596837944664,0.0047430830039525695,0.0007905138339920949,0.44111501809101566,0.3078931180899835,0.0,1.0,0.3858482393110126,0.24734246359140236,0.0,1.0,0.5448708148601131,0.25855288941924814,0.0,1.0,0.26537736329817047,0.1876444528268939,0.0,1.0,14,0.17140600315955767,6.841232227488152,12
636,1274,1409,12.96488327256225,99.43328100470957,18,10,8,2,959,0.7575039494470774,307,1087,0.858609794628752,0.9311783107403545,893,194,0.9311783107403545,0.6319218241042345,0.858609794628752,169,1060,6.272189349112426,0.014218009478672985,0.007898894154818325,0.00631911532385466,0.001579778830963665,0.44229503215678334,0.3085913069560445,0.0,1.0,0.38628652453537243,0.24698515757542008,0.0,1.0,0.5456271838760318,0.25893607927482587,0.0,1.0,0.2645211930926217,0.18671352116740994,0.0,1.0,14,0.17189952904238617,6.861067503924647,13
637,1276,1412,12.906126274161975,99.25705329153605,9,7,7,0,1002,0.7864992150706437,272,1139,0.8940345368916798,0.9451097804391217,947,192,0.9451097804391217,0.7058823529411765,0.8940345368916798,178,1120,6.292134831460674,0.00706436420722135,0.005494505494505495,0.005494505494505495,0.0,0.4413489736070381,0.307784353885024,0.0,1.0,0.3860097077560926,0.24609388628213466,0.0,1.0,0.5467691374254221,0.2587379819144938,0.0,1.0,0.2649408433613105,0.1860288432537493,0.0,1.0,14,0.17163009404388715,6.868338557993731,13
638,1279,1410,12.93446189177923,99.66145426114151,6,3,2,1,957,0.75,319,1094,0.8573667711598746,0.9258098223615465,886,208,0.9258098223615465,0.6520376175548589,0.8573667711598746,173,1065,6.15606936416185,0.004702194357366771,0.0023510971786833857,0.001567398119122257,0.0007836990595611285,0.4417765895735075,0.30817684469080286,0.0,1.0,0.38649146258417616,0.24621187934599953,0.0,1.0,0.5474539080430779,0.2590618726249376,0.0,1.0,0.264016746954526,0.18568008986666165,0.0,1.0,14,0.17200938232994528,6.873338545738858,13
639,1279,1412,12.875506478220496,99.35887412040657,10,10,8,2,998,0.7802971071149335,281,1106,0.8647380766223612,0.9258517034068137,924,182,0.9258517034068137,0.6476868327402135,0.8647380766223612,174,1082,6.218390804597701,0.007818608287724784,0.007818608287724784,0.006254886630179828,0.001563721657544957,0.44086862215944916,0.3075545356244855,0.0,1.0,0.3856843804383465,0.24603667943284652,0.0,1.0,0.5470503669701632,0.25944296871479183,0.0,1.0,0.2635375419304396,0.18524959343029007,0.0,1.0,14,0.17200938232994528,6.888193901485535,13
640,1276,1419,12.87356606405949,99.36912225705329,7,10,7,3,949,0.7419859265050821,330,1104,0.8631743549648163,0.9241306638566913,877,227,0.9241306638566913,0.6878787878787879,0.8631743549648163,170,1081,6.358823529411764,0.00547302580140735,0.007818608287724784,0.00547302580140735,0.0023455824863174357,0.44064111639195064,0.30787650278523493,0.0,1.0,0.38626251390433813,0.2454212543461187,0.0,1.0,0.547906765092527,0.2591378432202122,0.0,1.0,0.26317120032359187,0.18450583870323897,0.0,1.0,14,0.1724137931034483,6.889498432601881,13
641,1275,1420,12.837915091309183,99.10901960784314,12,13,8,5,957,0.75,319,1118,0.8761755485893417,0.9237199582027168,884,234,0.9237199582027168,0.7335423197492164,0.8761755485893417,177,1096,6.192090395480226,0.009404388714733543,0.01018808777429467,0.006269592476489028,0.003918495297805642,0.44012650221378874,0.3075888090124955,0.0,1.0,0.384920936116382,0.2449318131312172,0.0,1.0,0.5474003795066413,0.25897027489643665,0.0,1.0,0.2626185958254269,0.18364409638500898,0.0,1.0,13,0.17254901960784313,6.894901960784313,13
642,1270,1423,12.899126179732892,99.61417322834646,3,8,5,3,979,0.7678431372549019,296,1077,0.8447058823529412,0.9090909090909091,890,187,0.9090909090909091,0.6317567567567568,0.8447058823529412,174,1054,6.057471264367816,0.002352941176470588,0.006274509803921568,0.00392156862745098,0.002352941176470588,0.4393446786893574,0.30742303938853144,0.0,1.0,0.3858267716535433,0.24547329767027298,0.0,1.0,0.5479044958089917,0.2594999381623091,0.0,1.0,0.26136652273304545,0.1828126903258778,0.0,1.0,13,0.17086614173228346,6.891338582677165,13
643,1270,1427,12.943893346529478,99.93228346456694,5,5,4,1,929,0.731496062992126,341,1105,0.8700787401574803,0.9343379978471474,868,237,0.9343379978471474,0.6950146627565983,0.8700787401574803,176,1085,6.1647727272727275,0.003937007874015748,0.003937007874015748,0.0031496062992125984,0.0007874015748031496,0.43901447802895605,0.30754691980231763,0.0,1.0,0.3859029718059436,0.24576556918123899,0.0,1.0,0.546736093472187,0.25921080384909606,0.0,1.0,0.26139192278384554,0.1827517133486341,0.0,1.0,13,0.17244094488188977,6.899212598425197,13
644,1270,1430,12.914131565981553,99.99055118110236,7,7,5,2,1015,0.7992125984251969,255,1135,0.8937007874015748,0.9320197044334976,946,189,0.9320197044334976,0.7411764705882353,0.8937007874015748,179,1117,6.240223463687151,0.005511811023622047,0.005511811023622047,0.003937007874015748,0.0015748031496062992,0.43802387604775206,0.3075753443158136,0.0,1.0,0.3854203708407417,0.24558765726475007,0.0,1.0,0.5465836931673863,0.258997916229946,0.0,1.0,0.2616713233426467,0.1823087403158012,0.0,1.0,13,0.17244094488188977,6.907086614173228,13
645,1267,1431,12.944043696849521,100.25572217837411,6,9,6,3,988,0.7779527559055118,282,1080,0.8503937007874016,0.9240890688259109,913,167,0.9240890688259109,0.5921985815602837,0.8503937007874016,175,1056,6.034285714285715,0.004724409448818898,0.007086614173228346,0.004724409448818898,0.002362204724409449,0.43824630190696845,0.3072768973830409,0.0,1.0,0.3841433918069099,0.245240772932682,0.0,1.0,0.5461975201772029,0.25950878188842325,0.0,1.0,0.2614761819894595,0.18242476480191083,0.0,1.0,13,0.17205998421468036,6.921073401736385,13
646,1269,1436,12.895879946188114,100.08904649330181,9,7,5,2,991,0.7821625887924231,276,1113,0.8784530386740331,0.9313824419778002,923,190,0.9313824419778002,0.6884057971014492,0.8784530386740331,177,1095,6.186440677966102,0.007103393843725336,0.0055248618784530384,0.003946329913180742,0.0015785319652722968,0.4383690485269071,0.3076958056672836,0.0,1.0,0.38274994280485014,0.24554649880269241,0.0,1.0,0.5458196700475355,0.25876097805745774,0.0,1.0,0.26175042578611557,0.1816739953318836,0.0,1.0,13,0.17336485421591805,6.93538219070134,13
647,1264,1436,12.944751177414217,100.10996835443038,4,9,8,1,918,0.723404255319149,351,1082,0.8526398739164697,0.906318082788671,832,250,0.906318082788671,0.7122507122507122,0.8526398739164697,179,1061,5.927374301675978,0.0031520882584712374,0.0070921985815602835,0.006304176516942475,0.0007880220646178094,0.43846978358513683,0.30801802780620197,0.0,1.0,0.3827837893017558,0.24593871243616747,0.0,1.0,0.5454777460187832,0.25917183820298334,0.0,1.0,0.26194365046957946,0.18170091199376018,0.0,1.0,13,0.17405063291139242,6.943037974683544,13
648,1266,1441,12.937788240800842,100.34439178515008,7,5,4,1,949,0.7507911392405063,315,1102,0.8718354430379747,0.9272918861959958,880,222,0.9272918861959958,0.7047619047619048,0.8718354430379747,174,1081,6.212643678160919,0.005537974683544304,0.003955696202531646,0.0031645569620253164,0.0007911392405063291,0.43803190134026393,0.30757083803533847,0.0,1.0,0.38273964225653573,0.24570004738455867,0.0,1.0,0.5472404831065586,0.25927422550604934,0.0,1.0,0.26107119196860823,0.1811251040506361,0.0,1.0,13,0.17298578199052134,6.953396524486572,13
649,1262,1445,13.026939826477566,101.03011093502377,4,8,3,5,966,0.7630331753554502,300,1106,0.8736176935229067,0.9285714285714286,897,209,0.9285714285714286,0.6966666666666667,0.8736176935229067,175,1085,6.2,0.00315955766192733,0.00631911532385466,0.002369668246445498,0.0039494470774091624,0.43803997750626245,0.3072793141102108,0.0,1.0,0.38252134348959665,0.2449938938498682,0.0,1.0,0.5478758754664894,0.2597011186881554,0.0,1.0,0.2615663820868054,0.1813008168118379,0.0,1.0,13,0.17274167987321712,6.955625990491284,13
650,1262,1455,12.95844831380754,100.91045958795563,9,9,8,1,940,0.7448494453248812,322,1079,0.8549920760697306,0.9212765957446809,866,213,0.9212765957446809,0.6614906832298136,0.8549920760697306,170,1059,6.229411764705882,0.0071315372424722665,0.0071315372424722665,0.006339144215530904,0.000792393026941363,0.4369408516946986,0.30720061285107514,0.0,1.0,0.38372271356270127,0.2451597320072861,0.0,1.0,0.5481570471857267,0.2600077262661188,0.0,1.0,0.26077398905986404,0.1811437735916988,0.0,1.0,13,0.17274167987321712,6.96513470681458,13
651,1268,1454,12.928397806193,100.72003154574132,11,5,4,1,942,0.7464342313787639,320,1119,0.8866877971473851,0.9331210191082803,879,240,0.9331210191082803,0.75,0.8866877971473851,174,1092,6.275862068965517,0.008716323296354992,0.003961965134706815,0.003169572107765452,0.000792393026941363,0.436094433703063,0.30705828898841775,0.0,1.0,0.38447644245446216,0.24537033446866577,0.0,1.0,0.5481072555205048,0.25982801683085,0.0,1.0,0.2607611682100336,0.18150322367050079,0.0,1.0,13,0.1719242902208202,6.970031545741325,13
652,1276,1457,12.868918241184073,100.48354231974922,12,4,3,1,935,0.7373817034700315,333,1108,0.8738170347003155,0.9251336898395722,865,243,0.9251336898395722,0.7297297297297297,0.8738170347003155,182,1093,6.0054945054945055,0.00946372239747634,0.0031545741324921135,0.002365930599369085,0.0007886435331230284,0.4344473657599353,0.30711707794806803,0.0,1.0,0.3847203964000404,0.24493052144061958,0.0,1.0,0.5487410253817372,0.2594824128010767,0.0,1.0,0.2606937000707857,0.18159107686529447,0.0,1.0,13,0.17084639498432602,6.97962382445141,13
653,1273,1464,12.914777075815412,100.96465043205028,4,7,4,3,949,0.7437304075235109,327,1121,0.8785266457680251,0.928345626975764,881,240,0.928345626975764,0.7339449541284404,0.8785266457680251,168,1096,6.523809523809524,0.003134796238244514,0.0054858934169279,0.003134796238244514,0.0023510971786833857,0.43450827357271365,0.30684458154542177,0.0,1.0,0.3842079922965816,0.24540675232064427,0.0,1.0,0.5486911790791374,0.2599893482260208,0.0,1.0,0.2601170716874034,0.1817246994791286,0.0,1.0,13,0.17046347211311863,6.988216810683425,13
654,1276,1461,12.967889780052994,101.53369905956113,5,2,1,1,963,0.7564807541241163,310,1147,0.9010212097407698,0.9460020768431984,911,236,0.9460020768431984,0.7612903225806451,0.9010212097407698,177,1121,6.333333333333333,0.003927729772191673,0.0015710919088766694,0.0007855459544383347,0.0007855459544383347,0.4350541005157245,0.3071503887294635,0.0,1.0,0.38461927394074225,0.245019400654531,0.0,1.0,0.5493983213671756,0.2598230264061021,0.0,1.0,0.26044089392254016,0.18157210577850114,0.0,1.0,13,0.17084639498432602,6.992163009404389,13
655,1283,1460,12.854389461695789,100.90646921278254,15,8,7,1,977,0.7656739811912225,299,1105,0.8659874608150471,0.9263050153531218,905,200,0.9263050153531218,0.6688963210702341,0.8659874608150471,175,1079,6.1657142857142855,0.011755485893416929,0.006269592476489028,0.0054858934169279,0.0007836990595611285,0.4338370251175421,0.30637572034192434,0.0,1.0,0.3844567922962814,0.24369852982636342,0.0,1.0,0.5500465139667614,0.25968210011912374,0.0,1.0,0.2618107761546778,0.18298891551625937,0.0,1.0,13,0.1691348402182385,7.0,13
656,1275,1463,12.925731197588506,101.07058823529412,5,13,9,4,902,0.7030397505845675,381,1038,0.809041309431021,0.893569844789357,806,232,0.893569844789357,0.6089238845144357,0.809041309431021,166,1007,6.066265060240964,0.003897116134060795,0.010132501948558068,0.007014809041309431,0.003117692907248636,0.4327893738140417,0.3054661128771865,0.0,1.0,0.3843896268184693,0.243668715251167,0.0,1.0,0.5492979127134725,0.2597870775954616,0.0,1.0,0.26236559139784943,0.18373017087514812,0.0,1.0,13,0.17019607843137255,7.008627450980392,13
657,1274,1468,12.851044422079104,100.50392464678178,10,11,10,1,982,0.7701960784313725,293,1142,0.8956862745098039,0.9338085539714868,917,225,0.9338085539714868,0.7679180887372014,0.8956862745098039,176,1123,6.380681818181818,0.00784313725490196,0.008627450980392156,0.00784313725490196,0.000784313725490196,0.43444573859320407,0.30535779681831965,0.0,1.0,0.3850458297462906,0.24344887152560055,0.0,1.0,0.5505393224287234,0.2594082616982769,0.0,1.0,0.2628247328708158,0.1830696274275828,0.0,1.0,13,0.1726844583987441,7.017268445839874,13
658,1271,1475,12.84831947393192,100.84185680566483,4,7,6,1,987,0.7747252747252747,287,1114,0.8744113029827315,0.916919959473151,905,209,0.916919959473151,0.7282229965156795,0.8744113029827315,171,1092,6.385964912280702,0.0031397174254317113,0.005494505494505495,0.004709576138147566,0.0007849293563579278,0.43453211847415035,0.3060839070889382,0.0,1.0,0.38488870840841605,0.24380183292523452,0.0,1.0,0.5513565645541991,0.25944756061462265,0.0,1.0,0.26260754803177583,0.18285518719828045,0.0,1.0,13,0.17309205350118018,7.016522423288749,13
659,1270,1474,12.910936053536744,101.2007874015748,5,6,4,2,959,0.7545239968528717,312,1092,0.8591660110149488,0.9228362877997914,885,207,0.9228362877997914,0.6634615384615384,0.8591660110149488,169,1060,6.272189349112426,0.003933910306845004,0.004720692368214005,0.003147128245476003,0.0015735641227380016,0.4355854711709424,0.30636067712407633,0.0,1.0,0.3855219710439421,0.24440777821290643,0.0,1.0,0.5513589027178054,0.2592559195980268,0.0,1.0,0.2621793243586487,0.18289478677654625,0.0,1.0,13,0.17244094488188977,7.019685039370079,13
660,1268,1473,12.945180049228968,101.14511041009463,8,10,7,3,942,0.7417322834645669,328,1046,0.8236220472440945,0.9097664543524416,857,189,0.9097664543524416,0.5762195121951219,0.8236220472440945,180,1025,5.694444444444445,0.006299212598425197,0.007874015748031496,0.005511811023622047,0.002362204724409449,0.43505138903022283,0.306927605465227,0.0,1.0,0.38562124758318916,0.24474530452571466,0.0,1.0,0.5508547878294495,0.25902243421306465,0.0,1.0,0.2622875750483362,0.18308588825045097,0.0,1.0,13,0.17271293375394323,7.026813880126183,13
661,1266,1471,12.989112896917286,101.34913112164297,6,8,6,2,971,0.7657728706624606,297,1094,0.862776025236593,0.9114315139031925,885,209,0.9114315139031925,0.7037037037037037,0.862776025236593,177,1069,6.03954802259887,0.00473186119873817,0.006309148264984227,0.00473186119873817,0.0015772870662460567,0.4367069255465525,0.30729289076678096,0.0,1.0,0.3867145696376701,0.24497793501739318,0.0,1.0,0.5508332059318147,0.2586287981389323,0.0,1.0,0.2630841359629007,0.18340548633796488,0.0,1.0,13,0.17298578199052134,7.027646129541864,13
662,1267,1471,12.999448217548782,101.41594317284925,7,6,5,1,948,0.7488151658767772,318,1100,0.8688783570300158,0.9240506329113924,876,224,0.9240506329113924,0.7044025157232704,0.8688783570300158,175,1075,6.142857142857143,0.005529225908372828,0.004739336492890996,0.0039494470774091624,0.0007898894154818325,0.43664230974870794,0.307353941795177,0.0,1.0,0.3878605799831963,0.2456388230508415,0.0,1.0,0.5494309646867124,0.2592135120359255,0.0,1.0,0.2624182091300252,0.18286564856902604,0.0,1.0,13,0.1728492501973165,7.027624309392265,13
663,1273,1477,12.961524708058564,101.50903377847604,9,3,3,0,954,0.7529597474348856,313,1108,0.8745067087608525,0.9339622641509434,891,217,0.9339622641509434,0.6932907348242812,0.8745067087608525,165,1079,6.539393939393939,0.007103393843725336,0.0023677979479084454,0.0023677979479084454,0.0,0.4367128702835568,0.3080931979005912,0.0,1.0,0.38866786610242504,0.2463595211828667,0.0,1.0,0.5490712819603173,0.2588369128813444,0.0,1.0,0.26214428705369586,0.1827312789588334,0.0,1.0,13,0.1720345640219953,7.034564021995287,13
664,1270,1480,12.924934009450844,101.40551181102362,9,12,8,4,998,0.783974862529458,275,1146,0.9002356637863315,0.9308617234468938,929,217,0.9308617234468938,0.7890909090909091,0.9002356637863315,181,1130,6.2430939226519335,0.007069913589945012,0.009426551453260016,0.006284367635506678,0.003142183817753339,0.43563627127254256,0.30842907262064456,0.0,1.0,0.38823977647955293,0.24615556690964782,0.0,1.0,0.549758699517399,0.2585557046591358,0.0,1.0,0.26296672593345183,0.1833608556138387,0.0,1.0,13,0.17165354330708663,7.031496062992126,12
665,1272,1484,12.957548732187183,101.83647798742139,5,3,2,1,958,0.7543307086614173,312,1080,0.8503937007874016,0.9154488517745303,877,203,0.9154488517745303,0.6506410256410257,0.8503937007874016,174,1058,6.080459770114943,0.003937007874015748,0.002362204724409449,0.0015748031496062992,0.0007874015748031496,0.4362193142625279,0.30822879369725376,0.0,1.0,0.38818725907892065,0.2461251261441248,0.0,1.0,0.549325420977886,0.2583083711393552,0.0,1.0,0.26341550010144044,0.18352075188299855,0.0,1.0,13,0.17138364779874213,7.038522012578617,12
666,1266,1483,12.963601209984528,101.62954186413901,6,12,10,2,964,0.7578616352201258,308,1100,0.8647798742138365,0.9263485477178424,893,207,0.9263485477178424,0.672077922077922,0.8647798742138365,176,1075,6.107954545454546,0.0047169811320754715,0.009433962264150943,0.007861635220125786,0.0015723270440251573,0.43606991795342204,0.30838680965221477,0.0,1.0,0.388319828772359,0.24574399636083777,0.0,1.0,0.5499159149977068,0.2579580444602138,0.0,1.0,0.26333893900015287,0.18294511887083495,0.0,1.0,13,0.17298578199052134,7.0489731437598735,12
667,1262,1494,13.024479612617574,102.31378763866879,5,9,3,6,950,0.7503949447077409,316,1096,0.8657187993680885,0.9252631578947368,879,217,0.9252631578947368,0.6867088607594937,0.8657187993680885,171,1078,6.304093567251462,0.0039494470774091624,0.0071090047393364926,0.002369668246445498,0.004739336492890996,0.434614794744645,0.3083147108837977,0.0,1.0,0.3894483922089873,0.24555477166793185,0.0,1.0,0.5505342262665508,0.25842277557135496,0.0,1.0,0.2627933132252952,0.18215779536820267,0.0,1.0,13,0.17194928684627575,7.041996830427892,12
668,1259,1494,13.056240171358944,102.40270055599682,6,9,7,2,930,0.7369255150554676,332,1089,0.8629160063391442,0.910752688172043,847,242,0.910752688172043,0.7289156626506024,0.8629160063391442,177,1066,6.022598870056497,0.004754358161648178,0.0071315372424722665,0.005546751188589541,0.001584786053882726,0.43365189986932795,0.3080306314674727,0.0,1.0,0.3886853365446207,0.245587570724043,0.0,1.0,0.5517435752901688,0.25836439016702034,0.0,1.0,0.261907812139691,0.18184878978904914,0.0,1.0,13,0.17077045274027006,7.047656870532168,12
669,1264,1492,12.997232757673972,101.94857594936708,12,7,6,1,965,0.7664813343923749,294,1079,0.8570293884034949,0.9056994818652849,874,205,0.9056994818652849,0.6972789115646258,0.8570293884034949,177,1054,5.954802259887006,0.009531374106433678,0.005559968228752979,0.004765687053216839,0.0007942811755361397,0.4338250306247448,0.3085087322499994,0.0,1.0,0.3896488362596978,0.24620582799291488,0.0,1.0,0.5504542670477746,0.25866643470697004,0.0,1.0,0.26074418129848914,0.18140289643624044,0.0,1.0,13,0.17167721518987342,7.0664556962025316,12
670,1263,1495,13.020879071776337,102.0166270783848,6,7,6,1,946,0.7484177215189873,318,1070,0.8465189873417721,0.9281183932346723,878,192,0.9281183932346723,0.6037735849056604,0.8465189873417721,172,1045,6.075581395348837,0.004746835443037975,0.005537974683544304,0.004746835443037975,0.0007911392405063291,0.43406635506857716,0.30848218477832,0.0,1.0,0.3895742344137103,0.24564922314060117,0.0,1.0,0.5509922611294154,0.2580322089039414,0.0,1.0,0.2610017112354098,0.1812844864973688,0.0,1.0,13,0.171021377672209,7.070467141726049,12
671,1260,1492,13.01893503723717,101.68333333333334,7,10,10,0,971,0.7688044338875692,292,1093,0.8653998416468726,0.9289392378990731,902,191,0.9289392378990731,0.6541095890410958,0.8653998416468726,185,1075,5.8108108108108105,0.0055423594615993665,0.00791765637371338,0.00791765637371338,0.0,0.4337941628264209,0.3088575387651314,0.0,1.0,0.38940092165898615,0.24592137581601062,0.0,1.0,0.5501024065540194,0.2583770465797724,0.0,1.0,0.26167434715821813,0.18192441996934647,0.0,1.0,13,0.17063492063492064,7.087301587301587,12
672,1254,1504,13.027210835113982,101.8883572567783,6,12,8,4,933,0.7404761904761905,327,1093,0.8674603174603175,0.932475884244373,870,223,0.932475884244373,0.6819571865443425,0.8674603174603175,169,1074,6.355029585798817,0.004761904761904762,0.009523809523809525,0.006349206349206349,0.0031746031746031746,0.43581828471471934,0.30968642967962634,0.0,1.0,0.3902608427226424,0.24570545487076645,0.0,1.0,0.5507794412718011,0.25806789701509797,0.0,1.0,0.2618202397489324,0.18189845193225015,0.0,1.0,13,0.17145135566188197,7.098883572567783,12
673,1254,1502,12.997851298966454,101.4792663476874,10,10,8,2,970,0.773524720893142,284,1089,0.868421052631579,0.9309278350515464,903,186,0.9309278350515464,0.6549295774647887,0.868421052631579,177,1064,6.011299435028248,0.007974481658692184,0.007974481658692184,0.006379585326953748,0.001594896331738437,0.43695014662756604,0.3100660776042898,0.0,1.0,0.3914956011730205,0.24625995994383018,0.0,1.0,0.5503421309872922,0.2579477567118042,0.0,1.0,0.2616401708082523,0.18179484553173003,0.0,1.0,13,0.17065390749601275,7.098086124401914,12
674,1259,1503,12.946292329626209,101.11596505162828,12,7,6,1,931,0.7424242424242424,323,1078,0.8596491228070176,0.920515574650913,857,221,0.920515574650913,0.6842105263157895,0.8596491228070176,172,1051,6.1104651162790695,0.009569377990430622,0.005582137161084529,0.004784688995215311,0.0007974481658692185,0.4364446949704066,0.31086309237637244,0.0,1.0,0.390735094416972,0.24599955689061337,0.0,1.0,0.5506674524071844,0.2575527037001192,0.0,1.0,0.2609854210971329,0.18159306086302288,0.0,1.0,13,0.1699761715647339,7.119142176330421,12
675,1260,1507,12.868220707410913,100.38809523809523,13,12,10,2,923,0.7331215250198571,336,1048,0.8324066719618745,0.9024918743228603,833,215,0.9024918743228603,0.6398809523809523,0.8324066719618745,168,1020,6.071428571428571,0.010325655281969817,0.009531374106433678,0.007942811755361398,0.0015885623510722795,0.4367639528929852,0.3104676828265577,0.0,1.0,0.39006656426011266,0.2461928211192186,0.0,1.0,0.548668714797747,0.25770729238969287,0.0,1.0,0.2606758832565284,0.18131172933662426,0.0,1.0,13,0.17142857142857143,7.140476190476191,12
676,1260,1506,12.923797625328584,100.58730158730158,6,6,4,2,959,0.7611111111111111,301,1097,0.8706349206349207,0.9249217935349322,887,210,0.9249217935349322,0.6976744186046512,0.8706349206349207,173,1069,6.179190751445087,0.004761904761904762,0.004761904761904762,0.0031746031746031746,0.0015873015873015873,0.43691756272401433,0.31000648041176304,0.0,1.0,0.39065540194572457,0.24689349825156573,0.0,1.0,0.548873527905786,0.2579632313593343,0.0,1.0,0.2603430619559652,0.18117268427086378,0.0,1.0,13,0.17142857142857143,7.147619047619048,12
677,1264,1500,12.948914688003617,100.58465189873418,11,7,3,4,930,0.7380952380952381,330,1114,0.8841269841269841,0.9301075268817204,865,249,0.9301075268817204,0.7545454545454545,0.8841269841269841,181,1089,6.016574585635359,0.00873015873015873,0.005555555555555556,0.002380952380952381,0.0031746031746031746,0.43737239689669255,0.3103723791611664,0.0,1.0,0.3916139240506329,0.24820416654048238,0.0,1.0,0.548514699877501,0.2578714126404805,0.0,1.0,0.25949367088607594,0.18089672651265487,0.0,1.0,13,0.17088607594936708,7.156645569620253,12
678,1264,1501,12.900883752548937,100.20648734177215,10,10,8,2,954,0.754746835443038,310,1062,0.8401898734177216,0.9088050314465409,867,195,0.9088050314465409,0.6290322580645161,0.8401898734177216,174,1037,5.959770114942529,0.007911392405063292,0.007911392405063292,0.006329113924050633,0.0015822784810126582,0.4386994691710902,0.3106955071338253,0.0,1.0,0.3922774601878318,0.24919422223469856,0.0,1.0,0.548412617394855,0.2580086824694797,0.0,1.0,0.2587535728868926,0.18050698551272354,0.0,1.0,13,0.16930379746835442,7.174841772151899,12
679,1263,1497,12.908173312275297,100.07046714172606,8,9,7,2,951,0.752373417721519,313,1099,0.8694620253164557,0.9305993690851735,885,214,0.9305993690851735,0.6837060702875399,0.8694620253164557,180,1075,5.972222222222222,0.006329113924050633,0.007120253164556962,0.005537974683544304,0.0015822784810126582,0.43922560212499684,0.31091563869202005,0.0,1.0,0.3928434602712436,0.2500329197355023,0.0,1.0,0.547748576098894,0.25829189716205203,0.0,1.0,0.2580900569560442,0.17989864580486783,0.0,1.0,13,0.171021377672209,7.1876484560570075,12
680,1260,1497,12.927616470085228,99.81428571428572,7,10,9,1,940,0.7442596991290578,323,1080,0.8551068883610451,0.9117021276595745,857,223,0.9117021276595745,0.6904024767801857,0.8551068883610451,175,1055,6.0285714285714285,0.0055423594615993665,0.00791765637371338,0.007125890736342043,0.000791765637371338,0.4394777265745008,0.31096825943112505,0.0,1.0,0.3930619559651818,0.2503650333577009,0.0,1.0,0.5472862263184844,0.2584666805871179,0.0,1.0,0.2584485407066052,0.17958419837918194,0.0,1.0,13,0.173015873015873,7.2023809523809526,13
681,1253,1500,12.97711574722209,99.67198723064645,8,15,9,6,927,0.7357142857142858,333,1088,0.8634920634920635,0.9234088457389428,856,232,0.9234088457389428,0.6966966966966966,0.8634920634920635,176,1067,6.0625,0.006349206349206349,0.011904761904761904,0.007142857142857143,0.004761904761904762,0.43840589037921895,0.30986573912251025,0.0,1.0,0.3926833663723193,0.25004501837264254,0.0,1.0,0.5476662461704812,0.2584301118557008,0.0,1.0,0.25770409082717605,0.179250863969273,0.0,1.0,13,0.1707901037509976,7.209896249002394,13
682,1255,1500,12.969002862873467,99.73227091633466,8,6,6,0,948,0.75658419792498,305,1081,0.8627294493216281,0.9240506329113924,876,205,0.9240506329113924,0.6721311475409836,0.8627294493216281,171,1052,6.152046783625731,0.006384676775738229,0.004788507581803671,0.004788507581803671,0.0,0.43958360107955274,0.30998073288631706,0.0,1.0,0.392186094332348,0.24988111189978554,0.0,1.0,0.5467163603649916,0.25854542240838424,0.0,1.0,0.25773036884719186,0.17895751165726054,0.0,1.0,13,0.17131474103585656,7.218326693227092,13
683,1252,1499,13.01111212797851,99.90175718849841,7,10,6,4,950,0.7569721115537849,305,1102,0.8780876494023905,0.9347368421052632,888,214,0.9347368421052632,0.7016393442622951,0.8780876494023905,181,1082,5.9779005524861875,0.005577689243027889,0.00796812749003984,0.004780876494023904,0.0031872509960159364,0.4391682984643925,0.30998369553504623,0.0,1.0,0.39217252396166136,0.24958700364693603,0.0,1.0,0.5493404101824177,0.2590608448990434,0.0,1.0,0.2582191074925281,0.1797347608393009,0.0,1.0,13,0.17092651757188498,7.218849840255591,13
684,1249,1498,12.981151578456384,99.07205764611689,10,13,12,1,938,0.7492012779552716,314,1095,0.8746006389776357,0.9402985074626866,882,213,0.9402985074626866,0.678343949044586,0.8746006389776357,178,1072,6.022471910112359,0.007987220447284345,0.010383386581469648,0.009584664536741214,0.0007987220447284345,0.43789870606162357,0.30928897619596823,0.0,1.0,0.3915132105684548,0.24915799444610418,0.0,1.0,0.54756062914848,0.2592870846734478,0.0,1.0,0.2572380485033188,0.17949899859461105,0.0,1.0,13,0.17293835068054444,7.237790232185748,13
685,1247,1495,13.029432551848515,99.21732157177226,6,8,6,2,946,0.7574059247397918,303,1062,0.8502802241793435,0.9175475687103594,868,194,0.9175475687103594,0.6402640264026402,0.8502802241793435,174,1033,5.936781609195402,0.004803843074459567,0.006405124099279423,0.004803843074459567,0.0016012810248198558,0.43834234420674134,0.3095432488607751,0.0,1.0,0.3915720309387692,0.24965439395591071,0.0,1.0,0.5481542799492977,0.25931117358477496,0.0,1.0,0.2566158781074579,0.17902938608489516,0.0,1.0,13,0.1740176423416199,7.2485966319166,13
686,1246,1496,13.047704834050403,99.13723916532905,8,9,6,3,918,0.7361668003207699,329,1052,0.8436246992782679,0.9215686274509803,846,206,0.9215686274509803,0.6261398176291794,0.8436246992782679,171,1024,5.988304093567251,0.006415396952686447,0.007217321571772253,0.0048115477145148355,0.0024057738572574178,0.43820224719101125,0.3092500747162294,0.0,1.0,0.39028115776937816,0.24899075719069538,0.0,1.0,0.5474809713664371,0.25950707599356115,0.0,1.0,0.2569253870449956,0.17908946480358265,0.0,1.0,13,0.17656500802568217,7.264847512038523,13
687,1241,1495,13.08747538891471,98.72763900080581,8,13,10,3,951,0.7632423756019262,295,1096,0.8796147672552167,0.9305993690851735,885,211,0.9305993690851735,0.7152542372881356,0.8796147672552167,178,1073,6.02808988764045,0.006420545746388443,0.01043338683788122,0.008025682182985553,0.002407704654895666,0.4381742091445504,0.30980608540971527,0.0,1.0,0.39122975747966,0.24887566490955723,0.0,1.0,0.5477632502404408,0.25912407554618355,0.0,1.0,0.25679082945595383,0.17818996376964596,0.0,1.0,13,0.177276390008058,7.279613215149073,13
688,1245,1505,13.005056044587795,98.35261044176707,11,7,6,1,918,0.7397260273972602,323,1055,0.8501208702659145,0.9117647058823529,837,218,0.9117647058823529,0.6749226006191951,0.8501208702659145,173,1038,6.0,0.008863819500402902,0.0056406124093473006,0.004834810636583401,0.0008058017727639,0.4385283067754891,0.30963552940672256,0.0,1.0,0.391631040290193,0.24840114773330815,0.0,1.0,0.5481539059463661,0.25940340420873775,0.0,1.0,0.25705402254178006,0.17873478205170149,0.0,1.0,13,0.17670682730923695,7.281124497991968,13
689,1241,1499,13.101695792228934,98.73005640612409,3,7,6,1,940,0.7550200803212851,305,1055,0.8473895582329317,0.902127659574468,848,207,0.902127659574468,0.6786885245901639,0.8473895582329317,179,1028,5.743016759776537,0.0024096385542168677,0.005622489959839358,0.004819277108433735,0.0008032128514056225,0.4389020301005952,0.30947665639594124,0.0,1.0,0.3915676743521094,0.24866927289378854,0.0,1.0,0.5485170648020588,0.2588285391861806,0.0,1.0,0.25777858646772894,0.17969375584524333,0.0,1.0,13,0.177276390008058,7.2763900080580175,13
690,1244,1502,13.00226557711648,98.14710610932475,14,11,8,3,974,0.7848509266720387,267,1058,0.8525382755842063,0.9240246406570842,900,158,0.9240246406570842,0.5917602996254682,0.8525382755842063,170,1031,6.064705882352941,0.011281224818694601,0.008863819500402902,0.0064464141821112,0.0024174053182917004,0.43952909449227257,0.30897757051703667,0.0,1.0,0.3909086194378177,0.24914848312231036,0.0,1.0,0.5489835079348615,0.25933939638520537,0.0,1.0,0.2583497562493517,0.18047157858189905,0.0,1.0,13,0.17845659163987138,7.296623794212219,13
691,1241,1496,13.029088342265736,98.10153102336825,6,9,7,2,958,0.770096463022508,286,1060,0.8520900321543409,0.9133611691022965,875,185,0.9133611691022965,0.6468531468531469,0.8520900321543409,180,1034,5.7444444444444445,0.00482315112540193,0.007234726688102894,0.005627009646302251,0.001607717041800643,0.44048764004055,0.3091921365433671,0.0,1.0,0.39167164877440147,0.24910198841230233,0.0,1.0,0.5490369369135193,0.2595976404318626,0.0,1.0,0.2579865353123132,0.18028095967888544,0.0,1.0,13,0.1788879935535858,7.30378726833199,13
692,1242,1494,13.015322414101833,98.01610305958133,10,9,6,3,930,0.7493956486704271,311,1051,0.846897663174859,0.9,837,214,0.9,0.6881028938906752,0.846897663174859,170,1019,5.9941176470588236,0.008058017727639,0.007252215954875101,0.004834810636583401,0.0024174053182917004,0.4409641057607397,0.30876152069540913,0.0,1.0,0.3899277959586515,0.2492175996523256,0.0,1.0,0.5491662770765154,0.25981703797235517,0.0,1.0,0.257960625422056,0.1803826165933411,0.0,1.0,13,0.178743961352657,7.312399355877616,13
693,1240,1489,13.086868000235986,98.09354838709677,5,7,6,1,922,0.7423510466988728,320,1069,0.8607085346215781,0.9175704989154013,846,223,0.9175704989154013,0.696875,0.8607085346215781,182,1046,5.747252747252747,0.004025764895330112,0.005636070853462158,0.004830917874396135,0.0008051529790660225,0.44024453694068677,0.3086712331893978,0.0,1.0,0.38969823100936524,0.24901527301159118,0.0,1.0,0.5498178980228928,0.26035752950634633,0.0,1.0,0.25790842872008324,0.18049079867874668,0.0,1.0,13,0.1774193548387097,7.32258064516129,13
694,1245,1483,13.13269020624264,98.36385542168675,8,3,2,1,913,0.7362903225806452,327,1030,0.8306451612903226,0.9123767798466593,833,197,0.9123767798466593,0.6024464831804281,0.8306451612903226,175,999,5.708571428571428,0.0064516129032258064,0.0024193548387096775,0.0016129032258064516,0.0008064516129032258,0.44091203523772515,0.309157156774421,0.0,1.0,0.3910091980826532,0.24985096994978365,0.0,1.0,0.5495271408213499,0.26057280337532024,0.0,1.0,0.25790905557714733,0.18021150519996226,0.0,1.0,13,0.17991967871485945,7.330120481927711,13
695,1242,1484,13.083045016807686,97.89291465378422,9,12,11,1,943,0.757429718875502,302,1073,0.8618473895582329,0.9172852598091198,865,208,0.9172852598091198,0.6887417218543046,0.8618473895582329,179,1053,5.88268156424581,0.007228915662650603,0.00963855421686747,0.008835341365461847,0.0008032128514056225,0.439873253337489,0.30935906882240355,0.0,1.0,0.39146018388655135,0.25065875489756284,0.0,1.0,0.5491662770765154,0.26156218139297693,0.0,1.0,0.25697366370578156,0.180109747439194,0.0,1.0,13,0.17954911433172302,7.352657004830918,13
696,1245,1483,13.088751459492164,97.91887550200804,9,6,5,1,911,0.7334943639291466,331,1054,0.8486312399355878,0.9143798024149287,833,221,0.9143798024149287,0.6676737160120846,0.8486312399355878,170,1023,6.017647058823529,0.007246376811594203,0.004830917874396135,0.004025764895330112,0.0008051529790660225,0.439279699442933,0.3092652977984023,0.0,1.0,0.39064645679492166,0.25015392876287257,0.0,1.0,0.54921621971758,0.26093938503399483,0.0,1.0,0.25707993263376083,0.17994896697358834,0.0,1.0,13,0.1783132530120482,7.359839357429719,13
697,1247,1484,13.067977352125881,97.60705693664795,10,8,7,1,915,0.7349397590361446,330,1071,0.8602409638554217,0.9234972677595629,845,226,0.9234972677595629,0.6848484848484848,0.8602409638554217,172,1044,6.069767441860465,0.008032128514056224,0.00642570281124498,0.005622489959839358,0.0008032128514056225,0.437799104948651,0.30855956027425835,0.0,1.0,0.38924386268981037,0.2497353968155316,0.0,1.0,0.5495511808986729,0.26128346589569834,0.0,1.0,0.25659000957135836,0.18030410115717616,0.0,1.0,13,0.1756214915797915,7.375300721732157,13
698,1246,1481,13.13580766482131,97.75762439807383,7,8,5,3,926,0.7425821972734563,321,1063,0.8524458700882117,0.9146868250539957,847,216,0.9146868250539957,0.6728971962616822,0.8524458700882117,168,1028,6.119047619047619,0.0056134723336006415,0.006415396952686447,0.00400962309542903,0.0024057738572574178,0.4380728007041889,0.3081175904693517,0.0,1.0,0.3900481540930979,0.24926348336732496,0.0,1.0,0.5507430228343603,0.26191012186458157,0.0,1.0,0.2562781546108839,0.18023467077795297,0.0,1.0,13,0.17335473515248795,7.377207062600321,14
699,1244,1479,13.057602071395003,96.75,14,16,13,3,934,0.7495987158908507,312,1052,0.8443017656500803,0.9057815845824411,846,206,0.9057815845824411,0.6602564102564102,0.8443017656500803,176,1026,5.829545454545454,0.011235955056179775,0.012841091492776886,0.01043338683788122,0.002407704654895666,0.43901047609169175,0.30788283999562377,0.0,1.0,0.38958614251633644,0.2487435286546402,0.0,1.0,0.5507208795768074,0.2609742363577368,0.0,1.0,0.2557048024063894,0.17938241115659614,0.0,1.0,13,0.17443729903536978,7.392282958199357,14
700,1247,1474,13.08471495792691,96.47072975140337,12,9,4,5,901,0.7242765273311897,343,1060,0.8520900321543409,0.9078801331853497,818,242,0.9078801331853497,0.7055393586005831,0.8520900321543409,172,1027,5.97093023255814,0.00964630225080386,0.007234726688102894,0.003215434083601286,0.0040192926045016075,0.4373334712988592,0.3075848744220004,0.0,1.0,0.38813151563753007,0.24828979676959176,0.0,1.0,0.5512585042812427,0.26060510470090215,0.0,1.0,0.254856817652689,0.1775884065676477,0.0,1.0,13,0.1764234161988773,7.408981555733761,14
701,1244,1472,13.157038331035688,96.70176848874598,6,9,5,4,964,0.773055332798717,283,1068,0.8564554931836408,0.9221991701244814,889,179,0.9221991701244814,0.6325088339222615,0.8564554931836408,174,1040,5.977011494252873,0.0048115477145148355,0.007217321571772253,0.00400962309542903,0.0032076984763432237,0.4369619334093974,0.30727400483104705,0.0,1.0,0.3877191162742454,0.24867112544077152,0.0,1.0,0.549891090135878,0.2605376513140741,0.0,1.0,0.25453791100508244,0.17766936923377113,0.0,1.0,13,0.1752411575562701,7.419614147909968,14
702,1243,1471,13.146713839382949,96.42397425583266,8,9,8,1,936,0.752411575562701,308,1054,0.8472668810289389,0.8995726495726496,842,212,0.8995726495726496,0.6883116883116883,0.8472668810289389,176,1029,5.846590909090909,0.006430868167202572,0.007234726688102894,0.006430868167202572,0.0008038585209003215,0.4367684841564373,0.3077410649296664,0.0,1.0,0.38743414735421583,0.249052515830942,0.0,1.0,0.5489839877507591,0.2610456596167974,0.0,1.0,0.2528482080294812,0.17725825604733272,0.0,1.0,13,0.1753821399839099,7.430410297666935,14
703,1247,1475,13.1121593072925,96.27987169206095,9,5,5,0,904,0.7272727272727273,339,1045,0.8407079646017699,0.8949115044247787,809,236,0.8949115044247787,0.696165191740413,0.8407079646017699,174,1023,5.879310344827586,0.007240547063555913,0.004022526146419952,0.004022526146419952,0.0,0.4359365703494839,0.3077148715893409,0.0,1.0,0.38663114054375664,0.24945500290856548,0.0,1.0,0.547119538505316,0.26117117971725334,0.0,1.0,0.2523993067232325,0.17697383051210444,0.0,1.0,13,0.1756214915797915,7.453889334402566,14
704,1241,1459,13.076514223252339,95.10958904109589,13,19,16,3,953,0.764234161988773,294,1046,0.838813151563753,0.9181532004197271,875,171,0.9181532004197271,0.5816326530612245,0.838813151563753,177,1007,5.6892655367231635,0.010425020048115477,0.015236567762630313,0.012830793905372895,0.0024057738572574178,0.43489901484234883,0.3085072318924115,0.0,1.0,0.38678485092667203,0.2494364295864582,0.0,1.0,0.5471913909178342,0.2605516455849248,0.0,1.0,0.25268383977541525,0.1780473411556327,0.0,1.0,13,0.17324738114423852,7.4641418211120065,14
705,1247,1454,13.024621875115438,94.63753007217322,16,10,6,4,933,0.7518130539887188,308,1059,0.8533440773569702,0.9131832797427653,852,207,0.9131832797427653,0.672077922077922,0.8533440773569702,175,1029,5.88,0.0128928283642224,0.008058017727639,0.004834810636583401,0.0032232070910556,0.435082908658199,0.30870317242441814,0.0,1.0,0.3860879012856662,0.24870126844725549,0.0,1.0,0.5471971441136146,0.25993049538106117,0.0,1.0,0.2523993067232325,0.17778769059683014,0.0,1.0,13,0.17321571772253408,7.469927826784282,13
706,1243,1455,13.006928257799526,94.17699115044248,7,11,10,1,942,0.7554129911788292,305,1055,0.8460304731355253,0.910828025477707,858,197,0.910828025477707,0.6459016393442623,0.8460304731355253,175,1031,5.8914285714285715,0.0056134723336006415,0.008821170809943865,0.00801924619085806,0.0008019246190858059,0.4360418342719228,0.30937923325800143,0.0,1.0,0.38649988321698286,0.24941814851551347,0.0,1.0,0.5462071471206498,0.2597818758841745,0.0,1.0,0.2520437028001972,0.17752772542505746,0.0,1.0,13,0.1737731295253419,7.483507642799678,13
707,1235,1456,13.041982650212136,94.00242914979756,9,17,10,7,894,0.7192276749798874,349,1048,0.8431214802896219,0.9026845637583892,807,241,0.9026845637583892,0.6905444126074498,0.8431214802896219,166,1015,6.114457831325301,0.007240547063555913,0.013676588897827836,0.008045052292839904,0.0056315366049879325,0.43771712158808934,0.3098341408985978,0.0,1.0,0.38790649079273865,0.24978595168748588,0.0,1.0,0.5443385137782422,0.25948016207057223,0.0,1.0,0.2522920203735144,0.1784060861319001,0.0,1.0,13,0.1757085020242915,7.48502024291498,13
708,1234,1453,13.1028084898847,94.11345218800648,10,11,5,6,933,0.7554655870445344,302,1008,0.8161943319838056,0.887459807073955,828,180,0.887459807073955,0.5960264900662252,0.8161943319838056,163,968,5.938650306748467,0.008097165991902834,0.008906882591093117,0.004048582995951417,0.004858299595141701,0.43694777016782566,0.31007271212734705,0.0,1.0,0.38701835102211535,0.25021218833364384,0.0,1.0,0.5437078475453547,0.25980200574838,0.0,1.0,0.2524441888429968,0.1784785668307284,0.0,1.0,13,0.17585089141004862,7.493517017828201,14
709,1241,1454,13.05883057022998,94.10636583400483,12,5,3,2,952,0.7714748784440842,282,1030,0.8346839546191248,0.8970588235294118,854,176,0.8970588235294118,0.624113475177305,0.8346839546191248,164,995,6.067073170731708,0.009724473257698542,0.004051863857374392,0.0024311183144246355,0.0016207455429497568,0.43695250968261806,0.3099766313537076,0.0,1.0,0.3863689532375036,0.2497446387897996,0.0,1.0,0.5440981518546438,0.2592138989828068,0.0,1.0,0.25250188453640404,0.1781994506965476,0.0,1.0,13,0.17485898468976632,7.502820306204674,14
710,1241,1442,13.145634614546161,94.45850120870266,6,6,4,2,932,0.7510072522159549,309,1056,0.8509266720386784,0.9023605150214592,841,215,0.9023605150214592,0.6957928802588996,0.8509266720386784,179,1023,5.715083798882682,0.004834810636583401,0.004834810636583401,0.0032232070910556,0.0016116035455278,0.4381222219334044,0.31031764672330386,0.0,1.0,0.385849081126043,0.25010492663121703,0.0,1.0,0.5439421902212056,0.25930506450443774,0.0,1.0,0.2521379740583816,0.17713523274318418,0.0,1.0,13,0.17647058823529413,7.514907332796132,14
711,1245,1439,13.063279944819886,93.83614457831325,12,8,8,0,958,0.7719580983078163,283,1055,0.8501208702659145,0.9039665970772442,866,189,0.9039665970772442,0.6678445229681979,0.8501208702659145,170,1022,6.011764705882353,0.009669621273166801,0.0064464141821112,0.0064464141821112,0.0,0.4390724187070864,0.3109119530544432,0.0,1.0,0.3863194714341236,0.25047339657058854,0.0,1.0,0.5440601114133955,0.2596186510250261,0.0,1.0,0.2524938463531546,0.17885654105862617,0.0,1.0,13,0.1751004016064257,7.53574297188755,14
712,1247,1429,13.082957202206615,93.70970328789093,9,7,5,2,946,0.7598393574297189,299,1066,0.8562248995983935,0.912262156448203,863,203,0.912262156448203,0.6789297658862876,0.8562248995983935,177,1033,5.836158192090395,0.007228915662650603,0.005622489959839358,0.004016064257028112,0.001606425702811245,0.4393512171146235,0.31043678990004964,0.0,1.0,0.3874848022350415,0.25065816724493184,0.0,1.0,0.5429805727293893,0.25995885410649033,0.0,1.0,0.252037147217839,0.17887545593344958,0.0,1.0,13,0.17802726543704891,7.541299117882919,14
713,1253,1426,13.05065541550062,93.47486033519553,12,6,5,1,927,0.7433841218925421,320,1028,0.8243785084202085,0.8942826321467098,829,199,0.8942826321467098,0.621875,0.8243785084202085,173,998,5.76878612716763,0.009623095429029671,0.0048115477145148355,0.00400962309542903,0.0008019246190858059,0.4405941868547744,0.3104104405694129,0.0,1.0,0.3870967741935484,0.2508418242327523,0.0,1.0,0.5433926318770435,0.25994021901238096,0.0,1.0,0.25222047730607833,0.17906552125292166,0.0,1.0,13,0.1787709497206704,7.563447725458898,14
714,1254,1427,13.054404869102761,93.36842105263158,9,8,6,2,936,0.7470071827613727,317,1042,0.8316041500399042,0.9123931623931624,854,188,0.9123931623931624,0.5930599369085173,0.8316041500399042,171,1014,5.9298245614035086,0.007182761372705506,0.006384676775738229,0.004788507581803671,0.0015961691939345571,0.43962545660338526,0.3096910707262449,0.0,1.0,0.3873540155373772,0.25049332578381467,0.0,1.0,0.5443741318104646,0.25997803924942664,0.0,1.0,0.25181355147399287,0.1782555502255377,0.0,1.0,13,0.17783094098883573,7.5606060606060606,14
715,1255,1425,13.036695722217548,92.91474103585658,13,12,8,4,935,0.7456140350877193,319,1054,0.8405103668261563,0.8941176470588236,836,218,0.8941176470588236,0.6833855799373041,0.8405103668261563,174,1026,5.896551724137931,0.01036682615629984,0.009569377990430622,0.006379585326953748,0.003189792663476874,0.4387610846934841,0.3088946067176476,0.0,1.0,0.38874180696568567,0.25089437715349766,0.0,1.0,0.5438118493766868,0.2604833846033229,0.0,1.0,0.25102171957331965,0.1779895930907326,0.0,1.0,13,0.17768924302788844,7.581673306772909,14
716,1262,1414,13.017969701467992,92.80586370839937,13,6,4,2,950,0.7569721115537849,305,1081,0.8613545816733068,0.9147368421052632,869,212,0.9147368421052632,0.6950819672131148,0.8613545816733068,174,1044,6.0,0.010358565737051793,0.004780876494023904,0.0031872509960159364,0.0015936254980079682,0.4395225192986043,0.30956530140660277,0.0,1.0,0.3877869229589489,0.2514757903042921,0.0,1.0,0.5434026890240785,0.26074547621470634,0.0,1.0,0.25085629569040435,0.17817409154336522,0.0,1.0,13,0.17987321711568938,7.603803486529318,14
717,1259,1409,13.108018064774713,92.87529785544082,6,9,7,2,895,0.7091917591125199,367,1048,0.8304278922345484,0.8960893854748604,802,246,0.8960893854748604,0.670299727520436,0.8304278922345484,176,1019,5.7897727272727275,0.004754358161648178,0.0071315372424722665,0.005546751188589541,0.001584786053882726,0.438494452842758,0.30985664651430567,0.0,1.0,0.3879166773424889,0.25116185879026437,0.0,1.0,0.5432114581465064,0.2598893787913077,0.0,1.0,0.2518639985651695,0.17915025618773683,0.0,1.0,13,0.17950754567116758,7.6004765687053215,14
718,1265,1400,13.021547726216905,92.21343873517786,16,10,7,3,969,0.7696584590945195,290,1055,0.8379666401906275,0.8998968008255934,872,183,0.8998968008255934,0.6310344827586207,0.8379666401906275,167,1013,6.065868263473054,0.012708498808578236,0.007942811755361398,0.005559968228752979,0.0023828435266084196,0.4374856559989799,0.30957244950528584,0.0,1.0,0.3876322835649624,0.2513643986153988,0.0,1.0,0.544307025372944,0.25990634784504624,0.0,1.0,0.25181690679586893,0.1785039798890238,0.0,1.0,13,0.17865612648221343,7.615810276679842,14
719,1264,1390,13.048857780940352,92.1257911392405,10,11,7,4,957,0.7565217391304347,308,1067,0.8434782608695652,0.9028213166144201,864,203,0.9028213166144201,0.6590909090909091,0.8434782608695652,173,1030,5.953757225433526,0.007905138339920948,0.008695652173913044,0.005533596837944664,0.0031620553359683794,0.43673438138015513,0.30926224550754244,0.0,1.0,0.3865353205389955,0.25119024263482376,0.0,1.0,0.5456308697427521,0.26059898406727083,0.0,1.0,0.25204164965291953,0.178593908764367,0.0,1.0,13,0.17563291139240506,7.632120253164557,14
720,1263,1378,13.086823276556492,91.90577988915281,10,11,7,4,946,0.7484177215189873,318,1068,0.8449367088607594,0.9027484143763214,854,214,0.9027484143763214,0.6729559748427673,0.8449367088607594,178,1034,5.808988764044944,0.007911392405063292,0.00870253164556962,0.005537974683544304,0.0031645569620253164,0.436594896942763,0.3088224462376106,0.0,1.0,0.3858452736699614,0.25070452973097196,0.0,1.0,0.5462927489592113,0.26070197864539485,0.0,1.0,0.25162822772201365,0.1784056695192665,0.0,1.0,13,0.17418844022169439,7.647664291369755,14
721,1265,1370,13.104455102259779,91.79288537549407,11,9,5,4,972,0.7695961995249406,291,1081,0.8558986539984165,0.9248971193415638,899,182,0.9248971193415638,0.6254295532646048,0.8558986539984165,175,1048,5.988571428571428,0.00870942201108472,0.007125890736342043,0.00395882818685669,0.003167062549485352,0.43524161672829276,0.30831943668947315,0.0,1.0,0.38538824429427515,0.249621960240327,0.0,1.0,0.5465510646436312,0.26032400809158474,0.0,1.0,0.25319393089379066,0.17883227517173272,0.0,1.0,13,0.17549407114624507,7.660869565217391,14
722,1273,1364,13.031163672235241,91.09662215239591,19,11,7,4,924,0.7304347826086957,341,1055,0.83399209486166,0.9134199134199135,844,211,0.9134199134199135,0.6187683284457478,0.83399209486166,179,1028,5.743016759776537,0.015019762845849802,0.008695652173913044,0.005533596837944664,0.0031620553359683794,0.43511643818260143,0.30799724760833674,0.0,1.0,0.3862098674707954,0.24949018352192973,0.0,1.0,0.5473734890910472,0.2608570106623858,0.0,1.0,0.25140004561234575,0.17809629267618424,0.0,1.0,13,0.17596229379418696,7.678711704634721,14
723,1277,1352,13.042492754983918,90.95223179326547,11,7,5,2,957,0.7517674783974863,316,1095,0.8601728201099764,0.9122257053291536,873,222,0.9122257053291536,0.7025316455696202,0.8601728201099764,184,1067,5.798913043478261,0.00864100549882168,0.0054988216810683424,0.003927729772191673,0.0015710919088766694,0.43478919847424663,0.307634471647544,0.0,1.0,0.38497486548614446,0.24814280713589576,0.0,1.0,0.5471998383307651,0.2610084034770381,0.0,1.0,0.2506378356531184,0.17727936210366949,0.0,1.0,13,0.17619420516836334,7.697729052466719,14
724,1283,1344,13.0083573430829,90.79579111457521,13,7,5,2,953,0.7462803445575568,324,1101,0.8621769772905247,0.8961175236096537,854,247,0.8961175236096537,0.7623456790123457,0.8621769772905247,172,1065,6.191860465116279,0.010180109631949883,0.00548159749412686,0.003915426781519186,0.0015661707126076742,0.43587358258114806,0.3086086908796059,0.0,1.0,0.384331078872602,0.24752273995283888,0.0,1.0,0.5469791064289845,0.2606779948976067,0.0,1.0,0.25039599728459006,0.17724039530430155,0.0,1.0,13,0.17848791893998442,7.724084177708495,14
725,1278,1336,12.992605239663469,90.08372456964007,11,16,13,3,953,0.7427903351519876,330,1083,0.8441153546375681,0.8961175236096537,854,229,0.8961175236096537,0.693939393939394,0.8441153546375681,175,1050,6.0,0.00857365549493375,0.012470771628994544,0.010132501948558068,0.002338269680436477,0.43687212883032966,0.3095310037573328,0.0,1.0,0.3853046594982079,0.2477543393683697,0.0,1.0,0.5451057600080771,0.2601992456251404,0.0,1.0,0.2504164773587763,0.17724869366412596,0.0,1.0,13,0.17996870109546165,7.747261345852895,14
726,1279,1314,13.082555755290096,90.43002345582487,7,6,4,2,992,0.7762128325508607,286,1109,0.8677621283255086,0.9173387096774194,910,199,0.9173387096774194,0.6958041958041958,0.8677621283255086,175,1062,6.0685714285714285,0.005477308294209703,0.004694835680751174,0.003129890453834116,0.001564945226917058,0.4376655148931877,0.30938731704030237,0.0,1.0,0.38472597039017375,0.24786440245444616,0.0,1.0,0.5449065550203032,0.2605761753585224,0.0,1.0,0.25105298998713715,0.17729968442511734,0.0,1.0,13,0.17982799061767005,7.762314308053167,14
727,1281,1296,13.056915874226137,89.99141295862607,14,12,8,4,934,0.7302580140734949,345,1092,0.8537920250195465,0.892933618843683,834,258,0.892933618843683,0.7478260869565218,0.8537920250195465,177,1051,5.937853107344632,0.0109460516028147,0.009382329945269743,0.006254886630179828,0.003127443315089914,0.4386693863161341,0.31075469400929717,0.0,1.0,0.38384830399637376,0.24701879283043013,0.0,1.0,0.5447860794238373,0.2599260450131605,0.0,1.0,0.24957820251315754,0.17566186395333563,0.0,1.0,13,0.18110850897736144,7.78376268540203,14
728,1285,1285,12.989754485669634,89.34474708171206,13,9,9,0,972,0.7587822014051522,309,1088,0.849336455893833,0.9094650205761317,884,204,0.9094650205761317,0.6601941747572816,0.849336455893833,178,1055,5.926966292134831,0.01014832162373146,0.00702576112412178,0.00702576112412178,0.0,0.4391615413581022,0.3113061066696315,0.0,1.0,0.38375800175724867,0.24667871880779818,0.0,1.0,0.5450985314421991,0.25971863056053923,0.0,1.0,0.24880130538471193,0.17541293478620035,0.0,1.0,13,0.18132295719844357,7.796108949416342,14
729,1283,1279,12.944103621418009,88.54559625876851,12,14,11,3,955,0.7431906614785992,330,1065,0.8287937743190662,0.9047120418848168,864,201,0.9047120418848168,0.6090909090909091,0.8287937743190662,166,1025,6.174698795180723,0.00933852140077821,0.010894941634241245,0.008560311284046693,0.0023346303501945525,0.4396701279762653,0.3116769608198635,0.0,1.0,0.3827470897342418,0.2464803670891652,0.0,1.0,0.5451939758127373,0.2595349902167067,0.0,1.0,0.24838458250571996,0.17543968358859166,0.0,1.0,13,0.17926734216679657,7.823850350740452,14
730,1287,1264,12.985678932734007,88.81895881895882,8,4,3,1,996,0.7763055339049104,287,1101,0.8581449727201871,0.8995983935742972,896,205,0.8995983935742972,0.7142857142857143,0.8581449727201871,179,1065,5.949720670391062,0.006235385814497272,0.003117692907248636,0.002338269680436477,0.000779423226812159,0.4389803744642455,0.3117626475613282,0.0,1.0,0.3826352858610923,0.2461129864987948,0.0,1.0,0.5463318043963206,0.2597582950896131,0.0,1.0,0.24806376419279644,0.17539247562500418,0.0,1.0,13,0.17793317793317792,7.837606837606837,14
731,1295,1252,12.989480456399058,88.95135135135135,12,4,2,2,949,0.7373737373737373,338,1062,0.8251748251748252,0.8893572181243414,844,218,0.8893572181243414,0.6449704142011834,0.8251748251748252,175,1025,5.857142857142857,0.009324009324009324,0.003108003108003108,0.001554001554001554,0.001554001554001554,0.4385353095030514,0.3110508452082778,0.0,1.0,0.3819155561091045,0.24561872930149717,0.0,1.0,0.5464441399925271,0.2598043573067054,0.0,1.0,0.248374641923029,0.17503555970963472,0.0,1.0,13,0.17683397683397684,7.8687258687258685,15
732,1298,1247,13.029039669836502,89.5446841294299,8,5,1,4,987,0.7621621621621621,308,1082,0.8355212355212355,0.8936170212765957,882,200,0.8936170212765957,0.6493506493506493,0.8355212355212355,176,1053,5.982954545454546,0.006177606177606178,0.003861003861003861,0.0007722007722007722,0.003088803088803089,0.43744718922411646,0.31073185504005424,0.0,1.0,0.38192753118942296,0.24530216914064623,0.0,1.0,0.5470450817635071,0.2600416234721228,0.0,1.0,0.24809881206819423,0.17495914401633356,0.0,1.0,13,0.17411402157164868,7.869029275808937,15
733,1301,1241,12.964061867371687,89.28593389700231,11,8,7,1,1001,0.7711864406779662,297,1081,0.8328197226502311,0.8871128871128872,888,193,0.8871128871128872,0.6498316498316499,0.8328197226502311,170,1045,6.147058823529412,0.00847457627118644,0.0061633281972265025,0.00539291217257319,0.0007704160246533128,0.43891795393121913,0.3113829788180047,0.0,1.0,0.3830304232476259,0.24571783526370083,0.0,1.0,0.54729612456919,0.2593668508353184,0.0,1.0,0.24742753713024718,0.17376227060678046,0.0,1.0,13,0.17371252882398155,7.871637202152191,15
734,1305,1234,12.960875906902206,89.31877394636015,10,6,4,2,931,0.7156033820138356,370,1037,0.7970791698693312,0.8754027926960258,815,222,0.8754027926960258,0.6,0.7970791698693312,172,1002,5.825581395348837,0.007686395080707148,0.004611837048424289,0.0030745580322828594,0.0015372790161414297,0.43754789272030653,0.3110418117349449,0.0,1.0,0.382029415399827,0.24594388315854307,0.0,1.0,0.546508466197009,0.25969939122746527,0.0,1.0,0.24703992089976518,0.17379432581419305,0.0,1.0,13,0.1724137931034483,7.891187739463602,15
735,1313,1222,12.879873644976346,88.71591774562071,15,7,6,1,988,0.757088122605364,317,1078,0.8260536398467433,0.8967611336032388,886,192,0.8967611336032388,0.6056782334384858,0.8260536398467433,173,1039,6.005780346820809,0.011494252873563218,0.0053639846743295016,0.004597701149425287,0.0007662835249042146,0.43925509176227795,0.31143599473721595,0.0,1.0,0.3823796771736727,0.24585378864603966,0.0,1.0,0.5449475468638675,0.259053139674203,0.0,1.0,0.24668943321131118,0.17373491448661163,0.0,1.0,13,0.1728865194211729,7.901751713632902,15
736,1312,1223,12.833008185376075,88.78506097560975,9,10,7,3,1011,0.76999238385377,302,1117,0.8507235338918507,0.8951533135509396,905,212,0.8951533135509396,0.7019867549668874,0.8507235338918507,169,1087,6.431952662721893,0.006854531607006854,0.007616146230007616,0.005331302361005331,0.002284843869002285,0.43929484657749807,0.3112151109163051,0.0,1.0,0.3820318646734855,0.2460953279393792,0.0,1.0,0.5449940991345397,0.2594766829542305,0.0,1.0,0.2456726986624705,0.17359256814238902,0.0,1.0,13,0.17073170731707318,7.904725609756097,15
737,1316,1213,12.816219832750793,88.68465045592706,13,9,4,5,952,0.725609756097561,360,1055,0.8041158536585366,0.8728991596638656,831,224,0.8728991596638656,0.6222222222222222,0.8041158536585366,173,1018,5.884393063583815,0.009908536585365854,0.006859756097560976,0.003048780487804878,0.0038109756097560975,0.439994117070301,0.3122541586895695,0.0,1.0,0.38246396705559366,0.24724195962026044,0.0,1.0,0.5434601431512893,0.2591839813599574,0.0,1.0,0.24463182664967154,0.1728338182542954,0.0,1.0,13,0.17325227963525835,7.913373860182371,15
738,1310,1193,12.873676159659064,88.46106870229008,10,16,10,6,987,0.75,329,1096,0.8328267477203647,0.8834853090172239,872,224,0.8834853090172239,0.6808510638297872,0.8328267477203647,180,1056,5.866666666666666,0.007598784194528876,0.0121580547112462,0.007598784194528876,0.004559270516717325,0.43880817532627436,0.3118857328407881,0.0,1.0,0.3818271361733563,0.2465110158741528,0.0,1.0,0.5430928342772716,0.2596260833205743,0.0,1.0,0.2443979315439547,0.1728345080513706,0.0,1.0,13,0.17099236641221374,7.920610687022901,16
739,1314,1177,12.857312629939488,88.38812785388127,11,7,5,2,1011,0.7717557251908397,299,1082,0.8259541984732824,0.8822947576656776,892,190,0.8822947576656776,0.6354515050167224,0.8259541984732824,172,1038,6.034883720930233,0.008396946564885497,0.0053435114503816794,0.003816793893129771,0.0015267175572519084,0.43862620906368144,0.3116323856853251,0.0,1.0,0.3817695291402759,0.24604883433050403,0.0,1.0,0.5453184072273776,0.25924190837524375,0.0,1.0,0.2446850297049148,0.1730137072488056,0.0,1.0,13,0.16971080669710806,7.922374429223744,16
740,1314,1160,12.907248785616455,88.40791476407915,10,10,5,5,992,0.7549467275494672,322,1117,0.850076103500761,0.9022177419354839,895,222,0.9022177419354839,0.6894409937888198,0.850076103500761,183,1083,5.918032786885246,0.0076103500761035,0.0076103500761035,0.00380517503805175,0.00380517503805175,0.437766975990573,0.3115382030144091,0.0,1.0,0.38230961850051554,0.24565085773376324,0.0,1.0,0.5456130014238719,0.2587284665205777,0.0,1.0,0.24500417341778366,0.1739122948972302,0.0,1.0,13,0.1689497716894977,7.921613394216134,16
741,1318,1150,12.898466323513949,88.45902883156297,12,8,4,4,1012,0.7701674277016742,302,1118,0.8508371385083714,0.9140316205533597,925,193,0.9140316205533597,0.6390728476821192,0.8508371385083714,171,1079,6.309941520467836,0.0091324200913242,0.0060882800608828,0.0030441400304414,0.0030441400304414,0.43800479710215867,0.31198954249020106,0.0,1.0,0.3829604973322238,0.24565616836337256,0.0,1.0,0.5452053453424054,0.2585064891274509,0.0,1.0,0.24475011013754955,0.17375467949316836,0.0,1.0,13,0.16843702579666162,7.944613050075873,16
742,1319,1133,12.918564509894754,88.35633055344958,11,10,6,4,969,0.7352048558421851,349,1087,0.8247344461305007,0.8968008255933952,869,218,0.8968008255933952,0.6246418338108882,0.8247344461305007,181,1051,5.806629834254144,0.00834597875569044,0.007587253414264037,0.004552352048558422,0.0030349013657056147,0.4403140208858128,0.31256451901572013,0.0,1.0,0.3834283059013427,0.2467290554674928,0.0,1.0,0.5452322140428966,0.25894098944428395,0.0,1.0,0.244882486732373,0.17401388527813397,0.0,1.0,13,0.1683093252463988,7.959059893858984,16
743,1316,1128,12.901974249573286,88.2758358662614,8,11,8,3,986,0.7475360121304018,333,1087,0.824109173616376,0.8843813387423936,872,215,0.8843813387423936,0.6456456456456456,0.824109173616376,173,1055,6.098265895953757,0.006065200909780136,0.008339651250947688,0.006065200909780136,0.002274450341167551,0.4401657025198549,0.3125781297729594,0.0,1.0,0.38315030885380924,0.24594240978290072,0.0,1.0,0.5461809981370722,0.259369319082021,0.0,1.0,0.24502402196293754,0.17424432703388318,0.0,1.0,13,0.16869300911854104,7.957446808510638,16
744,1313,1122,12.887290588387602,87.97486671744097,8,11,9,2,1010,0.7674772036474165,306,1086,0.8252279635258358,0.897029702970297,906,180,0.897029702970297,0.5882352941176471,0.8252279635258358,173,1053,6.086705202312139,0.0060790273556231,0.008358662613981762,0.006838905775075988,0.001519756838905775,0.43913225069405204,0.31156466833017865,0.0,1.0,0.38282190501928604,0.24584575786301716,0.0,1.0,0.5467901628872565,0.25939969531648105,0.0,1.0,0.2457067046655038,0.1753029209507706,0.0,1.0,13,0.16831683168316833,7.971058644325971,16
745,1312,1110,12.951233908081907,88.32164634146342,7,8,4,4,984,0.7494287890327495,329,1084,0.8255902513328256,0.8882113821138211,874,210,0.8882113821138211,0.6382978723404256,0.8255902513328256,174,1046,6.011494252873563,0.005331302361005331,0.006092916984006093,0.0030464584920030465,0.0030464584920030465,0.4370082612116444,0.3113315317953805,0.0,1.0,0.3831136900078678,0.24563135113215678,0.0,1.0,0.5472315106215578,0.2596108830180396,0.0,1.0,0.24520554681353263,0.17543350193700682,0.0,1.0,13,0.16615853658536586,7.973323170731708,16
746,1318,1088,12.93078566712017,87.75720789074354,17,11,6,5,976,0.7439024390243902,336,1097,0.8361280487804879,0.8934426229508197,872,225,0.8934426229508197,0.6696428571428571,0.8361280487804879,186,1061,5.704301075268817,0.012957317073170731,0.008384146341463415,0.004573170731707317,0.0038109756097560975,0.43832297224533756,0.31163992311488825,0.0,1.0,0.38384159772871895,0.24465500256956071,0.0,1.0,0.5477752214988497,0.2591277929576955,0.0,1.0,0.24553331048998972,0.17532349514378823,0.0,1.0,13,0.1646433990895296,7.9878603945371776,16
747,1320,1067,12.948096107353914,87.50378787878788,11,9,7,2,1010,0.7663125948406677,308,1112,0.8437025796661608,0.900990099009901,910,202,0.900990099009901,0.6558441558441559,0.8437025796661608,175,1066,6.091428571428572,0.00834597875569044,0.006828528072837633,0.005311077389984826,0.0015174506828528073,0.43839198435972626,0.3115606330079465,0.0,1.0,0.38391984359726294,0.24437221397418937,0.0,1.0,0.5473118279569893,0.2588035199181608,0.0,1.0,0.2449902248289345,0.1740644385915553,0.0,1.0,13,0.1643939393939394,8.004545454545454,16
748,1318,1051,12.941100543965609,87.07966616084977,9,11,10,1,1015,0.7689393939393939,305,1093,0.828030303030303,0.8955665024630541,909,184,0.8955665024630541,0.6032786885245902,0.828030303030303,176,1053,5.982954545454546,0.006818181818181818,0.008333333333333333,0.007575757575757576,0.0007575757575757576,0.43641392138626467,0.3115982629749333,0.0,1.0,0.3819814968916736,0.244577991513327,0.0,1.0,0.546943071124382,0.2591549586523242,0.0,1.0,0.2450927602917421,0.17452861095820726,0.0,1.0,13,0.1638846737481032,8.025037936267072,16
749,1321,1048,12.944428947645356,87.35503406510219,8,5,3,2,993,0.7534142640364189,325,1099,0.8338391502276176,0.8912386706948641,885,214,0.8912386706948641,0.6584615384615384,0.8338391502276176,172,1068,6.209302325581396,0.006069802731411229,0.0037936267071320183,0.002276176024279211,0.0015174506828528073,0.43837757319723575,0.3123018922765546,0.0,1.0,0.3826280188517985,0.24500169074769618,0.0,1.0,0.5456765402554272,0.259048077105882,0.0,1.0,0.24478034724426756,0.17385771930312885,0.0,1.0,13,0.16502649507948525,8.032551097653293,16
750,1320,1031,12.911484657673475,86.79924242424242,13,14,10,4,961,0.7274791824375473,360,1102,0.834216502649508,0.882414151925078,848,254,0.882414151925078,0.7055555555555556,0.834216502649508,177,1062,6.0,0.00984102952308857,0.010598031794095382,0.00757002271006813,0.003028009084027252,0.4374389051808406,0.31299687142987304,0.0,1.0,0.38399315738025414,0.24582212259290168,0.0,1.0,0.5447214076246334,0.25862133620876554,0.0,1.0,0.24420821114369504,0.17366381502853112,0.0,1.0,13,0.16590909090909092,8.040151515151516,16
751,1325,1016,12.902575778392043,86.72830188679245,11,6,5,1,981,0.7431818181818182,339,1101,0.8340909090909091,0.9021406727828746,885,216,0.9021406727828746,0.6371681415929203,0.8340909090909091,179,1065,5.949720670391062,0.008333333333333333,0.004545454545454545,0.003787878787878788,0.0007575757575757576,0.43919659160073043,0.31354815931053237,0.0,1.0,0.3842239805234327,0.2462280843991184,0.0,1.0,0.5451004260499087,0.25916570485086016,0.0,1.0,0.24401704199634813,0.17336366602473235,0.0,1.0,13,0.16528301886792454,8.064150943396227,16
752,1331,1005,12.902274349314224,87.12246431254695,10,4,1,3,1025,0.7735849056603774,300,1081,0.8158490566037736,0.8887804878048781,911,170,0.8887804878048781,0.5666666666666667,0.8158490566037736,180,1050,5.833333333333333,0.007547169811320755,0.0030188679245283017,0.0007547169811320754,0.0022641509433962265,0.44102178812922616,0.3142094065714369,0.0,1.0,0.38399457114466445,0.24637824832269328,0.0,1.0,0.5445578148857274,0.2592783734959327,0.0,1.0,0.24378953491190228,0.17268889299888077,0.0,1.0,13,0.16679188580015025,8.064613072877536,16
753,1330,999,12.90973769658784,87.0624060150376,9,10,7,3,982,0.7377911344853494,349,1087,0.816679188580015,0.8808553971486762,865,222,0.8808553971486762,0.6361031518624641,0.816679188580015,175,1056,6.034285714285715,0.0067618332081141996,0.007513148009015778,0.005259203606311044,0.002253944402704733,0.4416201794809605,0.3142862496068034,0.0,1.0,0.3847683725442639,0.24621578794275228,0.0,1.0,0.5438030560271647,0.2588306329221855,0.0,1.0,0.2441668687848654,0.17228619546051008,0.0,1.0,13,0.16842105263157894,8.06842105263158,16
754,1327,993,12.980843503696512,87.7226827430294,6,9,3,6,1003,0.7541353383458647,327,1068,0.8030075187969925,0.8813559322033898,884,184,0.8813559322033898,0.5626911314984709,0.8030075187969925,179,1041,5.815642458100559,0.004511278195488722,0.006766917293233083,0.002255639097744361,0.004511278195488722,0.441062790188881,0.3136999341696104,0.0,1.0,0.38578408731798625,0.2461512952868191,0.0,1.0,0.5446191992610059,0.2586668215790062,0.03225806451612903,1.0,0.2442569949194156,0.17253251947269102,0.0,1.0,13,0.1680482290881688,8.06103993971364,16
755,1330,986,12.983351291449548,88.02706766917294,8,5,3,2,1011,0.7618688771665411,316,1117,0.841748304446119,0.8961424332344213,906,211,0.8961424332344213,0.6677215189873418,0.841748304446119,178,1088,6.112359550561798,0.006028636021100226,0.0037678975131876413,0.002260738507912585,0.0015071590052750565,0.4415231627455736,0.3134730337509729,0.0,1.0,0.38581130244967254,0.2458593403669092,0.0,1.0,0.5456706281833617,0.2593174900391316,0.03225806451612903,1.0,0.24428813970409893,0.1724434537677027,0.0,1.0,13,0.16766917293233083,8.069172932330828,16
756,1345,977,12.812461287459488,87.38438661710038,19,4,4,0,1010,0.7593984962406015,320,1100,0.8270676691729323,0.899009900990099,908,192,0.899009900990099,0.6,0.8270676691729323,174,1065,6.120689655172414,0.014285714285714285,0.0030075187969924814,0.0030075187969924814,0.0,0.4432905624175561,0.31401688934683714,0.0,1.0,0.3869049046648279,0.24504884479620576,0.0,1.0,0.5433265379541912,0.25875297734406505,0.03225806451612903,1.0,0.2445856817364192,0.1721540358384032,0.0,1.0,13,0.1724907063197026,8.0817843866171,16
757,1343,965,12.843921521105495,87.51526433358153,8,10,5,5,999,0.7427509293680298,346,1093,0.812639405204461,0.8758758758758759,875,218,0.8758758758758759,0.630057803468208,0.812639405204461,167,1048,6.275449101796407,0.005947955390334572,0.007434944237918215,0.0037174721189591076,0.0037174721189591076,0.4441668868445704,0.31430851593021913,0.0,1.0,0.3876972593855835,0.24467228362695317,0.0,1.0,0.5441116422069032,0.25915271496768866,0.03225806451612903,1.0,0.24382100737395815,0.17138483453964615,0.0,1.0,13,0.1727475800446761,8.091586001489203,16
758,1346,957,12.76278608047885,87.11515601783061,12,9,7,2,1029,0.7661950856291884,314,1099,0.8183172002978406,0.8707482993197279,896,203,0.8707482993197279,0.6464968152866242,0.8183172002978406,178,1069,6.00561797752809,0.008935219657483246,0.006701414743112435,0.0052122114668652275,0.0014892032762472078,0.4443512438287878,0.3143325413981753,0.0,1.0,0.3880554090974453,0.2449275925529597,0.0,1.0,0.5444806595408139,0.2587276099234206,0.03225806451612903,1.0,0.24356516320759236,0.17128380977824814,0.0,1.0,13,0.1723625557206538,8.093610698365527,16
759,1346,953,12.722661005125293,86.92719167904903,13,13,8,5,1007,0.7481426448736999,339,1121,0.8328380386329867,0.8828202581926514,889,232,0.8828202581926514,0.6843657817109144,0.8328380386329867,173,1090,6.300578034682081,0.009658246656760773,0.009658246656760773,0.005943536404160475,0.003714710252600297,0.4444471073191775,0.3136551968281276,0.0,1.0,0.3886785217849782,0.2448738525934583,0.0,1.0,0.5441691031970475,0.2589840461013051,0.03225806451612903,1.0,0.24363706082538467,0.17154018930415366,0.0,1.0,13,0.17161961367013373,8.096582466567607,16
760,1342,941,12.77330560040253,87.19448584202682,7,11,6,5,1004,0.7459138187221397,342,1107,0.8224368499257058,0.8804780876494024,884,223,0.8804780876494024,0.652046783625731,0.8224368499257058,178,1073,6.02808988764045,0.005200594353640416,0.008172362555720654,0.004457652303120356,0.003714710252600297,0.4439209653382049,0.31364195439392517,0.0,1.0,0.38938031825393005,0.24417624085434972,0.0,1.0,0.5447574635834815,0.2588355772221994,0.03225806451612903,1.0,0.24397865487236192,0.1716858478243124,0.0,1.0,13,0.1721311475409836,8.099850968703429,16
761,1346,934,12.751859964605826,87.31723625557207,8,4,4,0,1028,0.7660208643815202,314,1089,0.8114754098360656,0.8832684824902723,908,181,0.8832684824902723,0.5764331210191083,0.8114754098360656,176,1058,6.011363636363637,0.005961251862891207,0.0029806259314456036,0.0029806259314456036,0.0,0.44540574222307433,0.3136238708846106,0.0,1.0,0.38985284954225186,0.24449219390797794,0.0,1.0,0.5451037722283468,0.25877212058569415,0.03225806451612903,1.0,0.24428413938551502,0.1714333679616533,0.0,1.0,13,0.17310549777117384,8.112184249628529,17
762,1347,935,12.705484818053664,87.6310319227914,8,7,4,3,1034,0.7682020802377415,312,1097,0.8150074294205052,0.8752417794970987,905,192,0.8752417794970987,0.6153846153846154,0.8150074294205052,177,1075,6.073446327683616,0.005943536404160475,0.005200594353640416,0.0029717682020802376,0.002228826151560178,0.4446200637018943,0.3135487517586039,0.0,1.0,0.391120051727854,0.24460659050169004,0.0,1.0,0.5453217424623417,0.2588593214001952,0.03225806451612903,1.0,0.2441267332423306,0.17141742985369118,0.0,1.0,13,0.17297698589458055,8.11804008908686,17
763,1343,935,12.70289460396262,87.79970215934475,7,11,6,5,1010,0.7498144023756496,337,1071,0.7951002227171492,0.8613861386138614,870,201,0.8613861386138614,0.5964391691394659,0.7951002227171492,174,1045,6.005747126436781,0.005196733481811433,0.008166295471417966,0.004454342984409799,0.003711952487008166,0.4426776835683232,0.3137046075815213,0.0,1.0,0.39168448106069703,0.24460149866782893,0.0,1.0,0.5458410395599644,0.25922031434210885,0.03225806451612903,1.0,0.24384502678163958,0.1713393532230176,0.0,1.0,13,0.1712583767684289,8.118391660461652,17
764,1345,925,12.707877115901344,87.99182156133828,11,9,4,5,978,0.7282204020848846,365,1066,0.7937453462397617,0.8721881390593047,853,213,0.8721881390593047,0.5835616438356165,0.7937453462397617,181,1037,5.7292817679558015,0.008190618019359643,0.006701414743112435,0.0029784065524944155,0.0037230081906180195,0.4417076388056122,0.3131468410007363,0.0,1.0,0.39115001798776833,0.24448275692253438,0.0,1.0,0.5454131190790263,0.258619393915472,0.03225806451612903,1.0,0.24446576328096895,0.1712275745872205,0.0,1.0,13,0.17100371747211895,8.132342007434945,17
765,1348,914,12.701613945560503,88.06157270029674,10,7,4,3,1009,0.7501858736059479,336,1093,0.812639405204461,0.8751238850346879,883,210,0.8751238850346879,0.625,0.812639405204461,179,1061,5.927374301675978,0.007434944237918215,0.0052044609665427505,0.002973977695167286,0.0022304832713754648,0.4416339619029387,0.3125856576768836,0.0,1.0,0.39080597300660475,0.24424123381357557,0.0,1.0,0.543864267253757,0.2579665339108472,0.03225806451612903,1.0,0.2450464248109505,0.1717361713905596,0.0,1.0,13,0.17062314540059348,8.140949554896142,17
766,1352,914,12.630241328032172,88.23890532544378,14,10,2,8,1035,0.7678041543026706,313,1084,0.8041543026706232,0.8695652173913043,900,184,0.8695652173913043,0.5878594249201278,0.8041543026706232,176,1060,6.0227272727272725,0.010385756676557863,0.00741839762611276,0.001483679525222552,0.005934718100890208,0.43977858369917927,0.311760254370956,0.0,1.0,0.3915823630463829,0.24387442480364144,0.0,1.0,0.5451183431952663,0.25780658159162506,0.03225806451612903,1.0,0.2443691544187822,0.1711536207099836,0.0,1.0,13,0.16789940828402367,8.143491124260356,17
767,1354,893,12.64905859223366,88.20236336779911,11,9,5,4,1005,0.7433431952662722,347,1083,0.8010355029585798,0.8736318407960199,878,205,0.8736318407960199,0.590778097982709,0.8010355029585798,184,1046,5.684782608695652,0.008136094674556213,0.006656804733727811,0.0036982248520710057,0.0029585798816568047,0.43936722733120503,0.31172578294882075,0.0,1.0,0.3931957878686806,0.24373482858895493,0.0,1.0,0.5458378996521656,0.25819632645544105,0.03225806451612903,1.0,0.24438938390432172,0.1710773988812405,0.0,1.0,13,0.16617429837518463,8.15805022156573,17
768,1354,886,12.65623890430131,88.44756277695717,9,9,4,5,1003,0.7407680945347119,351,1119,0.8264401772525849,0.8953140578265204,898,221,0.8953140578265204,0.6296296296296297,0.8264401772525849,175,1087,6.211428571428572,0.0066469719350073855,0.0066469719350073855,0.0029542097488921715,0.003692762186115214,0.4389145661600038,0.3121449966145682,0.0,1.0,0.39364844903988183,0.24354801154380887,0.0,1.0,0.5455520083861438,0.25843730721376884,0.03225806451612903,1.0,0.24469909944251203,0.1710861526008737,0.0,1.0,13,0.16691285081240767,8.159527326440177,17
769,1350,884,12.67840139088897,88.70296296296296,8,12,6,6,1013,0.7481536189069424,341,1090,0.8050221565731167,0.8726554787759131,884,206,0.8726554787759131,0.6041055718475073,0.8050221565731167,174,1062,6.103448275862069,0.005908419497784343,0.008862629246676515,0.004431314623338257,0.004431314623338257,0.436989247311828,0.3120139848021944,0.0,1.0,0.3939307048984468,0.24390265224749272,0.0,1.0,0.5440621266427718,0.25827758914689164,0.03225806451612903,1.0,0.24482676224611707,0.17139810763195393,0.0,1.0,13,0.16592592592592592,8.156296296296297,17
770,1346,885,12.727239523261211,89.29049034175334,8,12,3,9,981,0.7266666666666667,369,1102,0.8162962962962963,0.8899082568807339,873,229,0.8899082568807339,0.6205962059620597,0.8162962962962963,170,1073,6.311764705882353,0.005925925925925926,0.008888888888888889,0.0022222222222222222,0.006666666666666667,0.43574749556631354,0.3119496483268344,0.0,1.0,0.3956765565834252,0.243867854655132,0.0,1.0,0.5454632603173081,0.2580479522594297,0.03225806451612903,1.0,0.24536260365239898,0.17233728173504087,0.0,1.0,13,0.16419019316493313,8.145616641901931,17
771,1348,879,12.671757082731771,89.16320474777449,11,9,6,3,1016,0.7548291233283804,330,1112,0.826151560178306,0.8868110236220472,901,211,0.8868110236220472,0.6393939393939394,0.826151560178306,180,1086,6.033333333333333,0.008172362555720654,0.006686478454680535,0.004457652303120356,0.002228826151560178,0.4353163587632813,0.31122811447065024,0.0,1.0,0.3946108930793529,0.24452185956009306,0.0,1.0,0.5454436680386714,0.25874529817432423,0.03225806451612903,1.0,0.2442806547334163,0.17212995512199644,0.0,1.0,13,0.16543026706231453,8.158753709198812,17
772,1348,885,12.645682836172242,89.23442136498517,8,8,5,3,974,0.7225519287833828,374,1063,0.7885756676557863,0.8675564681724846,845,218,0.8675564681724846,0.5828877005347594,0.7885756676557863,177,1046,5.909604519774011,0.005934718100890208,0.005934718100890208,0.00370919881305638,0.002225519287833828,0.4350770556140519,0.3113965099450645,0.0,1.0,0.3955681056762707,0.24418727396175258,0.0,1.0,0.5457308318177467,0.2585782967560449,0.03225806451612903,1.0,0.24473533071695222,0.17212315978482853,0.0,1.0,13,0.163946587537092,8.160237388724036,17
773,1345,885,12.61836938886627,89.42527881040893,6,9,7,2,1068,0.7922848664688428,280,1111,0.8241839762611276,0.8820224719101124,942,169,0.8820224719101124,0.6035714285714285,0.8241839762611276,179,1090,6.089385474860335,0.004451038575667656,0.0066765578635014835,0.0051928783382789315,0.001483679525222552,0.4334332653795419,0.31143326284536466,0.0,1.0,0.3954670823839789,0.24441103325628338,0.0,1.0,0.546540352560259,0.25845184959922046,0.03225806451612903,1.0,0.2450173881760403,0.17232203437599916,0.0,1.0,13,0.16356877323420074,8.160594795539033,17
774,1350,886,12.592918776261227,89.60148148148149,10,5,3,2,966,0.7182156133828996,379,1114,0.8282527881040892,0.8902691511387164,860,254,0.8902691511387164,0.6701846965699209,0.8282527881040892,174,1089,6.258620689655173,0.007434944237918215,0.0037174721189591076,0.0022304832713754648,0.001486988847583643,0.4336678614097969,0.31155991629256374,0.0,1.0,0.3966547192353644,0.24448987082741055,0.0,1.0,0.5457347670250896,0.2589082285154854,0.03225806451612903,1.0,0.24504181600955796,0.17235406799796976,0.0,1.0,13,0.16296296296296298,8.164444444444445,17
775,1349,895,12.613599650821282,90.32097850259451,4,5,1,4,977,0.7237037037037037,373,1074,0.7955555555555556,0.8567041965199591,837,237,0.8567041965199591,0.6353887399463807,0.7955555555555556,173,1056,6.104046242774566,0.002962962962962963,0.003703703703703704,0.0007407407407407407,0.002962962962962963,0.4328654439369665,0.31167678403680893,0.0,1.0,0.39675745474545066,0.24465856302132855,0.0,1.0,0.5451828116406419,0.25919294852531466,0.03225806451612903,1.0,0.24460173605299024,0.17159064443184854,0.0,1.0,13,0.16308376575240918,8.163825055596739,17
776,1346,900,12.569169781010668,90.2147102526003,9,12,9,3,1011,0.7494440326167532,338,1092,0.809488510007413,0.8852621167161226,895,197,0.8852621167161226,0.5828402366863905,0.809488510007413,180,1077,5.983333333333333,0.006671608598962194,0.008895478131949592,0.006671608598962194,0.002223869532987398,0.43152950198916745,0.31099139838827117,0.0,1.0,0.3942625701001773,0.24475672198965553,0.0,1.0,0.5441930690696448,0.2597281482165252,0.03225806451612903,1.0,0.24481138858265827,0.17174523039618997,0.0,1.0,13,0.16196136701337296,8.179791976225854,17
777,1345,903,12.584136978157911,90.61933085501859,6,7,3,4,1004,0.7459138187221397,342,1091,0.8105497771173849,0.8824701195219123,886,205,0.8824701195219123,0.5994152046783626,0.8105497771173849,171,1065,6.228070175438597,0.004457652303120356,0.005200594353640416,0.002228826151560178,0.0029717682020802376,0.4306751409041851,0.31123141261164616,0.0,1.0,0.3937162729344046,0.24452325690789375,0.0,1.0,0.5438062117759923,0.2596871230046329,0.03225806451612903,1.0,0.2445856817364192,0.17179863968505796,0.0,1.0,13,0.15985130111524162,8.182156133828997,17
778,1346,891,12.642362531570368,90.9517087667162,7,6,3,3,1003,0.745724907063197,342,1140,0.8475836431226765,0.9082751744765702,911,229,0.9082751744765702,0.6695906432748538,0.8475836431226765,181,1109,6.12707182320442,0.0052044609665427505,0.0044609665427509295,0.0022304832713754648,0.0022304832713754648,0.4292767099650098,0.31089989060879736,0.0,1.0,0.39457412644394385,0.24475845734534185,0.0,1.0,0.5443128984326319,0.2599368416223479,0.03225806451612903,1.0,0.24521880841681445,0.17203027878270158,0.0,1.0,13,0.1575037147102526,8.177563150074294,17
779,1346,896,12.633118969510992,91.44873699851412,6,6,3,3,1019,0.7570579494799405,327,1112,0.826151560178306,0.8920510304219823,909,203,0.8920510304219823,0.6207951070336392,0.826151560178306,177,1094,6.1807909604519775,0.004457652303120356,0.004457652303120356,0.002228826151560178,0.002228826151560178,0.429228778219815,0.3111847617667202,0.0,1.0,0.395269136749269,0.24492096188514476,0.0,1.0,0.5440253079614629,0.2603927691950284,0.0,1.0,0.2450510473086325,0.1720873165766137,0.0,1.0,13,0.15676077265973254,8.170876671619613,17
780,1339,894,12.645537667406893,91.51829723674383,4,11,9,2,991,0.736255572065379,355,1109,0.8239227340267459,0.8950554994954592,887,222,0.8950554994954592,0.6253521126760564,0.8239227340267459,178,1085,6.095505617977528,0.0029717682020802376,0.008172362555720654,0.006686478454680535,0.0014858841010401188,0.4281240212965863,0.31121544504197696,0.0,1.0,0.3958900479414103,0.24495970407287074,0.0,1.0,0.5441711436074105,0.2601043960720438,0.0,1.0,0.24459755715627934,0.1716054707333082,0.0,1.0,13,0.15758028379387604,8.179238237490665,17
781,1337,896,12.638108452057535,91.76140613313389,7,9,5,4,1038,0.7752053771471247,301,1113,0.8312173263629574,0.8998073217726397,934,179,0.8998073217726397,0.5946843853820598,0.8312173263629574,172,1087,6.319767441860465,0.005227781926811053,0.006721433905899925,0.0037341299477221808,0.002987303958177745,0.42951238931647645,0.310714301329282,0.0,1.0,0.3969165440200738,0.2442325131966635,0.0,1.0,0.5446956353897748,0.26042645352034777,0.0,1.0,0.24455328491808814,0.17190095480400577,0.0,1.0,13,0.15856394913986538,8.166791323859387,17
782,1327,900,12.679688900700413,91.71740768651092,8,18,9,9,970,0.7255048616305161,367,1114,0.8332086761406133,0.8824742268041237,856,258,0.8824742268041237,0.7029972752043597,0.8332086761406133,172,1090,6.337209302325581,0.005983545250560957,0.013462976813762155,0.006731488406881077,0.006731488406881077,0.4278873034008313,0.31076667244822753,0.0,1.0,0.3987164839438948,0.24537917363569225,0.0,1.0,0.5432092763205874,0.2606718728400887,0.0,1.0,0.2456912268760483,0.1730292209445989,0.0,1.0,13,0.15825169555388094,8.157498116051244,17
783,1318,901,12.733804789115666,91.96054628224583,4,13,8,5,967,0.7287113790504898,360,1086,0.8183873398643556,0.8800413650465356,851,235,0.8800413650465356,0.6527777777777778,0.8183873398643556,175,1062,6.0685714285714285,0.003014318010550113,0.009796533534287867,0.006028636021100226,0.0037678975131876413,0.4286553428949043,0.3107381751038325,0.0,1.0,0.3985755543589995,0.2455191854748205,0.0,1.0,0.5435899946154976,0.26044422155006536,0.0,1.0,0.24602281071026483,0.17321055039367325,0.0,1.0,13,0.15857359635811835,8.157814871016692,17
784,1315,899,12.73856998237027,91.90722433460076,9,12,6,6,981,0.7443095599393019,337,1099,0.8338391502276176,0.8888888888888888,872,227,0.8888888888888888,0.6735905044510386,0.8338391502276176,170,1067,6.276470588235294,0.006828528072837633,0.009104704097116844,0.004552352048558422,0.004552352048558422,0.4260026983932295,0.3105943732287418,0.0,1.0,0.3984300257573899,0.24554716218055928,0.0,1.0,0.5456396418496259,0.26072840234981104,0.0,1.0,0.24530847540782533,0.17261224607788586,0.0,1.0,13,0.1596958174904943,8.166539923954373,17
785,1315,897,12.755309069968702,91.9893536121673,9,9,4,5,967,0.7353612167300381,348,1084,0.8243346007604563,0.905894519131334,876,208,0.905894519131334,0.5977011494252874,0.8243346007604563,174,1056,6.068965517241379,0.006844106463878327,0.006844106463878327,0.003041825095057034,0.0038022813688212928,0.4248252177112719,0.3096733094778717,0.0,1.0,0.39798847050165587,0.24538017350349411,0.0,1.0,0.5464246289709309,0.2613024106784766,0.0,1.0,0.2457745615111002,0.17329340433190282,0.0,1.0,13,0.15893536121673005,8.163498098859316,17
786,1315,890,12.779413938573857,92.05247148288973,11,11,5,6,945,0.7186311787072244,370,1083,0.823574144486692,0.9068783068783068,857,226,0.9068783068783068,0.6108108108108108,0.823574144486692,175,1051,6.005714285714285,0.008365019011406844,0.008365019011406844,0.0038022813688212928,0.0045627376425855515,0.42519318042438364,0.3093482815815085,0.0,1.0,0.3981847172819821,0.24525848380587809,0.0,1.0,0.5462038513430639,0.2616381057575724,0.0,1.0,0.24658407947994604,0.17355649354344144,0.0,1.0,13,0.16045627376425856,8.176425855513308,17
787,1315,881,12.812100655472841,92.28365019011407,7,7,4,3,996,0.7574144486692015,319,1117,0.8494296577946768,0.9166666666666666,913,204,0.9166666666666666,0.6394984326018809,0.8494296577946768,177,1085,6.129943502824859,0.00532319391634981,0.00532319391634981,0.003041825095057034,0.0022813688212927757,0.42404023058996687,0.3088443681376305,0.0,1.0,0.39879798847050163,0.24628772533252116,0.0,1.0,0.5456887035447076,0.26164388554415047,0.0,1.0,0.24624064761437509,0.17383868837771874,0.0,1.0,13,0.1596958174904943,8.172623574144486,17
788,1315,880,12.841190834545525,92.6022813688213,7,7,4,3,946,0.7193916349809886,369,1087,0.8266159695817491,0.9069767441860465,858,229,0.9069767441860465,0.6205962059620597,0.8266159695817491,171,1057,6.181286549707602,0.00532319391634981,0.00532319391634981,0.003041825095057034,0.0022813688212927757,0.42418741567521157,0.30933365288910447,0.0,1.0,0.3981356555869005,0.24646764028007492,0.0,1.0,0.5440696676070158,0.26165242274303513,0.0,1.0,0.24584815405372257,0.17290317958749427,0.0,1.0,13,0.15817490494296577,8.17490494296578,17
789,1316,879,12.78451862189529,92.52887537993921,14,13,5,8,999,0.7596958174904943,316,1099,0.8357414448669201,0.9059059059059059,905,194,0.9059059059059059,0.6139240506329114,0.8357414448669201,177,1075,6.073446327683616,0.01064638783269962,0.00988593155893536,0.0038022813688212928,0.006083650190114068,0.42202666928130206,0.3094978816336079,0.0,1.0,0.39847043827826256,0.24699965287176254,0.0,1.0,0.5448818511618786,0.26255930549372564,0.0,1.0,0.24472987547798802,0.17354905735412832,0.0,1.0,13,0.15653495440729484,8.183890577507599,17
790,1315,880,12.768607296086584,92.63269961977187,8,9,6,3,982,0.7462006079027356,334,1083,0.8229483282674772,0.9134419551934827,897,186,0.9134419551934827,0.5568862275449101,0.8229483282674772,177,1061,5.994350282485875,0.0060790273556231,0.006838905775075988,0.004559270516717325,0.0022796352583586625,0.420532319391635,0.3082378021155215,0.0,1.0,0.39786581626395195,0.24709361992028214,0.0,1.0,0.5448791855758617,0.26273440829804867,0.0,1.0,0.2455047221881516,0.17404641689284267,0.0,1.0,13,0.15665399239543726,8.180988593155893,17
791,1313,878,12.76141585476146,92.64737242955064,6,8,7,1,1032,0.7847908745247149,283,1125,0.8555133079847909,0.9089147286821705,938,187,0.9089147286821705,0.6607773851590106,0.8555133079847909,176,1099,6.244318181818182,0.0045627376425855515,0.006083650190114068,0.00532319391634981,0.0007604562737642585,0.42156597793774414,0.30835115996919793,0.0,1.0,0.3977102424882687,0.24736732807030393,0.0,1.0,0.5453897747094809,0.26270105813071326,0.0,1.0,0.2452890450335356,0.17411841579435197,0.0,1.0,13,0.1568926123381569,8.177456207159178,17
792,1308,884,12.781730048749667,93.00611620795107,5,10,6,4,952,0.725057121096725,361,1061,0.8080731150038081,0.8970588235294118,854,207,0.8970588235294118,0.5734072022160664,0.8080731150038081,175,1042,5.954285714285715,0.003808073115003808,0.007616146230007616,0.00456968773800457,0.0030464584920030465,0.42071125579560026,0.3083043521107516,0.0,1.0,0.39713426062937757,0.24804581555520325,0.0,1.0,0.5443425076452599,0.2626349939429173,0.0,1.0,0.24526487126368748,0.17404228219695833,0.0,1.0,13,0.15749235474006115,8.188073394495413,17
793,1310,881,12.81849042031236,93.3763358778626,7,5,2,3,958,0.7324159021406728,350,1095,0.8371559633027523,0.9081419624217119,870,225,0.9081419624217119,0.6428571428571429,0.8371559633027523,182,1074,5.9010989010989015,0.005351681957186544,0.00382262996941896,0.0015290519877675841,0.0022935779816513763,0.42004432405811376,0.308198730935947,0.0,1.0,0.3983501600590988,0.2490731933431156,0.0,1.0,0.543757695148978,0.2633191635090114,0.0,1.0,0.24506279241566115,0.1741926085190372,0.0,1.0,13,0.15572519083969466,8.193129770992366,17
794,1310,884,12.79137200743233,93.40687022900764,11,11,5,6,985,0.7519083969465649,325,1094,0.8351145038167939,0.8974619289340101,884,210,0.8974619289340101,0.6461538461538462,0.8351145038167939,177,1074,6.067796610169491,0.008396946564885497,0.008396946564885497,0.003816793893129771,0.004580152671755725,0.4172617581876385,0.3077139138415792,0.0,1.0,0.3978576705245014,0.24878224857445316,0.0,1.0,0.5428712139867028,0.26331415262237606,0.0,1.0,0.24570302881063777,0.17527102654706306,0.0,1.0,13,0.1549618320610687,8.199236641221374,17
795,1309,890,12.81675662913037,93.89763177998472,6,7,3,4,983,0.750381679389313,327,1082,0.8259541984732824,0.8850457782299085,870,212,0.8850457782299085,0.6483180428134556,0.8259541984732824,167,1055,6.317365269461078,0.004580152671755725,0.0053435114503816794,0.0022900763358778627,0.0030534351145038168,0.41583084846841967,0.30719536329828623,0.0,1.0,0.3967815865349072,0.2484645349279298,0.0,1.0,0.541955198501688,0.2628698222182649,0.0,1.0,0.24606323467803545,0.1753383841224895,0.0,1.0,13,0.15660809778456838,8.195569136745608,17
796,1303,897,12.868030243760499,94.4336147352264,3,9,4,5,960,0.7333842627960275,349,1086,0.8296409472880061,0.9020833333333333,866,220,0.9020833333333333,0.6303724928366762,0.8296409472880061,175,1068,6.102857142857143,0.002291825821237586,0.006875477463712758,0.0030557677616501145,0.0038197097020626434,0.4162602431114302,0.30784169068962586,0.0,1.0,0.39665288540093585,0.24897282250760788,0.0,1.0,0.541232391751046,0.26294329453504905,0.0,1.0,0.24566137697125742,0.1751556872385098,0.0,1.0,13,0.15809669992325404,8.198772064466615,17
797,1304,899,12.813131120122396,94.43098159509202,8,7,7,0,989,0.7590176515732924,314,1079,0.8280890253261703,0.9130434782608695,903,176,0.9130434782608695,0.5605095541401274,0.8280890253261703,169,1050,6.21301775147929,0.0061396776669224865,0.005372217958557176,0.005372217958557176,0.0,0.4155204828814566,0.30808849649165854,0.0,1.0,0.39699188600831187,0.24819609364125161,0.0,1.0,0.5424747674648723,0.26296431275700827,0.0,1.0,0.24586879081733626,0.17521208681665457,0.0,1.0,13,0.1579754601226994,8.203220858895705,17
798,1304,891,12.756726390346666,93.85812883435582,13,13,10,3,980,0.7515337423312883,324,1103,0.8458588957055214,0.9173469387755102,899,204,0.9173469387755102,0.6296296296296297,0.8458588957055214,176,1071,6.0852272727272725,0.009969325153374233,0.009969325153374233,0.007668711656441718,0.0023006134969325155,0.4142835939046111,0.3079566252852273,0.0,1.0,0.3971897882446071,0.24822349012031691,0.0,1.0,0.5431426875123689,0.26318625841562737,0.0,1.0,0.24653671086483278,0.17558255543003418,0.0,1.0,13,0.15644171779141106,8.203220858895705,17
799,1297,894,12.748048403210229,93.64996144949885,5,12,11,1,973,0.7461656441717791,331,1110,0.8512269938650306,0.8982528263103803,874,236,0.8982528263103803,0.7129909365558912,0.8512269938650306,175,1088,6.217142857142857,0.003834355828220859,0.009202453987730062,0.00843558282208589,0.0007668711656441718,0.41462929340662075,0.30797142879531403,0.0,1.0,0.39751784515134186,0.24886228260055235,0.0,1.0,0.5415474917302957,0.2634865350553456,0.0,1.0,0.2464247519088716,0.17575850007117874,0.0,1.0,13,0.15574402467232074,8.212798766383964,17
800,1300,896,12.716287701235808,93.74384615384615,9,6,4,2,991,0.764070932922128,306,1123,0.8658442559753277,0.9202825428859738,912,211,0.9202825428859738,0.6895424836601307,0.8658442559753277,182,1107,6.082417582417582,0.006939090208172706,0.004626060138781804,0.0030840400925212026,0.0015420200462606013,0.4154590570719603,0.3080655414618838,0.0,1.0,0.3975434243176178,0.24855084797449548,0.0,1.0,0.5408436724565757,0.2634835968986533,0.0,1.0,0.24674937965260543,0.1756852980930287,0.0,1.0,13,0.15615384615384614,8.22,17
801,1299,901,12.690709048647314,93.90762124711317,6,7,5,2,1026,0.7892307692307692,274,1093,0.8407692307692308,0.9113060428849903,935,158,0.9113060428849903,0.5766423357664233,0.8407692307692308,178,1076,6.044943820224719,0.004615384615384616,0.005384615384615384,0.0038461538461538464,0.0015384615384615385,0.4135935831532941,0.3070206947361814,0.0,1.0,0.39705480642677987,0.24844111347760958,0.0,1.0,0.5408875313516601,0.2638141636864001,0.0,1.0,0.24701383197993493,0.17617743497217073,0.0,1.0,13,0.15704387990762125,8.231716705157814,17
802,1298,899,12.726300423701943,94.15639445300462,7,8,5,3,942,0.7251732101616628,357,1078,0.829869130100077,0.8842887473460722,833,245,0.8842887473460722,0.6862745098039216,0.829869130100077,174,1050,6.0344827586206895,0.005388760585065435,0.006158583525789068,0.003849114703618168,0.0023094688221709007,0.4149063074705502,0.3068069429093469,0.0,1.0,0.3967642526964561,0.24776339649887547,0.0,1.0,0.5411054227347284,0.26337005509569184,0.0,1.0,0.24658283214871515,0.17574650973535208,0.0,1.0,13,0.15947611710323575,8.231124807395993,17
803,1299,897,12.71650222049574,94.06928406466513,10,9,6,3,945,0.7280431432973806,353,1109,0.8543913713405239,0.9153439153439153,865,244,0.9153439153439153,0.6912181303116147,0.8543913713405239,173,1080,6.242774566473988,0.007704160246533128,0.006933744221879815,0.004622496147919877,0.0023112480739599386,0.41622588095060714,0.30702749573663374,0.0,1.0,0.39851995331396356,0.248150579613787,0.0,1.0,0.5434949961508853,0.2640862960354837,0.0,1.0,0.2465668380143535,0.17613063644883648,0.0,1.0,13,0.1601231716705158,8.223248652809854,17
804,1296,892,12.743054709146874,93.77932098765432,11,14,8,6,959,0.7382602001539645,340,1091,0.8398768283294842,0.9051094890510949,868,223,0.9051094890510949,0.6558823529411765,0.8398768283294842,173,1059,6.121387283236994,0.008468052347959968,0.01077752117013087,0.006158583525789068,0.004618937644341801,0.41686579052170447,0.3072396070496087,0.0,1.0,0.3999900438072481,0.24849555660544573,0.0,1.0,0.5437076861808045,0.26385310257963523,0.0,1.0,0.24691358024691357,0.17680084752466496,0.0,1.0,13,0.16049382716049382,8.217592592592593,17
805,1301,897,12.660232774253599,93.66026133743274,11,6,5,1,948,0.7314814814814815,348,1089,0.8402777777777778,0.9092827004219409,862,227,0.9092827004219409,0.6522988505747126,0.8402777777777778,174,1068,6.137931034482759,0.008487654320987654,0.004629629629629629,0.0038580246913580245,0.0007716049382716049,0.4162802806773946,0.3077394531312349,0.0,1.0,0.4002380302992735,0.24877288663752897,0.0,1.0,0.5437008752572463,0.2634500764502697,0.0,1.0,0.24564230988569585,0.17608629259318992,0.0,1.0,13,0.1606456571867794,8.226748654880861,17
806,1300,901,12.644223739002236,93.57230769230769,10,11,6,5,983,0.7555726364335127,318,1097,0.8431975403535742,0.9175991861648016,902,195,0.9175991861648016,0.6132075471698113,0.8431975403535742,171,1072,6.269005847953216,0.007686395080707148,0.008455034588777863,0.004611837048424289,0.003843197540353574,0.4170471464019851,0.3084710099544066,0.0,1.0,0.40151364764267994,0.24931080491068866,0.0,1.0,0.5433250620347394,0.2635399096776087,0.0,1.0,0.24598014888337466,0.17618238384209858,0.0,1.0,13,0.16,8.224615384615385,17
807,1296,893,12.683300048845691,93.81712962962963,7,11,7,4,1010,0.7769230769230769,290,1121,0.8623076923076923,0.9237623762376238,933,188,0.9237623762376238,0.6482758620689655,0.8623076923076923,183,1096,5.9890710382513666,0.005384615384615384,0.008461538461538461,0.005384615384615384,0.003076923076923077,0.41681600955794507,0.30913585294655693,0.0,1.0,0.4031511350059737,0.249345556376402,0.0,1.0,0.543010752688172,0.2634743840372236,0.0,1.0,0.24594285145360414,0.17563181004129408,0.0,1.0,13,0.16049382716049382,8.223765432098766,17
808,1291,900,12.736381577849164,94.26568551510456,5,10,4,6,950,0.7330246913580247,346,1090,0.8410493827160493,0.9021052631578947,857,233,0.9021052631578947,0.6734104046242775,0.8410493827160493,169,1066,6.3076923076923075,0.0038580246913580245,0.007716049382716049,0.0030864197530864196,0.004629629629629629,0.41665625546588037,0.30876301372545284,0.0,1.0,0.4034132080657654,0.24944163528652563,0.0,1.0,0.5432647859873566,0.2640000543747798,0.0,1.0,0.24562104894930165,0.17578804346358612,0.0,1.0,13,0.16266460108443068,8.236250968241674,17
809,1287,903,12.751462445682225,94.55866355866355,6,10,6,4,955,0.7397366382649109,336,1089,0.8435321456235476,0.9130890052356021,872,217,0.9130890052356021,0.6458333333333334,0.8435321456235476,175,1067,6.097142857142857,0.004647560030983733,0.0077459333849728895,0.004647560030983733,0.003098373353989156,0.4178008371556759,0.3091248448663358,0.0,1.0,0.4048174048174048,0.25008759644540673,0.0,1.0,0.5433491239942853,0.26349588145706326,0.0,1.0,0.24475524475524477,0.17529706116860239,0.0,1.0,13,0.16317016317016317,8.239316239316238,17
810,1284,903,12.756954737481188,94.60436137071652,6,9,7,2,987,0.7668997668997669,300,1113,0.8648018648018648,0.9270516717325228,915,198,0.9270516717325228,0.66,0.8648018648018648,180,1093,6.072222222222222,0.004662004662004662,0.006993006993006993,0.005439005439005439,0.001554001554001554,0.4183499145814491,0.3087460897190329,0.0,1.0,0.406567179177972,0.24977780252154863,0.0,1.0,0.5443674002612803,0.26328760927351263,0.0,1.0,0.24512611797809267,0.17538745321396962,0.0,1.0,13,0.16433021806853582,8.253115264797508,17
811,1286,903,12.76176008683793,94.73328149300156,9,7,3,4,945,0.735981308411215,339,1120,0.8722741433021807,0.9354497354497354,884,236,0.9354497354497354,0.696165191740413,0.8722741433021807,178,1098,6.168539325842697,0.007009345794392523,0.005451713395638629,0.002336448598130841,0.003115264797507788,0.4184267295439723,0.3086176024865379,0.0,1.0,0.4073145035870165,0.25012694930650653,0.0,1.0,0.5439221391662068,0.26307864372511475,0.0,1.0,0.24494556765163297,0.17486243165731916,0.0,1.0,13,0.16485225505443235,8.26438569206843,17
812,1289,905,12.787788691358946,95.16602017067494,6,3,2,1,944,0.7340590979782271,342,1124,0.8740279937791602,0.9396186440677966,887,237,0.9396186440677966,0.6929824561403509,0.8740279937791602,177,1103,6.231638418079096,0.004665629860031105,0.0023328149300155523,0.0015552099533437014,0.0007776049766718507,0.41820365875021903,0.3079548762963047,0.0,1.0,0.4064165769914162,0.25068215011224004,0.0,1.0,0.5428814534898271,0.26361748101955257,0.0,1.0,0.24512625441077102,0.17499899171577615,0.0,1.0,13,0.16369278510473234,8.270752521334368,17
813,1292,907,12.766481615020918,95.29721362229103,9,6,4,2,968,0.7509697439875873,321,1094,0.8487199379363848,0.9307851239669421,901,193,0.9307851239669421,0.6012461059190031,0.8487199379363848,173,1069,6.179190751445087,0.0069821567106283944,0.004654771140418929,0.0031031807602792862,0.0015515903801396431,0.4193049036252871,0.3081747809106097,0.0,1.0,0.4071457105762509,0.25083489264967546,0.0,1.0,0.5426445620693099,0.26336110513277633,0.0,1.0,0.24603016079097173,0.17518816828538944,0.0,1.0,13,0.16408668730650156,8.26702786377709,17
814,1286,909,12.801864390102565,95.41835147744946,7,13,8,5,940,0.7275541795665634,352,1103,0.8537151702786377,0.9074468085106383,853,250,0.9074468085106383,0.7102272727272727,0.8537151702786377,179,1084,6.055865921787709,0.005417956656346749,0.010061919504643963,0.006191950464396285,0.003869969040247678,0.4197812672452717,0.30779170205950823,0.0,1.0,0.40716399939798326,0.2510818683435223,0.0,1.0,0.5429689459689961,0.2632759673716296,0.0,1.0,0.24665128179400994,0.17557755770994135,0.0,1.0,13,0.1640746500777605,8.263608087091757,17
815,1285,914,12.798293521920113,95.69883268482491,7,8,5,3,942,0.7325038880248833,344,1055,0.8203732503888025,0.8885350318471338,837,218,0.8885350318471338,0.6337209302325582,0.8203732503888025,173,1033,5.971098265895954,0.005443234836702955,0.006220839813374806,0.0038880248833592537,0.0023328149300155523,0.41950546002259326,0.30715465982926526,0.0,1.0,0.40564829923434165,0.25090482853765284,0.0,1.0,0.5432408685829044,0.2628591495452676,0.0,1.0,0.2463913643780595,0.17531987256414644,0.0,1.0,13,0.1649805447470817,8.2715953307393,17
816,1284,917,12.756585781529068,95.42056074766356,11,12,8,4,961,0.7478599221789883,324,1083,0.8428015564202335,0.9053069719042663,870,213,0.9053069719042663,0.6574074074074074,0.8428015564202335,171,1057,6.181286549707602,0.008560311284046693,0.00933852140077821,0.0062256809338521405,0.0031128404669260703,0.4174454828660436,0.30712589127838,0.0,1.0,0.40513516229524676,0.2518606972118578,0.0,1.0,0.5449452316350116,0.2631095125163869,0.0,1.0,0.24575419555823536,0.17574420036344376,0.0,1.0,13,0.16355140186915887,8.264797507788161,17
817,1291,917,12.760993927801533,95.74593338497289,10,3,0,3,941,0.7328660436137072,343,1106,0.8613707165109035,0.9192348565356004,865,241,0.9192348565356004,0.7026239067055393,0.8613707165109035,178,1084,6.089887640449438,0.00778816199376947,0.002336448598130841,0.0,0.002336448598130841,0.4161815047100272,0.30718686622586083,0.0,1.0,0.40471252592388995,0.25194834914068776,0.0,1.0,0.544114339971515,0.26305172952248185,0.0,1.0,0.24539616701231853,0.17547136320260903,0.0,1.0,13,0.16576297443841984,8.268009295120063,17
818,1295,922,12.769552999506391,96.15984555984556,7,3,1,2,948,0.7343144848954299,343,1104,0.855151045701007,0.9177215189873418,870,234,0.9177215189873418,0.6822157434402333,0.855151045701007,166,1075,6.475903614457831,0.005422153369481022,0.0023237800154918666,0.000774593338497289,0.001549186676994578,0.415269647527712,0.30699060556266006,0.0,1.0,0.40533067629841824,0.25215591770817414,0.0,1.0,0.5443517249968862,0.2633011694353164,0.0,1.0,0.24488728359696102,0.17547286860191066,0.0,1.0,13,0.16602316602316602,8.27104247104247,17
819,1300,924,12.724990686875552,96.3276923076923,9,4,3,1,982,0.7583011583011583,313,1129,0.8718146718146718,0.9317718940936863,915,214,0.9317718940936863,0.6837060702875399,0.8718146718146718,177,1108,6.259887005649717,0.0069498069498069494,0.003088803088803089,0.0023166023166023165,0.0007722007722007722,0.4154838709677419,0.30711210004087314,0.0,1.0,0.4051116625310174,0.25190629475265147,0.0,1.0,0.544590570719603,0.2632831414059124,0.0,1.0,0.24459057071960297,0.17528879345742857,0.0,1.0,13,0.16692307692307692,8.274615384615384,17
820,1294,923,12.725124035640091,96.0193199381762,9,15,9,6,999,0.7684615384615384,301,1094,0.8415384615384616,0.9179179179179179,917,177,0.9179179179179179,0.5880398671096345,0.8415384615384616,178,1071,6.01685393258427,0.006923076923076923,0.011538461538461539,0.006923076923076923,0.004615384615384616,0.4131724584932941,0.3065106099361425,0.0,1.0,0.40275215635439,0.2510790186625261,0.0,1.0,0.5439497432317894,0.2633109487050787,0.0,1.0,0.2443037343570823,0.17517291633723514,0.0,1.0,13,0.16769706336939721,8.29984544049459,17
821,1290,927,12.781496489640286,96.36666666666666,6,10,5,5,971,0.750386398763524,323,1114,0.8608964451313755,0.9186405767250257,892,222,0.9186405767250257,0.6873065015479877,0.8608964451313755,178,1096,6.157303370786517,0.00463678516228748,0.0077279752704791345,0.0038639876352395673,0.0038639876352395673,0.4127031757939485,0.3056855303764197,0.0,1.0,0.4031257814453613,0.2500384947202489,0.0,1.0,0.5460865216304076,0.262314096155693,0.0,1.0,0.24511127781945485,0.17484434037457877,0.0,1.0,13,0.16899224806201552,8.30232558139535,17
822,1291,927,12.80019893336829,96.63361735089079,5,4,4,0,957,0.7418604651162791,333,1105,0.8565891472868217,0.9247648902821317,885,220,0.9247648902821317,0.6606606606606606,0.8565891472868217,180,1085,6.027777777777778,0.003875968992248062,0.0031007751937984496,0.0031007751937984496,0.0,0.4132580395292471,0.30559182307440336,0.0,1.0,0.4031633392468954,0.25075018590497483,0.0,1.0,0.5451887758926564,0.26234443047263184,0.0,1.0,0.24522125883910945,0.17478435507920917,0.0,1.0,13,0.1680867544539117,8.312161115414407,17
823,1285,931,12.805023138854729,96.70428015564202,6,12,8,4,976,0.756003098373354,315,1113,0.8621223857474826,0.9293032786885246,907,206,0.9293032786885246,0.653968253968254,0.8621223857474826,178,1095,6.151685393258427,0.004647560030983733,0.009295120061967466,0.006196746707978312,0.003098373353989156,0.41568972009539346,0.3061081117045645,0.0,1.0,0.40223421614158406,0.25136276649658584,0.0,1.0,0.5447721852642149,0.2621613169953266,0.0,1.0,0.2445337015187649,0.17381265885077998,0.0,1.0,13,0.1680933852140078,8.31206225680934,16
824,1284,939,12.846572913258726,97.18691588785046,4,5,3,2,938,0.7299610894941634,347,1131,0.8801556420233463,0.9243070362473348,867,264,0.9243070362473348,0.760806916426513,0.8801556420233463,170,1109,6.523529411764706,0.0031128404669260703,0.0038910505836575876,0.0023346303501945525,0.0015564202334630351,0.41611395839614107,0.3069286331211516,0.0,1.0,0.4032006833484072,0.2518550623416928,0.0,1.0,0.5450206009446287,0.26213998712482983,0.0,1.0,0.24442267108833282,0.17372751209326068,0.0,1.0,13,0.16822429906542055,8.314641744548286,16
825,1282,938,12.904592661151993,97.38065522620904,8,10,3,7,961,0.7484423676012462,323,1126,0.8769470404984424,0.9302809573361083,894,232,0.9302809573361083,0.718266253869969,0.8769470404984424,175,1100,6.285714285714286,0.006230529595015576,0.00778816199376947,0.002336448598130841,0.005451713395638629,0.41706506969956214,0.3068778049752094,0.0,1.0,0.4038045392783453,0.251514827549661,0.0,1.0,0.5452418096723869,0.26170748490427825,0.0,1.0,0.2451814201600322,0.17432490080576526,0.0,1.0,13,0.16770670826833073,8.304992199687987,15
826,1288,934,12.895647113734988,97.48990683229813,12,6,2,4,919,0.7168486739469578,363,1113,0.8681747269890796,0.9281828073993471,853,260,0.9281828073993471,0.7162534435261708,0.8681747269890796,173,1082,6.254335260115607,0.0093603744149766,0.0046801872074883,0.0015600624024961,0.0031201248049922,0.41755159286716087,0.30746226218276174,0.0,1.0,0.4047034662392306,0.2517274702056805,0.0,1.0,0.5448056501703066,0.26148418531206324,0.0,1.0,0.24433981166098975,0.17377740667310582,0.0,1.0,13,0.16770186335403728,8.311335403726709,15
827,1283,935,12.938614911633454,97.84333593141075,6,11,5,6,1006,0.781055900621118,282,1130,0.8773291925465838,0.9244532803180915,930,200,0.9244532803180915,0.7092198581560284,0.8773291925465838,179,1110,6.201117318435754,0.004658385093167702,0.008540372670807454,0.0038819875776397515,0.004658385093167702,0.4159102909008624,0.3071701437806313,0.0,1.0,0.4035903753802831,0.2514498518628864,0.0,1.0,0.5453196892364166,0.26134738258499207,0.0,1.0,0.24448746637165916,0.1742364723401821,0.0,1.0,13,0.16757599376461418,8.31021044427124,15
828,1282,940,12.908265905536956,97.67316692667707,8,9,7,2,938,0.7310989867498051,345,1126,0.877630553390491,0.9275053304904051,870,256,0.9275053304904051,0.7420289855072464,0.877630553390491,175,1106,6.32,0.006235385814497272,0.007014809041309431,0.005455962587685113,0.001558846453624318,0.41434754164360127,0.30685342971291446,0.0,1.0,0.403729052387902,0.2523237147466393,0.0,1.0,0.5458205424991194,0.26149195407294057,0.0,1.0,0.24329424789894818,0.17351448631106162,0.0,1.0,13,0.1684867394695788,8.320592823712948,15
829,1283,944,12.921161539409049,98.03507404520654,7,6,3,3,988,0.7706708268330733,294,1099,0.8572542901716068,0.9139676113360324,903,196,0.9139676113360324,0.6666666666666666,0.8572542901716068,178,1081,6.073033707865169,0.00546021840873635,0.0046801872074883,0.00234009360374415,0.00234009360374415,0.41578457747718306,0.30739701979112577,0.0,1.0,0.40278580946873505,0.25166252499873787,0.0,1.0,0.5445905513790763,0.2613207378266837,0.0,1.0,0.24355718703643175,0.17319716086366613,0.0,1.0,13,0.16835541699142634,8.32813717848792,15
830,1281,948,12.85445187962641,97.70413739266198,9,11,9,2,976,0.7607170693686672,307,1099,0.8565861262665627,0.9139344262295082,892,207,0.9139344262295082,0.6742671009771987,0.8565861262665627,174,1077,6.189655172413793,0.007014809041309431,0.00857365549493375,0.007014809041309431,0.001558846453624318,0.41557754778273026,0.3068174413379119,0.0,1.0,0.4032635793608824,0.25093434911523993,0.0,1.0,0.5454911737302007,0.26168526557559046,0.0,1.0,0.24338344539296414,0.17321080005874537,0.0,1.0,13,0.1686182669789227,8.334113973458235,15
831,1278,953,12.858542702119431,97.85446009389672,7,10,6,4,980,0.7650273224043715,301,1079,0.8423106947697112,0.9183673469387755,900,179,0.9183673469387755,0.5946843853820598,0.8423106947697112,172,1056,6.1395348837209305,0.00546448087431694,0.0078064012490242,0.00468384074941452,0.00312256049960968,0.4163006714119844,0.3067862644505229,0.0,1.0,0.4036044222323186,0.25040263523205974,0.0,1.0,0.5438689484577717,0.261680097722609,0.0,1.0,0.24342470594174367,0.17285694610760094,0.0,1.0,13,0.16823161189358374,8.343505477308295,15
832,1281,961,12.831381001351584,97.90632318501171,9,6,4,2,917,0.7175273865414711,361,1084,0.8482003129890454,0.9116684841875682,836,248,0.9116684841875682,0.6869806094182825,0.8482003129890454,173,1065,6.15606936416185,0.007042253521126761,0.004694835680751174,0.003129890453834116,0.001564945226917058,0.4144947243836721,0.30627883190974003,0.0,1.0,0.40273475863110975,0.250133007565517,0.0,1.0,0.5437032560247791,0.26264629155280006,0.0,1.0,0.24255244138903576,0.17284957389240618,0.0,1.0,13,0.1686182669789227,8.357533177205308,15
833,1288,960,12.81066404705594,97.82919254658385,12,5,2,3,954,0.7447306791569087,327,1135,0.8860265417642467,0.9255765199161425,883,252,0.9255765199161425,0.7706422018348624,0.8860265417642467,179,1113,6.217877094972067,0.00936768149882904,0.0039032006245121,0.00156128024980484,0.00234192037470726,0.4131186135043078,0.3057612553456558,0.0,1.0,0.401673011420557,0.24966775501513744,0.0,1.0,0.5444049288719695,0.26257604084798836,0.0,1.0,0.24326287317170908,0.17273982826857426,0.0,1.0,13,0.17080745341614906,8.363354037267081,15
834,1282,967,12.853099524578878,98.16302652106084,2,8,7,1,976,0.7577639751552795,312,1110,0.8618012422360248,0.9077868852459017,886,224,0.9077868852459017,0.717948717948718,0.8618012422360248,177,1094,6.1807909604519775,0.0015527950310559005,0.006211180124223602,0.005434782608695652,0.0007763975155279503,0.4122087464143727,0.3053512180014734,0.0,1.0,0.4015399325650445,0.2495204392622157,0.0,1.0,0.5440088571284787,0.26253052687493406,0.0,1.0,0.24309294952443258,0.17282223272052716,0.0,1.0,13,0.17082683307332294,8.363494539781591,15
835,1274,965,12.950374881293675,98.57378335949764,3,11,6,5,986,0.7691107644305772,296,1121,0.874414976599064,0.9300202839756593,917,204,0.9300202839756593,0.6891891891891891,0.874414976599064,182,1101,6.049450549450549,0.00234009360374415,0.00858034321372855,0.0046801872074883,0.0039001560062402497,0.4112523421279182,0.3048577840213972,0.0,1.0,0.4002126905352712,0.24875171216163366,0.0,1.0,0.543829442446954,0.2634127160746289,0.0,1.0,0.2432521395655036,0.17328277236365092,0.0,1.0,13,0.17189952904238617,8.366562009419152,15
836,1273,962,12.903466848940711,98.17282010997643,11,12,10,2,937,0.7354788069073783,337,1099,0.8626373626373627,0.9295624332977588,871,228,0.9295624332977588,0.6765578635014837,0.8626373626373627,178,1074,6.033707865168539,0.008634222919937205,0.009419152276295133,0.007849293563579277,0.0015698587127158557,0.41157539974153007,0.30502485710491495,0.0,1.0,0.3994374477358538,0.24883840506856517,0.0,1.0,0.5440539239287434,0.2638160448279607,0.0,1.0,0.24351924587588375,0.17298924915942931,0.0,1.0,13,0.17282010997643363,8.383346425765907,15
837,1268,971,12.939978216396705,98.64353312302839,1,6,6,0,957,0.7517674783974863,316,1109,0.8711704634721131,0.9310344827586207,891,218,0.9310344827586207,0.689873417721519,0.8711704634721131,167,1085,6.497005988023952,0.0007855459544383347,0.004713275726630008,0.004713275726630008,0.0,0.41111224178284317,0.3053976661893783,0.0,1.0,0.4000712323191208,0.24882473352884274,0.0,1.0,0.5445456395644652,0.2638213500944777,0.0,1.0,0.24343645059529867,0.17286791438826937,0.0,1.0,13,0.17350157728706625,8.385646687697161,15
838,1268,973,12.991869586212701,99.13880126182966,6,6,3,3,918,0.7239747634069401,350,1090,0.8596214511041009,0.9172113289760349,842,248,0.9172113289760349,0.7085714285714285,0.8596214511041009,174,1066,6.126436781609195,0.00473186119873817,0.00473186119873817,0.002365930599369085,0.002365930599369085,0.41116312201078664,0.3058045235841959,0.0,1.0,0.39986771140734706,0.24884845374792952,0.0,1.0,0.5444438791085784,0.26377940731570765,0.0,1.0,0.24336013025338352,0.17296822355545574,0.0,1.0,13,0.17350157728706625,8.391167192429021,15
839,1264,984,13.037660176635521,99.51424050632912,3,7,5,2,952,0.750788643533123,316,1077,0.8493690851735016,0.9149159663865546,871,206,0.9149159663865546,0.6518987341772152,0.8493690851735016,167,1055,6.317365269461078,0.002365930599369085,0.005520504731861199,0.003943217665615142,0.0015772870662460567,0.4114944875459371,0.3063695992949697,0.0,1.0,0.40023989383421804,0.24846432623236306,0.0,1.0,0.5447376480195998,0.26398255535856946,0.0,1.0,0.24328807676602693,0.173059238988045,0.0,1.0,13,0.17325949367088608,8.391613924050633,15
840,1272,978,13.01134258989856,99.29323899371069,13,5,3,2,951,0.752373417721519,313,1096,0.8670886075949367,0.9158780231335436,871,225,0.9158780231335436,0.7188498402555911,0.8670886075949367,185,1075,5.8108108108108105,0.010284810126582278,0.003955696202531646,0.0023734177215189874,0.0015822784810126582,0.4118228849665247,0.3071524235482098,0.0,1.0,0.4003347534996957,0.24859269705558246,0.0,1.0,0.5447098803002638,0.26436638606985835,0.0,1.0,0.24213836477987422,0.1724624068220169,0.0,1.0,13,0.1721698113207547,8.39937106918239,15
841,1265,985,13.045206372524481,99.57549407114624,5,12,7,5,969,0.7617924528301887,303,1125,0.8844339622641509,0.934984520123839,906,219,0.934984520123839,0.7227722772277227,0.8844339622641509,176,1108,6.295454545454546,0.003930817610062893,0.009433962264150943,0.00550314465408805,0.003930817610062893,0.4120362106336861,0.30713217031688966,0.0,1.0,0.39984699732245316,0.2477313690780763,0.0,1.0,0.5446130307280377,0.26398394760575683,0.0,1.0,0.2421522376641591,0.17203337768102636,0.0,1.0,13,0.17233201581027668,8.400790513833993,15
842,1265,992,13.069453408988265,99.74229249011857,5,5,5,0,941,0.7438735177865613,324,1080,0.8537549407114624,0.9234856535600425,869,211,0.9234856535600425,0.6512345679012346,0.8537549407114624,175,1062,6.0685714285714285,0.003952569169960474,0.003952569169960474,0.003952569169960474,0.0,0.41050618385821747,0.306569113907408,0.0,1.0,0.3989034808109142,0.24690512084135632,0.0,1.0,0.5456840494708657,0.2645635770435621,0.0,1.0,0.24220323855667472,0.17210501496817296,0.0,1.0,13,0.17312252964426877,8.411067193675889,15
843,1264,1002,13.025629272507906,99.58227848101266,7,8,7,1,961,0.7596837944664032,304,1090,0.8616600790513834,0.9250780437044746,889,201,0.9250780437044746,0.6611842105263158,0.8616600790513834,168,1068,6.357142857142857,0.005533596837944664,0.006324110671936759,0.005533596837944664,0.0007905138339920949,0.4107543895467538,0.3063080608572228,0.0,1.0,0.3987852184565129,0.24646643223592118,0.0,1.0,0.5454522253981218,0.26462686718773837,0.0,1.0,0.2422162106982442,0.17200502827409048,0.0,1.0,13,0.17246835443037975,8.421677215189874,15
844,1266,1011,12.939122836451542,99.05845181674566,12,10,8,2,953,0.7539556962025317,311,1084,0.8575949367088608,0.925498426023085,882,202,0.925498426023085,0.6495176848874598,0.8575949367088608,171,1064,6.222222222222222,0.00949367088607595,0.007911392405063292,0.006329113924050633,0.0015822784810126582,0.4089843550935127,0.3056938514936849,0.0,1.0,0.39779850175814097,0.24623264833904274,0.0,1.0,0.5466799164246038,0.26520446660175473,0.0,1.0,0.2410181929368598,0.17144671681169568,0.0,1.0,13,0.17298578199052134,8.436808846761453,15
845,1270,1014,12.883194613563719,98.76377952755905,11,7,6,1,978,0.7725118483412322,288,1122,0.8862559241706162,0.9335378323108384,913,209,0.9335378323108384,0.7256944444444444,0.8862559241706162,177,1102,6.2259887005649714,0.008688783570300158,0.005529225908372828,0.004739336492890996,0.0007898894154818325,0.4080518161036322,0.30539579197982736,0.0,1.0,0.3971551943103886,0.24621067810635178,0.0,1.0,0.5482346964693929,0.2656245503675532,0.0,1.0,0.24061468122936244,0.17148232704799737,0.0,1.0,13,0.17480314960629922,8.443307086614173,15
846,1274,1017,12.83099933214815,98.48587127158555,12,8,6,2,947,0.7456692913385827,323,1081,0.8511811023622047,0.9260823653643083,877,204,0.9260823653643083,0.631578947368421,0.8511811023622047,167,1051,6.293413173652695,0.009448818897637795,0.006299212598425197,0.004724409448818898,0.0015748031496062992,0.4089228743606624,0.30567537941152223,0.0,1.0,0.3968450903934775,0.24628217285073542,0.0,1.0,0.5472730034942017,0.2652264909808179,0.0,1.0,0.24109991391097385,0.17158050639210604,0.0,1.0,13,0.17582417582417584,8.452904238618524,15
847,1278,1021,12.785164001011276,98.35446009389672,11,7,4,3,928,0.728414442700157,346,1103,0.8657770800627943,0.9288793103448276,862,241,0.9288793103448276,0.6965317919075145,0.8657770800627943,178,1085,6.095505617977528,0.008634222919937205,0.005494505494505495,0.0031397174254317113,0.002354788069073783,0.4100408905043162,0.3059157121992897,0.0,1.0,0.39676409712756827,0.24649104240887323,0.0,1.0,0.546569741026806,0.26551959471551984,0.0,1.0,0.24019385127972132,0.17063107259419272,0.0,1.0,13,0.17683881064162754,8.464006259780907,15
848,1270,1024,12.788025074697979,97.86929133858268,9,17,12,5,917,0.7175273865414711,361,1110,0.8685446009389671,0.925845147219193,849,261,0.925845147219193,0.7229916897506925,0.8685446009389671,181,1094,6.044198895027624,0.007042253521126761,0.013302034428794992,0.009389671361502348,0.003912363067292645,0.40957581915163827,0.30524713820753313,0.0,1.0,0.396240792481585,0.24662868597993967,0.0,1.0,0.5460756921513843,0.265967507462504,0.0,1.0,0.24030988061976125,0.17126455657991832,0.0,1.0,13,0.17559055118110237,8.473228346456693,15
849,1267,1033,12.782931563717808,97.87213891081295,7,10,6,4,903,0.7110236220472441,367,1095,0.8622047244094488,0.9158361018826136,827,268,0.9158361018826136,0.7302452316076294,0.8622047244094488,171,1075,6.286549707602339,0.005511811023622047,0.007874015748031496,0.004724409448818898,0.0031496062992125984,0.4104692313567737,0.30459424649253747,0.0,1.0,0.3964661252132291,0.24675273773296927,0.0,1.0,0.5466558036509916,0.26553764149351317,0.0,1.0,0.23955495582656516,0.17096250579719116,0.0,1.0,13,0.17600631412786108,8.490923441199683,15
850,1271,1039,12.756522935438289,97.95515342250197,9,5,3,2,967,0.7632202052091555,300,1098,0.8666140489344909,0.9245087900723888,894,204,0.9245087900723888,0.68,0.8666140489344909,172,1076,6.255813953488372,0.007103393843725336,0.003946329913180742,0.0023677979479084454,0.0015785319652722968,0.41077637623410573,0.30499798152667307,0.0,1.0,0.39694423999390877,0.24743924575951146,0.0,1.0,0.5460013705235908,0.2658206172453842,0.0,1.0,0.24045074998096497,0.17296414578381802,0.0,1.0,13,0.17623918174665618,8.490165224232888,15
851,1270,1039,12.809606672039836,98.05748031496063,6,7,5,2,911,0.7167584579071598,360,1130,0.8890637293469709,0.9363336992316136,853,277,0.9363336992316136,0.7694444444444445,0.8890637293469709,173,1103,6.375722543352601,0.004720692368214005,0.0055074744295830055,0.003933910306845004,0.0015735641227380016,0.4093218186436373,0.30466391079913435,0.0,1.0,0.396240792481585,0.2467416158426795,0.0,1.0,0.5466090932181864,0.26578824823473485,0.0,1.0,0.2400812801625603,0.17251114644921806,0.0,1.0,13,0.17559055118110237,8.50236220472441,15
852,1272,1044,12.793307630660632,97.80974842767296,11,9,6,3,940,0.7401574803149606,330,1128,0.8881889763779528,0.9361702127659575,880,248,0.9361702127659575,0.7515151515151515,0.8881889763779528,169,1102,6.520710059171598,0.008661417322834646,0.007086614173228346,0.004724409448818898,0.002362204724409449,0.4085007100831812,0.3041229656933447,0.0,1.0,0.3954148914587137,0.2463574740215712,0.0,1.0,0.546865489957395,0.26584864732551516,0.0,1.0,0.23967843375938325,0.1724335241280344,0.0,1.0,13,0.17688679245283018,8.51493710691824,15
853,1276,1051,12.717062116228826,97.56661442006269,10,6,5,1,980,0.7704402515723271,292,1127,0.8860062893081762,0.939795918367347,921,206,0.939795918367347,0.7054794520547946,0.8860062893081762,168,1102,6.559523809523809,0.007861635220125786,0.0047169811320754715,0.003930817610062893,0.0007861635220125787,0.40724542420871673,0.30391328822629954,0.0,1.0,0.3946556780260896,0.24638762035240824,0.0,1.0,0.5462635251289311,0.26578978033389383,0.0,1.0,0.2393062999292143,0.17231159502777957,0.0,1.0,13,0.17633228840125392,8.5282131661442,15
854,1279,1055,12.702759283972231,97.73651290070367,7,4,4,0,929,0.7280564263322884,347,1144,0.896551724137931,0.9407965554359526,874,270,0.9407965554359526,0.7780979827089337,0.896551724137931,173,1121,6.479768786127168,0.0054858934169279,0.003134796238244514,0.003134796238244514,0.0,0.4055839995964589,0.30354020530539433,0.0,1.0,0.39395697243310046,0.24664537841331513,0.0,1.0,0.5468738177507629,0.2655249423773563,0.0,1.0,0.23869454462912054,0.1726152024923021,0.0,1.0,13,0.17591868647380765,8.530883502736513,15
855,1285,1063,12.654324483673573,97.78210116731518,11,5,3,2,937,0.7326035965598123,342,1093,0.854573885848319,0.9252934898612594,867,226,0.9252934898612594,0.6608187134502924,0.854573885848319,172,1073,6.238372093023256,0.008600469116497263,0.003909304143862392,0.0023455824863174357,0.001563721657544957,0.40622568093385214,0.3036255133180532,0.0,1.0,0.39455252918287936,0.24630603972848567,0.0,1.0,0.5468306765407305,0.26553607399517076,0.0,1.0,0.23853395255428642,0.17240471183088404,0.0,1.0,13,0.17665369649805449,8.536964980544747,15
856,1288,1061,12.648790755567976,98.0916149068323,8,5,3,2,1024,0.796887159533074,261,1102,0.8575875486381322,0.916015625,938,164,0.916015625,0.6283524904214559,0.8575875486381322,181,1081,5.972375690607735,0.0062256809338521405,0.0038910505836575876,0.0023346303501945525,0.0015564202334630351,0.40568022440392704,0.3034719789083552,0.0,1.0,0.3936836305349629,0.2465126651182624,0.0,1.0,0.5476858345021037,0.26597855424124456,0.0,1.0,0.23990683229813664,0.17429746851915973,0.0,1.0,13,0.17701863354037267,8.538819875776397,15
857,1285,1070,12.62527917275045,97.92451361867704,8,11,7,4,953,0.7399068322981367,335,1066,0.827639751552795,0.9202518363064008,877,189,0.9202518363064008,0.564179104477612,0.827639751552795,179,1054,5.888268156424581,0.006211180124223602,0.008540372670807454,0.005434782608695652,0.003105590062111801,0.4048449855654575,0.3036733508553157,0.0,1.0,0.39369900840968997,0.2466359367680677,0.0,1.0,0.547408058240241,0.2658146776856991,0.0,1.0,0.2402158905485126,0.17419586915686633,0.0,1.0,13,0.17665369649805449,8.549416342412451,15
858,1281,1071,12.670146548555532,98.0304449648712,5,9,7,2,925,0.7198443579766537,360,1152,0.8964980544747082,0.9481081081081081,877,275,0.9481081081081081,0.7638888888888888,0.8964980544747082,181,1134,6.265193370165746,0.0038910505836575876,0.007003891050583658,0.005447470817120622,0.0015564202334630351,0.4043464027599406,0.3037177199033156,0.0,1.0,0.39361889652741056,0.24619302662642711,0.0,1.0,0.5474553650122133,0.2658784208127801,0.0,1.0,0.24000906549822465,0.17436535720727528,0.0,1.0,13,0.17642466822794692,8.55503512880562,15
859,1278,1076,12.692875875272708,98.03364632237871,6,9,6,3,971,0.7580015612802498,310,1126,0.8790007806401249,0.9361483007209063,909,217,0.9361483007209063,0.7,0.8790007806401249,170,1101,6.476470588235294,0.00468384074941452,0.00702576112412178,0.00468384074941452,0.00234192037470726,0.40569942955222377,0.3039900033251098,0.0,1.0,0.3935837245696401,0.24643339120698235,0.0,1.0,0.5470493210156999,0.2660386494071913,0.0,1.0,0.23999192286334492,0.1740167262172938,0.0,1.0,13,0.176056338028169,8.567292644757433,15
860,1272,1077,12.698650327446428,97.96933962264151,8,14,9,5,972,0.7605633802816901,306,1120,0.8763693270735524,0.941358024691358,915,205,0.941358024691358,0.6699346405228758,0.8763693270735524,175,1096,6.2628571428571425,0.006259780907668232,0.010954616588419406,0.007042253521126761,0.003912363067292645,0.4069791032663826,0.3051230395582741,0.0,1.0,0.39353824305132884,0.2472224116710392,0.0,1.0,0.5447859606411037,0.2666827634087727,0.0,1.0,0.23939947250963683,0.17301221904056124,0.0,1.0,13,0.1721698113207547,8.580974842767295,15
861,1272,1081,12.712025098667704,98.10770440251572,8,8,5,3,970,0.7625786163522013,302,1124,0.8836477987421384,0.9412371134020618,913,211,0.9412371134020618,0.6986754966887417,0.8836477987421384,175,1103,6.3028571428571425,0.006289308176100629,0.006289308176100629,0.003930817610062893,0.0023584905660377358,0.40583789815378374,0.3050866811722213,0.0,1.0,0.3939947250963684,0.24730935226492606,0.0,1.0,0.5448113207547169,0.26711681265298726,0.0,1.0,0.23955163319131667,0.17334504922913577,0.0,1.0,13,0.1721698113207547,8.58805031446541,16
862,1272,1082,12.67448502757665,97.88050314465409,9,9,7,2,964,0.7578616352201258,308,1113,0.875,0.9294605809128631,896,217,0.9294605809128631,0.7045454545454546,0.875,175,1089,6.222857142857142,0.007075471698113208,0.007075471698113208,0.00550314465408805,0.0015723270440251573,0.4048488537228647,0.30396259368684125,0.0,1.0,0.3939186447555285,0.24729988485464985,0.0,1.0,0.5457242848447961,0.2674213086113886,0.0,1.0,0.23967843375938325,0.1732287249622719,0.0,1.0,13,0.17452830188679244,8.599056603773585,16
863,1270,1084,12.718145441105328,98.13307086614174,6,8,6,2,935,0.735062893081761,337,1111,0.8734276729559748,0.9240641711229947,864,247,0.9240641711229947,0.7329376854599406,0.8734276729559748,177,1090,6.15819209039548,0.0047169811320754715,0.006289308176100629,0.0047169811320754715,0.0015723270440251573,0.40393700787401576,0.30371676847927387,0.0,1.0,0.39304038608077213,0.24687263652821242,0.0,1.0,0.5469392938785878,0.2675799102311439,0.0,1.0,0.2398780797561595,0.17354117734151878,0.0,1.0,13,0.17401574803149605,8.599212598425197,16
864,1270,1096,12.689436205368915,98.32283464566929,7,7,5,2,971,0.7645669291338583,299,1107,0.8716535433070867,0.92173017507724,895,212,0.92173017507724,0.7090301003344481,0.8716535433070867,169,1088,6.437869822485207,0.005511811023622047,0.005511811023622047,0.003937007874015748,0.0015748031496062992,0.40548641097282195,0.30331234746675334,0.0,1.0,0.3924815849631699,0.24702812321412018,0.0,1.0,0.5462026924053848,0.2674876250424905,0.0,1.0,0.24041148082296163,0.17374014444172198,0.0,1.0,13,0.17401574803149605,8.607874015748031,16
865,1271,1097,12.71442583570707,98.61762391817467,6,5,4,1,931,0.7330708661417323,339,1116,0.878740157480315,0.9334049409237379,869,247,0.9334049409237379,0.7286135693215339,0.878740157480315,179,1096,6.122905027932961,0.004724409448818898,0.003937007874015748,0.0031496062992125984,0.0007874015748031496,0.40448211974315373,0.30402700402524707,0.0,1.0,0.3925534884901398,0.2469972606483268,0.0,1.0,0.5466358721859851,0.2677695526641117,0.0,1.0,0.23976548818557905,0.17350513658961933,0.0,1.0,13,0.17309205350118018,8.607395751376869,16
866,1270,1100,12.723984258085936,98.70866141732283,6,7,6,1,942,0.7411487018095987,329,1130,0.8890637293469709,0.9447983014861996,890,240,0.9447983014861996,0.729483282674772,0.8890637293469709,172,1105,6.424418604651163,0.004720692368214005,0.0055074744295830055,0.004720692368214005,0.0007867820613690008,0.4041910083820168,0.3044220630019432,0.0,1.0,0.3930911861823724,0.24724285240327523,0.0,1.0,0.5472186944373889,0.26821896088754826,0.0,1.0,0.23909067818135635,0.17303830234389306,0.0,1.0,13,0.17244094488188977,8.615748031496063,16
867,1267,1102,12.758347261658447,98.57063930544594,6,9,8,1,925,0.7283464566929134,345,1099,0.8653543307086614,0.9286486486486486,859,240,0.9286486486486486,0.6956521739130435,0.8653543307086614,181,1082,5.9779005524861875,0.004724409448818898,0.007086614173228346,0.006299212598425197,0.0007874015748031496,0.404587926776485,0.3049763837784687,0.0,1.0,0.39374188456348497,0.24696253860337095,0.0,1.0,0.5467576444229447,0.26767311842318187,0.0,1.0,0.23932581408967082,0.17318338057851074,0.0,1.0,13,0.1696921862667719,8.623520126282557,16
868,1269,1103,12.709822599783942,98.0977147360126,11,9,8,1,925,0.7300710339384373,342,1127,0.8895027624309392,0.9427027027027027,872,255,0.9427027027027027,0.7456140350877193,0.8895027624309392,180,1108,6.155555555555556,0.008681925808997633,0.007103393843725336,0.006314127861089187,0.0007892659826361484,0.40461120008134427,0.30492751482801167,0.0,1.0,0.3926637687790742,0.2465949471749986,0.0,1.0,0.5454383690485268,0.2674753305828002,0.0,1.0,0.23866900531279392,0.17323104158708902,0.0,1.0,13,0.17100078802206461,8.637509850275809,16
869,1273,1108,12.703832281142189,98.2623723487824,9,5,3,2,932,0.7344365642237982,337,1087,0.8565799842395587,0.9130901287553648,851,236,0.9130901287553648,0.7002967359050445,0.8565799842395587,174,1066,6.126436781609195,0.0070921985815602835,0.003940110323089046,0.002364066193853428,0.0015760441292356187,0.4045308263436637,0.30449002769797995,0.0,1.0,0.3920634518409649,0.24602557199308225,0.0,1.0,0.5440792641208221,0.267583631127955,0.0,1.0,0.2380711045789727,0.17246583875083354,0.0,1.0,13,0.17046347211311863,8.65121759622938,16
870,1274,1107,12.729388653309343,98.50470957613815,6,5,4,1,974,0.7651217596229379,299,1113,0.8743126472898665,0.9271047227926078,903,210,0.9271047227926078,0.7023411371237458,0.8743126472898665,181,1093,6.038674033149171,0.004713275726630008,0.003927729772191673,0.003142183817753339,0.0007855459544383347,0.4046943839570568,0.30465441125570236,0.0,1.0,0.391958272142604,0.24569514129820597,0.0,1.0,0.5445637311996759,0.267404998278588,0.0,1.0,0.2380108370891781,0.17273812019051227,0.0,1.0,13,0.1695447409733124,8.654631083202512,16
871,1274,1115,12.702704528020261,98.57064364207221,7,7,6,1,970,0.7613814756671899,304,1101,0.8642072213500785,0.9164948453608247,889,212,0.9164948453608247,0.6973684210526315,0.8642072213500785,174,1083,6.224137931034483,0.005494505494505495,0.005494505494505495,0.004709576138147566,0.0007849293563579278,0.4052514305970527,0.3044554374790276,0.0,1.0,0.39188231123714995,0.24610021078811428,0.0,1.0,0.544411809388768,0.2679245946583085,0.0,1.0,0.23874512584190005,0.17301308871648252,0.0,1.0,13,0.1695447409733124,8.66248037676609,16
872,1273,1117,12.717854857393904,98.60565593087196,7,8,7,1,902,0.7080062794348508,372,1066,0.8367346938775511,0.9257206208425721,835,231,0.9257206208425721,0.6209677419354839,0.8367346938775511,173,1041,6.017341040462428,0.005494505494505495,0.006279434850863423,0.005494505494505495,0.0007849293563579278,0.40374528038922536,0.3038581664711796,0.0,1.0,0.3914299470389986,0.24581650875438604,0.0,1.0,0.5442059650812153,0.2677734463129618,0.0,1.0,0.2388313103413324,0.1730631380611314,0.0,1.0,13,0.16967792615868027,8.672427336999215,16
873,1272,1123,12.772067470113747,99.28537735849056,4,5,2,3,959,0.753338570306363,314,1070,0.8405341712490181,0.9071949947862357,870,200,0.9071949947862357,0.6369426751592356,0.8405341712490181,175,1051,6.005714285714285,0.003142183817753339,0.003927729772191673,0.0015710919088766694,0.002356637863315004,0.4029214850882532,0.30356280993801255,0.0,1.0,0.3916869547575573,0.2459184627087379,0.0,1.0,0.5442787583688374,0.26807978779938246,0.0,1.0,0.2396530736457699,0.1734785037346658,0.0,1.0,13,0.16981132075471697,8.66430817610063,16
874,1272,1125,12.833632924366878,99.75864779874213,4,4,3,1,926,0.7279874213836478,346,1085,0.8529874213836478,0.9330453563714903,864,221,0.9330453563714903,0.638728323699422,0.8529874213836478,182,1069,5.873626373626373,0.0031446540880503146,0.0031446540880503146,0.0023584905660377358,0.0007861635220125787,0.4040626902008521,0.30350790613639933,0.0,1.0,0.3916869547575573,0.24570213966811366,0.0,1.0,0.5447098803002638,0.268054005226962,0.0,1.0,0.23972915398660985,0.17393630440487226,0.0,1.0,13,0.1690251572327044,8.666666666666666,16
875,1270,1128,12.82194075977474,99.55590551181102,9,11,9,2,967,0.7602201257861635,305,1121,0.8812893081761006,0.9389865563598759,908,213,0.9389865563598759,0.6983606557377049,0.8812893081761006,180,1104,6.133333333333334,0.007075471698113208,0.008647798742138365,0.007075471698113208,0.0015723270440251573,0.4030734061468123,0.30312617818326426,0.0,1.0,0.3921259842519685,0.24504751632665212,0.0,1.0,0.5443230886461773,0.26754836994651027,0.0,1.0,0.2398272796545593,0.1739414246834717,0.0,1.0,13,0.16850393700787403,8.680314960629921,16
876,1265,1134,12.891995213879301,100.09486166007905,4,9,5,4,934,0.7354330708661417,336,1086,0.8551181102362204,0.9336188436830836,872,214,0.9336188436830836,0.6369047619047619,0.8551181102362204,179,1071,5.983240223463687,0.0031496062992125984,0.007086614173228346,0.003937007874015748,0.0031496062992125984,0.4030090526584215,0.3027789384326774,0.0,1.0,0.3928088741552977,0.2443815067705407,0.0,1.0,0.5450720387606783,0.26716492732315084,0.0,1.0,0.24064771133494836,0.17436071802527411,0.0,1.0,13,0.1707509881422925,8.683794466403162,16
877,1265,1143,12.911290023771247,100.57786561264822,4,4,3,1,924,0.7304347826086957,341,1093,0.8640316205533597,0.9264069264069265,856,237,0.9264069264069265,0.6950146627565983,0.8640316205533597,177,1079,6.096045197740113,0.0031620553359683794,0.0031620553359683794,0.0023715415019762848,0.0007905138339920949,0.40336605890603083,0.30299082114183684,0.0,1.0,0.3929873772791024,0.24474221715205977,0.0,1.0,0.5455820476858345,0.2671061038410115,0.0,1.0,0.24013770240979215,0.17411070169863707,0.0,1.0,13,0.1691699604743083,8.690118577075099,16
878,1262,1142,12.980467947153391,100.9310618066561,7,10,5,5,935,0.7391304347826086,330,1106,0.8743083003952569,0.9347593582887701,874,232,0.9347593582887701,0.703030303030303,0.8743083003952569,176,1081,6.142045454545454,0.005533596837944664,0.007905138339920948,0.003952569169960474,0.003952569169960474,0.40394151628239866,0.3034304417847677,0.0,1.0,0.3935892848013905,0.24466934822934525,0.0,1.0,0.5461377230202955,0.2672467071994372,0.0,1.0,0.2399161597055365,0.1740814096839459,0.0,1.0,13,0.16957210776545167,8.687004754358162,15
879,1263,1149,12.900022309668255,100.26840855106889,12,11,8,3,956,0.757527733755943,306,1049,0.8312202852614897,0.9089958158995816,869,180,0.9089958158995816,0.5882352941176471,0.8312202852614897,174,1030,5.919540229885057,0.009508716323296355,0.008716323296354992,0.006339144215530904,0.002377179080824089,0.40410696498352616,0.30421610757749695,0.0,1.0,0.3945802365080581,0.24558461307401308,0.0,1.0,0.5459096365540317,0.26763956840045966,0.0,1.0,0.23936863075626388,0.17346523075975073,0.0,1.0,13,0.16943784639746634,8.694378463974664,15
880,1259,1150,12.905031398828495,99.5297855440826,10,14,12,2,937,0.7418844022169437,326,1094,0.8661916072842438,0.9263607257203842,868,226,0.9263607257203842,0.6932515337423313,0.8661916072842438,176,1071,6.0852272727272725,0.00791765637371338,0.011084718923198733,0.009501187648456057,0.001583531274742676,0.4070306695021651,0.30467786809569797,0.0,1.0,0.39662814829998205,0.246348898686283,0.0,1.0,0.5449537523380051,0.26714119474249687,0.0,1.0,0.2393604755438264,0.17301352085671115,0.0,1.0,13,0.16679904686258937,8.708498808578236,15
881,1261,1153,12.916170536555965,99.87946074544013,7,5,3,2,958,0.7609213661636219,301,1113,0.8840349483717236,0.9342379958246346,895,218,0.9342379958246346,0.7242524916943521,0.8840349483717236,172,1088,6.325581395348837,0.005559968228752979,0.003971405877680699,0.0023828435266084196,0.0015885623510722795,0.4074595175360057,0.3048076808415069,0.0,1.0,0.397917679261211,0.24705197586406955,0.0,1.0,0.5441405950218721,0.2674796098427628,0.0,1.0,0.2383924688547236,0.17291280056144573,0.0,1.0,13,0.16494845360824742,8.721649484536082,15
882,1261,1157,12.877150424241202,99.76288659793815,10,10,7,3,936,0.7422680412371134,325,1096,0.8691514670896114,0.9273504273504274,868,228,0.9273504273504274,0.7015384615384616,0.8691514670896114,177,1077,6.084745762711864,0.007930214115781126,0.007930214115781126,0.0055511498810467885,0.0023790642347343376,0.4078944002455808,0.30497725720327956,0.0,1.0,0.39727814586477705,0.24684693035674884,0.0,1.0,0.5459057071960298,0.2672657121555413,0.0,1.0,0.2380343301527206,0.17251807859789647,0.0,1.0,13,0.16574147501982553,8.735923869944488,15
883,1260,1163,12.846417854406331,99.51269841269841,9,10,8,2,1001,0.7938144329896907,260,1104,0.8754956383822363,0.9210789210789211,922,182,0.9210789210789211,0.7,0.8754956383822363,172,1082,6.290697674418604,0.007137192704203013,0.007930214115781126,0.006344171292624901,0.0015860428231562252,0.4070404505888377,0.30461950001412036,0.0,1.0,0.397542242703533,0.2470343158725315,0.0,1.0,0.5460061443932412,0.26806366846127017,0.0,1.0,0.23778801843317973,0.17245096464460313,0.0,1.0,13,0.16507936507936508,8.746825396825397,15
884,1262,1169,12.749045273375387,99.2107765451664,11,9,7,2,960,0.7619047619047619,300,1070,0.8492063492063492,0.9322916666666666,895,175,0.9322916666666666,0.5833333333333334,0.8492063492063492,172,1048,6.093023255813954,0.00873015873015873,0.007142857142857143,0.005555555555555556,0.0015873015873015873,0.40552630233628134,0.3058019174783504,0.0,1.0,0.39742344460917134,0.24803278809738172,0.0,1.0,0.5450641582741169,0.268448442092766,0.0,1.0,0.23557077859005165,0.17002660431951414,0.0,0.9354838709677419,13,0.1648177496038035,8.757527733755943,15
885,1260,1167,12.753624172645875,98.85317460317461,10,12,9,3,949,0.7519809825673535,313,1113,0.881933438985737,0.9378292939936775,890,223,0.9378292939936775,0.7124600638977636,0.881933438985737,180,1091,6.061111111111111,0.00792393026941363,0.009508716323296355,0.0071315372424722665,0.002377179080824089,0.4060163850486431,0.30654668888541436,0.0,1.0,0.39838709677419354,0.24787328573889764,0.0,1.0,0.5458781362007168,0.26787912785901863,0.0,1.0,0.23717357910906295,0.17144563833800977,0.0,0.9354838709677419,13,0.16428571428571428,8.765873015873016,15
886,1255,1175,12.829563889522234,99.55776892430279,3,8,4,4,949,0.7531746031746032,311,1078,0.8555555555555555,0.9125395152792413,866,212,0.9125395152792413,0.6816720257234726,0.8555555555555555,172,1058,6.151162790697675,0.002380952380952381,0.006349206349206349,0.0031746031746031746,0.0031746031746031746,0.40665724199974296,0.3065676617964469,0.0,1.0,0.3981493381313456,0.24765449643246548,0.0,1.0,0.5453540676005655,0.2680359029575874,0.0,1.0,0.23698753373602366,0.17161945247348911,0.0,0.9354838709677419,13,0.1657370517928287,8.768127490039841,15
887,1265,1173,12.750080835370339,99.24822134387352,13,3,3,0,989,0.7880478087649403,266,1075,0.8565737051792829,0.9201213346814965,910,165,0.9201213346814965,0.6203007518796992,0.8565737051792829,168,1041,6.196428571428571,0.010358565737051793,0.002390438247011952,0.002390438247011952,0.0,0.4077011347698585,0.30684815935640924,0.0,1.0,0.3973989544817034,0.24679754784211966,0.0,1.0,0.5444855284967487,0.2674693488223099,0.0,1.0,0.23672064261124567,0.17123058064181151,0.0,0.9354838709677419,13,0.16600790513833993,8.792094861660079,15
888,1259,1172,12.812875304860928,99.38284352660843,5,11,8,3,995,0.7865612648221344,270,1144,0.9043478260869565,0.942713567839196,938,206,0.942713567839196,0.762962962962963,0.9043478260869565,180,1123,6.238888888888889,0.003952569169960474,0.008695652173913044,0.006324110671936759,0.0023715415019762848,0.4080811704117451,0.3068713601559787,0.0,1.0,0.39606446488508545,0.24718727101585072,0.0,1.0,0.5440313612954469,0.2676223425606695,0.0,1.0,0.23631146070870376,0.1703797733949966,0.0,0.9354838709677419,13,0.16600476568705322,8.803018268467037,15
889,1259,1173,12.840762195228004,99.71485305798252,7,7,4,3,977,0.7760127084988085,282,1073,0.852263701350278,0.9058341862845445,885,188,0.9058341862845445,0.6666666666666666,0.852263701350278,178,1052,5.910112359550562,0.005559968228752979,0.005559968228752979,0.003177124702144559,0.0023828435266084196,0.40979784262983937,0.306930965564039,0.0,1.0,0.3956801352840196,0.2473162386393175,0.0,1.0,0.5429808603858669,0.2673915306908442,0.0,1.0,0.2365933024161521,0.17022869296352677,0.0,0.9354838709677419,13,0.16679904686258937,8.813343923749008,16
890,1253,1183,12.895143273766537,100.05905826017558,3,9,7,2,905,0.7188244638602065,354,1056,0.8387609213661636,0.9116022099447514,825,231,0.9116022099447514,0.652542372881356,0.8387609213661636,174,1040,5.977011494252873,0.0023828435266084196,0.007148530579825258,0.005559968228752979,0.0015885623510722795,0.40982931287490665,0.30660535429033337,0.0,1.0,0.39515485415647605,0.24755056203518366,0.0,1.0,0.5423628453003115,0.2675947628506164,0.0,1.0,0.23594984939371313,0.17042609671423445,0.0,0.9354838709677419,13,0.16679968076616122,8.82122905027933,16
891,1255,1183,12.927135422411805,100.34820717131474,7,5,3,2,967,0.7717478052673583,286,1081,0.8627294493216281,0.9296794208893485,899,182,0.9296794208893485,0.6363636363636364,0.8627294493216281,183,1064,5.814207650273224,0.00558659217877095,0.0039904229848363925,0.0023942537909018356,0.0015961691939345571,0.40894486569849636,0.30673632130545253,0.0,1.0,0.3942423852975196,0.2468794747309538,0.0,1.0,0.5422182238786788,0.2675919353280442,0.0,1.0,0.23583087006811462,0.17058382906967218,0.0,0.9354838709677419,13,0.16733067729083664,8.82788844621514,16
892,1260,1189,12.902390472526438,100.46587301587302,9,4,2,2,971,0.7737051792828685,284,1101,0.8772908366533865,0.9340885684860968,907,194,0.9340885684860968,0.6830985915492958,0.8772908366533865,178,1085,6.095505617977528,0.007171314741035857,0.0031872509960159364,0.0015936254980079682,0.0015936254980079682,0.4086277521761393,0.3068753179887408,0.0,1.0,0.39546850998463906,0.2471082707902087,0.0,1.0,0.5419866871479775,0.26785449244740356,0.0,1.0,0.23579109062980033,0.1702898522894041,0.0,0.9354838709677419,13,0.16746031746031745,8.836507936507937,16
893,1260,1193,12.91565172456323,100.76190476190476,6,6,4,2,946,0.7507936507936508,314,1113,0.8833333333333333,0.9238900634249472,874,239,0.9238900634249472,0.7611464968152867,0.8833333333333333,177,1094,6.1807909604519775,0.004761904761904762,0.004761904761904762,0.0031746031746031746,0.0015873015873015873,0.4080645161290322,0.3071994136952504,0.0,1.0,0.39508448540706603,0.2473364424689675,0.0,1.0,0.5423195084485406,0.26810723669699904,0.0,1.0,0.23568868407578084,0.17037824833886264,0.0,0.9354838709677419,13,0.16666666666666666,8.84047619047619,16
894,1267,1196,12.86252459724024,100.65588003157065,11,4,3,1,989,0.7849206349206349,271,1082,0.8587301587301587,0.9271991911021233,917,165,0.9271991911021233,0.6088560885608856,0.8587301587301587,179,1064,5.944134078212291,0.00873015873015873,0.0031746031746031746,0.002380952380952381,0.0007936507936507937,0.40670112279451076,0.3075501863784843,0.0,1.0,0.39501489421289815,0.24726735213023784,0.0,1.0,0.5425567125798814,0.26852603506469813,0.0,1.0,0.2351503424395957,0.17029548304354744,0.0,0.9354838709677419,13,0.16732438831886345,8.847671665351223,16
895,1264,1206,12.862651845407989,100.64240506329114,6,9,7,2,915,0.7221783741120757,352,1114,0.8792423046566693,0.9497267759562842,869,245,0.9497267759562842,0.6960227272727273,0.8792423046566693,171,1095,6.4035087719298245,0.004735595895816891,0.007103393843725336,0.0055248618784530384,0.0015785319652722968,0.40618619844834625,0.30726632267755694,0.0,1.0,0.39375765618619846,0.24693538252824138,0.0,1.0,0.5434871376071866,0.26883107337765294,0.0,1.0,0.23591261739485503,0.17039902652888628,0.0,0.9354838709677419,13,0.1685126582278481,8.865506329113924,16
896,1263,1208,12.795393553016266,99.90736342042756,10,11,11,0,941,0.7444620253164557,323,1089,0.8615506329113924,0.9362380446333688,881,208,0.9362380446333688,0.6439628482972136,0.8615506329113924,178,1069,6.00561797752809,0.007911392405063292,0.00870253164556962,0.00870253164556962,0.0,0.4056394146042449,0.30709474075993276,0.0,1.0,0.39373738921666285,0.24628050993715442,0.0,1.0,0.5431256864097259,0.26924911125696827,0.0,1.0,0.23592061910964676,0.17044206612778307,0.0,0.9354838709677419,13,0.171021377672209,8.884402216943785,16
897,1266,1210,12.776585619162566,99.8436018957346,9,6,5,1,915,0.7244655581947743,348,1094,0.8661916072842438,0.9224043715846995,844,250,0.9224043715846995,0.7183908045977011,0.8661916072842438,176,1072,6.090909090909091,0.007125890736342043,0.004750593824228029,0.00395882818685669,0.000791765637371338,0.4053406716608062,0.3073843261842079,0.0,1.0,0.3939254955919074,0.2463904949229303,0.0,1.0,0.5428323905620955,0.26892082999175976,0.0,1.0,0.23566732915456354,0.17073864804084932,0.0,0.9354838709677419,13,0.17140600315955767,8.888625592417062,16
898,1258,1216,12.84548769418681,100.25675675675676,4,12,8,4,940,0.7424960505529226,326,1079,0.8522906793048973,0.9276595744680851,872,207,0.9276595744680851,0.6349693251533742,0.8522906793048973,177,1062,6.0,0.00315955766192733,0.009478672985781991,0.00631911532385466,0.00315955766192733,0.4044822811426227,0.30734387046962486,0.0,1.0,0.3939176368018873,0.24697263268614175,0.0,1.0,0.5423098620442074,0.26903749371900904,0.0,1.0,0.23619159956920868,0.17150247854934123,0.0,0.9354838709677419,13,0.17090620031796502,8.894276629570747,16
899,1259,1215,12.877541593751033,100.14773629864972,8,7,6,1,926,0.7360890302066773,332,1051,0.8354531001589826,0.9092872570194385,842,209,0.9092872570194385,0.6295180722891566,0.8354531001589826,175,1025,5.857142857142857,0.006359300476947536,0.005564387917329093,0.0047694753577106515,0.000794912559618442,0.40364856901278534,0.307232470907697,0.0,1.0,0.393809731225499,0.24690419477808537,0.0,1.0,0.5418278715826693,0.2687701435315067,0.0,1.0,0.23633708268210818,0.17194996263160325,0.0,0.9354838709677419,13,0.1699761715647339,8.89912629070691,16
900,1262,1223,12.856678005020653,100.2147385103011,9,6,4,2,933,0.7410643367752184,326,1092,0.8673550436854647,0.9196141479099679,858,234,0.9196141479099679,0.7177914110429447,0.8673550436854647,169,1069,6.325443786982248,0.007148530579825258,0.004765687053216839,0.003177124702144559,0.0015885623510722795,0.40437605439394714,0.3072394891163607,0.0,1.0,0.39471397167833955,0.24810086756554867,0.0,1.0,0.5419712693625071,0.2679972680147758,0.0,1.0,0.23697663718623793,0.17310083510667715,0.0,1.0,13,0.17036450079239301,8.915213946117275,16
901,1262,1222,12.876006067659846,100.25594294770207,6,6,6,0,928,0.7353407290015848,334,1097,0.8692551505546752,0.9353448275862069,868,229,0.9353448275862069,0.6856287425149701,0.8692551505546752,174,1070,6.149425287356322,0.004754358161648178,0.004754358161648178,0.004754358161648178,0.0,0.4042738101324063,0.30723448736935605,0.0,1.0,0.3933592352129237,0.24796091801567693,0.0,1.0,0.5410255099432544,0.26785754470775763,0.0,1.0,0.23613312202852615,0.17282670112140133,0.0,1.0,13,0.17115689381933438,8.931061806656102,16
902,1254,1229,12.967255105559252,100.71451355661883,1,9,7,2,940,0.7448494453248812,322,1116,0.884310618066561,0.9361702127659575,880,236,0.9361702127659575,0.7329192546583851,0.884310618066561,179,1102,6.156424581005586,0.000792393026941363,0.0071315372424722665,0.005546751188589541,0.001584786053882726,0.40353449606420744,0.30693847534134205,0.0,1.0,0.3933991871173535,0.2474322544244285,0.0,1.0,0.5412100632813706,0.2681582588483734,0.0,1.0,0.23630189844111746,0.17316299605363242,0.0,1.0,13,0.1722488038277512,8.92902711323764,16
903,1247,1231,12.96575903790969,100.41058540497194,6,13,11,2,984,0.784688995215311,270,1067,0.8508771929824561,0.9217479674796748,907,160,0.9217479674796748,0.5925925925925926,0.8508771929824561,173,1042,6.023121387283237,0.004784688995215311,0.01036682615629984,0.008771929824561403,0.001594896331738437,0.40347155754455855,0.3072646140762683,0.0,1.0,0.392994800424244,0.2476564669128596,0.0,1.0,0.5398763483974443,0.26822205028012447,0.0,1.0,0.23674884238300956,0.17374984671914637,0.0,1.0,13,0.17321571772253408,8.939053728949478,16
904,1247,1231,13.004655031196025,100.58460304731355,7,7,4,3,968,0.7762630312750601,279,1082,0.867682437850842,0.9338842975206612,904,178,0.9338842975206612,0.6379928315412187,0.867682437850842,171,1053,6.157894736842105,0.0056134723336006415,0.0056134723336006415,0.0032076984763432237,0.0024057738572574178,0.40404066533874844,0.3073993922451304,0.0,1.0,0.3940295418682257,0.24722157586705398,0.0,1.0,0.5401609022945392,0.2684967876936139,0.0,1.0,0.2374990299298963,0.17416394937510996,0.0,1.0,13,0.1748195669607057,8.948676824378508,16
905,1241,1238,12.963391019228048,100.32876712328768,6,12,11,1,948,0.7602245388933441,299,1089,0.8732959101844426,0.929324894514768,881,208,0.929324894514768,0.6956521739130435,0.8732959101844426,173,1069,6.179190751445087,0.0048115477145148355,0.009623095429029671,0.008821170809943865,0.0008019246190858059,0.40375867536586,0.3079523678230913,0.0,1.0,0.39484286865431106,0.24799105638063312,0.0,1.0,0.5398092069350939,0.2688572719625885,0.0,1.0,0.236359855475553,0.17399033039673786,0.0,1.0,13,0.17324738114423852,8.947622884770347,16
906,1234,1239,13.132618990551494,101.39141004862236,2,9,2,7,917,0.7389202256244963,324,1090,0.878323932312651,0.9422028353326063,864,226,0.9422028353326063,0.6975308641975309,0.878323932312651,174,1065,6.120689655172414,0.0016116035455278,0.007252215954875101,0.0016116035455278,0.0056406124093473006,0.4020494588801171,0.3069799758645866,0.0,1.0,0.3947561039368432,0.24805343891968545,0.0,1.0,0.5405186385737439,0.26917322144649736,0.0,1.0,0.2362628744706436,0.1743505668714201,0.0,1.0,13,0.17098865478119935,8.939222042139384,16
907,1232,1240,13.176731636378092,101.22970779220779,8,10,6,4,892,0.7228525121555915,342,1063,0.8614262560777958,0.9304932735426009,830,233,0.9304932735426009,0.6812865497076024,0.8614262560777958,177,1041,5.88135593220339,0.006482982171799027,0.008103727714748784,0.004862236628849271,0.0032414910858995136,0.40244030163385003,0.30722961112906744,0.0,1.0,0.3947947214076246,0.24885008066580983,0.0,1.0,0.539327607875995,0.26934026950932194,0.0,1.0,0.23672496857980727,0.17426320275274013,0.0,1.0,13,0.17126623376623376,8.960227272727273,16
908,1234,1242,13.161583912525241,101.11831442463533,10,8,6,2,939,0.7621753246753247,293,1080,0.8766233766233766,0.9350372736954207,878,202,0.9350372736954207,0.689419795221843,0.8766233766233766,173,1055,6.098265895953757,0.008116883116883116,0.006493506493506494,0.00487012987012987,0.0016233766233766235,0.4015789198515188,0.3070162673497583,0.0,1.0,0.3939718722225127,0.24781453729205818,0.0,1.0,0.5394991373451142,0.2693121892627282,0.0,1.0,0.2375960683850055,0.17427275077721135,0.0,1.0,13,0.17017828200972449,8.967585089141005,16
909,1233,1250,13.136630460361763,100.79399837793999,11,12,7,5,926,0.7504051863857374,308,1055,0.8549432739059968,0.908207343412527,841,214,0.908207343412527,0.6948051948051948,0.8549432739059968,162,1025,6.327160493827161,0.008914100486223663,0.009724473257698542,0.005672609400324149,0.004051863857374392,0.3997331449650734,0.3067345106219105,0.0,1.0,0.3930094445752557,0.24694228153237463,0.0,1.0,0.5396750647515893,0.26807536867119997,0.0,1.0,0.23752714334301336,0.1741376855111004,0.0,1.0,13,0.1678832116788321,8.97242497972425,16
910,1229,1252,13.090725265263027,100.14808787632221,8,12,12,0,934,0.7575020275750203,299,1102,0.8937550689375506,0.9379014989293362,876,226,0.9379014989293362,0.7558528428093646,0.8937550689375506,174,1078,6.195402298850575,0.006488240064882401,0.009732360097323601,0.009732360097323601,0.0,0.39756949001286124,0.30628056050818486,0.0,1.0,0.393212420273498,0.24671015217912637,0.0,1.0,0.5399879261922885,0.2680119740411627,0.0,1.0,0.23761778524370716,0.1740126192510655,0.0,1.0,13,0.16924328722538648,8.98860862489829,16
911,1224,1260,13.049532621324847,99.53186274509804,9,14,12,2,919,0.7477624084621644,310,1032,0.8397070789259561,0.9292709466811752,854,178,0.9292709466811752,0.5741935483870968,0.8397070789259561,167,1007,6.029940119760479,0.007323026851098454,0.011391375101708706,0.009764035801464606,0.0016273393002441008,0.3977440438541008,0.3065301862201255,0.0,1.0,0.39386991355682055,0.24670786467518094,0.0,1.0,0.5391893316466372,0.2676722761878649,0.0,1.0,0.23750790638836178,0.17406441452124183,0.0,1.0,13,0.16748366013071894,9.0,15
912,1218,1253,13.076822668541144,98.80131362889983,10,16,13,3,882,0.7205882352941176,342,1059,0.8651960784313726,0.9342403628117913,824,235,0.9342403628117913,0.6871345029239766,0.8651960784313726,170,1022,6.011764705882353,0.008169934640522876,0.013071895424836602,0.010620915032679739,0.0024509803921568627,0.3978229779119657,0.30591285326956386,0.0,1.0,0.3948037501986334,0.24721878444938802,0.0,1.0,0.5386937867471794,0.26730122837941755,0.0,1.0,0.23785687801260658,0.17416448353068031,0.0,1.0,13,0.1683087027914614,9.01559934318555,15
913,1215,1252,13.076812342815941,98.06090534979424,11,14,12,2,884,0.7257799671592775,334,1076,0.8834154351395731,0.9321266968325792,824,252,0.9321266968325792,0.7544910179640718,0.8834154351395731,176,1051,5.971590909090909,0.0090311986863711,0.011494252873563218,0.009852216748768473,0.0016420361247947454,0.3964423204566574,0.30527314880011475,0.0,1.0,0.39182264701977965,0.24608098928061284,0.0,1.0,0.5396521969998672,0.26698685951053286,0.0,1.0,0.2384972786406478,0.17395381363742166,0.0,1.0,13,0.16872427983539096,9.038683127572016,15
914,1216,1253,13.123817284746433,98.44161184210526,7,6,3,3,922,0.7588477366255144,293,1034,0.8510288065843621,0.93058568329718,858,176,0.93058568329718,0.6006825938566553,0.8510288065843621,172,1007,5.854651162790698,0.005761316872427984,0.0049382716049382715,0.0024691358024691358,0.0024691358024691358,0.39563879456706286,0.3046742948930156,0.0,1.0,0.3914738964346349,0.24610966677598073,0.0,1.0,0.5392879881154499,0.26685514908907015,0.0,1.0,0.23853989813242785,0.17468893334768978,0.0,1.0,13,0.16776315789473684,9.047697368421053,15
915,1219,1259,13.10724280660461,98.47497949138638,9,6,4,2,892,0.7335526315789473,324,1039,0.8544407894736842,0.9338565022421524,833,206,0.9338565022421524,0.6358024691358025,0.8544407894736842,176,1021,5.801136363636363,0.007401315789473684,0.004934210526315789,0.003289473684210526,0.001644736842105263,0.3945328005504247,0.3046376908728292,0.0,1.0,0.39156897509857364,0.24601311180953003,0.0,1.0,0.5388340522374236,0.26722362817852935,0.0,1.0,0.2377411416020535,0.17466361035820555,0.0,1.0,13,0.16735028712059064,9.058244462674324,15
916,1225,1264,13.104330081163146,98.51591836734694,10,4,3,1,872,0.7153404429860541,347,1040,0.8531583264971287,0.9094036697247706,793,247,0.9094036697247706,0.7118155619596542,0.8531583264971287,170,1015,5.970588235294118,0.008203445447087777,0.003281378178835111,0.002461033634126333,0.0008203445447087777,0.3947333772218565,0.3045149950029312,0.0,1.0,0.39238973008558264,0.2462675908408824,0.0,1.0,0.5385385121790652,0.26714729768375517,0.0,1.0,0.23770901909150757,0.1744912999693381,0.0,1.0,13,0.1673469387755102,9.060408163265306,15
917,1230,1266,13.097985783987065,98.38130081300812,12,7,4,3,898,0.7330612244897959,327,1058,0.8636734693877551,0.920935412026726,827,231,0.920935412026726,0.7064220183486238,0.8636734693877551,176,1036,5.886363636363637,0.009795918367346938,0.005714285714285714,0.0032653061224489797,0.0024489795918367346,0.39493836873852606,0.3047752071978069,0.0,1.0,0.3923419879360084,0.2459479828942555,0.0,1.0,0.5382638342512457,0.26677989859387397,0.0,1.0,0.23794912142669813,0.17426132536412806,0.0,1.0,13,0.16585365853658537,9.058536585365854,15
918,1230,1270,13.062386656660399,97.77804878048781,10,10,9,1,908,0.7382113821138211,322,1022,0.8308943089430895,0.9273127753303965,842,180,0.9273127753303965,0.5590062111801242,0.8308943089430895,168,994,5.916666666666667,0.008130081300813009,0.008130081300813009,0.007317073170731708,0.0008130081300813008,0.39504327301337533,0.3050305346948961,0.0,1.0,0.3933385785470758,0.24594534852679711,0.0,1.0,0.5390243902439025,0.26666336130520446,0.0,1.0,0.2373721479150275,0.17361484957184997,0.0,1.0,13,0.16585365853658537,9.06178861788618,15
919,1230,1268,13.10145568942664,97.84227642276423,7,7,5,2,924,0.751219512195122,306,1032,0.8390243902439024,0.8831168831168831,816,216,0.8831168831168831,0.7058823529411765,0.8390243902439024,176,1006,5.715909090909091,0.005691056910569106,0.005691056910569106,0.0040650406504065045,0.0016260162601626016,0.39357461316548653,0.30474339866150896,0.0,1.0,0.3945712037765539,0.24566142791363862,0.0,1.0,0.5394964594807239,0.2665113297211332,0.0,1.0,0.23666404405979546,0.1736727497915228,0.0,1.0,13,0.16422764227642275,9.053658536585365,15
920,1231,1271,13.096948890675277,97.43541835905768,9,8,7,1,917,0.7455284552845528,313,1070,0.8699186991869918,0.925845147219193,849,221,0.925845147219193,0.7060702875399361,0.8699186991869918,172,1045,6.075581395348837,0.007317073170731708,0.0065040650406504065,0.005691056910569106,0.0008130081300813008,0.3928094127512382,0.3048193209859197,0.0,1.0,0.3947485652891696,0.24489250274759541,0.0,1.0,0.5401063913419459,0.2668996780581252,0.0,1.0,0.2367862477398391,0.17351386699224217,0.0,1.0,13,0.16490658001624695,9.058489033306255,15
921,1229,1265,13.120234090003317,97.03254678600489,10,12,8,4,950,0.7717303005686433,281,1090,0.8854589764419172,0.9357894736842105,889,201,0.9357894736842105,0.7153024911032029,0.8854589764419172,180,1064,5.911111111111111,0.008123476848090982,0.00974817221770918,0.006498781478472786,0.003249390739236393,0.39284495656053964,0.30430941779715187,0.0,1.0,0.3947085225333998,0.24450514293354395,0.0,1.0,0.5405653691697945,0.26623230035484374,0.0,1.0,0.2370665896742697,0.1737058582184582,0.0,1.0,13,0.16517493897477625,9.06346623270952,15
922,1238,1271,13.028966252487365,96.58804523424878,15,6,4,2,919,0.7477624084621644,310,1058,0.8608624898291294,0.926006528835691,851,207,0.926006528835691,0.667741935483871,0.8608624898291294,164,1028,6.2682926829268295,0.012205044751830757,0.004882017900732303,0.0032546786004882017,0.0016273393002441008,0.3917348480900516,0.3049433483878519,0.0,1.0,0.39470529991140757,0.2445369329034615,0.0,1.0,0.5393454583355047,0.26582306896407615,0.0,1.0,0.2365938819115118,0.17341366124244678,0.0,1.0,13,0.16558966074313408,9.075928917609048,16
923,1240,1260,13.062086854617961,96.31209677419355,10,8,7,1,932,0.752827140549273,306,1095,0.8844911147011308,0.924892703862661,862,233,0.924892703862661,0.761437908496732,0.8844911147011308,179,1063,5.93854748603352,0.008077544426494346,0.006462035541195477,0.005654281098546042,0.0008077544426494346,0.39255983350676377,0.3054840350818111,0.0,1.0,0.39529136316337143,0.2451040855523371,0.0,1.0,0.5388397502601456,0.2655306232781526,0.0,1.0,0.23584807492195628,0.17343903811570988,0.0,1.0,13,0.16693548387096774,9.086290322580645,16
924,1237,1267,13.084684265145714,96.60064672594987,5,8,5,3,967,0.7798387096774193,273,1080,0.8709677419354839,0.9245087900723888,894,186,0.9245087900723888,0.6813186813186813,0.8709677419354839,175,1062,6.0685714285714285,0.004032258064516129,0.0064516129032258064,0.004032258064516129,0.0024193548387096775,0.3928599368920646,0.3051701215517197,0.0,1.0,0.3964325762119592,0.24514974600149264,0.0,1.0,0.5401204787858241,0.2661139406808831,0.0,1.0,0.2355594961796229,0.17357916473361093,0.0,1.0,13,0.16491511721907842,9.08164915117219,16
925,1236,1263,13.123174437025082,96.58009708737865,7,8,7,1,932,0.7534357316087308,305,1070,0.8649959579628133,0.9302575107296137,867,203,0.9302575107296137,0.6655737704918033,0.8649959579628133,173,1039,6.005780346820809,0.005658852061438965,0.0064672594987873885,0.005658852061438965,0.0008084074373484236,0.39364756237603094,0.3060956778198113,0.0,1.0,0.39649232696523645,0.24543892285612734,0.0,1.0,0.5393830253679924,0.2664632841894838,0.0,1.0,0.23491491804990083,0.17321133999536473,0.0,1.0,13,0.16666666666666666,9.088996763754045,16
926,1242,1269,13.085100001222589,96.33735909822866,11,5,4,1,915,0.7402912621359223,321,1071,0.866504854368932,0.9278688524590164,849,222,0.9278688524590164,0.6915887850467289,0.866504854368932,174,1051,6.040229885057471,0.00889967637540453,0.0040453074433656954,0.003236245954692557,0.0008090614886731392,0.3952781673679289,0.3072606310225971,0.0,1.0,0.3978494623655914,0.2450315292966564,0.0,1.0,0.5408030751649264,0.26650925946370146,0.0,1.0,0.2351825879175108,0.17360902815429569,0.0,1.0,13,0.16908212560386474,9.08937198067633,16
927,1241,1266,13.14604853221379,96.21917808219177,8,9,6,3,925,0.7447665056360708,317,1070,0.8615136876006442,0.9178378378378378,849,221,0.9178378378378378,0.6971608832807571,0.8615136876006442,183,1050,5.737704918032787,0.00644122383252818,0.007246376811594203,0.004830917874396135,0.0024154589371980675,0.39681838267786124,0.3074501075425503,0.0,1.0,0.3985599542512542,0.24476444157522917,0.0,1.0,0.5401991110186894,0.2665658103750632,0.0,1.0,0.2352161368303397,0.17406556592958092,0.0,1.0,13,0.17002417405318293,9.09508460918614,16
928,1243,1272,13.113118257146425,95.99678197908287,11,9,6,3,921,0.7421434327155519,320,1074,0.8654311039484287,0.9120521172638436,840,234,0.9120521172638436,0.73125,0.8654311039484287,171,1051,6.146198830409356,0.008863819500402902,0.007252215954875101,0.004834810636583401,0.0024174053182917004,0.3997871953909636,0.30950942508308665,0.0,1.0,0.4002024238964005,0.24651685440743082,0.0,1.0,0.5402122855734046,0.26624458770575277,0.0,1.0,0.23465600913502713,0.17394243126151443,0.0,1.0,13,0.17055510860820594,9.102976669348351,16
929,1242,1272,13.14336076526221,96.05314009661836,5,6,6,0,947,0.7618664521319388,296,1060,0.8527755430410298,0.914466737064414,866,194,0.914466737064414,0.6554054054054054,0.8527755430410298,178,1038,5.831460674157303,0.004022526146419952,0.004827031375703942,0.004827031375703942,0.0,0.40104410160511145,0.31038288166866507,0.0,1.0,0.40099215625162327,0.2468957091175474,0.0,1.0,0.5396083320346995,0.2657074547471798,0.0,1.0,0.23484494311983795,0.17388490413529809,0.0,1.0,13,0.16988727858293076,9.105475040257648,16
930,1248,1275,13.060263940803711,95.59535256410257,16,10,6,4,923,0.7431561996779388,319,1039,0.8365539452495975,0.914409534127844,844,195,0.914409534127844,0.6112852664576802,0.8365539452495975,170,1012,5.952941176470588,0.01288244766505636,0.008051529790660225,0.004830917874396135,0.00322061191626409,0.40330334987593053,0.3105919333131173,0.0,1.0,0.4027605459057072,0.24685469783378916,0.0,1.0,0.5406069065343259,0.2662486933102319,0.0,1.0,0.23529259718775847,0.17369357596495819,0.0,1.0,13,0.17227564102564102,9.10576923076923,16
931,1247,1275,13.131847913437316,95.87089013632719,7,8,4,4,909,0.7283653846153846,339,1068,0.8557692307692307,0.9361936193619362,851,217,0.9361936193619362,0.640117994100295,0.8557692307692307,167,1035,6.197604790419161,0.005608974358974359,0.00641025641025641,0.003205128205128205,0.003205128205128205,0.40460977313293844,0.3104900461844901,0.0,1.0,0.40298005535866727,0.24659849569057024,0.0,1.0,0.5410921695941227,0.26598521175617607,0.0,1.0,0.2359210492278242,0.17465254363012384,0.0,1.0,13,0.1740176423416199,9.112269446672013,16
932,1245,1281,13.102811682428323,95.70522088353414,8,10,8,2,942,0.7554129911788292,305,1099,0.8813151563753007,0.9246284501061571,871,228,0.9246284501061571,0.7475409836065574,0.8813151563753007,173,1078,6.23121387283237,0.006415396952686447,0.00801924619085806,0.006415396952686447,0.0016038492381716118,0.40393833398108564,0.309868235046324,0.0,1.0,0.40222826791035104,0.24599319420492738,0.0,1.0,0.5405881590879648,0.26584059180337105,0.0,1.0,0.23611866822127217,0.17508508798808176,0.0,1.0,13,0.1742971887550201,9.116465863453815,16
933,1246,1272,13.13783394005473,95.74478330658106,8,7,5,2,1004,0.8064257028112449,241,1105,0.8875502008032129,0.9422310756972112,946,159,0.9422310756972112,0.6597510373443983,0.8875502008032129,178,1074,6.033707865168539,0.00642570281124498,0.005622489959839358,0.004016064257028112,0.001606425702811245,0.40454616061720083,0.3097691678432244,0.0,1.0,0.40177600579920264,0.24565817324324546,0.0,1.0,0.5410086470253197,0.26578980181700285,0.0,1.0,0.23621394915341998,0.17494688431835798,0.0,1.0,13,0.17656500802568217,9.129213483146067,16
934,1246,1272,13.18055100572904,95.94622792937399,5,5,5,0,937,0.7520064205457464,309,1126,0.9036918138041734,0.9434364994663821,884,242,0.9434364994663821,0.7831715210355987,0.9036918138041734,182,1108,6.087912087912088,0.0040128410914927765,0.0040128410914927765,0.0040128410914927765,0.0,0.4055299539170507,0.31047166457252606,0.0,1.0,0.4024750168280433,0.2456239061417653,0.0,1.0,0.5405167503753948,0.26660239303760425,0.0,1.0,0.23631750634287785,0.17498365226918813,0.0,1.0,13,0.1781701444622793,9.134831460674157,16
935,1250,1277,13.158693800087445,95.6344,10,6,6,0,891,0.7150882825040128,355,1083,0.8691813804173355,0.9248035914702581,824,259,0.9248035914702581,0.7295774647887324,0.8691813804173355,178,1066,5.98876404494382,0.008025682182985553,0.004815409309791332,0.004815409309791332,0.0,0.40598709677419353,0.3102351708428424,0.0,1.0,0.40229677419354837,0.24596381923894778,0.0,1.0,0.5399741935483872,0.2667115489111423,0.0,1.0,0.23633548387096776,0.17484425369141357,0.0,1.0,13,0.1808,9.1456,16
936,1254,1277,13.180359935964024,95.90988835725678,11,7,2,5,927,0.7416,323,1103,0.8824,0.9363538295577131,868,235,0.9363538295577131,0.7275541795665634,0.8824,175,1078,6.16,0.0088,0.0056,0.0016,0.004,0.4069558059371302,0.3099266470929357,0.0,1.0,0.40008746205690177,0.24540925183115794,0.0,1.0,0.5405412357874158,0.2665472156987011,0.0,1.0,0.2370736224726038,0.17464165416818792,0.0,1.0,13,0.18261562998405104,9.159489633173843,16
937,1257,1275,13.183115908736204,95.87350835322195,9,6,5,1,942,0.7511961722488039,312,1101,0.8779904306220095,0.9278131634819533,874,227,0.9278131634819533,0.7275641025641025,0.8779904306220095,177,1076,6.0790960451977405,0.007177033492822967,0.004784688995215311,0.003987240829346092,0.0007974481658692185,0.40767829188800786,0.31093552222274506,0.0,1.0,0.39995380706751865,0.24557120944713548,0.0,1.0,0.5390458593168579,0.2666604684372974,0.0,1.0,0.23640516334334183,0.174400591838337,0.0,1.0,13,0.18456642800318218,9.174224343675418,16
938,1261,1277,13.213868759844535,96.30293417922285,7,3,1,2,946,0.7525855210819411,311,1071,0.8520286396181385,0.9112050739957717,862,209,0.9112050739957717,0.6720257234726688,0.8520286396181385,175,1048,5.988571428571428,0.005568814638027049,0.002386634844868735,0.0007955449482895784,0.0015910898965791568,0.4074850988718631,0.3109425842509625,0.0,1.0,0.40073162620552044,0.24546799261354776,0.0,1.0,0.5391778158655445,0.26648601978518915,0.0,1.0,0.2364738686654217,0.17451146711378604,0.0,1.0,13,0.18398096748612214,9.176843774781918,16
939,1257,1278,13.1835200131919,95.77804295942721,8,12,10,2,997,0.7906423473433782,264,1125,0.8921490880253767,0.9297893681043129,927,198,0.9297893681043129,0.75,0.8921490880253767,174,1100,6.32183908045977,0.006344171292624901,0.00951625693893735,0.007930214115781126,0.0015860428231562252,0.405856237329022,0.31109467818388853,0.0,1.0,0.40026175995072755,0.24519727837691976,0.0,1.0,0.539559114122206,0.2668051966395864,0.0,1.0,0.23514768907023892,0.17382835898355548,0.0,1.0,13,0.18217979315831345,9.184566428003182,16
940,1265,1287,13.044732940523946,95.2600790513834,15,7,6,1,947,0.7533810660302307,310,1096,0.8719172633253779,0.9313621964097148,882,214,0.9313621964097148,0.6903225806451613,0.8719172633253779,168,1073,6.386904761904762,0.011933174224343675,0.005568814638027049,0.00477326968973747,0.0007955449482895784,0.4048960856814995,0.31139718942074407,0.0,1.0,0.40068851204896083,0.2457645458470816,0.0,1.0,0.5391304347826087,0.26724526806062093,0.0,1.0,0.23508861405074588,0.1742734788566205,0.0,1.0,13,0.18181818181818182,9.199209486166009,16
941,1266,1281,13.066467936211543,95.26540284360189,7,6,5,1,946,0.7478260869565218,319,1106,0.8743083003952569,0.9397463002114165,889,217,0.9397463002114165,0.6802507836990596,0.8743083003952569,179,1079,6.027932960893855,0.005533596837944664,0.0047430830039525695,0.003952569169960474,0.0007905138339920949,0.4052642307496306,0.3116496906929305,0.0,1.0,0.40029557152321255,0.24556645061616283,0.0,1.0,0.5394435101666412,0.26756834427209875,0.0,1.0,0.23518320338378434,0.17398219320270605,0.0,1.0,13,0.18246445497630331,9.20695102685624,16
942,1268,1279,13.031352832424318,94.84779179810725,11,9,7,2,939,0.7417061611374408,327,1104,0.8720379146919431,0.933972310969116,877,227,0.933972310969116,0.6941896024464832,0.8720379146919431,178,1080,6.067415730337078,0.008688783570300158,0.0071090047393364926,0.005529225908372828,0.001579778830963665,0.40604965910247276,0.3116485888732864,0.0,1.0,0.4015213188155083,0.24650289899768196,0.0,1.0,0.5400681795054442,0.2672083124649918,0.0,1.0,0.23499033275669073,0.1738996631113862,0.0,1.0,13,0.18138801261829654,9.215299684542586,16
943,1273,1282,12.996240422664053,94.7949725058916,10,5,4,1,930,0.7334384858044164,338,1099,0.8667192429022083,0.9268817204301075,862,237,0.9268817204301075,0.7011834319526628,0.8667192429022083,174,1076,6.183908045977011,0.007886435331230283,0.003943217665615142,0.0031545741324921135,0.0007886435331230284,0.406203279020855,0.31135919571698323,0.0,1.0,0.40093251906849453,0.2464272588835178,0.0,1.0,0.5402782353090236,0.2673639931594196,0.0,1.0,0.2343967767275676,0.1734836187468215,0.0,1.0,13,0.18303220738413198,9.227808326787118,16
944,1261,1281,13.106203928673805,94.89452815226011,1,13,11,2,948,0.7446975648075412,325,1068,0.8389630793401414,0.9040084388185654,857,211,0.9040084388185654,0.6492307692307693,0.8389630793401414,179,1046,5.843575418994414,0.0007855459544383347,0.01021209740769835,0.00864100549882168,0.0015710919088766694,0.405694405361848,0.3110999189131814,0.0,1.0,0.39998976746565706,0.24634527050151317,0.0,1.0,0.5399452559412653,0.2674387173702705,0.0,1.0,0.23452968714026248,0.1742457138935656,0.0,1.0,13,0.18398096748612214,9.241078509119745,16
945,1259,1285,12.97647921790044,93.89356632247815,12,14,13,1,984,0.7803330689928628,277,1110,0.880253766851705,0.926829268292683,912,198,0.926829268292683,0.7148014440433214,0.880253766851705,181,1095,6.0497237569060776,0.00951625693893735,0.011102299762093577,0.010309278350515464,0.0007930214115781126,0.40621076635322456,0.31097518845469846,0.0,1.0,0.3989597478797817,0.24683263694503255,0.0,1.0,0.5386251249071203,0.2674318092544027,0.0,1.0,0.23356990955443388,0.17361761509979665,0.0,1.0,13,0.187450357426529,9.269261318506752,16
946,1265,1291,12.931375363644351,93.92015810276679,10,4,3,1,977,0.7760127084988085,282,1117,0.8872120730738682,0.925281473899693,904,213,0.925281473899693,0.7553191489361702,0.8872120730738682,169,1092,6.461538461538462,0.007942811755361398,0.003177124702144559,0.0023828435266084196,0.0007942811755361397,0.4049980874665307,0.31092870531278605,0.0,1.0,0.3986484763483361,0.24652709375779766,0.0,1.0,0.5374219048833355,0.26720678841396606,0.0,1.0,0.23345658549024606,0.17335913447790657,0.0,1.0,13,0.18735177865612648,9.27509881422925,16
947,1264,1292,12.983421534649063,94.3631329113924,4,5,4,1,976,0.7715415019762846,289,1094,0.8648221343873518,0.9262295081967213,904,190,0.9262295081967213,0.657439446366782,0.8648221343873518,174,1069,6.14367816091954,0.0031620553359683794,0.003952569169960474,0.0031620553359683794,0.0007905138339920949,0.40432319314005716,0.3102329213178412,0.0,1.0,0.3987341772151899,0.24624829816678115,0.0,1.0,0.5383064516129032,0.2672381248825575,0.0,1.0,0.23366680277664353,0.17350860207241817,0.0,1.0,13,0.18670886075949367,9.278481012658228,16
948,1264,1299,12.974862252214061,94.5870253164557,5,5,5,0,957,0.757120253164557,307,1081,0.8552215189873418,0.9195402298850575,880,201,0.9195402298850575,0.6547231270358306,0.8552215189873418,171,1059,6.192982456140351,0.003955696202531646,0.003955696202531646,0.003955696202531646,0.0,0.40567578603511634,0.3102145730947596,0.0,1.0,0.39886178031849734,0.24663141407346933,0.0,1.0,0.5377960391996733,0.26723378670247583,0.0,1.0,0.23364128215598204,0.17344094503575963,0.0,1.0,13,0.1875,9.284018987341772,16
949,1270,1302,12.909329074450193,94.46062992125984,12,6,4,2,980,0.7753164556962026,284,1114,0.8813291139240507,0.9306122448979591,912,202,0.9306122448979591,0.7112676056338029,0.8813291139240507,176,1093,6.2102272727272725,0.00949367088607595,0.004746835443037975,0.0031645569620253164,0.0015822784810126582,0.4075438150876302,0.3114944682254034,0.0,1.0,0.3983235966471933,0.24733235526208686,0.0,1.0,0.5364236728473457,0.26685609237424446,0.0,1.0,0.2334264668529337,0.17302293863308826,0.0,1.0,13,0.18976377952755905,9.296062992125984,17
950,1271,1307,12.898101137531961,94.66955153422502,6,5,4,1,974,0.7669291338582677,296,1106,0.8708661417322835,0.9260780287474333,902,204,0.9260780287474333,0.6891891891891891,0.8708661417322835,172,1083,6.296511627906977,0.004724409448818898,0.003937007874015748,0.0031496062992125984,0.0007874015748031496,0.4072231669246974,0.3114343315196261,0.0,1.0,0.3982132433186975,0.24785828333976223,0.0,1.0,0.5362300449227176,0.266680734397129,0.0,1.0,0.23347123169462705,0.17399105363269785,0.0,1.0,13,0.18961447678992918,9.300550747442959,17
951,1274,1313,12.834046155398983,94.47488226059654,10,7,6,1,967,0.7608182533438238,304,1111,0.8741148701809599,0.9162357807652534,886,225,0.9162357807652534,0.7401315789473685,0.8741148701809599,177,1094,6.1807909604519775,0.007867820613690008,0.0055074744295830055,0.004720692368214005,0.0007867820613690008,0.4062136020661366,0.31053044945498864,0.0,1.0,0.3978579024661974,0.24691243534203722,0.0,1.0,0.5365371955233706,0.26717119577709614,0.0,1.0,0.23340254215830253,0.17311530905397385,0.0,1.0,13,0.18995290423861852,9.30298273155416,17
952,1268,1312,12.878765645825919,94.28627760252365,9,15,9,6,893,0.7009419152276295,381,1115,0.8751962323390895,0.9171332586786114,819,296,0.9171332586786114,0.7769028871391076,0.8751962323390895,179,1093,6.106145251396648,0.00706436420722135,0.011773940345368918,0.00706436420722135,0.004709576138147566,0.4043451714663682,0.3103981698134416,0.0,1.0,0.3971964994403175,0.24705698657326555,0.0,1.0,0.5350310369390454,0.2668748167179099,0.0,1.0,0.23303144398086906,0.1722023406224864,0.0,1.0,13,0.1892744479495268,9.31230283911672,17
953,1271,1318,12.795232880185873,93.84185680566483,12,9,7,2,937,0.7389589905362776,331,1114,0.8785488958990536,0.9338313767342583,875,239,0.9338313767342583,0.7220543806646526,0.8785488958990536,176,1096,6.2272727272727275,0.00946372239747634,0.007097791798107256,0.005520504731861199,0.0015772870662460567,0.40511662140554805,0.31054866418131055,0.0,1.0,0.3975026014568158,0.24661430445460614,0.0,1.0,0.5375244283140022,0.2672777875461378,0.0,1.0,0.23192304763838478,0.17143379563895098,0.0,1.0,13,0.1880409126671912,9.320220298977183,17
954,1272,1322,12.767562146977154,93.82861635220125,9,8,6,2,937,0.7372147915027537,334,1094,0.8607395751376868,0.9178228388473852,860,234,0.9178228388473852,0.7005988023952096,0.8607395751376868,173,1071,6.190751445086705,0.007081038552321007,0.006294256490952006,0.004720692368214005,0.0015735641227380016,0.40403733008723886,0.3099516032254905,0.0,1.0,0.39772266179752486,0.2468841628961495,0.0,1.0,0.5386234530330696,0.26734197191207265,0.0,1.0,0.23242544126597686,0.17191008608882213,0.0,1.0,13,0.1871069182389937,9.325471698113208,17
955,1271,1320,12.74360447251447,93.54523996852872,8,9,8,1,977,0.7680817610062893,295,1102,0.8663522012578616,0.9334698055271239,912,190,0.9334698055271239,0.6440677966101694,0.8663522012578616,180,1080,6.0,0.006289308176100629,0.007075471698113208,0.006289308176100629,0.0007861635220125787,0.4026293748889622,0.30886731130040057,0.0,1.0,0.39872084464861296,0.2462076572374621,0.0,1.0,0.5394786934341768,0.267385272600198,0.0,1.0,0.23220222836983834,0.1725589134559497,0.0,1.0,13,0.18568056648308418,9.335169158143195,17
956,1269,1322,12.71012612101868,93.19858156028369,9,11,9,2,991,0.7797010228166797,280,1108,0.8717545239968528,0.9243188698284561,916,192,0.9243188698284561,0.6857142857142857,0.8717545239968528,174,1084,6.2298850574712645,0.007081038552321007,0.00865460267505901,0.007081038552321007,0.0015735641227380016,0.4029334756857063,0.30912895353235226,0.0,1.0,0.4000610081598414,0.24669772704791532,0.0,1.0,0.5410915376598286,0.2677184766511224,0.0,1.0,0.2321868883296474,0.17207483172010588,0.0,1.0,13,0.18518518518518517,9.345941686367219,17
957,1267,1327,12.751069337141212,93.78058405682715,7,9,3,6,970,0.764381402679275,299,1118,0.8810086682427108,0.9288659793814433,901,217,0.9288659793814433,0.725752508361204,0.8810086682427108,171,1094,6.39766081871345,0.005516154452324665,0.0070921985815602835,0.002364066193853428,0.004728132387706856,0.40382412098683707,0.3095442473412891,0.0,1.0,0.39975049010871505,0.24698383774486476,0.0,1.0,0.5411054815795504,0.2679317631927107,0.0,1.0,0.23173867657916847,0.17147169118317324,0.0,1.0,13,0.18468823993685873,9.343330702446725,17
958,1264,1329,12.777593293853329,93.96756329113924,7,10,6,4,947,0.7474348855564326,320,1096,0.8650355169692187,0.9039070749736009,856,240,0.9039070749736009,0.75,0.8650355169692187,182,1080,5.934065934065934,0.0055248618784530384,0.007892659826361484,0.004735595895816891,0.0031570639305445935,0.40360861576153534,0.30934704616500586,0.0,1.0,0.40008677011024907,0.24673347538225676,0.0,1.0,0.5409095549203757,0.267825128218577,0.0,1.0,0.2314975500204165,0.17248716532697628,0.0,1.0,13,0.18354430379746836,9.339398734177216,17
959,1263,1325,12.763925906372616,93.70308788598575,9,10,8,2,974,0.7705696202531646,290,1088,0.8607594936708861,0.9096509240246407,886,202,0.9096509240246407,0.696551724137931,0.8607594936708861,180,1064,5.911111111111111,0.007120253164556962,0.007911392405063292,0.006329113924050633,0.0015822784810126582,0.40231910709268764,0.31012229793619506,0.0,1.0,0.40040354506678927,0.2471447828562116,0.0,1.0,0.5415932367890072,0.2675016636317633,0.0,1.0,0.23101678032334685,0.1720758512411632,0.0,1.0,13,0.1828978622327791,9.34837688044339,17
960,1262,1327,12.759653915902126,93.78763866877972,7,8,7,1,957,0.7577197149643705,306,1098,0.8693586698337292,0.922675026123302,883,215,0.922675026123302,0.7026143790849673,0.8693586698337292,173,1073,6.202312138728324,0.0055423594615993665,0.006334125098970704,0.0055423594615993665,0.000791765637371338,0.4016410203977302,0.3099469367528332,0.0,1.0,0.40056745565155155,0.24631522875832862,0.0,1.0,0.5423035632125147,0.2674182779562289,0.0,1.0,0.23043300444762538,0.1722493362252063,0.0,1.0,13,0.18304278922345482,9.358954041204438,17
961,1260,1330,12.786857378587152,93.82301587301588,7,9,6,3,930,0.7369255150554676,332,1081,0.8565768621236133,0.9064516129032258,843,238,0.9064516129032258,0.7168674698795181,0.8565768621236133,178,1062,5.966292134831461,0.005546751188589541,0.0071315372424722665,0.004754358161648178,0.002377179080824089,0.3999487967229903,0.30918953293085616,0.0,1.0,0.4005888376856119,0.2463760097193176,0.0,1.0,0.5430619559651818,0.26748002830472917,0.0,1.0,0.22982590885816692,0.17241568052517603,0.0,1.0,13,0.17936507936507937,9.372222222222222,17
962,1255,1337,12.762435856072246,93.43824701195219,6,11,10,1,966,0.7666666666666667,294,1088,0.8634920634920635,0.9202898550724637,889,199,0.9202898550724637,0.6768707482993197,0.8634920634920635,174,1069,6.14367816091954,0.004761904761904762,0.00873015873015873,0.007936507936507936,0.0007936507936507937,0.3991260763398021,0.30901628931364167,0.0,1.0,0.4002570363706464,0.24674291514321364,0.0,1.0,0.543066443901812,0.26732649536621156,0.0,1.0,0.23048451355866856,0.1736639298985854,0.0,1.0,13,0.17768924302788844,9.387250996015936,17
963,1260,1347,12.770228014422946,93.9484126984127,7,2,0,2,931,0.7418326693227092,324,1095,0.8725099601593626,0.9215896885069818,858,237,0.9215896885069818,0.7314814814814815,0.8725099601593626,172,1077,6.261627906976744,0.005577689243027889,0.0015936254980079682,0.0,0.0015936254980079682,0.3986431131592422,0.30861147755742163,0.0,1.0,0.4000512032770097,0.24635290757590797,0.0,1.0,0.5435995903737839,0.26683020916882466,0.0,1.0,0.2304147465437788,0.17300109026042257,0.0,1.0,13,0.17777777777777778,9.398412698412699,17
964,1262,1344,12.793579264271955,94.22583201267828,7,5,4,1,947,0.7515873015873016,313,1141,0.9055555555555556,0.941921858500528,892,249,0.941921858500528,0.7955271565495208,0.9055555555555556,189,1127,5.962962962962963,0.005555555555555556,0.003968253968253968,0.0031746031746031746,0.0007936507936507937,0.39678441797454117,0.3083262049909381,0.0,1.0,0.3993149634476765,0.24645916680433497,0.0,1.0,0.5436838607433158,0.26666186957341687,0.0,1.0,0.2301518327283881,0.17296603129377175,0.0,1.0,13,0.1774960380348653,9.402535657686212,17
965,1266,1352,12.77481327962755,94.54502369668246,8,4,2,2,950,0.7527733755942948,312,1112,0.8811410459587956,0.9221052631578948,876,236,0.9221052631578948,0.7564102564102564,0.8811410459587956,173,1093,6.317919075144508,0.006339144215530904,0.003169572107765452,0.001584786053882726,0.001584786053882726,0.39560719563777197,0.3080638732461129,0.0,1.0,0.4001426897008612,0.24647332628333382,0.0,1.0,0.543469398155226,0.26624089416627106,0.0,1.0,0.22978137899403758,0.17262515196792272,0.0,1.0,13,0.17535545023696683,9.413112164296999,17
966,1266,1354,12.761407896124801,94.41232227488152,7,7,7,0,946,0.7472353870458136,320,1089,0.8601895734597157,0.9112050739957717,862,227,0.9112050739957717,0.709375,0.8601895734597157,178,1069,6.00561797752809,0.005529225908372828,0.005529225908372828,0.005529225908372828,0.0,0.39542883351169544,0.30843805359105475,0.0,1.0,0.4015441064057484,0.24661355580019545,0.0,1.0,0.5432655557254242,0.2665394315642889,0.0,1.0,0.22955205626051065,0.17222270739460604,0.0,1.0,13,0.1769352290679305,9.417061611374407,17
967,1272,1356,12.735629571923853,94.27672955974843,11,5,4,1,927,0.7322274881516587,339,1105,0.872827804107425,0.9288025889967637,861,244,0.9288025889967637,0.7197640117994101,0.872827804107425,180,1087,6.038888888888889,0.008688783570300158,0.0039494470774091624,0.00315955766192733,0.0007898894154818325,0.3944004869141814,0.30776059248261317,0.0,1.0,0.4012984378170014,0.2467523781119085,0.0,1.0,0.5435686751876648,0.26694869914626446,0.0,1.0,0.22897646581456685,0.1720272777163656,0.0,1.0,13,0.1761006289308176,9.424528301886792,17
968,1269,1361,12.711665873480221,93.98817966903073,8,11,10,1,922,0.7248427672955975,350,1063,0.835691823899371,0.9186550976138829,847,216,0.9186550976138829,0.6171428571428571,0.835691823899371,181,1049,5.795580110497237,0.006289308176100629,0.008647798742138365,0.007861635220125786,0.0007861635220125787,0.3951549353059305,0.30831706937061054,0.0,1.0,0.4017133124888787,0.24705217521633518,0.0,1.0,0.5431759831210757,0.2662870070931363,0.0,1.0,0.22954320140318768,0.1720477093444551,0.0,1.0,13,0.1780929866036249,9.447596532702915,18
969,1270,1363,12.6177188793378,93.4748031496063,12,11,9,2,955,0.7525610717100079,314,1095,0.8628841607565012,0.9193717277486911,878,217,0.9193717277486911,0.6910828025477707,0.8628841607565012,173,1070,6.184971098265896,0.009456264775413711,0.008668242710795903,0.0070921985815602835,0.0015760441292356187,0.39545339090678183,0.30922540627488077,0.0,1.0,0.40190500381000765,0.2476753222805528,0.0,1.0,0.5437388874777749,0.26629409019023725,0.0,1.0,0.22819405638811277,0.17131901008509087,0.0,1.0,13,0.17795275590551182,9.462992125984252,18
970,1267,1362,12.665361769589625,93.54538279400158,8,11,6,5,941,0.7409448818897638,329,1052,0.8283464566929134,0.9086078639744952,855,197,0.9086078639744952,0.5987841945288754,0.8283464566929134,168,1019,6.065476190476191,0.006299212598425197,0.008661417322834646,0.004724409448818898,0.003937007874015748,0.39483667286198026,0.3087907973755751,0.0,1.0,0.4014817832319169,0.24757006227186065,0.0,1.0,0.5423784912289634,0.26611491851471486,0.0,1.0,0.2281487893678234,0.17147927815927355,0.0,1.0,13,0.17679558011049723,9.470402525651144,18
971,1265,1363,12.726198973406834,93.81027667984189,5,7,5,2,982,0.7750591949486977,285,1098,0.8666140489344909,0.929735234215886,913,185,0.929735234215886,0.6491228070175439,0.8666140489344909,177,1076,6.0790960451977405,0.003946329913180742,0.0055248618784530384,0.003946329913180742,0.0015785319652722968,0.3937523906668367,0.30874997842676444,0.0,1.0,0.4017085298992732,0.24759366210482664,0.0,1.0,0.5427004972587021,0.26641421559943645,0.0,1.0,0.22802499043733265,0.17145580369511806,0.0,1.0,13,0.17549407114624507,9.473517786561265,18
972,1265,1357,12.720253511931265,93.35889328063242,10,10,8,2,969,0.7660079051383399,296,1093,0.8640316205533597,0.9246646026831785,896,197,0.9246646026831785,0.6655405405405406,0.8640316205533597,180,1067,5.927777777777778,0.007905138339920948,0.007905138339920948,0.006324110671936759,0.0015810276679841897,0.3932168812954227,0.30808761773680304,0.0,1.0,0.40277954864210125,0.24802943213887377,0.0,1.0,0.5427769985974754,0.2665624598753822,0.0,1.0,0.22748948106591863,0.17144030620524883,0.0,1.0,13,0.17549407114624507,9.479841897233202,18
973,1265,1357,12.748927446079708,93.43241106719367,8,8,5,3,922,0.7288537549407115,343,1099,0.8687747035573122,0.9164859002169198,845,254,0.9164859002169198,0.7405247813411079,0.8687747035573122,176,1075,6.107954545454546,0.006324110671936759,0.006324110671936759,0.003952569169960474,0.0023715415019762848,0.39173785541246975,0.3074506287823645,0.0,1.0,0.40214203748565597,0.24832246317080423,0.0,1.0,0.5428024990437332,0.2665830531374483,0.0,1.0,0.22667346678566874,0.17092259577286484,0.0,1.0,13,0.17312252964426877,9.488537549407114,18
974,1268,1363,12.692174338674668,93.24842271293376,9,6,6,0,930,0.7351778656126482,335,1117,0.88300395256917,0.9247311827956989,860,257,0.9247311827956989,0.7671641791044777,0.88300395256917,180,1103,6.127777777777778,0.0071146245059288534,0.0047430830039525695,0.0047430830039525695,0.0,0.3915487941385978,0.3070052357214003,0.0,1.0,0.40172483972728196,0.24852010095365884,0.0,1.0,0.5444947593365218,0.26633137945676877,0.0,1.0,0.22618805332247888,0.17060424001262559,0.0,1.0,13,0.1719242902208202,9.498422712933754,18
975,1260,1367,12.632390770807062,92.72142857142858,9,17,13,4,997,0.7862776025236593,271,1103,0.8698738170347003,0.9267803410230692,924,179,0.9267803410230692,0.6605166051660517,0.8698738170347003,168,1075,6.398809523809524,0.007097791798107256,0.013406940063091483,0.01025236593059937,0.0031545741324921135,0.3911674347158218,0.30731806219857793,0.0,1.0,0.4008448540706605,0.24783910883720842,0.0,1.0,0.5417562724014336,0.26609646360181055,0.0,1.0,0.2261904761904762,0.17077301373282228,0.0,1.0,13,0.1738095238095238,9.515873015873016,19
976,1262,1364,12.672259952232535,93.01267828843106,9,7,3,4,949,0.7531746031746032,311,1114,0.8841269841269841,0.9399367755532139,892,222,0.9399367755532139,0.7138263665594855,0.8841269841269841,176,1087,6.176136363636363,0.007142857142857143,0.005555555555555556,0.002380952380952381,0.0031746031746031746,0.3920811819436634,0.30702065139081414,0.0,1.0,0.4023311691631307,0.24765994764477148,0.0,1.0,0.5420223914932775,0.2658825959921416,0.0,1.0,0.2261131843975257,0.17019023399983288,0.0,1.0,13,0.17432646592709986,9.52377179080824,19
977,1260,1364,12.781405294856295,93.4515873015873,4,6,3,3,906,0.7179080824088748,356,1084,0.8589540412044374,0.9293598233995585,842,242,0.9293598233995585,0.6797752808988764,0.8589540412044374,177,1061,5.994350282485875,0.003169572107765452,0.004754358161648178,0.002377179080824089,0.002377179080824089,0.3927547363031234,0.30682495018600336,0.0,1.0,0.403020993343574,0.24737685181111016,0.0,1.0,0.5427291346646186,0.26540108560133197,0.0,1.0,0.22616487455197132,0.17035424141247663,0.0,1.0,13,0.1746031746031746,9.526984126984127,19
978,1255,1368,12.814845036876367,93.70278884462151,5,10,7,3,924,0.7333333333333333,336,1059,0.8404761904761905,0.920995670995671,851,208,0.920995670995671,0.6190476190476191,0.8404761904761905,174,1037,5.959770114942529,0.003968253968253968,0.007936507936507936,0.005555555555555556,0.002380952380952381,0.39277727798483486,0.3075378079412403,0.0,1.0,0.4029045109883048,0.2481310558899541,0.0,1.0,0.5404960801953476,0.26556367406853715,0.0,1.0,0.22513815704922246,0.17001090505129496,0.0,1.0,13,0.1752988047808765,9.539442231075697,19
979,1252,1368,12.839866823181243,93.75399361022365,6,9,7,2,952,0.7585657370517929,303,1092,0.8701195219123506,0.9180672268907563,874,218,0.9180672268907563,0.7194719471947195,0.8701195219123506,167,1059,6.341317365269461,0.004780876494023904,0.007171314741035857,0.005577689243027889,0.0015936254980079682,0.3929970112336391,0.30862730845688036,0.0,1.0,0.4033031021333608,0.24863109879369824,0.0,1.0,0.539961867463671,0.2654713522322574,0.0,1.0,0.2249819643409255,0.1694993864673301,0.0,1.0,13,0.17651757188498401,9.54552715654952,19
980,1255,1362,12.847173605007653,93.7784860557769,8,5,5,0,960,0.7667731629392971,292,1093,0.8730031948881789,0.928125,891,202,0.928125,0.6917808219178082,0.8730031948881789,176,1063,6.0397727272727275,0.006389776357827476,0.003993610223642172,0.003993610223642172,0.0,0.3932399434519984,0.30822105021171337,0.0,1.0,0.40095103457139186,0.24888158178229328,0.0,1.0,0.5385940110525639,0.2654128787810489,0.0,1.0,0.22521526796041638,0.1693931229756465,0.0,1.0,13,0.17768924302788844,9.56175298804781,19
981,1252,1368,12.868064294646855,93.60543130990415,9,12,7,5,909,0.7243027888446215,346,1078,0.8589641434262948,0.9185918591859186,835,243,0.9185918591859186,0.7023121387283237,0.8589641434262948,173,1057,6.109826589595376,0.007171314741035857,0.009561752988047808,0.005577689243027889,0.00398406374501992,0.39284241987014323,0.3081666837433853,0.0,1.0,0.4008554055446769,0.24851615643057484,0.0,1.0,0.5398330413274245,0.26540930547918845,0.0,1.0,0.22539420797691434,0.1696381309834817,0.0,1.0,13,0.1781150159744409,9.571086261980831,19
982,1249,1377,12.916748395956663,93.78462770216173,5,8,6,2,898,0.7172523961661342,354,1055,0.8426517571884984,0.9031180400890868,811,244,0.9031180400890868,0.6892655367231638,0.8426517571884984,172,1036,6.023255813953488,0.003993610223642172,0.006389776357827476,0.004792332268370607,0.001597444089456869,0.3926496035538108,0.30839436933381287,0.0,1.0,0.40241225238255124,0.2480350712447126,0.0,1.0,0.5410521965959865,0.26513692615865636,0.0,1.0,0.2250058111004933,0.1688884921681122,0.0,1.0,13,0.17854283426741394,9.573258606885508,19
983,1251,1371,12.899090709672992,93.34852118305356,13,11,7,4,952,0.7622097678142514,297,1067,0.8542834267413931,0.9275210084033614,883,184,0.9275210084033614,0.6195286195286195,0.8542834267413931,187,1048,5.60427807486631,0.010408326661329063,0.008807045636509208,0.005604483586869495,0.0032025620496397116,0.39158350738763825,0.3071606472702115,0.0,1.0,0.40187205074649957,0.24709234943225813,0.0,1.0,0.5433072896521493,0.2654997237905605,0.0,1.0,0.22557437920631238,0.1703886363199972,0.0,1.0,13,0.17665867306155075,9.594724220623501,19
984,1256,1374,12.852649429628448,93.17356687898089,12,7,5,2,904,0.7226219024780176,347,1064,0.8505195843325339,0.9192477876106194,831,233,0.9192477876106194,0.6714697406340058,0.8505195843325339,167,1034,6.191616766467066,0.009592326139088728,0.005595523581135092,0.003996802557953637,0.0015987210231814548,0.39110334908567906,0.30600334917432553,0.0,1.0,0.40058043969591123,0.2471319766497033,0.0,1.0,0.5439439079515102,0.2658871443365017,0.0,1.0,0.22578076844051775,0.170409455177828,0.0,1.0,13,0.17595541401273884,9.601114649681529,19
985,1256,1375,12.845864789057101,93.04777070063695,7,7,7,0,926,0.7372611464968153,330,1078,0.85828025477707,0.9211663066954644,853,225,0.9211663066954644,0.6818181818181818,0.85828025477707,171,1050,6.140350877192983,0.005573248407643312,0.005573248407643312,0.005573248407643312,0.0,0.3915656461886172,0.3065109419179711,0.0,1.0,0.4006574892130676,0.2475949892017154,0.0,1.0,0.5433531949866448,0.2662860642310962,0.0,1.0,0.225395520854736,0.17038708227050373,0.0,1.0,13,0.17754777070063693,9.618630573248408,19
986,1261,1382,12.77685243812536,92.86280729579698,13,8,5,3,922,0.7340764331210191,334,1083,0.8622611464968153,0.9273318872017353,855,228,0.9273318872017353,0.6826347305389222,0.8622611464968153,169,1059,6.266272189349112,0.010350318471337579,0.006369426751592357,0.003980891719745223,0.0023885350318471337,0.3905758358701491,0.30589381218182177,0.0,1.0,0.3984804686500729,0.2474072126364824,0.0,1.0,0.5438847816632985,0.26649873254421713,0.0,1.0,0.22498784886546774,0.17038198280842748,0.0,1.0,13,0.17763679619349723,9.633624107850911,19
987,1262,1382,12.797901083907771,92.97781299524564,9,8,4,4,921,0.7303727200634417,340,1093,0.8667724028548771,0.9142236699239956,842,251,0.9142236699239956,0.7382352941176471,0.8667724028548771,173,1066,6.161849710982659,0.007137192704203013,0.006344171292624901,0.0031720856463124504,0.0031720856463124504,0.39016410203977303,0.30521558295158435,0.0,1.0,0.39808803230918666,0.24759827547293725,0.0,1.0,0.543709421808701,0.26710566909540984,0.0,1.0,0.22480957006288022,0.1705143113585905,0.0,1.0,13,0.1774960380348653,9.63946117274168,19
988,1270,1388,12.72011731466285,92.75354330708662,14,6,3,3,915,0.7250396196513471,347,1117,0.8851030110935024,0.9366120218579235,857,260,0.9366120218579235,0.7492795389048992,0.8851030110935024,171,1094,6.39766081871345,0.011093502377179081,0.004754358161648178,0.002377179080824089,0.002377179080824089,0.3915163830327661,0.3064391273607525,0.0,1.0,0.39951739903479805,0.24898742186611958,0.0,1.0,0.5431800863601728,0.2667633306573707,0.0,1.0,0.22499364998729998,0.1709315399170337,0.0,1.0,13,0.17716535433070865,9.64251968503937,19
989,1271,1390,12.725543879633639,92.78835562549173,9,8,4,4,999,0.7866141732283465,271,1151,0.9062992125984252,0.944944944944945,944,207,0.944944944944945,0.7638376383763837,0.9062992125984252,175,1128,6.445714285714286,0.007086614173228346,0.006299212598425197,0.0031496062992125984,0.0031496062992125984,0.3901423821730413,0.30473555090680693,0.0,1.0,0.3980102027867313,0.2478111486199171,0.0,1.0,0.5454937691936752,0.2664923152735313,0.0,1.0,0.22507042968452579,0.17127860054708705,0.0,1.0,13,0.17466561762391816,9.64594807238395,19
990,1277,1388,12.715027911162233,92.73296789350039,11,5,3,2,946,0.7442958300550747,325,1108,0.8717545239968528,0.9397463002114165,889,219,0.9397463002114165,0.6738461538461539,0.8717545239968528,171,1077,6.298245614035087,0.00865460267505901,0.003933910306845004,0.0023603461841070024,0.0015735641227380016,0.3906585495238336,0.3042020321801714,0.0,1.0,0.3979336650920757,0.24730796955504677,0.0,1.0,0.546568317882133,0.2666798033892788,0.0,1.0,0.22461919316947482,0.17086366467588415,0.0,1.0,13,0.17619420516836334,9.664839467501958,19
991,1283,1390,12.67683787882627,92.79345284489477,10,4,3,1,990,0.7752545027407988,287,1086,0.8504306969459671,0.906060606060606,897,189,0.906060606060606,0.6585365853658537,0.8504306969459671,179,1067,5.960893854748603,0.007830853563038372,0.0031323414252153485,0.0023492560689115116,0.0007830853563038371,0.39159731476127024,0.3043686433232857,0.0,1.0,0.39697784929474766,0.24724086616918334,0.0,1.0,0.5467025368968899,0.2667459338464001,0.0,1.0,0.22475045885399644,0.17091354634725675,0.0,1.0,13,0.17848791893998442,9.676539360872955,20
992,1285,1386,12.643743622467728,92.52451361867705,9,7,7,0,977,0.7614964925954794,306,1125,0.8768511301636789,0.925281473899693,904,221,0.925281473899693,0.7222222222222222,0.8768511301636789,179,1100,6.145251396648045,0.007014809041309431,0.005455962587685113,0.005455962587685113,0.0,0.3905610643906113,0.3038508546093652,0.0,1.0,0.3964352955943266,0.24745399935922838,0.0,1.0,0.5466549516756621,0.2667930409477378,0.0,1.0,0.22435044558805073,0.1703882701097233,0.0,1.0,13,0.17898832684824903,9.688715953307392,20
993,1285,1388,12.698011566556934,92.90038910505837,7,7,2,5,934,0.7268482490272373,351,1093,0.8505836575875486,0.9186295503211992,858,235,0.9186295503211992,0.6695156695156695,0.8505836575875486,169,1064,6.295857988165681,0.005447470817120622,0.005447470817120622,0.0015564202334630351,0.0038910505836575876,0.39063637504706916,0.3039845446263775,0.0,1.0,0.39706288439814236,0.24760455200328305,0.0,1.0,0.5467051587799674,0.2667205055730266,0.0,1.0,0.22322078574118237,0.16908908594546979,0.0,1.0,13,0.17821011673151751,9.69260700389105,20
994,1292,1378,12.618214263489806,92.171826625387,16,9,7,2,958,0.7455252918287938,327,1103,0.8583657587548638,0.9279749478079332,889,214,0.9279749478079332,0.654434250764526,0.8583657587548638,168,1061,6.315476190476191,0.012451361867704281,0.007003891050583658,0.005447470817120622,0.0015564202334630351,0.3924897633077,0.3048718110694915,0.0,1.0,0.39680914810746026,0.24779494956268905,0.0,1.0,0.5455407969639469,0.26731151785247576,0.0,1.0,0.22310995705582742,0.16859751375766704,0.0,1.0,13,0.17956656346749225,9.728328173374614,20
995,1292,1377,12.663689903393367,92.57585139318886,7,7,3,4,949,0.7345201238390093,343,1134,0.8777089783281734,0.9241306638566913,877,257,0.9241306638566913,0.749271137026239,0.8777089783281734,179,1112,6.212290502793296,0.005417956656346749,0.005417956656346749,0.0023219814241486067,0.0030959752321981426,0.3931888544891641,0.3048982686268603,0.0,1.0,0.39633476480575247,0.2473983601311826,0.0,1.0,0.547088784580046,0.2675614271702619,0.0,1.0,0.2236842105263158,0.1693896895623721,0.0,1.0,13,0.17956656346749225,9.728328173374614,20
996,1290,1377,12.565904765156157,91.86976744186046,12,14,12,2,998,0.7724458204334366,294,1138,0.8808049535603715,0.9348697394789579,933,205,0.9348697394789579,0.6972789115646258,0.8808049535603715,180,1118,6.211111111111111,0.009287925696594427,0.010835913312693499,0.009287925696594427,0.0015479876160990713,0.39232308077019257,0.30392562452752836,0.0,1.0,0.39679919979995,0.2468743195547984,0.0,1.0,0.5475618904726182,0.26744660214147087,0.0,1.0,0.22343085771442864,0.1690124520387374,0.0,1.0,13,0.17674418604651163,9.734108527131783,20
997,1296,1382,12.514913646822507,91.92515432098766,11,5,3,2,943,0.7310077519379845,347,1094,0.8480620155038759,0.9194061505832449,867,227,0.9194061505832449,0.654178674351585,0.8480620155038759,176,1075,6.107954545454546,0.008527131782945736,0.003875968992248062,0.002325581395348837,0.0015503875968992248,0.39227399442453204,0.3041433236472371,0.0,1.0,0.39603245718837116,0.24728513112352618,0.0,1.0,0.547615491835922,0.26821656087417384,0.0,1.0,0.22301871764237358,0.16916822555828487,0.0,1.0,13,0.17824074074074073,9.746913580246913,20
998,1301,1381,12.462583467673488,91.66102997694081,14,9,5,4,972,0.75,324,1103,0.8510802469135802,0.9125514403292181,887,216,0.9125514403292181,0.6666666666666666,0.8510802469135802,174,1076,6.183908045977011,0.010802469135802469,0.006944444444444444,0.0038580246913580245,0.0030864197530864196,0.39071681832833305,0.30377298249284646,0.0,1.0,0.39413850388038973,0.24764813358754137,0.0,1.0,0.5477672262031688,0.26808321378739725,0.0,1.0,0.22268230393493837,0.16939494154550455,0.0,1.0,13,0.17832436587240585,9.761721752498078,20
999,1295,1384,12.498257631291017,91.75830115830117,5,11,8,3,957,0.7355880092236741,344,1084,0.8332052267486548,0.9049111807732497,866,218,0.9049111807732497,0.6337209302325582,0.8332052267486548,174,1061,6.097701149425287,0.003843197540353574,0.008455034588777863,0.006149116064565719,0.0023059185242121443,0.39078341013824885,0.30375650926018877,0.0,1.0,0.3927263669199153,0.24746990560976706,0.0,1.0,0.547291069871715,0.2675617372098248,0.0,1.0,0.22346493959397185,0.16991317515818516,0.0,1.0,13,0.1783783783783784,9.776061776061775,20
