step,population_size,food_count,average_energy,average_age,birth_count,death_count,age_death_count,energy_death_count,move_count,move_rate,non_move_count,eat_count,eat_rate,eat_per_move,eat_after_move_count,eat_without_move_count,eat_after_move_rate,eat_without_move_rate,total_eat_rate,shared_food_cell_count,shared_food_consumer_count,mean_consumers_per_shared_food,birth_rate,death_rate,age_death_rate,energy_death_rate,average_exploration_tendency,std_exploration_tendency,min_exploration_tendency,max_exploration_tendency,average_site_fidelity,std_site_fidelity,min_site_fidelity,max_site_fidelity,average_risk_tolerance,std_risk_tolerance,min_risk_tolerance,max_risk_tolerance,average_reproduction_timing,std_reproduction_timing,min_reproduction_timing,max_reproduction_timing,active_lineage_count,largest_lineage_share,average_generation,max_generation
0,100,493,9.799999999999999,1.0,0,0,0,0,50,0.5,50,7,0.07,0.12,6,1,0.12,0.02,0.07,0,0,0.0,0.0,0.0,0.0,0.0,0.49548387096774194,0.31150402158408697,0.0,1.0,0.47387096774193543,0.3148325951283554,0.0,1.0,0.4696774193548387,0.32493719876702304,0.0,1.0,0.5170967741935484,0.287240087463421,0.0,1.0,100,0.01,0.0,0
1,100,672,10.334999999999997,2.0,0,0,0,0,43,0.43,57,22,0.22,0.3953488372093023,17,5,0.3953488372093023,0.08771929824561403,0.22,1,2,2.0,0.0,0.0,0.0,0.0,0.49548387096774194,0.31150402158408697,0.0,1.0,0.47387096774193543,0.3148325951283554,0.0,1.0,0.4696774193548387,0.32493719876702304,0.0,1.0,0.5170967741935484,0.287240087463421,0.0,1.0,100,0.01,0.0,0
2,101,849,10.78217821782178,2.9702970297029703,1,0,0,0,49,0.49,51,25,0.25,0.42857142857142855,21,4,0.42857142857142855,0.0784313725490196,0.25,2,4,2.0,0.01,0.0,0.0,0.0,0.49345257106355794,0.3106229760337015,0.0,1.0,0.4710954966464388,0.3144972259400876,0.0,1.0,0.4746087511977004,0.3270636001836577,0.0,1.0,0.5129351644841903,0.2888284399113989,0.0,1.0,100,0.019801980198019802,0.009900990099009901,1
3,102,1024,11.32549019607843,3.9313725490196076,1,0,0,0,47,0.46534653465346537,54,27,0.26732673267326734,0.425531914893617,20,7,0.425531914893617,0.12962962962962962,0.26732673267326734,2,4,2.0,0.009900990099009901,0.0,0.0,0.0,0.4908285895003162,0.31021943694584125,0.0,1.0,0.47438330170777987,0.31469126103462725,0.0,1.0,0.4781783681214421,0.3274275887426451,0.0,1.0,0.5113851992409867,0.28783093626531214,0.0,1.0,100,0.0196078431372549,0.0196078431372549,1
4,105,1198,11.553333333333331,4.79047619047619,3,0,0,0,53,0.5196078431372549,49,26,0.2549019607843137,0.4339622641509434,23,3,0.4339622641509434,0.061224489795918366,0.2549019607843137,0,0,0.0,0.029411764705882353,0.0,0.0,0.0,0.4857142857142857,0.3082477421815177,0.0,1.0,0.4648233486943164,0.31558293966255513,0.0,1.0,0.47250384024577574,0.324418144527256,0.0,1.0,0.5087557603686637,0.2841381629970135,0.0,1.0,100,0.01904761904761905,0.047619047619047616,1
5,106,1360,12.614150943396224,5.735849056603773,1,0,0,0,59,0.5619047619047619,46,40,0.38095238095238093,0.5084745762711864,30,10,0.5084745762711864,0.21739130434782608,0.38095238095238093,2,4,2.0,0.009523809523809525,0.0,0.0,0.0,0.4838709677419355,0.30737120570399884,0.0,1.0,0.46226415094339623,0.3151836541314375,0.0,1.0,0.4771758977480219,0.32641413535424213,0.0,1.0,0.5048691418137553,0.2855852917848387,0.0,1.0,100,0.02830188679245283,0.05660377358490566,1
6,114,1524,12.362280701754381,6.2631578947368425,8,0,0,0,72,0.6792452830188679,34,37,0.3490566037735849,0.4722222222222222,34,3,0.4722222222222222,0.08823529411764706,0.3490566037735849,1,2,2.0,0.07547169811320754,0.0,0.0,0.0,0.47198641765704585,0.30240418850164286,0.0,1.0,0.4550084889643463,0.3149745160240942,0.0,1.0,0.48556876061120546,0.3244946641606266,0.0,1.0,0.5062252405206565,0.28429019286479845,0.0,1.0,100,0.03508771929824561,0.13157894736842105,2
7,116,1679,13.3801724137931,7.137931034482759,2,0,0,0,76,0.6666666666666666,38,48,0.42105263157894735,0.5657894736842105,43,5,0.5657894736842105,0.13157894736842105,0.42105263157894735,3,6,2.0,0.017543859649122806,0.0,0.0,0.0,0.4716351501668521,0.300544769899978,0.0,1.0,0.4538375973303671,0.3134046456022756,0.0,1.0,0.49304783092324805,0.32666507732202654,0.0,1.0,0.5002780867630701,0.2855087151213808,0.0,1.0,100,0.04310344827586207,0.14655172413793102,2
8,120,1827,14.298333333333328,7.866666666666666,4,0,0,0,83,0.7155172413793104,33,55,0.47413793103448276,0.6265060240963856,52,3,0.6265060240963856,0.09090909090909091,0.47413793103448276,3,6,2.0,0.034482758620689655,0.0,0.0,0.0,0.4723118279569893,0.3015107018304702,0.0,1.0,0.45752688172043016,0.31336246460546235,0.0,1.0,0.49193548387096775,0.3252910327435275,0.0,1.0,0.49301075268817207,0.2884402338928353,0.0,1.0,100,0.041666666666666664,0.175,2
9,129,1975,14.382170542635656,8.248062015503876,9,0,0,0,79,0.6583333333333333,41,54,0.45,0.620253164556962,49,5,0.620253164556962,0.12195121951219512,0.45,2,4,2.0,0.075,0.0,0.0,0.0,0.4568642160540135,0.2984684424488722,0.0,1.0,0.4463615903975994,0.3155981144743965,0.0,1.0,0.5036259064766192,0.32507934675407585,0.0,1.0,0.49012253063265815,0.28827533911462816,0.0,1.0,100,0.05426356589147287,0.2558139534883721,2
10,131,2110,15.928244274809156,9.106870229007633,2,0,0,0,90,0.6976744186046512,39,68,0.5271317829457365,0.7,63,5,0.7,0.1282051282051282,0.5271317829457365,3,6,2.0,0.015503875968992248,0.0,0.0,0.0,0.45752277764097515,0.30181372408174983,0.0,1.0,0.4437330706722482,0.31404849349833314,0.0,1.0,0.5045555281950258,0.3264984618008202,0.0,1.0,0.48387096774193544,0.29044567693250095,0.0,1.0,100,0.061068702290076333,0.26717557251908397,2
11,141,2241,16.296453900709214,9.390070921985815,10,0,0,0,89,0.6793893129770993,42,72,0.549618320610687,0.6404494382022472,57,15,0.6404494382022472,0.35714285714285715,0.549618320610687,3,6,2.0,0.07633587786259542,0.0,0.0,0.0,0.45756119881034085,0.2995829317854489,0.0,1.0,0.4358270418668497,0.31359286485204496,0.0,1.0,0.4973690231068405,0.32504562724936337,0.0,1.0,0.48204072294669414,0.2837995441033702,0.0,1.0,100,0.06382978723404255,0.3546099290780142,2
12,156,2356,16.387820512820507,9.39102564102564,15,0,0,0,98,0.6950354609929078,43,89,0.6312056737588653,0.7755102040816326,76,13,0.7755102040816326,0.3023255813953488,0.6312056737588653,4,8,2.0,0.10638297872340426,0.0,0.0,0.0,0.44913151364764264,0.2980216719647708,0.0,1.0,0.43569065343258895,0.31156751898028784,0.0,1.0,0.5080645161290323,0.32224186097427904,0.0,1.0,0.46960297766749376,0.2851585671579744,0.0,1.0,100,0.07051282051282051,0.4358974358974359,2
13,169,2457,17.036686390532537,9.591715976331361,13,0,0,0,121,0.7756410256410257,35,105,0.6730769230769231,0.7851239669421488,95,10,0.7851239669421488,0.2857142857142857,0.6730769230769231,6,12,2.0,0.08333333333333333,0.0,0.0,0.0,0.44225997327734295,0.29544997079308105,0.0,1.0,0.4351975567856461,0.31271649212267033,0.0,1.0,0.5063943500668067,0.3230728204434676,0.0,1.0,0.4521855315899981,0.2868656647211546,0.0,1.0,100,0.07692307692307693,0.5266272189349113,3
14,192,2564,16.234374999999996,9.322916666666666,23,0,0,0,123,0.727810650887574,46,101,0.5976331360946746,0.7154471544715447,88,13,0.7154471544715447,0.2826086956521739,0.5976331360946746,8,16,2.0,0.13609467455621302,0.0,0.0,0.0,0.4321236559139785,0.292460733401204,0.0,1.0,0.42405913978494625,0.3106489285698534,0.0,1.0,0.5169690860215054,0.3198716034548414,0.0,1.0,0.44422043010752693,0.2803498928233405,0.0,1.0,100,0.08854166666666667,0.640625,3
15,209,2650,16.619138755980856,9.483253588516746,17,0,0,0,142,0.7395833333333334,50,128,0.6666666666666666,0.7676056338028169,109,19,0.7676056338028169,0.38,0.6666666666666666,13,27,2.076923076923077,0.08854166666666667,0.0,0.0,0.0,0.4290785615064053,0.28988502268386,0.0,1.0,0.4188918042907856,0.30772197467009166,0.0,1.0,0.5236919277666306,0.31684601673799284,0.0,1.0,0.4386479394968359,0.28111515779154067,0.0,1.0,100,0.09569377990430622,0.7081339712918661,3
16,231,2720,16.747619047619043,9.484848484848484,22,0,0,0,164,0.784688995215311,45,150,0.7177033492822966,0.8170731707317073,134,16,0.8170731707317073,0.35555555555555557,0.7177033492822966,19,39,2.0526315789473686,0.10526315789473684,0.0,0.0,0.0,0.42382348833961736,0.28970567904069355,0.0,1.0,0.4139086719731881,0.3091930501903604,0.0,1.0,0.5270213657310432,0.31826227183494094,0.0,1.0,0.436950146627566,0.2790264076502585,0.0,1.0,100,0.1038961038961039,0.7965367965367965,3
17,260,2782,16.370769230769227,9.315384615384616,29,0,0,0,176,0.7619047619047619,55,165,0.7142857142857143,0.8238636363636364,145,20,0.8238636363636364,0.36363636363636365,0.7142857142857143,23,50,2.1739130434782608,0.12554112554112554,0.0,0.0,0.0,0.4239454094292804,0.28893890435209557,0.0,1.0,0.41563275434243174,0.3085830179941707,0.0,1.0,0.5295285359801489,0.31543664023000506,0.0,1.0,0.4300248138957817,0.2739639517945195,0.0,1.0,100,0.1,0.8846153846153846,3
18,286,2835,16.380769230769225,9.377622377622378,26,0,0,0,197,0.7576923076923077,63,183,0.7038461538461539,0.8121827411167513,160,23,0.8121827411167513,0.36507936507936506,0.7038461538461539,27,63,2.3333333333333335,0.1,0.0,0.0,0.0,0.4274757500563952,0.28549431584565216,0.0,1.0,0.42364087525377847,0.3100484130629881,0.0,1.0,0.5188360027069704,0.3165807115781508,0.0,1.0,0.44146176404240917,0.27459252511924864,0.0,1.0,100,0.0944055944055944,0.9370629370629371,3
19,308,2873,16.852597402597397,9.636363636363637,22,0,0,0,217,0.7587412587412588,69,199,0.6958041958041958,0.8018433179723502,174,25,0.8018433179723502,0.36231884057971014,0.6958041958041958,30,67,2.2333333333333334,0.07692307692307693,0.0,0.0,0.0,0.4253246753246753,0.2863648881736155,0.0,1.0,0.4242773355676582,0.3102471930853258,0.0,1.0,0.5207373271889401,0.31428221289576147,0.0,1.0,0.44501466275659823,0.27438516700982074,0.0,1.0,100,0.09090909090909091,0.9837662337662337,3
20,345,2892,16.535362318840576,9.495652173913044,37,0,0,0,227,0.737012987012987,81,228,0.7402597402597403,0.8546255506607929,194,34,0.8546255506607929,0.41975308641975306,0.7402597402597403,37,84,2.27027027027027,0.12012987012987013,0.0,0.0,0.0,0.4339410939691445,0.2847232142273937,0.0,1.0,0.4245909303412809,0.31308564611100204,0.0,1.0,0.5184665731650304,0.3147012840394937,0.0,1.0,0.44385226741467976,0.2706326646811899,0.0,1.0,100,0.08695652173913043,1.055072463768116,3
21,380,2893,16.564999999999994,9.528947368421052,35,0,0,0,253,0.7333333333333333,92,248,0.7188405797101449,0.8379446640316206,212,36,0.8379446640316206,0.391304347826087,0.7188405797101449,37,86,2.324324324324324,0.10144927536231885,0.0,0.0,0.0,0.43310696095076406,0.28361877612495123,0.0,1.0,0.4232597623089983,0.31290423913750537,0.0,1.0,0.5244482173174873,0.3136572501518805,0.0,1.0,0.4426994906621392,0.2726360781987937,0.0,1.0,100,0.09736842105263158,1.15,4
22,417,2897,16.422541966426852,9.594724220623501,37,0,0,0,255,0.6710526315789473,125,266,0.7,0.8196078431372549,209,57,0.8196078431372549,0.456,0.7,48,118,2.4583333333333335,0.09736842105263158,0.0,0.0,0.0,0.42879244991103893,0.2810164847005071,0.0,1.0,0.4156416802042237,0.31281925704390096,0.0,1.0,0.5230138469869265,0.3118666525134059,0.0,1.0,0.44047342770944536,0.26964183896273736,0.0,1.0,100,0.09352517985611511,1.223021582733813,4
23,460,2872,16.262173913043476,9.604347826086956,43,0,0,0,305,0.7314148681055156,112,299,0.7170263788968825,0.819672131147541,250,49,0.819672131147541,0.4375,0.7170263788968825,53,127,2.3962264150943398,0.10311750599520383,0.0,0.0,0.0,0.43352033660589057,0.2833800407672654,0.0,1.0,0.41437587657784014,0.31315847263530633,0.0,1.0,0.5252454417952315,0.31518614887286744,0.0,1.0,0.43899018232819076,0.2700812203355801,0.0,1.0,100,0.10217391304347827,1.2826086956521738,4
24,499,2839,16.30400801603206,9.761523046092185,40,1,0,1,344,0.7478260869565218,116,329,0.7152173913043478,0.8081395348837209,278,51,0.8081395348837209,0.4396551724137931,0.7152173913043478,66,162,2.4545454545454546,0.08695652173913043,0.002173913043478261,0.0,0.002173913043478261,0.4354515482578059,0.2823764774713687,0.0,1.0,0.4089469261102851,0.31187568951055267,0.0,1.0,0.5233046738638567,0.31324092791271313,0.0,1.0,0.43325360398215784,0.2653489203007076,0.0,1.0,100,0.09619238476953908,1.348697394789579,4
25,551,2800,15.852994555353899,9.745916515426497,52,0,0,0,372,0.7454909819639278,127,351,0.7034068136272545,0.8118279569892473,302,49,0.8118279569892473,0.3858267716535433,0.7034068136272545,68,180,2.6470588235294117,0.10420841683366733,0.0,0.0,0.0,0.43803056027164683,0.28231954063674986,0.0,1.0,0.41104150810842455,0.3099189579142452,0.0,1.0,0.5240910953691236,0.3110412854628456,0.0,1.0,0.4307124875592764,0.2639101950630175,0.0,1.0,100,0.0998185117967332,1.4156079854809438,4
26,596,2751,15.755369127516774,9.934563758389261,45,0,0,0,399,0.7241379310344828,152,379,0.6878402903811253,0.8045112781954887,321,58,0.8045112781954887,0.3815789473684211,0.6878402903811253,73,203,2.780821917808219,0.08166969147005444,0.0,0.0,0.0,0.435646243775709,0.27933486107543354,0.0,1.0,0.41037021000216495,0.3095996203237676,0.0,1.0,0.5267373890452479,0.30919269438050423,0.0,1.0,0.4281229703399004,0.26231203025698124,0.0,1.0,100,0.09899328859060402,1.4697986577181208,4
27,636,2697,15.819025157232701,10.24685534591195,40,0,0,0,441,0.7399328859060402,155,407,0.6828859060402684,0.7845804988662132,346,61,0.7845804988662132,0.3935483870967742,0.6828859060402684,85,238,2.8,0.06711409395973154,0.0,0.0,0.0,0.43634611483059443,0.27682891395628534,0.0,1.0,0.410783120308379,0.31116463394672134,0.0,1.0,0.5267295597484277,0.3076168149941774,0.0,1.0,0.4265571109758572,0.26032528067401134,0.0,1.0,100,0.09748427672955975,1.5125786163522013,4
28,678,2618,15.960324483775807,10.550147492625369,42,0,0,0,468,0.7358490566037735,168,435,0.6839622641509434,0.7713675213675214,361,74,0.7713675213675214,0.44047619047619047,0.6839622641509434,96,252,2.625,0.0660377358490566,0.0,0.0,0.0,0.43895708440384434,0.27793548649394084,0.0,1.0,0.4127890379674565,0.3100821438221357,0.0,1.0,0.5265010943001237,0.3070730201370883,0.0,1.0,0.42159101722333236,0.25705071910610877,0.0,1.0,100,0.09587020648967552,1.5678466076696165,4
29,729,2530,15.837722908093275,10.728395061728396,52,1,0,1,505,0.7448377581120944,173,461,0.6799410029498525,0.7782178217821782,393,68,0.7782178217821782,0.3930635838150289,0.6799410029498525,102,275,2.696078431372549,0.07669616519174041,0.0014749262536873156,0.0,0.0014749262536873156,0.43939997345015264,0.27525675068976746,0.0,1.0,0.4089118987565821,0.3103518610299406,0.0,1.0,0.5222797468914554,0.30773043258613364,0.0,1.0,0.42041683260321255,0.25595182004039535,0.0,1.0,100,0.09876543209876543,1.6213991769547325,4
30,774,2442,15.870155038759686,11.046511627906977,45,0,0,0,517,0.7091906721536351,212,500,0.6858710562414266,0.7736943907156673,400,100,0.7736943907156673,0.4716981132075472,0.6858710562414266,118,330,2.7966101694915255,0.06172839506172839,0.0,0.0,0.0,0.44211052763190795,0.27343578568194066,0.0,1.0,0.40710177544386095,0.30893085904930934,0.0,1.0,0.5201717095940652,0.3076324050128766,0.0,1.0,0.41485371342835714,0.25557514598490727,0.0,1.0,100,0.1020671834625323,1.6795865633074936,5
31,811,2354,16.05536374845869,11.475955610357584,39,2,0,2,553,0.7144702842377261,221,525,0.6782945736434108,0.7739602169981917,428,97,0.7739602169981917,0.43891402714932126,0.6782945736434108,123,360,2.926829268292683,0.050387596899224806,0.002583979328165375,0.0,0.002583979328165375,0.4420269679010382,0.2743400556121907,0.0,1.0,0.40495604788990097,0.30835840197622866,0.0,1.0,0.5185553478381926,0.3059732235941929,0.0,1.0,0.4116781353168132,0.2544521401006838,0.0,1.0,100,0.10357583230579531,1.7225647348951911,5
32,866,2234,15.936605080831406,11.683602771362587,55,0,0,0,603,0.7435265104808878,208,559,0.689272503082614,0.8009950248756219,483,76,0.8009950248756219,0.36538461538461536,0.689272503082614,130,369,2.8384615384615386,0.06781750924784218,0.0,0.0,0.0,0.4431945168740222,0.2743086050023687,0.0,1.0,0.4015868285778142,0.3088181393216174,0.0,1.0,0.5207479699024063,0.30539454054258514,0.0,1.0,0.41190493928331967,0.255184449001797,0.0,1.0,100,0.10623556581986143,1.7725173210161662,5
33,922,2120,15.748264642082425,11.905639913232104,57,1,0,1,613,0.707852193995381,253,591,0.6824480369515011,0.7797716150081566,478,113,0.7797716150081566,0.44664031620553357,0.6824480369515011,140,417,2.9785714285714286,0.06581986143187067,0.0011547344110854503,0.0,0.0011547344110854503,0.44660975439087536,0.2729235015014647,0.0,1.0,0.40214120775313134,0.3077286637728353,0.0,1.0,0.5156392134910084,0.3025660431568203,0.0,1.0,0.40987334686166116,0.2546555729727561,0.0,1.0,100,0.10737527114967461,1.8275488069414316,5
34,964,2006,15.821369294605805,12.255186721991702,48,6,0,6,646,0.7006507592190889,276,626,0.6789587852494577,0.7848297213622291,507,119,0.7848297213622291,0.4311594202898551,0.6789587852494577,144,456,3.1666666666666665,0.052060737527114966,0.006507592190889371,0.0,0.006507592190889371,0.4458907776736715,0.2718959914428721,0.0,1.0,0.3977713826796948,0.30778447369022094,0.0,1.0,0.5142885825190738,0.3025679812057622,0.0,1.0,0.41393387766028644,0.2531462633694392,0.0,1.0,100,0.10995850622406639,1.8609958506224067,5
35,1000,1884,16.033899999999996,12.727,39,3,0,3,689,0.7147302904564315,275,645,0.6690871369294605,0.7764876632801161,535,110,0.7764876632801161,0.4,0.6690871369294605,136,459,3.375,0.04045643153526971,0.0031120331950207467,0.0,0.0031120331950207467,0.44951612903225807,0.27241314762117896,0.0,1.0,0.3941290322580645,0.3071341736511091,0.0,1.0,0.5129032258064515,0.300422872273773,0.0,1.0,0.4130645161290323,0.25288136631994423,0.0,1.0,100,0.113,1.899,5
36,1051,1782,15.81960038058991,13.060894386298763,51,0,0,0,725,0.725,275,661,0.661,0.7710344827586207,559,102,0.7710344827586207,0.3709090909090909,0.661,136,495,3.639705882352941,0.051,0.0,0.0,0.0,0.452533685276695,0.2730653341131129,0.0,1.0,0.3955986617967527,0.3066086617804155,0.0,1.0,0.5127221386697769,0.2992735290932131,0.0,1.0,0.41309352076363526,0.25419975896533975,0.0,1.0,100,0.11037107516650808,1.9372026641294007,6
37,1102,1687,15.561433756805801,13.399274047186934,52,1,0,1,755,0.7183634633682208,296,698,0.6641294005708849,0.7841059602649006,592,106,0.7841059602649006,0.3581081081081081,0.6641294005708849,155,558,3.6,0.049476688867745006,0.0009514747859181732,0.0,0.0009514747859181732,0.4547157660558515,0.27344574773739544,0.0,1.0,0.3944733914876178,0.30521177104877145,0.0,1.0,0.5128505356829225,0.2979829319910131,0.0,1.0,0.41329547450383464,0.2548614911346907,0.0,1.0,100,0.10798548094373865,1.9745916515426498,6
38,1147,1588,15.428945074106359,13.818657367044464,46,1,0,1,773,0.7014519056261344,329,728,0.6606170598911071,0.7658473479948253,592,136,0.7658473479948253,0.4133738601823708,0.6606170598911071,165,594,3.6,0.041742286751361164,0.0009074410163339383,0.0,0.0009074410163339383,0.4536378209635234,0.27230228133223916,0.0,1.0,0.394999578142138,0.30405229740533285,0.0,1.0,0.5103917653345332,0.2973020209291437,0.0,1.0,0.41322383778159016,0.2544972507644185,0.0,1.0,100,0.10723626852659111,2.00871839581517,6
39,1187,1495,15.34372367312552,14.292333614153328,42,2,0,2,791,0.6896251089799477,356,759,0.6617262423714037,0.7673830594184576,607,152,0.7673830594184576,0.42696629213483145,0.6617262423714037,164,630,3.841463414634146,0.036617262423714034,0.0017436791630340018,0.0,0.0017436791630340018,0.4540587547897927,0.2715953919297095,0.0,1.0,0.39269505666222787,0.3027178948665509,0.0,1.0,0.5090088865940159,0.2970465538293106,0.0,1.0,0.41269668722993724,0.2548864549344879,0.0,1.0,100,0.10699241786015164,2.0446503791069923,6
40,1214,1418,15.371197144426135,14.875617792421746,32,5,0,5,847,0.7135636057287279,340,761,0.641112047177759,0.7461629279811098,632,129,0.7461629279811098,0.37941176470588234,0.641112047177759,158,642,4.063291139240507,0.02695871946082561,0.004212299915754001,0.0,0.004212299915754001,0.4583886910772174,0.27219170111593133,0.0,1.0,0.39142796407503855,0.3009303596409347,0.0,1.0,0.5091406706701387,0.29513647287524974,0.0,1.0,0.40920444279109314,0.2554267444671616,0.0,1.0,100,0.10626029654036244,2.080724876441516,6
41,1245,1334,15.348246318607758,15.419277108433734,36,5,0,5,860,0.7084019769357496,354,756,0.6227347611202636,0.7337209302325581,631,125,0.7337209302325581,0.3531073446327684,0.6227347611202636,163,635,3.895705521472393,0.029654036243822075,0.004118616144975288,0.0,0.004118616144975288,0.45946366109599684,0.27202376875345746,0.0,1.0,0.3920974219458479,0.29970876170981836,0.0,1.0,0.5075268817204301,0.29463263920307675,0.0,1.0,0.407617567042363,0.256375111306314,0.0,1.0,100,0.10602409638554217,2.112449799196787,6
42,1281,1260,15.191178766588596,15.860265417642466,42,6,0,6,874,0.702008032128514,371,785,0.6305220883534136,0.7437070938215103,650,135,0.7437070938215103,0.3638814016172507,0.6305220883534136,154,665,4.318181818181818,0.033734939759036145,0.004819277108433735,0.0,0.004819277108433735,0.4627936843695702,0.2726395037930028,0.0,1.0,0.3898919694794893,0.2983051683139579,0.0,1.0,0.5073153534285211,0.2925793051079729,0.0,1.0,0.40608395658633634,0.256843757140359,0.0,1.0,100,0.10772833723653395,2.1553473848555815,6
43,1311,1178,15.161327231121277,16.45308924485126,32,2,0,2,899,0.7017954722872756,382,824,0.6432474629195941,0.7563959955506118,680,144,0.7563959955506118,0.3769633507853403,0.6432474629195941,173,715,4.132947976878612,0.02498048399687744,0.00156128024980484,0.0,0.00156128024980484,0.4645062867547551,0.27333071634452766,0.0,1.0,0.3874658595999114,0.2969637417851323,0.0,1.0,0.5064836003051106,0.29172416711651183,0.0,1.0,0.40392706872370265,0.25786317906159617,0.0,1.0,100,0.10526315789473684,2.183066361556064,6
44,1345,1123,14.956282527881033,16.87806691449814,41,7,0,7,877,0.6689549961861174,434,801,0.6109839816933639,0.7149372862029647,627,174,0.7149372862029647,0.4009216589861751,0.6109839816933639,158,704,4.455696202531645,0.031273836765827616,0.005339435545385202,0.0,0.005339435545385202,0.4651876723827797,0.2728266927844292,0.0,1.0,0.3882240076747811,0.29758976661824665,0.0,1.0,0.5041371867130352,0.29146240173983445,0.0,1.0,0.4035256025902386,0.25786077493530496,0.0,1.0,100,0.10706319702602231,2.2215613382899626,6
45,1365,1057,14.983369963369958,17.50842490842491,30,10,0,10,886,0.6587360594795539,459,837,0.6223048327137547,0.7358916478555305,652,185,0.7358916478555305,0.40305010893246185,0.6223048327137547,167,738,4.419161676646707,0.022304832713754646,0.007434944237918215,0.0,0.007434944237918215,0.46635944700460835,0.2721360661285964,0.0,1.0,0.3877348457993619,0.2970936558373983,0.0,1.0,0.5058017251565639,0.2907792382793261,0.0,1.0,0.40153609831029186,0.2579160401806461,0.0,1.0,100,0.10842490842490843,2.2505494505494505,6
46,1386,1009,14.9082251082251,18.065656565656564,32,11,0,11,926,0.6783882783882784,439,848,0.6212454212454213,0.7332613390928726,679,169,0.7332613390928726,0.38496583143507973,0.6212454212454213,155,755,4.870967741935484,0.023443223443223443,0.00805860805860806,0.0,0.00805860805860806,0.4682306940371457,0.2722476022488027,0.0,1.0,0.38560722431690175,0.29595848091382104,0.0,1.0,0.5071451845645394,0.2901110952145186,0.0,1.0,0.3995019317599963,0.2584192471624298,0.0,1.0,99,0.1075036075036075,2.2886002886002887,6
47,1409,942,14.87191861840548,18.669978708303763,29,6,0,6,967,0.6976911976911977,419,883,0.637085137085137,0.7590486039296794,734,149,0.7590486039296794,0.3556085918854415,0.637085137085137,168,784,4.666666666666667,0.020923520923520924,0.004329004329004329,0.0,0.004329004329004329,0.46844021154330456,0.27269098591151253,0.0,1.0,0.38370841823301816,0.2954057098761151,0.0,1.0,0.50694841914879,0.28917544150017555,0.0,1.0,0.3982005082533941,0.2588560963397021,0.0,1.0,99,0.10858765081618169,2.313697657913414,6
48,1416,879,15.026859698681724,19.456920903954803,17,10,0,10,971,0.6891412349183819,438,887,0.6295244854506742,0.7476828012358393,726,161,0.7476828012358393,0.3675799086757991,0.6295244854506742,177,801,4.52542372881356,0.0120652945351313,0.007097232079488999,0.0,0.007097232079488999,0.46894933479132495,0.2719842816800003,0.0,1.0,0.38349735739019497,0.2949512185349675,0.0,1.0,0.5064242755604156,0.28944524376626246,0.0,1.0,0.3982595225077456,0.2584976173843281,0.0,1.0,99,0.10875706214689265,2.3227401129943503,6
49,1435,826,14.984970963995348,20.09268292682927,26,7,0,7,974,0.6878531073446328,442,891,0.6292372881355932,0.7412731006160165,722,169,0.7412731006160165,0.38235294117647056,0.6292372881355932,161,799,4.962732919254658,0.018361581920903956,0.0049435028248587575,0.0,0.0049435028248587575,0.4700460829493087,0.2713499295367396,0.0,1.0,0.3831853433741711,0.2942497882446832,0.0,1.0,0.5039901090255142,0.28976479634224733,0.0,1.0,0.39788692817803756,0.2596409120678654,0.0,1.0,99,0.10940766550522649,2.3421602787456446,6
50,1453,776,14.934985088323002,20.713007570543702,27,9,0,9,982,0.6843205574912892,453,890,0.6202090592334495,0.7362525458248472,723,167,0.7362525458248472,0.3686534216335541,0.6202090592334495,158,798,5.050632911392405,0.018815331010452963,0.0062717770034843206,0.0,0.0062717770034843206,0.4734142930089026,0.27125124070170886,0.0,1.0,0.38163532624381147,0.2933988227643266,0.0,1.0,0.5044957041049664,0.28967065392348107,0.0,1.0,0.3969762227205115,0.2601027243846326,0.0,1.0,99,0.11355815554026152,2.3620096352374396,6
51,1459,728,15.018620059401407,21.394790952707332,20,14,0,14,992,0.6827253957329663,461,912,0.6276668960770819,0.7469758064516129,741,171,0.7469758064516129,0.37093275488069416,0.6276668960770819,173,837,4.838150289017341,0.013764624913971095,0.009635237439779766,0.0,0.009635237439779766,0.4734794048066506,0.2705114172505316,0.0,1.0,0.37938048597139,0.2921940529236213,0.0,1.0,0.5037918149859603,0.2904841709287203,0.0,1.0,0.3974662274204603,0.2605950551628885,0.0,1.0,98,0.11583276216586703,2.3776559287183003,6
52,1478,702,14.853631032927371,21.99255751014885,29,10,0,10,1016,0.6963673749143249,443,901,0.6175462645647704,0.7165354330708661,728,173,0.7165354330708661,0.3905191873589165,0.6175462645647704,163,838,5.141104294478527,0.019876627827278958,0.006854009595613434,0.0,0.006854009595613434,0.4758828408049238,0.26979035813173224,0.0,1.0,0.3804181762626042,0.2916878849088363,0.0,1.0,0.5008730193373783,0.29026730532434497,0.0,1.0,0.39851150202977,0.2609186923319654,0.0,1.0,98,0.12043301759133965,2.3937753721244928,6
53,1483,673,14.897212856821747,22.75252865812542,13,8,0,8,1001,0.6772665764546685,477,936,0.6332882273342354,0.7362637362637363,737,199,0.7362637362637363,0.4171907756813417,0.6332882273342354,172,879,5.1104651162790695,0.008795669824086604,0.005412719891745603,0.0,0.005412719891745603,0.47364757575098426,0.26995407864242654,0.0,1.0,0.38024492636982576,0.2920011938936804,0.0,1.0,0.5000326278467796,0.2904938245040819,0.0,1.0,0.39990864202901705,0.2607896003160658,0.0,1.0,98,0.12002697235333783,2.407282535401214,6
54,1488,644,14.92488799283153,23.516129032258064,14,9,0,9,1035,0.6979096426163183,448,933,0.629130141604855,0.7439613526570048,770,163,0.7439613526570048,0.3638392857142857,0.629130141604855,165,869,5.266666666666667,0.009440323668240054,0.006068779501011463,0.0,0.006068779501011463,0.47413718348942074,0.27022375101366325,0.0,1.0,0.38013787721123826,0.2911377060730268,0.0,1.0,0.49839576829691296,0.2904602323937183,0.0,1.0,0.3990634755463059,0.26106480019873063,0.0,1.0,97,0.12231182795698925,2.422715053763441,6
55,1505,622,14.785071982281275,24.143521594684387,24,7,0,7,1005,0.6754032258064516,483,950,0.6384408602150538,0.7592039800995025,763,187,0.7592039800995025,0.38716356107660455,0.6384408602150538,171,899,5.257309941520468,0.016129032258064516,0.004704301075268817,0.0,0.004704301075268817,0.4745686421605402,0.27061544340748894,0.0,1.0,0.3782874290001072,0.29055797281926277,0.0,1.0,0.4974172114457186,0.2899431927257595,0.0,1.0,0.4003643768084878,0.2611730155699152,0.0,1.0,97,0.12358803986710963,2.440531561461794,7
56,1517,587,14.73359701164578,24.756756756756758,24,12,0,12,1017,0.6757475083056479,488,938,0.6232558139534884,0.7384464110127827,751,187,0.7384464110127827,0.3831967213114754,0.6232558139534884,153,856,5.594771241830065,0.015946843853820596,0.007973421926910298,0.0,0.007973421926910298,0.4731962489633615,0.27023307428565185,0.0,1.0,0.3782720564781934,0.29014115061463674,0.0,1.0,0.4953749973419525,0.28977280816062956,0.0,1.0,0.40223701277989243,0.2613394815362295,0.0,1.0,97,0.12261041529334213,2.4535266974291363,7
57,1530,554,14.672854030501078,25.4078431372549,20,7,0,7,1028,0.6776532630191167,489,965,0.6361239288068556,0.7665369649805448,788,177,0.7665369649805448,0.3619631901840491,0.6361239288068556,167,899,5.383233532934132,0.013183915622940013,0.004614370468029005,0.0,0.004614370468029005,0.47415138098250054,0.27022792062199885,0.0,1.0,0.37687117857895847,0.2895123726085558,0.0,1.0,0.49232553236348303,0.289515477207067,0.0,1.0,0.4025722116803711,0.26242348556017375,0.0,1.0,97,0.12418300653594772,2.4607843137254903,7
58,1534,527,14.67690134724032,26.141460234680572,18,14,0,14,1050,0.6862745098039216,480,974,0.6366013071895424,0.7552380952380953,793,181,0.7552380952380953,0.3770833333333333,0.6366013071895424,160,907,5.66875,0.011764705882352941,0.009150326797385621,0.0,0.009150326797385621,0.4732094040459267,0.26948968748383734,0.0,1.0,0.37668755520040376,0.2893574760028684,0.0,1.0,0.49186188333263237,0.288811433835056,0.0,1.0,0.4009757328510746,0.2617990554418257,0.0,1.0,97,0.1258148631029987,2.470013037809648,7
59,1531,512,14.722316568691477,26.947093403004573,11,14,0,14,1078,0.7027379400260756,456,990,0.6453715775749674,0.7430426716141002,801,189,0.7430426716141002,0.4144736842105263,0.6453715775749674,168,943,5.613095238095238,0.007170795306388526,0.009126466753585397,0.0,0.009126466753585397,0.4732727923979689,0.2686506558459351,0.0,1.0,0.37658287857398703,0.2893298480916623,0.0,1.0,0.49170898211162856,0.28868458606472314,0.0,1.0,0.40028655106297806,0.26150500356409995,0.0,1.0,94,0.12736773350751143,2.4755062050947094,7
60,1532,496,14.736510008703208,27.74804177545692,12,11,0,11,1060,0.6923579359895493,471,1000,0.6531678641410843,0.7594339622641509,805,195,0.7594339622641509,0.4140127388535032,0.6531678641410843,170,954,5.6117647058823525,0.007838014369693011,0.007184846505551927,0.0,0.007184846505551927,0.47273224964204497,0.26774302147545403,0.0,1.0,0.3757896066705972,0.288899872727316,0.0,1.0,0.4900825402172998,0.2890190788171203,0.0,1.0,0.40206771666807045,0.26203338802544324,0.0,1.0,93,0.1279373368146214,2.4823759791122715,7
61,1531,476,14.789636403222284,28.581319399085565,13,14,0,14,1025,0.6690600522193212,507,1002,0.6540469973890339,0.7678048780487805,787,215,0.7678048780487805,0.4240631163708087,0.6540469973890339,169,951,5.627218934911243,0.008485639686684074,0.009138381201044387,0.0,0.009138381201044387,0.47325172246686753,0.2667672572111896,0.0,1.0,0.37607720022755525,0.28861244761884775,0.0,1.0,0.4896230589325973,0.2891747159527623,0.0,1.0,0.40211963506879334,0.26217589161812865,0.0,1.0,93,0.1286740692357936,2.4944480731548007,7
62,1541,460,14.688748566668735,29.218040233614538,20,10,0,10,1062,0.6936642717178315,469,1013,0.6616590463749183,0.7787193973634652,827,186,0.7787193973634652,0.39658848614072495,0.6616590463749183,166,963,5.801204819277109,0.013063357282821686,0.006531678641410843,0.0,0.006531678641410843,0.4760000837328086,0.26711669864301285,0.0,1.0,0.3732808607732725,0.2872645628871585,0.0,1.0,0.4876389441292835,0.28825208475906644,0.0,1.0,0.4027338762010425,0.26267943955636414,0.0,1.0,92,0.1317326411421155,2.5126541207008435,7
63,1541,444,14.713083414170358,29.899415963659962,14,14,0,14,1028,0.6670992861778067,513,1022,0.6632057105775471,0.7947470817120622,817,205,0.7947470817120622,0.3996101364522417,0.6632057105775471,167,973,5.826347305389222,0.009085009733939001,0.009085009733939001,0.0,0.009085009733939001,0.47784220552217876,0.2673692734739416,0.0,1.0,0.3708316761214963,0.2862825323252754,0.0,1.0,0.4864457516066233,0.2880156265644842,0.0,1.0,0.4033828054677524,0.2639134514260715,0.0,1.0,91,0.1336794289422453,2.527579493835172,7
64,1536,423,14.804510552020304,30.606119791666668,11,16,0,16,1049,0.6807268007787152,492,1047,0.6794289422452953,0.786463298379409,825,222,0.786463298379409,0.45121951219512196,0.6794289422452953,175,1001,5.72,0.007138221933809215,0.010382868267358857,0.0,0.010382868267358857,0.4777385752688172,0.26734622264695684,0.0,1.0,0.3706317204301075,0.28668267041000567,0.0,1.0,0.4838919690860215,0.2876724825188448,0.0,1.0,0.405304939516129,0.26436110795378864,0.0,1.0,91,0.134765625,2.5397135416666665,7
65,1543,411,14.722636557293056,31.250810110174985,17,10,0,10,1081,0.7037760416666666,455,1054,0.6861979166666666,0.7955596669750231,860,194,0.7955596669750231,0.42637362637362636,0.6861979166666666,170,1012,5.952941176470588,0.011067708333333334,0.006510416666666667,0.0,0.006510416666666667,0.47845629586268895,0.26677834047571114,0.0,1.0,0.3696611126209939,0.2863773010297571,0.0,1.0,0.4820312336671336,0.28787318488883606,0.0,1.0,0.40674847908347794,0.26446262106275337,0.0,1.0,91,0.13545042125729098,2.553467271548931,7
66,1544,394,14.725925005118645,31.942357512953368,15,14,0,14,1065,0.6902138690861958,478,1039,0.6733635774465327,0.784037558685446,835,204,0.784037558685446,0.42677824267782427,0.6733635774465327,173,995,5.7514450867052025,0.009721322099805573,0.009073233959818535,0.0,0.009073233959818535,0.47873140564933975,0.26636483065627725,0.0,1.0,0.36835617583152264,0.2856348476521934,0.0,1.0,0.4823875981948855,0.2879423748116318,0.0,1.0,0.4063805783051981,0.26531834814442945,0.0,1.0,91,0.13601036269430053,2.564766839378238,8
67,1545,381,14.730742488363834,32.662135922330094,13,12,0,12,1038,0.6722797927461139,506,1066,0.6904145077720207,0.7890173410404624,819,247,0.7890173410404624,0.4881422924901186,0.6904145077720207,175,1028,5.8742857142857146,0.008419689119170985,0.007772020725388601,0.0,0.007772020725388601,0.47982044054703,0.2656567192921657,0.0,1.0,0.3676584194592337,0.28519085672666555,0.0,1.0,0.4813237289905,0.28694766915657954,0.0,1.0,0.405783484706128,0.2655056962642178,0.0,1.0,90,0.13980582524271845,2.5877022653721684,8
68,1546,373,14.712548364363306,33.355756791720566,14,13,0,13,1048,0.6783171521035599,497,1054,0.6822006472491909,0.7958015267175572,834,220,0.7958015267175572,0.4426559356136821,0.6822006472491909,167,1013,6.065868263473054,0.009061488673139158,0.008414239482200648,0.0,0.008414239482200648,0.47848766848892044,0.26529604160030473,0.0,1.0,0.3663773317197346,0.2854185655641147,0.0,1.0,0.47992738805658725,0.2865162136766242,0.0,1.0,0.4062513040938113,0.2654938053312542,0.0,1.0,89,0.13971539456662355,2.595084087968952,8
69,1549,365,14.671529871727353,33.96449322143318,16,13,0,13,1036,0.6701164294954722,510,1090,0.705045278137128,0.8127413127413128,842,248,0.8127413127413128,0.48627450980392156,0.705045278137128,172,1054,6.127906976744186,0.01034928848641656,0.008408796895213453,0.0,0.008408796895213453,0.4771444636498053,0.2651868719194206,0.0,1.0,0.3663966346654449,0.28543514951296706,0.0,1.0,0.4795185239176159,0.2867086861410838,0.0,1.0,0.40665153376788354,0.26567803050270195,0.0,1.0,89,0.1381536475145255,2.6126533247256294,8
70,1549,356,14.687782117691892,34.79599741768883,7,7,0,7,1044,0.6739832149774048,505,1085,0.7004519044544868,0.814176245210728,850,235,0.814176245210728,0.46534653465346537,0.7004519044544868,174,1050,6.0344827586206895,0.004519044544867657,0.004519044544867657,0.0,0.004519044544867657,0.47749849018097,0.2646567761429419,0.0,1.0,0.36620920885482827,0.2851188931897613,0.0,1.0,0.4789978966659031,0.28644127655664914,0.0,1.0,0.40675565921822615,0.2658814012467242,0.0,1.0,89,0.13879922530664945,2.6229825693996127,8
71,1551,348,14.636519127641138,35.28046421663443,18,16,0,16,1078,0.6959328599096191,471,1083,0.6991607488702388,0.8079777365491652,871,212,0.8079777365491652,0.45010615711252655,0.6991607488702388,170,1045,6.147058823529412,0.011620400258231117,0.010329244673983214,0.0,0.010329244673983214,0.47844262806514004,0.2634612280789816,0.0,1.0,0.3656121960857719,0.28423418379005916,0.0,1.0,0.4777770845032341,0.2865153997753648,0.0,1.0,0.40810299286620494,0.26664201201888504,0.0,1.0,87,0.14055448098001289,2.6466795615731784,8
72,1566,336,14.472727437401918,35.8007662835249,21,6,0,6,1057,0.6814958091553837,494,1131,0.7292069632495164,0.8344370860927153,882,249,0.8344370860927153,0.5040485829959515,0.7292069632495164,167,1086,6.502994011976048,0.013539651837524178,0.0038684719535783366,0.0,0.0038684719535783366,0.4778148560128538,0.262841509457701,0.0,1.0,0.3652000164792156,0.2838573862763792,0.0,1.0,0.47657891484365345,0.2861545205068671,0.0,1.0,0.4090141309273678,0.26744313000190245,0.0,1.0,87,0.140485312899106,2.6628352490421454,9
73,1575,318,14.376925608659095,36.301587301587304,19,10,0,10,1096,0.6998722860791826,470,1114,0.7113665389527458,0.8348540145985401,915,199,0.8348540145985401,0.42340425531914894,0.7113665389527458,172,1068,6.209302325581396,0.012132822477650063,0.006385696040868455,0.0,0.006385696040868455,0.47961085509472606,0.26210423737441707,0.0,1.0,0.3639938556067588,0.2831393741952305,0.0,1.0,0.4768458781362007,0.2857364369715422,0.0,1.0,0.4080286738351254,0.2683225378697452,0.0,1.0,86,0.1403174603174603,2.688888888888889,9
74,1575,314,14.337216819212209,36.94095238095238,13,13,0,13,1096,0.6958730158730159,479,1131,0.7180952380952381,0.8175182481751825,896,235,0.8175182481751825,0.4906054279749478,0.7180952380952381,167,1094,6.550898203592815,0.008253968253968255,0.008253968253968255,0.0,0.008253968253968255,0.4800409626216077,0.2624849234554627,0.0,1.0,0.3641372247823861,0.28203466568399366,0.0,1.0,0.47487967229902717,0.2848057938223557,0.0,1.0,0.4073323092677931,0.2692877307938996,0.0,1.0,85,0.1415873015873016,2.7098412698412697,9
75,1571,302,14.36227976916379,37.67854869509866,11,15,0,15,1108,0.7034920634920635,467,1147,0.7282539682539683,0.8240072202166066,913,234,0.8240072202166066,0.5010706638115632,0.7282539682539683,173,1108,6.404624277456647,0.006984126984126984,0.009523809523809525,0.0,0.009523809523809525,0.4787376029239646,0.26119258838672094,0.0,1.0,0.36450996899447646,0.28232388411176784,0.0,1.0,0.47401490729143136,0.28541738391279753,0.0,1.0,0.4076918338432476,0.2697585538707586,0.0,1.0,85,0.1406747294716741,2.732017823042648,9
76,1576,292,14.28191606759886,38.36230964467005,12,7,0,7,1150,0.732017823042648,421,1147,0.7301082113303629,0.84,966,181,0.84,0.42992874109263657,0.7301082113303629,178,1115,6.264044943820225,0.0076384468491406746,0.004455760661998727,0.0,0.004455760661998727,0.4803299492385787,0.2606054415222565,0.0,1.0,0.36484771573604063,0.28148596529262726,0.0,1.0,0.4729613558211888,0.28511877011174075,0.0,1.0,0.40686916653021127,0.26996114107764496,0.0,1.0,84,0.141497461928934,2.75507614213198,9
77,1576,284,14.266483184465514,39.0742385786802,11,11,0,11,1080,0.6852791878172588,496,1172,0.7436548223350253,0.8324074074074074,899,273,0.8324074074074074,0.5504032258064516,0.7436548223350253,175,1139,6.508571428571429,0.006979695431472081,0.006979695431472081,0.0,0.006979695431472081,0.48016620271819227,0.26034968030266004,0.0,1.0,0.36476584247584737,0.2818147183179286,0.0,1.0,0.47232683805469133,0.28461281499205326,0.0,1.0,0.40805632880301296,0.27041416633412874,0.0,1.0,84,0.14276649746192893,2.7658629441624365,9
78,1577,278,14.225888557537138,39.82625237793278,11,10,0,10,1109,0.7036802030456852,467,1112,0.7055837563451777,0.8250676284941388,915,197,0.8250676284941388,0.42184154175588867,0.7055837563451777,160,1066,6.6625,0.006979695431472081,0.006345177664974619,0.0,0.006345177664974619,0.480802667375785,0.25991133054554627,0.0,1.0,0.36449362816290626,0.28144530462702877,0.0,1.0,0.4720682390001432,0.28483051965441714,0.0,1.0,0.4085544214208276,0.270451115984762,0.0,1.0,84,0.14267596702599875,2.7780596068484464,10
79,1572,269,14.245456837314194,40.47264631043257,10,15,0,15,1135,0.719720989220038,442,1148,0.7279644895370958,0.8343612334801762,947,201,0.8343612334801762,0.45475113122171945,0.7279644895370958,167,1106,6.622754491017964,0.0063411540900443885,0.009511731135066582,0.0,0.009511731135066582,0.4803004186161044,0.2590894503239902,0.0,1.0,0.36415497004022,0.28116382795590356,0.0,1.0,0.4703275055405073,0.28469434470709143,0.0,1.0,0.408684232126734,0.2703975419661751,0.0,1.0,82,0.1431297709923664,2.7977099236641223,10
80,1573,257,14.235510583762181,41.17037507946599,9,8,0,8,1094,0.6959287531806616,478,1128,0.7175572519083969,0.8290676416819013,907,221,0.8290676416819013,0.46234309623430964,0.7175572519083969,171,1087,6.356725146198831,0.0057251908396946565,0.005089058524173028,0.0,0.005089058524173028,0.4803642105694892,0.2583929511346917,0.0,1.0,0.3643541209523614,0.280707336847484,0.0,1.0,0.4695568361257511,0.28465191205677637,0.0,1.0,0.40844492750651107,0.27092280970807475,0.0,1.0,82,0.14303877940241577,2.820724729815639,10
81,1573,258,14.173344500449636,41.79275270184361,11,11,0,11,1136,0.7221869040050858,437,1158,0.7361729179910999,0.8459507042253521,961,197,0.8459507042253521,0.45080091533180777,0.7361729179910999,166,1125,6.77710843373494,0.006993006993006993,0.006993006993006993,0.0,0.006993006993006993,0.48104095318171564,0.2587785852156326,0.0,1.0,0.36371839304390624,0.27987264212837404,0.0,1.0,0.4703771302011771,0.28404992269118323,0.0,1.0,0.4077271701905133,0.27195194371003406,0.0,1.0,81,0.14367450731087095,2.849968213604577,10
82,1570,264,14.131531104111906,42.50828025477707,8,11,0,11,1138,0.7234583598219961,435,1158,0.7361729179910999,0.8400702987697716,956,202,0.8400702987697716,0.46436781609195404,0.7361729179910999,172,1136,6.604651162790698,0.0050858232676414495,0.006993006993006993,0.0,0.006993006993006993,0.4812410108896651,0.2581281567450413,0.0,1.0,0.365194164783234,0.28005519369750803,0.0,1.0,0.46985822888843226,0.2840191241071504,0.0,1.0,0.40725292788165196,0.27267315722163543,0.0,1.0,80,0.14331210191082802,2.870063694267516,10
83,1573,264,14.054537296115083,43.18118245390973,10,7,0,7,1118,0.7121019108280254,452,1162,0.7401273885350318,0.8497316636851521,950,212,0.8497316636851521,0.4690265486725664,0.7401273885350318,178,1140,6.404494382022472,0.006369426751592357,0.0044585987261146496,0.0,0.0044585987261146496,0.4825790045731395,0.2572049503543826,0.0,1.0,0.365317966490987,0.2793914455962738,0.0,1.0,0.46904415232860985,0.28354168804984153,0.0,1.0,0.4064967290773742,0.27317331181631294,0.0,1.0,79,0.14367450731087095,2.8925619834710745,10
84,1569,270,14.02261632274875,43.90439770554493,9,13,0,13,1124,0.7145581691036237,449,1177,0.7482517482517482,0.8362989323843416,940,237,0.8362989323843416,0.5278396436525612,0.7482517482517482,174,1157,6.649425287356322,0.00572155117609663,0.008264462809917356,0.0,0.008264462809917356,0.4823289952507247,0.25711627906898915,0.0,1.0,0.36462509508830365,0.27892419757128395,0.0,1.0,0.47046608688500996,0.283676636694439,0.0,1.0,0.40570324225415816,0.2734508786751727,0.0,1.0,78,0.14531548757170173,2.908859145952836,10
85,1569,266,13.981826010447922,44.538559592096874,12,12,0,12,1114,0.710006373486297,455,1224,0.780114722753346,0.8608617594254937,959,265,0.8608617594254937,0.5824175824175825,0.780114722753346,175,1195,6.828571428571428,0.0076481835564053535,0.0076481835564053535,0.0,0.0076481835564053535,0.48308970167972204,0.25657617812538885,0.0,1.0,0.3646662143547359,0.27914379678099455,0.0,1.0,0.46941754559098664,0.2829544168548571,0.0,1.0,0.40623779271777793,0.27404635156588103,0.0,1.0,78,0.14659018483110262,2.929891650732951,10
86,1570,260,13.941285569252306,45.16624203821656,11,10,0,10,1113,0.7093690248565966,456,1219,0.7769279796048438,0.867026055705301,965,254,0.867026055705301,0.5570175438596491,0.7769279796048438,182,1195,6.565934065934066,0.007010834926704908,0.006373486297004461,0.0,0.006373486297004461,0.48214505855763307,0.25630629961164214,0.0,1.0,0.36322169714403124,0.27860038357347844,0.0,1.0,0.4685432504622971,0.283109644623871,0.0,1.0,0.407088555578385,0.2747700437074725,0.0,1.0,77,0.14713375796178343,2.940764331210191,10
87,1567,258,13.937762416265393,45.974473516273136,6,9,0,9,1120,0.7133757961783439,450,1185,0.7547770700636943,0.8544642857142857,957,228,0.8544642857142857,0.5066666666666667,0.7547770700636943,177,1160,6.553672316384181,0.003821656050955414,0.005732484076433121,0.0,0.005732484076433121,0.4811948041254091,0.2559680979860549,0.0,1.0,0.36426703995718135,0.2794166743115483,0.0,1.0,0.46841097638800255,0.2833846730510873,0.0,1.0,0.40692097082981654,0.27465263865039713,0.0,1.0,76,0.14613911933631143,2.95405232929164,11
88,1572,267,13.807956132074558,46.724554707379134,9,4,0,4,1151,0.7345245692405871,416,1211,0.772814294830887,0.8714161598609904,1003,208,0.8714161598609904,0.5,0.772814294830887,174,1194,6.862068965517241,0.00574345883854499,0.0025526483726866626,0.0,0.0025526483726866626,0.4821267339735697,0.25532901829617316,0.0,1.0,0.3636830009028975,0.27905818779178876,0.0,1.0,0.4675572519083969,0.2829896342205615,0.0,1.0,0.4068579167692687,0.27491933652226747,0.0,1.0,76,0.14694656488549618,2.9599236641221376,11
89,1571,277,13.74603212508276,47.53978357733927,6,7,0,7,1123,0.7143765903307888,449,1221,0.7767175572519084,0.8717720391807658,979,242,0.8717720391807658,0.5389755011135857,0.7767175572519084,175,1206,6.8914285714285715,0.003816793893129771,0.004452926208651399,0.0,0.004452926208651399,0.4826184267263505,0.2550446387295318,0.0,1.0,0.3634627625716104,0.2788631527525984,0.0,1.0,0.46750580070224435,0.2831518826863234,0.0,1.0,0.4069936962280035,0.27515399935428214,0.0,1.0,76,0.14767663908338638,2.9662635264162955,11
90,1567,281,13.743849422159172,48.380982769623486,6,10,0,10,1078,0.686187141947804,493,1194,0.7600254614894971,0.8692022263450835,937,257,0.8692022263450835,0.5212981744421906,0.7600254614894971,178,1176,6.606741573033708,0.0038192234245703373,0.006365372374283896,0.0,0.006365372374283896,0.48251230005969903,0.2546154899216528,0.0,1.0,0.3642876258311547,0.27919129974538587,0.0,1.0,0.4660436008810754,0.28303334485914855,0.0,1.0,0.4070856578216028,0.275745887719275,0.0,1.0,76,0.14741544352265476,2.9783024888321634,11
91,1563,278,13.747544394345766,49.23992322456814,4,8,0,8,1153,0.7358008934269304,414,1235,0.788130185067007,0.8664353859496965,999,236,0.8664353859496965,0.5700483091787439,0.788130185067007,185,1217,6.578378378378378,0.0025526483726866626,0.005105296745373325,0.0,0.005105296745373325,0.48207541328710296,0.2546209025381907,0.0,1.0,0.3641466988628155,0.27902187596525135,0.0,1.0,0.4656883990671372,0.28225951318216513,0.0,1.0,0.40641446350071203,0.27572227983548625,0.0,1.0,75,0.14843250159948818,2.986564299424184,11
92,1563,277,13.71408564512785,49.900831733845166,9,9,0,9,1091,0.6980166346769033,472,1234,0.7895073576455535,0.8771769019248395,957,277,0.8771769019248395,0.586864406779661,0.7895073576455535,182,1215,6.675824175824176,0.005758157389635317,0.005758157389635317,0.0,0.005758157389635317,0.48240563019833654,0.2545968688201266,0.0,1.0,0.36379584339462984,0.2781886472071199,0.0,1.0,0.46521371225723895,0.28150695569257,0.0,1.0,0.4047840175014963,0.2758787320149512,0.0,1.0,74,0.14971209213051823,3.0076775431861806,11
93,1560,282,13.676486108040969,50.675,7,10,0,10,1147,0.7338451695457454,416,1246,0.7971849008317339,0.9014821272885789,1034,212,0.9014821272885789,0.5096153846153846,0.7971849008317339,175,1226,7.005714285714285,0.004478566858605247,0.006397952655150352,0.0,0.006397952655150352,0.48333333333333334,0.2544011680112947,0.0,1.0,0.36354425144747726,0.2777867323061837,0.0,1.0,0.46468155500413566,0.2813046155507256,0.0,1.0,0.40450785773366416,0.2763761908323236,0.0,1.0,74,0.14935897435897436,3.019230769230769,11
94,1554,288,13.68275525217326,51.45173745173745,6,12,0,12,1093,0.7006410256410256,467,1247,0.7993589743589744,0.8856358645928637,968,279,0.8856358645928637,0.5974304068522484,0.7993589743589744,178,1231,6.915730337078652,0.0038461538461538464,0.007692307692307693,0.0,0.007692307692307693,0.483435047951177,0.2543357839509923,0.0,1.0,0.363224976128202,0.27734829805270367,0.0,1.0,0.4646697388632873,0.28055465189656753,0.0,1.0,0.4042844688005978,0.2764969665134414,0.0,1.0,74,0.14864864864864866,3.027670527670528,11
95,1548,294,13.71088934206552,52.421834625322994,1,7,0,7,1078,0.6936936936936937,476,1254,0.806949806949807,0.8877551020408163,957,297,0.8877551020408163,0.6239495798319328,0.806949806949807,178,1238,6.955056179775281,0.0006435006435006435,0.0045045045045045045,0.0,0.0045045045045045045,0.48374593648412106,0.25398434374323237,0.0,1.0,0.36286154872051346,0.2769600025002774,0.0,1.0,0.46394932066349925,0.28058944507336675,0.0,1.0,0.4043927648578811,0.2763279022218761,0.0,1.0,73,0.14857881136950904,3.0264857881136953,11
96,1546,296,13.705897240055277,53.17852522639068,6,8,0,8,1065,0.687984496124031,483,1256,0.8113695090439277,0.9089201877934272,968,288,0.9089201877934272,0.5962732919254659,0.8113695090439277,179,1237,6.910614525139665,0.003875968992248062,0.00516795865633075,0.0,0.00516795865633075,0.48483078078704667,0.25280049252465164,0.0,1.0,0.363038851562826,0.2769396858877795,0.0,1.0,0.46496682385344074,0.280470410134575,0.0,1.0,0.4038726369820139,0.27603260120006373,0.0,1.0,73,0.14877102199223805,3.035575679172057,11
97,1541,299,13.725030023495304,54.085009733939,4,9,0,9,1085,0.7018111254851229,461,1196,0.7736093143596378,0.8774193548387097,952,244,0.8774193548387097,0.5292841648590022,0.7736093143596378,185,1184,6.4,0.00258732212160414,0.005821474773609315,0.0,0.005821474773609315,0.48487576144522826,0.2529779965715269,0.0,1.0,0.362479328462875,0.27688844134072266,0.0,1.0,0.46383789328253544,0.2801543523383898,0.0,1.0,0.4044713319796529,0.2767572125264308,0.0,1.0,72,0.14990266060999352,3.0408825438027254,11
98,1539,309,13.697252284734413,54.98635477582846,3,5,0,5,1088,0.7060350421804024,453,1234,0.8007787151200519,0.8887867647058824,967,267,0.8887867647058824,0.5894039735099338,0.8007787151200519,172,1216,7.069767441860465,0.001946787800129786,0.003244646333549643,0.0,0.003244646333549643,0.485547800205412,0.2530399168224865,0.0,1.0,0.36186044561822717,0.2765352195278335,0.0,1.0,0.46406338426711946,0.2800806222555494,0.0,1.0,0.4038231780167264,0.2767113816947592,0.0,1.0,72,0.14944769330734242,3.055230669265757,11
99,1534,315,13.700829584900108,55.70143415906128,5,10,0,10,1098,0.7134502923976608,441,1218,0.7914230019493177,0.8961748633879781,984,234,0.8961748633879781,0.5306122448979592,0.7914230019493177,172,1196,6.953488372093023,0.003248862897985705,0.00649772579597141,0.0,0.00649772579597141,0.4852168061572107,0.25240262684933185,0.0,1.0,0.361673045379989,0.2765125422176817,0.0,1.0,0.4637044202380452,0.28004145732697394,0.0,1.0,0.40312066282541953,0.27721980813338415,0.0,1.0,68,0.14928292046936115,3.0710560625814862,11
100,1528,323,13.695651939597045,56.61649214659686,4,10,0,10,1144,0.7457627118644068,390,1271,0.8285528031290743,0.9073426573426573,1038,233,0.9073426573426573,0.5974358974358974,0.8285528031290743,174,1253,7.2011494252873565,0.002607561929595828,0.00651890482398957,0.0,0.00651890482398957,0.4849265326802905,0.25227898148281064,0.0,1.0,0.36163654788042565,0.2768065288287502,0.0,1.0,0.4629285593649721,0.2803728378637488,0.0,1.0,0.402824691775038,0.2767814575894837,0.0,1.0,68,0.14921465968586387,3.068717277486911,11
101,1531,321,13.645754323786841,57.34879163945134,7,4,0,4,1106,0.7238219895287958,422,1231,0.805628272251309,0.891500904159132,986,245,0.891500904159132,0.580568720379147,0.805628272251309,183,1212,6.622950819672131,0.004581151832460733,0.002617801047120419,0.0,0.002617801047120419,0.4866521986473104,0.25221265338422394,0.0,1.0,0.36227639535618716,0.2772071649052561,0.0,1.0,0.46256926739849563,0.2804464928360105,0.0,1.0,0.402098565137692,0.2772945247380706,0.0,1.0,67,0.15022860875244937,3.080339647289353,12
102,1524,325,13.673724654696644,58.284120734908136,2,9,0,9,1132,0.7393860222077073,399,1262,0.8242978445460484,0.9090106007067138,1029,233,0.9090106007067138,0.5839598997493735,0.8242978445460484,181,1247,6.889502762430939,0.0013063357282821686,0.005878510777269758,0.0,0.005878510777269758,0.48768097536195076,0.25184153570525797,0.0,1.0,0.36250105833545004,0.2772900762668225,0.0,1.0,0.46137075607484546,0.28027996890032747,0.0,1.0,0.40136313605960544,0.27676250601587654,0.0,1.0,66,0.1515748031496063,3.0826771653543306,12
103,1524,333,13.620183489510895,59.01640419947507,7,7,0,7,1100,0.7217847769028871,424,1250,0.8202099737532809,0.9027272727272727,993,257,0.9027272727272727,0.6061320754716981,0.8202099737532809,175,1233,7.045714285714285,0.004593175853018373,0.004593175853018373,0.0,0.004593175853018373,0.48833714334095335,0.2519296979827426,0.0,1.0,0.36159088984844634,0.27671847618797135,0.0,1.0,0.46041825416984167,0.27962986052043576,0.0,1.0,0.4017229701126069,0.2771739244329015,0.0,1.0,65,0.15223097112860892,3.090551181102362,12
104,1520,337,13.634562054119332,59.90855263157895,3,7,0,7,1083,0.7106299212598425,441,1266,0.8307086614173228,0.9150507848568791,991,275,0.9150507848568791,0.6235827664399093,0.8307086614173228,174,1244,7.149425287356322,0.001968503937007874,0.004593175853018373,0.0,0.004593175853018373,0.4894100169779287,0.2518241999924548,0.0,1.0,0.3609932088285229,0.27639269778505066,0.0,1.0,0.46131154499151106,0.2794213497456889,0.0,1.0,0.4014431239388795,0.277678539415037,0.0,1.0,64,0.15328947368421053,3.099342105263158,12
105,1515,341,13.65313334067003,60.847524752475245,3,8,0,8,1102,0.725,418,1236,0.8131578947368421,0.9056261343012704,998,238,0.9056261343012704,0.569377990430622,0.8131578947368421,179,1219,6.810055865921788,0.001973684210526316,0.005263157894736842,0.0,0.005263157894736842,0.4898967316086447,0.2518851027921283,0.0,1.0,0.3602682848930054,0.2765199983195106,0.0,1.0,0.4604705631853508,0.2791426174396182,0.0,1.0,0.4010646225912914,0.2776353517955321,0.0,1.0,63,0.15445544554455445,3.099009900990099,12
106,1510,347,13.666054823990933,61.65496688741722,5,10,0,10,1083,0.7148514851485148,432,1247,0.8231023102310231,0.8975069252077562,972,275,0.8975069252077562,0.6365740740740741,0.8231023102310231,181,1234,6.81767955801105,0.0033003300330033004,0.006600660066006601,0.0,0.006600660066006601,0.49060029908139285,0.25198085497822,0.0,1.0,0.3606921597949156,0.27653446208137866,0.0,1.0,0.45996581926938684,0.27890353113476796,0.0,1.0,0.4005127109591967,0.2785290259111385,0.0,1.0,63,0.15496688741721854,3.1125827814569536,12
107,1511,351,13.62321965480012,62.506949040370614,5,4,0,4,1107,0.733112582781457,403,1221,0.8086092715231789,0.9033423667570009,1000,221,0.9033423667570009,0.5483870967741935,0.8086092715231789,177,1202,6.790960451977401,0.0033112582781456954,0.0026490066225165563,0.0,0.0026490066225165563,0.49095877543177985,0.25206931605293037,0.0,1.0,0.3606028906300036,0.2763052337364343,0.0,1.0,0.46019512819965414,0.278684352607333,0.0,1.0,0.400397088021178,0.2790363717405254,0.0,1.0,63,0.15486432825943083,3.1204500330906684,12
108,1508,354,13.615749268768983,63.221485411140584,5,8,0,8,1122,0.7425545996029119,389,1223,0.8093977498345467,0.8787878787878788,986,237,0.8787878787878788,0.609254498714653,0.8093977498345467,178,1204,6.764044943820225,0.0033090668431502318,0.005294506949040371,0.0,0.005294506949040371,0.4913151364764268,0.2520553855728704,0.0,1.0,0.35939505433387525,0.27574182540458547,0.0,1.0,0.46036194061778046,0.27857405998815066,0.0,1.0,0.40044493882091214,0.27890791742089127,0.0,1.0,62,0.15517241379310345,3.135941644562334,12
109,1502,361,13.632940504658583,64.05858854860186,4,10,0,10,1099,0.7287798408488063,409,1295,0.8587533156498673,0.9381255686988171,1031,264,0.9381255686988171,0.6454767726161369,0.8587533156498673,173,1275,7.369942196531792,0.002652519893899204,0.006631299734748011,0.0,0.006631299734748011,0.4936214080151196,0.2520105864136453,0.0,1.0,0.3587045230015893,0.27500458504015474,0.0,1.0,0.46016064602035994,0.2780935769127789,0.0,1.0,0.3996606674971006,0.27890033584953106,0.0,1.0,61,0.1577896138482024,3.1464713715046604,12
110,1499,364,13.652619608088944,64.92194796531021,2,5,0,5,1074,0.715046604527297,428,1237,0.8235685752330226,0.9068901303538175,974,263,0.9068901303538175,0.6144859813084113,0.8235685752330226,177,1217,6.875706214689266,0.0013315579227696406,0.003328894806924101,0.0,0.003328894806924101,0.49407131636144525,0.2519009868226784,0.0,1.0,0.35841098366653035,0.2748773609762733,0.0,1.0,0.46028535152467237,0.277652739535189,0.0,1.0,0.39910477953043966,0.2786754718177043,0.0,1.0,58,0.1581054036024016,3.1567711807871914,12
111,1498,376,13.60807896461051,65.73765020026703,4,5,0,5,1103,0.7358238825883923,396,1267,0.8452301534356238,0.9184043517679057,1013,254,0.9184043517679057,0.6414141414141414,0.8452301534356238,173,1252,7.236994219653179,0.00266844563042028,0.00333555703802535,0.0,0.00333555703802535,0.49481028468064947,0.2521471098696455,0.0,1.0,0.3581334252121108,0.2746553483847052,0.0,1.0,0.4600327318144623,0.27725763083713306,0.0,1.0,0.3985529092553512,0.27914545763125026,0.0,1.0,58,0.1595460614152203,3.1608811748998664,12
112,1492,375,13.667978089451168,66.61461126005362,3,9,0,9,1072,0.7156208277703605,426,1243,0.8297730307076101,0.8908582089552238,955,288,0.8908582089552238,0.676056338028169,0.8297730307076101,174,1216,6.988505747126437,0.0020026702269692926,0.006008010680907877,0.0,0.006008010680907877,0.49602179365216637,0.25206573782905295,0.0,1.0,0.3571953645247773,0.2745621709626086,0.0,1.0,0.45954769523480066,0.27721112210858273,0.0,1.0,0.3987719449969731,0.27910147022210124,0.0,1.0,55,0.1601876675603217,3.1662198391420913,12
113,1496,382,13.587515581190603,67.33823529411765,6,2,0,2,1107,0.7419571045576407,385,1250,0.8378016085790885,0.9105691056910569,1008,242,0.9105691056910569,0.6285714285714286,0.8378016085790885,178,1235,6.938202247191011,0.004021447721179625,0.0013404825737265416,0.0,0.0013404825737265416,0.496830257029498,0.252544072481135,0.0,1.0,0.35736156632741073,0.2744038321378857,0.0,1.0,0.45881490426082455,0.2768512061371789,0.0,1.0,0.39863291357598757,0.27909359101462117,0.0,1.0,54,0.16042780748663102,3.179144385026738,12
114,1494,389,13.543863223920265,68.18473895582329,4,6,0,6,1179,0.7881016042780749,317,1227,0.8201871657754011,0.909245122985581,1072,155,0.909245122985581,0.4889589905362776,0.8201871657754011,181,1215,6.712707182320442,0.00267379679144385,0.004010695187165776,0.0,0.004010695187165776,0.49637258712268434,0.2522455327570217,0.0,1.0,0.357127434469059,0.27425067069745707,0.0,1.0,0.4580904262210131,0.276830630116536,0.0,1.0,0.39903700824804594,0.2790890317936112,0.0,1.0,54,0.1606425702811245,3.176706827309237,12
115,1493,391,13.5307700765649,68.97119892833221,6,7,0,7,1094,0.7322623828647925,400,1234,0.8259705488621151,0.8957952468007313,980,254,0.8957952468007313,0.635,0.8259705488621151,182,1218,6.6923076923076925,0.004016064257028112,0.004685408299866131,0.0,0.004685408299866131,0.49707235918155696,0.2522614066102669,0.0,1.0,0.35702093641293775,0.2744513258057863,0.0,1.0,0.4574249724520883,0.276851300283536,0.0,1.0,0.3986344878249033,0.27906349437861244,0.0,1.0,54,0.16008037508372405,3.187541862022773,12
116,1490,398,13.526023653232876,69.80939597315437,3,6,0,6,1101,0.7374413931681179,392,1291,0.8647019423978567,0.9173478655767484,1010,281,0.9173478655767484,0.7168367346938775,0.8647019423978567,179,1277,7.134078212290503,0.0020093770931011385,0.004018754186202277,0.0,0.004018754186202277,0.49753193331890017,0.25259933130933854,0.0,1.0,0.3566789348343798,0.2741676324707466,0.0,1.0,0.4575016237280796,0.2768321096779336,0.0,1.0,0.3987876163671791,0.27926088830698437,0.0,1.0,53,0.1604026845637584,3.1926174496644295,12
117,1488,401,13.519371240731969,70.59744623655914,4,6,0,6,1112,0.7463087248322148,378,1259,0.8449664429530201,0.9217625899280576,1025,234,0.9217625899280576,0.6190476190476191,0.8449664429530201,178,1240,6.966292134831461,0.0026845637583892616,0.004026845637583893,0.0,0.004026845637583893,0.49817898022892815,0.2526022605602073,0.0,1.0,0.35724505723204997,0.27456148386838575,0.0,1.0,0.45703260492542497,0.27630736961011143,0.0,1.0,0.3993453000346861,0.2793460947914623,0.0,1.0,53,0.16129032258064516,3.1948924731182795,12
118,1487,405,13.50124868455653,71.42837928715535,4,5,0,5,1111,0.7466397849462365,377,1233,0.8286290322580645,0.9054905490549054,1006,227,0.9054905490549054,0.6021220159151194,0.8286290322580645,177,1214,6.858757062146893,0.002688172043010753,0.003360215053763441,0.0,0.003360215053763441,0.49890448402282145,0.2527907047565337,0.0,1.0,0.35640063344686207,0.27444452015829246,0.0,1.0,0.456775929019242,0.27610123493591404,0.0,1.0,0.3988762826214287,0.2790995346038444,0.0,1.0,52,0.1620712844653665,3.199058507061197,12
119,1488,416,13.444021674380213,72.12836021505376,6,5,0,5,1083,0.7283120376597175,404,1280,0.8607935440484197,0.9298245614035088,1007,273,0.9298245614035088,0.6757425742574258,0.8607935440484197,172,1263,7.343023255813954,0.004034969737726967,0.0033624747814391394,0.0,0.0033624747814391394,0.5004335761359695,0.252672117015098,0.0,1.0,0.3573968088796392,0.27479052261692777,0.0,1.0,0.45642559833506763,0.27579930009037074,0.0,1.0,0.39849982656954563,0.2794607206513595,0.0,1.0,52,0.16196236559139784,3.2184139784946235,12
120,1488,420,13.432649137930458,73.02956989247312,3,3,0,3,1072,0.7204301075268817,416,1268,0.8521505376344086,0.9151119402985075,981,287,0.9151119402985075,0.6899038461538461,0.8521505376344086,178,1250,7.022471910112359,0.0020161290322580645,0.0020161290322580645,0.0,0.0020161290322580645,0.5004769337495665,0.2527771890061072,0.0,1.0,0.357613596947624,0.2747146061716536,0.0,1.0,0.45666406520985087,0.2756060659551267,0.0,1.0,0.39795785639958375,0.2797111649103884,0.0,1.0,52,0.16061827956989247,3.2278225806451615,12
121,1484,423,13.440116756944544,73.92924528301887,3,7,0,7,1134,0.7620967741935484,354,1292,0.8682795698924731,0.9400352733686067,1066,226,0.9400352733686067,0.6384180790960452,0.8682795698924731,183,1278,6.983606557377049,0.0020161290322580645,0.004704301075268817,0.0,0.004704301075268817,0.5011303364924788,0.2523789750637624,0.0,1.0,0.357273280584297,0.2746669440132408,0.0,1.0,0.4559386140335623,0.27534106596205726,0.0,1.0,0.3985088253195374,0.28011410636128925,0.0,1.0,51,0.16037735849056603,3.231132075471698,12
122,1483,429,13.393176926621521,74.55967633175995,8,9,0,9,1139,0.7675202156334232,345,1257,0.8470350404312669,0.9201053555750659,1048,209,0.9201053555750659,0.6057971014492753,0.8470350404312669,177,1240,7.005649717514125,0.005390835579514825,0.006064690026954178,0.0,0.006064690026954178,0.5021643138363823,0.25217608516797324,0.0,1.0,0.3574489374197899,0.27446919824406013,0.0,1.0,0.4547886803123573,0.2749204755015488,0.0,1.0,0.39849476866856637,0.2806008801558702,0.0,1.0,51,0.1604855023600809,3.237356709372893,12
123,1473,439,13.467196181598387,75.33401221995926,2,12,0,12,1044,0.7039784221173297,439,1254,0.8455832771409305,0.9109195402298851,951,303,0.9109195402298851,0.6902050113895216,0.8455832771409305,175,1239,7.08,0.0013486176668914363,0.008091706001348618,0.0,0.008091706001348618,0.5030987889538576,0.2517607340550415,0.0,1.0,0.3568096708494843,0.2741320307744171,0.0,1.0,0.4546569432582178,0.27480558076819994,0.0,1.0,0.3975209688369139,0.2809078464967437,0.0,1.0,50,0.16089613034623218,3.253224711473184,12
124,1471,447,13.478019920512333,76.13936097892591,3,5,0,5,1030,0.6992532247114732,443,1243,0.8438560760353021,0.9135922330097087,941,302,0.9135922330097087,0.6817155756207675,0.8438560760353021,172,1223,7.1104651162790695,0.002036659877800407,0.0033944331296673455,0.0,0.0033944331296673455,0.5038705291550624,0.25131883938393007,0.0,1.0,0.3565272691388347,0.2739240970893283,0.0,1.0,0.4536742615293524,0.27443884504994875,0.0,1.0,0.3969211201508739,0.2803470278742449,0.0,1.0,49,0.1611148878314072,3.256288239292998,12
125,1467,456,13.465673928512986,77.15610088616224,2,6,0,6,1153,0.7838205302515295,318,1260,0.8565601631543168,0.9219427580225499,1063,197,0.9219427580225499,0.6194968553459119,0.8565601631543168,178,1247,7.00561797752809,0.0013596193065941536,0.004078857919782461,0.0,0.004078857919782461,0.5035732348219979,0.25109148798428826,0.0,1.0,0.35703762341403344,0.27380579116004544,0.0,1.0,0.45389977351188515,0.27457340906160216,0.0,1.0,0.39655210326098905,0.2801882372886294,0.0,1.0,49,0.1601908657123381,3.2563053851397408,12
126,1460,465,13.491826400897896,77.92739726027398,3,10,0,10,1118,0.7620995228357191,349,1244,0.8479890933878664,0.9069767441860465,1014,230,0.9069767441860465,0.6590257879656161,0.8479890933878664,182,1235,6.785714285714286,0.002044989775051125,0.006816632583503749,0.0,0.006816632583503749,0.5046177640300487,0.25044695340367223,0.0,1.0,0.3561422889969068,0.27299472238614736,0.0,1.0,0.4524304021210782,0.2741013365892828,0.0,1.0,0.39549270879363674,0.28010077163287755,0.0,1.0,46,0.16027397260273973,3.2678082191780824,12
127,1459,473,13.4854544718927,78.84304318026045,2,3,0,3,1070,0.7328767123287672,390,1234,0.8452054794520548,0.9112149532710281,975,259,0.9112149532710281,0.6641025641025641,0.8452054794520548,172,1214,7.058139534883721,0.0013698630136986301,0.002054794520547945,0.0,0.002054794520547945,0.5050962877799642,0.25041780533820107,0.0,1.0,0.35594419509606673,0.2727925530268972,0.0,1.0,0.4523425236021137,0.27417209280473354,0.0,1.0,0.3957637798757434,0.28005872841752744,0.0,1.0,46,0.15969842357779301,3.2748457847840986,12
128,1459,479,13.476978349432267,79.65524331734065,3,3,0,3,1060,0.726525017135024,399,1259,0.8629198080877313,0.9132075471698113,968,291,0.9132075471698113,0.7293233082706767,0.8629198080877313,177,1242,7.016949152542373,0.00205620287868403,0.00205620287868403,0.0,0.00205620287868403,0.5050299586548453,0.25045047345982147,0.0,1.0,0.3558999756793208,0.27286069715547384,0.0,1.0,0.4519003294346548,0.27368342448698557,0.0,1.0,0.3957416701673705,0.27982884403809655,0.0,1.0,46,0.15969842357779301,3.2782727895819055,12
129,1460,482,13.457485624244546,80.5054794520548,4,3,0,3,1086,0.744345442083619,373,1269,0.8697738176833447,0.925414364640884,1005,264,0.925414364640884,0.707774798927614,0.8697738176833447,180,1252,6.955555555555556,0.0027416038382453737,0.00205620287868403,0.0,0.00205620287868403,0.5051922227132126,0.25014524689985,0.0,1.0,0.3556341140079541,0.2724779479654626,0.0,1.0,0.4516349977905435,0.27373047027762254,0.0,1.0,0.39569155987627047,0.28002221011235884,0.0,1.0,46,0.1589041095890411,3.282191780821918,12
130,1459,491,13.448527732796265,81.35846470185058,3,4,0,4,1059,0.7253424657534246,401,1244,0.852054794520548,0.9206798866855525,975,269,0.9206798866855525,0.6708229426433915,0.852054794520548,178,1231,6.915730337078652,0.002054794520547945,0.0027397260273972603,0.0,0.0027397260273972603,0.5053173848636936,0.24987432641005486,0.0,1.0,0.3550376970527759,0.27213900505624883,0.0,1.0,0.452209865351876,0.27433884915215573,0.0,1.0,0.3955647925003869,0.27999477515543153,0.0,1.0,45,0.15832762165867031,3.281014393420151,12
131,1455,501,13.453034255637597,81.92577319587629,5,9,0,9,1072,0.7347498286497601,387,1281,0.8779986291980809,0.9402985074626866,1008,273,0.9402985074626866,0.7054263565891473,0.8779986291980809,181,1272,7.027624309392265,0.003427004797806717,0.00616860863605209,0.0,0.00616860863605209,0.5062188227469239,0.24921885999331117,0.0,1.0,0.3560802571776965,0.27221203409910555,0.0,1.0,0.45121383438643164,0.2744021680972854,0.0,1.0,0.39603148209732847,0.28011004757541474,0.0,1.0,45,0.15945017182130583,3.2900343642611682,12
132,1451,505,13.488008957219588,82.80634045485871,1,5,0,5,1085,0.7457044673539519,370,1255,0.8625429553264605,0.9170506912442397,995,260,0.9170506912442397,0.7027027027027027,0.8625429553264605,179,1238,6.916201117318436,0.0006872852233676976,0.003436426116838488,0.0,0.003436426116838488,0.506569440430404,0.2492039643126638,0.0,1.0,0.3557724372512839,0.2720378070097254,0.0,1.0,0.449523131989062,0.27369767566598213,0.0,0.967741935483871,0.3959227229274583,0.279905930980659,0.0,1.0,44,0.15988973121984837,3.291523087525844,12
133,1451,512,13.485333288001575,83.67746381805651,2,2,0,2,1048,0.7222605099931082,403,1250,0.8614748449345279,0.9303435114503816,975,275,0.9303435114503816,0.6823821339950372,0.8614748449345279,179,1236,6.905027932960894,0.0013783597518952446,0.0013783597518952446,0.0,0.0013783597518952446,0.5069696093906316,0.24915855665314052,0.0,1.0,0.35599475334029923,0.2719209347761936,0.0,1.0,0.44950090038016055,0.2733474813433263,0.0,0.967741935483871,0.3949889953535937,0.280092604061532,0.0,1.0,44,0.15988973121984837,3.2997932460372157,12
134,1440,516,13.565797390315833,84.64236111111111,1,12,0,12,1148,0.7911784975878704,303,1277,0.8800827015851137,0.9337979094076655,1072,205,0.9337979094076655,0.6765676567656765,0.8800827015851137,180,1261,7.0055555555555555,0.0006891798759476223,0.008270158511371467,0.0,0.008270158511371467,0.5066756272401434,0.2492623099322481,0.0,1.0,0.35681003584229387,0.2721282940164645,0.0,1.0,0.44966397849462364,0.27325072955467494,0.0,0.967741935483871,0.3946460573476702,0.28009686252851596,0.0,1.0,44,0.1597222222222222,3.3069444444444445,12
135,1439,521,13.556039955161573,85.44753300903405,5,6,0,6,1094,0.7597222222222222,346,1256,0.8722222222222222,0.9213893967093236,1008,248,0.9213893967093236,0.7167630057803468,0.8722222222222222,181,1242,6.861878453038674,0.003472222222222222,0.004166666666666667,0.0,0.004166666666666667,0.506825976820821,0.24904564197831708,0.0,1.0,0.3573269967943689,0.27195947765130707,0.0,1.0,0.4491470331099106,0.2736442317771695,0.0,0.967741935483871,0.39496514156336165,0.2805001532039371,0.0,1.0,44,0.15844336344683807,3.3161917998610146,12
136,1437,526,13.56383755243583,86.20250521920669,4,6,0,6,1082,0.7519110493398193,357,1235,0.8582348853370396,0.9177449168207024,993,242,0.9177449168207024,0.6778711484593838,0.8582348853370396,180,1220,6.777777777777778,0.002779708130646282,0.004169562195969423,0.0,0.004169562195969423,0.5072844411520416,0.24854482862975702,0.0,1.0,0.35746514916829414,0.272072871304065,0.0,1.0,0.4495925651559028,0.27421350445045684,0.0,0.967741935483871,0.3943699912452017,0.2800024814564799,0.0,1.0,43,0.15727209464161448,3.3215031315240084,12
137,1440,534,13.519978563802802,86.96111111111111,4,1,0,1,1063,0.7397355601948504,374,1243,0.8649965205288797,0.922859830667921,981,262,0.922859830667921,0.7005347593582888,0.8649965205288797,177,1228,6.937853107344632,0.0027835768963117608,0.0006958942240779402,0.0,0.0006958942240779402,0.5073252688172043,0.2484774770254077,0.0,1.0,0.3575268817204301,0.271960121674569,0.0,1.0,0.4492831541218638,0.27433120212303136,0.0,0.967741935483871,0.3953181003584229,0.28052136731778454,0.0,1.0,43,0.15694444444444444,3.321527777777778,12
138,1435,544,13.54352881756297,87.82020905923345,4,9,0,9,1067,0.7409722222222223,373,1243,0.8631944444444445,0.9306466729147141,993,250,0.9306466729147141,0.6702412868632708,0.8631944444444445,182,1235,6.785714285714286,0.002777777777777778,0.00625,0.0,0.00625,0.5079240193323592,0.24848781114116167,0.0,1.0,0.35650219175002806,0.27132955924177515,0.0,1.0,0.44799370574350905,0.2740350705797788,0.0,0.967741935483871,0.3948297178824323,0.2807386628222066,0.0,1.0,43,0.156794425087108,3.3282229965156795,12
139,1434,545,13.549300917457725,88.5836820083682,5,6,0,6,1092,0.7609756097560976,343,1225,0.8536585365853658,0.9294871794871795,1015,210,0.9294871794871795,0.6122448979591837,0.8536585365853658,185,1211,6.545945945945946,0.003484320557491289,0.004181184668989547,0.0,0.004181184668989547,0.5083232105097404,0.24825438773312694,0.0,1.0,0.3563683807981284,0.2711788671157466,0.0,1.0,0.4476087641157151,0.27412923797092464,0.0,0.967741935483871,0.3949475862689522,0.28080878796580067,0.0,1.0,43,0.15620641562064155,3.3354253835425385,12
140,1430,558,13.565639529698176,89.53986013986014,3,7,0,7,1045,0.7287308228730823,389,1173,0.8179916317991632,0.8889952153110048,929,244,0.8889952153110048,0.6272493573264781,0.8179916317991632,173,1159,6.699421965317919,0.0020920502092050207,0.0048814504881450485,0.0,0.0048814504881450485,0.5089330024813896,0.24742893001955438,0.0,1.0,0.3553349875930521,0.27037475738917394,0.0,1.0,0.4465373336341078,0.27395206773630243,0.0,0.967741935483871,0.3946086171892623,0.2810477486177201,0.0,1.0,42,0.15594405594405594,3.341958041958042,12
141,1428,566,13.570003710909416,90.14075630252101,5,7,0,7,1056,0.7384615384615385,374,1236,0.8643356643356643,0.9176136363636364,969,267,0.9176136363636364,0.713903743315508,0.8643356643356643,181,1225,6.767955801104972,0.0034965034965034965,0.0048951048951048955,0.0,0.0048951048951048955,0.5102331255082678,0.24712116073090568,0.0,1.0,0.356239269901509,0.2709295897468291,0.0,1.0,0.44603325201048166,0.2732608374282664,0.0,0.967741935483871,0.3935122436071203,0.2807336861646523,0.0,1.0,39,0.15546218487394958,3.3634453781512605,12
142,1425,578,13.568337368971493,91.00350877192983,2,5,0,5,1091,0.7640056022408963,337,1256,0.8795518207282913,0.9321723189734189,1017,239,0.9321723189734189,0.7091988130563798,0.8795518207282913,172,1240,7.209302325581396,0.0014005602240896359,0.0035014005602240898,0.0,0.0035014005602240898,0.5106281833616299,0.24732840490482774,0.0,1.0,0.3558347481607244,0.2704560903675837,0.0,1.0,0.44513865308432377,0.27266372964582314,0.0,0.967741935483871,0.393638936049802,0.28081441958268955,0.0,1.0,39,0.15578947368421053,3.367719298245614,12
143,1423,583,13.571500564509702,91.77863668306395,4,6,0,6,1102,0.7733333333333333,323,1255,0.8807017543859649,0.925589836660617,1020,235,0.925589836660617,0.7275541795665634,0.8807017543859649,177,1237,6.988700564971752,0.002807017543859649,0.004210526315789474,0.0,0.004210526315789474,0.5111418402738422,0.24708879631941985,0.0,1.0,0.35579080996531637,0.2705084127088615,0.0,1.0,0.44590030149842447,0.2729983152422254,0.0,0.967741935483871,0.3933534332283001,0.28067850890848023,0.0,1.0,38,0.15530569219957835,3.371047083626142,12
144,1421,596,13.567397924575335,92.82617874736101,0,2,0,2,1083,0.7610681658468025,340,1216,0.8545326774420239,0.9095106186518929,985,231,0.9095106186518929,0.6794117647058824,0.8545326774420239,176,1205,6.846590909090909,0.0,0.0014054813773717498,0.0,0.0014054813773717498,0.5111802229234297,0.2472486525773921,0.0,1.0,0.35590565480919845,0.2706644677290945,0.0,1.0,0.4454155410773876,0.27280299597598023,0.0,0.967741935483871,0.39370275362647844,0.2807154960460362,0.0,1.0,38,0.15552427867698804,3.370865587614356,12
145,1426,601,13.499886215946116,93.39971949509116,7,2,0,2,1085,0.7635467980295566,336,1236,0.8698099929627023,0.9188940092165898,997,239,0.9188940092165898,0.7113095238095238,0.8698099929627023,181,1222,6.751381215469613,0.0049261083743842365,0.0014074595355383533,0.0,0.0014074595355383533,0.5105415554449622,0.24765843781561206,0.0,1.0,0.35495181649549834,0.27019701110319466,0.0,1.0,0.4461159118671673,0.2735635397416959,0.0,0.967741935483871,0.39390580464190383,0.28121599760861843,0.0,1.0,38,0.15497896213183732,3.370967741935484,12
146,1418,609,13.568251735841004,94.43935119887165,1,9,0,9,1080,0.7573632538569425,346,1259,0.8828892005610098,0.9342592592592592,1009,250,0.9342592592592592,0.7225433526011561,0.8828892005610098,179,1246,6.960893854748603,0.0007012622720897616,0.006311360448807854,0.0,0.006311360448807854,0.5104417853405523,0.24772546655980401,0.0,1.0,0.3554301833568406,0.2704465098862486,0.0,1.0,0.4450384457891624,0.2732439395538679,0.0,0.967741935483871,0.39412621138359344,0.28100478981214144,0.0,1.0,38,0.15514809590973203,3.370944992947814,12
147,1416,611,13.584318729260406,95.26906779661017,5,7,0,7,1090,0.768688293370945,328,1248,0.8801128349788434,0.9330275229357798,1017,231,0.9330275229357798,0.7042682926829268,0.8801128349788434,179,1229,6.865921787709497,0.003526093088857546,0.004936530324400564,0.0,0.004936530324400564,0.5105248769819574,0.24778373340077955,0.0,1.0,0.35431474394022233,0.27023676540858366,0.0,1.0,0.4458037178786222,0.27340590350661675,0.0,0.967741935483871,0.3938399854200838,0.2812037696111544,0.0,1.0,38,0.15466101694915255,3.375,12
148,1417,618,13.558392039553532,95.95271700776289,6,5,0,5,1069,0.7549435028248588,347,1291,0.911723163841808,0.941066417212348,1006,285,0.941066417212348,0.8213256484149856,0.911723163841808,177,1275,7.203389830508475,0.00423728813559322,0.0035310734463276836,0.0,0.0035310734463276836,0.5100052359596603,0.24751043143068918,0.0,1.0,0.35424681858538026,0.27001753644903376,0.0,0.967741935483871,0.44598993785143537,0.27367843390819246,0.0,0.967741935483871,0.3936531062899811,0.28081353946967613,0.0,1.0,36,0.15455187014820043,3.378969654199012,12
149,1418,623,13.523243815351895,96.47461212976023,6,5,0,5,1114,0.7861679604798871,303,1257,0.8870853916725476,0.9353680430879713,1042,215,0.9353680430879713,0.7095709570957096,0.8870853916725476,178,1240,6.966292134831461,0.004234297812279464,0.0035285815102328866,0.0,0.0035285815102328866,0.5106237772419127,0.24713641658445573,0.0,1.0,0.35383775421993724,0.26957288150456593,0.0,0.967741935483871,0.44642613403703535,0.2736642438603556,0.0,1.0,0.393011510987761,0.2814961830124723,0.0,1.0,34,0.15514809590973203,3.390691114245416,12
150,1421,635,13.462096174846488,97.11893033075299,6,3,0,3,1064,0.7503526093088858,354,1269,0.8949224259520452,0.924812030075188,984,285,0.924812030075188,0.8050847457627118,0.8949224259520452,170,1251,7.358823529411764,0.004231311706629055,0.0021156558533145277,0.0,0.0021156558533145277,0.5098635672288938,0.2471713931947704,0.0,1.0,0.3547025039159156,0.2703701215207476,0.0,0.967741935483871,0.44682300061292596,0.27416739996996425,0.0,1.0,0.3938389593879821,0.28117882406021805,0.0,1.0,34,0.15411681914144967,3.386347642505278,12
151,1423,640,13.42907576637703,97.73787772312016,7,5,0,5,1069,0.7522871217452498,352,1259,0.8859957776213934,0.9242282507015903,988,271,0.9242282507015903,0.7698863636363636,0.8859957776213934,173,1237,7.1502890173410405,0.0049261083743842365,0.003518648838845883,0.0,0.003518648838845883,0.5098497041688391,0.2475339366470617,0.0,1.0,0.35399995466189105,0.269990614317472,0.0,0.967741935483871,0.44574161811710833,0.27334161455693223,0.0,1.0,0.39330809511935255,0.2806352219586534,0.0,1.0,34,0.15530569219957835,3.3893183415319745,12
152,1423,650,13.391793880265636,98.43148278285312,4,4,1,3,1086,0.7631763879128601,337,1239,0.8706957132817991,0.914364640883978,993,246,0.914364640883978,0.7299703264094956,0.8706957132817991,170,1219,7.170588235294118,0.0028109627547434997,0.0028109627547434997,0.0007027406886858749,0.0021082220660576245,0.5100763947135766,0.24763114392367172,0.0,1.0,0.35393194749846985,0.26983190269630836,0.0,0.967741935483871,0.4455829347357922,0.27347857685513427,0.0,1.0,0.39353478566408995,0.28095824920227563,0.0,1.0,34,0.15460295151089248,3.3956430077301474,12
153,1421,651,13.43100639963571,99.33849401829697,2,4,0,4,1060,0.7449051300070274,363,1269,0.8917779339423753,0.9311320754716981,987,282,0.9311320754716981,0.7768595041322314,0.8917779339423753,189,1259,6.661375661375661,0.0014054813773717498,0.0028109627547434997,0.0,0.0028109627547434997,0.5101586797121518,0.2477719848197742,0.0,1.0,0.3537036616648884,0.2698933709171876,0.0,0.967741935483871,0.44498422283262584,0.2731080929445243,0.0,1.0,0.3939297632289846,0.28092650093250177,0.0,1.0,34,0.15552427867698804,3.394792399718508,12
154,1420,662,13.411146577890982,100.1669014084507,4,5,0,5,1083,0.7621393384940183,338,1255,0.8831808585503167,0.9298245614035088,1007,248,0.9298245614035088,0.7337278106508875,0.8831808585503167,175,1241,7.091428571428572,0.0028149190710767065,0.003518648838845883,0.0,0.003518648838845883,0.5109950022716947,0.24863513490107622,0.0,1.0,0.3543162199000454,0.2705420428061585,0.0,0.967741935483871,0.4451612903225806,0.273181712706023,0.0,1.0,0.3940027260336211,0.2812647782849819,0.0,1.0,34,0.1556338028169014,3.4014084507042255,13
155,1418,666,13.440095857404616,100.9033850493653,3,5,0,5,1051,0.7401408450704225,369,1265,0.8908450704225352,0.9219790675547098,969,296,0.9219790675547098,0.8021680216802168,0.8908450704225352,177,1246,7.03954802259887,0.002112676056338028,0.0035211267605633804,0.0,0.0035211267605633804,0.5122389553664862,0.24791861479309737,0.0,1.0,0.35456572182537877,0.270845598989735,0.0,0.967741935483871,0.4442194822330406,0.2729596655375811,0.0,1.0,0.39385322353155283,0.28128294232996154,0.0,1.0,33,0.15655853314527504,3.4055007052186177,13
156,1417,672,13.453558658395018,101.63867325335215,4,5,0,5,1040,0.7334273624823695,378,1262,0.8899858956276445,0.9307692307692308,968,294,0.9307692307692308,0.7777777777777778,0.8899858956276445,177,1245,7.033898305084746,0.0028208744710860366,0.003526093088857546,0.0,0.003526093088857546,0.5123728003278166,0.24816208936254536,0.0,1.0,0.3550208300134314,0.2709222552360526,0.0,0.967741935483871,0.4435085482732716,0.2730452727563085,0.0,1.0,0.3940401120040067,0.281090454314076,0.0,1.0,32,0.1559633027522936,3.408609738884968,13
157,1422,672,13.409429579566908,102.22855133614627,6,1,0,1,1081,0.76287932251235,336,1248,0.8807339449541285,0.9259944495837188,1001,247,0.9259944495837188,0.7351190476190477,0.8807339449541285,177,1225,6.9209039548022595,0.004234297812279464,0.0007057163020465773,0.0,0.0007057163020465773,0.5120911029445124,0.2479762745403751,0.0,1.0,0.35556462955401297,0.2715274830565235,0.0,0.967741935483871,0.44260695975681685,0.2729077153792674,0.0,1.0,0.39403838301347494,0.2810659157852975,0.0,1.0,32,0.15541490857946555,3.411392405063291,13
158,1416,679,13.420256630563706,103.07344632768361,2,8,2,6,1140,0.8016877637130801,282,1249,0.8783403656821378,0.9280701754385965,1058,191,0.9280701754385965,0.6773049645390071,0.8783403656821378,180,1236,6.866666666666666,0.0014064697609001407,0.005625879043600563,0.0014064697609001407,0.004219409282700422,0.5117778385274284,0.24821928315296019,0.0,1.0,0.35634226353198467,0.2716313295077181,0.0,0.967741935483871,0.4427966101694915,0.2732770612224347,0.0,1.0,0.39347548751594674,0.2813977526208674,0.0,1.0,32,0.1560734463276836,3.4152542372881354,13
159,1418,690,13.39984765412848,103.59308885754584,6,4,0,4,986,0.6963276836158192,430,1225,0.8651129943502824,0.9158215010141988,903,322,0.9158215010141988,0.7488372093023256,0.8651129943502824,175,1211,6.92,0.00423728813559322,0.002824858757062147,0.0,0.002824858757062147,0.5109877610446335,0.2480659811327085,0.0,1.0,0.3559761590609218,0.2716414619078217,0.0,0.967741935483871,0.4429455389235179,0.2737115551229703,0.0,1.0,0.39305700896310114,0.2814170045763257,0.0,1.0,32,0.15444287729196052,3.4188998589562765,13
160,1415,704,13.38488010246747,104.2939929328622,5,8,0,8,1086,0.765867418899859,332,1185,0.8356840620592384,0.9023941068139963,980,205,0.9023941068139963,0.6174698795180723,0.8356840620592384,173,1172,6.77456647398844,0.003526093088857546,0.005641748942172073,0.0,0.005641748942172073,0.5095862304798814,0.24744594797407973,0.0,1.0,0.356411717770432,0.2722230714208945,0.0,0.967741935483871,0.44208366579277325,0.2736254030855431,0.0,1.0,0.39384475094038524,0.28107291278778995,0.0,1.0,32,0.15335689045936396,3.4141342756183746,13
161,1415,711,13.36749423168163,104.87773851590106,7,7,0,7,1065,0.7526501766784452,350,1264,0.893286219081272,0.9342723004694836,995,269,0.9342723004694836,0.7685714285714286,0.893286219081272,183,1254,6.852459016393443,0.0049469964664310955,0.0049469964664310955,0.0,0.0049469964664310955,0.5095178388236635,0.24751396136472367,0.0,1.0,0.3561609483642995,0.27212308261460466,0.0,0.967741935483871,0.442425624073863,0.2740171126532624,0.0,1.0,0.393320414909381,0.28084028393882504,0.0,1.0,31,0.15406360424028268,3.415547703180212,13
162,1418,719,13.30882928989102,105.48095909732017,7,4,0,4,1088,0.768904593639576,327,1194,0.8438162544169612,0.9007352941176471,980,214,0.9007352941176471,0.654434250764526,0.8438162544169612,177,1179,6.661016949152542,0.0049469964664310955,0.0028268551236749115,0.0,0.0028268551236749115,0.5103052914145321,0.2472270891431069,0.0,1.0,0.35713635743209426,0.27222647456163107,0.0,0.967741935483871,0.4417170935893353,0.2738280564226951,0.0,1.0,0.39228354338231947,0.280722183389394,0.0,1.0,31,0.15444287729196052,3.4351198871650213,13
163,1418,729,13.262604639294844,106.12693935119887,4,4,1,3,1098,0.7743300423131171,320,1241,0.8751763046544428,0.9180327868852459,1008,233,0.9180327868852459,0.728125,0.8751763046544428,181,1232,6.806629834254144,0.0028208744710860366,0.0028208744710860366,0.0007052186177715092,0.0021156558533145277,0.5111242549706538,0.24717378001907242,0.0,1.0,0.3580008189635561,0.27238489248304804,0.0,0.967741935483871,0.4417398425770053,0.27391864006108974,0.0,1.0,0.3927840211110606,0.2813391981821146,0.0,1.0,29,0.15444287729196052,3.4414668547249647,13
164,1420,733,13.235397683858942,106.76971830985916,4,2,1,1,1077,0.7595204513399154,341,1246,0.8787023977433004,0.9229340761374187,994,252,0.9229340761374187,0.7390029325513197,0.8787023977433004,177,1227,6.932203389830509,0.0028208744710860366,0.0014104372355430183,0.0007052186177715092,0.0007052186177715092,0.5112448886869605,0.24722885185403135,0.0,1.0,0.35786006360745115,0.272218806260214,0.0,0.967741935483871,0.44043616537937297,0.273648511389311,0.0,1.0,0.3930940481599273,0.28158505903006487,0.0,1.0,29,0.15422535211267605,3.4492957746478874,13
165,1420,738,13.207929546037386,107.45281690140845,5,5,1,4,1088,0.7661971830985915,332,1274,0.8971830985915493,0.9485294117647058,1032,242,0.9485294117647058,0.7289156626506024,0.8971830985915493,180,1259,6.9944444444444445,0.0035211267605633804,0.0035211267605633804,0.0007042253521126761,0.0028169014084507044,0.5117219445706497,0.2467467917880674,0.0,1.0,0.3574057246706043,0.2720592128883628,0.0,0.967741935483871,0.4394820536119946,0.27280857413021015,0.0,1.0,0.3928441617446615,0.28163841015670016,0.0,1.0,29,0.1556338028169014,3.454225352112676,13
166,1417,742,13.221440764339206,108.17219477769936,3,6,2,4,1047,0.7373239436619718,373,1252,0.8816901408450705,0.9302769818529131,974,278,0.9302769818529131,0.7453083109919572,0.8816901408450705,179,1235,6.899441340782123,0.002112676056338028,0.004225352112676056,0.0014084507042253522,0.0028169014084507044,0.5114166685637535,0.24645017900261848,0.0,1.0,0.3580258155576297,0.27208559539107835,0.0,0.967741935483871,0.43972955130102215,0.27339622006396613,0.0,1.0,0.39265144444191497,0.28153505998053935,0.0,1.0,29,0.1559633027522936,3.4551870148200425,13
167,1415,746,13.173150254925192,108.70742049469965,7,9,3,6,1096,0.7734650670430487,321,1221,0.8616796047988708,0.9215328467153284,1010,211,0.9215328467153284,0.6573208722741433,0.8616796047988708,176,1201,6.823863636363637,0.004940014114326041,0.006351446718419196,0.002117148906139732,0.004234297812279464,0.5110224552604582,0.24691302744695223,0.0,1.0,0.3590561951441924,0.2728021538650679,0.0,0.967741935483871,0.4398039439188419,0.2737058196734782,0.0,1.0,0.39252251225350504,0.2807062340339506,0.0,1.0,28,0.15618374558303888,3.4607773851590107,13
168,1409,753,13.196583550792154,109.62810503903478,2,8,2,6,1075,0.7597173144876325,340,1218,0.8607773851590106,0.9190697674418604,988,230,0.9190697674418604,0.6764705882352942,0.8607773851590106,173,1198,6.92485549132948,0.0014134275618374558,0.005653710247349823,0.0014134275618374558,0.004240282685512367,0.510817555346963,0.24648911812695137,0.0,1.0,0.35843311431122504,0.27278023140384255,0.0,0.967741935483871,0.4397078687698894,0.27380520271181685,0.0,1.0,0.39268298266901713,0.28055638042535036,0.0,1.0,28,0.15755855216465578,3.453513129879347,13
169,1414,761,13.125208314285343,110.15134370579915,7,2,0,2,1076,0.7636621717530163,333,1219,0.865152590489709,0.9135687732342007,983,236,0.9135687732342007,0.7087087087087087,0.865152590489709,177,1204,6.80225988700565,0.0049680624556423,0.0014194464158978,0.0,0.0014194464158978,0.5111100971848337,0.24658767374113022,0.0,1.0,0.3588082310535201,0.27257450763073904,0.0,0.967741935483871,0.4394762056850846,0.27361097671029927,0.0,1.0,0.39252634940913445,0.2803464367591818,0.0,1.0,28,0.15841584158415842,3.453323903818953,13
170,1411,769,13.091300207858342,110.76399716513112,4,7,3,4,1113,0.7871287128712872,301,1223,0.864922206506365,0.9101527403414196,1013,210,0.9101527403414196,0.6976744186046512,0.864922206506365,174,1205,6.925287356321839,0.002828854314002829,0.0049504950495049506,0.0021216407355021216,0.002828854314002829,0.5123111039985369,0.24681302139186892,0.0,1.0,0.35822226286550374,0.2722985121591817,0.0,0.967741935483871,0.4389017169246245,0.27292671141453423,0.0,1.0,0.3914176630621156,0.28029951634540967,0.0,1.0,28,0.15946137491141035,3.463501063075833,13
171,1410,781,13.052971973691296,111.32127659574468,5,6,1,5,1117,0.7916371367824239,294,1252,0.88731396172927,0.9256938227394808,1034,218,0.9256938227394808,0.7414965986394558,0.88731396172927,175,1239,7.08,0.003543586109142452,0.004252303330970942,0.0007087172218284905,0.003543586109142452,0.5121253717684741,0.24713960582836766,0.0,1.0,0.35792724776938917,0.2727600225111537,0.0,0.967741935483871,0.43822923816060394,0.27267642139006454,0.0,1.0,0.39254175245939144,0.2803411746394705,0.0,1.0,28,0.15815602836879433,3.4695035460992907,13
172,1408,781,13.035064109558336,111.71022727272727,6,8,2,6,1110,0.7872340425531915,300,1265,0.8971631205673759,0.9468468468468468,1051,214,0.9468468468468468,0.7133333333333334,0.8971631205673759,183,1248,6.819672131147541,0.00425531914893617,0.005673758865248227,0.0014184397163120568,0.00425531914893617,0.5118218475073314,0.24655130303511888,0.0,1.0,0.3574276026392962,0.2724656764919719,0.0,0.967741935483871,0.4384393328445748,0.2734326452607056,0.0,1.0,0.39112903225806456,0.28067212598407015,0.0,1.0,28,0.15696022727272727,3.487215909090909,13
173,1409,794,12.946191971505863,112.29666430092264,5,4,3,1,1083,0.7691761363636364,325,1194,0.8480113636363636,0.9095106186518929,985,209,0.9095106186518929,0.6430769230769231,0.8480113636363636,177,1184,6.6892655367231635,0.0035511363636363635,0.002840909090909091,0.002130681818181818,0.0007102272727272727,0.512694887703473,0.24628264185575716,0.0,1.0,0.35815838274685774,0.27294340108157206,0.0,0.967741935483871,0.4379907964925937,0.27368602419560145,0.0,1.0,0.39153826781748663,0.2810765042242885,0.0,1.0,28,0.15613910574875797,3.494677075940383,13
174,1408,798,12.90755534815615,112.8700284090909,4,5,3,2,1067,0.7572746628814763,342,1229,0.872249822569198,0.9212746016869728,983,246,0.9212746016869728,0.7192982456140351,0.872249822569198,184,1217,6.614130434782608,0.0028388928317956,0.0035486160397444995,0.0021291696238466998,0.0014194464158978,0.5125778958944281,0.24614185581528497,0.0,1.0,0.3586647727272727,0.2728631153985298,0.0,0.967741935483871,0.43830186950146627,0.27370154745511743,0.0,1.0,0.391174853372434,0.2811082271237783,0.0,1.0,28,0.15625,3.499289772727273,13
175,1401,809,12.913870755120287,113.76088508208423,1,8,2,6,1127,0.8004261363636364,281,1201,0.8529829545454546,0.9032830523513753,1018,183,0.9032830523513753,0.6512455516014235,0.8529829545454546,178,1190,6.685393258426966,0.0007102272727272727,0.005681818181818182,0.0014204545454545455,0.004261363636363636,0.5141258548041721,0.24598975711293128,0.0,1.0,0.35836153899288525,0.27236446303353884,0.0,0.967741935483871,0.43692293523059567,0.2732726420769231,0.0,1.0,0.39181690497570865,0.28145029729870114,0.0,1.0,27,0.15703069236259815,3.5032119914346893,13
176,1394,814,12.956439057674915,114.7690100430416,2,9,3,6,1061,0.7573162027123483,340,1261,0.9000713775874375,0.942507068803016,1000,261,0.942507068803016,0.7676470588235295,0.9000713775874375,176,1242,7.056818181818182,0.0014275517487508922,0.006423982869379015,0.0021413276231263384,0.004282655246252677,0.5135835608830471,0.2461972033311745,0.0,1.0,0.3583329476558523,0.272459517991502,0.0,0.967741935483871,0.43587726199842647,0.2734217324221027,0.0,1.0,0.39288193640949687,0.28197632203088885,0.0,1.0,27,0.15494978479196556,3.5021520803443327,13
177,1385,820,12.97099482356375,115.5725631768953,2,11,5,6,1067,0.7654232424677188,327,1254,0.8995695839311334,0.943767572633552,1007,247,0.943767572633552,0.7553516819571865,0.8995695839311334,178,1238,6.955056179775281,0.0014347202295552368,0.007890961262553802,0.003586800573888092,0.00430416068866571,0.5135670199138231,0.24598377466628507,0.0,1.0,0.35821590776755563,0.2721162993896759,0.0,0.967741935483871,0.43619424711773613,0.2727530211709078,0.0,0.967741935483871,0.39347851403284034,0.2823175914229453,0.0,1.0,27,0.15667870036101084,3.5010830324909747,13
178,1380,829,13.012179065404885,116.64565217391305,1,6,2,4,1020,0.7364620938628159,365,1239,0.8945848375451263,0.9362745098039216,955,284,0.9362745098039216,0.7780821917808219,0.8945848375451263,175,1223,6.988571428571428,0.0007220216606498195,0.004332129963898917,0.001444043321299639,0.002888086642599278,0.5133006077606358,0.2461184144153643,0.0,1.0,0.35878915381019166,0.2720113693584139,0.0,0.967741935483871,0.4360215053763441,0.2729444041286664,0.0,0.967741935483871,0.393969144460028,0.2825746107422006,0.0,1.0,27,0.15579710144927536,3.502173913043478,13
179,1377,841,12.963863793653607,117.19607843137256,4,7,5,2,1073,0.777536231884058,307,1222,0.8855072463768116,0.9301025163094129,998,224,0.9301025163094129,0.7296416938110749,0.8855072463768116,180,1214,6.7444444444444445,0.002898550724637681,0.005072463768115942,0.0036231884057971015,0.0014492753623188406,0.5132944456157612,0.24586130472252873,0.0,1.0,0.35903202380115723,0.2716899439389982,0.0,0.967741935483871,0.43563614215100616,0.2731082346298355,0.0,0.967741935483871,0.3943589383184576,0.2825519429693429,0.0,1.0,27,0.15468409586056645,3.5068990559186637,13
180,1377,845,12.926367728092966,117.50544662309368,8,8,4,4,1037,0.7530864197530864,340,1204,0.8743645606390704,0.914175506268081,948,256,0.914175506268081,0.7529411764705882,0.8743645606390704,175,1183,6.76,0.005809731299927378,0.005809731299927378,0.002904865649963689,0.002904865649963689,0.513552135310516,0.2458626038159609,0.0,1.0,0.3594302715112329,0.2714873386310499,0.0,0.967741935483871,0.4356127158151194,0.2733378105172726,0.0,0.967741935483871,0.3944526436620048,0.283035865593916,0.0,1.0,27,0.15541031227305738,3.515613652868555,13
181,1367,846,13.002988041584898,118.22165325530358,2,12,7,5,1063,0.7719680464778504,314,1193,0.8663761801016703,0.909689557855127,967,226,0.909689557855127,0.7197452229299363,0.8663761801016703,185,1179,6.372972972972973,0.0014524328249818446,0.008714596949891068,0.005083514887436456,0.0036310820624546117,0.513651273096255,0.24588525298875302,0.0,1.0,0.35877952663001156,0.27154173587458,0.0,0.967741935483871,0.43311230148429575,0.2719307853888737,0.0,0.967741935483871,0.39516718974915643,0.2831540294941413,0.0,1.0,27,0.15581565471836137,3.5164594001463056,13
182,1369,855,12.956981572664132,118.5390796201607,7,5,2,3,1005,0.7351865398683248,362,1151,0.8419897585954645,0.8935323383084577,898,253,0.8935323383084577,0.6988950276243094,0.8419897585954645,170,1130,6.647058823529412,0.005120702267739576,0.0036576444769568397,0.001463057790782736,0.0021945866861741038,0.5140083413841042,0.24588362249246645,0.0,1.0,0.35856170032281626,0.2714373720587016,0.0,0.967741935483871,0.4335399043332783,0.2716774099951999,0.0,0.967741935483871,0.395037583354933,0.2834029084307428,0.0,1.0,27,0.15631848064280496,3.5325054784514243,13
183,1363,864,12.987958730321477,119.35289801907557,2,8,4,4,1010,0.7377647918188459,359,1187,0.8670562454346238,0.9207920792079208,930,257,0.9207920792079208,0.7158774373259053,0.8670562454346238,180,1176,6.533333333333333,0.0014609203798392988,0.005843681519357195,0.0029218407596785976,0.0029218407596785976,0.513928005112063,0.24519830520305685,0.0,1.0,0.3593354318036589,0.27162937558533623,0.0,0.967741935483871,0.4326556694199229,0.27080567754066565,0.0,0.967741935483871,0.3953802096892528,0.2831323031949517,0.0,1.0,27,0.15627292736610418,3.540719002201027,13
184,1357,873,12.990909318033236,119.8894620486367,5,11,7,4,998,0.7322083639031548,365,1198,0.8789435069699193,0.9258517034068137,924,274,0.9258517034068137,0.7506849315068493,0.8789435069699193,176,1183,6.721590909090909,0.003668378576669112,0.008070432868672046,0.005135730007336757,0.00293470286133529,0.5137518720136924,0.24589883778183458,0.0,1.0,0.35990206099793187,0.27190234456392864,0.0,0.967741935483871,0.43335631254902895,0.2709754210294177,0.0,0.967741935483871,0.39463237216820785,0.28322308391142403,0.0,1.0,27,0.15622697126013266,3.546794399410464,13
185,1351,885,12.990491610308567,120.3900814211695,5,11,6,5,1039,0.765659543109801,318,1205,0.887988209285188,0.9345524542829644,971,234,0.9345524542829644,0.7358490566037735,0.887988209285188,173,1190,6.878612716763006,0.0036845983787767134,0.008106116433308769,0.004421518054532056,0.0036845983787767134,0.5135741744466464,0.24614388641213222,0.0,1.0,0.35956639048733313,0.2717715820957666,0.0,0.967741935483871,0.43401542465557175,0.2708147574890798,0.0,0.967741935483871,0.3949046106826484,0.28259611905759585,0.0,1.0,27,0.15766099185788304,3.54700222057735,13
186,1345,893,13.016375781792558,121.20074349442379,3,9,5,4,1018,0.7535159141376758,333,1205,0.8919319022945966,0.9420432220039293,959,246,0.9420432220039293,0.7387387387387387,0.8919319022945966,174,1187,6.82183908045977,0.0022205773501110288,0.006661732050333087,0.003700962250185048,0.0029607698001480384,0.5133469240916178,0.24573936608456784,0.0,1.0,0.36054682815685335,0.2717669981705343,0.0,0.967741935483871,0.43314546108646124,0.2701957122882536,0.0,0.967741935483871,0.39575488667705955,0.28309767650906864,0.0,1.0,26,0.158364312267658,3.5472118959107806,13
187,1341,900,13.022530921548958,121.74198359433258,5,9,4,5,1013,0.7531598513011153,332,1173,0.8721189591078067,0.9259624876604146,938,235,0.9259624876604146,0.7078313253012049,0.8721189591078067,173,1153,6.664739884393064,0.0037174721189591076,0.006691449814126394,0.002973977695167286,0.0037174721189591076,0.5124485819441437,0.24560935839967923,0.0,1.0,0.3610449592263838,0.27219835427661154,0.0,0.967741935483871,0.4345336893507494,0.2701548396776112,0.0,0.967741935483871,0.3947703928219191,0.2826767316488882,0.0,1.0,26,0.1580909768829232,3.546607009694258,13
188,1339,908,12.993383352501967,122.21433905899926,5,7,5,2,1048,0.7815063385533184,293,1159,0.8642803877703207,0.9179389312977099,962,197,0.9179389312977099,0.6723549488054608,0.8642803877703207,181,1148,6.342541436464089,0.0037285607755406414,0.005219985085756898,0.0037285607755406414,0.0014914243102162564,0.5133826399094172,0.24564842136500942,0.0,1.0,0.3609337733985401,0.2712849808147529,0.0,0.967741935483871,0.43443590546628447,0.27012251147615085,0.0,0.967741935483871,0.39461321641089886,0.28329704664901706,0.0,1.0,26,0.15982076176250934,3.5578790141896937,13
189,1334,921,13.025687608916533,123.11169415292353,1,6,3,3,1005,0.7505601194921583,334,1181,0.8820014936519791,0.9353233830845771,940,241,0.9353233830845771,0.7215568862275449,0.8820014936519791,169,1163,6.881656804733728,0.0007468259895444362,0.004480955937266617,0.0022404779686333084,0.0022404779686333084,0.5130821685931228,0.2456289764878343,0.0,1.0,0.3617787880253422,0.2716465836148101,0.0,0.967741935483871,0.4349760603569183,0.2703886817473913,0.0,0.967741935483871,0.39437539294868695,0.28316680306881503,0.0,1.0,26,0.16041979010494753,3.553223388305847,13
190,1331,932,13.001974394268418,123.5694966190834,5,8,5,3,1001,0.7503748125937032,333,1179,0.883808095952024,0.9270729270729271,928,251,0.9270729270729271,0.7537537537537538,0.883808095952024,172,1162,6.755813953488372,0.0037481259370314842,0.005997001499250375,0.0037481259370314842,0.0022488755622188904,0.5138023799714015,0.2453852365588149,0.0,1.0,0.36126123942706184,0.27153968250163707,0.0,0.967741935483871,0.4344780785729866,0.27028900054330113,0.0,0.967741935483871,0.3937858995177044,0.28291386226934956,0.0,1.0,26,0.1615326821938392,3.5612321562734786,13
191,1325,942,13.046554787810024,124.19396226415094,3,9,4,5,988,0.7422990232907588,343,1165,0.8752817430503381,0.902834008097166,892,273,0.902834008097166,0.7959183673469388,0.8752817430503381,175,1150,6.571428571428571,0.002253944402704733,0.0067618332081141996,0.003005259203606311,0.003756574004507889,0.514887401095557,0.2451981856805526,0.0,1.0,0.3612659768715764,0.2713694371254698,0.0,0.967741935483871,0.4342544126597687,0.26949622944379714,0.0,0.967741935483871,0.39352404138770536,0.28274467991148117,0.0,1.0,26,0.16226415094339622,3.571320754716981,13
192,1318,952,13.116888885046501,124.97875569044007,3,10,4,6,971,0.7328301886792453,354,1180,0.8905660377358491,0.9227600411946447,896,284,0.9227600411946447,0.8022598870056498,0.8905660377358491,177,1167,6.593220338983051,0.0022641509433962265,0.007547169811320755,0.0030188679245283017,0.004528301886792453,0.5153213568946106,0.24470436329038733,0.0,1.0,0.3613001125850507,0.27167926349881777,0.0,0.967741935483871,0.4343090704390817,0.27031380790068343,0.0,0.967741935483871,0.3940966273434823,0.28263342146302717,0.0,1.0,26,0.16160849772382396,3.5690440060698028,13
193,1309,958,13.162827819957725,125.7983193277311,1,10,7,3,1059,0.8034901365705615,259,1144,0.8679817905918058,0.9140698772426817,968,176,0.9140698772426817,0.6795366795366795,0.8679817905918058,185,1135,6.135135135135135,0.0007587253414264037,0.007587253414264037,0.005311077389984826,0.002276176024279211,0.5147982946844427,0.2448432055675825,0.0,1.0,0.3611720347963232,0.27206785933664385,0.0,0.967741935483871,0.4342393849035215,0.270698089042391,0.0,0.967741935483871,0.3948594100396757,0.28249297271283297,0.0,1.0,26,0.15966386554621848,3.568372803666921,13
194,1306,971,13.171484273606465,126.3989280245023,4,7,4,3,972,0.7425515660809778,337,1159,0.8854087089381207,0.941358024691358,915,244,0.941358024691358,0.7240356083086054,0.8854087089381207,172,1144,6.651162790697675,0.0030557677616501145,0.0053475935828877,0.0030557677616501145,0.002291825821237586,0.5146717383786987,0.2445524205384795,0.0,1.0,0.3601985871659339,0.27177455686989005,0.0,0.967741935483871,0.4349651731462728,0.2707512407276803,0.0,0.967741935483871,0.39356814701378257,0.28227050524090225,0.0,1.0,25,0.16003062787136293,3.5758039816232774,13
195,1297,979,13.174169554180942,126.78334618350038,3,12,10,2,1026,0.7856049004594181,280,1181,0.9042879019908117,0.9444444444444444,969,212,0.9444444444444444,0.7571428571428571,0.9042879019908117,178,1167,6.556179775280899,0.002297090352220521,0.009188361408882083,0.007656967840735069,0.0015313935681470138,0.5145870122118039,0.2446573188739736,0.0,1.0,0.36058397791429353,0.27156745073334954,0.0,0.967741935483871,0.4349242669186958,0.2713339606103394,0.0,0.967741935483871,0.39388663665530876,0.28277771577052674,0.0,1.0,25,0.15959907478797225,3.5836545875096375,13
196,1285,980,13.245954346842593,127.39922178988327,0,12,12,0,954,0.7355435620663069,343,1142,0.8804934464148034,0.9276729559748428,885,257,0.9276729559748428,0.749271137026239,0.8804934464148034,180,1123,6.238888888888889,0.0,0.009252120277563608,0.009252120277563608,0.0,0.5148989582025857,0.244548677889364,0.0,1.0,0.36126521902849257,0.27142072034706644,0.0,0.967741935483871,0.43479352328354465,0.271733307220552,0.0,0.967741935483871,0.3934730764403163,0.28293287406134904,0.0,1.0,25,0.15953307392996108,3.5914396887159534,13
197,1269,990,13.35867401652178,128.09929078014184,2,18,11,7,954,0.7424124513618677,331,1147,0.8926070038910506,0.939203354297694,896,251,0.939203354297694,0.7583081570996979,0.8926070038910506,180,1137,6.316666666666666,0.0015564202334630351,0.014007782101167316,0.008560311284046693,0.005447470817120622,0.5159256717252599,0.2443916429218947,0.0,1.0,0.3615750273265716,0.2715164733362447,0.0,0.967741935483871,0.43270037367497904,0.2702816837298721,0.0,0.967741935483871,0.3947482142403213,0.2831771984370047,0.0,1.0,25,0.1607565011820331,3.5981087470449173,13
198,1266,1000,13.3979053464047,128.5781990521327,4,7,5,2,920,0.7249802994483846,349,1104,0.8699763593380615,0.9206521739130434,847,257,0.9206521739130434,0.7363896848137536,0.8699763593380615,177,1091,6.163841807909605,0.0031520882584712374,0.005516154452324665,0.003940110323089046,0.0015760441292356187,0.5152881822351323,0.2453120803247148,0.0,1.0,0.36105590378637314,0.27163125741774513,0.0,0.967741935483871,0.4334454466697243,0.27067104443898243,0.0,0.967741935483871,0.3941802986291597,0.28363041599227096,0.0,1.0,25,0.15955766192733017,3.604265402843602,13
199,1259,1009,13.397109031908247,128.89515488482922,5,12,10,2,947,0.7480252764612955,319,1116,0.8815165876777251,0.938753959873284,889,227,0.938753959873284,0.7115987460815048,0.8815165876777251,176,1101,6.255681818181818,0.0039494470774091624,0.009478672985781991,0.007898894154818325,0.001579778830963665,0.5154628609495504,0.24534600752954144,0.0,1.0,0.3610904711880909,0.27188989326389507,0.0,0.967741935483871,0.4335494119757104,0.27078036588091764,0.0,0.967741935483871,0.3937841092520946,0.2843625026677101,0.0,1.0,25,0.16123907863383638,3.6171564733915806,13
200,1252,1016,13.406192512288644,129.06549520766774,5,12,9,3,951,0.7553613979348689,308,1128,0.8959491660047657,0.9411146161934806,895,233,0.9411146161934806,0.7564935064935064,0.8959491660047657,168,1103,6.565476190476191,0.003971405877680699,0.009531374106433678,0.007148530579825258,0.0023828435266084196,0.5167989281665464,0.24508659379409534,0.0,1.0,0.36128001648974545,0.27108881126046597,0.0,0.967741935483871,0.43416984437802747,0.2699071487562176,0.0,0.967741935483871,0.3924301762341544,0.28456095284736005,0.0,1.0,25,0.16293929712460065,3.639776357827476,13
201,1254,1032,13.348910142107563,129.19776714513557,7,5,4,1,958,0.7651757188498403,294,1102,0.8801916932907349,0.9384133611691023,899,203,0.9384133611691023,0.6904761904761905,0.8801916932907349,173,1091,6.30635838150289,0.005591054313099041,0.003993610223642172,0.003194888178913738,0.0007987220447284345,0.51582034264547,0.24545025450266575,0.0,1.0,0.3597262952101662,0.2707915541427455,0.0,0.967741935483871,0.4345835262643412,0.2700263844287865,0.0,0.967741935483871,0.3921644286669754,0.2845400179835693,0.0,1.0,25,0.16267942583732056,3.64274322169059,13
202,1246,1036,13.405711750762382,129.49598715890852,5,13,8,5,975,0.777511961722488,279,1121,0.8939393939393939,0.9282051282051282,905,216,0.9282051282051282,0.7741935483870968,0.8939393939393939,166,1091,6.572289156626506,0.003987240829346092,0.01036682615629984,0.006379585326953748,0.003987240829346092,0.5158183606896909,0.245356956500504,0.0,1.0,0.35921400093201467,0.27004512534045616,0.0,0.967741935483871,0.4344482990731632,0.2695500707553884,0.0,0.967741935483871,0.392921866100554,0.2851333970242121,0.0,1.0,25,0.16292134831460675,3.649277688603531,13
203,1242,1045,13.442262379455011,129.91143317230274,4,8,6,2,964,0.7736757624398074,282,1114,0.8940609951845907,0.9315352697095436,898,216,0.9315352697095436,0.7659574468085106,0.8940609951845907,174,1097,6.304597701149425,0.0032102728731942215,0.006420545746388443,0.004815409309791332,0.0016051364365971107,0.5163627863487611,0.24477997252843106,0.0,1.0,0.3589943379564698,0.2699080067384154,0.0,0.967741935483871,0.4341852371305387,0.2688615938378071,0.0,0.967741935483871,0.3925510363098021,0.28498150735928013,0.0,1.0,24,0.16264090177133655,3.652979066022544,13
204,1235,1042,13.503367959615842,130.29068825910932,3,10,9,1,952,0.7665056360708534,290,1127,0.9074074074074074,0.9422268907563025,897,230,0.9422268907563025,0.7931034482758621,0.9074074074074074,190,1114,5.863157894736842,0.0024154589371980675,0.008051529790660225,0.007246376811594203,0.0008051529790660225,0.5178268251273345,0.2443039850989157,0.0,1.0,0.357424578816769,0.2695233554268119,0.0,0.967741935483871,0.43301554133472636,0.26855006904511813,0.0,0.967741935483871,0.39177223455661486,0.2855410757213638,0.0,1.0,24,0.16437246963562754,3.662348178137652,13
205,1228,1053,13.524582433030638,130.60423452768728,4,11,9,2,951,0.7700404858299595,284,1083,0.8769230769230769,0.9316508937960042,886,197,0.9316508937960042,0.6936619718309859,0.8769230769230769,171,1065,6.228070175438597,0.0032388663967611335,0.008906882591093117,0.0072874493927125505,0.0016194331983805667,0.5180991909215089,0.24429416482221944,0.0,1.0,0.3570715561626563,0.2698606849812167,0.0,0.967741935483871,0.4331459493537879,0.2690011886704259,0.0,0.967741935483871,0.3928496374908059,0.2853917132356692,0.0,1.0,24,0.16449511400651465,3.6653094462540716,13
206,1229,1062,13.497950978508632,130.4458909682669,9,8,7,1,969,0.7890879478827362,259,1069,0.8705211726384365,0.913312693498452,885,184,0.913312693498452,0.7104247104247104,0.8705211726384365,172,1050,6.104651162790698,0.007328990228013029,0.006514657980456026,0.005700325732899023,0.0008143322475570033,0.5174938974776241,0.24398555699743804,0.0,1.0,0.3578834090133599,0.2697570491121494,0.0,0.967741935483871,0.4325572849681094,0.26944626752060513,0.0,0.967741935483871,0.3922150187668968,0.2852876266996434,0.0,1.0,24,0.16192026037428803,3.6810414971521563,13
207,1225,1068,13.574228980137107,131.09551020408162,3,7,5,2,919,0.7477624084621644,310,1062,0.8641171684296176,0.9151251360174102,841,221,0.9151251360174102,0.7129032258064516,0.8641171684296176,170,1038,6.105882352941176,0.0024410089503661514,0.005695687550854353,0.0040683482506102524,0.0016273393002441008,0.517208689927584,0.24419550554376873,0.0,1.0,0.3572876892692561,0.27025823218904715,0.0,0.967741935483871,0.43341672152732064,0.2697127897021396,0.0,0.967741935483871,0.3924423963133641,0.2853474082750513,0.0,1.0,24,0.16081632653061226,3.6857142857142855,13
208,1223,1082,13.583695705354746,131.39901880621423,5,7,6,1,904,0.7379591836734694,321,1074,0.876734693877551,0.918141592920354,830,244,0.918141592920354,0.7601246105919003,0.876734693877551,175,1063,6.074285714285714,0.004081632653061225,0.005714285714285714,0.004897959183673469,0.0008163265306122449,0.5180544931817582,0.24384268826206706,0.0,1.0,0.3574499512040725,0.27007152038726434,0.0,0.967741935483871,0.43264843193627517,0.2696984312934813,0.0,0.967741935483871,0.39234563342389156,0.2853440613054835,0.0,1.0,24,0.16189697465249386,3.6843826655764516,13
209,1218,1085,13.675854200101176,131.73727422003284,4,9,8,1,908,0.7424366312346689,315,1096,0.8961569910057237,0.9416299559471366,855,241,0.9416299559471366,0.765079365079365,0.8961569910057237,187,1086,5.807486631016043,0.003270645952575634,0.007358953393295176,0.006541291905151268,0.0008176614881439084,0.5177445839292335,0.24367270950781414,0.0,1.0,0.35653371470946554,0.27013180931936853,0.0,0.967741935483871,0.43148471847025793,0.2690974437889767,0.0,0.967741935483871,0.39316171407383865,0.2857069415113469,0.0,1.0,24,0.16091954022988506,3.6921182266009853,13
210,1218,1098,13.650079194917314,131.72906403940885,7,7,6,1,918,0.7536945812807881,300,1076,0.8834154351395731,0.9357298474945533,859,217,0.9357298474945533,0.7233333333333334,0.8834154351395731,165,1054,6.387878787878788,0.005747126436781609,0.005747126436781609,0.0049261083743842365,0.0008210180623973727,0.5181948196408708,0.24388133731680353,0.0,1.0,0.35687801260659996,0.2701784468557829,0.0,0.967741935483871,0.43241167434715816,0.2701394237635642,0.0,0.967741935483871,0.39204936702155835,0.285800139842616,0.0,1.0,24,0.16174055829228243,3.7011494252873565,13
211,1218,1107,13.635124270822034,131.7454844006568,8,8,5,3,957,0.7857142857142857,261,1066,0.8752052545155994,0.922675026123302,883,183,0.922675026123302,0.7011494252873564,0.8752052545155994,170,1045,6.147058823529412,0.006568144499178982,0.006568144499178982,0.004105090311986864,0.0024630541871921183,0.5171884104030934,0.24443014630594675,0.0,1.0,0.3568250436993485,0.2706590565489509,0.0,0.967741935483871,0.43317972350230416,0.26982746607910296,0.0,0.967741935483871,0.39133428677366383,0.2854272708291604,0.0,1.0,24,0.16091954022988506,3.7142857142857144,13
212,1210,1115,13.682499874807778,131.8314049586777,5,13,11,2,909,0.7463054187192119,309,1073,0.8809523809523809,0.9295929592959296,845,228,0.9295929592959296,0.7378640776699029,0.8809523809523809,177,1058,5.977401129943503,0.004105090311986864,0.010673234811165846,0.0090311986863711,0.0016420361247947454,0.5172220741135698,0.24462402147077092,0.0,1.0,0.3569448147160757,0.2705520451860268,0.0,0.967741935483871,0.4333244468141829,0.27013092288007334,0.0,0.967741935483871,0.39104238869634766,0.28618139759812466,0.0,1.0,24,0.16198347107438016,3.7231404958677685,13
213,1208,1125,13.719586618485854,132.03725165562915,5,7,5,2,937,0.7743801652892562,273,1054,0.8710743801652893,0.9252934898612594,867,187,0.9252934898612594,0.684981684981685,0.8710743801652893,176,1040,5.909090909090909,0.004132231404958678,0.005785123966942148,0.004132231404958678,0.001652892561983471,0.5176511429181799,0.2451511540058148,0.0,1.0,0.3574289681691946,0.2707335559691297,0.0,0.967741935483871,0.4341753898739586,0.2700530786946003,0.0,0.967741935483871,0.3903813287759026,0.28692389221150455,0.0,1.0,24,0.16390728476821192,3.7309602649006623,13
214,1193,1127,13.771323267920877,132.27661357921207,3,18,14,4,973,0.8054635761589404,235,1090,0.902317880794702,0.9321685508735869,907,183,0.9321685508735869,0.7787234042553192,0.902317880794702,177,1069,6.03954802259887,0.0024834437086092716,0.014900662251655629,0.011589403973509934,0.0033112582781456954,0.5173458075331909,0.24559073934135925,0.0,1.0,0.3571641024254387,0.2713661529842395,0.0,0.967741935483871,0.4357948246491631,0.27083260617892957,0.0,0.967741935483871,0.38928696968877596,0.2877704061607449,0.0,1.0,24,0.16512992455993294,3.7476948868398994,13
215,1181,1139,13.769054722405418,132.07027942421678,6,18,15,3,941,0.7887678122380554,252,1067,0.8943839061190276,0.9458023379383634,890,177,0.9458023379383634,0.7023809523809523,0.8943839061190276,170,1049,6.170588235294118,0.005029337803855826,0.015088013411567477,0.012573344509639563,0.002514668901927913,0.5185873098249161,0.2453060512839551,0.0,1.0,0.355712763923411,0.27064526357722407,0.0,0.967741935483871,0.4360711261642676,0.27108721291649396,0.0,0.967741935483871,0.39004670727377017,0.28820731703583025,0.0,1.0,24,0.1668077900084674,3.750211685012701,13
216,1172,1152,13.736607178891425,131.7943686006826,7,16,13,3,919,0.7781541066892464,262,1066,0.9026248941574937,0.9445048966267682,868,198,0.9445048966267682,0.7557251908396947,0.9026248941574937,172,1051,6.1104651162790695,0.0059271803556308214,0.013547840812870448,0.01100762066045724,0.002540220152413209,0.5195420015413409,0.24560301485595107,0.0,1.0,0.3553341407024111,0.27060937180650896,0.0,0.967741935483871,0.43710778377188153,0.2716806407281007,0.0,0.967741935483871,0.387839920731036,0.28823607389628664,0.0,1.0,24,0.1689419795221843,3.765358361774744,13
217,1165,1159,13.792078132053708,131.51587982832618,7,14,13,1,857,0.7312286689419796,315,1066,0.909556313993174,0.9498249708284714,814,252,0.9498249708284714,0.8,0.909556313993174,171,1044,6.105263157894737,0.005972696245733789,0.011945392491467578,0.011092150170648464,0.0008532423208191126,0.5205593243804514,0.2456483313178226,0.0,1.0,0.35652775854907937,0.2710722259356643,0.0,0.967741935483871,0.43732521113110895,0.27175615947924303,0.0,0.967741935483871,0.38861968711061884,0.2884419273189716,0.0,1.0,24,0.16909871244635194,3.774248927038627,13
218,1159,1170,13.880422961402221,131.77911993097499,3,9,7,2,881,0.7562231759656652,284,1055,0.9055793991416309,0.9409761634506243,829,226,0.9409761634506243,0.795774647887324,0.9055793991416309,171,1037,6.064327485380117,0.002575107296137339,0.007725321888412017,0.006008583690987125,0.0017167381974248926,0.5211945781958863,0.2458444000811388,0.0,1.0,0.35625817584680897,0.2709341349242137,0.0,0.967741935483871,0.4382810543015392,0.2716362191523053,0.0,0.967741935483871,0.3877369256032731,0.2884946266035012,0.0,1.0,24,0.17083692838654013,3.789473684210526,13
219,1158,1178,13.883846199567534,131.60535405872193,7,8,8,0,878,0.7575496117342536,281,1005,0.8671268334771355,0.9020501138952164,792,213,0.9020501138952164,0.7580071174377224,0.8671268334771355,171,984,5.754385964912281,0.0060396893874029335,0.006902502157031924,0.006902502157031924,0.0,0.5203353947295114,0.24583703874328544,0.0,1.0,0.3556186974204691,0.2702651787194766,0.0,0.967741935483871,0.4391330993370104,0.2718686035005567,0.0,1.0,0.38673463702713246,0.28860719489041586,0.0,1.0,24,0.17098445595854922,3.802245250431779,13
220,1154,1184,13.868051167544554,131.1681109185442,9,13,11,2,912,0.7875647668393783,246,1037,0.8955094991364422,0.9276315789473685,846,191,0.9276315789473685,0.7764227642276422,0.8955094991364422,178,1021,5.735955056179775,0.007772020725388601,0.011226252158894647,0.009499136442141624,0.0017271157167530224,0.519259797618382,0.24672698818297958,0.0,1.0,0.35425169117235983,0.2703153424729133,0.0,0.967741935483871,0.44096271034829765,0.27201889311670496,0.0,1.0,0.38681724157209146,0.28870909702923003,0.0,1.0,24,0.17157712305025996,3.8084922010398614,13
221,1154,1193,13.831937905716615,130.9627383015598,8,8,8,0,878,0.7608318890814558,276,1031,0.8934142114384749,0.9441913439635535,829,202,0.9441913439635535,0.7318840579710145,0.8934142114384749,174,1014,5.827586206896552,0.006932409012131715,0.006932409012131715,0.006932409012131715,0.0,0.5184211997540112,0.2472473163356905,0.0,1.0,0.3553139151338961,0.2705489672600328,0.0,0.967741935483871,0.442108794096271,0.2716483920716633,0.0,1.0,0.3856711578241181,0.2884260406377153,0.0,1.0,24,0.17157712305025996,3.8223570190641247,13
222,1147,1204,13.861848215571145,130.6198779424586,6,13,11,2,854,0.7400346620450606,300,971,0.841421143847487,0.9039812646370023,772,199,0.9039812646370023,0.6633333333333333,0.841421143847487,173,955,5.520231213872832,0.005199306759098787,0.011265164644714038,0.009532062391681109,0.0017331022530329288,0.5198695053013471,0.24741720929376596,0.0,1.0,0.35669488427032653,0.27073977963196777,0.0,0.967741935483871,0.4431476221278511,0.2707997677794039,0.0,1.0,0.38313131029051944,0.2881594014470333,0.0,1.0,24,0.17349607672188316,3.8526591107236268,13
223,1145,1207,13.935797489709271,130.70305676855895,5,7,7,0,890,0.7759372275501307,257,1008,0.8788142981691369,0.9258426966292135,824,184,0.9258426966292135,0.7159533073929961,0.8788142981691369,174,985,5.660919540229885,0.004359197907585004,0.006102877070619006,0.006102877070619006,0.0,0.5201014227355966,0.24791573388477747,0.0,1.0,0.3565572615861389,0.27032394595273845,0.0,0.967741935483871,0.44307648964642904,0.2711079290892529,0.0,1.0,0.3831525566981265,0.2884758880257498,0.0,1.0,24,0.1720524017467249,3.862882096069869,13
224,1136,1214,13.90310719877606,129.67341549295776,10,19,19,0,847,0.7397379912663755,298,1004,0.8768558951965065,0.9173553719008265,777,227,0.9173553719008265,0.761744966442953,0.8768558951965065,172,983,5.715116279069767,0.008733624454148471,0.016593886462882096,0.016593886462882096,0.0,0.5202748750567924,0.24805828719747836,0.0,1.0,0.3575079509313948,0.270277345316567,0.0,0.967741935483871,0.4449114039073149,0.2712698100886903,0.0,1.0,0.38201385733757387,0.28859282472502695,0.0,1.0,24,0.17253521126760563,3.8846830985915495,13
225,1125,1226,14.013626249563954,129.79288888888888,5,16,13,3,883,0.7772887323943662,253,1026,0.903169014084507,0.9377123442808607,828,198,0.9377123442808607,0.782608695652174,0.903169014084507,175,1013,5.788571428571428,0.0044014084507042256,0.014084507042253521,0.011443661971830986,0.002640845070422535,0.520831541218638,0.2485412963515046,0.0,1.0,0.3575627240143369,0.27074744036144766,0.0,0.967741935483871,0.4450752688172043,0.271703714631104,0.0,1.0,0.38216487455197135,0.28936313484087034,0.0,1.0,24,0.17155555555555554,3.8986666666666667,13
226,1115,1235,14.069059036363951,129.42690582959642,7,17,14,3,870,0.7733333333333333,255,972,0.864,0.9114942528735632,793,179,0.9114942528735632,0.7019607843137254,0.864,165,946,5.733333333333333,0.006222222222222222,0.015111111111111112,0.012444444444444444,0.0026666666666666666,0.5216548531751772,0.2479130996815691,0.0,1.0,0.3574135686387965,0.2700215201838438,0.0,0.967741935483871,0.4450455663243165,0.2717971807453873,0.0,1.0,0.3799508173007377,0.2886320800436745,0.0,1.0,23,0.17219730941704037,3.926457399103139,13
227,1108,1243,14.159319373120336,129.34025270758121,5,12,11,1,864,0.7748878923766817,251,980,0.8789237668161435,0.9120370370370371,788,192,0.9120370370370371,0.7649402390438247,0.8789237668161435,176,964,5.4772727272727275,0.004484304932735426,0.010762331838565023,0.009865470852017937,0.0008968609865470852,0.5205543263072085,0.24783412866292862,0.0,1.0,0.35620705717945733,0.26957872355754864,0.0,0.967741935483871,0.44331547688366135,0.27115000953898105,0.0,1.0,0.3792069407243508,0.28782539099437476,0.0,1.0,23,0.1723826714801444,3.922382671480144,13
228,1105,1252,14.233570974136768,129.289592760181,5,8,8,0,843,0.7608303249097473,265,971,0.8763537906137184,0.9193357058125742,775,196,0.9193357058125742,0.7396226415094339,0.8763537906137184,179,959,5.35754189944134,0.004512635379061372,0.007220216606498195,0.007220216606498195,0.0,0.5196905561231937,0.24771718557331882,0.0,1.0,0.3562691577871844,0.26935040669522875,0.0,0.967741935483871,0.4430594073857831,0.271926123476349,0.0,1.0,0.38134578893592175,0.2887302522952653,0.0,1.0,23,0.16923076923076924,3.9303167420814478,13
229,1091,1262,14.345031566797688,129.18423464711273,2,16,16,0,848,0.7674208144796381,257,991,0.8968325791855204,0.9386792452830188,796,195,0.9386792452830188,0.7587548638132295,0.8968325791855204,171,972,5.684210526315789,0.0018099547511312218,0.014479638009049774,0.014479638009049774,0.0,0.5205641465361757,0.24822574198271186,0.0,1.0,0.35519351881966826,0.2693913449474714,0.0,0.967741935483871,0.44457585523786997,0.2719289508287288,0.0,1.0,0.380621507347506,0.28948368958528703,0.0,1.0,23,0.17048579285059579,3.943171402383135,13
230,1091,1275,14.386726853010922,129.13748854262144,6,6,6,0,819,0.7506874427131073,272,945,0.8661778185151238,0.9267399267399268,759,186,0.9267399267399268,0.6838235294117647,0.8661778185151238,168,926,5.511904761904762,0.005499541704857928,0.005499541704857928,0.005499541704857928,0.0,0.5212737648206736,0.24851926893316478,0.0,1.0,0.35421779367848377,0.26909152143948784,0.0,0.967741935483871,0.4463794683776352,0.2716520750368884,0.0,1.0,0.3800301587770912,0.28963126521292615,0.0,1.0,23,0.17231897341888175,3.9495875343721356,13
231,1088,1279,14.558700833833996,129.4733455882353,4,7,4,3,857,0.7855178735105408,234,969,0.8881759853345554,0.9358226371061844,802,167,0.9358226371061844,0.7136752136752137,0.8881759853345554,169,942,5.57396449704142,0.0036663611365719525,0.006416131989000917,0.0036663611365719525,0.002749770852428964,0.5209914611005693,0.24845978270736735,0.0,1.0,0.3552241461100569,0.26873765466348576,0.0,0.967741935483871,0.44666152751423155,0.2713030031674969,0.0,1.0,0.3807815464895636,0.2894570242075948,0.0,1.0,22,0.17279411764705882,3.958639705882353,13
232,1082,1287,14.631606398517407,129.13863216266174,6,12,11,1,882,0.8106617647058824,206,984,0.9044117647058824,0.9319727891156463,822,162,0.9319727891156463,0.7864077669902912,0.9044117647058824,174,966,5.551724137931035,0.0055147058823529415,0.011029411764705883,0.01011029411764706,0.0009191176470588235,0.5209587979249896,0.24868498391273233,0.0,1.0,0.3556734839902212,0.2688429377190734,0.0,0.967741935483871,0.4490191401824578,0.2715882933725402,0.0,1.0,0.3791366048536164,0.2896511918294226,0.0,1.0,22,0.17190388170055454,3.981515711645102,13
233,1080,1286,14.545719443768778,127.48333333333333,16,18,16,2,836,0.7726432532347505,246,964,0.8909426987060998,0.9258373205741627,774,190,0.9258373205741627,0.7723577235772358,0.8909426987060998,171,934,5.461988304093567,0.014787430683918669,0.0166358595194085,0.014787430683918669,0.0018484288354898336,0.5189964157706093,0.2491274066461395,0.0,1.0,0.35540621266427713,0.26864271351321145,0.0,0.967741935483871,0.4513440860215054,0.27126648527145003,0.0,1.0,0.3787335722819594,0.28804932290279317,0.0,1.0,22,0.17222222222222222,3.984259259259259,13
234,1080,1294,14.544184312237176,126.63796296296296,10,10,10,0,824,0.762962962962963,256,983,0.9101851851851852,0.9405339805825242,775,208,0.9405339805825242,0.8125,0.9101851851851852,173,964,5.572254335260116,0.009259259259259259,0.009259259259259259,0.009259259259259259,0.0,0.5172043010752688,0.25035297084859653,0.0,1.0,0.357078853046595,0.26914637850626705,0.0,0.967741935483871,0.4539725209080048,0.2723835496209573,0.0,1.0,0.3770908004778972,0.28791496042630166,0.0,1.0,22,0.1712962962962963,4.006481481481481,13
235,1076,1310,14.586238004998627,126.65055762081785,4,8,8,0,851,0.787962962962963,229,945,0.875,0.9212690951821386,784,161,0.9212690951821386,0.7030567685589519,0.875,169,930,5.502958579881657,0.003703703703703704,0.007407407407407408,0.007407407407407408,0.0,0.518557380980933,0.25032405801831803,0.0,1.0,0.35735699724187553,0.26936566773741694,0.0,0.967741935483871,0.453471639285286,0.27258656564373246,0.0,1.0,0.37663388895551025,0.28826300753470735,0.0,1.0,22,0.17193308550185873,4.017657992565056,13
236,1066,1318,14.618988919975756,126.0281425891182,6,16,15,1,836,0.7769516728624535,240,984,0.9144981412639405,0.94377990430622,789,195,0.94377990430622,0.8125,0.9144981412639405,176,968,5.5,0.0055762081784386614,0.01486988847583643,0.013940520446096654,0.0009293680297397769,0.5194274647461116,0.2511554993815546,0.0,1.0,0.35541366579918904,0.26904385372613476,0.0,0.967741935483871,0.4523391635901471,0.2724667307375896,0.0,1.0,0.37420565272650247,0.2873650860873114,0.0,1.0,22,0.17073170731707318,4.045028142589119,13
237,1066,1329,14.471674162721522,124.27392120075046,15,15,15,0,818,0.7673545966228893,248,948,0.8893058161350844,0.9364303178484108,766,182,0.9364303178484108,0.7338709677419355,0.8893058161350844,160,919,5.74375,0.014071294559099437,0.014071294559099437,0.014071294559099437,0.0,0.5180354657144587,0.25056290475647697,0.0,1.0,0.35520183985958964,0.26862120075817597,0.0,0.967741935483871,0.45303516310597347,0.27355987985309227,0.0,1.0,0.37378200084730373,0.2870330603730281,0.0,1.0,22,0.1669793621013133,4.063789868667917,13
238,1060,1334,14.618946364167062,123.95943396226416,5,11,10,1,776,0.7279549718574109,290,963,0.9033771106941839,0.9355670103092784,726,237,0.9355670103092784,0.8172413793103448,0.9033771106941839,165,933,5.654545454545454,0.004690431519699813,0.010318949343339587,0.009380863039399626,0.0009380863039399625,0.5174984783931832,0.2504802479352397,0.0,1.0,0.3558429701765064,0.2680141695458764,0.0,0.967741935483871,0.4522215459525259,0.273258623476608,0.0,1.0,0.3741326841144248,0.287889302940327,0.0,1.0,22,0.1669811320754717,4.079245283018868,13
239,1057,1341,14.677842497880551,123.69063386944181,6,9,9,0,836,0.7886792452830189,224,957,0.9028301886792452,0.9330143540669856,780,177,0.9330143540669856,0.7901785714285714,0.9028301886792452,172,936,5.441860465116279,0.005660377358490566,0.008490566037735849,0.008490566037735849,0.0,0.5184789574877162,0.25011285014801155,0.0,1.0,0.3534653767509995,0.26677749428848285,0.0,0.967741935483871,0.4516739402447585,0.27340205960019387,0.0,1.0,0.37366863002410966,0.2883693362871382,0.0,1.0,22,0.1684011352885525,4.087038789025544,13
240,1057,1348,14.731763731899326,122.77388836329234,10,10,8,2,803,0.759697256385998,254,952,0.9006622516556292,0.9302615193026152,747,205,0.9302615193026152,0.8070866141732284,0.9006622516556292,170,929,5.464705882352941,0.00946073793755913,0.00946073793755913,0.007568590350047304,0.001892147587511826,0.5191808832056642,0.25057127746576324,0.0,1.0,0.3534653767509995,0.2671904794365001,0.0,0.967741935483871,0.4511551255836665,0.27322338483750314,0.0,1.0,0.37553025910214544,0.28822978422955897,0.0,1.0,22,0.1665089877010407,4.094607379375591,13
241,1059,1356,14.791876784755637,122.04249291784703,11,9,7,2,790,0.7473982970671712,267,932,0.8817407757805109,0.9265822784810127,732,200,0.9265822784810127,0.7490636704119851,0.8817407757805109,160,900,5.625,0.010406811731315043,0.008514664143803218,0.006622516556291391,0.001892147587511826,0.5174388497974353,0.25050860471732056,0.0,1.0,0.35291967467787627,0.26750096985314603,0.0,0.967741935483871,0.45139967711474616,0.2726954462750008,0.0,1.0,0.3755825641962899,0.287428035863692,0.0,1.0,22,0.16619452313503305,4.096317280453258,13
242,1062,1361,14.878431288739646,121.45574387947269,10,7,6,1,781,0.7374881964117092,278,912,0.8611898016997167,0.9078104993597952,709,203,0.9078104993597952,0.7302158273381295,0.8611898016997167,170,887,5.2176470588235295,0.009442870632672332,0.0066100094428706326,0.0056657223796034,0.0009442870632672333,0.5162505315594436,0.2507154496759217,0.0,1.0,0.3526213474272523,0.2676702012304985,0.0,0.967741935483871,0.4502460360852925,0.2724325738979556,0.0,1.0,0.3759492132920236,0.2866000303859406,0.0,1.0,22,0.1647834274952919,4.098870056497175,13
243,1062,1371,14.829862488197508,120.3361581920904,11,11,11,0,803,0.756120527306968,259,951,0.8954802259887006,0.9464508094645081,760,191,0.9464508094645081,0.7374517374517374,0.8954802259887006,166,927,5.5843373493975905,0.010357815442561206,0.010357815442561206,0.010357815442561206,0.0,0.516311281210133,0.2501637570198162,0.0,1.0,0.3509811068586356,0.2677174746133309,0.0,0.967741935483871,0.45003341230787924,0.2726129930790615,0.0,1.0,0.3751290930077152,0.286483172834991,0.0,1.0,22,0.16666666666666666,4.112994350282486,13
244,1056,1381,14.876157956409063,119.53977272727273,8,14,12,2,803,0.756120527306968,259,930,0.8757062146892656,0.933997509339975,750,180,0.933997509339975,0.694980694980695,0.8757062146892656,165,905,5.484848484848484,0.007532956685499058,0.013182674199623353,0.011299435028248588,0.0018832391713747645,0.5150904203323557,0.25029722757601425,0.0,1.0,0.3497983870967742,0.26676739019892215,0.0,0.967741935483871,0.44926075268817206,0.27192615464197173,0.0,1.0,0.375549853372434,0.2858462976584193,0.0,1.0,22,0.16666666666666666,4.119318181818182,13
245,1057,1385,14.917044845914855,118.7123935666982,10,9,9,0,825,0.78125,231,920,0.8712121212121212,0.9248484848484848,763,157,0.9248484848484848,0.6796536796536796,0.8712121212121212,165,889,5.387878787878788,0.00946969696969697,0.008522727272727272,0.008522727272727272,0.0,0.5133518478957488,0.2501045346823386,0.0,1.0,0.35068819238868376,0.266935051990579,0.0,0.967741935483871,0.44874416333506273,0.271808821006551,0.0,1.0,0.3752250740073855,0.28513011411189065,0.0,1.0,22,0.1665089877010407,4.127719962157048,13
246,1052,1397,15.03813062481032,118.64543726235742,4,9,8,1,825,0.7805108798486282,232,926,0.8760643330179754,0.9236363636363636,762,164,0.9236363636363636,0.7068965517241379,0.8760643330179754,157,895,5.7006369426751595,0.003784295175023652,0.008514664143803218,0.007568590350047304,0.000946073793755913,0.5135226297068564,0.25026570618154,0.0,1.0,0.3504231571200785,0.26723533934194293,0.0,0.967741935483871,0.44839322948607874,0.27202321398944457,0.0,1.0,0.3757205936465105,0.2852254395767807,0.0,1.0,22,0.16634980988593157,4.126425855513308,13
247,1043,1400,15.230078012440947,118.4496644295302,3,12,12,0,798,0.7585551330798479,254,882,0.8384030418250951,0.8809523809523809,703,179,0.8809523809523809,0.7047244094488189,0.8384030418250951,165,850,5.151515151515151,0.0028517110266159697,0.011406844106463879,0.011406844106463879,0.0,0.5136857081000835,0.24982001077049645,0.0,1.0,0.3524263136733368,0.2678833047119559,0.0,0.967741935483871,0.4468808956793369,0.2719132231056759,0.0,1.0,0.37689048340704545,0.28484926453794024,0.0,1.0,22,0.16586768935762225,4.11888782358581,13
248,1048,1403,15.319563147031687,118.20038167938931,9,4,4,0,787,0.7545541706615532,256,919,0.8811121764141898,0.9250317662007624,728,191,0.9250317662007624,0.74609375,0.8811121764141898,173,895,5.173410404624278,0.00862895493767977,0.003835091083413231,0.003835091083413231,0.0,0.5128355084954445,0.24971104227058816,0.0,1.0,0.3529610933267668,0.26756522144420514,0.0,0.967741935483871,0.4469650332430436,0.2718719948955855,0.0,1.0,0.37780103422802264,0.2850783804186947,0.0,1.0,22,0.16603053435114504,4.122137404580153,13
249,1050,1409,15.426153471568595,117.79523809523809,9,7,6,1,785,0.7490458015267175,263,927,0.8845419847328244,0.9286624203821656,729,198,0.9286624203821656,0.752851711026616,0.8845419847328244,170,903,5.311764705882353,0.008587786259541985,0.006679389312977099,0.0057251908396946565,0.0009541984732824427,0.5135483870967742,0.24974945078435679,0.0,1.0,0.3517357910906298,0.2669760941294805,0.0,0.967741935483871,0.4478033794162826,0.27275643299694724,0.0,1.0,0.37757296466973883,0.28488242543854175,0.0,1.0,22,0.16857142857142857,4.119047619047619,13
250,1042,1412,15.501102122041171,116.47312859884836,9,17,15,2,804,0.7657142857142857,246,937,0.8923809523809524,0.9415422885572139,757,180,0.9415422885572139,0.7317073170731707,0.8923809523809524,180,920,5.111111111111111,0.008571428571428572,0.01619047619047619,0.014285714285714285,0.0019047619047619048,0.5124760076775432,0.24955523407104824,0.0,1.0,0.34994737167977213,0.2667716488292943,0.0,0.967741935483871,0.4456689988236022,0.2733876823807446,0.0,1.0,0.37827379109652653,0.28453256945696115,0.0,1.0,22,0.16506717850287908,4.1257197696737045,13
251,1043,1415,15.549255441330233,115.67497603068072,11,10,8,2,788,0.7562380038387716,254,919,0.8819577735124761,0.9352791878172588,737,182,0.9352791878172588,0.7165354330708661,0.8819577735124761,160,882,5.5125,0.01055662188099808,0.009596928982725527,0.007677543186180422,0.0019193857965451055,0.5125722945597377,0.24889438335212435,0.0,1.0,0.3492716419756905,0.26675388764264807,0.0,0.967741935483871,0.44459221229084833,0.2735320621572153,0.0,1.0,0.37979772987350385,0.28499109863810274,0.0,1.0,22,0.16203259827420902,4.14477468839885,13
252,1046,1423,15.480771194473354,114.35755258126196,13,10,10,0,807,0.7737296260786194,236,912,0.8744007670182167,0.9318463444857497,752,160,0.9318463444857497,0.6779661016949152,0.8744007670182167,167,887,5.311377245508982,0.012464046021093002,0.009587727708533078,0.009587727708533078,0.0,0.513476839573182,0.249182021759971,0.0,1.0,0.3483624252143342,0.2664399821223896,0.0,0.967741935483871,0.4444581508665886,0.2726162779461567,0.0,1.0,0.37759822364769013,0.28508978239381394,0.0,1.0,22,0.16347992351816443,4.167304015296367,13
253,1050,1423,15.46110263823306,113.3247619047619,12,8,8,0,854,0.8164435946462715,192,909,0.8690248565965584,0.9203747072599532,786,123,0.9203747072599532,0.640625,0.8690248565965584,165,874,5.296969696969697,0.011472275334608031,0.0076481835564053535,0.0076481835564053535,0.0,0.5138556067588326,0.24949040726823346,0.0,1.0,0.34801843317972353,0.2662620118485036,0.0,0.967741935483871,0.44562211981566824,0.27301687652911644,0.0,1.0,0.37649769585253456,0.2858880349749517,0.0,1.0,22,0.16285714285714287,4.195238095238095,13
254,1050,1426,15.526038188998966,112.56476190476191,10,10,9,1,804,0.7657142857142857,246,921,0.8771428571428571,0.9092039800995025,731,190,0.9092039800995025,0.7723577235772358,0.8771428571428571,169,893,5.284023668639053,0.009523809523809525,0.009523809523809525,0.008571428571428572,0.0009523809523809524,0.5141935483870967,0.24992783260439702,0.0,1.0,0.34838709677419355,0.26566383957046047,0.0,0.967741935483871,0.4482642089093702,0.27409446978674573,0.0,1.0,0.37483870967741933,0.28634133164497166,0.0,1.0,22,0.16380952380952382,4.208571428571428,13
255,1039,1432,15.611889276449894,111.29451395572666,7,18,17,1,803,0.7647619047619048,247,902,0.8590476190476191,0.8916562889165629,716,186,0.8916562889165629,0.7530364372469636,0.8590476190476191,171,879,5.140350877192983,0.006666666666666667,0.017142857142857144,0.01619047619047619,0.0009523809523809524,0.5145766711167686,0.24958834815902442,0.0,1.0,0.3498090595796206,0.2662565843208252,0.0,0.967741935483871,0.4475457170356112,0.27443950221367996,0.0,1.0,0.37598186842186965,0.2867991540027628,0.0,1.0,22,0.1616939364773821,4.230028873917228,13
256,1038,1440,15.55255730185827,109.44508670520231,14,15,14,1,793,0.7632338787295476,246,910,0.875842155919153,0.9306431273644389,738,172,0.9306431273644389,0.6991869918699187,0.875842155919153,173,891,5.1502890173410405,0.013474494706448507,0.014436958614051972,0.013474494706448507,0.0009624639076034649,0.5142644042513518,0.24914372553832806,0.0,1.0,0.35086083659643236,0.26594314642195305,0.0,0.967741935483871,0.4494996581515321,0.2760011152865155,0.0,1.0,0.3739200696127789,0.28609431484780534,0.0,1.0,22,0.1579961464354528,4.2601156069364166,13
257,1036,1447,15.646415952069338,108.77606177606178,9,11,9,2,777,0.7485549132947977,261,906,0.8728323699421965,0.9253539253539254,719,187,0.9253539253539254,0.7164750957854407,0.8728323699421965,168,881,5.244047619047619,0.008670520231213872,0.010597302504816955,0.008670520231213872,0.0019267822736030828,0.5142296674554739,0.24918843096502852,0.0,1.0,0.35001245485116456,0.2652766988089301,0.0,0.967741935483871,0.45005604683024036,0.2764491976263317,0.0,1.0,0.37398804334288205,0.28720933200750143,0.0,1.0,22,0.1583011583011583,4.268339768339768,13
258,1037,1454,15.61562980770534,107.62970106075217,11,10,10,0,795,0.7673745173745173,241,888,0.8571428571428571,0.9157232704402516,728,160,0.9157232704402516,0.6639004149377593,0.8571428571428571,163,858,5.263803680981595,0.010617760617760617,0.009652509652509652,0.009652509652509652,0.0,0.5126139297601643,0.24930036373305492,0.0,1.0,0.34920832426042864,0.2649814308566269,0.0,0.967741935483871,0.4509596540890285,0.2757432882952407,0.0,1.0,0.3735340778299686,0.2866418946828705,0.0,1.0,22,0.15911282545805208,4.277724204435873,13
259,1042,1455,15.609028217972632,106.42898272552783,13,8,8,0,775,0.7473481195756991,262,923,0.8900675024108003,0.9380645161290323,727,196,0.9380645161290323,0.7480916030534351,0.8900675024108003,177,901,5.090395480225989,0.01253616200578592,0.007714561234329798,0.007714561234329798,0.0,0.5142096464615193,0.24895761551804188,0.0,1.0,0.348863847439787,0.26505766225602223,0.0,0.967741935483871,0.45152002971952204,0.2771216243334666,0.0,1.0,0.3745278930097208,0.28714718592687444,0.0,1.0,22,0.15738963531669867,4.292706333973128,13
260,1045,1462,15.642759245161551,105.5598086124402,10,7,7,0,781,0.7495201535508638,261,887,0.8512476007677543,0.8975672215108835,701,186,0.8975672215108835,0.7126436781609196,0.8512476007677543,169,863,5.106508875739645,0.009596928982725527,0.0067178502879078695,0.0067178502879078695,0.0,0.5132273498996759,0.2492145591193711,0.0,1.0,0.34835622781293407,0.26518160793584744,0.0,0.967741935483871,0.4495755517826825,0.27604773607510985,0.0,1.0,0.37616916190770183,0.2873110954045232,0.0,1.0,22,0.15789473684210525,4.30622009569378,13
261,1049,1468,15.593174812026989,104.22402287893232,14,10,9,1,802,0.7674641148325358,243,910,0.8708133971291866,0.9139650872817955,733,177,0.9139650872817955,0.7283950617283951,0.8708133971291866,165,881,5.33939393939394,0.013397129186602871,0.009569377990430622,0.00861244019138756,0.0009569377990430622,0.5139456932870015,0.24884790711182486,0.0,1.0,0.34813493649866234,0.26402803865804564,0.0,0.967741935483871,0.4471232202712261,0.2754558392611382,0.0,1.0,0.37618007933823305,0.28828217493548,0.0,1.0,22,0.1601525262154433,4.3212583412774075,13
262,1050,1475,15.600374927246232,103.10380952380953,12,11,9,2,763,0.7273593898951383,286,928,0.8846520495710201,0.9305373525557011,710,218,0.9305373525557011,0.7622377622377622,0.8846520495710201,170,905,5.323529411764706,0.011439466158245948,0.010486177311725452,0.008579599618684462,0.0019065776930409914,0.5121351766513057,0.24911100997253105,0.0,1.0,0.3491858678955453,0.264354519944205,0.0,0.967741935483871,0.44632872503840243,0.2747880511967833,0.0,1.0,0.3761597542242704,0.2881628131720284,0.0,1.0,21,0.16,4.339047619047619,13
263,1051,1482,15.522143667905155,101.6964795432921,14,13,10,3,842,0.8019047619047619,208,912,0.8685714285714285,0.9168646080760094,772,140,0.9168646080760094,0.6730769230769231,0.8685714285714285,176,895,5.0852272727272725,0.013333333333333334,0.012380952380952381,0.009523809523809525,0.002857142857142857,0.5118013566188883,0.24900475499999383,0.0,1.0,0.3504496485681839,0.26487951963136414,0.0,0.967741935483871,0.4501089592093551,0.2754579999985472,0.0,1.0,0.37340781437033854,0.2875775000708682,0.0,1.0,21,0.16079923882017128,4.363463368220742,13
264,1048,1482,15.587510241942258,100.79007633587786,12,15,10,5,814,0.774500475737393,237,916,0.8715509039010466,0.9262899262899262,754,162,0.9262899262899262,0.6835443037974683,0.8715509039010466,179,895,5.0,0.011417697431018078,0.014272121788772598,0.009514747859181731,0.004757373929590866,0.511419601083477,0.24916288179054874,0.0,1.0,0.35096035459246494,0.2659972048284368,0.0,0.967741935483871,0.4523516375277025,0.27526596626411465,0.0,1.0,0.3730608224575228,0.2869540893269661,0.0,1.0,21,0.16125954198473283,4.3711832061068705,13
265,1045,1495,15.598515978148944,99.90047846889952,9,12,10,2,797,0.7604961832061069,251,918,0.8759541984732825,0.9259723964868256,738,180,0.9259723964868256,0.7171314741035857,0.8759541984732825,168,899,5.351190476190476,0.008587786259541985,0.011450381679389313,0.009541984732824428,0.0019083969465648854,0.5100787158512116,0.24961718227324567,0.0,1.0,0.3507022688686526,0.26579863165737305,0.0,0.967741935483871,0.45494675104182747,0.27539225421900326,0.0,1.0,0.37144621083500545,0.28618411708154196,0.0,1.0,21,0.1645933014354067,4.375119617224881,13
266,1050,1504,15.559563094967894,98.76380952380953,14,9,7,2,792,0.7578947368421053,253,903,0.8641148325358852,0.9103535353535354,721,182,0.9103535353535354,0.7193675889328063,0.8641148325358852,174,886,5.091954022988506,0.013397129186602871,0.00861244019138756,0.0066985645933014355,0.0019138755980861245,0.5093394777265744,0.24919171602268222,0.0,1.0,0.3506912442396314,0.265678094627615,0.0,0.967741935483871,0.45557603686635945,0.2759061927044387,0.0,1.0,0.37084485407066053,0.2854766846482061,0.0,1.0,21,0.16476190476190475,4.387619047619047,13
267,1049,1512,15.491428954567628,97.53765490943756,11,12,11,1,818,0.7790476190476191,232,886,0.8438095238095238,0.89119804400978,729,157,0.89119804400978,0.6767241379310345,0.8438095238095238,167,861,5.155688622754491,0.010476190476190476,0.011428571428571429,0.010476190476190476,0.0009523809523809524,0.5083797164734463,0.24923679884900113,0.0,1.0,0.34871921030782005,0.26498539842994634,0.0,0.967741935483871,0.4569943725206802,0.2759957191326484,0.0,1.0,0.3688305298440912,0.2846196913115432,0.0,1.0,21,0.16587225929456625,4.402287893231649,13
268,1055,1518,15.401461424060505,96.07962085308057,15,9,9,0,818,0.7797902764537655,231,905,0.8627264061010487,0.9034229828850856,739,166,0.9034229828850856,0.7186147186147186,0.8627264061010487,169,880,5.207100591715976,0.014299332697807437,0.008579599618684462,0.008579599618684462,0.0,0.5092187738877848,0.24830892955938014,0.0,1.0,0.34878458951230695,0.26492717327505055,0.0,0.967741935483871,0.45687203791469194,0.2755682121130622,0.0,1.0,0.3671915609234062,0.28436756068320784,0.0,1.0,21,0.16872037914691942,4.415165876777251,13
269,1055,1527,15.42619447503548,95.33175355450237,10,10,8,2,782,0.7412322274881517,273,921,0.8729857819905213,0.9168797953964194,717,204,0.9168797953964194,0.7472527472527473,0.8729857819905213,163,893,5.478527607361963,0.009478672985781991,0.009478672985781991,0.007582938388625593,0.0018957345971563982,0.5090353157009632,0.24785846054436114,0.0,1.0,0.3471028894664424,0.26425522118649575,0.0,0.967741935483871,0.4553432196911787,0.2751812600201021,0.0,1.0,0.3681394282219844,0.2841669174346063,0.0,1.0,21,0.17061611374407584,4.412322274881516,13
270,1052,1532,15.348919940563224,93.6254752851711,11,14,14,0,805,0.7630331753554502,250,951,0.9014218009478673,0.9329192546583851,751,200,0.9329192546583851,0.8,0.9014218009478673,178,934,5.247191011235955,0.01042654028436019,0.013270142180094787,0.013270142180094787,0.0,0.5078805347724763,0.24824595607425323,0.0,1.0,0.34683552066723905,0.26387172008088733,0.0,0.967741935483871,0.456457745615111,0.2740659401798259,0.0,1.0,0.36554029191708576,0.28350196303102965,0.0,1.0,21,0.1758555133079848,4.437262357414449,13
271,1050,1535,15.274740233463236,91.53428571428572,13,15,15,0,762,0.7243346007604563,290,927,0.8811787072243346,0.9225721784776902,703,224,0.9225721784776902,0.7724137931034483,0.8811787072243346,177,907,5.124293785310734,0.012357414448669201,0.014258555133079848,0.014258555133079848,0.0,0.507926267281106,0.24862758066192137,0.0,1.0,0.3473732718894009,0.26341752840122146,0.0,0.967741935483871,0.4589861751152074,0.2733258935921838,0.0,1.0,0.3635023041474654,0.28322133258618465,0.0,1.0,21,0.18,4.476190476190476,13
272,1049,1544,15.152935102551753,89.4604385128694,14,15,15,0,797,0.7590476190476191,253,931,0.8866666666666667,0.9284818067754078,740,191,0.9284818067754078,0.7549407114624506,0.8866666666666667,163,903,5.539877300613497,0.013333333333333334,0.014285714285714285,0.014285714285714285,0.0,0.5069344075771087,0.24889888743444513,0.0,1.0,0.3477966727144131,0.26409248862515383,0.0,0.967741935483871,0.4594544727697654,0.2735900917421001,0.0,1.0,0.36360281681478523,0.28340058900451154,0.0,1.0,21,0.1801715919923737,4.487130600571973,13
273,1049,1553,15.212610930899741,89.00571973307912,8,8,7,1,791,0.7540514775977121,258,926,0.882745471877979,0.9190897597977244,727,199,0.9190897597977244,0.7713178294573644,0.882745471877979,168,903,5.375,0.0076263107721639654,0.0076263107721639654,0.00667302192564347,0.0009532888465204957,0.5063808850210646,0.2492800634783408,0.0,1.0,0.3484116977766844,0.26418327991589236,0.0,0.967741935483871,0.4592392139979704,0.2731371413629551,0.0,1.0,0.36387957809280724,0.28361408120981907,0.0,1.0,21,0.17921830314585319,4.5014299332697805,13
274,1046,1560,15.219036387328382,87.68546845124283,11,14,13,1,792,0.7550047664442326,257,939,0.8951382268827455,0.9292929292929293,736,203,0.9292929292929293,0.7898832684824902,0.8951382268827455,173,919,5.312138728323699,0.010486177311725452,0.01334604385128694,0.012392755004766444,0.0009532888465204957,0.5039166101276753,0.24904055482873216,0.0,1.0,0.34870165916240053,0.26363857070728713,0.0,0.967741935483871,0.4602479491765867,0.27336789022017377,0.0,1.0,0.36119163634120766,0.28229516671204885,0.0,1.0,21,0.18164435946462715,4.527724665391969,13
275,1051,1560,15.167403350080905,86.30256898192198,14,9,9,0,778,0.7437858508604207,268,894,0.8546845124282982,0.910025706940874,708,186,0.910025706940874,0.6940298507462687,0.8546845124282982,166,860,5.180722891566265,0.01338432122370937,0.008604206500956023,0.008604206500956023,0.0,0.5059390442282312,0.24975322176498035,0.0,1.0,0.3499278720726804,0.26429969833963174,0.0,1.0,0.46017617629907,0.27274569804271426,0.0,1.0,0.36113072035849114,0.2824120592989321,0.0,1.0,21,0.18173168411037108,4.554709800190295,13
276,1051,1563,15.21170022856373,85.64605137963844,9,9,8,1,808,0.768791627021884,243,930,0.884871550903901,0.9306930693069307,752,178,0.9306930693069307,0.7325102880658436,0.884871550903901,170,903,5.311764705882353,0.008563273073263558,0.008563273073263558,0.007611798287345386,0.0009514747859181732,0.5055400386728461,0.2504511982457837,0.0,1.0,0.3515545870292502,0.26499642088194275,0.0,1.0,0.4610048801448697,0.2734453539466671,0.0,1.0,0.36045548018783957,0.2821807934164919,0.0,1.0,21,0.18363463368220742,4.567078972407232,13
277,1053,1570,15.23778943313793,84.98100664767331,13,11,7,4,800,0.7611798287345385,251,894,0.8506184586108468,0.91125,729,165,0.91125,0.6573705179282868,0.8506184586108468,173,874,5.0520231213872835,0.012369172216936251,0.010466222645099905,0.006660323501427212,0.003805899143672693,0.5029868578255675,0.250813768502037,0.0,1.0,0.3517752657537604,0.26584795826755864,0.0,1.0,0.461507827099225,0.2738341188292397,0.0,1.0,0.36142511411328615,0.28203879275905425,0.0,1.0,21,0.1842355175688509,4.570750237416904,13
278,1059,1580,15.205404461631053,84.43437204910293,11,5,5,0,816,0.7749287749287749,237,939,0.8917378917378918,0.9387254901960784,766,173,0.9387254901960784,0.729957805907173,0.8917378917378918,161,910,5.6521739130434785,0.010446343779677113,0.004748338081671415,0.004748338081671415,0.0,0.5019647263090561,0.2505116789552154,0.0,1.0,0.3523104572177039,0.26603358456153575,0.0,1.0,0.4607511651283926,0.2737780055156355,0.0,1.0,0.36202747570745375,0.2814941503712131,0.0,1.0,21,0.182247403210576,4.570349386213409,13
279,1051,1594,15.26460386354506,83.83444338725023,3,11,10,1,814,0.7686496694995278,245,923,0.8715769593956563,0.9115479115479116,742,181,0.9115479115479116,0.7387755102040816,0.8715769593956563,170,907,5.3352941176470585,0.0028328611898017,0.010387157695939566,0.009442870632672332,0.0009442870632672333,0.5020717596144992,0.2506698425307544,0.0,1.0,0.3524446763451091,0.2664571933254181,0.0,1.0,0.4621712040759952,0.27360190571991083,0.0,1.0,0.36076240753813577,0.2809049917464274,0.0,1.0,21,0.18268315889628925,4.582302568981922,13
280,1054,1598,15.275774719986991,83.2381404174573,11,8,7,1,820,0.780209324452902,231,948,0.9019980970504282,0.9439024390243902,774,174,0.9439024390243902,0.7532467532467533,0.9019980970504282,173,925,5.3468208092485545,0.010466222645099905,0.007611798287345386,0.006660323501427212,0.0009514747859181732,0.5017445063353125,0.2510611218141706,0.0,1.0,0.35284936034767705,0.266635146852551,0.0,1.0,0.4638856583216013,0.2744903272039733,0.0,1.0,0.3603782824263941,0.28105057867858474,0.0,1.0,21,0.18121442125237192,4.598671726755218,13
281,1061,1604,15.238724614211751,82.58058435438265,12,5,5,0,802,0.7609108159392789,252,943,0.8946869070208728,0.9276807980049875,744,199,0.9276807980049875,0.7896825396825397,0.8946869070208728,171,920,5.380116959064328,0.011385199240986717,0.004743833017077799,0.004743833017077799,0.0,0.5003496397190721,0.25199049070341456,0.0,1.0,0.3536529749779575,0.26697025419593207,0.0,1.0,0.4645343711045575,0.27473939030585826,0.0,1.0,0.3599160864674227,0.28089251616437133,0.0,1.0,21,0.18001885014137606,4.604147031102733,13
282,1064,1612,15.199957942110684,81.32048872180451,14,11,10,1,810,0.763430725730443,251,934,0.8803016022620169,0.9185185185185185,744,190,0.9185185185185185,0.7569721115537849,0.8803016022620169,161,903,5.608695652173913,0.013195098963242224,0.010367577756833177,0.00942507068803016,0.000942507068803016,0.49869633761823917,0.2524946579189156,0.0,1.0,0.3553844288139704,0.2676227118416064,0.0,1.0,0.46328522920203735,0.2756124754372569,0.0,1.0,0.36105384428813975,0.28039299758375114,0.0,1.0,21,0.17669172932330826,4.606203007518797,13
283,1070,1619,15.180749205303503,80.60467289719627,12,6,6,0,798,0.75,266,941,0.8843984962406015,0.9285714285714286,741,200,0.9285714285714286,0.7518796992481203,0.8843984962406015,171,919,5.374269005847953,0.011278195488721804,0.005639097744360902,0.005639097744360902,0.0,0.4985227615315043,0.2524241463063436,0.0,1.0,0.3548387096774194,0.2673633684006523,0.0,1.0,0.46499849261380766,0.27535843060894777,0.0,1.0,0.3593005728067531,0.27989780031355177,0.0,1.0,21,0.1766355140186916,4.631775700934579,13
284,1069,1625,15.273348441958625,80.26286248830682,6,7,7,0,826,0.77196261682243,244,957,0.8943925233644859,0.937046004842615,774,183,0.937046004842615,0.75,0.8943925233644859,172,935,5.436046511627907,0.005607476635514018,0.0065420560747663555,0.0065420560747663555,0.0,0.4988080509369625,0.25296684908970596,0.0,1.0,0.35556293189293586,0.2672799018406097,0.0,1.0,0.46404538459217237,0.27593460749068593,0.0,1.0,0.36093424665801627,0.2801473715655277,0.0,1.0,21,0.17680074836295603,4.625818521983162,13
285,1068,1625,15.29326576332507,79.00749063670412,12,13,11,2,819,0.7661365762394762,250,963,0.9008419083255379,0.9401709401709402,770,193,0.9401709401709402,0.772,0.9008419083255379,171,934,5.461988304093567,0.011225444340505144,0.01216089803554724,0.01028999064546305,0.0018709073900841909,0.49758366557931616,0.25273316742763524,0.0,1.0,0.3573456566388788,0.2682073842212702,0.0,1.0,0.46417784221336233,0.27650942362790104,0.0,1.0,0.35994321614111396,0.2796423571246219,0.0,1.0,21,0.17696629213483145,4.644194756554307,13
286,1066,1632,15.329049236942426,78.08724202626642,9,11,10,1,779,0.7294007490636704,289,968,0.9063670411985019,0.9293966623876765,724,244,0.9293966623876765,0.8442906574394463,0.9063670411985019,175,950,5.428571428571429,0.008426966292134831,0.010299625468164793,0.009363295880149813,0.0009363295880149813,0.4961266113901834,0.25147259807933475,0.0,1.0,0.3566846214367851,0.2669692954958375,0.0,1.0,0.4626278520849725,0.2764647549039741,0.0,1.0,0.3605882708951159,0.27891215101871153,0.0,1.0,21,0.175422138836773,4.651031894934334,13
287,1071,1639,15.358754878641806,77.6750700280112,10,5,5,0,808,0.7579737335834896,258,944,0.8855534709193246,0.9232673267326733,746,198,0.9232673267326733,0.7674418604651163,0.8855534709193246,168,919,5.470238095238095,0.009380863039399626,0.004690431519699813,0.004690431519699813,0.0,0.4948947320863829,0.2519048249636262,0.0,1.0,0.3571579169302129,0.2676952534260516,0.0,1.0,0.4626667871449655,0.27627539424032166,0.0,1.0,0.36062166802204754,0.27903344601271723,0.0,1.0,21,0.17366946778711484,4.660130718954249,13
288,1072,1647,15.409784719011009,77.07742537313433,8,7,7,0,798,0.7450980392156863,273,925,0.8636788048552755,0.9135338345864662,729,196,0.9135338345864662,0.717948717948718,0.8636788048552755,162,895,5.5246913580246915,0.007469654528478058,0.006535947712418301,0.006535947712418301,0.0,0.49374097255657196,0.2519197298366326,0.0,1.0,0.35844968704862784,0.26845608557652306,0.0,1.0,0.4623856523832451,0.2769313807962938,0.0,1.0,0.3615491092922484,0.27902337138329175,0.0,1.0,21,0.16977611940298507,4.666044776119403,13
289,1079,1649,15.3744509960965,76.56348470806302,13,6,5,1,818,0.7630597014925373,254,929,0.8666044776119403,0.9144254278728606,748,181,0.9144254278728606,0.7125984251968503,0.8666044776119403,174,905,5.2011494252873565,0.012126865671641791,0.005597014925373134,0.0046641791044776115,0.0009328358208955224,0.4919130616759843,0.25222842911822857,0.0,1.0,0.3598014888337469,0.2686232379121438,0.0,1.0,0.46500642769589523,0.27784860893817603,0.0,1.0,0.3600406589135699,0.2785279954579318,0.0,1.0,21,0.1686746987951807,4.688600556070436,13
290,1084,1657,15.402643983442816,76.34040590405904,10,5,4,1,789,0.7312326227988879,290,952,0.8822984244670992,0.9290240811153359,733,219,0.9290240811153359,0.7551724137931034,0.8822984244670992,171,931,5.444444444444445,0.009267840593141797,0.004633920296570899,0.0037071362372567192,0.0009267840593141798,0.4918759671467682,0.2525300902410453,0.0,1.0,0.36016545649327464,0.26858796259123685,0.0,1.0,0.4660457088441852,0.27843716626319975,0.0,1.0,0.36206999166765863,0.2796970501797362,0.0,1.0,21,0.1669741697416974,4.690959409594096,13
291,1097,1662,15.276718826107043,75.54147675478578,17,4,4,0,847,0.7813653136531366,237,956,0.8819188191881919,0.9185360094451004,778,178,0.9185360094451004,0.7510548523206751,0.8819188191881919,162,923,5.697530864197531,0.015682656826568265,0.0036900369003690036,0.0036900369003690036,0.0,0.49063428117740465,0.25235129342699114,0.0,1.0,0.36030817184697267,0.26852400036553886,0.0,1.0,0.46466903872732085,0.27758031355823715,0.0,1.0,0.36221954303525744,0.2790956299237186,0.0,1.0,21,0.16681859617137648,4.69644484958979,13
292,1103,1657,15.260574412979457,74.7651858567543,13,7,7,0,855,0.7793983591613491,242,947,0.8632634457611669,0.9216374269005848,788,159,0.9216374269005848,0.6570247933884298,0.8632634457611669,174,916,5.264367816091954,0.011850501367365542,0.006381039197812215,0.006381039197812215,0.0,0.4891644488638025,0.2520189757905256,0.0,1.0,0.36121428362530345,0.26958064800338144,0.0,1.0,0.4672008890708625,0.2775444027625431,0.0,1.0,0.3617991986663937,0.27839832178636803,0.0,1.0,21,0.16681776971894832,4.696282864913871,13
293,1109,1664,15.161346361483623,74.13345356176735,14,8,7,1,848,0.7688123300090662,255,973,0.8821396192203083,0.9292452830188679,788,185,0.9292452830188679,0.7254901960784313,0.8821396192203083,176,956,5.431818181818182,0.012692656391659111,0.007252946509519492,0.006346328195829556,0.0009066183136899365,0.48887402193199336,0.25190689531127325,0.0,1.0,0.3612088775124349,0.270376191707629,0.0,1.0,0.4677273917216906,0.27726306645844,0.0,1.0,0.36019081415980686,0.27776384772123097,0.0,1.0,21,0.1659152389540126,4.7177637511271415,14
294,1104,1671,15.195011486234495,73.6159420289855,5,10,9,1,827,0.7457168620378719,282,987,0.8899909828674482,0.9359129383313181,774,213,0.9359129383313181,0.7553191489361702,0.8899909828674482,171,965,5.643274853801169,0.004508566275924256,0.009017132551848512,0.008115419296663661,0.0009017132551848512,0.48804932211313695,0.2515625461977098,0.0,1.0,0.36272791023842915,0.2704275644365043,0.0,1.0,0.4692321178120617,0.2772694875361432,0.0,1.0,0.35910472183263203,0.27672001755586256,0.0,1.0,21,0.16576086956521738,4.730072463768116,14
295,1111,1678,15.162189972087203,73.35553555355536,11,4,4,0,857,0.7762681159420289,247,967,0.8759057971014492,0.9229871645274212,791,176,0.9229871645274212,0.7125506072874493,0.8759057971014492,168,942,5.607142857142857,0.009963768115942028,0.0036231884057971015,0.0036231884057971015,0.0,0.48779071455532647,0.25095942583555486,0.0,1.0,0.36172004297203914,0.2701165784876354,0.0,1.0,0.4705728637379867,0.2773208094175636,0.0,1.0,0.3582067884207776,0.2760254203635685,0.0,1.0,21,0.16471647164716471,4.7461746174617465,14
296,1118,1688,15.188973385149916,73.69946332737031,8,1,1,0,858,0.7722772277227723,253,969,0.8721872187218722,0.9207459207459208,790,179,0.9207459207459208,0.7075098814229249,0.8721872187218722,172,951,5.52906976744186,0.0072007200720072,0.0009000900090009,0.0009000900090009,0.0,0.48840094639044374,0.2507492093592233,0.0,1.0,0.3620231981072191,0.27015840356447957,0.0,1.0,0.47146401985111663,0.2773343508417798,0.0,1.0,0.3577528997634024,0.2756195680954789,0.0,1.0,21,0.16636851520572452,4.75134168157424,14
297,1119,1691,15.173792202748654,72.90259159964253,11,10,8,2,856,0.7656529516994633,262,997,0.8917710196779964,0.9322429906542056,798,199,0.9322429906542056,0.7595419847328244,0.8917710196779964,165,965,5.848484848484849,0.009838998211091235,0.008944543828264758,0.007155635062611807,0.0017889087656529517,0.48597538124477496,0.250494787227102,0.0,1.0,0.36109429502147655,0.27016741598939314,0.0,1.0,0.47098503848482226,0.27793040556338267,0.0,1.0,0.3585574677851769,0.27465842924602835,0.0,1.0,21,0.16532618409294011,4.7462019660411086,14
298,1115,1695,15.298307809396125,72.95874439461883,4,8,5,3,891,0.7962466487935657,228,1006,0.8990169794459338,0.9259259259259259,825,181,0.9259259259259259,0.793859649122807,0.8990169794459338,174,984,5.655172413793103,0.0035746201966041107,0.0071492403932082215,0.004468275245755138,0.002680965147453083,0.48534644871980326,0.2504829234702632,0.0,1.0,0.3600752205988717,0.2701005215875557,0.0,0.967741935483871,0.47177780992333285,0.27883520577295806,0.0,1.0,0.358686532619702,0.27441195074103303,0.0,1.0,21,0.16412556053811658,4.7461883408071746,14
299,1122,1701,15.240297553164746,72.52317290552584,12,5,5,0,883,0.7919282511210762,232,1001,0.8977578475336323,0.9354473386183465,826,175,0.9354473386183465,0.7543103448275862,0.8977578475336323,169,976,5.775147928994083,0.010762331838565023,0.004484304932735426,0.004484304932735426,0.0,0.48527974239549193,0.2507274146968918,0.0,1.0,0.36024380426657465,0.27076946052605955,0.0,0.967741935483871,0.4722270139727445,0.2788726141322726,0.0,1.0,0.3604163072853775,0.2746801101692585,0.0,1.0,21,0.16488413547237077,4.748663101604278,14
300,1127,1705,15.180293834911009,71.93877551020408,12,7,6,1,862,0.768270944741533,260,978,0.8716577540106952,0.9234338747099768,796,182,0.9234338747099768,0.7,0.8716577540106952,175,957,5.468571428571429,0.0106951871657754,0.006238859180035651,0.0053475935828877,0.00089126559714795,0.4847010332884907,0.25105371925264763,0.0,1.0,0.35927526690900763,0.2709278071536813,0.0,0.967741935483871,0.47448264018089703,0.2785745474605722,0.0,1.0,0.35815897186364026,0.27432200223676373,0.0,1.0,21,0.16592724046140195,4.759538598047915,14
301,1132,1706,15.15842956530755,71.5565371024735,11,6,5,1,868,0.7701863354037267,259,1011,0.8970718722271517,0.9274193548387096,805,206,0.9274193548387096,0.7953667953667953,0.8970718722271517,176,988,5.613636363636363,0.009760425909494233,0.005323868677905945,0.0044365572315882874,0.0008873114463176575,0.48501082867890116,0.2505433008622946,0.0,1.0,0.36008206998746156,0.27059121065732694,0.0,0.967741935483871,0.47287130970021657,0.2793439119086062,0.0,1.0,0.3580018237774991,0.2743294862275625,0.0,1.0,21,0.16342756183745583,4.775618374558304,14
302,1137,1714,15.114037897587163,71.3957783641161,10,5,5,0,883,0.7800353356890459,249,1014,0.8957597173144877,0.9331823329558324,824,190,0.9331823329558324,0.7630522088353414,0.8957597173144877,171,993,5.807017543859649,0.0088339222614841,0.00441696113074205,0.00441696113074205,0.0,0.4845518767554685,0.2500996105128569,0.0,1.0,0.36065480750134765,0.270506856038926,0.0,0.967741935483871,0.4723522569296678,0.2786118556090102,0.0,1.0,0.35605867165999944,0.2735939662480426,0.0,1.0,21,0.16534740545294635,4.788038698328935,14
303,1140,1717,15.091070776694956,70.96315789473684,12,9,6,3,851,0.7484608619173263,286,997,0.8768689533861038,0.9294947121034077,791,206,0.9294947121034077,0.7202797202797203,0.8768689533861038,169,969,5.733727810650888,0.010554089709762533,0.0079155672823219,0.005277044854881266,0.002638522427440633,0.4840124504810413,0.25007616648334685,0.0,1.0,0.3623089983022071,0.2721416334526609,0.0,0.967741935483871,0.4743350311262026,0.27817997960915075,0.0,1.0,0.3549801924165252,0.27291217966091025,0.0,1.0,21,0.1649122807017544,4.812280701754386,14
304,1142,1722,15.090114747336841,70.67425569176882,8,6,6,0,873,0.7657894736842106,267,983,0.862280701754386,0.9152348224513173,799,184,0.9152348224513173,0.6891385767790262,0.862280701754386,178,966,5.426966292134831,0.007017543859649123,0.005263157894736842,0.005263157894736842,0.0,0.48237387718208014,0.24943654880258334,0.0,1.0,0.36297384328569005,0.2725801680159405,0.0,0.967741935483871,0.47443647251567705,0.27800010165445294,0.0,1.0,0.35356759505112706,0.27207469115741817,0.0,1.0,21,0.1646234676007005,4.823992994746059,14
305,1147,1725,15.067737747715514,70.38186573670444,12,7,5,2,902,0.7898423817863398,240,1024,0.8966725043782837,0.934589800443459,843,181,0.934589800443459,0.7541666666666667,0.8966725043782837,181,1008,5.569060773480663,0.010507880910683012,0.006129597197898424,0.0043782837127845885,0.0017513134851138354,0.48277413730067215,0.24966952843878312,0.0,1.0,0.3632758669179065,0.27270520528625886,0.0,0.967741935483871,0.47475883792220935,0.27764222499162944,0.0,1.0,0.35396687009590233,0.27239335690866606,0.0,1.0,21,0.16564952048823017,4.830863121185702,14
306,1158,1729,14.988988536551817,69.92487046632124,15,4,4,0,860,0.7497820401046208,287,1016,0.8857890148212729,0.9197674418604651,791,225,0.9197674418604651,0.7839721254355401,0.8857890148212729,179,999,5.581005586592179,0.013077593722755012,0.0034873583260680036,0.0034873583260680036,0.0,0.48272884283246975,0.24924975058626722,0.0,1.0,0.3639478522480361,0.27271011615018187,0.0,0.967741935483871,0.4733132765056549,0.2778195511584573,0.0,1.0,0.3558972644715583,0.27241025066088964,0.0,1.0,21,0.16493955094991364,4.835924006908463,14
307,1159,1736,15.055399296963374,70.43226919758412,4,3,2,1,902,0.7789291882556131,256,979,0.8454231433506045,0.9068736141906873,818,161,0.9068736141906873,0.62890625,0.8454231433506045,166,952,5.734939759036145,0.0034542314335060447,0.0025906735751295338,0.0017271157167530224,0.0008635578583765112,0.4821731748726656,0.24940196323705277,0.0,1.0,0.3643018174733502,0.27291765900631204,0.0,0.967741935483871,0.47351721450638756,0.27802221648407593,0.0,1.0,0.35614684516685685,0.27230315967681873,0.0,1.0,21,0.16393442622950818,4.8395168248490075,14
308,1160,1739,15.123036775913487,70.61896551724138,7,6,4,2,874,0.7540983606557377,285,985,0.8498705780845557,0.9164759725400458,801,184,0.9164759725400458,0.6456140350877193,0.8498705780845557,174,962,5.528735632183908,0.0060396893874029335,0.005176876617773943,0.003451251078515962,0.001725625539257981,0.48139599555061174,0.24959001789969132,0.0,1.0,0.364377085650723,0.2729961068368726,0.0,0.967741935483871,0.47397107897664065,0.2778154182286055,0.0,1.0,0.35561735261401556,0.2719421475430567,0.0,1.0,21,0.16551724137931034,4.8422413793103445,14
309,1162,1747,15.092499758397388,70.21600688468159,9,7,7,0,892,0.7689655172413793,268,1013,0.8732758620689656,0.9304932735426009,830,183,0.9304932735426009,0.6828358208955224,0.8732758620689656,178,999,5.612359550561798,0.007758620689655172,0.00603448275862069,0.00603448275862069,0.0,0.48028982288601413,0.24920720876138763,0.0,1.0,0.3643329076675365,0.2730264863535879,0.0,0.967741935483871,0.47243351285325635,0.27833845967662385,0.0,1.0,0.35697629226583755,0.27190334758045576,0.0,1.0,21,0.16437177280550774,4.836488812392427,14
310,1165,1754,15.100039215405435,70.49957081545064,7,4,3,1,895,0.770223752151463,267,1021,0.878657487091222,0.9441340782122905,845,176,0.9441340782122905,0.6591760299625468,0.878657487091222,176,1004,5.704545454545454,0.006024096385542169,0.0034423407917383822,0.0025817555938037868,0.0008605851979345956,0.4805205593243804,0.24915829261961364,0.0,1.0,0.3649730029073792,0.2734102326103426,0.0,0.967741935483871,0.4721860722691403,0.27851147795866155,0.0,1.0,0.35674927315519867,0.2719097062924379,0.0,1.0,21,0.16566523605150216,4.844635193133048,14
311,1171,1761,15.106423064782671,70.63023057216054,11,5,3,2,859,0.7373390557939914,306,1008,0.8652360515021459,0.919674039580908,790,218,0.919674039580908,0.7124183006535948,0.8652360515021459,178,993,5.578651685393258,0.00944206008583691,0.004291845493562232,0.002575107296137339,0.0017167381974248926,0.4816947191537423,0.24959175623207083,0.0,1.0,0.3636263463816424,0.2722932365860458,0.0,0.967741935483871,0.4712817828709953,0.2775562399331863,0.0,1.0,0.35574777554337345,0.2720123838548236,0.0,1.0,21,0.1690862510674637,4.850555081127242,14
312,1180,1761,15.011949434830388,70.31186440677966,16,7,4,3,923,0.7882152006831767,248,1016,0.8676345004269855,0.9014084507042254,832,184,0.9014084507042254,0.7419354838709677,0.8676345004269855,167,983,5.88622754491018,0.013663535439795047,0.005977796754910333,0.0034158838599487617,0.0025619128949615714,0.48141060688901033,0.24883569084464446,0.0,1.0,0.363531984691088,0.2727089737986312,0.0,0.967741935483871,0.4690814652815746,0.27734649642496906,0.0,1.0,0.35636960087479497,0.27183616984714504,0.0,1.0,21,0.16779661016949152,4.864406779661017,14
313,1181,1761,15.060600120725432,70.43776460626587,10,9,3,6,901,0.7635593220338983,279,1040,0.8813559322033898,0.9223085460599334,831,209,0.9223085460599334,0.7491039426523297,0.8813559322033898,177,1017,5.745762711864407,0.00847457627118644,0.007627118644067797,0.002542372881355932,0.005084745762711864,0.480839092076152,0.24930252356245589,0.0,1.0,0.3640162792603316,0.27269061342084167,0.0,0.967741935483871,0.4706235830761246,0.27779873982486397,0.0,1.0,0.3553849935811641,0.2715723715544781,0.0,1.0,21,0.1676545300592718,4.880609652836579,14
314,1188,1767,15.007848137247054,70.41245791245791,11,4,3,1,890,0.7535986452159187,291,1050,0.8890770533446232,0.9359550561797753,833,217,0.9359550561797753,0.7457044673539519,0.8890770533446232,175,1031,5.8914285714285715,0.009314140558848433,0.003386960203217612,0.002540220152413209,0.000846740050804403,0.4796350602802215,0.2490192719139838,0.0,1.0,0.3651026392961877,0.27278872558601075,0.0,0.967741935483871,0.47140762463343105,0.2778691959391044,0.0,1.0,0.35429564461822527,0.27132047764269096,0.0,1.0,21,0.17003367003367004,4.898989898989899,14
315,1192,1772,15.044630899990795,70.8238255033557,6,2,2,0,871,0.7331649831649831,317,1060,0.8922558922558923,0.9242250287026407,805,255,0.9242250287026407,0.804416403785489,0.8922558922558923,178,1043,5.859550561797753,0.005050505050505051,0.0016835016835016834,0.0016835016835016834,0.0,0.4794598397921628,0.24912937145866929,0.0,1.0,0.36439164321281664,0.2725913453006188,0.0,0.967741935483871,0.47071877029660103,0.27815398289363014,0.0,1.0,0.35410803204156743,0.27130076949426163,0.0,1.0,21,0.17114093959731544,4.900167785234899,14
316,1194,1778,15.132430932366908,71.5251256281407,3,1,1,0,873,0.7323825503355704,319,1058,0.8875838926174496,0.9358533791523482,817,241,0.9358533791523482,0.7554858934169278,0.8875838926174496,178,1042,5.853932584269663,0.0025167785234899327,0.0008389261744966443,0.0008389261744966443,0.0,0.47981844707408006,0.2490019256178194,0.0,1.0,0.3644837088669152,0.2724681965612009,0.0,0.967741935483871,0.4700383638623224,0.2783166975316888,0.0,1.0,0.35443345761063383,0.2713183661768966,0.0,1.0,21,0.1708542713567839,4.899497487437186,14
317,1197,1783,15.120073167737843,71.67669172932331,8,5,4,1,923,0.7730318257956449,271,1068,0.8944723618090452,0.9284940411700975,857,211,0.9284940411700975,0.7785977859778598,0.8944723618090452,182,1055,5.7967032967032965,0.006700167504187605,0.0041876046901172526,0.0033500837520938024,0.0008375209380234506,0.4800711456059503,0.2482405151643578,0.0,1.0,0.3652680087315062,0.2719278024705236,0.0,0.967741935483871,0.46894117012962516,0.27801953823119957,0.0,1.0,0.3553237933543536,0.27142198169207027,0.0,1.0,21,0.17126148705096073,4.901420217209691,14
318,1203,1790,15.095438632951778,71.71321695760598,9,3,3,0,871,0.7276524644945698,326,1023,0.8546365914786967,0.9138920780711826,796,227,0.9138920780711826,0.696319018404908,0.8546365914786967,169,999,5.911242603550296,0.007518796992481203,0.002506265664160401,0.002506265664160401,0.0,0.48068002037915963,0.2479363379328356,0.0,1.0,0.3656986565843456,0.27195389832947814,0.0,0.967741935483871,0.4684793392861932,0.2780270728488247,0.0,1.0,0.3548387096774194,0.27126815524176423,0.0,1.0,21,0.17290108063175394,4.912718204488778,14
319,1207,1792,15.103340584722499,71.76470588235294,9,5,4,1,883,0.7339983374896093,320,1066,0.8861180382377389,0.9207248018120046,813,253,0.9207248018120046,0.790625,0.8861180382377389,178,1046,5.876404494382022,0.007481296758104738,0.004156275976724855,0.0033250207813798837,0.0008312551953449709,0.48055696608493464,0.24769931001123327,0.0,1.0,0.3646470855493492,0.27161521285324913,0.0,0.967741935483871,0.46879760536654463,0.27813743911584315,0.0,1.0,0.35620172648796,0.2713126117779785,0.0,1.0,21,0.17232808616404308,4.900579950289975,14
320,1213,1799,15.087785841013797,72.19868095630667,9,3,1,2,947,0.7845898922949461,260,1072,0.8881524440762221,0.928194297782471,879,193,0.928194297782471,0.7423076923076923,0.8881524440762221,171,1050,6.140350877192983,0.007456503728251864,0.0024855012427506215,0.0008285004142502071,0.0016570008285004142,0.4805733585086296,0.24733589900747577,0.0,1.0,0.3662207802568944,0.27149230419966164,0.0,0.967741935483871,0.46724995346116,0.2783724408497948,0.0,1.0,0.3576044464537404,0.2718619070045452,0.0,1.0,21,0.17230008244023085,4.902720527617477,14
321,1217,1799,15.085714561345178,72.3253903040263,10,6,3,3,932,0.7683429513602638,281,1076,0.8870568837592745,0.9259656652360515,863,213,0.9259656652360515,0.7580071174377224,0.8870568837592745,182,1058,5.813186813186813,0.008244023083264633,0.00494641384995878,0.00247320692497939,0.00247320692497939,0.48074323428844057,0.24766768270861242,0.0,1.0,0.3670315689029077,0.2711737334148052,0.0,0.967741935483871,0.46698650833620486,0.27832135371943106,0.0,1.0,0.35756884989530047,0.27164652793440525,0.0,1.0,21,0.17337715694330322,4.90468364831553,14
322,1221,1805,15.0814569503154,72.6085176085176,8,4,3,1,902,0.7411668036154478,315,1055,0.866885784716516,0.9168514412416852,827,228,0.9168514412416852,0.7238095238095238,0.866885784716516,177,1038,5.864406779661017,0.00657354149548069,0.003286770747740345,0.0024650780608052587,0.0008216926869350862,0.48014583498454466,0.2475719521195551,0.0,1.0,0.3673614963937545,0.27060616875227145,0.0,0.967741935483871,0.46712108002430586,0.27836337465944605,0.0,1.0,0.35732213151567993,0.2714909119629373,0.0,1.0,21,0.17117117117117117,4.914823914823915,14
323,1226,1809,15.07689389639951,72.93964110929853,8,3,2,1,923,0.7559377559377559,298,1086,0.8894348894348895,0.9263271939328277,855,231,0.9263271939328277,0.7751677852348994,0.8894348894348895,174,1064,6.114942528735632,0.006552006552006552,0.002457002457002457,0.001638001638001638,0.000819000819000819,0.47845077093090566,0.24731497000546032,0.0,1.0,0.36809977371993896,0.2705857176497268,0.0,0.967741935483871,0.46829447981897593,0.27853867652284037,0.0,1.0,0.3566015892227543,0.27141025944641417,0.0,1.0,21,0.16965742251223492,4.927406199021207,14
324,1229,1817,15.032506271543314,72.88039056143207,9,6,5,1,900,0.734094616639478,326,1062,0.866231647634584,0.9255555555555556,833,229,0.9255555555555556,0.7024539877300614,0.866231647634584,170,1040,6.117647058823529,0.00734094616639478,0.004893964110929853,0.004078303425774877,0.0008156606851549756,0.47725662090868526,0.24673675164960326,0.0,1.0,0.36678128034856555,0.27052728685620114,0.0,0.967741935483871,0.46723011102653617,0.27791958932246147,0.0,1.0,0.3563348119373212,0.27034539548820863,0.0,1.0,21,0.17005695687550854,4.927583401139137,14
325,1234,1828,14.99951152580469,73.1677471636953,8,3,2,1,927,0.7542717656631408,302,1055,0.8584214808787632,0.9223300970873787,855,200,0.9223300970873787,0.6622516556291391,0.8584214808787632,164,1030,6.280487804878049,0.006509357200976403,0.0024410089503661514,0.0016273393002441008,0.0008136696501220504,0.4762900611700737,0.24712775460832298,0.0,1.0,0.3685366236210592,0.2710462332290622,0.0,0.967741935483871,0.46653944685523085,0.27773551984665573,0.0,1.0,0.35692999424896743,0.27038793164981806,0.0,1.0,21,0.1693679092382496,4.932739059967585,14
326,1238,1829,14.994530705032117,73.38852988691438,7,3,3,0,980,0.7941653160453809,254,1093,0.8857374392220422,0.9204081632653062,902,191,0.9204081632653062,0.7519685039370079,0.8857374392220422,175,1069,6.1085714285714285,0.005672609400324149,0.0024311183144246355,0.0024311183144246355,0.0,0.4765751211631664,0.2471040523323159,0.0,1.0,0.3667726301526916,0.2711495841757716,0.0,0.967741935483871,0.46659544530720726,0.2780722075356066,0.0,1.0,0.35809578404294123,0.2704757855131987,0.0,1.0,21,0.16962843295638125,4.924071082390953,14
327,1240,1835,15.035501529846087,73.88387096774194,4,2,2,0,937,0.7568659127625202,301,1103,0.8909531502423264,0.9338313767342583,875,228,0.9338313767342583,0.7574750830564784,0.8909531502423264,176,1085,6.1647727272727275,0.0032310177705977385,0.0016155088852988692,0.0016155088852988692,0.0,0.4762747138397503,0.2471774107987658,0.0,1.0,0.36716961498439127,0.2713614058511796,0.0,0.967741935483871,0.46651925078043704,0.27817429064820753,0.0,1.0,0.35866285119667013,0.27047049010040425,0.0,1.0,21,0.17096774193548386,4.917741935483871,14
328,1251,1840,14.906378779363662,73.69304556354916,15,4,3,1,942,0.7596774193548387,298,1085,0.875,0.9278131634819533,874,211,0.9278131634819533,0.7080536912751678,0.875,175,1065,6.085714285714285,0.012096774193548387,0.0032258064516129032,0.0024193548387096775,0.0008064516129032258,0.47567107604239184,0.24677675183868525,0.0,1.0,0.3691498414171888,0.27131473351030744,0.0,0.967741935483871,0.4662334648410304,0.27812913768696335,0.0,1.0,0.3578298651401459,0.2697041819297918,0.0,1.0,21,0.17026378896882494,4.937649880095924,14
329,1251,1847,14.918532136445295,73.99200639488409,6,6,4,2,942,0.7529976019184652,309,1092,0.8729016786570744,0.9394904458598726,885,207,0.9394904458598726,0.6699029126213593,0.8729016786570744,174,1073,6.166666666666667,0.004796163069544364,0.004796163069544364,0.0031974420463629096,0.0015987210231814548,0.4746396431242103,0.24731948077832405,0.0,1.0,0.3686599107810526,0.27185618323119515,0.0,0.967741935483871,0.4669812537067121,0.27864312288418036,0.0,1.0,0.35801036590082774,0.26933948872048213,0.0,1.0,21,0.16946442845723422,4.9352517985611515,14
330,1253,1846,14.938464752497145,74.11811652035115,7,5,5,0,947,0.7569944044764189,304,1118,0.8936850519584333,0.9303062302006336,881,237,0.9303062302006336,0.7796052631578947,0.8936850519584333,173,1090,6.300578034682081,0.005595523581135092,0.003996802557953637,0.003996802557953637,0.0,0.4749633138532039,0.24715378516584202,0.0,1.0,0.3683289138326082,0.2716490961060243,0.0,0.967741935483871,0.4665190639240017,0.2792804524728586,0.0,1.0,0.3580825373941251,0.2692084044285081,0.0,1.0,21,0.1707901037509976,4.930566640063847,14
331,1259,1846,14.922297252759629,74.52660841938047,9,3,1,2,981,0.7829209896249002,272,1089,0.8691141260973663,0.9164118246687054,899,190,0.9164118246687054,0.6985294117647058,0.8691141260973663,170,1059,6.229411764705882,0.007182761372705506,0.0023942537909018356,0.0007980845969672786,0.0015961691939345571,0.47620999769402234,0.24745343500866027,0.0,1.0,0.36764969637961514,0.2715776967575115,0.0,0.967741935483871,0.46557687873119985,0.2790434413635495,0.0,1.0,0.3581439442465859,0.26944251428955174,0.0,1.0,21,0.17077045274027006,4.943606036536934,14
332,1262,1846,14.90096363453642,74.71236133122028,10,7,4,3,975,0.7744241461477362,284,1119,0.8888006354249405,0.9251282051282051,902,217,0.9251282051282051,0.7640845070422535,0.8888006354249405,172,1091,6.343023255813954,0.007942811755361398,0.005559968228752979,0.003177124702144559,0.0023828435266084196,0.47615152599560345,0.24716871409321106,0.0,1.0,0.3672102653238587,0.27149314718455547,0.0,0.967741935483871,0.46549256172997294,0.27883918114974715,0.0,1.0,0.35849394202750373,0.26938392066529393,0.0,1.0,21,0.16957210776545167,4.960380348652932,14
333,1267,1846,14.944053754368555,75.39463299131808,6,1,0,1,925,0.7329635499207607,337,1132,0.8969889064976229,0.9448648648648649,874,258,0.9448648648648649,0.7655786350148368,0.8969889064976229,178,1110,6.235955056179775,0.004754358161648178,0.000792393026941363,0.0,0.000792393026941363,0.47681849428418666,0.24711414901838927,0.0,1.0,0.36713598289075033,0.27119399000339506,0.0,0.967741935483871,0.4646994424217735,0.278839947593276,0.0,1.0,0.35855589785370573,0.26974601428786565,0.0,1.0,21,0.1696921862667719,4.966061562746646,14
334,1272,1847,14.877576510250854,75.5125786163522,10,5,4,1,989,0.7805840568271507,278,1117,0.8816101026045777,0.9393326592517695,929,188,0.9393326592517695,0.6762589928057554,0.8816101026045777,179,1097,6.128491620111732,0.007892659826361484,0.003946329913180742,0.0031570639305445935,0.0007892659826361484,0.4767194157029823,0.2474311259035794,0.0,1.0,0.36551531750862243,0.27098787770806304,0.0,0.967741935483871,0.4637857577601948,0.2789335090137254,0.0,1.0,0.35846520592412257,0.2696703702160956,0.0,1.0,21,0.16981132075471697,4.966981132075472,14
335,1282,1847,14.799528238412552,75.72464898595943,12,2,1,1,1000,0.7861635220125787,272,1091,0.8577044025157232,0.918,918,173,0.918,0.6360294117647058,0.8577044025157232,167,1058,6.335329341317365,0.009433962264150943,0.0015723270440251573,0.0007861635220125787,0.0007861635220125787,0.4776307181319511,0.24747409426626638,0.0,1.0,0.3656836596044487,0.27114468987070456,0.0,0.967741935483871,0.46442051230436315,0.2796373352019653,0.0,1.0,0.35899048865180416,0.2699621454515556,0.0,1.0,21,0.17082683307332294,4.971138845553822,14
336,1280,1845,14.866632106873586,76.20390625,8,10,3,7,967,0.7542901716068643,315,1104,0.8611544461778471,0.9141675284384695,884,220,0.9141675284384695,0.6984126984126984,0.8611544461778471,171,1073,6.2748538011695905,0.0062402496099844,0.0078003120124804995,0.00234009360374415,0.00546021840873635,0.4771673387096774,0.2478391294661326,0.0,1.0,0.36645665322580645,0.2714925193443144,0.0,0.967741935483871,0.4646421370967742,0.28001728705965395,0.0,1.0,0.36076108870967744,0.2703415615881429,0.0,1.0,21,0.171875,4.95703125,14
337,1287,1848,14.810603516210131,76.63247863247864,8,1,1,0,992,0.775,288,1080,0.84375,0.907258064516129,900,180,0.907258064516129,0.625,0.84375,169,1052,6.224852071005917,0.00625,0.00078125,0.00078125,0.0,0.4772288643256385,0.24793455457744987,0.0,1.0,0.36661904403839884,0.27148590426200486,0.0,0.967741935483871,0.4642454319873675,0.2806359410906732,0.0,1.0,0.3613304258465549,0.2709500738580344,0.0,1.0,21,0.17249417249417248,4.958041958041958,14
338,1297,1850,14.72333563830284,76.72089437162683,12,2,2,0,957,0.7435897435897436,330,1125,0.8741258741258742,0.9195402298850575,880,245,0.9195402298850575,0.7424242424242424,0.8741258741258742,180,1107,6.15,0.009324009324009324,0.001554001554001554,0.001554001554001554,0.0,0.4773298181908623,0.24751756674414802,0.0,1.0,0.3661800184047554,0.27104376526491064,0.0,0.967741935483871,0.4646205884547467,0.2808968722327446,0.0,1.0,0.3596388688536822,0.27069811053952686,0.0,1.0,21,0.17347725520431764,4.963762528912876,14
339,1300,1853,14.721316099252972,77.09076923076923,7,4,3,1,914,0.7047031611410949,383,1125,0.8673862760215882,0.9146608315098468,836,289,0.9146608315098468,0.7545691906005222,0.8673862760215882,168,1096,6.523809523809524,0.005397070161912105,0.0030840400925212026,0.002313030069390902,0.0007710100231303007,0.4764516129032258,0.2471388019898361,0.0,1.0,0.3671960297766749,0.27143293946128927,0.0,0.967741935483871,0.46570719602977667,0.2811905765000334,0.0,1.0,0.3587593052109181,0.27014645257291586,0.0,1.0,21,0.17384615384615384,4.97,14
340,1304,1848,14.689563723904788,77.07361963190183,11,7,5,2,937,0.7207692307692307,363,1125,0.8653846153846154,0.9092849519743863,852,273,0.9092849519743863,0.7520661157024794,0.8653846153846154,171,1091,6.380116959064328,0.008461538461538461,0.005384615384615384,0.0038461538461538464,0.0015384615384615385,0.4768701761329903,0.2470492957909526,0.0,1.0,0.36594597268949136,0.27110929636340875,0.0,0.967741935483871,0.4661587175935088,0.28158348455280335,0.0,1.0,0.359266772214526,0.27050231419157517,0.0,1.0,21,0.174079754601227,4.983128834355829,14
341,1309,1847,14.696173488137392,77.6829640947288,7,2,0,2,994,0.7622699386503068,310,1153,0.88420245398773,0.9356136820925554,930,223,0.9356136820925554,0.7193548387096774,0.88420245398773,176,1128,6.409090909090909,0.005368098159509203,0.0015337423312883436,0.0,0.0015337423312883436,0.47684763054782026,0.24658244309586744,0.0,1.0,0.3667414179748146,0.27094682476843424,0.0,0.967741935483871,0.4652652849996303,0.2818849600323397,0.0,1.0,0.35892949555188647,0.2703272993171466,0.0,1.0,21,0.173414820473644,4.988540870893812,14
342,1310,1849,14.728075775964147,78.30687022900763,5,4,2,2,971,0.7417876241405653,338,1160,0.8861726508785333,0.9207003089598352,894,266,0.9207003089598352,0.7869822485207101,0.8861726508785333,174,1136,6.528735632183908,0.0038197097020626434,0.0030557677616501145,0.0015278838808250573,0.0015278838808250573,0.4760157596651072,0.24674980098961533,0.0,1.0,0.366412213740458,0.2705772418155612,0.0,0.967741935483871,0.4649839940901256,0.2813547291494824,0.0,1.0,0.35872937700073876,0.2700829580786346,0.0,1.0,21,0.1732824427480916,4.99236641221374,14
343,1310,1852,14.71134084055378,78.34580152671755,10,10,5,5,952,0.7267175572519083,358,1147,0.8755725190839695,0.9138655462184874,870,277,0.9138655462184874,0.7737430167597765,0.8755725190839695,171,1121,6.555555555555555,0.007633587786259542,0.007633587786259542,0.003816793893129771,0.003816793893129771,0.47527702536321104,0.24642880219705457,0.0,1.0,0.3661905934498892,0.27030025641426925,0.0,0.967741935483871,0.46456537798571784,0.2822551404450712,0.0,1.0,0.3601083476976114,0.27037411262007754,0.0,1.0,21,0.17022900763358778,4.995419847328244,14
344,1315,1852,14.681969485584762,78.83041825095057,10,5,1,4,1029,0.7854961832061069,281,1153,0.8801526717557252,0.9319727891156463,959,194,0.9319727891156463,0.6903914590747331,0.8801526717557252,179,1132,6.324022346368715,0.007633587786259542,0.003816793893129771,0.0007633587786259542,0.0030534351145038168,0.47513798601741686,0.2464445470407826,0.0,1.0,0.36582852937568994,0.27063019367370333,0.0,0.967741935483871,0.46390285784373847,0.28134605822636627,0.0,1.0,0.360063780203606,0.2705587301367448,0.0,1.0,21,0.1703422053231939,5.004562737642585,14
345,1315,1848,14.68551422559432,79.06083650190114,5,5,5,0,1001,0.7612167300380228,314,1142,0.8684410646387832,0.9200799200799201,921,221,0.9200799200799201,0.7038216560509554,0.8684410646387832,174,1112,6.390804597701149,0.0038022813688212928,0.0038022813688212928,0.0038022813688212928,0.0,0.4751870477124985,0.24626640390164423,0.0,1.0,0.36514166564454803,0.2707069111857595,0.0,0.967741935483871,0.46358395682570835,0.28182769580256084,0.0,1.0,0.3598675334232798,0.27047469324723933,0.0,1.0,21,0.17110266159695817,5.004562737642585,14
346,1312,1853,14.722196893109196,79.5952743902439,4,7,4,3,977,0.7429657794676806,338,1130,0.8593155893536122,0.9211873080859775,900,230,0.9211873080859775,0.6804733727810651,0.8593155893536122,179,1114,6.223463687150838,0.003041825095057034,0.00532319391634981,0.003041825095057034,0.0022813688212927757,0.4762244295830055,0.24635241573586733,0.0,1.0,0.36521439811172307,0.27058629575416776,0.0,0.967741935483871,0.4628491345397325,0.28167836434401383,0.0,1.0,0.36034618410700237,0.27071448948121574,0.0,1.0,21,0.1714939024390244,5.002286585365853,14
347,1318,1859,14.640897010559847,80.01972685887709,9,3,1,2,1043,0.7949695121951219,269,1135,0.8650914634146342,0.9146692233940557,954,181,0.9146692233940557,0.6728624535315985,0.8650914634146342,177,1118,6.31638418079096,0.006859756097560976,0.0022865853658536584,0.0007621951219512195,0.001524390243902439,0.4763326643496989,0.24615814085059226,0.0,1.0,0.36602378971070537,0.27078478915354093,0.0,0.967741935483871,0.4625777081599686,0.2819394939204896,0.0,1.0,0.359170786626854,0.2703597735227353,0.0,1.0,21,0.17071320182094082,5.019726858877086,14
348,1322,1855,14.657478441730962,80.57413010590015,8,4,1,3,990,0.7511380880121397,328,1155,0.8763277693474962,0.9292929292929293,920,235,0.9292929292929293,0.7164634146341463,0.8763277693474962,180,1131,6.283333333333333,0.006069802731411229,0.0030349013657056147,0.0007587253414264037,0.002276176024279211,0.47564784539553945,0.24615837440355257,0.0,1.0,0.3665511688058172,0.27069367152396595,0.0,0.967741935483871,0.4633253623542043,0.282168943184174,0.0,1.0,0.35932848567663855,0.2706452109032218,0.0,1.0,21,0.16944024205748864,5.0257186081694405,14
349,1328,1859,14.580637367333576,80.85918674698796,10,4,2,2,1019,0.7708018154311649,303,1157,0.8751891074130106,0.9254170755642787,943,214,0.9254170755642787,0.7062706270627063,0.8751891074130106,177,1138,6.429378531073446,0.007564296520423601,0.0030257186081694403,0.0015128593040847202,0.0015128593040847202,0.4770452778857365,0.24618871429660055,0.0,1.0,0.36545375048581424,0.2700429984515325,0.0,0.967741935483871,0.46247085114652153,0.28225187575201666,0.0,1.0,0.3590652934317917,0.27127918069539253,0.0,1.0,21,0.1694277108433735,5.031626506024097,14
350,1329,1859,14.594499599824333,81.48532731376976,5,4,2,2,1028,0.7740963855421686,300,1174,0.8840361445783133,0.9250972762645915,951,223,0.9250972762645915,0.7433333333333333,0.8840361445783133,183,1157,6.3224043715847,0.0037650602409638554,0.0030120481927710845,0.0015060240963855422,0.0015060240963855422,0.4769775965436054,0.24608298136156498,0.0,1.0,0.3653729459452899,0.2698588121914326,0.0,0.967741935483871,0.4619772324570985,0.28207803723550257,0.0,1.0,0.3589407509891017,0.2713882381280575,0.0,1.0,21,0.16854778028592926,5.038374717832957,14
351,1332,1859,14.553852853164472,82.00150150150151,7,4,2,2,1062,0.7990970654627539,267,1169,0.8796087283671934,0.928436911487759,986,183,0.928436911487759,0.6853932584269663,0.8796087283671934,176,1145,6.505681818181818,0.005267118133935289,0.0030097817908201654,0.0015048908954100827,0.0015048908954100827,0.47692046885595274,0.24593891540572002,0.0,1.0,0.36539765572023636,0.26958809153220836,0.0,0.967741935483871,0.462801511188608,0.28256305294550865,0.0,1.0,0.35907681875423814,0.2716589238085546,0.0,1.0,21,0.16666666666666666,5.0525525525525525,14
352,1333,1860,14.53878143305925,82.35933983495875,6,5,3,2,1002,0.7522522522522522,330,1151,0.8641141141141141,0.9111776447105788,913,238,0.9111776447105788,0.7212121212121212,0.8641141141141141,174,1126,6.471264367816092,0.0045045045045045045,0.0037537537537537537,0.0022522522522522522,0.0015015015015015015,0.4764416910679283,0.24563879216726892,0.0,1.0,0.3643007526075067,0.26932037465049163,0.0,0.967741935483871,0.4643660915228807,0.28312355152922747,0.0,1.0,0.3576216634803862,0.27140327100785516,0.0,1.0,21,0.16729182295573894,5.061515378844711,14
353,1339,1852,14.494217489510408,82.71247199402539,10,4,2,2,1034,0.7756939234808702,299,1174,0.8807201800450113,0.9342359767891683,966,208,0.9342359767891683,0.6956521739130435,0.8807201800450113,177,1143,6.4576271186440675,0.007501875468867217,0.003000750187546887,0.0015003750937734434,0.0015003750937734434,0.47719771615794165,0.24529606359275227,0.0,1.0,0.36394516851767084,0.26905874853802036,0.0,0.967741935483871,0.4639475776337662,0.2828288423941521,0.0,1.0,0.3567900937146161,0.2712461673868671,0.0,1.0,21,0.1672890216579537,5.075429424943988,14
354,1345,1853,14.448197739903522,83.28029739776952,8,2,0,2,1058,0.7901418969380134,281,1164,0.8693054518297236,0.9158790170132325,969,195,0.9158790170132325,0.693950177935943,0.8693054518297236,179,1144,6.391061452513966,0.00597460791635549,0.0014936519790888724,0.0,0.0014936519790888724,0.4770116320901787,0.2449371061920638,0.0,1.0,0.36296918095694924,0.26957131493980546,0.0,0.967741935483871,0.46444417795898785,0.2829638523902185,0.0,1.0,0.35723707878642524,0.27128357876735865,0.0,1.0,21,0.1657992565055762,5.079553903345725,14
355,1345,1857,14.457197914970774,83.83494423791822,4,4,3,1,998,0.7420074349442379,347,1142,0.8490706319702602,0.908817635270541,907,235,0.908817635270541,0.6772334293948127,0.8490706319702602,173,1119,6.468208092485549,0.002973977695167286,0.002973977695167286,0.0022304832713754648,0.0007434944237918215,0.47693968101690853,0.24504087303777297,0.0,1.0,0.36323300155893995,0.26960197196363916,0.0,0.967741935483871,0.46408442259263705,0.2829621651361994,0.0,1.0,0.3575728504616861,0.2710521535879352,0.0,1.0,21,0.1657992565055762,5.084758364312267,14
356,1344,1860,14.453165985433094,84.41666666666667,5,6,3,3,1034,0.7687732342007435,311,1162,0.8639405204460967,0.9197292069632496,951,211,0.9197292069632496,0.6784565916398714,0.8639405204460967,173,1138,6.578034682080925,0.0037174721189591076,0.0044609665427509295,0.0022304832713754648,0.0022304832713754648,0.47707853302611364,0.24553361560870615,0.0,1.0,0.3617511520737327,0.26960084374682003,0.0,0.967741935483871,0.4645257296466974,0.28267009629210355,0.0,1.0,0.3575748847926267,0.27119578965529806,0.0,1.0,21,0.16517857142857142,5.083333333333333,14
357,1347,1859,14.451675521710772,85.01410541945063,8,5,1,4,998,0.7425595238095238,346,1164,0.8660714285714286,0.9158316633266533,914,250,0.9158316633266533,0.7225433526011561,0.8660714285714286,167,1130,6.766467065868263,0.005952380952380952,0.003720238095238095,0.000744047619047619,0.002976190476190476,0.476926024379146,0.24528548159273883,0.0,1.0,0.36144837991235,0.26935088102578425,0.0,0.967741935483871,0.46341930694254857,0.2826722338208889,0.0,1.0,0.3578322197475872,0.27154456203461036,0.0,1.0,21,0.16406829992576094,5.087602078693393,14
358,1347,1860,14.403574245468414,85.27988121752041,7,7,4,3,1027,0.7624350408314774,320,1156,0.858203414996288,0.9045764362220059,929,227,0.9045764362220059,0.709375,0.858203414996288,176,1133,6.4375,0.005196733481811433,0.005196733481811433,0.002969561989606533,0.0022271714922048997,0.4760159973178149,0.24548156105393307,0.0,1.0,0.3627655243432239,0.2694888220785729,0.0,0.967741935483871,0.4642335416816343,0.28282831373267986,0.0,1.0,0.35613190602773187,0.27047338346769634,0.0,1.0,21,0.1633259094283593,5.098737936154417,14
359,1353,1864,14.320387338234319,85.53436807095343,10,4,3,1,1008,0.7483296213808464,339,1151,0.8544914625092799,0.9176587301587301,925,226,0.9176587301587301,0.6666666666666666,0.8544914625092799,176,1131,6.426136363636363,0.007423904974016332,0.002969561989606533,0.0022271714922048997,0.0007423904974016332,0.47612235653148316,0.24581239565049537,0.0,1.0,0.362253534558806,0.26899907588654487,0.0,0.967741935483871,0.4630808478172758,0.28205218492579126,0.0,1.0,0.35660300884533774,0.27097664374819824,0.0,1.0,21,0.164079822616408,5.106430155210643,14
360,1357,1865,14.252814567613205,85.9572586588062,8,4,2,2,1067,0.7886178861788617,286,1179,0.8713968957871396,0.9203373945641987,982,197,0.9203373945641987,0.6888111888111889,0.8713968957871396,178,1158,6.50561797752809,0.005912786400591279,0.0029563932002956393,0.0014781966001478197,0.0014781966001478197,0.47555090688663326,0.24576641806576813,0.0,1.0,0.36282596809850953,0.26905200361237674,0.0,0.967741935483871,0.4631896736158984,0.28217235555204323,0.0,1.0,0.3560272897996054,0.2708067231326199,0.0,1.0,21,0.16359616801768606,5.115696389093589,14
361,1349,1871,14.245005504519993,86.36100815418828,6,14,7,7,1055,0.7774502579218865,302,1175,0.8658806190125277,0.9251184834123223,976,199,0.9251184834123223,0.6589403973509934,0.8658806190125277,172,1153,6.703488372093023,0.004421518054532056,0.010316875460574797,0.005158437730287398,0.005158437730287398,0.47487983930749184,0.24513762738335215,0.0,1.0,0.3628733350869222,0.2695704793934075,0.0,0.967741935483871,0.4633778904325785,0.2824817264383711,0.0,1.0,0.35636911451732467,0.2699717227939449,0.0,1.0,21,0.1608598962194218,5.115641215715344,14
362,1349,1875,14.25869830375718,87.02223869532988,4,4,2,2,1033,0.765752409191994,316,1163,0.8621200889547813,0.9167473378509197,947,216,0.9167473378509197,0.6835443037974683,0.8621200889547813,177,1144,6.463276836158192,0.0029651593773165306,0.0029651593773165306,0.0014825796886582653,0.0014825796886582653,0.47437767521939783,0.24496601994204423,0.0,1.0,0.36249073387694586,0.2696617177174324,0.0,0.967741935483871,0.46246921255888473,0.28279101103939785,0.0,1.0,0.3571104043616538,0.2698679082170919,0.0,1.0,21,0.16011860637509265,5.114899925871016,14
363,1351,1878,14.2648926228915,87.71650629163582,7,5,1,4,997,0.7390659747961453,352,1193,0.8843587842846553,0.9307923771313942,928,265,0.9307923771313942,0.7528409090909091,0.8843587842846553,177,1173,6.627118644067797,0.005189028910303929,0.0037064492216456633,0.0007412898443291327,0.0029651593773165306,0.4752513072753754,0.24504309711285382,0.0,1.0,0.3615481960793677,0.26931974435828127,0.0,0.967741935483871,0.4617129485924405,0.2823734981157121,0.0,1.0,0.3570354098517228,0.27042594878392245,0.0,1.0,21,0.15914137675795706,5.125092524056255,14
364,1351,1877,14.261871337132142,88.05033308660252,5,5,4,1,998,0.7387120651369357,353,1149,0.850481125092524,0.8997995991983968,898,251,0.8997995991983968,0.7110481586402266,0.850481125092524,179,1127,6.29608938547486,0.003700962250185048,0.003700962250185048,0.0029607698001480384,0.0007401924500370096,0.4763257801867195,0.245268599993502,0.0,1.0,0.36099902103579184,0.2689823149594182,0.0,0.967741935483871,0.4617368257682481,0.28216662558449257,0.0,1.0,0.35562665647907166,0.2702955529672003,0.0,1.0,21,0.16062176165803108,5.139896373056994,14
365,1353,1877,14.271073944733836,88.68810051736881,7,5,1,4,1009,0.7468541820873427,342,1138,0.8423390081421169,0.9266600594648167,935,203,0.9266600594648167,0.5935672514619883,0.8423390081421169,180,1118,6.211111111111111,0.0051813471502590676,0.003700962250185048,0.0007401924500370096,0.0029607698001480384,0.47669456166702434,0.24482029773661484,0.0,1.0,0.36101375676513364,0.2689503337896253,0.0,0.967741935483871,0.4626040102043249,0.2825070867742421,0.0,1.0,0.3562692225162721,0.2706463376758809,0.0,1.0,21,0.1589061345158906,5.146341463414634,14
366,1352,1877,14.298605850085591,89.24186390532545,7,8,3,5,980,0.7243163340724317,373,1156,0.8543976348854397,0.9091836734693878,891,265,0.9091836734693878,0.710455764075067,0.8543976348854397,177,1133,6.401129943502825,0.005173688100517369,0.005912786400591279,0.0022172949002217295,0.003695491500369549,0.4774050391296049,0.24477351726434896,0.0,1.0,0.3602309601068906,0.2689393368037599,0.0,0.967741935483871,0.4612282878411911,0.2827244735360908,0.0,1.0,0.35703378507348726,0.2709743027185144,0.0,1.0,21,0.15828402366863906,5.14792899408284,14
367,1355,1871,14.278194231091561,89.4649446494465,11,8,3,5,1001,0.7403846153846154,351,1174,0.8683431952662722,0.922077922077922,923,251,0.922077922077922,0.7150997150997151,0.8683431952662722,177,1145,6.468926553672317,0.008136094674556213,0.005917159763313609,0.0022189349112426036,0.0036982248520710057,0.47799071539102483,0.24480577237744258,0.0,1.0,0.36059992857993095,0.2685736330986638,0.0,0.967741935483871,0.4610403523390073,0.28304609655802127,0.0,1.0,0.35748125223187716,0.27221064306098636,0.0,1.0,21,0.15645756457564575,5.164575645756457,14
368,1362,1866,14.250903488009495,89.95521292217327,9,2,0,2,1022,0.7542435424354244,333,1177,0.8686346863468635,0.9197651663405088,940,237,0.9197651663405088,0.7117117117117117,0.8686346863468635,180,1152,6.4,0.006642066420664207,0.0014760147601476014,0.0,0.0014760147601476014,0.4787077826725404,0.24510516946907118,0.0,1.0,0.35900715266922456,0.2684672872620809,0.0,0.967741935483871,0.4613234806498982,0.28255085886492365,0.0,1.0,0.3573018805362133,0.2722382738190037,0.0,1.0,21,0.15859030837004406,5.16813509544787,14
369,1364,1861,14.257441676103262,90.50513196480938,8,6,1,5,1051,0.7716593245227606,311,1193,0.8759177679882526,0.928639391056137,976,217,0.928639391056137,0.6977491961414791,0.8759177679882526,176,1164,6.613636363636363,0.005873715124816446,0.004405286343612335,0.0007342143906020558,0.003671071953010279,0.47845520764355315,0.244703294771372,0.0,1.0,0.3589064421530603,0.2687094662626872,0.0,0.967741935483871,0.46114369501466274,0.28219411118958443,0.0,1.0,0.35734556806357015,0.27231568621175944,0.0,1.0,21,0.1590909090909091,5.172287390029325,14
370,1364,1855,14.30081294006225,91.13636363636364,6,6,2,4,994,0.7287390029325513,370,1134,0.8313782991202346,0.9104627766599598,905,229,0.9104627766599598,0.6189189189189189,0.8313782991202346,177,1105,6.242937853107344,0.004398826979472141,0.004398826979472141,0.001466275659824047,0.002932551319648094,0.47902279822154953,0.2445904677962,0.0,1.0,0.3595449815533062,0.2689785570494068,0.0,0.967741935483871,0.4600321634660865,0.28283834973813354,0.0,1.0,0.3568962255226563,0.27255047398087034,0.0,1.0,21,0.1590909090909091,5.176686217008798,14
371,1365,1856,14.238528410428774,91.3047619047619,8,7,4,3,1053,0.7719941348973607,311,1175,0.8614369501466276,0.9097815764482431,958,217,0.9097815764482431,0.6977491961414791,0.8614369501466276,178,1154,6.48314606741573,0.005865102639296188,0.005131964809384164,0.002932551319648094,0.0021994134897360706,0.4807042419945646,0.24461721474107248,0.0,1.0,0.36157390996100675,0.26930711992321243,0.0,0.967741935483871,0.46026231832683445,0.2831264658017278,0.0,1.0,0.35533498759305215,0.27227600223134835,0.0,1.0,21,0.16043956043956045,5.194139194139194,14
372,1368,1851,14.238305271355314,91.95029239766082,6,3,1,2,1053,0.7714285714285715,312,1192,0.8732600732600733,0.9192782526115859,968,224,0.9192782526115859,0.717948717948718,0.8732600732600733,179,1166,6.5139664804469275,0.004395604395604396,0.002197802197802198,0.0007326007326007326,0.0014652014652014652,0.48101773250330127,0.24492011973040967,0.0,1.0,0.36186568571967553,0.2694687700585353,0.0,0.967741935483871,0.46080928126768533,0.2830537143130033,0.0,1.0,0.3562771175249953,0.2729148362456349,0.0,1.0,21,0.1608187134502924,5.189327485380117,14
373,1364,1841,14.30741137292166,92.49486803519062,4,8,4,4,1055,0.7711988304093568,313,1177,0.8603801169590644,0.9127962085308057,963,214,0.9127962085308057,0.6837060702875399,0.8603801169590644,180,1147,6.372222222222222,0.0029239766081871343,0.005847953216374269,0.0029239766081871343,0.0029239766081871343,0.48051272348879004,0.24481342075415333,0.0,1.0,0.3632816195251159,0.2696267035994879,0.0,0.967741935483871,0.45922807681392486,0.28265069295716,0.0,1.0,0.35687257591523985,0.2730833552797236,0.0,1.0,21,0.1598240469208211,5.193548387096774,14
374,1359,1837,14.386413801832067,93.3944076526858,2,7,2,5,1071,0.7851906158357771,293,1183,0.8673020527859238,0.9140989729225023,979,204,0.9140989729225023,0.6962457337883959,0.8673020527859238,185,1164,6.291891891891892,0.001466275659824047,0.005131964809384164,0.001466275659824047,0.0036656891495601175,0.48040542144366116,0.24476193209765837,0.0,1.0,0.3637636782263999,0.26944734314191277,0.0,0.967741935483871,0.45849652258539253,0.28208395868935887,0.0,1.0,0.3569987419592205,0.27289074296209326,0.0,1.0,21,0.1604120676968359,5.194260485651214,14
375,1356,1830,14.453120571626915,93.94911504424779,4,7,4,3,992,0.7299484915378955,367,1150,0.8462104488594555,0.8981854838709677,891,259,0.8981854838709677,0.7057220708446866,0.8462104488594555,172,1115,6.482558139534884,0.0029433406916850625,0.0051508462104488595,0.0029433406916850625,0.002207505518763797,0.4814920544295366,0.2443619013401544,0.0,1.0,0.36437815206013896,0.2694128169743059,0.0,0.967741935483871,0.45760776477305165,0.28167894335580507,0.0,1.0,0.3564801598629746,0.27287285407960077,0.0,1.0,21,0.16150442477876106,5.205014749262537,14
376,1361,1822,14.417279984248832,94.27994121969141,9,4,2,2,1054,0.7772861356932154,302,1175,0.866519174041298,0.905123339658444,954,221,0.905123339658444,0.7317880794701986,0.866519174041298,175,1142,6.525714285714286,0.00663716814159292,0.0029498525073746312,0.0014749262536873156,0.0014749262536873156,0.48083714536275507,0.24435942439399355,0.0,1.0,0.36303951079614133,0.26874061210686906,0.0,0.967741935483871,0.4569694958640469,0.2811981769214164,0.0,1.0,0.35716147993647934,0.27296764969973586,0.0,1.0,21,0.1609110947832476,5.205731080088171,14
377,1363,1824,14.42148344661705,94.87600880410858,4,2,1,1,1000,0.7347538574577517,361,1174,0.8626010286554004,0.906,906,268,0.906,0.7423822714681441,0.8626010286554004,177,1153,6.5141242937853105,0.0029390154298310064,0.0014695077149155032,0.0007347538574577516,0.0007347538574577516,0.4807942631292453,0.24450758579851592,0.0,1.0,0.36219913378931673,0.2684779758087632,0.0,0.967741935483871,0.45648829668899255,0.28063889864036184,0.0,1.0,0.3569924029063025,0.27260769547677305,0.0,1.0,21,0.16140865737344093,5.204695524578137,14
378,1358,1826,14.43533775982436,95.4359351988218,4,9,5,4,1031,0.7564196625091709,332,1165,0.8547322083639032,0.903976721629486,932,233,0.903976721629486,0.7018072289156626,0.8547322083639032,179,1146,6.402234636871508,0.00293470286133529,0.006603081438004402,0.003668378576669112,0.00293470286133529,0.48080668915387903,0.24455836059369582,0.0,1.0,0.36158487339065987,0.2684764275420133,0.0,0.967741935483871,0.45748016532851915,0.2809604145791086,0.0,1.0,0.35745166041142096,0.27281175585104245,0.0,1.0,21,0.16126656848306334,5.20839469808542,14
379,1367,1824,14.330736087448187,95.50694952450621,11,2,2,0,1032,0.759941089837997,326,1178,0.8674521354933726,0.9156976744186046,945,233,0.9156976744186046,0.7147239263803681,0.8674521354933726,175,1151,6.577142857142857,0.008100147275405008,0.0014727540500736377,0.0014727540500736377,0.0,0.4807560705099464,0.24429243227678704,0.0,1.0,0.3622719871628478,0.2684656401812836,0.0,0.967741935483871,0.4561672605422753,0.2807068900073713,0.0,1.0,0.3573872619581377,0.27293263801899836,0.0,1.0,21,0.16093635698610095,5.223847841989759,14
380,1367,1818,14.305415544136538,95.76956839795172,7,7,5,2,1078,0.7885881492318947,289,1176,0.8602779809802488,0.9137291280148423,985,191,0.9137291280148423,0.6608996539792388,0.8602779809802488,176,1146,6.511363636363637,0.005120702267739576,0.005120702267739576,0.0036576444769568397,0.001463057790782736,0.4806144842721288,0.24451795016400918,0.0,1.0,0.36156405597375935,0.26821482469499897,0.0,0.967741935483871,0.4550581683460368,0.28029800160615004,0.0,1.0,0.3580951931472261,0.2736214967730507,0.0,1.0,21,0.16093635698610095,5.232626188734455,14
381,1369,1818,14.267537753707394,96.14755295836378,7,5,3,2,1020,0.7461594732991953,347,1186,0.8675932699341624,0.9186274509803921,937,249,0.9186274509803921,0.7175792507204611,0.8675932699341624,176,1162,6.6022727272727275,0.005120702267739576,0.0036576444769568397,0.0021945866861741038,0.001463057790782736,0.4801715403284715,0.24492795737072118,0.0,1.0,0.3607766441245081,0.2683589826328721,0.0,0.967741935483871,0.4554065835670021,0.2799651418126911,0.0,1.0,0.3584910106270176,0.2737929589954204,0.0,1.0,21,0.16070124178232287,5.2403214024835645,14
382,1371,1807,14.284841872777157,96.38876732312181,9,7,3,4,987,0.7209642074506939,382,1170,0.8546384222059897,0.9179331306990881,906,264,0.9179331306990881,0.6910994764397905,0.8546384222059897,181,1140,6.298342541436464,0.006574141709276844,0.005113221329437546,0.002191380569758948,0.0029218407596785976,0.4803651678784029,0.24475825443957236,0.0,1.0,0.3606032799228253,0.26818242469060205,0.0,0.967741935483871,0.45580103997552995,0.2797267088668155,0.0,1.0,0.3578974612362062,0.2735879432826998,0.0,1.0,21,0.16046681254558717,5.2458059810357405,14
383,1378,1801,14.223628465110481,96.53265602322206,12,5,2,3,1025,0.7476294675419402,346,1132,0.825674690007294,0.88,902,230,0.88,0.6647398843930635,0.825674690007294,171,1097,6.415204678362573,0.0087527352297593,0.0036469730123997084,0.0014587892049598833,0.002188183807439825,0.48000842736083155,0.24482217963939804,0.0,1.0,0.3607612715951121,0.26840972036238675,0.0,0.967741935483871,0.45449225150990213,0.27972773929031597,0.0,1.0,0.3582798820169483,0.2738446906431028,0.0,1.0,21,0.15892597968069666,5.2590711175616836,14
384,1381,1788,14.185044913926562,96.51339608979,10,7,5,2,1031,0.7481857764876633,347,1172,0.8505079825834543,0.8923375363724539,920,252,0.8923375363724539,0.7262247838616714,0.8505079825834543,181,1140,6.298342541436464,0.00725689404934688,0.0050798258345428155,0.00362844702467344,0.001451378809869376,0.4811380252738782,0.24473143645456277,0.0,1.0,0.3610520660577889,0.26765703597931495,0.0,0.967741935483871,0.453434864871178,0.2791911612124861,0.0,1.0,0.3582724066244657,0.2746412571627313,0.0,1.0,21,0.15930485155684287,5.291093410572049,14
385,1377,1782,14.222023651284465,97.16194625998547,2,6,5,1,1019,0.7378711078928313,362,1204,0.8718320057929037,0.9254170755642787,943,261,0.9254170755642787,0.7209944751381215,0.8718320057929037,173,1171,6.76878612716763,0.001448225923244026,0.004344677769732078,0.003620564808110065,0.000724112961622013,0.4812472181226134,0.24474692642560908,0.0,1.0,0.36095298334387516,0.2675555880981451,0.0,0.967741935483871,0.45299505704312787,0.27918914270665135,0.0,1.0,0.35776700166326986,0.2745177465300362,0.0,1.0,21,0.15904139433551198,5.300653594771242,14
386,1377,1772,14.197508159957122,97.32897603485839,9,9,6,3,1043,0.7574437182280319,334,1178,0.8554829339143064,0.9069990412272292,946,232,0.9069990412272292,0.6946107784431138,0.8554829339143064,178,1146,6.438202247191011,0.006535947712418301,0.006535947712418301,0.004357298474945534,0.002178649237472767,0.4812940707943871,0.24458063563473809,0.0,1.0,0.36144493639749803,0.2668297439661796,0.0,0.967741935483871,0.453697847119732,0.27992545065932684,0.0,1.0,0.3562442898306276,0.2744898494278769,0.0,1.0,21,0.15976761074800291,5.326071169208424,14
387,1382,1769,14.184420214371173,97.97322720694646,5,0,0,0,1048,0.7610748002904866,329,1162,0.8438634713144517,0.9017175572519084,945,217,0.9017175572519084,0.6595744680851063,0.8438634713144517,173,1132,6.543352601156069,0.0036310820624546117,0.0,0.0,0.0,0.481093319639606,0.24481158251492166,0.0,1.0,0.3618645254656645,0.26698925345601865,0.0,0.967741935483871,0.4530600812287008,0.27973906276958865,0.0,1.0,0.3565659866486159,0.27442760247839604,0.0,1.0,21,0.15918958031837915,5.328509406657019,14
388,1383,1756,14.212693024046528,98.49891540130152,6,5,2,3,1057,0.7648335745296672,325,1190,0.8610709117221418,0.9280983916745507,981,209,0.9280983916745507,0.6430769230769231,0.8610709117221418,184,1161,6.309782608695652,0.004341534008683068,0.00361794500723589,0.001447178002894356,0.002170767004341534,0.48153849742262034,0.24492284706526862,0.0,1.0,0.36279243346628415,0.26760708359542007,0.0,0.967741935483871,0.45317565833974766,0.2796332488567233,0.0,1.0,0.35635481538497427,0.2749337193103207,0.0,1.0,21,0.15835140997830802,5.3383947939262475,14
389,1387,1757,14.09605211589175,98.49603460706561,11,7,4,3,1092,0.789587852494577,291,1170,0.8459869848156182,0.9029304029304029,986,184,0.9029304029304029,0.6323024054982818,0.8459869848156182,179,1150,6.424581005586592,0.007953723788864787,0.005061460592913955,0.0028922631959508315,0.0021691973969631237,0.4825918087308417,0.24471976501246848,0.0,1.0,0.3627694955462009,0.26742052887739537,0.0,0.967741935483871,0.45305486429285763,0.27881226226240585,0.0,1.0,0.3550945414796381,0.2751279487281952,0.0,1.0,21,0.15861571737563085,5.366979091564528,14
390,1390,1752,14.058848897209717,98.69568345323741,8,5,3,2,1049,0.756308579668349,338,1175,0.8471521268925739,0.9046711153479504,949,226,0.9046711153479504,0.6686390532544378,0.8471521268925739,171,1141,6.6725146198830405,0.005767844268204758,0.003604902667627974,0.0021629416005767843,0.0014419610670511895,0.48275702019029937,0.24430776666878112,0.0,1.0,0.36395915525644,0.26781292570558124,0.0,0.967741935483871,0.45184497563239734,0.2781409818966988,0.0,1.0,0.3548387096774194,0.27528416739903167,0.0,1.0,21,0.15827338129496402,5.374820143884892,14
391,1391,1755,14.006533852399079,99.10711718188354,5,4,3,1,1069,0.7690647482014389,321,1183,0.8510791366906475,0.8933582787652011,955,228,0.8933582787652011,0.7102803738317757,0.8510791366906475,172,1158,6.732558139534884,0.0035971223021582736,0.0028776978417266188,0.002158273381294964,0.0007194244604316547,0.4826650587880615,0.24416435192836436,0.0,1.0,0.3640453607291111,0.26778622263502827,0.0,0.967741935483871,0.4511954732033116,0.27807305328945253,0.0,1.0,0.35416618353006657,0.2756203461744051,0.0,1.0,21,0.1588785046728972,5.384615384615385,14
392,1388,1749,13.995714609207756,99.414265129683,7,10,6,4,1075,0.7728253055355859,316,1185,0.8519051042415529,0.9172093023255814,986,199,0.9172093023255814,0.629746835443038,0.8519051042415529,175,1154,6.594285714285714,0.0050323508267433505,0.007189072609633357,0.004313443565780014,0.002875629043853343,0.482476526912708,0.24393891196720083,0.0,1.0,0.36457655480152457,0.26755033450078913,0.0,0.967741935483871,0.45082272008924423,0.2781974845864319,0.0,1.0,0.3536301942920889,0.2753109962404229,0.0,1.0,21,0.15778097982708933,5.3962536023054755,14
393,1382,1749,13.994147010811353,99.59117221418235,7,13,6,7,1058,0.7622478386167147,330,1149,0.8278097982708934,0.8818525519848771,933,216,0.8818525519848771,0.6545454545454545,0.8278097982708934,177,1126,6.361581920903955,0.005043227665706052,0.009365994236311239,0.004322766570605188,0.005043227665706052,0.482890621352878,0.2439735262318932,0.0,1.0,0.3643854161803837,0.2672887496197527,0.0,0.967741935483871,0.4515662200644228,0.27835588452582094,0.0,1.0,0.35304140796414735,0.2757642080894986,0.0,1.0,21,0.15701881331403764,5.413169319826339,14
394,1381,1748,13.989277936757817,99.81969587255612,7,8,4,4,1028,0.743849493487699,354,1158,0.8379160636758322,0.9036964980544747,929,229,0.9036964980544747,0.6468926553672316,0.8379160636758322,179,1136,6.346368715083799,0.005065123010130246,0.005788712011577424,0.002894356005788712,0.002894356005788712,0.48267968512765413,0.24424144814509735,0.0,1.0,0.3635514236995165,0.26725344516747523,0.0,0.967741935483871,0.4508420732989185,0.27836762510762003,0.0,1.0,0.3531802574104786,0.2760069028019848,0.0,1.0,21,0.15785662563359884,5.417813178855901,14
395,1382,1740,13.98772454132704,100.34081041968162,5,4,3,1,1031,0.7465604634322954,350,1134,0.8211440984793628,0.8962172647914646,924,210,0.8962172647914646,0.6,0.8211440984793628,176,1102,6.261363636363637,0.003620564808110065,0.002896451846488052,0.002172338884866039,0.000724112961622013,0.4832174034825638,0.2445602952992467,0.0,1.0,0.3634284113720181,0.26696466973464544,0.0,0.967741935483871,0.4503757994491387,0.27835990188027226,0.0,1.0,0.3525745763503104,0.27656780606705933,0.0,1.0,21,0.1577424023154848,5.431982633863965,14
396,1384,1734,13.934018143578733,100.46387283236994,10,8,5,3,1031,0.7460202604920405,351,1174,0.849493487698987,0.9127061105722599,941,233,0.9127061105722599,0.6638176638176638,0.849493487698987,176,1144,6.5,0.00723589001447178,0.005788712011577424,0.00361794500723589,0.002170767004341534,0.48382435204176766,0.2442366741234481,0.0,1.0,0.36332276710796196,0.2669411183905393,0.0,0.967741935483871,0.45012120082043633,0.2778937794902416,0.0,1.0,0.351878612716763,0.27654624846787895,0.0,1.0,21,0.15823699421965318,5.441473988439307,14
397,1384,1723,13.913601981960408,100.45664739884393,8,8,7,1,1017,0.7348265895953757,367,1182,0.8540462427745664,0.9154375614552606,931,251,0.9154375614552606,0.6839237057220708,0.8540462427745664,177,1148,6.4858757062146895,0.005780346820809248,0.005780346820809248,0.0050578034682080926,0.000722543352601156,0.48370781279134817,0.2446626155726712,0.0,1.0,0.36322953570762634,0.266512781907914,0.0,0.967741935483871,0.4498648144695133,0.2782775662691531,0.0,1.0,0.35094629871340666,0.27685262420173745,0.0,1.0,21,0.15895953757225434,5.456647398843931,14
398,1380,1713,13.920702494843251,100.53768115942029,8,12,7,5,1051,0.759393063583815,333,1201,0.8677745664739884,0.9219790675547098,969,232,0.9219790675547098,0.6966966966966966,0.8677745664739884,175,1166,6.662857142857143,0.005780346820809248,0.008670520231213872,0.0050578034682080926,0.0036127167630057803,0.48384759233286584,0.24491233772880527,0.0,1.0,0.3626460963066854,0.2660311383254185,0.0,0.967741935483871,0.45158952781673684,0.27863195318835515,0.0,1.0,0.3515194015895278,0.2779740863264364,0.0,1.0,21,0.15869565217391304,5.468840579710145,14
399,1378,1701,13.935256521623876,100.55732946298984,9,11,8,3,1025,0.7427536231884058,355,1168,0.8463768115942029,0.8995121951219512,922,246,0.8995121951219512,0.6929577464788732,0.8463768115942029,177,1133,6.401129943502825,0.006521739130434782,0.007971014492753623,0.005797101449275362,0.002173913043478261,0.48424551711222436,0.2446039677866624,0.0,1.0,0.3635001638653495,0.2663226607638053,0.0,0.967741935483871,0.4512383538555175,0.27911128277698954,0.0,1.0,0.35172526803689314,0.27837217065775416,0.0,1.0,21,0.1574746008708273,5.489114658925979,14
400,1379,1686,13.946398407095725,100.90935460478607,9,8,3,5,1057,0.7670537010159652,321,1202,0.872278664731495,0.9110690633869442,963,239,0.9110690633869442,0.7445482866043613,0.872278664731495,187,1174,6.278074866310161,0.006531204644412192,0.005805515239477504,0.0021770682148040637,0.00362844702467344,0.4844089920232052,0.24438376402669018,0.0,1.0,0.3637044141383424,0.266124281919597,0.0,0.967741935483871,0.4504900699431566,0.2793702308152105,0.0,1.0,0.3517977028702426,0.27913705406453726,0.0,1.0,21,0.1559100797679478,5.5003625815808554,14
401,1379,1678,13.961746228360148,101.28281363306743,7,7,4,3,1043,0.7563451776649747,336,1121,0.8129079042784626,0.8839884947267498,922,199,0.8839884947267498,0.5922619047619048,0.8129079042784626,178,1091,6.129213483146067,0.005076142131979695,0.005076142131979695,0.0029006526468455403,0.002175489485134155,0.48354347470116255,0.24421579756839099,0.0,1.0,0.36466350090060584,0.2662507775492739,0.0,0.967741935483871,0.45030293106271496,0.2793829209451698,0.0,1.0,0.35224215771129147,0.27952649138529395,0.0,1.0,21,0.154459753444525,5.503988397389413,14
402,1382,1660,13.95323946319315,101.44500723589002,10,7,4,3,1068,0.7744742567077593,311,1172,0.8498912255257433,0.9026217228464419,964,208,0.9026217228464419,0.6688102893890675,0.8498912255257433,177,1131,6.389830508474576,0.007251631617113851,0.005076142131979695,0.0029006526468455403,0.002175489485134155,0.483194061901872,0.2443554052417695,0.0,1.0,0.3651556883432146,0.2663415139159222,0.0,0.967741935483871,0.4493254283180057,0.2797307618291102,0.0,1.0,0.3532047990289902,0.2797407260443223,0.0,1.0,21,0.15340086830680175,5.504341534008683,14
403,1384,1642,13.974288462198471,101.59826589595376,8,6,4,2,1022,0.7395079594790159,360,1183,0.8560057887120116,0.9158512720156555,936,247,0.9158512720156555,0.6861111111111111,0.8560057887120116,185,1150,6.216216216216216,0.005788712011577424,0.004341534008683068,0.002894356005788712,0.001447178002894356,0.4824258810367331,0.24424779537518598,0.0,1.0,0.3663061719187022,0.2670774525620002,0.0,0.967741935483871,0.44902573186649264,0.2797692645481882,0.0,1.0,0.3532770837217975,0.279362705809626,0.0,1.0,21,0.15173410404624277,5.513728323699422,14
404,1393,1630,13.882937879402014,101.4759511844939,13,4,3,1,1014,0.7326589595375722,370,1121,0.809971098265896,0.8767258382642998,889,232,0.8767258382642998,0.6270270270270271,0.809971098265896,178,1087,6.106741573033708,0.00939306358381503,0.002890173410404624,0.002167630057803468,0.000722543352601156,0.4822962739967117,0.24509272388501788,0.0,1.0,0.36664891276659795,0.2667349479096161,0.0,0.967741935483871,0.44938980617372576,0.27977770458440887,0.0,1.0,0.3507630317486048,0.27884214393542883,0.0,1.0,21,0.15147164393395549,5.536252692031587,14
405,1393,1617,13.882921074747502,101.8183776022972,7,7,4,3,1086,0.7796123474515434,307,1165,0.83632447954056,0.8941068139963168,971,194,0.8941068139963168,0.6319218241042345,0.83632447954056,181,1133,6.259668508287293,0.005025125628140704,0.005025125628140704,0.002871500358937545,0.0021536252692031586,0.4836625523933029,0.24507178618050807,0.0,1.0,0.3667646990713938,0.2662855280367487,0.0,0.967741935483871,0.44839404395248134,0.27892968793208894,0.0,1.0,0.3507630317486048,0.2794576266749645,0.0,1.0,21,0.15362526920315864,5.552045944005743,14
406,1388,1600,13.896137269368426,101.66282420749279,8,13,10,3,1028,0.7379755922469491,365,1173,0.842067480258435,0.9027237354085603,928,245,0.9027237354085603,0.6712328767123288,0.842067480258435,178,1134,6.370786516853933,0.00574300071787509,0.00933237616654702,0.007178750897343862,0.0021536252692031586,0.4829645812029376,0.24502214952254694,0.0,1.0,0.3675048805429023,0.26573753327550026,0.0,0.967741935483871,0.44812680115273773,0.27863185442298266,0.0,1.0,0.34993492609463606,0.2794689142126728,0.0,1.0,21,0.15345821325648415,5.569164265129683,14
407,1387,1585,13.908817358953575,101.6560922855083,11,12,5,7,1062,0.7651296829971181,326,1175,0.8465417867435159,0.9105461393596986,967,208,0.9105461393596986,0.6380368098159509,0.8465417867435159,172,1132,6.5813953488372094,0.00792507204610951,0.008645533141210375,0.0036023054755043226,0.005043227665706052,0.4848942949508105,0.24585418482274737,0.0,1.0,0.3673279531130079,0.2654719442192925,0.0,0.967741935483871,0.4473102774612182,0.27827774667169786,0.0,1.0,0.3489313207898226,0.2797152683655303,0.0,1.0,21,0.15573179524152847,5.591925018024513,14
408,1386,1568,13.962561129078171,101.86796536796537,10,11,5,6,993,0.7159336697909157,394,1151,0.8298485940879596,0.8811681772406847,875,276,0.8811681772406847,0.700507614213198,0.8298485940879596,175,1109,6.337142857142857,0.007209805335255948,0.007930785868781542,0.003604902667627974,0.004325883201153569,0.48431317786156497,0.24529504924915185,0.0,1.0,0.3675697062793837,0.2658813576138673,0.0,0.967741935483871,0.44667876925941447,0.2779506522922302,0.0,1.0,0.3495089140250431,0.27945864256144,0.0,1.0,21,0.15367965367965367,5.606060606060606,14
409,1385,1552,13.981278883048303,102.22671480144405,8,9,4,5,1072,0.7734487734487735,314,1142,0.823953823953824,0.8889925373134329,953,189,0.8889925373134329,0.6019108280254777,0.823953823953824,174,1100,6.32183908045977,0.005772005772005772,0.006493506493506494,0.002886002886002886,0.0036075036075036075,0.48517526493536745,0.24517069196157187,0.0,1.0,0.36746244322813554,0.2657127622725929,0.0,0.967741935483871,0.44667520670781413,0.2779022901539723,0.0,1.0,0.3493886106905788,0.2793569351384051,0.0,1.0,21,0.15379061371841155,5.618772563176895,14
410,1388,1535,13.93552735854823,102.13112391930835,12,9,5,4,1046,0.7552346570397112,339,1190,0.8592057761732852,0.9053537284894837,947,243,0.9053537284894837,0.7168141592920354,0.8592057761732852,176,1149,6.528409090909091,0.008664259927797834,0.006498194945848376,0.0036101083032490976,0.002888086642599278,0.48579994422236683,0.2451202437583296,0.0,1.0,0.36757460258436364,0.2657920299440838,0.0,0.967741935483871,0.44601189922840945,0.2783294842202947,0.0,1.0,0.35051594310681417,0.27968900156243154,0.0,1.0,21,0.15273775216138327,5.623919308357348,14
411,1395,1513,13.890539151754247,102.1921146953405,13,6,2,4,1079,0.7773775216138329,309,1160,0.8357348703170029,0.8869323447636701,957,203,0.8869323447636701,0.656957928802589,0.8357348703170029,184,1122,6.0978260869565215,0.009365994236311239,0.004322766570605188,0.001440922190201729,0.002881844380403458,0.4863683662851197,0.24501282344738473,0.0,1.0,0.3668632211816395,0.264928043860519,0.0,0.967741935483871,0.4456700196554515,0.2782080186834694,0.0,1.0,0.34940455543993526,0.2790162507916322,0.0,1.0,21,0.15268817204301074,5.655913978494624,14
412,1391,1492,13.899649070410186,102.28971962616822,9,13,8,5,1096,0.785663082437276,299,1174,0.8415770609318997,0.9051094890510949,992,182,0.9051094890510949,0.6086956521739131,0.8415770609318997,179,1132,6.324022346368715,0.0064516129032258064,0.00931899641577061,0.005734767025089606,0.0035842293906810036,0.4874423134899469,0.24493353625410838,0.0,1.0,0.36736161035226456,0.26459180800187404,0.0,0.967741935483871,0.4438440666960414,0.27742469486151167,0.0,1.0,0.34964402495303915,0.2799554450834727,0.0,1.0,21,0.1531272465851905,5.682242990654205,14
413,1389,1472,13.893237533170085,102.07127429805615,10,12,9,3,1064,0.7649173256649893,327,1129,0.811646297627606,0.8843984962406015,941,188,0.8843984962406015,0.5749235474006116,0.811646297627606,166,1075,6.475903614457831,0.007189072609633357,0.008626887131560028,0.006470165348670022,0.002156721782890007,0.4872848881766878,0.24514418156645174,0.0,1.0,0.3676583292691423,0.26417359569495735,0.0,0.967741935483871,0.44255556329687173,0.2774086294342323,0.0,1.0,0.35051905524977356,0.2805539629407337,0.0,1.0,21,0.1511879049676026,5.706983441324694,14
414,1392,1441,13.819460355546314,101.50790229885058,15,12,10,2,1056,0.7602591792656588,333,1153,0.830093592512599,0.8929924242424242,943,210,0.8929924242424242,0.6306306306306306,0.830093592512599,176,1098,6.238636363636363,0.01079913606911447,0.008639308855291577,0.007199424046076314,0.0014398848092152627,0.4881349647756767,0.24551132937460549,0.0,1.0,0.3647339636633296,0.2627210364964538,0.0,0.967741935483871,0.442760474601409,0.27642439337540686,0.0,1.0,0.3483036707452726,0.2807122652590986,0.0,1.0,21,0.15229885057471265,5.749281609195402,14
415,1395,1405,13.876920799433046,101.52759856630824,10,7,4,3,1056,0.7586206896551724,336,1140,0.8189655172413793,0.8854166666666666,935,205,0.8854166666666666,0.6101190476190477,0.8189655172413793,178,1082,6.078651685393258,0.007183908045977011,0.005028735632183908,0.0028735632183908046,0.0021551724137931034,0.4875014452537865,0.2454047790532723,0.0,1.0,0.36549890160712223,0.26329911198106376,0.0,0.967741935483871,0.4429182564458319,0.27671998576147483,0.0,1.0,0.34910394265232975,0.28088740900176645,0.0,1.0,21,0.15053763440860216,5.756272401433692,14
416,1398,1377,13.903405385480623,101.56223175965665,11,8,5,3,1005,0.7204301075268817,390,1158,0.8301075268817204,0.9044776119402985,909,249,0.9044776119402985,0.6384615384615384,0.8301075268817204,182,1112,6.1098901098901095,0.007885304659498209,0.005734767025089606,0.0035842293906810036,0.002150537634408602,0.48680142138538923,0.24563898619308716,0.0,1.0,0.3643684526281785,0.26309332400064667,0.0,0.967741935483871,0.44247542572338366,0.2760310772722877,0.0,1.0,0.34983155660159676,0.28067260643721503,0.0,1.0,21,0.15021459227467812,5.7668097281831185,14
417,1391,1357,13.99920549563412,102.06254493170381,6,13,6,7,1012,0.7238912732474965,386,1146,0.8197424892703863,0.8774703557312253,888,258,0.8774703557312253,0.6683937823834197,0.8197424892703863,178,1104,6.202247191011236,0.004291845493562232,0.009298998569384835,0.004291845493562232,0.005007153075822604,0.4861436423088519,0.24617976619657334,0.0,1.0,0.3648802207741008,0.26333327274005713,0.0,0.967741935483871,0.44291644442383066,0.2772622936797856,0.0,1.0,0.3500382644187287,0.2803189785371402,0.0,1.0,21,0.1488138030194105,5.762041696621136,14
418,1398,1339,14.009985879632627,102.36051502145922,10,3,1,2,988,0.7102803738317757,403,1103,0.7929547088425594,0.861336032388664,851,252,0.861336032388664,0.6253101736972705,0.7929547088425594,178,1063,5.97191011235955,0.007189072609633357,0.002156721782890007,0.0007189072609633358,0.0014378145219266715,0.4865937514421524,0.24581857729023832,0.0,1.0,0.36499146245788916,0.2627911726308851,0.0,0.967741935483871,0.4424523512852462,0.2766565559957196,0.0,1.0,0.34826249480825144,0.2799285132054534,0.0,1.0,21,0.14949928469241774,5.794706723891273,15
419,1402,1318,14.002631018738258,102.4058487874465,11,7,5,2,1048,0.7496423462088698,350,1121,0.801859799713877,0.875,917,204,0.875,0.5828571428571429,0.801859799713877,177,1077,6.084745762711864,0.007868383404864092,0.005007153075822604,0.00357653791130186,0.001430615164520744,0.4859187336063688,0.2465406964430718,0.0,1.0,0.36526160784133266,0.26359720678057225,0.0,0.967741935483871,0.44381298605678526,0.2774609687603182,0.0,1.0,0.3492476186093599,0.28022368459432934,0.0,1.0,21,0.14907275320970043,5.799572039942938,15
420,1396,1305,14.062065500490249,102.83667621776505,4,10,7,3,1001,0.7139800285306704,401,1117,0.796718972895863,0.8771228771228772,878,239,0.8771228771228772,0.5960099750623441,0.796718972895863,174,1078,6.195402298850575,0.0028530670470756064,0.007132667617689016,0.004992867332382311,0.0021398002853067048,0.486944264719475,0.24687825924126902,0.0,1.0,0.36537572788612627,0.26375701344952024,0.0,0.967741935483871,0.4430862371753396,0.276980103673536,0.0,1.0,0.3493160181162769,0.28053736188408906,0.0,1.0,21,0.1504297994269341,5.813037249283668,15
421,1400,1294,13.946421443755343,102.52428571428571,12,8,8,0,1035,0.7414040114613181,361,1126,0.8065902578796562,0.8647342995169082,895,231,0.8647342995169082,0.6398891966759003,0.8065902578796562,167,1082,6.479041916167665,0.008595988538681949,0.0057306590257879654,0.0057306590257879654,0.0,0.4866820276497696,0.24656005372873008,0.0,1.0,0.36589861751152075,0.26376400400322014,0.0,0.967741935483871,0.44313364055299537,0.27709667839495106,0.0,1.0,0.3485483870967742,0.2800615853718801,0.0,1.0,21,0.14857142857142858,5.832142857142857,15
422,1396,1285,13.979597189361744,102.81661891117479,6,10,6,4,1047,0.7478571428571429,353,1141,0.815,0.8720152817574021,913,228,0.8720152817574021,0.6458923512747875,0.815,177,1109,6.265536723163842,0.004285714285714286,0.007142857142857143,0.004285714285714286,0.002857142857142857,0.48641279230982526,0.2464627592630009,0.0,1.0,0.36498290045290693,0.26377382677807637,0.0,0.967741935483871,0.4413069599778168,0.2762984592248545,0.0,1.0,0.3494315555966356,0.28057548022481565,0.0,1.0,21,0.14828080229226362,5.838825214899713,15
423,1396,1270,13.981714409024978,102.88395415472779,9,9,6,3,1025,0.7342406876790831,371,1113,0.7972779369627507,0.8604878048780488,882,231,0.8604878048780488,0.6226415094339622,0.7972779369627507,186,1084,5.827956989247312,0.0064469914040114614,0.0064469914040114614,0.004297994269340974,0.002148997134670487,0.48754505961733985,0.24699683186131327,0.0,1.0,0.3652601904057676,0.2636951832899353,0.0,0.967741935483871,0.44135317496996024,0.2766425878268636,0.0,1.0,0.35049450041593494,0.2809284728280525,0.0,1.0,21,0.14828080229226362,5.842406876790831,15
424,1393,1262,13.946187823873682,102.816223977028,9,12,8,4,1000,0.7163323782234957,396,1133,0.8116045845272206,0.874,874,259,0.874,0.6540404040404041,0.8116045845272206,175,1100,6.285714285714286,0.0064469914040114614,0.008595988538681949,0.0057306590257879654,0.0028653295128939827,0.4883866336289744,0.24711278422980626,0.0,1.0,0.36525947710904755,0.2635390511742457,0.0,0.967741935483871,0.44077530509691315,0.2765867167296146,0.0,1.0,0.3504619873561355,0.28072658156706815,0.0,1.0,21,0.14788226848528357,5.849964106245514,15
425,1394,1253,13.902920630820034,102.81994261119081,10,9,6,3,1029,0.7386934673366834,364,1140,0.8183776022972002,0.8794946550048591,905,235,0.8794946550048591,0.6456043956043956,0.8183776022972002,179,1110,6.201117318435754,0.007178750897343862,0.006460875807609476,0.004307250538406317,0.0021536252692031586,0.4896792706067478,0.24709982414156254,0.0,1.0,0.3657610959411302,0.2642134675873208,0.0,0.967741935483871,0.4388392650529921,0.2762587882408479,0.0,1.0,0.35062711158420884,0.2807360842096648,0.0,1.0,21,0.14705882352941177,5.860832137733142,15
426,1395,1249,13.823171833380934,102.75340501792115,11,10,7,3,1015,0.7281205164992827,379,1137,0.8156384505021521,0.8807881773399014,894,243,0.8807881773399014,0.6411609498680739,0.8156384505021521,170,1103,6.488235294117647,0.007890961262553802,0.007173601147776184,0.005021520803443328,0.002152080344332855,0.48939761822175976,0.2469300663042011,0.0,1.0,0.3658457625158978,0.2644086366085577,0.0,0.967741935483871,0.43891779396462016,0.27623473157975675,0.0,1.0,0.35141634871083366,0.2810657946147559,0.0,1.0,21,0.14695340501792115,5.8738351254480285,15
427,1399,1228,13.834855500354877,102.9385275196569,10,6,3,3,1007,0.7218637992831541,388,1135,0.8136200716845878,0.8619662363455809,868,267,0.8619662363455809,0.6881443298969072,0.8136200716845878,181,1095,6.0497237569060776,0.007168458781362007,0.004301075268817204,0.002150537634408602,0.002150537634408602,0.48880536788950635,0.2472112860268287,0.0,1.0,0.36625239226175377,0.26468633334955566,0.0,0.967741935483871,0.4395997140814868,0.27645640186787174,0.0,1.0,0.3506882796467523,0.280529225586615,0.0,1.0,21,0.1472480343102216,5.8720514653323805,15
428,1401,1218,13.760191152037303,102.74803711634547,11,9,7,2,1061,0.7583988563259471,338,1133,0.8098641887062187,0.8689915174363808,922,211,0.8689915174363808,0.6242603550295858,0.8098641887062187,178,1101,6.185393258426966,0.007862759113652609,0.006433166547533953,0.005003573981415297,0.0014295925661186562,0.489650249821556,0.24723728281307686,0.0,1.0,0.3665354240058944,0.26440738381954687,0.0,0.967741935483871,0.4387188874306371,0.27601313809482025,0.0,1.0,0.35182243098247795,0.2805724521873769,0.0,1.0,21,0.14846538187009278,5.885082084225553,15
429,1398,1201,13.723807950711869,102.83476394849785,8,11,8,3,1055,0.7530335474660956,346,1157,0.8258386866523911,0.8872037914691943,936,221,0.8872037914691943,0.638728323699422,0.8258386866523911,180,1120,6.222222222222222,0.005710206995003569,0.007851534618129907,0.005710206995003569,0.0021413276231263384,0.49063177811620284,0.24721889810099998,0.0,1.0,0.3674373529004568,0.26527373635130713,0.0,0.967741935483871,0.43873736674511976,0.2763348816408863,0.0,1.0,0.35100835294660576,0.2800367010829878,0.0,1.0,21,0.14949928469241774,5.894134477825465,15
430,1400,1195,13.718213889146654,103.27285714285715,7,5,3,2,1034,0.7396280400572246,364,1097,0.7846924177396281,0.8588007736943907,888,209,0.8588007736943907,0.5741758241758241,0.7846924177396281,175,1066,6.091428571428572,0.005007153075822604,0.00357653791130186,0.002145922746781116,0.001430615164520744,0.49092165898617507,0.2472189858267691,0.0,1.0,0.3679493087557604,0.2657828248621754,0.0,0.967741935483871,0.43953917050691244,0.2763265829974072,0.0,1.0,0.3512442396313364,0.2800043230872827,0.0,1.0,21,0.1492857142857143,5.904285714285714,15
431,1405,1178,13.694288266234759,103.30533807829181,12,7,3,4,1031,0.7364285714285714,369,1114,0.7957142857142857,0.8729388942774006,900,214,0.8729388942774006,0.5799457994579946,0.7957142857142857,174,1071,6.155172413793103,0.008571428571428572,0.005,0.002142857142857143,0.002857142857142857,0.4903455401216852,0.24758213514943844,0.0,1.0,0.3662495695098152,0.26545104551081844,0.0,0.967741935483871,0.4405693950177936,0.2761839072620661,0.0,1.0,0.3510274365744461,0.27974637228890864,0.0,1.0,21,0.1494661921708185,5.908185053380783,15
432,1393,1169,13.74892468778823,103.88585786073223,5,17,9,8,1039,0.7395017793594306,366,1103,0.7850533807829182,0.8546679499518768,888,215,0.8546679499518768,0.587431693989071,0.7850533807829182,176,1070,6.079545454545454,0.0035587188612099642,0.012099644128113879,0.006405693950177936,0.0056939501779359435,0.4911655049440752,0.24848451687383838,0.0,1.0,0.3644721302364356,0.26458170594985214,0.0,0.967741935483871,0.44052057522636223,0.2765266467314801,0.0,1.0,0.3503693583122988,0.28001373484126146,0.0,1.0,21,0.15147164393395549,5.910265613783202,15
433,1393,1162,13.72090998137604,104.01435750179469,7,7,6,1,1015,0.7286432160804021,378,1105,0.7932519741564967,0.865024630541872,878,227,0.865024630541872,0.6005291005291006,0.7932519741564967,172,1070,6.22093023255814,0.005025125628140704,0.005025125628140704,0.004307250538406317,0.0007178750897343862,0.49199916633860546,0.24847367641416615,0.0,1.0,0.3644721302364356,0.2645111126255986,0.0,0.967741935483871,0.43938586943936275,0.27598256040621355,0.0,1.0,0.35203668110135933,0.2806163058475053,0.0,1.0,21,0.1507537688442211,5.914572864321608,15
434,1403,1137,13.657390384434837,103.78902352102637,16,6,3,3,996,0.7150035893754487,397,1088,0.7810480976310122,0.858433734939759,855,233,0.858433734939759,0.5869017632241813,0.7810480976310122,186,1049,5.639784946236559,0.01148600143575018,0.004307250538406317,0.0021536252692031586,0.0021536252692031586,0.4919642241280206,0.24798936610765923,0.0,1.0,0.3659439450026441,0.26469972440833894,0.0,0.967741935483871,0.4405536523118663,0.27691924534665807,0.0,1.0,0.35164279309314145,0.28021161996308974,0.0,1.0,21,0.1525302922309337,5.911617961511047,15
435,1399,1124,13.723154386198805,104.4145818441744,9,13,3,10,1020,0.7270135424091233,383,1137,0.8104062722736992,0.8764705882352941,894,243,0.8764705882352941,0.6344647519582245,0.8104062722736992,181,1105,6.104972375690608,0.006414825374198147,0.009265858873841768,0.0021382751247327157,0.007127583749109052,0.4918490165786622,0.24839565718534354,0.0,1.0,0.36655214554174637,0.26485724653770487,0.0,0.967741935483871,0.44079872720145724,0.2772473491652148,0.0,1.0,0.35133390209596715,0.2798345445598801,0.0,1.0,21,0.1522516082916369,5.894924946390279,15
436,1394,1115,13.73868372153269,104.69942611190818,7,12,6,6,1056,0.7548248749106504,343,1106,0.7905646890636169,0.8598484848484849,908,198,0.8598484848484849,0.577259475218659,0.7905646890636169,173,1070,6.184971098265896,0.005003573981415297,0.008577555396711936,0.004288777698355968,0.004288777698355968,0.49169250705789785,0.24835371476267393,0.0,1.0,0.36606192437635954,0.26495275860798256,0.0,0.967741935483871,0.44122275188596294,0.277771809884041,0.0,1.0,0.3523626602489934,0.2800153040605074,0.0,1.0,21,0.15064562410329985,5.901721664275466,15
437,1391,1101,13.741051994229112,104.75844716031632,9,12,8,4,1025,0.7352941176470589,369,1128,0.8091822094691535,0.8760975609756098,898,230,0.8760975609756098,0.6233062330623306,0.8091822094691535,176,1090,6.193181818181818,0.006456241032998565,0.00860832137733142,0.005738880918220947,0.0028694404591104736,0.4922659493054428,0.24818432480152958,0.0,1.0,0.3659469863871431,0.26562132931807547,0.0,0.967741935483871,0.44066696041371956,0.2780650791650143,0.0,1.0,0.3526587973377241,0.2801447290258238,0.0,1.0,21,0.15025161754133717,5.913012221423436,15
438,1390,1087,13.666937166890277,104.31079136690647,15,16,10,6,1024,0.7361610352264558,367,1113,0.8001437814521927,0.869140625,890,223,0.869140625,0.6076294277929155,0.8001437814521927,182,1081,5.93956043956044,0.010783608914450037,0.011502516175413372,0.007189072609633357,0.004313443565780014,0.4928985843583198,0.24849713495604403,0.0,1.0,0.3660478069157577,0.2655521518007801,0.0,0.967741935483871,0.43919702947319567,0.27745265622041193,0.0,1.0,0.3536087259224878,0.28050625576908633,0.0,1.0,21,0.1510791366906475,5.910071942446043,15
439,1377,1070,13.78166646591609,104.87581699346406,5,18,8,10,1022,0.7352517985611511,368,1085,0.7805755395683454,0.8590998043052838,878,207,0.8590998043052838,0.5625,0.7805755395683454,175,1043,5.96,0.0035971223021582736,0.012949640287769784,0.0057553956834532375,0.007194244604316547,0.4929135333942418,0.24830108389300648,0.0,1.0,0.3664347459413873,0.266050927790819,0.0,0.967741935483871,0.438400449785649,0.2777978316865957,0.0,1.0,0.35586946845643874,0.2806552102613228,0.0,1.0,21,0.15177923021060277,5.891067538126362,15
440,1370,1061,13.80889853193618,105.03649635036497,8,15,8,7,1061,0.7705156136528686,316,1110,0.8061002178649237,0.8746465598491989,928,182,0.8746465598491989,0.5759493670886076,0.8061002178649237,173,1074,6.208092485549133,0.005809731299927378,0.010893246187363835,0.005809731299927378,0.005083514887436456,0.4916647044972922,0.24853953115112232,0.0,1.0,0.36545797033199906,0.2664440873549622,0.0,0.967741935483871,0.4395573345891218,0.2789421820126699,0.0,1.0,0.3570520367318107,0.2806427936387594,0.0,1.0,21,0.14963503649635038,5.87956204379562,15
441,1362,1057,13.859158558128003,105.45080763582966,6,14,7,7,999,0.7291970802919708,371,1091,0.7963503649635036,0.8608608608608609,860,231,0.8608608608608609,0.6226415094339622,0.7963503649635036,178,1065,5.98314606741573,0.004379562043795621,0.010218978102189781,0.0051094890510948905,0.0051094890510948905,0.4907394249443418,0.24867494468089366,0.0,1.0,0.3655913978494624,0.2668393917731845,0.0,0.967741935483871,0.4378523044858131,0.27914574572992445,0.0,1.0,0.3584387286248875,0.2810576417063903,0.0,1.0,21,0.14831130690161526,5.88546255506608,15
442,1354,1050,13.823968479485341,105.25627769571639,8,16,12,4,985,0.7232011747430249,377,1072,0.7870778267254038,0.8598984771573605,847,225,0.8598984771573605,0.596816976127321,0.7870778267254038,176,1041,5.9147727272727275,0.005873715124816446,0.011747430249632892,0.00881057268722467,0.002936857562408223,0.48961261733454037,0.24833363203884923,0.0,1.0,0.3663934816791347,0.26773076081014835,0.0,0.967741935483871,0.4384857292609711,0.2789594120288919,0.0,1.0,0.35838852623052364,0.2805278548075692,0.0,1.0,21,0.14771048744460857,5.892171344165436,15
443,1348,1047,13.815655237389985,105.39614243323442,8,14,8,6,1048,0.7740029542097489,306,1080,0.7976366322008862,0.8645038167938931,906,174,0.8645038167938931,0.5686274509803921,0.7976366322008862,176,1053,5.982954545454546,0.005908419497784343,0.0103397341211226,0.005908419497784343,0.004431314623338257,0.4898535464726716,0.248014989148354,0.0,1.0,0.3672585431224275,0.26795154253213516,0.0,0.967741935483871,0.43852302096295587,0.2792649696057392,0.0,1.0,0.35854790849047574,0.2805365699550703,0.0,1.0,21,0.1476261127596439,5.88946587537092,15
444,1340,1047,13.851610437447622,105.65298507462687,8,16,7,9,1009,0.7485163204747775,339,1111,0.8241839762611276,0.8790882061446977,887,224,0.8790882061446977,0.6607669616519174,0.8241839762611276,176,1087,6.176136363636363,0.005934718100890208,0.011869436201780416,0.0051928783382789315,0.0066765578635014835,0.4902262879152624,0.24763153167415988,0.0,1.0,0.3667549350024073,0.26809489053844704,0.0,0.967741935483871,0.4365190178141551,0.2794180947446328,0.0,1.0,0.36056812710640346,0.28157214732679725,0.0,1.0,21,0.15,5.885820895522388,15
445,1341,1044,13.847408199636767,105.78523489932886,10,9,4,5,983,0.7335820895522388,357,1088,0.8119402985074626,0.8728382502543235,858,230,0.8728382502543235,0.6442577030812325,0.8119402985074626,166,1051,6.331325301204819,0.007462686567164179,0.006716417910447761,0.0029850746268656717,0.0037313432835820895,0.4908950951384378,0.2470220817742164,0.0,1.0,0.36460513338625483,0.2679122818702319,0.0,0.967741935483871,0.4363618868923047,0.2787363247264356,0.0,1.0,0.35914459599239856,0.280557797670284,0.0,1.0,21,0.15212527964205816,5.888143176733781,15
446,1335,1031,13.875538831445105,105.80749063670412,9,15,9,6,998,0.744220730797912,343,1107,0.825503355704698,0.8857715430861723,884,223,0.8857715430861723,0.6501457725947521,0.825503355704698,184,1078,5.858695652173913,0.006711409395973154,0.011185682326621925,0.006711409395973154,0.0044742729306487695,0.4893077201884741,0.24655858942020165,0.0,1.0,0.3638999637549837,0.2685290173319485,0.0,0.967741935483871,0.4367282831943941,0.2789592358167129,0.0,1.0,0.35909145825782285,0.2802235789600827,0.0,1.0,21,0.149812734082397,5.89812734082397,15
447,1342,1025,13.775222330374735,105.41877794336811,15,8,5,3,993,0.7438202247191011,342,1072,0.8029962546816479,0.8741188318227593,868,204,0.8741188318227593,0.5964912280701754,0.8029962546816479,181,1047,5.7845303867403315,0.011235955056179775,0.00599250936329588,0.003745318352059925,0.0022471910112359553,0.48978414499302914,0.24681144245029388,0.0,1.0,0.36385269938945247,0.26861199342017233,0.0,0.967741935483871,0.4381760492284025,0.2801254919716213,0.0,1.0,0.3602951781164367,0.2806543102807899,0.0,1.0,21,0.1497764530551416,5.891952309985097,15
448,1333,1010,13.900225845005695,105.95948987246811,6,15,7,8,1013,0.7548435171385991,329,1104,0.8226527570789866,0.8795656465942744,891,213,0.8795656465942744,0.6474164133738601,0.8226527570789866,183,1072,5.85792349726776,0.004470938897168405,0.011177347242921014,0.005216095380029807,0.005961251862891207,0.48890448418556254,0.24664612607250588,0.0,1.0,0.36328436947946663,0.2686635151267646,0.0,0.967741935483871,0.43885971492873216,0.27992364370747697,0.0,1.0,0.3598480265227597,0.28051729877790615,0.0,1.0,21,0.15078769692423105,5.896474118529633,15
449,1328,1006,13.906298841640405,106.06551204819277,7,12,8,4,986,0.7396849212303076,347,1080,0.8102025506376594,0.8985801217038539,886,194,0.8985801217038539,0.5590778097982709,0.8102025506376594,167,1043,6.245508982035928,0.005251312828207052,0.00900225056264066,0.006001500375093774,0.003000750187546887,0.49055091333074236,0.24727248112234657,0.0,1.0,0.36287893509521957,0.2685463872955993,0.0,0.967741935483871,0.43684415079673533,0.2795447826893952,0.0,1.0,0.36042557326078506,0.28117771936878994,0.0,1.0,21,0.15286144578313254,5.899849397590361,15
450,1331,992,13.918227252588904,106.17430503380916,12,9,4,5,966,0.7274096385542169,362,1085,0.8170180722891566,0.8685300207039337,839,246,0.8685300207039337,0.6795580110497238,0.8170180722891566,175,1046,5.977142857142857,0.009036144578313253,0.00677710843373494,0.0030120481927710845,0.0037650602409638554,0.49075398075664667,0.24734372210810002,0.0,1.0,0.3636121276750442,0.2686062528856755,0.0,0.967741935483871,0.43515668548993,0.27972606479530887,0.0,1.0,0.35929812656019,0.2813062382170667,0.0,1.0,21,0.15326821938392185,5.906836964688204,15
451,1327,985,13.909327654177298,105.87867370007535,11,15,9,6,974,0.7317806160781367,357,1077,0.8091660405709993,0.8839835728952772,861,216,0.8839835728952772,0.6050420168067226,0.8091660405709993,169,1039,6.14792899408284,0.008264462809917356,0.011269722013523666,0.0067618332081141996,0.004507888805409466,0.49126090867102606,0.24703621002357598,0.0,1.0,0.3647081702603495,0.26912478804767104,0.0,0.967741935483871,0.43350268614629167,0.27991510124372654,0.0,1.0,0.3584850621095364,0.28074072480425494,0.0,1.0,21,0.15373021853805577,5.923134890730972,15
452,1323,970,13.886252245334378,105.56991685563113,8,12,10,2,1006,0.7581009796533534,321,1078,0.8123587038432555,0.8697813121272365,875,203,0.8697813121272365,0.632398753894081,0.8123587038432555,182,1045,5.741758241758242,0.006028636021100226,0.00904295403165034,0.007535795026375283,0.0015071590052750565,0.4917709019091508,0.2469930380277001,0.0,1.0,0.3630799990246995,0.2683525319997681,0.0,0.967741935483871,0.43220442298783307,0.27909836326497767,0.0,1.0,0.3577402287079707,0.2809230772309081,0.0,1.0,21,0.15495086923658352,5.933484504913077,15
453,1328,957,13.899611961247912,105.73343373493977,11,6,2,4,1002,0.7573696145124716,321,1078,0.8148148148148148,0.8802395209580839,882,196,0.8802395209580839,0.6105919003115264,0.8148148148148148,182,1047,5.752747252747253,0.008314436885865457,0.0045351473922902496,0.0015117157974300832,0.0030234315948601664,0.4922512631169841,0.24682101261383954,0.0,1.0,0.3634862028760202,0.26869816906946886,0.0,0.967741935483871,0.43118441507967353,0.2790633272231589,0.0,1.0,0.35955110765643217,0.281388727929229,0.0,1.0,21,0.15436746987951808,5.9254518072289155,15
454,1312,941,13.997621428586623,105.51905487804878,5,21,16,5,964,0.7259036144578314,364,1090,0.8207831325301205,0.8796680497925311,848,242,0.8796680497925311,0.6648351648351648,0.8207831325301205,181,1055,5.828729281767956,0.0037650602409638554,0.01581325301204819,0.012048192771084338,0.0037650602409638554,0.49151750590086546,0.24561727706196249,0.0,1.0,0.36226396538158934,0.26831719213789257,0.0,0.967741935483871,0.42879622344610546,0.27857779670039673,0.0,1.0,0.3609854445318647,0.28160028278086546,0.0,1.0,21,0.15472560975609756,5.915396341463414,15
455,1307,936,13.992352227033168,105.39632746748279,9,14,9,5,975,0.743140243902439,337,1074,0.8185975609756098,0.8933333333333333,871,203,0.8933333333333333,0.6023738872403561,0.8185975609756098,168,1037,6.1726190476190474,0.006859756097560976,0.010670731707317074,0.006859756097560976,0.0038109756097560975,0.48996717427252756,0.24584232154152635,0.0,1.0,0.36288471505787695,0.26905817758972295,0.0,0.967741935483871,0.4272527581015376,0.27716372076923756,0.0,1.0,0.36170002714909794,0.28207985611235953,0.0,1.0,21,0.1530221882172915,5.9273144605967865,15
456,1308,922,14.008897059504017,105.22935779816514,11,10,6,4,960,0.7345065034429993,347,1070,0.8186687069625096,0.8854166666666666,850,220,0.8854166666666666,0.6340057636887608,0.8186687069625096,171,1027,6.005847953216374,0.008416220351951033,0.0076511094108645756,0.0045906656465187455,0.00306044376434583,0.4903324454966953,0.24526744409671544,0.0,1.0,0.3623853211009174,0.26923280418215956,0.0,0.967741935483871,0.4260136134951169,0.2768345701662605,0.0,1.0,0.3623359968432475,0.2819049575653624,0.0,1.0,21,0.1536697247706422,5.924311926605505,15
457,1308,908,14.032281687508746,105.18501529051987,12,12,6,6,965,0.7377675840978594,343,1079,0.8249235474006116,0.9077720207253887,876,203,0.9077720207253887,0.5918367346938775,0.8249235474006116,167,1032,6.179640718562874,0.009174311926605505,0.009174311926605505,0.0045871559633027525,0.0045871559633027525,0.4892966360856269,0.24515304287899736,0.0,1.0,0.36250863174509224,0.26956744614215505,0.0,0.967741935483871,0.4257916543356023,0.2767521584744235,0.0,1.0,0.3640623458616948,0.28229936867432726,0.0,1.0,21,0.1529051987767584,5.92125382262997,15
458,1308,898,14.027527982870625,104.9954128440367,11,11,7,4,974,0.7446483180428135,334,1072,0.8195718654434251,0.8870636550308009,864,208,0.8870636550308009,0.6227544910179641,0.8195718654434251,170,1032,6.070588235294117,0.008409785932721712,0.008409785932721712,0.005351681957186544,0.0030581039755351682,0.49023379698135544,0.24547428348608463,0.0,1.0,0.36270592877577196,0.26914530791125174,0.0,0.967741935483871,0.42667949097366087,0.27720115533487777,0.0,1.0,0.3646788990825688,0.2828064919596139,0.0,1.0,21,0.154434250764526,5.940366972477064,15
459,1311,875,14.057472789233776,104.62395118230359,11,8,8,0,938,0.7171253822629969,370,1054,0.8058103975535168,0.8933901918976546,838,216,0.8933901918976546,0.5837837837837838,0.8058103975535168,172,1003,5.8313953488372094,0.008409785932721712,0.0061162079510703364,0.0061162079510703364,0.0,0.4891857975935631,0.24537334485678863,0.0,1.0,0.36357373096134443,0.26995336449453994,0.0,0.967741935483871,0.4269087866932408,0.27799891320315595,0.0,1.0,0.36502546689303905,0.2825866414123995,0.0,1.0,21,0.15484363081617086,5.948893974065599,15
460,1311,863,14.04382564002746,104.37452326468345,11,11,7,4,976,0.7444698703279939,335,1067,0.8138825324180016,0.8883196721311475,867,200,0.8883196721311475,0.5970149253731343,0.8138825324180016,172,1027,5.97093023255814,0.008390541571319604,0.008390541571319604,0.005339435545385202,0.0030511060259344014,0.49017002534386456,0.24523032333643496,0.0,1.0,0.3638197878989198,0.27077612925961747,0.0,0.967741935483871,0.4254570507615462,0.27736717183162074,0.0,1.0,0.366034300337098,0.2821113042886777,0.0,1.0,21,0.15560640732265446,5.949656750572083,15
461,1312,846,14.008422273619813,103.59756097560975,16,15,9,6,976,0.7444698703279939,335,1068,0.8146453089244852,0.8760245901639344,855,213,0.8760245901639344,0.6358208955223881,0.8146453089244852,174,1025,5.890804597701149,0.012204424103737605,0.011441647597254004,0.006864988558352402,0.004576659038901602,0.4901652242328875,0.24531802851212214,0.0,1.0,0.3639604642014162,0.27094633098940485,0.0,0.967741935483871,0.4262883556254917,0.2768381901297505,0.0,1.0,0.3638375295043273,0.28145031576692436,0.0,1.0,21,0.15625,5.990853658536586,15
462,1309,839,14.010814220667307,103.04125286478228,11,14,11,3,942,0.7179878048780488,370,1099,0.8376524390243902,0.9087048832271762,856,243,0.9087048832271762,0.6567567567567567,0.8376524390243902,174,1066,6.126436781609195,0.008384146341463415,0.010670731707317074,0.008384146341463415,0.0022865853658536584,0.4894157076320264,0.2450647822164999,0.0,1.0,0.3633160008871584,0.27117091153332973,0.0,0.967741935483871,0.42608245644298776,0.27604685909329235,0.0,1.0,0.36590354616920084,0.28146650498629805,0.0,1.0,21,0.15660809778456838,5.994652406417113,15
463,1313,825,14.021207298548084,102.92993145468392,13,9,4,5,982,0.7501909854851031,327,1067,0.8151260504201681,0.879837067209776,864,203,0.879837067209776,0.6207951070336392,0.8151260504201681,179,1032,5.76536312849162,0.009931245225362872,0.006875477463712758,0.0030557677616501145,0.0038197097020626434,0.49011129400781267,0.24476332378113866,0.0,1.0,0.3633393115986537,0.2714930255320241,0.0,0.967741935483871,0.42453873178881163,0.276554709160334,0.0,1.0,0.3677861582684323,0.281742243366076,0.0,1.0,21,0.15308453922315307,6.002284843869003,15
464,1310,804,14.085895503865263,102.71145038167938,8,11,11,0,933,0.7105864432597105,380,1062,0.8088347296268088,0.8628081457663451,805,257,0.8628081457663451,0.6763157894736842,0.8088347296268088,173,1014,5.861271676300578,0.006092916984006093,0.008377760853008377,0.008377760853008377,0.0,0.4891652302388574,0.24409316713901577,0.0,1.0,0.3627924156611672,0.27133650570898304,0.0,0.967741935483871,0.42494459492735775,0.27715876401729644,0.0,1.0,0.3677665599606008,0.28233365046496883,0.0,1.0,21,0.15267175572519084,6.022900763358779,15
465,1310,791,14.074941632952283,102.62824427480916,9,9,6,3,978,0.7465648854961832,332,1056,0.8061068702290076,0.869120654396728,850,206,0.869120654396728,0.6204819277108434,0.8061068702290076,173,1016,5.872832369942197,0.006870229007633588,0.006870229007633588,0.004580152671755725,0.0022900763358778627,0.48978084215710416,0.2437224175793265,0.0,1.0,0.3621029303127309,0.27123872295650586,0.0,0.967741935483871,0.42361487318394486,0.2766431037995562,0.0,1.0,0.3678896823442502,0.283003830660579,0.0,1.0,21,0.1534351145038168,6.054198473282443,15
466,1305,778,14.118957318812496,102.55402298850575,9,14,8,6,976,0.7450381679389313,334,1059,0.8083969465648855,0.8862704918032787,865,194,0.8862704918032787,0.5808383233532934,0.8083969465648855,178,1024,5.752808988764045,0.006870229007633588,0.010687022900763359,0.0061068702290076335,0.004580152671755725,0.4886911383018168,0.243874914333308,0.0,1.0,0.36114200964034116,0.2711800823197976,0.0,0.967741935483871,0.4257075763193672,0.2766978164516318,0.0,1.0,0.36766777901371894,0.2829979963375025,0.0,1.0,21,0.15172413793103448,6.059770114942529,15
467,1301,769,14.126402012370058,102.31437355880092,10,14,10,4,950,0.7279693486590039,355,1051,0.8053639846743295,0.8905263157894737,846,205,0.8905263157894737,0.5774647887323944,0.8053639846743295,180,1022,5.677777777777778,0.007662835249042145,0.010727969348659003,0.007662835249042145,0.0030651340996168583,0.4873918325853562,0.2446301402421539,0.0,1.0,0.36274825816369544,0.2727773628734005,0.0,0.967741935483871,0.4281817956410702,0.2770278764360539,0.0,1.0,0.3679303761374625,0.2834286492276884,0.0,1.0,21,0.15219062259800153,6.066102997694082,14
468,1296,774,14.082127954730925,102.2824074074074,9,14,9,5,978,0.7517294388931591,323,1070,0.8224442736356649,0.8946830265848671,875,195,0.8946830265848671,0.6037151702786377,0.8224442736356649,175,1050,6.0,0.006917755572636433,0.010760953112990008,0.006917755572636433,0.003843197540353574,0.48640979689366787,0.2443461017844122,0.0,1.0,0.36350059737156515,0.2733937716819813,0.0,0.967741935483871,0.4286140979689367,0.2771718767999243,0.0,1.0,0.36638789326961374,0.2824583640206666,0.0,1.0,21,0.15354938271604937,6.05787037037037,14
469,1286,767,14.168580237183814,101.85614307931571,8,18,11,7,915,0.7060185185185185,381,1047,0.8078703703703703,0.8819672131147541,807,240,0.8819672131147541,0.6299212598425197,0.8078703703703703,177,1017,5.745762711864407,0.006172839506172839,0.013888888888888888,0.008487654320987654,0.005401234567901234,0.4863292028294787,0.243188167980502,0.0,1.0,0.3645963979330758,0.273309507717307,0.0,0.967741935483871,0.42906235890232275,0.2782028229022605,0.0,1.0,0.36537400290974764,0.2816603679282643,0.0,1.0,21,0.1547433903576983,6.059875583203732,15
470,1283,758,14.104202248484022,101.04364770070148,14,17,12,5,958,0.744945567651633,328,1054,0.8195956454121306,0.8820459290187892,845,209,0.8820459290187892,0.6371951219512195,0.8195956454121306,174,1019,5.85632183908046,0.01088646967340591,0.013219284603421462,0.00933125972006221,0.0038880248833592537,0.48636009353078724,0.2428199137259955,0.0,1.0,0.36627863123224297,0.27370933106860706,0.0,0.967741935483871,0.4274507831946295,0.277153923245613,0.0,1.0,0.36421693108390113,0.28146225007630016,0.0,1.0,21,0.15510522213561964,6.09041309431021,15
471,1280,760,14.072057936723729,100.86328125,8,11,10,1,957,0.7459080280592362,326,1023,0.7973499610288387,0.8725182863113897,835,188,0.8725182863113897,0.5766871165644172,0.7973499610288387,177,1002,5.661016949152542,0.006235385814497272,0.00857365549493375,0.00779423226812159,0.000779423226812159,0.4852822580645161,0.24279677000951874,0.0,1.0,0.3668094758064516,0.2738890779731785,0.0,0.967741935483871,0.4280241935483871,0.2775845081126119,0.0,1.0,0.36408770161290327,0.2813490174564746,0.0,1.0,21,0.1546875,6.0984375,15
472,1274,758,14.100675546298541,101.0243328100471,8,14,7,7,1009,0.78828125,271,1060,0.828125,0.8919722497522299,900,160,0.8919722497522299,0.5904059040590406,0.828125,176,1034,5.875,0.00625,0.0109375,0.00546875,0.00546875,0.48457993619283946,0.24264153926747065,0.0,1.0,0.36623284549551827,0.27363377336378764,0.0,0.967741935483871,0.42733073378234665,0.2774282983324628,0.0,1.0,0.36314376867372256,0.2810646615094984,0.0,1.0,21,0.1546310832025118,6.107535321821036,15
473,1267,752,14.132932642704136,100.76874506708761,7,14,10,4,973,0.7637362637362637,301,1046,0.8210361067503925,0.8920863309352518,868,178,0.8920863309352518,0.5913621262458472,0.8210361067503925,168,1008,6.0,0.005494505494505495,0.01098901098901099,0.007849293563579277,0.0031397174254317113,0.48359090561906465,0.24236309945064197,0.0,1.0,0.36606665478524325,0.27384400089477806,0.0,0.967741935483871,0.42717111795707413,0.2774538312308232,0.0,1.0,0.3631641927845813,0.28087826606238436,0.0,1.0,21,0.15469613259668508,6.108918705603789,15
474,1273,742,14.065903062579137,100.25451688923802,14,8,6,2,972,0.7671665351223362,295,1039,0.8200473559589582,0.8765432098765432,852,187,0.8765432098765432,0.6338983050847458,0.8200473559589582,175,1004,5.7371428571428575,0.011049723756906077,0.006314127861089187,0.004735595895816891,0.0015785319652722968,0.4839469883181714,0.24143279154195066,0.0,1.0,0.36733142437219674,0.2742320386913698,0.0,0.967741935483871,0.42693155614119555,0.27803992477538103,0.0,1.0,0.3641385601702861,0.2808167021607417,0.0,1.0,21,0.15553809897879026,6.1249018067556955,15
475,1265,734,14.10478150869967,100.11541501976285,8,16,11,5,944,0.7415553809897879,329,1008,0.7918303220738413,0.8580508474576272,810,198,0.8580508474576272,0.601823708206687,0.7918303220738413,174,974,5.597701149425287,0.006284367635506678,0.012568735271013355,0.00864100549882168,0.003927729772191673,0.4846359811296697,0.24168891943114193,0.0,1.0,0.36593140379956646,0.2727544944959036,0.0,0.967741935483871,0.425704449827872,0.2781693992557715,0.0,1.0,0.36424837434655105,0.280919834993386,0.0,1.0,21,0.15573122529644268,6.132806324110672,15
476,1264,726,14.123743471941337,100.0751582278481,8,9,6,3,941,0.7438735177865613,324,1050,0.8300395256916996,0.895855472901169,843,207,0.895855472901169,0.6388888888888888,0.8300395256916996,174,1016,5.839080459770115,0.006324110671936759,0.0071146245059288534,0.0047430830039525695,0.0023715415019762848,0.48499387505104125,0.2419805122695474,0.0,1.0,0.3666292364230298,0.27307607429252506,0.0,0.967741935483871,0.4263985300122499,0.2781547600704954,0.0,1.0,0.3642813393221723,0.2812715260125459,0.0,1.0,21,0.15427215189873417,6.136867088607595,15
477,1256,721,14.118180867070203,99.5437898089172,8,16,13,3,982,0.7768987341772152,282,1055,0.8346518987341772,0.895112016293279,879,176,0.895112016293279,0.624113475177305,0.8346518987341772,170,1020,6.0,0.006329113924050633,0.012658227848101266,0.010284810126582278,0.0023734177215189874,0.4850010273268954,0.242038979641678,0.0,1.0,0.3658824738031642,0.27346860653407407,0.0,0.967741935483871,0.4281384836655024,0.279216011573844,0.0,1.0,0.36372508732278613,0.2807013113589576,0.0,1.0,20,0.15445859872611464,6.138535031847134,15
478,1268,715,13.956113965002748,98.67507886435331,18,6,6,0,940,0.7484076433121019,316,1025,0.8160828025477707,0.8968085106382979,843,182,0.8968085106382979,0.5759493670886076,0.8160828025477707,165,984,5.963636363636364,0.014331210191082803,0.004777070063694267,0.004777070063694267,0.0,0.4845324107051999,0.24218715392422738,0.0,1.0,0.3660069197110003,0.27431624977350055,0.0,0.967741935483871,0.4293782436145314,0.2799199913282244,0.0,1.0,0.3642515518469523,0.28084263970674817,0.0,1.0,20,0.1529968454258675,6.166403785488959,15
479,1265,708,13.942137594813783,98.10909090909091,10,13,10,3,970,0.7649842271293376,298,1045,0.8241324921135647,0.8845360824742268,858,187,0.8845360824742268,0.62751677852349,0.8241324921135647,174,1012,5.816091954022989,0.007886435331230283,0.01025236593059937,0.007886435331230283,0.002365930599369085,0.48353946194058395,0.24250706657682455,0.0,1.0,0.3641463725615198,0.2735018144374531,0.0,0.967741935483871,0.4304985337243402,0.28016138829982373,0.0,1.0,0.36343236006630114,0.2812093735318825,0.0,1.0,20,0.15256916996047432,6.188932806324111,15
480,1265,706,13.948136284446573,98.08616600790513,8,8,6,2,939,0.7422924901185771,326,1046,0.8268774703557312,0.8892438764643238,835,211,0.8892438764643238,0.647239263803681,0.8268774703557312,170,1014,5.964705882352941,0.006324110671936759,0.006324110671936759,0.0047430830039525695,0.0015810276679841897,0.48389646818819326,0.24303925902672674,0.0,1.0,0.36452887925538696,0.27386274275190553,0.0,0.967741935483871,0.43103404309575416,0.28045799104567753,0.0,1.0,0.3646053805941604,0.2814371813136793,0.0,1.0,20,0.1509881422924901,6.186561264822134,15
481,1267,706,13.899846802426973,97.7663772691397,10,8,7,1,977,0.7723320158102767,288,1012,0.8,0.8792221084953941,859,153,0.8792221084953941,0.53125,0.8,177,989,5.5875706214689265,0.007905138339920948,0.006324110671936759,0.005533596837944664,0.0007905138339920949,0.48361636581205286,0.242520651011283,0.0,1.0,0.36512462764467757,0.27366650884353594,0.0,0.967741935483871,0.43269597983552716,0.2814722132076556,0.0,1.0,0.3639279985742292,0.2811760730984971,0.0,1.0,20,0.15074980268350435,6.1878453038674035,15
482,1264,703,13.921351946665228,97.85522151898734,8,11,7,4,986,0.7782162588792423,281,1026,0.8097868981846882,0.8843813387423936,872,154,0.8843813387423936,0.5480427046263345,0.8097868981846882,179,1002,5.597765363128492,0.006314127861089187,0.008681925808997633,0.0055248618784530384,0.0031570639305445935,0.48208452429563087,0.2425745666599297,0.0,1.0,0.3661443446304614,0.2741481174910554,0.0,0.967741935483871,0.4322172315230707,0.2811066141779528,0.0,1.0,0.36326051449571256,0.2805478799714892,0.0,1.0,20,0.15268987341772153,6.193829113924051,15
483,1274,699,13.850137675346556,97.55023547880691,14,4,3,1,937,0.7412974683544303,327,1031,0.8156645569620253,0.887940234791889,832,199,0.887940234791889,0.6085626911314985,0.8156645569620253,178,1005,5.646067415730337,0.011075949367088608,0.0031645569620253164,0.0023734177215189874,0.0007911392405063291,0.48156682027649766,0.24302013745068526,0.0,1.0,0.3658024003646123,0.273503572433396,0.0,0.967741935483871,0.4329518407859422,0.281301543876764,0.0,1.0,0.36268800324099865,0.28053091770319954,0.0,1.0,20,0.152276295133438,6.199372056514914,15
484,1277,696,13.81341838389163,97.45653876272513,10,7,5,2,945,0.7417582417582418,329,1024,0.8037676609105181,0.8899470899470899,841,183,0.8899470899470899,0.5562310030395137,0.8037676609105181,173,994,5.745664739884393,0.007849293563579277,0.005494505494505495,0.003924646781789639,0.0015698587127158557,0.4813954075832976,0.24347524813497984,0.0,1.0,0.3665849900219769,0.2735098028980823,0.0,0.967741935483871,0.4334503751231465,0.2816567403701251,0.0,1.0,0.36117917498168595,0.28043825821221036,0.0,1.0,20,0.15035238841033674,6.211433046202036,15
485,1268,697,13.850843828676771,97.04495268138801,7,16,11,5,918,0.7188723570869224,359,1028,0.8050117462803446,0.8758169934640523,804,224,0.8758169934640523,0.6239554317548747,0.8050117462803446,171,1000,5.847953216374269,0.00548159749412686,0.012529365700861394,0.008613938919342208,0.003915426781519186,0.4807418337234151,0.24363917724932188,0.0,1.0,0.36725348529561413,0.2738179585905129,0.0,0.967741935483871,0.4334486618500051,0.28144091207962946,0.0,1.0,0.36035921440928054,0.2799145520904932,0.0,1.0,20,0.15141955835962145,6.220820189274448,15
486,1262,698,13.852758496677554,96.486529318542,8,14,12,2,944,0.7444794952681388,324,1036,0.8170347003154574,0.8983050847457628,848,188,0.8983050847457628,0.5802469135802469,0.8170347003154574,181,1018,5.624309392265193,0.006309148264984227,0.011041009463722398,0.00946372239747634,0.0015772870662460567,0.48116149481110376,0.24332812660787573,0.0,1.0,0.36680128827769537,0.27389710066679496,0.0,0.967741935483871,0.43182863861765763,0.2809777228333223,0.0,1.0,0.36030877766985325,0.2793330908406747,0.0,1.0,20,0.15134706814580032,6.230586370839936,15
487,1259,699,13.838077162444387,96.20333598093725,8,11,8,3,940,0.7448494453248812,322,1037,0.8217115689381933,0.8776595744680851,825,212,0.8776595744680851,0.6583850931677019,0.8217115689381933,175,1013,5.788571428571428,0.006339144215530904,0.008716323296354992,0.006339144215530904,0.002377179080824089,0.4819493197366061,0.24324002345912346,0.0,1.0,0.36649670757641756,0.2736622276090424,0.0,0.967741935483871,0.4319864715980425,0.28083099271119855,0.0,1.0,0.35939942094340105,0.2794426579705964,0.0,1.0,20,0.1517077045274027,6.2462271644162035,15
488,1249,699,13.866931869477257,95.55484387510008,8,18,13,5,904,0.7180301826846703,355,1019,0.8093725178713265,0.8816371681415929,797,222,0.8816371681415929,0.6253521126760564,0.8093725178713265,175,994,5.68,0.006354249404289118,0.014297061159650517,0.010325655281969817,0.003971405877680699,0.4825021307368475,0.24321399317331174,0.0,1.0,0.36622846664428316,0.2732241393208561,0.0,0.967741935483871,0.4315194090756476,0.27956036706828197,0.0,1.0,0.3596167256385754,0.2793907642381766,0.0,1.0,20,0.15292233787029624,6.245796637309848,15
489,1250,699,13.851359267902051,95.276,12,11,6,5,889,0.7117694155324259,360,1023,0.8190552441953562,0.8773903262092239,780,243,0.8773903262092239,0.675,0.8190552441953562,181,1004,5.54696132596685,0.009607686148919135,0.008807045636509208,0.004803843074459567,0.0040032025620496394,0.483458064516129,0.24313217193143266,0.0,1.0,0.365858064516129,0.2738086661915245,0.0,0.967741935483871,0.43202580645161287,0.2794258051854517,0.0,1.0,0.3592516129032258,0.27944885134902836,0.0,1.0,20,0.1544,6.26,14
490,1249,701,13.78074155591137,94.55484387510008,13,14,10,4,921,0.7368,329,1033,0.8264,0.8935939196525515,823,210,0.8935939196525515,0.6382978723404256,0.8264,165,1000,6.0606060606060606,0.0104,0.0112,0.008,0.0032,0.48265709341666885,0.24336206793639154,0.0,1.0,0.3652212092254449,0.27327798807936754,0.0,0.967741935483871,0.432862418967432,0.2795523451160106,0.0,1.0,0.35765386502750585,0.278874242590325,0.0,1.0,20,0.15612489991993594,6.265812650120096,14
491,1247,692,13.860684564285313,94.51563753007217,9,11,6,5,930,0.7445956765412329,319,1046,0.8374699759807847,0.8978494623655914,835,211,0.8978494623655914,0.6614420062695925,0.8374699759807847,174,1011,5.810344827586207,0.007205764611689352,0.008807045636509208,0.004803843074459567,0.0040032025620496394,0.4819049589983702,0.24364644608358843,0.0,1.0,0.36534133533383345,0.2734561617400296,0.0,0.967741935483871,0.43213389554285125,0.2793410801386457,0.0,1.0,0.358305093514758,0.27884370265751834,0.0,1.0,20,0.15396952686447474,6.267842822774659,14
492,1247,687,13.854246280893442,93.98396150761829,12,12,7,5,902,0.723336006415397,345,990,0.7939053728949479,0.8725055432372506,787,203,0.8725055432372506,0.5884057971014492,0.7939053728949479,167,952,5.700598802395209,0.009623095429029671,0.009623095429029671,0.0056134723336006415,0.00400962309542903,0.48162040510127535,0.24273983137023677,0.0,1.0,0.36497917582843986,0.27359186025542315,0.0,0.967741935483871,0.4307887316656751,0.27888818740212035,0.0,1.0,0.35667537574048686,0.2782495716825369,0.0,1.0,20,0.15396952686447474,6.276663993584603,14
493,1248,690,13.84043412944202,94.06009615384616,9,8,6,2,949,0.7610264635124299,298,1029,0.8251804330392943,0.8904109589041096,845,184,0.8904109589041096,0.6174496644295302,0.8251804330392943,178,1010,5.674157303370786,0.007217321571772253,0.006415396952686447,0.0048115477145148355,0.0016038492381716118,0.481518817204301,0.24238716553082107,0.0,1.0,0.3641697684036394,0.27363432506062874,0.0,0.967741935483871,0.43145161290322587,0.27945927179353197,0.0,1.0,0.3577336641852771,0.27853498231040597,0.0,1.0,20,0.1530448717948718,6.280448717948718,14
494,1239,690,13.885942719909009,93.61016949152543,4,13,12,1,958,0.7676282051282052,290,1048,0.8397435897435898,0.9050104384133612,867,181,0.9050104384133612,0.6241379310344828,0.8397435897435898,177,1025,5.790960451977401,0.003205128205128205,0.010416666666666666,0.009615384615384616,0.0008012820512820513,0.4800437397484964,0.24318855775956918,0.0,1.0,0.3666588559972923,0.2739298394494156,0.0,0.967741935483871,0.43219037204821786,0.27978035266872653,0.0,1.0,0.35853575984795233,0.27893388962714993,0.0,1.0,20,0.15334947538337368,6.286521388216303,14
495,1236,686,13.864735854707218,93.1747572815534,7,10,10,0,924,0.7457627118644068,315,1026,0.8280871670702179,0.8971861471861472,829,197,0.8971861471861472,0.6253968253968254,0.8280871670702179,179,1001,5.592178770949721,0.005649717514124294,0.008071025020177562,0.008071025020177562,0.0,0.48157427706441175,0.2433800604332799,0.0,1.0,0.3661394717611442,0.27369616135958963,0.0,0.967741935483871,0.42974214427393254,0.2804395979232688,0.0,1.0,0.3576573755089258,0.27923728142409987,0.0,1.0,20,0.15453074433656958,6.2953074433656955,14
496,1234,689,13.850317285165733,93.03646677471637,8,10,7,3,967,0.7823624595469255,269,1007,0.8147249190938511,0.8883143743536711,859,148,0.8883143743536711,0.550185873605948,0.8147249190938511,171,981,5.7368421052631575,0.006472491909385114,0.008090614886731391,0.0056634304207119745,0.0024271844660194173,0.48227636325613005,0.24374376005591647,0.0,1.0,0.36545197887802583,0.2735344959070269,0.0,0.967741935483871,0.4300726721388613,0.28009222349786334,0.0,1.0,0.35716526376326657,0.2795962382897173,0.0,1.0,20,0.15640194489465153,6.309562398703403,14
497,1236,685,13.856054844910028,92.83333333333333,10,8,6,2,918,0.7439222042139384,316,1024,0.8298217179902755,0.8888888888888888,816,208,0.8888888888888888,0.6582278481012658,0.8298217179902755,173,993,5.7398843930635834,0.008103727714748784,0.006482982171799027,0.004862236628849271,0.0016207455429497568,0.482409437310784,0.24428076951649802,0.0,1.0,0.36587848418415286,0.2736145201207512,0.0,0.967741935483871,0.4314124647666771,0.28038475888927455,0.0,1.0,0.35663952395865955,0.2798405080915336,0.0,1.0,20,0.15614886731391586,6.3292880258899675,14
498,1233,683,13.848159559095794,92.57826439578264,8,11,9,2,947,0.7661812297734628,289,1016,0.8220064724919094,0.8859556494192186,839,177,0.8859556494192186,0.6124567474048442,0.8220064724919094,175,989,5.651428571428571,0.006472491909385114,0.00889967637540453,0.007281553398058253,0.0016181229773462784,0.48033906286790673,0.24424759024266224,0.0,1.0,0.36606231849933285,0.27318751409284536,0.0,0.967741935483871,0.4325929414227036,0.2819121888013415,0.0,1.0,0.35504800774402845,0.27891398200015766,0.0,1.0,20,0.15571776155717762,6.331711273317112,14
499,1231,678,13.928468717288903,92.79041429731926,8,10,5,5,942,0.7639902676399026,291,1038,0.8418491484184915,0.9002123142250531,848,190,0.9002123142250531,0.6529209621993127,0.8418491484184915,176,1009,5.732954545454546,0.006488240064882401,0.008110300081103,0.0040551500405515,0.0040551500405515,0.47870862922879376,0.24468658242731683,0.0,1.0,0.36568748198422474,0.2732748686206073,0.0,0.967741935483871,0.432090354026362,0.28176001794631766,0.0,1.0,0.35436702392494956,0.2786703662867902,0.0,1.0,20,0.15515840779853776,6.326563769293258,14
500,1223,677,13.938071528567795,92.227309893704,9,17,12,5,911,0.7400487408610885,320,1011,0.8212835093419983,0.8880351262349067,809,202,0.8880351262349067,0.63125,0.8212835093419983,170,980,5.764705882352941,0.007311129163281885,0.01380991064175467,0.00974817221770918,0.004061738424045491,0.4782792182101126,0.24449189832412535,0.0,1.0,0.3663914752195817,0.2733877148232941,0.0,0.967741935483871,0.4338617360799726,0.2820058255506416,0.0,1.0,0.35167356843299136,0.27803077043615004,0.0,1.0,20,0.1561733442354865,6.3524121013900245,14
501,1225,682,13.847996472299547,91.81061224489795,11,9,8,1,902,0.7375306623058054,321,1001,0.8184791496320524,0.8902439024390244,803,198,0.8902439024390244,0.616822429906542,0.8184791496320524,171,977,5.713450292397661,0.008994276369582993,0.007358953393295176,0.006541291905151268,0.0008176614881439084,0.4789993416721527,0.24458034009098545,0.0,1.0,0.36587228439763003,0.27306577487846434,0.0,0.967741935483871,0.43504937458854515,0.2815815690814688,0.0,1.0,0.35104674127715607,0.2782602389174411,0.0,1.0,20,0.15836734693877552,6.364897959183674,14
502,1223,685,13.914012943375182,91.76206050695012,8,10,5,5,898,0.7330612244897959,327,1001,0.8171428571428572,0.888641425389755,798,203,0.888641425389755,0.6207951070336392,0.8171428571428572,171,975,5.701754385964913,0.006530612244897959,0.00816326530612245,0.004081632653061225,0.004081632653061225,0.47706591406641524,0.24371866471462977,0.0,1.0,0.36612771344921263,0.27359783531242565,0.0,0.967741935483871,0.43734339144884343,0.28220342062630166,0.0,1.0,0.35080315459077366,0.2782168230963205,0.0,1.0,20,0.1561733442354865,6.368765331152903,14
503,1222,683,13.960802274197171,91.68821603927987,8,9,7,2,886,0.7244480784955029,337,1044,0.8536385936222404,0.9018058690744921,799,245,0.9018058690744921,0.7270029673590505,0.8536385936222404,180,1022,5.677777777777778,0.006541291905151268,0.007358953393295176,0.005723630417007359,0.001635322976287817,0.4761628213927459,0.24396614637397387,0.0,1.0,0.36576738292592786,0.2732107864410442,0.0,0.967741935483871,0.4384404202523626,0.28235136120297144,0.0,1.0,0.35064146560371684,0.2781752528756147,0.0,1.0,20,0.15711947626841244,6.377250409165303,14
504,1225,694,13.865758065158083,91.01551020408164,13,10,8,2,902,0.7381342062193126,320,972,0.795417348608838,0.8747228381374723,789,183,0.8747228381374723,0.571875,0.795417348608838,159,942,5.9245283018867925,0.010638297872340425,0.008183306055646482,0.006546644844517185,0.0016366612111292963,0.47436471362738647,0.2437376207848427,0.0,1.0,0.36563528637261355,0.2737323705721753,0.0,0.967741935483871,0.4400526662277815,0.281674542864672,0.0,1.0,0.349651086240948,0.2781415331566883,0.0,1.0,20,0.15836734693877552,6.402448979591837,14
505,1234,687,13.844227559566475,90.9578606158833,11,2,2,0,941,0.7681632653061224,284,1003,0.8187755102040817,0.9054197662061636,852,151,0.9054197662061636,0.5316901408450704,0.8187755102040817,176,972,5.5227272727272725,0.008979591836734694,0.0016326530612244899,0.0016326530612244899,0.0,0.47370209651278294,0.24386894695696837,0.0,1.0,0.36495529879228317,0.2740383977290405,0.0,0.967741935483871,0.44011083808229207,0.28119396523640106,0.0,1.0,0.3489046897056517,0.27776353805886733,0.0,1.0,20,0.15721231766612642,6.414100486223663,15
506,1233,687,13.80876745469821,90.18410381184104,13,14,9,5,934,0.7568881685575365,300,1023,0.8290113452188006,0.8854389721627409,827,196,0.8854389721627409,0.6533333333333333,0.8290113452188006,174,997,5.7298850574712645,0.01053484602917342,0.011345218800648298,0.007293354943273906,0.004051863857374392,0.4733275776365016,0.24342221928649255,0.0,1.0,0.36370771524998036,0.2738263316006075,0.0,0.967741935483871,0.4425345995866363,0.282401221260677,0.0,1.0,0.3473824660544698,0.2774230724214132,0.0,1.0,20,0.15571776155717762,6.424168694241687,15
507,1240,675,13.82955912361931,90.05967741935484,12,5,2,3,940,0.7623682076236821,293,1001,0.8118410381184104,0.8957446808510638,842,159,0.8957446808510638,0.5426621160409556,0.8118410381184104,174,963,5.5344827586206895,0.009732360097323601,0.0040551500405515,0.0016220600162206002,0.0024330900243309003,0.47380332986472423,0.24392903688656986,0.0,1.0,0.3619927159209157,0.2735531667668047,0.0,0.967741935483871,0.44235171696149844,0.2816632554612199,0.0,1.0,0.3462018730489074,0.27677536644123746,0.0,1.0,20,0.15645161290322582,6.439516129032258,15
508,1239,676,13.90244836371319,90.46569814366424,5,6,4,2,910,0.7338709677419355,330,1017,0.8201612903225807,0.8945054945054945,814,203,0.8945054945054945,0.6151515151515151,0.8201612903225807,174,992,5.7011494252873565,0.004032258064516129,0.004838709677419355,0.0032258064516129032,0.0016129032258064516,0.4733265640865423,0.24375265046837555,0.0,1.0,0.3612694941289802,0.27372145332414805,0.0,0.967741935483871,0.44260459788070505,0.28189547520797137,0.0,1.0,0.34538779973443723,0.27634589773185175,0.0,1.0,20,0.1565778853914447,6.441485068603713,15
509,1235,684,13.896908605366473,90.32631578947368,6,10,8,2,937,0.7562550443906376,302,1028,0.8297013720742534,0.8911419423692636,835,193,0.8911419423692636,0.6390728476821192,0.8297013720742534,171,1007,5.888888888888889,0.004842615012106538,0.008071025020177562,0.00645682001614205,0.0016142050040355124,0.4736058508554264,0.2442459698674723,0.0,1.0,0.360767924774716,0.2737545766115471,0.0,0.967741935483871,0.4441948543816116,0.28201617127705175,0.0,1.0,0.3462452657698838,0.2768671827978667,0.0,1.0,20,0.15789473684210525,6.458299595141701,15
510,1230,681,13.92492334121434,90.2520325203252,7,12,8,4,941,0.7619433198380566,294,1049,0.8493927125506073,0.9075451647183846,854,195,0.9075451647183846,0.6632653061224489,0.8493927125506073,171,1017,5.947368421052632,0.005668016194331984,0.009716599190283401,0.006477732793522267,0.0032388663967611335,0.47408864411224755,0.2438205900865223,0.0,1.0,0.35997901914503017,0.273234260093866,0.0,0.967741935483871,0.44400734329923947,0.28187377986638784,0.0,1.0,0.34384998688696566,0.2767407142825446,0.0,1.0,20,0.15853658536585366,6.483739837398374,15
511,1227,687,13.912556184231828,90.0635696821516,7,10,7,3,971,0.7894308943089431,259,1032,0.8390243902439024,0.9114315139031925,885,147,0.9114315139031925,0.5675675675675675,0.8390243902439024,170,1008,5.929411764705883,0.005691056910569106,0.008130081300813009,0.005691056910569106,0.0024390243902439024,0.4735915030102269,0.2436255654948585,0.0,1.0,0.36038594000578383,0.27335711918099703,0.0,0.967741935483871,0.4446985829586981,0.2817715622173294,0.0,1.0,0.34332360596261535,0.2761765420428894,0.0,1.0,20,0.15810920945395274,6.481662591687042,15
512,1231,694,13.879651265671049,89.93257514216084,11,7,4,3,904,0.7367563162184189,323,1023,0.8337408312958435,0.8971238938053098,811,212,0.8971238938053098,0.6563467492260062,0.8337408312958435,170,1000,5.882352941176471,0.008964955175224124,0.0057049714751426246,0.0032599837000814994,0.0024449877750611247,0.4724981001546081,0.24346665606411302,0.0,1.0,0.3606561672912135,0.2731282038954994,0.0,0.967741935483871,0.4456120122638295,0.2826231410602085,0.0,1.0,0.34391132307853567,0.276502167534521,0.0,1.0,20,0.15597075548334688,6.492282696994313,15
513,1228,697,13.881098920761671,89.81270358306189,8,11,7,4,900,0.7311129163281884,331,1002,0.8139723801787165,0.8766666666666667,789,213,0.8766666666666667,0.6435045317220544,0.8139723801787165,177,982,5.548022598870056,0.006498781478472786,0.008935824532900082,0.005686433793663688,0.003249390739236393,0.47252285384049597,0.2442865451724215,0.0,1.0,0.3605127666281391,0.27251494432666457,0.0,0.967741935483871,0.4464116843543134,0.28275497010163775,0.0,1.0,0.34186193128086584,0.2756856865011175,0.0,1.0,20,0.1563517915309446,6.505700325732899,15
514,1220,700,13.896632045787392,89.34754098360656,7,15,11,4,921,0.75,307,1035,0.8428338762214984,0.9087947882736156,837,198,0.9087947882736156,0.6449511400651465,0.8428338762214984,176,1014,5.761363636363637,0.005700325732899023,0.012214983713355049,0.008957654723127036,0.003257328990228013,0.47308302485457426,0.2445278948331455,0.0,1.0,0.3619249074563723,0.27272466831320785,0.0,0.967741935483871,0.44608672659968274,0.28205393525475136,0.0,1.0,0.34135378106821784,0.2763343855760354,0.0,1.0,20,0.15655737704918032,6.5131147540983605,15
515,1218,711,13.983198897624874,89.80131362889983,6,8,2,6,895,0.7336065573770492,325,995,0.8155737704918032,0.88268156424581,790,205,0.88268156424581,0.6307692307692307,0.8155737704918032,171,977,5.713450292397661,0.004918032786885246,0.006557377049180328,0.001639344262295082,0.004918032786885246,0.47182054134223206,0.24425592151784897,0.0,1.0,0.36167169871285554,0.2723723017527633,0.0,0.967741935483871,0.44671327930504795,0.28298020515192146,0.0,1.0,0.3408019492557869,0.27581966413676295,0.0,1.0,20,0.15517241379310345,6.505747126436781,15
516,1212,718,14.01607665119014,89.51485148514851,6,12,8,4,891,0.7315270935960592,327,1033,0.8481116584564861,0.9124579124579124,813,220,0.9124579124579124,0.672782874617737,0.8481116584564861,177,1017,5.745762711864407,0.0049261083743842365,0.009852216748768473,0.006568144499178982,0.003284072249589491,0.4721867348025125,0.24439115224494282,0.0,1.0,0.3618918343447248,0.27210655232843406,0.0,0.967741935483871,0.4471947194719472,0.28344416880487683,0.0,1.0,0.3407058447780262,0.276201711341151,0.0,1.0,20,0.15594059405940594,6.514851485148514,15
517,1213,720,14.04705930568716,89.4080791426216,9,8,5,3,917,0.7566006600660066,295,1031,0.8506600660066007,0.9073064340239912,832,199,0.9073064340239912,0.6745762711864407,0.8506600660066007,169,1002,5.928994082840236,0.007425742574257425,0.006600660066006601,0.004125412541254125,0.0024752475247524753,0.4711592160199984,0.24419845527045264,0.0,1.0,0.36132755365263414,0.2717069834830107,0.0,0.967741935483871,0.4469324256043401,0.2834653417397908,0.0,1.0,0.3395739701619552,0.2756400695527345,0.0,1.0,20,0.15581203627370158,6.52431986809563,15
518,1214,720,14.077123844949543,89.4489291598023,8,7,5,2,904,0.7452596867271228,309,1018,0.8392415498763397,0.8982300884955752,812,206,0.8982300884955752,0.6666666666666666,0.8392415498763397,182,1000,5.4945054945054945,0.006595218466611707,0.005770816158285243,0.004122011541632316,0.0016488046166529267,0.4708508263804007,0.24397244224657408,0.0,1.0,0.3625710793431472,0.27217880360904534,0.0,0.967741935483871,0.44680342243715787,0.28385564934261515,0.0,1.0,0.34025083700908754,0.27565147475292745,0.0,1.0,20,0.15403624382207579,6.528006589785832,15
519,1218,725,14.029847930619095,89.13875205254516,10,6,6,0,893,0.7355848434925865,321,1026,0.8451400329489291,0.9025755879059351,806,220,0.9025755879059351,0.6853582554517134,0.8451400329489291,168,999,5.946428571428571,0.008237232289950576,0.004942339373970346,0.004942339373970346,0.0,0.47044334975369456,0.24356401966310348,0.0,1.0,0.3614598230838498,0.27226459387721924,0.0,0.967741935483871,0.4459981990571535,0.2838185660686173,0.0,1.0,0.34053710471952964,0.2752261974183115,0.0,1.0,20,0.15270935960591134,6.5344827586206895,15
520,1217,731,14.001237215336053,88.93508627773213,9,10,7,3,927,0.7610837438423645,291,1019,0.8366174055829229,0.9072276159654801,841,178,0.9072276159654801,0.6116838487972509,0.8366174055829229,171,996,5.824561403508772,0.007389162561576354,0.008210180623973728,0.005747126436781609,0.0024630541871921183,0.4704588225938982,0.24358274549024894,0.0,1.0,0.3609881517215787,0.2718785507236067,0.0,0.967741935483871,0.4463381662999974,0.2839221384213983,0.0,1.0,0.3395711294298513,0.2745194312120351,0.0,1.0,20,0.15365653245686114,6.542317173377157,15
521,1209,734,14.054921757564417,88.77584780810588,5,13,10,3,916,0.752670501232539,301,1026,0.8430566967953985,0.9061135371179039,830,196,0.9061135371179039,0.6511627906976745,0.8430566967953985,175,1004,5.7371428571428575,0.004108463434675432,0.010682004930156122,0.008216926869350863,0.0024650780608052587,0.46887590383948347,0.24308983307494836,0.0,1.0,0.3631900530964007,0.2719679284405359,0.0,0.967741935483871,0.4460631286853971,0.28446954350718456,0.0,1.0,0.33955014808292644,0.27397558174787023,0.0,1.0,20,0.15384615384615385,6.536807278742763,15
522,1202,737,14.097350985565667,88.48752079866888,5,12,9,3,938,0.7758478081058726,271,1005,0.8312655086848635,0.9019189765458422,846,159,0.9019189765458422,0.5867158671586716,0.8312655086848635,177,985,5.564971751412429,0.0041356492969396195,0.009925558312655087,0.007444168734491315,0.0024813895781637717,0.46690998872846334,0.24248805360589357,0.0,1.0,0.3639364500026837,0.27188992728031214,0.0,0.967741935483871,0.44680908163813005,0.28468020543762107,0.0,1.0,0.3389243733562342,0.2728292769484635,0.0,1.0,20,0.15141430948419302,6.550748752079867,15
523,1216,737,13.95575611849656,87.8001644736842,18,4,3,1,896,0.7454242928452579,306,988,0.8219633943427621,0.8962053571428571,803,185,0.8962053571428571,0.6045751633986928,0.8219633943427621,168,956,5.690476190476191,0.014975041597337771,0.0033277870216306157,0.0024958402662229617,0.0008319467554076539,0.4666808149405773,0.24272770020581227,0.0,1.0,0.3645744906621392,0.2714399018956375,0.0,0.967741935483871,0.4470766129032258,0.2843226594842758,0.0,1.0,0.33759550084889645,0.2728679214191202,0.0,1.0,20,0.15213815789473684,6.571546052631579,15
524,1211,736,13.96362837424338,87.35672997522708,10,15,10,5,913,0.7508223684210527,303,1028,0.8453947368421053,0.895947426067908,818,210,0.895947426067908,0.693069306930693,0.8453947368421053,181,1008,5.569060773480663,0.008223684210526315,0.012335526315789474,0.008223684210526315,0.004111842105263158,0.46541115047548015,0.2433443749331108,0.0,1.0,0.36434831251165395,0.27111293666762953,0.0,0.967741935483871,0.44735089635332037,0.2849752170694155,0.0,1.0,0.3361924296102927,0.2719003785411783,0.0,1.0,20,0.15194054500412882,6.573080099091659,15
525,1207,741,14.004456853403124,87.4424192212096,6,10,6,4,903,0.7456647398843931,308,1047,0.8645747316267548,0.9269102990033222,837,210,0.9269102990033222,0.6818181818181818,0.8645747316267548,173,1025,5.92485549132948,0.00495458298926507,0.008257638315441783,0.00495458298926507,0.0033030553261767133,0.46425421599807576,0.24293810197193352,0.0,1.0,0.36435310153138945,0.2704886066658563,0.0,0.967741935483871,0.4467220781997488,0.2843885733561823,0.0,1.0,0.3348745222759708,0.27133460662475395,0.0,1.0,20,0.1516155758077879,6.570008285004143,15
526,1206,752,14.021841390026921,87.44444444444444,7,8,6,2,906,0.7506213753106876,301,1008,0.8351284175642087,0.8984547461368654,814,194,0.8984547461368654,0.6445182724252492,0.8351284175642087,176,995,5.653409090909091,0.00579950289975145,0.006628003314001657,0.004971002485501243,0.0016570008285004142,0.4628738030278714,0.24253129082199779,0.0,1.0,0.364147006900979,0.2699376138967464,0.0,0.967741935483871,0.44674477076980684,0.2846993931422415,0.0,1.0,0.3350719520676189,0.27060258234496587,0.0,1.0,20,0.1517412935323383,6.560530679933665,15
527,1206,756,14.054355276821557,87.51907131011609,8,8,5,3,916,0.7595356550580431,290,1037,0.8598673300165838,0.9082969432314411,832,205,0.9082969432314411,0.7068965517241379,0.8598673300165838,170,1011,5.947058823529412,0.006633499170812604,0.006633499170812604,0.0041459369817578775,0.0024875621890547263,0.4639437222489702,0.2421374008341144,0.0,1.0,0.36342481142673727,0.2692430581307787,0.0,0.967741935483871,0.4468250147113893,0.2845597922250451,0.0,1.0,0.3346974803402343,0.27090322590133736,0.0,1.0,20,0.1517412935323383,6.558872305140961,15
528,1206,755,14.11498943208671,87.6028192371476,6,6,5,1,927,0.7686567164179104,279,1069,0.8864013266998342,0.9341963322545846,866,203,0.9341963322545846,0.7275985663082437,0.8864013266998342,174,1042,5.988505747126437,0.004975124378109453,0.004975124378109453,0.0041459369817578775,0.0008291873963515755,0.4647194136842669,0.2423406655542042,0.0,1.0,0.36379928315412186,0.2685345078205919,0.0,0.967741935483871,0.44623655913978494,0.2842762446937493,0.0,1.0,0.33408227678810254,0.2707659794841813,0.0,1.0,20,0.15257048092868988,6.560530679933665,15
529,1215,768,13.998960600744166,87.17942386831275,15,6,4,2,911,0.7553897180762852,295,1015,0.8416252072968491,0.9055982436882547,825,190,0.9055982436882547,0.6440677966101694,0.8416252072968491,168,996,5.928571428571429,0.012437810945273632,0.004975124378109453,0.003316749585406302,0.001658374792703151,0.46488782689499536,0.24209205727470492,0.0,1.0,0.36460905349794237,0.26903939828331247,0.0,0.967741935483871,0.44561263772733306,0.2845344847696734,0.0,1.0,0.33466082570025224,0.27064548968783997,0.0,1.0,20,0.1522633744855967,6.5588477366255145,15
530,1222,770,13.952379747180695,87.01882160392799,11,4,4,0,910,0.7489711934156379,305,1003,0.8255144032921811,0.9131868131868132,831,172,0.9131868131868132,0.5639344262295082,0.8255144032921811,176,981,5.573863636363637,0.00905349794238683,0.0032921810699588477,0.0032921810699588477,0.0,0.4644422153001425,0.242436897622816,0.0,1.0,0.3652658254580012,0.2687414988879051,0.0,0.967741935483871,0.44282244865635395,0.2843633631085692,0.0,1.0,0.33641307217147987,0.2709975729939098,0.0,1.0,20,0.1530278232405892,6.551554828150572,15
531,1220,780,13.929943363732152,87.03032786885245,8,10,6,4,939,0.7684124386252046,283,1051,0.8600654664484452,0.9243876464323749,868,183,0.9243876464323749,0.6466431095406361,0.8600654664484452,173,1034,5.976878612716763,0.006546644844517185,0.008183306055646482,0.004909983633387889,0.0032733224222585926,0.4641459545214172,0.2425918108701019,0.0,1.0,0.3648863035430989,0.26792638474056263,0.0,0.967741935483871,0.44206768905341093,0.2834219856708031,0.0,1.0,0.3329455314648334,0.2698840829827119,0.0,1.0,20,0.1557377049180328,6.573770491803279,15
532,1225,780,13.887909025506358,86.6,13,8,5,3,934,0.7655737704918033,286,1046,0.8573770491803279,0.9282655246252677,867,179,0.9282655246252677,0.6258741258741258,0.8573770491803279,176,1022,5.806818181818182,0.010655737704918032,0.006557377049180328,0.004098360655737705,0.002459016393442623,0.4625411454904543,0.2427594626235936,0.0,1.0,0.3651086240947992,0.2685996979367147,0.0,0.967741935483871,0.44107965766951945,0.28312996192632056,0.0,1.0,0.33340355497037527,0.2699078070450524,0.0,1.0,20,0.15346938775510205,6.579591836734694,15
533,1222,788,13.949940461528897,86.9328968903437,6,9,4,5,905,0.7387755102040816,320,1024,0.8359183673469388,0.9005524861878453,815,209,0.9005524861878453,0.653125,0.8359183673469388,173,1005,5.809248554913295,0.004897959183673469,0.007346938775510204,0.0032653061224489797,0.004081632653061225,0.46214561005226756,0.24228934393071386,0.0,1.0,0.3642363127606779,0.26797513297538167,0.0,0.967741935483871,0.4395227284726255,0.2821750406965513,0.0,1.0,0.3325062034739454,0.26944241555238013,0.0,1.0,20,0.15384615384615385,6.594108019639934,15
534,1226,784,13.929951203654133,86.7389885807504,10,6,6,0,927,0.7585924713584288,295,1083,0.886252045826514,0.9385113268608414,870,213,0.9385113268608414,0.7220338983050848,0.886252045826514,179,1058,5.910614525139665,0.008183306055646482,0.004909983633387889,0.004909983633387889,0.0,0.4633215808030311,0.24326666141762107,0.0,1.0,0.36388991211913907,0.26770125710585535,0.0,0.967741935483871,0.43929905804346686,0.2821944970692698,0.0,1.0,0.33231595011314,0.2693651600026142,0.0,1.0,20,0.15497553017944535,6.6109298531810765,15
535,1229,795,13.76777110436033,85.8445890968267,15,12,9,3,959,0.7822185970636215,267,1044,0.8515497553017944,0.9197080291970803,882,162,0.9197080291970803,0.6067415730337079,0.8515497553017944,173,1028,5.942196531791907,0.012234910277324634,0.009787928221859706,0.00734094616639478,0.0024469820554649264,0.4629780309194467,0.24301655434497377,0.0,1.0,0.36499645659991076,0.26875722010990044,0.0,0.967741935483871,0.4411401874064936,0.2828785468960562,0.0,1.0,0.33328958765321925,0.26972801762558496,0.0,1.0,20,0.15541090317331163,6.612693246541904,15
536,1230,798,13.733457641376736,85.630081300813,9,8,6,2,917,0.7461350691619203,312,1053,0.8567941415785191,0.925845147219193,849,204,0.925845147219193,0.6538461538461539,0.8567941415785191,173,1029,5.9479768786127165,0.007323026851098454,0.006509357200976403,0.004882017900732303,0.0016273393002441008,0.46163126147390504,0.24271378021266293,0.0,1.0,0.36700760555992656,0.26912591128376445,0.0,0.967741935483871,0.44316810910044585,0.2818018553863919,0.0,1.0,0.33215316024127983,0.2684739801921416,0.0,1.0,20,0.15528455284552845,6.62520325203252,15
537,1227,804,13.660091436056646,84.89649551752241,9,12,11,1,885,0.7195121951219512,345,1062,0.8634146341463415,0.9163841807909604,811,251,0.9163841807909604,0.7275362318840579,0.8634146341463415,169,1037,6.136094674556213,0.007317073170731708,0.00975609756097561,0.00894308943089431,0.0008130081300813008,0.46202381891316346,0.242298796708604,0.0,1.0,0.3681152561979126,0.2700774764178704,0.0,0.967741935483871,0.4455924494571076,0.28164758200654866,0.0,1.0,0.32954754581065804,0.2674816578887966,0.0,1.0,20,0.15647921760391198,6.649551752241239,15
538,1230,805,13.63793885278025,84.72276422764227,9,6,5,1,956,0.7791361043194784,271,1082,0.8818255908720456,0.9435146443514645,902,180,0.9435146443514645,0.6642066420664207,0.8818255908720456,172,1055,6.133720930232558,0.007334963325183374,0.004889975550122249,0.004074979625101874,0.0008149959250203749,0.4624704956726987,0.24260795371278382,0.0,1.0,0.36695515342250196,0.26962449191924376,0.0,0.967741935483871,0.44523996852871756,0.28131702962075816,0.0,1.0,0.32958300550747444,0.2676792722770927,0.0,1.0,20,0.15609756097560976,6.665040650406504,15
539,1228,810,13.670544112622533,84.6986970684039,9,11,4,7,928,0.7544715447154472,302,1055,0.8577235772357723,0.915948275862069,850,205,0.915948275862069,0.6788079470198676,0.8577235772357723,180,1040,5.777777777777778,0.007317073170731708,0.00894308943089431,0.0032520325203252032,0.005691056910569106,0.4626457917410949,0.24249410446325656,0.0,1.0,0.36742145634128404,0.26937517469015754,0.0,0.967741935483871,0.4453083955027845,0.2812781809334818,0.0,1.0,0.32870127140905747,0.26721900950584465,0.0,1.0,20,0.1563517915309446,6.680781758957655,15
540,1235,819,13.611257478899672,84.75222672064777,10,3,3,0,903,0.7353420195439739,325,1027,0.8363192182410424,0.902547065337763,815,212,0.902547065337763,0.6523076923076923,0.8363192182410424,172,1008,5.8604651162790695,0.008143322475570033,0.0024429967426710096,0.0024429967426710096,0.0,0.4625048974794305,0.24194497250172436,0.0,1.0,0.3674546166906099,0.2696968617633851,0.0,0.967741935483871,0.4453180096643594,0.2813390637796098,0.0,1.0,0.3274911845370249,0.26683127515668675,0.0,1.0,20,0.15708502024291499,6.697165991902834,15
541,1237,821,13.627855989334494,84.87631366208569,10,8,4,4,924,0.7481781376518218,311,1035,0.8380566801619433,0.9090909090909091,840,195,0.9090909090909091,0.6270096463022508,0.8380566801619433,183,1020,5.573770491803279,0.008097165991902834,0.006477732793522267,0.0032388663967611335,0.0032388663967611335,0.4630088403264923,0.24188918158138137,0.0,1.0,0.36678227762276056,0.26935123578729425,0.0,0.967741935483871,0.44418077033405484,0.2809938564136679,0.0,1.0,0.32975200146034894,0.2672496743068237,0.0,1.0,20,0.15844785772029102,6.695230396119644,15
542,1235,828,13.582399547198582,84.46396761133603,8,10,9,1,923,0.746160064672595,314,1078,0.8714632174616006,0.9295774647887324,858,220,0.9295774647887324,0.7006369426751592,0.8714632174616006,182,1067,5.862637362637362,0.0064672594987873885,0.008084074373484237,0.007275666936135812,0.0008084074373484236,0.4634974533106961,0.24198879465068304,0.0,1.0,0.3663314614078621,0.26910439576815104,0.0,0.967741935483871,0.4434112576727178,0.2806076529964486,0.0,1.0,0.32926733707718425,0.266704230622559,0.0,1.0,20,0.15951417004048582,6.705263157894737,15
543,1233,841,13.55913777609583,84.43552311435523,7,9,6,3,922,0.7465587044534413,313,1046,0.8469635627530364,0.9078091106290672,837,209,0.9078091106290672,0.6677316293929713,0.8469635627530364,167,1026,6.1437125748503,0.005668016194331984,0.0072874493927125505,0.004858299595141701,0.0024291497975708503,0.4634382439892211,0.24201230730547224,0.0,1.0,0.3674750804489444,0.26935789845525926,0.0,0.967741935483871,0.44449676896109674,0.2808709481193095,0.0,1.0,0.32723752714334303,0.2661151434233293,0.0,1.0,20,0.15815085158150852,6.723438767234388,15
544,1229,845,13.604526377155045,84.62815296989422,7,11,5,6,926,0.7510137875101379,307,1053,0.8540145985401459,0.9190064794816415,851,202,0.9190064794816415,0.6579804560260586,0.8540145985401459,175,1032,5.897142857142857,0.0056772100567721,0.008921330089213302,0.0040551500405515,0.004866180048661801,0.463634216121158,0.242044073724829,0.0,1.0,0.3687498359536996,0.2696540622242876,0.0,0.967741935483871,0.44447360823118715,0.2814567395087108,0.0,1.0,0.3258090763537101,0.26492030239739167,0.0,1.0,20,0.15866558177379983,6.705451586655817,15
545,1230,845,13.625736078481967,84.70325203252033,6,5,4,1,906,0.7371847030105777,323,1025,0.8340113913751017,0.9150110375275938,829,196,0.9150110375275938,0.6068111455108359,0.8340113913751017,180,1005,5.583333333333333,0.004882017900732303,0.0040683482506102524,0.0032546786004882017,0.0008136696501220504,0.46302124311565696,0.24227034878962508,0.0,1.0,0.36829268292682926,0.2698135871530619,0.0,0.967741935483871,0.44634146341463415,0.28112323463996597,0.0,1.0,0.3245213742460005,0.2643151161401614,0.0,1.0,20,0.15934959349593497,6.711382113821138,15
546,1230,851,13.596851755984154,84.44390243902438,10,10,7,3,893,0.7260162601626017,337,1024,0.832520325203252,0.9036954087346024,807,217,0.9036954087346024,0.6439169139465876,0.832520325203252,174,1004,5.7701149425287355,0.008130081300813009,0.008130081300813009,0.005691056910569106,0.0024390243902439024,0.46312614739050617,0.24285134151419802,0.0,1.0,0.36682402307894046,0.26949069170777423,0.0,0.967741935483871,0.44463676894833465,0.28134030826963935,0.0,1.0,0.32504589562024655,0.26483834752768604,0.0,1.0,20,0.15853658536585366,6.710569105691057,15
547,1234,856,13.63372356384111,84.94570502431118,8,4,1,3,891,0.724390243902439,339,1080,0.8780487804878049,0.9236812570145904,823,257,0.9236812570145904,0.7581120943952803,0.8780487804878049,171,1056,6.175438596491228,0.0065040650406504065,0.0032520325203252032,0.0008130081300813008,0.0024390243902439024,0.46329795576933136,0.24335787277713647,0.0,1.0,0.36811836670674963,0.2697260472821917,0.0,0.967741935483871,0.44580958853976055,0.2812973313968911,0.0,1.0,0.3243059549328175,0.26478427371536434,0.0,1.0,20,0.15883306320907617,6.723662884927067,15
548,1237,865,13.63600487271527,85.28375101050929,7,4,3,1,942,0.7633711507293355,292,1045,0.846839546191248,0.9203821656050956,867,178,0.9203821656050956,0.6095890410958904,0.846839546191248,161,1015,6.304347826086956,0.005672609400324149,0.0032414910858995136,0.0024311183144246355,0.0008103727714748784,0.46235689884475967,0.2432938417943584,0.0,1.0,0.3674863744230318,0.26977941356292573,0.0,0.967741935483871,0.4466320703053694,0.28160715471348785,0.0,1.0,0.324953712154797,0.264294098395365,0.0,1.0,20,0.1576394502829426,6.736459175424414,16
549,1237,868,13.696667904714971,85.76394502829426,4,4,3,1,932,0.7534357316087308,305,1030,0.8326596604688763,0.8991416309012875,838,192,0.8991416309012875,0.6295081967213115,0.8326596604688763,168,1001,5.958333333333333,0.0032336297493936943,0.0032336297493936943,0.002425222312045271,0.0008084074373484236,0.4628784520301458,0.24369175349598785,0.0,1.0,0.366990898896915,0.2692763084832108,0.0,0.967741935483871,0.4460583618014447,0.2811659216285158,0.0,1.0,0.3249797898140663,0.2642063193484913,0.0,1.0,20,0.15844785772029102,6.740501212611156,16
550,1234,867,13.730234605284728,85.79740680713128,5,8,7,1,958,0.7744543249797898,279,1089,0.8803556992724333,0.9269311064718163,888,201,0.9269311064718163,0.7204301075268817,0.8803556992724333,179,1067,5.960893854748603,0.004042037186742118,0.0064672594987873885,0.005658852061438965,0.0008084074373484236,0.4637684947979296,0.24394051991591803,0.0,1.0,0.36644533904951115,0.26868511021953323,0.0,0.967741935483871,0.44601871699691537,0.28083053356378307,0.0,1.0,0.3233387358184765,0.26394512518337304,0.0,1.0,20,0.1612641815235008,6.761750405186386,16
551,1234,874,13.691492102898582,85.46272285251216,8,8,8,0,917,0.7431118314424635,317,1059,0.8581847649918962,0.9214830970556162,845,214,0.9214830970556162,0.6750788643533123,0.8581847649918962,172,1038,6.034883720930233,0.006482982171799027,0.006482982171799027,0.006482982171799027,0.0,0.4634286610550531,0.24439408398513146,0.0,1.0,0.36639305693522245,0.26817216505208835,0.0,0.967741935483871,0.44625398651121445,0.2811487272488995,0.0,1.0,0.32302504313274427,0.2631491267054264,0.0,1.0,20,0.16045380875202594,6.7658022690437605,16
552,1231,879,13.78776215744758,85.92282696994313,3,6,4,2,937,0.7593192868719612,297,1054,0.8541329011345219,0.8943436499466382,838,216,0.8943436499466382,0.7272727272727273,0.8541329011345219,177,1036,5.853107344632768,0.0024311183144246355,0.004862236628849271,0.0032414910858995136,0.0016207455429497568,0.4626713136448206,0.24433716844902062,0.0,1.0,0.36597573438851183,0.2679670750340267,0.0,0.967741935483871,0.4472629123974739,0.2809721161522741,0.0,1.0,0.32174209271245513,0.2621289174549404,0.0,0.967741935483871,20,0.16165718927701056,6.770917952883834,16
553,1230,892,13.765367036883777,85.92439024390244,6,7,6,1,926,0.752233956133225,305,1032,0.8383428107229894,0.9146868250539957,847,185,0.9146868250539957,0.6065573770491803,0.8383428107229894,173,1018,5.884393063583815,0.00487408610885459,0.005686433793663688,0.00487408610885459,0.0008123476848090983,0.4617361657487542,0.24408931136557593,0.0,1.0,0.36548649357461316,0.26818912252305127,0.0,0.967741935483871,0.4476265407815369,0.2805585058135906,0.0,1.0,0.3211644374508261,0.26157400792872193,0.0,0.967741935483871,20,0.16097560975609757,6.777235772357724,16
554,1237,892,13.764169852311943,86.12934518997575,10,3,1,2,951,0.7731707317073171,279,1065,0.8658536585365854,0.9148264984227129,870,195,0.9148264984227129,0.6989247311827957,0.8658536585365854,183,1048,5.726775956284153,0.008130081300813009,0.0024390243902439024,0.0008130081300813008,0.0016260162601626016,0.46183534565937356,0.24346493185202817,0.0,1.0,0.36639111273372105,0.2681868039885678,0.0,0.967741935483871,0.44762302135760296,0.2808482327714445,0.0,1.0,0.3202597334863223,0.26100851032467626,0.0,0.967741935483871,20,0.16006467259498788,6.782538399353274,16
555,1240,902,13.681368429738658,85.72419354838709,13,10,6,4,928,0.7502021018593371,309,1071,0.8658043654001617,0.9202586206896551,854,217,0.9202586206896551,0.7022653721682848,0.8658043654001617,172,1053,6.122093023255814,0.010509296685529508,0.008084074373484237,0.004850444624090542,0.0032336297493936943,0.4613163371488033,0.24334449085991725,0.0,1.0,0.36690946930280954,0.2682066197375172,0.0,0.967741935483871,0.44747658688865766,0.2815035434721749,0.0,1.0,0.31974505723204993,0.2612212922335233,0.0,0.967741935483871,20,0.1588709677419355,6.795967741935484,16
556,1239,904,13.670655393602365,85.69007263922518,7,8,7,1,949,0.7653225806451613,291,1077,0.8685483870967742,0.916754478398314,870,207,0.916754478398314,0.711340206185567,0.8685483870967742,176,1055,5.994318181818182,0.00564516129032258,0.0064516129032258064,0.00564516129032258,0.0008064516129032258,0.4612720976854383,0.2434273383734503,0.0,1.0,0.36514879325158167,0.2679656904602933,0.0,0.967741935483871,0.44882709781561614,0.2820539045601969,0.0,1.0,0.3203676221718868,0.26079868576529897,0.0,0.967741935483871,20,0.15899919289749798,6.7958030669895075,16
557,1242,906,13.731072358074947,86.2914653784219,5,2,1,1,901,0.7271993543179984,338,1064,0.8587570621468926,0.925638179800222,834,230,0.925638179800222,0.6804733727810651,0.8587570621468926,174,1040,5.977011494252873,0.004035512510088781,0.0016142050040355124,0.0008071025020177562,0.0008071025020177562,0.4606773674094852,0.2431935009823868,0.0,1.0,0.3661627967378318,0.26811024951663864,0.0,0.967741935483871,0.44805464651186955,0.2817578521928525,0.0,1.0,0.3197755960729313,0.2605212149827445,0.0,0.967741935483871,20,0.15942028985507245,6.805152979066023,16
558,1250,905,13.708460543967997,86.4104,10,2,2,0,900,0.7246376811594203,342,1060,0.8534621578099839,0.9222222222222223,830,230,0.9222222222222223,0.672514619883041,0.8534621578099839,177,1036,5.853107344632768,0.008051529790660225,0.001610305958132045,0.001610305958132045,0.0,0.4607483870967741,0.24334770146548085,0.0,1.0,0.366941935483871,0.268124920332344,0.0,0.967741935483871,0.45024516129032255,0.2828644219534793,0.0,1.0,0.3182451612903226,0.25995984769604696,0.0,0.967741935483871,20,0.16,6.832,16
559,1250,905,13.710425523328906,86.496,8,8,5,3,915,0.732,335,1109,0.8872,0.9322404371584699,853,256,0.9322404371584699,0.764179104477612,0.8872,175,1084,6.194285714285714,0.0064,0.0064,0.004,0.0024,0.4607741935483871,0.2434749814607129,0.0,1.0,0.3657548387096774,0.26729283251568114,0.0,0.967741935483871,0.4498064516129032,0.28342498691010787,0.0,1.0,0.31909677419354837,0.26031026073098124,0.0,0.967741935483871,20,0.1584,6.8536,16
560,1246,904,13.692724816259537,86.03451043338684,10,14,9,5,890,0.712,360,1091,0.8728,0.9224719101123595,821,270,0.9224719101123595,0.75,0.8728,179,1069,5.972067039106145,0.008,0.0112,0.0072,0.004,0.46041526432972607,0.24349370158506936,0.0,1.0,0.36793869414384095,0.2680779324989812,0.0,0.967741935483871,0.4500595453839383,0.2838810743236237,0.0,1.0,0.31771345725677,0.25910387515933714,0.0,0.967741935483871,20,0.15971107544141253,6.857142857142857,17
561,1243,906,13.766661002514223,86.20675784392598,4,7,6,1,883,0.7086677367576244,363,1046,0.8394863563402889,0.912797281993205,806,240,0.912797281993205,0.6611570247933884,0.8394863563402889,179,1027,5.737430167597766,0.0032102728731942215,0.0056179775280898875,0.004815409309791332,0.0008025682182985554,0.46017699115044247,0.24313948697127144,0.0,1.0,0.3676588897827836,0.2679004160728932,0.0,0.967741935483871,0.44899177328523604,0.2832640990599581,0.0,1.0,0.3168972049931228,0.2583407792624625,0.0,0.967741935483871,20,0.16009654062751408,6.866452131938858,17
562,1245,910,13.736233248305501,86.1991967871486,9,7,5,2,941,0.7570394207562349,302,1072,0.8624296057924377,0.9309245483528161,876,196,0.9309245483528161,0.6490066225165563,0.8624296057924377,177,1053,5.9491525423728815,0.007240547063555913,0.0056315366049879325,0.004022526146419952,0.0016090104585679806,0.45946366109599684,0.24268056075893027,0.0,1.0,0.3699183832102604,0.2685179303598706,0.0,0.967741935483871,0.44770047933670165,0.2822467725889279,0.0,1.0,0.31607721207410283,0.2576145785955036,0.0,0.967741935483871,20,0.1614457831325301,6.865863453815261,17
563,1246,918,13.718676532502446,86.47752808988764,8,7,4,3,953,0.7654618473895582,292,1062,0.8530120481927711,0.9233997901364114,880,182,0.9233997901364114,0.6232876712328768,0.8530120481927711,176,1046,5.943181818181818,0.00642570281124498,0.005622489959839358,0.00321285140562249,0.0024096385542168677,0.4584994563247553,0.24206612652344017,0.0,1.0,0.3697509449593538,0.26847205860757345,0.0,0.967741935483871,0.44894630559726606,0.2826980032701909,0.0,1.0,0.31556464557551905,0.2570009581223421,0.0,0.967741935483871,20,0.16292134831460675,6.869181380417335,17
564,1241,917,13.743086760581582,86.36583400483481,7,12,9,3,946,0.7592295345104334,300,1093,0.877207062600321,0.9355179704016914,885,208,0.9355179704016914,0.6933333333333334,0.877207062600321,178,1070,6.01123595505618,0.0056179775280898875,0.009630818619582664,0.0072231139646869984,0.002407704654895666,0.4579033557744795,0.24175616382224513,0.0,1.0,0.37069480907696706,0.2697009984425293,0.0,0.967741935483871,0.4476878687842791,0.281473548400414,0.0,1.0,0.3156663460788646,0.25742848874133195,0.0,0.967741935483871,20,0.1635777598710717,6.874294923448832,17
565,1235,918,13.841799375568916,86.76032388663968,3,9,6,3,930,0.7493956486704271,311,1092,0.8799355358581789,0.9419354838709677,876,216,0.9419354838709677,0.6945337620578779,0.8799355358581789,178,1071,6.01685393258427,0.0024174053182917004,0.007252215954875101,0.004834810636583401,0.0024174053182917004,0.4570980801880632,0.2417291209888097,0.0,1.0,0.3707718427582604,0.27005372135609096,0.0,0.967741935483871,0.4470158025336294,0.2816906638179782,0.0,1.0,0.31524095598798485,0.25723561532113576,0.0,0.967741935483871,20,0.16275303643724695,6.8793522267206475,17
566,1237,926,13.83773398315498,86.87793047696039,8,6,4,2,898,0.7271255060728745,337,1088,0.8809716599190284,0.9309576837416481,836,252,0.9309576837416481,0.7477744807121661,0.8809716599190284,166,1062,6.397590361445783,0.006477732793522267,0.004858299595141701,0.0032388663967611335,0.0016194331983805667,0.45808016272459384,0.24215622566647016,0.0,1.0,0.370850392468772,0.2698454968051893,0.0,0.967741935483871,0.44717970115002476,0.2821042754839304,0.0,1.0,0.3137924739875349,0.25676254806271775,0.0,0.967741935483871,20,0.16410670978173,6.890056588520614,17
567,1240,934,13.834957408477003,87.33064516129032,6,3,2,1,944,0.7631366208569119,293,1095,0.8852061438965239,0.934322033898305,882,213,0.934322033898305,0.726962457337884,0.8852061438965239,174,1077,6.189655172413793,0.004850444624090542,0.002425222312045271,0.0016168148746968471,0.0008084074373484236,0.45811654526534856,0.24191397194371597,0.0,1.0,0.370993756503642,0.26966325285786613,0.0,0.967741935483871,0.4471904266389178,0.2818939133784933,0.0,1.0,0.3130332986472425,0.2560902299972185,0.0,0.967741935483871,20,0.16370967741935483,6.8959677419354835,17
568,1237,950,13.845320723104864,87.38237671786581,6,9,6,3,893,0.7201612903225807,347,1076,0.867741935483871,0.9294512877939529,830,246,0.9294512877939529,0.7089337175792507,0.867741935483871,168,1060,6.309523809523809,0.004838709677419355,0.007258064516129033,0.004838709677419355,0.0024193548387096775,0.4585495605914413,0.24235505785209804,0.0,1.0,0.3703027616241166,0.2692767378096588,0.0,0.967741935483871,0.4462409054163298,0.28129958361878116,0.0,1.0,0.3136360080319191,0.2570845667672222,0.0,0.967741935483871,20,0.16572352465642684,6.902182700080841,17
569,1239,956,13.832035469344298,87.53430185633576,7,5,4,1,931,0.7526273241713823,306,1051,0.8496362166531932,0.916219119226638,853,198,0.916219119226638,0.6470588235294118,0.8496362166531932,169,1026,6.071005917159764,0.005658852061438965,0.004042037186742118,0.0032336297493936943,0.0008084074373484236,0.4574188341274181,0.24241945846937588,0.0,1.0,0.3707724752011247,0.26990231863568676,0.0,0.967741935483871,0.44726496394074305,0.2814886739816839,0.0,1.0,0.31258298836210263,0.25684935450625723,0.0,0.967741935483871,20,0.16626311541565778,6.912025827280065,17
570,1238,958,13.828262205195548,87.56542810985461,7,8,6,2,939,0.7578692493946732,300,1087,0.8773204196933011,0.9286474973375932,872,215,0.9286474973375932,0.7166666666666667,0.8773204196933011,181,1070,5.911602209944752,0.005649717514124294,0.00645682001614205,0.004842615012106538,0.0016142050040355124,0.4561728073375371,0.24278649383336903,0.0,1.0,0.37203606232737507,0.27020491940758534,0.0,0.967741935483871,0.4483558288602846,0.2816737977943504,0.0,1.0,0.31124602636927406,0.2558272278077288,0.0,0.967741935483871,20,0.16558966074313408,6.918416801292407,17
571,1237,966,13.778702161118588,87.36459175424415,9,10,8,2,951,0.7681744749596123,287,1049,0.8473344103392568,0.9106203995793901,866,183,0.9106203995793901,0.6376306620209059,0.8473344103392568,167,1024,6.131736526946108,0.007269789983844911,0.008077544426494346,0.006462035541195477,0.0016155088852988692,0.4572717552872454,0.24274026300291007,0.0,1.0,0.37437087647012807,0.270107618716376,0.0,0.967741935483871,0.4473361671056406,0.2811119634384741,0.0,1.0,0.31131509635695104,0.25637884635384106,0.0,0.967741935483871,20,0.16491511721907842,6.926434923201294,17
572,1238,964,13.744709855677153,86.65589660743134,12,11,8,3,921,0.7445432497978981,316,1052,0.8504446240905417,0.9001085776330076,829,223,0.9001085776330076,0.7056962025316456,0.8504446240905417,179,1029,5.748603351955308,0.009700889248181084,0.00889248181083266,0.0064672594987873885,0.002425222312045271,0.45776225962791184,0.24325125783183021,0.0,1.0,0.3753452498827453,0.27021823266444317,0.0,0.967741935483871,0.4466882067851373,0.28073488676393604,0.0,1.0,0.3112199697743499,0.2557422761773532,0.0,0.967741935483871,20,0.16639741518578352,6.947495961227787,17
573,1239,962,13.799401655273796,87.03712671509281,6,5,3,2,937,0.7568659127625202,301,1085,0.8764135702746365,0.9316969050160085,873,212,0.9316969050160085,0.7043189368770764,0.8764135702746365,178,1061,5.96067415730337,0.004846526655896607,0.004038772213247173,0.0024232633279483036,0.0016155088852988692,0.4587987190502226,0.24275122297022098,0.0,1.0,0.37605769481111195,0.26977034648002834,0.0,0.967741935483871,0.4466140748262126,0.28070850282064447,0.0,1.0,0.31000546746856206,0.25565590790390563,0.0,0.967741935483871,20,0.16707021791767554,6.962873284907183,17
574,1248,970,13.747963410693288,87.12820512820512,11,2,2,0,917,0.7401129943502824,322,1034,0.83454398708636,0.8800436205016358,807,227,0.8800436205016358,0.7049689440993789,0.83454398708636,177,1019,5.757062146892656,0.00887812752219532,0.0016142050040355124,0.0016142050040355124,0.0,0.4593155500413565,0.2434075065205825,0.0,1.0,0.37569789081885857,0.2700249428556959,0.0,0.967741935483871,0.446624276261373,0.2809362186684799,0.0,1.0,0.31019954507857733,0.25605209620167,0.0,0.967741935483871,20,0.16506410256410256,6.970352564102564,17
575,1251,973,13.757015650733548,87.34052757793765,9,6,3,3,927,0.7427884615384616,321,1044,0.8365384615384616,0.8996763754045307,834,210,0.8996763754045307,0.6542056074766355,0.8365384615384616,177,1024,5.785310734463277,0.007211538461538462,0.004807692307692308,0.002403846153846154,0.002403846153846154,0.45903922023671384,0.24369788249496854,0.0,1.0,0.3762151569067327,0.2701854968265542,0.0,0.967741935483871,0.4465846677496712,0.2806902299808378,0.0,1.0,0.31012609267424773,0.2564681387894866,0.0,0.967741935483871,20,0.16466826538768986,6.9784172661870505,17
576,1251,976,13.809500166814054,87.70343725019984,4,4,3,1,950,0.759392486011191,301,1078,0.8617106314948042,0.9042105263157895,859,219,0.9042105263157895,0.7275747508305648,0.8617106314948042,184,1065,5.788043478260869,0.0031974420463629096,0.0031974420463629096,0.002398081534772182,0.0007993605115907274,0.45862664706944123,0.2436554901710176,0.0,1.0,0.3760346561460509,0.27021049137670755,0.0,0.967741935483871,0.4474871715530801,0.2811298516866865,0.0,1.0,0.3100229493824295,0.25643716102911834,0.0,0.967741935483871,20,0.16466826538768986,6.998401278976819,17
577,1257,985,13.814307644140321,88.18536197295147,7,1,0,1,912,0.7290167865707434,339,1089,0.8705035971223022,0.9199561403508771,839,250,0.9199561403508771,0.7374631268436578,0.8705035971223022,175,1073,6.131428571428572,0.005595523581135092,0.0007993605115907274,0.0,0.0007993605115907274,0.4585675058382734,0.24333148604582056,0.0,1.0,0.37675468986578386,0.26996362366669513,0.0,0.967741935483871,0.4475325275232889,0.2811440466997147,0.0,1.0,0.30890240459876306,0.2563764729015557,0.0,0.967741935483871,20,0.1654733492442323,7.009546539379475,17
578,1260,985,13.861220598817273,88.67857142857143,6,3,2,1,944,0.750994431185362,313,1091,0.86793953858393,0.923728813559322,872,219,0.923728813559322,0.6996805111821086,0.86793953858393,178,1069,6.00561797752809,0.00477326968973747,0.002386634844868735,0.0015910898965791568,0.0007955449482895784,0.4586533538146441,0.24252868079565706,0.0,1.0,0.37706093189964157,0.2701381438364465,0.0,0.967741935483871,0.44656938044034816,0.2812430718545003,0.0,1.0,0.3087045570916539,0.25640604754862634,0.0,0.967741935483871,20,0.16507936507936508,7.014285714285714,17
579,1267,990,13.814174380860196,88.88318863456985,11,4,2,2,965,0.7658730158730159,295,1096,0.8698412698412699,0.9305699481865285,898,198,0.9305699481865285,0.6711864406779661,0.8698412698412699,175,1076,6.148571428571429,0.00873015873015873,0.0031746031746031746,0.0015873015873015873,0.0015873015873015873,0.4588435980344731,0.2424434601706701,0.0,1.0,0.3776255824019146,0.2705085514132418,0.0,0.967741935483871,0.44606258115436515,0.28056505402678406,0.0,1.0,0.3087303001756754,0.2559272377838859,0.0,0.967741935483871,20,0.1681136543014996,7.011838989739542,16
580,1263,1002,13.820041897385572,89.10292953285827,4,8,6,2,932,0.7355958958168903,335,1106,0.8729281767955801,0.9163090128755365,854,252,0.9163090128755365,0.7522388059701492,0.8729281767955801,169,1087,6.431952662721893,0.0031570639305445935,0.006314127861089187,0.004735595895816891,0.0015785319652722968,0.4588409572701964,0.2426323209124582,0.0,1.0,0.37831072970142776,0.2701867479854854,0.0,0.967741935483871,0.44548310474293157,0.2809443348881127,0.0,1.0,0.30906954767195366,0.25556768452357,0.0,0.967741935483871,20,0.16785431512272367,7.011084718923199,16
581,1264,1001,13.898325000897612,89.71756329113924,5,4,2,2,924,0.7315914489311164,339,1071,0.8479809976247031,0.908008658008658,839,232,0.908008658008658,0.6843657817109144,0.8479809976247031,177,1047,5.915254237288136,0.00395882818685669,0.003167062549485352,0.001583531274742676,0.001583531274742676,0.4584269089424255,0.2425448302902086,0.0,1.0,0.37844528378930176,0.2701831251686934,0.0,0.967741935483871,0.44607492854226216,0.28175412349393636,0.0,1.0,0.30854430379746833,0.2556038908413051,0.0,0.967741935483871,20,0.1661392405063291,7.021360759493671,16
582,1263,1000,13.960783411556886,90.12905779889152,4,5,4,1,921,0.7286392405063291,343,1061,0.8393987341772152,0.8990228013029316,828,233,0.8990228013029316,0.6793002915451894,0.8393987341772152,184,1044,5.673913043478261,0.0031645569620253164,0.003955696202531646,0.0031645569620253164,0.0007911392405063291,0.45702755855234595,0.2419093710274499,0.0,1.0,0.3797665568411105,0.27088031595707474,0.0,0.967741935483871,0.4464281153423748,0.2818957866126814,0.0,1.0,0.30807345541848646,0.2548528172040534,0.0,0.967741935483871,20,0.16547901821060965,7.022169437846397,16
583,1263,1009,13.923146799071642,90.08630245447348,8,8,6,2,976,0.7727632620744259,287,1061,0.8400633412509897,0.8995901639344263,878,183,0.8995901639344263,0.6376306620209059,0.8400633412509897,172,1042,6.058139534883721,0.006334125098970704,0.006334125098970704,0.004750593824228029,0.001583531274742676,0.45692539524429804,0.2418128483937802,0.0,1.0,0.3806349449595178,0.27082333678030845,0.0,0.967741935483871,0.4463259520343269,0.28123550761235866,0.0,1.0,0.30794575128342655,0.2548535978959053,0.0,0.967741935483871,20,0.16547901821060965,7.030087094220111,16
584,1259,1011,13.987985134447525,90.3296266878475,5,9,5,4,965,0.7640538400633412,298,1101,0.8717339667458432,0.9222797927461139,890,211,0.9222797927461139,0.7080536912751678,0.8717339667458432,181,1084,5.988950276243094,0.00395882818685669,0.007125890736342043,0.00395882818685669,0.003167062549485352,0.45619923646519256,0.2419266021700312,0.0,1.0,0.38051192702861975,0.2713297133110202,0.0,0.967741935483871,0.4465141305183325,0.281650327854985,0.0,1.0,0.307771144533552,0.25446619451916885,0.0,0.967741935483871,20,0.16441620333598095,7.034154090548054,16
585,1258,1019,14.022956727381585,90.74483306836248,3,4,4,0,950,0.7545671167593329,309,1078,0.8562351072279587,0.9336842105263158,887,191,0.9336842105263158,0.6181229773462783,0.8562351072279587,179,1065,5.949720670391062,0.0023828435266084196,0.003177124702144559,0.003177124702144559,0.0,0.4559977434740243,0.24191369709216742,0.0,1.0,0.3796092107287553,0.2713334214247363,0.0,0.967741935483871,0.44751012872455,0.2821291277065361,0.0,1.0,0.30742602184727424,0.25429537648233064,0.0,0.967741935483871,20,0.16454689984101747,7.039745627980922,16
586,1263,1022,14.03508589785905,91.243072050673,7,2,1,1,939,0.746422893481717,319,1069,0.8497615262321144,0.9041533546325878,849,220,0.9041533546325878,0.6896551724137931,0.8497615262321144,178,1050,5.898876404494382,0.005564387917329093,0.001589825119236884,0.000794912559618442,0.000794912559618442,0.45633795622302253,0.2420004370893259,0.0,1.0,0.38091589405664955,0.27177586341649185,0.0,0.967741935483871,0.4470666360176742,0.2817621019990829,0.0,1.0,0.3071539856460552,0.2542323169688222,0.0,0.967741935483871,20,0.16468725257323832,7.049089469517023,16
587,1266,1034,13.96182474946945,90.95892575039494,10,7,7,0,909,0.7197149643705463,354,1102,0.8725257323832145,0.9174917491749175,834,268,0.9174917491749175,0.7570621468926554,0.8725257323832145,171,1085,6.345029239766082,0.00791765637371338,0.0055423594615993665,0.0055423594615993665,0.0,0.4580849003720124,0.24232678185778275,0.0,1.0,0.3808795800845946,0.2714799172649783,0.0,0.967741935483871,0.4484533455638791,0.28216155725295616,0.0,1.0,0.30744534474850943,0.2546293603685313,0.0,0.967741935483871,20,0.16587677725118483,7.061611374407583,16
588,1269,1034,13.985392084982022,91.35618597320725,7,4,2,2,962,0.7598736176935229,304,1113,0.8791469194312796,0.9241164241164241,889,224,0.9241164241164241,0.7368421052631579,0.8791469194312796,188,1101,5.8563829787234045,0.005529225908372828,0.00315955766192733,0.001579778830963665,0.001579778830963665,0.45812044027555354,0.24233358399834054,0.0,1.0,0.3816060398078243,0.27208602660850667,0.0,0.967741935483871,0.44825745443453063,0.2820785519352342,0.0,1.0,0.30730318513434507,0.25442662876919514,0.0,0.967741935483871,20,0.16706067769897556,7.056737588652482,16
589,1271,1035,14.011410892246616,91.852871754524,6,4,2,2,942,0.7423167848699763,327,1081,0.8518518518518519,0.9278131634819533,874,207,0.9278131634819533,0.6330275229357798,0.8518518518518519,176,1058,6.011363636363637,0.004728132387706856,0.0031520882584712374,0.0015760441292356187,0.0015760441292356187,0.4580594401157331,0.2424180528927312,0.0,1.0,0.38186848049541894,0.2725236235781847,0.0,0.967741935483871,0.4484150148473389,0.2821196316858083,0.0,1.0,0.3080632471257075,0.25425247468024076,0.0,0.967741935483871,20,0.16679779701022818,7.058221872541306,16
590,1271,1049,13.931426634400898,91.74508261211645,10,10,5,5,979,0.7702596380802518,292,1110,0.8733280881195908,0.9244126659856997,905,205,0.9244126659856997,0.702054794520548,0.8733280881195908,172,1096,6.372093023255814,0.007867820613690008,0.007867820613690008,0.003933910306845004,0.003933910306845004,0.4579325397832542,0.24227106110256014,0.0,1.0,0.3821984213598639,0.2726513932851119,0.0,0.967741935483871,0.4464861297936601,0.2812977294820172,0.0,1.0,0.3072764650643385,0.2536307900821536,0.0,0.967741935483871,20,0.16679779701022818,7.062155782848151,16
591,1271,1051,13.980074706903997,92.17151848937844,5,5,4,1,927,0.7293469708890638,344,1115,0.8772619984264359,0.9331175836030206,865,250,0.9331175836030206,0.7267441860465116,0.8772619984264359,178,1095,6.151685393258427,0.003933910306845004,0.003933910306845004,0.003147128245476003,0.0007867820613690008,0.45775487931778375,0.2423381383957025,0.0,1.0,0.38146239943148647,0.27255758697062005,0.0,0.967741935483871,0.4466130301261389,0.281377130224081,0.0,1.0,0.307885586660237,0.2537442591060246,0.0,0.967741935483871,20,0.16758457907159716,7.055861526357199,16
592,1274,1061,13.969077124244267,92.51569858712716,6,3,3,0,931,0.7324940991345398,340,1141,0.8977183320220299,0.949516648764769,884,257,0.949516648764769,0.7558823529411764,0.8977183320220299,172,1123,6.52906976744186,0.004720692368214005,0.0023603461841070024,0.0023603461841070024,0.0,0.4588038689421178,0.24304398361852483,0.0,1.0,0.38066541753177696,0.2719034590085321,0.0,0.967741935483871,0.44649820225857095,0.28145150479138303,0.0,1.0,0.3084265964450296,0.2543725572297867,0.0,0.967741935483871,20,0.16797488226059654,7.062794348508635,16
593,1272,1067,13.96504345261681,92.84669811320755,6,8,5,3,955,0.749607535321821,319,1126,0.8838304552590267,0.930890052356021,889,237,0.930890052356021,0.7429467084639498,0.8838304552590267,180,1112,6.177777777777778,0.004709576138147566,0.006279434850863423,0.003924646781789639,0.002354788069073783,0.4594491783323189,0.24345222862993462,0.0,1.0,0.37953946033678226,0.2717904935692366,0.0,0.967741935483871,0.4474792047068371,0.28201248978734256,0.0,1.0,0.3081761006289308,0.2545574179585385,0.0,0.967741935483871,20,0.16745283018867924,7.06996855345912,16
594,1271,1076,13.952759456312007,93.30605822187255,6,7,4,3,1000,0.7861635220125787,272,1116,0.8773584905660378,0.932,932,184,0.932,0.6764705882352942,0.8773584905660378,171,1096,6.409356725146199,0.0047169811320754715,0.00550314465408805,0.0031446540880503146,0.0023584905660377358,0.4601406055683866,0.24335837923751333,0.0,1.0,0.3792035735133626,0.2712322025698796,0.0,0.967741935483871,0.44590238826425727,0.28167478142891894,0.0,1.0,0.30961143118194967,0.25514123508079345,0.0,0.967741935483871,20,0.16837136113296616,7.049567269866247,16
595,1279,1077,13.9066504034538,92.9913995308835,14,6,3,3,921,0.7246262785208497,350,1090,0.8575924468922108,0.8990228013029316,828,262,0.8990228013029316,0.7485714285714286,0.8575924468922108,174,1065,6.120689655172414,0.011014948859166011,0.004720692368214005,0.0023603461841070024,0.0023603461841070024,0.45902797044061644,0.24342512484582557,0.0,1.0,0.381043658099826,0.2716974641723722,0.0,0.967741935483871,0.44470226235214,0.2820358327379386,0.0,1.0,0.31095361799793186,0.2554771397088958,0.0,0.967741935483871,20,0.16575449569976544,7.0500390930414385,16
596,1280,1087,13.875878667462473,93.32578125,5,4,4,0,974,0.7615324472243941,305,1084,0.8475371383893667,0.9075975359342916,884,200,0.9075975359342916,0.6557377049180327,0.8475371383893667,175,1069,6.1085714285714285,0.003909304143862392,0.003127443315089914,0.003127443315089914,0.0,0.4590977822580645,0.24363330126001817,0.0,1.0,0.38130040322580644,0.2719289066712037,0.0,0.967741935483871,0.4447328629032258,0.2815295526771417,0.0,1.0,0.31028225806451615,0.2549808677352679,0.0,0.967741935483871,20,0.1671875,7.05703125,16
597,1282,1088,13.865190389885074,93.46021840873635,8,6,4,2,994,0.7765625,286,1083,0.84609375,0.9144869215291751,909,174,0.9144869215291751,0.6083916083916084,0.84609375,173,1057,6.109826589595376,0.00625,0.0046875,0.003125,0.0015625,0.4610739268280409,0.2438323677023263,0.0,1.0,0.38025262946001714,0.27187143391220536,0.0,0.967741935483871,0.443535805948367,0.2814769522214084,0.0,1.0,0.3112827738916008,0.2564518343468466,0.0,0.967741935483871,20,0.16536661466458658,7.066302652106084,16
598,1282,1089,13.879869043144813,93.70046801872076,7,7,5,2,972,0.7581903276131046,310,1128,0.8798751950078003,0.9310699588477366,905,223,0.9310699588477366,0.7193548387096774,0.8798751950078003,176,1105,6.278409090909091,0.00546021840873635,0.00546021840873635,0.0039001560062402497,0.0015600624024961,0.4613507120929999,0.24348667417251724,0.0,1.0,0.3817875295656987,0.27269417528786266,0.0,0.967741935483871,0.4431835337929646,0.28148969227158416,0.0,1.0,0.3108550148457551,0.2563297391528758,0.0,0.967741935483871,20,0.16536661466458658,7.070982839313572,16
599,1282,1097,13.87441642129711,93.77613104524181,8,8,5,3,937,0.7308892355694228,345,1133,0.8837753510140406,0.9338313767342583,875,258,0.9338313767342583,0.7478260869565218,0.8837753510140406,173,1114,6.4393063583815024,0.0062402496099844,0.0062402496099844,0.0039001560062402497,0.00234009360374415,0.46167782195158774,0.2433683351456143,0.0,1.0,0.380856524583564,0.272342347789663,0.0,0.967741935483871,0.4425293140757889,0.28189293270421034,0.0,1.0,0.31183634442151875,0.2570699117875364,0.0,0.967741935483871,20,0.16302652106084242,7.078003120124805,16
600,1286,1100,13.891181119841818,94.09720062208397,7,3,1,2,944,0.7363494539781591,338,1095,0.8541341653666147,0.9184322033898306,867,228,0.9184322033898306,0.6745562130177515,0.8541341653666147,176,1074,6.1022727272727275,0.00546021840873635,0.00234009360374415,0.00078003120124805,0.0015600624024961,0.46222344855265135,0.24345309717593427,0.0,1.0,0.3808759343801736,0.27298193055504266,0.0,0.967741935483871,0.44320975267144935,0.28173060388149274,0.0,1.0,0.31086640244820146,0.2568819366514603,0.0,0.967741935483871,20,0.1625194401244168,7.088646967340591,16
601,1288,1099,13.897885325692286,94.25465838509317,8,6,4,2,965,0.750388802488336,321,1102,0.8569206842923794,0.9056994818652849,874,228,0.9056994818652849,0.7102803738317757,0.8569206842923794,178,1079,6.061797752808989,0.006220839813374806,0.004665629860031105,0.003110419906687403,0.0015552099533437014,0.46183129633340014,0.24338834083268285,0.0,1.0,0.3804097375275496,0.2730977008385539,0.0,0.967741935483871,0.44367361250250453,0.2825762876696314,0.0,1.0,0.31053396113003406,0.25663828344366013,0.0,0.967741935483871,20,0.16149068322981366,7.090062111801243,16
602,1286,1110,13.89830775623831,94.47356143079315,5,7,5,2,926,0.718944099378882,362,1075,0.8346273291925466,0.8920086393088553,826,249,0.8920086393088553,0.6878453038674033,0.8346273291925466,168,1054,6.273809523809524,0.0038819875776397515,0.005434782608695652,0.0038819875776397515,0.0015527950310559005,0.46227361661566246,0.24367017218195275,0.0,1.0,0.3797471529624241,0.27267358627000826,0.0,0.967741935483871,0.44361109717553804,0.28265124465497643,0.0,1.0,0.30971253699894646,0.2563947233865227,0.0,0.967741935483871,20,0.16174183514774496,7.095645412130637,16
603,1288,1118,13.825112762651091,94.54813664596273,9,7,5,2,987,0.7674961119751167,299,1124,0.8740279937791602,0.9240121580547113,912,212,0.9240121580547113,0.7090301003344481,0.8740279937791602,174,1106,6.35632183908046,0.006998444790046656,0.005443234836702955,0.0038880248833592537,0.0015552099533437014,0.4623071528751754,0.24431713628745927,0.0,1.0,0.37893207773993187,0.27254072953439995,0.0,0.967741935483871,0.4443748747745943,0.2823062249652099,0.0,1.0,0.3082799038268884,0.256002365211759,0.0,0.967741935483871,20,0.1622670807453416,7.112577639751553,16
604,1291,1119,13.83858321168326,95.0294345468629,6,3,2,1,959,0.7445652173913043,329,1171,0.9091614906832298,0.9468196037539103,908,263,0.9468196037539103,0.7993920972644377,0.9091614906832298,179,1151,6.430167597765363,0.004658385093167702,0.002329192546583851,0.0015527950310559005,0.0007763975155279503,0.4630818820119438,0.24448579264864456,0.0,1.0,0.37990055221008967,0.27254090666151704,0.0,0.967741935483871,0.4459408810374554,0.282809947076892,0.0,1.0,0.3078133979660678,0.2559167787208761,0.0,1.0,20,0.1611154144074361,7.121611154144074,16
605,1288,1130,13.842831818116451,95.03571428571429,4,7,7,0,931,0.721146398140976,360,1115,0.8636715724244771,0.9312567132116004,867,248,0.9312567132116004,0.6888888888888889,0.8636715724244771,176,1102,6.261363636363637,0.003098373353989156,0.005422153369481022,0.005422153369481022,0.0,0.4629583249849729,0.24357236325169684,0.0,1.0,0.3795331596874374,0.27240685905993006,0.0,0.967741935483871,0.4449759567220998,0.28276134751915616,0.0,1.0,0.3082298136645963,0.25602480802761385,0.0,1.0,20,0.16071428571428573,7.125,16
606,1291,1132,13.835233986520285,95.41518202943455,6,3,2,1,987,0.7663043478260869,301,1140,0.8850931677018633,0.9260385005065856,914,226,0.9260385005065856,0.7508305647840532,0.8850931677018633,176,1118,6.3522727272727275,0.004658385093167702,0.002329192546583851,0.0015527950310559005,0.0007763975155279503,0.46238224931910743,0.24333794844681833,0.0,1.0,0.38005047350141175,0.2723761990670341,0.0,0.967741935483871,0.4448414582344269,0.2824320988821424,0.0,1.0,0.3077384373204068,0.25554209320918186,0.0,1.0,20,0.1603408210689388,7.14020139426801,16
607,1289,1136,13.871369015517802,95.89759503491078,3,5,3,2,993,0.7691711851278079,298,1142,0.8845855925639039,0.9405840886203424,934,208,0.9405840886203424,0.697986577181208,0.8845855925639039,177,1123,6.344632768361582,0.0023237800154918666,0.0038729666924864447,0.0023237800154918666,0.001549186676994578,0.46252408718936905,0.24385695502293991,0.0,1.0,0.3804900022523086,0.272669638550991,0.0,0.967741935483871,0.4455066443104182,0.2824192548397968,0.0,1.0,0.3074901774318677,0.2553425638049,0.0,1.0,20,0.16058960434445307,7.141970519782777,16
608,1291,1141,13.85628757925122,96.35863671572424,5,3,3,0,1005,0.7796741660201707,284,1102,0.8549262994569433,0.9174129353233831,922,180,0.9174129353233831,0.6338028169014085,0.8549262994569433,163,1070,6.564417177914111,0.003878975950349108,0.0023273855702094647,0.0023273855702094647,0.0,0.4631818295394918,0.24391335846828974,0.0,1.0,0.37997551285575076,0.272570969826552,0.0,0.967741935483871,0.44434172059668675,0.2824253830009077,0.0,1.0,0.3087628994777742,0.2563568257780949,0.0,1.0,20,0.15956622773044152,7.141750580945004,16
609,1291,1145,13.887987979990461,96.96204492641364,6,6,2,4,995,0.7707203718048025,296,1131,0.8760650658404338,0.9306532663316583,926,205,0.9306532663316583,0.6925675675675675,0.8760650658404338,175,1110,6.3428571428571425,0.004647560030983733,0.004647560030983733,0.001549186676994578,0.003098373353989156,0.4641813048149721,0.2444449299750561,0.0,1.0,0.37907598510781837,0.27236256235048634,0.0,0.967741935483871,0.4430673896204493,0.28212555005596707,0.0,1.0,0.30801329302116387,0.25613601314019085,0.0,1.0,20,0.15956622773044152,7.144848954298993,16
610,1290,1148,13.869379855514966,97.04108527131783,8,9,5,4,1024,0.7931835786212239,267,1148,0.8892331525948877,0.9267578125,949,199,0.9267578125,0.7453183520599251,0.8892331525948877,178,1129,6.342696629213483,0.006196746707978312,0.006971340046475601,0.0038729666924864447,0.003098373353989156,0.46504126031507875,0.24531433697557842,0.0,1.0,0.3784696174043511,0.27210601213187857,0.0,0.967741935483871,0.443485871467867,0.28199429701099343,0.0,1.0,0.30732683170792696,0.2561342387769354,0.0,1.0,20,0.16124031007751938,7.1682170542635655,16
611,1290,1153,13.888606165240482,97.35193798449612,5,5,4,1,967,0.7496124031007751,323,1101,0.8534883720930233,0.9110651499482937,881,220,0.9110651499482937,0.6811145510835913,0.8534883720930233,171,1077,6.298245614035087,0.003875968992248062,0.003875968992248062,0.0031007751937984496,0.0007751937984496124,0.4649162290572643,0.24517478271658144,0.0,1.0,0.3782695673918479,0.2723218465053672,0.0,0.967741935483871,0.4421355338834709,0.2814281019428773,0.0,1.0,0.30760190047511876,0.2561677916764227,0.0,1.0,20,0.16046511627906976,7.163565891472868,16
612,1288,1159,13.877921138704078,97.44798136645963,7,9,5,4,988,0.765891472868217,302,1125,0.872093023255814,0.9159919028340081,905,220,0.9159919028340081,0.7284768211920529,0.872093023255814,176,1107,6.2897727272727275,0.005426356589147287,0.0069767441860465115,0.003875968992248062,0.0031007751937984496,0.46468643558405126,0.24515068564234774,0.0,1.0,0.3773542376277299,0.2717481361274057,0.0,0.967741935483871,0.4408936084952915,0.28133098515248106,0.0,1.0,0.30850530955720296,0.25624039037585367,0.0,1.0,20,0.16149068322981366,7.1645962732919255,16
613,1288,1170,13.792052401943117,97.36801242236025,11,11,6,5,985,0.764751552795031,303,1121,0.8703416149068323,0.9258883248730965,912,209,0.9258883248730965,0.6897689768976898,0.8703416149068323,175,1107,6.325714285714286,0.008540372670807454,0.008540372670807454,0.004658385093167702,0.0038819875776397515,0.4640102183931076,0.24504902838181974,0.0,1.0,0.3785063113604488,0.2719147851042726,0.0,0.967741935483871,0.4400671208174714,0.28083693421490397,0.0,1.0,0.30810458825886594,0.25677242719143284,0.0,1.0,20,0.15916149068322982,7.176242236024844,16
614,1285,1173,13.814116477274872,97.60700389105058,6,9,5,4,989,0.7678571428571429,299,1139,0.8843167701863354,0.9352881698685541,925,214,0.9352881698685541,0.7157190635451505,0.8843167701863354,183,1125,6.147540983606557,0.004658385093167702,0.006987577639751553,0.0038819875776397515,0.003105590062111801,0.4627839839337266,0.24506762121857176,0.0,1.0,0.3788628090874859,0.2713719021468362,0.0,0.967741935483871,0.4383833312413707,0.2807334693144823,0.0,1.0,0.3086983808208862,0.2570127562351189,0.0,1.0,20,0.15875486381322956,7.168093385214008,16
615,1288,1177,13.777186133902232,97.51708074534162,9,6,4,2,1006,0.7828793774319066,279,1127,0.8770428015564202,0.9244532803180915,930,197,0.9244532803180915,0.7060931899641577,0.8770428015564202,177,1108,6.259887005649717,0.007003891050583658,0.004669260700389105,0.0031128404669260703,0.0015564202334630351,0.4640352634742536,0.2447723113921134,0.0,1.0,0.37855640152274095,0.27099970192803857,0.0,0.967741935483871,0.4377629733520337,0.2811066055296959,0.0,1.0,0.3081546784211581,0.25663676930364715,0.0,1.0,20,0.15993788819875776,7.170031055900621,16
616,1285,1186,13.773751537413153,97.99299610894941,3,6,5,1,1007,0.781832298136646,281,1119,0.8687888198757764,0.9384309831181727,945,174,0.9384309831181727,0.6192170818505338,0.8687888198757764,176,1104,6.2727272727272725,0.002329192546583851,0.004658385093167702,0.0038819875776397515,0.0007763975155279503,0.4615539098782478,0.24350807128277646,0.0,1.0,0.37931467302623323,0.2714866704166456,0.0,0.967741935483871,0.4387347809715075,0.2807930734466001,0.0,1.0,0.30807079201707044,0.2562791455314723,0.0,1.0,20,0.16108949416342414,7.175875486381323,16
617,1285,1193,13.782298860376455,98.24824902723735,7,7,4,3,961,0.7478599221789883,324,1101,0.8568093385214007,0.9073881373569199,872,229,0.9073881373569199,0.7067901234567902,0.8568093385214007,179,1087,6.072625698324022,0.005447470817120622,0.005447470817120622,0.0031128404669260703,0.0023346303501945525,0.46047445713568474,0.24286550339931023,0.0,1.0,0.3795657085477595,0.2717501436753629,0.0,0.967741935483871,0.44009037278774943,0.28137624581773185,0.0,1.0,0.30709175348311785,0.25593565237047194,0.0,1.0,20,0.16031128404669262,7.176653696498055,16
618,1283,1201,13.783015717706991,98.37490257209664,6,8,6,2,957,0.7447470817120623,328,1086,0.845136186770428,0.9111807732497388,872,214,0.9111807732497388,0.6524390243902439,0.845136186770428,171,1065,6.228070175438597,0.004669260700389105,0.0062256809338521405,0.004669260700389105,0.0015564202334630351,0.46129283684911876,0.2429069242108011,0.0,1.0,0.37915168581701153,0.271595118694509,0.0,0.967741935483871,0.43886556206471733,0.2808912494664166,0.0,1.0,0.3079476026450105,0.2567537530064932,0.0,1.0,20,0.1597817614964926,7.177708495713172,16
619,1280,1205,13.75991910482399,98.334375,8,11,8,3,932,0.7264224473889321,351,1102,0.8589243959469992,0.9259656652360515,863,239,0.9259656652360515,0.6809116809116809,0.8589243959469992,176,1082,6.1477272727272725,0.006235385814497272,0.00857365549493375,0.006235385814497272,0.002338269680436477,0.4628528225806452,0.24342384405586948,0.0,1.0,0.37857862903225803,0.2717765071139081,0.0,0.967741935483871,0.4392137096774194,0.2803403857877349,0.0,1.0,0.3069304435483871,0.2573479813800388,0.0,1.0,20,0.16171875,7.19296875,16
620,1278,1218,13.745420230952062,98.81220657276995,3,5,5,0,942,0.7359375,338,1107,0.86484375,0.921443736730361,868,239,0.921443736730361,0.7071005917159763,0.86484375,176,1096,6.2272727272727275,0.00234375,0.00390625,0.00390625,0.0,0.4619112524610026,0.2433720562703228,0.0,1.0,0.37828764702912815,0.2713491153355987,0.0,0.967741935483871,0.4384623151092938,0.27993458902992985,0.0,1.0,0.3058458276540966,0.2571495613623444,0.0,1.0,20,0.162754303599374,7.203442879499217,16
621,1278,1220,13.764761262530861,99.04068857589985,7,7,4,3,933,0.7300469483568075,345,1144,0.8951486697965572,0.9378349410503751,875,269,0.9378349410503751,0.7797101449275362,0.8951486697965572,175,1121,6.405714285714286,0.005477308294209703,0.005477308294209703,0.003129890453834116,0.002347417840375587,0.46181028825281434,0.24360369875442994,0.0,1.0,0.3787672270180221,0.2712427129571321,0.0,0.967741935483871,0.4390681003584229,0.280186243518368,0.0,1.0,0.30534100661315566,0.2570370294613316,0.0,1.0,20,0.162754303599374,7.207355242566511,16
622,1278,1225,13.806115296680588,99.24021909233177,5,5,5,0,927,0.7253521126760564,351,1115,0.8724569640062598,0.9277238403451996,860,255,0.9277238403451996,0.7264957264957265,0.8724569640062598,178,1098,6.168539325842697,0.003912363067292645,0.003912363067292645,0.003912363067292645,0.0,0.46292089454288454,0.24378189633074446,0.0,1.0,0.3788177091221162,0.2712382547873657,0.0,0.967741935483871,0.43800797617244686,0.28036048246594664,0.0,1.0,0.30647685395527285,0.25783329792947884,0.0,1.0,20,0.1619718309859155,7.207355242566511,16
623,1282,1231,13.787722899140238,99.56708268330733,10,6,1,5,987,0.7723004694835681,291,1166,0.9123630672926447,0.9463019250253293,934,232,0.9463019250253293,0.7972508591065293,0.9123630672926447,177,1149,6.491525423728813,0.00782472613458529,0.004694835680751174,0.000782472613458529,0.003912363067292645,0.46268431382416586,0.24330127289011658,0.0,1.0,0.37876805394796437,0.27111391193288104,0.0,0.967741935483871,0.43782396457148604,0.28043854255692346,0.0,1.0,0.30776005233757736,0.2584642725506234,0.0,1.0,20,0.1622464898595944,7.202028081123245,16
624,1282,1236,13.759008978427293,99.5585023400936,7,7,7,0,953,0.7433697347893916,329,1151,0.8978159126365055,0.9338929695697796,890,261,0.9338929695697796,0.7933130699088146,0.8978159126365055,173,1129,6.526011560693641,0.00546021840873635,0.00546021840873635,0.00546021840873635,0.0,0.46210558099743343,0.24376185005288883,0.0,1.0,0.37798802274671633,0.2709136100185063,0.0,0.967741935483871,0.437597503900156,0.28058212714063974,0.0,1.0,0.30886719339741336,0.2585693304189835,0.0,1.0,20,0.1606864274570983,7.214508580343214,16
625,1275,1242,13.763418043863146,99.7286274509804,3,10,8,2,988,0.7706708268330733,294,1163,0.907176287051482,0.9412955465587044,930,233,0.9412955465587044,0.7925170068027211,0.907176287051482,176,1145,6.505681818181818,0.00234009360374415,0.0078003120124804995,0.0062402496099844,0.0015600624024961,0.46145477545857055,0.24326359791894372,0.0,1.0,0.3773308032890576,0.27099957704643257,0.0,0.967741935483871,0.4366350411132195,0.28027031358027776,0.0,1.0,0.3080834914611006,0.2578643864393433,0.0,1.0,20,0.1607843137254902,7.221960784313725,16
626,1276,1243,13.798907486463374,100.10188087774294,6,5,4,1,950,0.7450980392156863,325,1124,0.8815686274509804,0.9484210526315789,901,223,0.9484210526315789,0.6861538461538461,0.8815686274509804,181,1106,6.110497237569061,0.004705882352941176,0.00392156862745098,0.003137254901960784,0.000784313725490196,0.46205379714834666,0.24368586016817328,0.0,1.0,0.3765041965820609,0.2707402006332512,0.0,0.967741935483871,0.43684902416826776,0.2798365782782134,0.0,1.0,0.3083223784002427,0.257885449022679,0.0,1.0,20,0.15987460815047022,7.232758620689655,16
627,1275,1247,13.767615149986586,100.0156862745098,8,9,7,2,968,0.7586206896551724,308,1161,0.9098746081504702,0.9473140495867769,917,244,0.9473140495867769,0.7922077922077922,0.9098746081504702,188,1153,6.132978723404255,0.006269592476489028,0.007053291536050157,0.0054858934169279,0.001567398119122257,0.46216318785578747,0.24362951758361864,0.0,1.0,0.377887413029728,0.27093774354085415,0.0,0.967741935483871,0.43531941808981656,0.2796429382451183,0.0,1.0,0.3087666034155598,0.25832400541729694,0.0,1.0,20,0.16,7.24,16
628,1282,1253,13.657968659963245,99.83385335413416,11,4,4,0,987,0.7741176470588236,288,1119,0.8776470588235294,0.9331306990881459,921,198,0.9331306990881459,0.6875,0.8776470588235294,172,1097,6.377906976744186,0.008627450980392156,0.003137254901960784,0.003137254901960784,0.0,0.4615520104675155,0.2440944975949904,0.0,1.0,0.37927129988425345,0.27068546955107403,0.0,0.967741935483871,0.4355593578581853,0.279430567800763,0.0,1.0,0.30735745558854616,0.2575126974141914,0.0,1.0,20,0.1606864274570983,7.258970358814352,16
629,1282,1253,13.665317450461973,99.94695787831513,8,8,6,2,969,0.7558502340093604,313,1093,0.8525741029641186,0.9122807017543859,884,209,0.9122807017543859,0.6677316293929713,0.8525741029641186,180,1073,5.961111111111111,0.0062402496099844,0.0062402496099844,0.0046801872074883,0.0015600624024961,0.4624578531528358,0.24475003949640395,0.0,1.0,0.37876805394796437,0.27016918854177424,0.0,0.967741935483871,0.4352322479995974,0.2789769493407596,0.0,1.0,0.3061496653414524,0.25707876827506654,0.0,1.0,20,0.1606864274570983,7.275351014040561,16
630,1276,1260,13.564911165698327,99.53369905956113,8,14,13,1,981,0.765210608424337,301,1113,0.8681747269890796,0.9194699286442406,902,211,0.9194699286442406,0.7009966777408638,0.8681747269890796,177,1097,6.19774011299435,0.0062402496099844,0.0109204368174727,0.01014040561622465,0.00078003120124805,0.4624330063707149,0.2449560969552208,0.0,1.0,0.3790322580645161,0.2704476207800331,0.0,0.967741935483871,0.43621700879765396,0.27818755814935675,0.0,1.0,0.3036454646577005,0.2554782173104604,0.0,1.0,20,0.16065830721003135,7.294670846394984,16
631,1272,1262,13.585790591003406,99.81053459119497,5,9,7,2,989,0.7750783699059561,287,1140,0.8934169278996865,0.9332659251769464,923,217,0.9332659251769464,0.7560975609756098,0.8934169278996865,182,1124,6.175824175824176,0.003918495297805642,0.007053291536050157,0.0054858934169279,0.001567398119122257,0.46211199026171634,0.24448051842570692,0.0,1.0,0.37865185636031645,0.27012638666680283,0.0,0.967741935483871,0.43464698721850276,0.277773026638969,0.0,1.0,0.30409312233718805,0.2552872218596461,0.0,1.0,20,0.1611635220125786,7.300314465408805,16
632,1273,1275,13.601641510937986,100.50667714061272,6,5,0,5,981,0.7712264150943396,291,1126,0.8852201257861635,0.926605504587156,909,217,0.926605504587156,0.7457044673539519,0.8852201257861635,172,1111,6.459302325581396,0.0047169811320754715,0.003930817610062893,0.0,0.003930817610062893,0.46215442313052735,0.24437243560057262,0.0,1.0,0.3785317892709627,0.27031743225528715,0.0,0.967741935483871,0.4344575931885564,0.27789905057509967,0.0,1.0,0.30451308820920864,0.2555909453783079,0.0,1.0,20,0.16025137470542028,7.300864100549882,16
633,1271,1277,13.628197853593386,100.92289535798584,3,5,5,0,968,0.7604084838963079,305,1148,0.9018067556952082,0.9411157024793388,911,237,0.9411157024793388,0.7770491803278688,0.9018067556952082,182,1132,6.21978021978022,0.002356637863315004,0.003927729772191673,0.003927729772191673,0.0,0.4623232912870232,0.24412205599266934,0.0,1.0,0.37780766985609504,0.2703913122459108,0.0,0.967741935483871,0.4348874394050912,0.27801802594149294,0.0,1.0,0.30420547701834977,0.25544915259728024,0.0,1.0,20,0.16129032258064516,7.306058221872541,16
634,1272,1287,13.611987259115764,101.23977987421384,5,4,4,0,952,0.7490165224232888,319,1159,0.9118804091266719,0.9464285714285714,901,258,0.9464285714285714,0.8087774294670846,0.9118804091266719,179,1148,6.41340782122905,0.003933910306845004,0.003147128245476003,0.003147128245476003,0.0,0.4624416717386894,0.24451130921017425,0.0,1.0,0.3776374518157842,0.2704862295165985,0.0,0.967741935483871,0.4351795496043822,0.27776528523558247,0.0,1.0,0.3043213633597079,0.255577468553161,0.0,1.0,20,0.1619496855345912,7.316037735849057,16
635,1260,1292,13.669982164908957,101.38888888888889,2,14,11,3,979,0.7696540880503144,293,1112,0.8742138364779874,0.9223697650663942,903,209,0.9223697650663942,0.7133105802047781,0.8742138364779874,173,1090,6.300578034682081,0.0015723270440251573,0.0110062893081761,0.008647798742138365,0.0023584905660377358,0.46246799795186894,0.24427664088020998,0.0,1.0,0.3771889400921659,0.2704010723576834,0.0,0.967741935483871,0.43399897593445985,0.27785770474048654,0.0,1.0,0.3037122375832053,0.2549833883386884,0.0,1.0,20,0.16428571428571428,7.305555555555555,16
636,1266,1294,13.600067425155355,101.37914691943128,10,4,3,1,992,0.7873015873015873,268,1091,0.8658730158730159,0.9304435483870968,923,168,0.9304435483870968,0.6268656716417911,0.8658730158730159,177,1070,6.045197740112994,0.007936507936507936,0.0031746031746031746,0.002380952380952381,0.0007936507936507937,0.4622891504866738,0.2447589181876426,0.0,1.0,0.37861183305304996,0.27080760847177515,0.0,0.967741935483871,0.43507618610813836,0.2773466639167111,0.0,1.0,0.3025021658258167,0.2543164134752488,0.0,1.0,20,0.16587677725118483,7.316745655608215,16
637,1268,1300,13.585019741484626,101.5583596214511,7,5,4,1,957,0.7559241706161137,309,1122,0.8862559241706162,0.93521421107628,895,227,0.93521421107628,0.7346278317152104,0.8862559241706162,179,1107,6.184357541899441,0.005529225908372828,0.0039494470774091624,0.00315955766192733,0.0007898894154818325,0.4623486313218683,0.24494005432597296,0.0,1.0,0.3784980156711102,0.2703033981917863,0.0,0.967741935483871,0.4348733082324209,0.27724664218960904,0.0,1.0,0.3017197517044876,0.2544839694201063,0.0,1.0,20,0.16640378548895898,7.334384858044164,16
638,1273,1305,13.59959046126365,101.9528672427337,8,3,1,2,907,0.7152996845425867,361,1098,0.8659305993690851,0.9128996692392503,828,270,0.9128996692392503,0.7479224376731302,0.8659305993690851,175,1078,6.16,0.006309148264984227,0.002365930599369085,0.0007886435331230284,0.0015772870662460567,0.4623571446671566,0.24547833400755573,0.0,1.0,0.3786331500392773,0.27042946373066984,0.0,0.967741935483871,0.43473633530142153,0.276292205638418,0.0,1.0,0.30210576996173627,0.25469948555130034,0.0,1.0,20,0.16732128829536527,7.333071484681854,15
639,1275,1308,13.594058714523982,102.05019607843137,9,7,4,3,964,0.7572663000785546,309,1124,0.8829536527886881,0.9336099585062241,900,224,0.9336099585062241,0.7249190938511327,0.8829536527886881,170,1097,6.452941176470588,0.007069913589945012,0.0054988216810683424,0.003142183817753339,0.002356637863315004,0.4619354838709678,0.2448305635660154,0.0,1.0,0.3786464263124604,0.27016613621723107,0.0,0.967741935483871,0.432865275142315,0.2763513682720384,0.0,1.0,0.30241619228336497,0.2546209156883228,0.0,1.0,20,0.16549019607843138,7.3443137254901965,15
640,1276,1308,13.4980108348802,101.69200626959248,11,10,9,1,993,0.7788235294117647,282,1127,0.883921568627451,0.9415911379657603,935,192,0.9415911379657603,0.6808510638297872,0.883921568627451,181,1108,6.121546961325967,0.008627450980392156,0.00784313725490196,0.007058823529411765,0.000784313725490196,0.4614217817777328,0.24500200198480743,0.0,1.0,0.378981696834867,0.2703707128004765,0.0,0.967741935483871,0.4338659116189706,0.2763957031207965,0.0,1.0,0.30094043887147337,0.25389710000912047,0.0,1.0,20,0.1677115987460815,7.353448275862069,15
641,1276,1315,13.459468079295677,101.96943573667711,7,7,4,3,1013,0.7938871473354232,263,1126,0.8824451410658307,0.9397828232971372,952,174,0.9397828232971372,0.6615969581749049,0.8824451410658307,175,1108,6.331428571428572,0.0054858934169279,0.0054858934169279,0.003134796238244514,0.0023510971786833857,0.4602588734958034,0.2453218618223156,0.0,1.0,0.3791839417534634,0.27060583967564517,0.0,0.967741935483871,0.4338659116189706,0.2772500258827216,0.0,1.0,0.30142077055313987,0.25416388738398893,0.0,1.0,20,0.1669278996865204,7.353448275862069,15
642,1274,1321,13.485663866106012,102.07221350078493,6,8,6,2,934,0.731974921630094,342,1142,0.8949843260188087,0.9443254817987152,882,260,0.9443254817987152,0.7602339181286549,0.8949843260188087,179,1127,6.29608938547486,0.004702194357366771,0.006269592476489028,0.004702194357366771,0.001567398119122257,0.46024712614574365,0.2456862704719391,0.0,1.0,0.37894363700815314,0.2705713330112083,0.0,0.967741935483871,0.43312908289866814,0.27703438275931025,0.0,1.0,0.3021724818959842,0.2546266707182227,0.0,1.0,20,0.16797488226059654,7.350863422291994,15
643,1270,1323,13.478823382614655,101.98031496062993,6,10,9,1,968,0.7598116169544741,306,1092,0.8571428571428571,0.9070247933884298,878,214,0.9070247933884298,0.6993464052287581,0.8571428571428571,178,1072,6.022471910112359,0.004709576138147566,0.007849293563579277,0.00706436420722135,0.0007849293563579278,0.4605283210566421,0.24580345715297924,0.0,1.0,0.378740157480315,0.27076290815315984,0.0,0.967741935483871,0.4315722631445263,0.2769399221640231,0.0,1.0,0.30284480568961136,0.2550362436416481,0.0,1.0,20,0.16850393700787403,7.346456692913386,15
644,1261,1327,13.534516429952198,102.43219666931007,1,10,9,1,963,0.7582677165354331,307,1137,0.8952755905511811,0.9283489096573209,894,243,0.9283489096573209,0.7915309446254072,0.8952755905511811,181,1122,6.198895027624309,0.0007874015748031496,0.007874015748031496,0.007086614173228346,0.0007874015748031496,0.46115474150060115,0.24609073576908497,0.0,1.0,0.378936328055051,0.2702146976864209,0.0,0.967741935483871,0.43032923179248417,0.27627997160987544,0.0,1.0,0.3027551098718375,0.25591745087443657,0.0,1.0,20,0.1697065820777161,7.35685963521015,15
645,1266,1330,13.520629554749476,102.73064770932069,7,2,2,0,980,0.7771609833465504,281,1112,0.8818398096748612,0.9346938775510204,916,196,0.9346938775510204,0.697508896797153,0.8818398096748612,171,1086,6.350877192982456,0.0055511498810467885,0.0015860428231562252,0.0015860428231562252,0.0,0.4607603322631606,0.24678370811380443,0.0,1.0,0.37907047852010395,0.2701895711774154,0.0,0.967741935483871,0.43140702237170664,0.2772102765734593,0.0,1.0,0.3032410946338481,0.2563131080239421,0.0,1.0,20,0.1674565560821485,7.361769352290679,15
646,1262,1344,13.505197678015055,103.13470681458003,4,8,6,2,987,0.7796208530805687,279,1121,0.8854660347551343,0.9300911854103343,918,203,0.9300911854103343,0.7275985663082437,0.8854660347551343,170,1105,6.5,0.00315955766192733,0.00631911532385466,0.004739336492890996,0.001579778830963665,0.46122386381064356,0.24685868036498915,0.0,1.0,0.37809927917795616,0.26981977791133815,0.0,0.967741935483871,0.4318541996830428,0.2776006041113203,0.0,1.0,0.30371657890700887,0.2563694070644618,0.0,1.0,20,0.16719492868462757,7.367670364500793,15
647,1261,1351,13.473036822524998,103.27755749405235,7,8,6,2,980,0.7765451664025357,282,1113,0.881933438985737,0.939795918367347,921,192,0.939795918367347,0.6808510638297872,0.881933438985737,173,1093,6.317919075144508,0.005546751188589541,0.006339144215530904,0.004754358161648178,0.001584786053882726,0.45936404799058606,0.24603628260297847,0.0,1.0,0.37898749072676574,0.26964762045734847,0.0,0.967741935483871,0.4308920211813461,0.2771874473557237,0.0,1.0,0.30336906193241414,0.2558256066239819,0.0,1.0,20,0.16653449643140364,7.371927042030134,15
648,1259,1357,13.414080249380977,102.58061953931691,9,11,11,0,975,0.7731958762886598,286,1135,0.9000793021411578,0.9394871794871795,916,219,0.9394871794871795,0.7657342657342657,0.9000793021411578,173,1114,6.4393063583815024,0.007137192704203013,0.008723235527359239,0.008723235527359239,0.0,0.4579159086832868,0.24599275175138866,0.0,1.0,0.38038381716159775,0.2698190860056569,0.0,0.967741935483871,0.42993671372569114,0.27773182690196263,0.0,1.0,0.304107202336724,0.256048681020067,0.0,1.0,20,0.16521048451151707,7.37648927720413,15
649,1250,1364,13.454987861788188,102.7112,4,13,9,4,942,0.7482128673550437,317,1104,0.8768864177918984,0.9267515923566879,873,231,0.9267515923566879,0.7287066246056783,0.8768864177918984,172,1083,6.296511627906977,0.003177124702144559,0.010325655281969817,0.007148530579825258,0.003177124702144559,0.4588129032258064,0.2463345900179957,0.0,1.0,0.3804387096774194,0.26949329846739145,0.0,0.967741935483871,0.43011612903225804,0.27749419665632585,0.0,1.0,0.3030451612903226,0.2563890137435032,0.0,1.0,20,0.1656,7.3968,15
650,1254,1364,13.426806561369633,102.79186602870813,9,5,4,1,988,0.7904,262,1125,0.9,0.9463562753036437,935,190,0.9463562753036437,0.7251908396946565,0.9,177,1102,6.2259887005649714,0.0072,0.004,0.0032,0.0008,0.4581211092246746,0.24642547953511842,0.0,1.0,0.3820805679888872,0.2699128933629863,0.0,0.967741935483871,0.42928435458146835,0.2771071145831781,0.0,1.0,0.3027216134177085,0.2562522116069209,0.0,1.0,20,0.16427432216905902,7.411483253588517,15
651,1255,1370,13.45276940893557,103.20717131474103,4,3,3,0,945,0.7535885167464115,309,1102,0.8787878787878788,0.9291005291005291,878,224,0.9291005291005291,0.7249190938511327,0.8787878787878788,176,1084,6.159090909090909,0.003189792663476874,0.0023923444976076554,0.0023923444976076554,0.0,0.4580902197660969,0.24637683089379833,0.0,1.0,0.38249582315897696,0.2700123752694239,0.0,0.967741935483871,0.4292764426166303,0.27692498322364695,0.0,1.0,0.30235188279141495,0.2557074578720658,0.0,1.0,20,0.1649402390438247,7.4199203187251,15
652,1257,1371,13.475026115969486,103.25377883850437,9,7,5,2,892,0.7107569721115538,363,1087,0.8661354581673307,0.9159192825112108,817,270,0.9159192825112108,0.743801652892562,0.8661354581673307,170,1058,6.223529411764706,0.007171314741035857,0.005577689243027889,0.00398406374501992,0.0015936254980079682,0.45869581953961047,0.2470568519529297,0.0,1.0,0.38324736315343755,0.2702307387345227,0.0,0.967741935483871,0.43005620140118567,0.27708933785094164,0.0,1.0,0.3020504529473657,0.25603374247060384,0.0,1.0,20,0.16467780429594273,7.435958631662689,16
653,1252,1374,13.53909547196604,103.61741214057508,4,9,5,4,995,0.7915672235481305,262,1128,0.8973747016706444,0.9417085427135679,937,191,0.9417085427135679,0.7290076335877863,0.8973747016706444,182,1113,6.115384615384615,0.0031821797931583136,0.007159904534606206,0.003977724741447892,0.0031821797931583136,0.45748737503864784,0.2465658100942607,0.0,1.0,0.38390188601463465,0.27046823185208646,0.0,0.967741935483871,0.4296866948366485,0.2769075398643253,0.0,1.0,0.3034113160878079,0.2561635751183794,0.0,1.0,20,0.16373801916932906,7.4297124600638975,16
654,1253,1376,13.543678140134606,103.68236233040702,8,7,4,3,954,0.7619808306709265,298,1071,0.8554313099041534,0.9025157232704403,861,210,0.9025157232704403,0.7046979865771812,0.8554313099041534,169,1042,6.165680473372781,0.006389776357827476,0.005591054313099041,0.003194888178913738,0.0023961661341853034,0.45714800607574074,0.24624428744976012,0.0,1.0,0.38552634966403215,0.27097440838408887,0.0,0.967741935483871,0.4301418531009448,0.2773490083084288,0.0,1.0,0.30370980614267695,0.2564507473385893,0.0,1.0,20,0.16440542697525937,7.422984836392658,16
655,1253,1384,13.552738840611498,104.07262569832402,4,4,4,0,943,0.7525937749401437,310,1086,0.8667198723064645,0.9130434782608695,861,225,0.9130434782608695,0.7258064516129032,0.8667198723064645,172,1066,6.1976744186046515,0.0031923383878691143,0.0031923383878691143,0.0031923383878691143,0.0,0.4569163040959761,0.2463488549072414,0.0,1.0,0.3852689030198491,0.2708133784038818,0.0,0.967741935483871,0.43021908709419976,0.27722769130368513,0.0,1.0,0.30257704090827175,0.25574215245654636,0.0,1.0,20,0.16600159616919394,7.431763766959298,16
656,1255,1386,13.510661699757742,103.87649402390439,9,7,7,0,955,0.762170790103751,298,1083,0.8643256185155627,0.930890052356021,889,194,0.930890052356021,0.6510067114093959,0.8643256185155627,179,1064,5.944134078212291,0.007182761372705506,0.00558659217877095,0.00558659217877095,0.0,0.456856445186994,0.2461435686009889,0.0,1.0,0.3859144068885747,0.27119028374141474,0.0,0.967741935483871,0.4301503662768282,0.2774546834803066,0.0,1.0,0.30209484642076856,0.25523909105687637,0.0,1.0,20,0.1649402390438247,7.444621513944223,16
657,1244,1389,13.585059878708822,103.79421221864952,3,14,11,3,941,0.749800796812749,314,1094,0.8717131474103585,0.924548352816153,870,224,0.924548352816153,0.7133757961783439,0.8717131474103585,183,1080,5.901639344262295,0.002390438247011952,0.011155378486055778,0.008764940239043825,0.002390438247011952,0.4571361891919925,0.2467073060015282,0.0,1.0,0.38499636967119594,0.27083046759044027,0.0,0.967741935483871,0.4310756145628047,0.27788260159011613,0.0,1.0,0.3025101130588113,0.25604441498434943,0.0,1.0,20,0.1647909967845659,7.456591639871383,16
658,1242,1396,13.573804449788051,103.83333333333333,5,7,7,0,970,0.7797427652733119,274,1105,0.8882636655948553,0.9371134020618557,909,196,0.9371134020618557,0.7153284671532847,0.8882636655948553,177,1089,6.1525423728813555,0.0040192926045016075,0.005627009646302251,0.005627009646302251,0.0,0.4576385642304296,0.2474382658243641,0.0,1.0,0.38327879071217075,0.2705625147728709,0.0,0.967741935483871,0.431536024102644,0.27714375315905554,0.0,1.0,0.30172458573580596,0.25599435585637464,0.0,1.0,20,0.16747181964573268,7.4702093397745575,16
659,1243,1401,13.510326661136725,103.28479485116654,10,9,9,0,939,0.7560386473429952,303,1091,0.8784219001610306,0.9350372736954207,878,213,0.9350372736954207,0.7029702970297029,0.8784219001610306,170,1066,6.270588235294118,0.008051529790660225,0.007246376811594203,0.007246376811594203,0.0,0.4583084628759764,0.24790631946731861,0.0,1.0,0.38395660862118186,0.2703044510128503,0.0,0.967741935483871,0.4320452599070926,0.2770001067417823,0.0,1.0,0.3021825448317027,0.2559848270442729,0.0,1.0,20,0.168141592920354,7.473049074818986,16
660,1234,1399,13.602004573817998,103.17341977309563,5,14,11,3,928,0.7465808527755431,315,1106,0.8897827835880934,0.9267241379310345,860,246,0.9267241379310345,0.780952380952381,0.8897827835880934,181,1085,5.994475138121547,0.004022526146419952,0.011263073209975865,0.008849557522123894,0.002413515687851971,0.45820044962618284,0.24837466772734573,0.0,1.0,0.38364615465049406,0.2699682438764707,0.0,0.967741935483871,0.4331573168818947,0.277181309872513,0.0,1.0,0.3021383384744079,0.2560872742789742,0.0,1.0,20,0.17017828200972449,7.484602917341977,16
661,1238,1404,13.558767834820388,102.87883683360259,10,6,6,0,893,0.7236628849270664,341,1053,0.853322528363047,0.9137737961926092,816,237,0.9137737961926092,0.6950146627565983,0.853322528363047,164,1022,6.2317073170731705,0.008103727714748784,0.004862236628849271,0.004862236628849271,0.0,0.45849184428578876,0.2489729883684448,0.0,1.0,0.3843347751315858,0.270405148273659,0.0,0.967741935483871,0.43308666423471776,0.2772620362106186,0.0,1.0,0.30176142581687426,0.2559572635975321,0.0,1.0,20,0.16882067851373184,7.503231017770598,16
662,1234,1404,13.662259078778206,103.28930307941653,5,9,5,4,939,0.7584814216478191,299,1100,0.8885298869143781,0.933972310969116,877,223,0.933972310969116,0.745819397993311,0.8885298869143781,176,1076,6.113636363636363,0.004038772213247173,0.007269789983844911,0.004038772213247173,0.0032310177705977385,0.45859256548334815,0.24831811781161747,0.0,1.0,0.3844303863648246,0.2704171761315211,0.0,0.967741935483871,0.43229466199613115,0.2774616004516472,0.0,1.0,0.30148481204579913,0.2552541553805739,0.0,1.0,20,0.17017828200972449,7.49837925445705,16
663,1227,1405,13.688902098275307,103.23145884270579,5,12,10,2,990,0.8022690437601296,244,1135,0.919773095623987,0.9505050505050505,941,194,0.9505050505050505,0.7950819672131147,0.919773095623987,170,1106,6.5058823529411764,0.004051863857374392,0.009724473257698542,0.008103727714748784,0.0016207455429497568,0.4569498120251334,0.2484836770931652,0.0,1.0,0.3865972605620843,0.27117670873177874,0.0,0.967741935483871,0.43037042879301735,0.2774820139492129,0.0,1.0,0.30254751952046693,0.25540333577756275,0.0,1.0,20,0.1687041564792176,7.489812550937246,16
664,1227,1414,13.618253733437275,102.65525672371638,11,11,9,2,960,0.78239608801956,267,1074,0.8753056234718827,0.9166666666666666,880,194,0.9166666666666666,0.7265917602996255,0.8753056234718827,173,1056,6.104046242774566,0.008964955175224124,0.008964955175224124,0.007334963325183374,0.0016299918500407497,0.4568709414517444,0.2484870650194269,0.0,1.0,0.3866498409443437,0.27112988585305503,0.0,0.967741935483871,0.4306333307043142,0.27716258158495805,0.0,1.0,0.3018902647422247,0.25522303337449465,0.0,1.0,20,0.17114914425427874,7.515077424612877,16
665,1226,1416,13.5932409168408,102.45269168026101,7,8,7,1,946,0.7709861450692747,281,1091,0.8891605541972291,0.9323467230443975,882,209,0.9323467230443975,0.7437722419928826,0.8891605541972291,169,1062,6.284023668639053,0.0057049714751426246,0.006519967400162999,0.0057049714751426246,0.0008149959250203749,0.4575593327369363,0.24896868778010997,0.0,1.0,0.38599168552333846,0.27031229249734895,0.0,0.967741935483871,0.4305372835868021,0.2768354654122661,0.0,1.0,0.30084723464716095,0.2543166621844534,0.0,1.0,20,0.17128874388254486,7.5383360522022835,16
666,1228,1419,13.597236396113338,102.22801302931596,9,7,7,0,902,0.7357259380097879,324,1064,0.867862969004894,0.9113082039911308,822,242,0.9113082039911308,0.7469135802469136,0.867862969004894,170,1037,6.1,0.00734094616639478,0.005709624796084829,0.005709624796084829,0.0,0.4582326363349795,0.2496532431750591,0.0,1.0,0.3857570663024062,0.2702682174853732,0.0,0.967741935483871,0.4301250394031733,0.2756915835713709,0.0,1.0,0.3007512871703268,0.2554384848104854,0.0,1.0,20,0.17263843648208468,7.552117263843648,16
667,1232,1417,13.575293696936457,101.66071428571429,12,8,6,2,914,0.744299674267101,314,1099,0.8949511400651465,0.9245076586433261,845,254,0.9245076586433261,0.8089171974522293,0.8949511400651465,175,1072,6.1257142857142854,0.009771986970684038,0.006514657980456026,0.004885993485342019,0.0016286644951140066,0.45792312526183493,0.24980203577896382,0.0,1.0,0.38557813154587345,0.27071100567385376,0.0,0.967741935483871,0.4317919983242564,0.2757659987076866,0.0,1.0,0.3002984918307499,0.2551071223325097,0.0,1.0,20,0.1737012987012987,7.565746753246753,16
668,1234,1421,13.53056549195525,101.19286871961103,11,9,7,2,961,0.7800324675324676,271,1094,0.887987012987013,0.9375650364203955,901,193,0.9375650364203955,0.7121771217712177,0.887987012987013,177,1075,6.073446327683616,0.008928571428571428,0.007305194805194805,0.005681818181818182,0.0016233766233766235,0.45911538662623513,0.250921041203757,0.0,1.0,0.3866785172792388,0.27061391039871363,0.0,0.967741935483871,0.4318241229675328,0.2757852500852612,0.0,1.0,0.30083128561719036,0.2567459920365063,0.0,1.0,20,0.17423014586709887,7.576175040518638,16
669,1239,1423,13.532528376432289,101.2639225181598,9,4,3,1,938,0.7601296596434359,296,1069,0.8662884927066451,0.9275053304904051,870,199,0.9275053304904051,0.6722972972972973,0.8662884927066451,172,1043,6.063953488372093,0.007293354943273906,0.0032414910858995136,0.0024311183144246355,0.0008103727714748784,0.4587987190502226,0.25068619671570336,0.0,1.0,0.38730505871019816,0.27071053159276015,0.0,0.967741935483871,0.43325783019604774,0.2766970020202683,0.0,1.0,0.30013798849228046,0.2564063984517683,0.0,1.0,20,0.17271993543179984,7.585956416464891,16
670,1244,1429,13.452350307657492,100.85691318327974,13,8,5,3,938,0.7570621468926554,301,1053,0.8498789346246973,0.9136460554371002,857,196,0.9136460554371002,0.6511627906976745,0.8498789346246973,166,1025,6.174698795180723,0.010492332526230832,0.00645682001614205,0.004035512510088781,0.002421307506053269,0.45952183383466444,0.2508091923729294,0.0,1.0,0.3870449123534903,0.2698562312877245,0.0,0.967741935483871,0.4328129862047505,0.27635025535651037,0.0,1.0,0.29991702105590706,0.25747058470348366,0.0,1.0,20,0.17363344051446947,7.610932475884244,16
671,1245,1436,13.42438043832799,100.58955823293172,10,9,5,4,948,0.7620578778135049,296,1091,0.8770096463022508,0.9187763713080169,871,220,0.9187763713080169,0.7432432432432432,0.8770096463022508,177,1075,6.073446327683616,0.008038585209003215,0.007234726688102894,0.0040192926045016075,0.003215434083601286,0.4600336831195751,0.2508949677241096,0.0,1.0,0.38707086410156755,0.26991665182359104,0.0,0.967741935483871,0.43293172690763054,0.27658242720434084,0.0,1.0,0.3005829770695686,0.25698381595736325,0.0,1.0,20,0.1710843373493976,7.608835341365462,16
672,1246,1442,13.414883815787139,100.67897271268058,6,5,5,0,979,0.7863453815261044,266,1102,0.885140562248996,0.9346271705822268,915,187,0.9346271705822268,0.7030075187969925,0.885140562248996,178,1086,6.101123595505618,0.004819277108433735,0.004016064257028112,0.004016064257028112,0.0,0.4598456997877078,0.25066549821013534,0.0,1.0,0.3866566561383524,0.2702780363510125,0.0,0.967741935483871,0.4339305131258737,0.2764701386190042,0.0,1.0,0.29933205612799674,0.2567225596639955,0.0,1.0,20,0.1709470304975923,7.626003210272873,16
673,1253,1441,13.4009208949305,100.73104549082203,11,4,2,2,943,0.7568218298555377,303,1094,0.8780096308186196,0.926829268292683,874,220,0.926829268292683,0.7260726072607261,0.8780096308186196,176,1069,6.073863636363637,0.00882825040128411,0.0032102728731942215,0.0016051364365971107,0.0016051364365971107,0.46046906778570146,0.2509238475161165,0.0,1.0,0.3865818809051824,0.2706886988988725,0.0,0.967741935483871,0.4342095100790362,0.2766630690505423,0.0,1.0,0.29902427721854646,0.25619904691660467,0.0,1.0,20,0.17238627294493217,7.637669592976856,16
674,1251,1440,13.44727766973271,101.00079936051159,6,8,6,2,950,0.7581803671189146,303,1109,0.8850758180367119,0.9242105263157895,878,231,0.9242105263157895,0.7623762376237624,0.8850758180367119,170,1078,6.341176470588235,0.004788507581803671,0.006384676775738229,0.004788507581803671,0.0015961691939345571,0.46035429720739535,0.25037726834684776,0.0,1.0,0.38624584203604856,0.2703585877740494,0.0,0.967741935483871,0.43327918310512875,0.27686853025414343,0.0,1.0,0.2991929037415229,0.2560183684557203,0.0,1.0,20,0.1718625099920064,7.633892885691447,16
675,1239,1445,13.486634740719204,100.99435028248588,3,15,12,3,978,0.7817745803357314,273,1092,0.8729016786570744,0.9151329243353783,895,197,0.9151329243353783,0.7216117216117216,0.8729016786570744,172,1069,6.215116279069767,0.002398081534772182,0.011990407673860911,0.009592326139088728,0.002398081534772182,0.45838215001692306,0.24961673544250984,0.0,1.0,0.38621156499778697,0.2714372569410518,0.0,0.967741935483871,0.43364836366476606,0.27704870364164585,0.0,1.0,0.3005024863964175,0.2562775115623093,0.0,1.0,20,0.17191283292978207,7.621468926553672,16
676,1237,1443,13.578216101868428,101.32578819725141,4,6,5,1,933,0.7530266343825666,306,1084,0.8748991121872478,0.9239013933547695,862,222,0.9239013933547695,0.7254901960784313,0.8748991121872478,181,1063,5.87292817679558,0.003228410008071025,0.004842615012106538,0.004035512510088781,0.0008071025020177562,0.455863561686703,0.24899222736764112,0.0,1.0,0.3871228518528177,0.27156977626015893,0.0,0.967741935483871,0.4352882885232222,0.2784041377265945,0.0,1.0,0.29991915925626517,0.2558654745798876,0.0,1.0,20,0.17057396928051738,7.613581244947453,16
677,1238,1454,13.566409726740037,101.6389337641357,5,4,4,0,930,0.751818916734034,307,1063,0.8593371059013742,0.9225806451612903,858,205,0.9225806451612903,0.6677524429967426,0.8593371059013742,174,1048,6.022988505747127,0.004042037186742118,0.0032336297493936943,0.0032336297493936943,0.0,0.45658971285632394,0.249899379962321,0.0,1.0,0.3868362082443066,0.2713066367787949,0.0,0.967741935483871,0.43514513523372766,0.27810459005193683,0.0,1.0,0.2998853509823336,0.25617534508263873,0.0,1.0,20,0.1704361873990307,7.630856219709209,16
678,1242,1454,13.5333638963947,101.64492753623189,9,5,4,1,960,0.7754442649434572,278,1115,0.9006462035541195,0.9364583333333333,899,216,0.9364583333333333,0.7769784172661871,0.9006462035541195,180,1095,6.083333333333333,0.007269789983844911,0.004038772213247173,0.0032310177705977385,0.0008077544426494346,0.4574307828164771,0.24992957169192706,0.0,1.0,0.38600592177029763,0.2706507202995024,0.0,0.967741935483871,0.43491247207937245,0.27829950497306666,0.0,1.0,0.2991273180613994,0.2559888589037069,0.0,1.0,20,0.16988727858293076,7.644927536231884,16
679,1239,1459,13.44864974662598,100.99192897497983,11,14,11,3,936,0.7536231884057971,306,1086,0.8743961352657005,0.9252136752136753,866,220,0.9252136752136753,0.7189542483660131,0.8743961352657005,177,1068,6.033898305084746,0.008856682769726247,0.011272141706924315,0.008856682769726247,0.0024154589371980675,0.45788747428988,0.25123102999737673,0.0,1.0,0.3854825691895129,0.27005038422266,0.0,0.967741935483871,0.43560103100835745,0.27853014182660385,0.0,1.0,0.29735218308209016,0.25539699311688446,0.0,1.0,20,0.1694915254237288,7.674737691686844,17
680,1238,1461,13.357356654999402,100.3449111470113,11,12,11,1,957,0.7723970944309927,282,1087,0.8773204196933011,0.9320794148380356,892,195,0.9320794148380356,0.6914893617021277,0.8773204196933011,181,1070,5.911602209944752,0.00887812752219532,0.009685230024213076,0.00887812752219532,0.0008071025020177562,0.45786648600760854,0.2512511134512898,0.0,1.0,0.3863150763458231,0.26987051222300157,0.0,0.967741935483871,0.43397258846213976,0.27853859520339486,0.0,1.0,0.29691489916097763,0.255342384693103,0.0,1.0,20,0.1704361873990307,7.682552504038772,17
681,1237,1460,13.399173876535736,100.66936135812449,5,6,4,2,939,0.7584814216478191,299,1098,0.8869143780290791,0.9371671991480298,880,218,0.9371671991480298,0.7290969899665551,0.8869143780290791,173,1070,6.184971098265896,0.004038772213247173,0.004846526655896607,0.0032310177705977385,0.0016155088852988692,0.45789761910970866,0.25127997028591703,0.0,1.0,0.38584504654862184,0.2696941107694006,0.0,0.967741935483871,0.434584191722951,0.27887070359887345,0.0,1.0,0.29603358802513885,0.25503843574775453,0.0,1.0,20,0.17219078415521422,7.698464025869038,17
682,1239,1470,13.390840104766689,100.97578692493947,5,3,3,0,940,0.7599029911075182,297,1086,0.8779304769603881,0.9329787234042554,877,209,0.9329787234042554,0.7037037037037037,0.8779304769603881,170,1066,6.270588235294118,0.004042037186742118,0.002425222312045271,0.002425222312045271,0.0,0.45814782993569214,0.25140485268994034,0.0,1.0,0.3857168892707438,0.2696517538701605,0.0,0.967741935483871,0.4354708531854513,0.27891585977671846,0.0,1.0,0.2951131245281054,0.2544902618260343,0.0,1.0,20,0.17191283292978207,7.7158999192897495,17
683,1243,1469,13.424453445204177,101.29847144006436,7,3,2,1,929,0.7497982243744956,310,1090,0.8797417271993543,0.930032292787944,864,226,0.930032292787944,0.7290322580645161,0.8797417271993543,172,1061,6.1686046511627906,0.005649717514124294,0.002421307506053269,0.0016142050040355124,0.0008071025020177562,0.4580748968416682,0.25173098917960607,0.0,1.0,0.38637012430903384,0.26942988914808047,0.0,0.967741935483871,0.43521137726104897,0.27840795756122144,0.0,1.0,0.2948900942049672,0.2543182385860529,0.0,1.0,20,0.17296862429605792,7.723250201126307,17
684,1239,1471,13.449878422798811,101.42211460855529,6,10,7,3,945,0.7602574416733708,298,1049,0.8439259855189059,0.91005291005291,860,189,0.91005291005291,0.6342281879194631,0.8439259855189059,181,1032,5.701657458563536,0.004827031375703942,0.008045052292839904,0.0056315366049879325,0.002413515687851971,0.45814782993569214,0.2514850156337458,0.0,1.0,0.3858470670936499,0.26998077800161063,0.0,0.967741935483871,0.4351584264104767,0.27844553458555005,0.0,1.0,0.29503501783436176,0.25378285401340367,0.0,1.0,20,0.17271993543179984,7.715092816787732,17
685,1239,1477,13.399337301625257,101.05569007263922,10,10,7,3,964,0.778046811945117,275,1084,0.8748991121872478,0.9190871369294605,886,198,0.9190871369294605,0.72,0.8748991121872478,177,1067,6.028248587570621,0.008071025020177562,0.008071025020177562,0.005649717514124294,0.002421307506053269,0.4569501939649561,0.2512125742016496,0.0,1.0,0.3869405608060611,0.26999295731018597,0.0,0.967741935483871,0.43495014189382697,0.27852965509205446,0.0,1.0,0.2948788044468744,0.2534346764210864,0.0,1.0,20,0.17191283292978207,7.724778046811945,17
686,1236,1480,13.391162615945886,100.66990291262135,9,12,10,2,887,0.7158999192897498,352,1060,0.8555286521388217,0.9177001127395716,814,246,0.9177001127395716,0.6988636363636364,0.8555286521388217,176,1039,5.903409090909091,0.007263922518159807,0.009685230024213076,0.008071025020177562,0.0016142050040355124,0.456989247311828,0.25080090311788583,0.0,1.0,0.38876709468629295,0.2698539659966674,0.0,0.967741935483871,0.43496189581375927,0.27848571019612123,0.0,1.0,0.2944461843616244,0.25377775483274256,0.0,1.0,20,0.1715210355987055,7.7459546925566345,17
687,1240,1478,13.37495047381658,100.41129032258064,10,6,6,0,922,0.7459546925566343,314,1064,0.86084142394822,0.9045553145336226,834,230,0.9045553145336226,0.732484076433121,0.86084142394822,174,1036,5.954022988505747,0.008090614886731391,0.0048543689320388345,0.0048543689320388345,0.0,0.45678980228928195,0.2507232726912923,0.0,1.0,0.38896982310093653,0.26973142740158773,0.0,0.967741935483871,0.43350676378772107,0.27752360819614935,0.0,1.0,0.2946930280957336,0.2537576992895135,0.0,1.0,20,0.1717741935483871,7.751612903225807,17
688,1240,1479,13.411251171835294,100.64516129032258,8,8,5,3,933,0.7524193548387097,307,1055,0.8508064516129032,0.8992497320471597,839,216,0.8992497320471597,0.7035830618892508,0.8508064516129032,172,1028,5.976744186046512,0.0064516129032258064,0.0064516129032258064,0.004032258064516129,0.0024193548387096775,0.45530697190426644,0.25006417005596804,0.0,1.0,0.38839750260145683,0.2692739537701089,0.0,0.967741935483871,0.4328824141519251,0.27739445155368575,0.0,1.0,0.29581165452653485,0.2541572970232049,0.0,1.0,20,0.17016129032258065,7.748387096774193,16
689,1242,1489,13.365766636451006,100.48148148148148,9,7,6,1,933,0.7524193548387097,307,1044,0.8419354838709677,0.9056806002143623,845,199,0.9056806002143623,0.6482084690553745,0.8419354838709677,172,1026,5.965116279069767,0.007258064516129033,0.00564516129032258,0.004838709677419355,0.0008064516129032258,0.45488546049555867,0.2501232851750906,0.0,1.0,0.38901875227260924,0.2693769938639562,0.0,0.967741935483871,0.4325229858189185,0.2762052179231149,0.0,1.0,0.2963482416497844,0.2538033598916263,0.0,1.0,20,0.17149758454106281,7.7423510466988725,16
690,1238,1489,13.375520226051966,100.39579967689822,8,12,8,4,963,0.7753623188405797,279,1057,0.8510466988727858,0.9055036344755971,872,185,0.9055036344755971,0.6630824372759857,0.8510466988727858,178,1035,5.814606741573034,0.00644122383252818,0.00966183574879227,0.00644122383252818,0.00322061191626409,0.4538798269842097,0.24980073238498213,0.0,1.0,0.38860805669915055,0.26939357398961417,0.0,0.967741935483871,0.4342852676012299,0.2765808085142711,0.0,1.0,0.2968106727812809,0.2538991685771535,0.0,1.0,20,0.17205169628432956,7.740710823909532,16
691,1232,1495,13.424708110057633,100.49431818181819,3,9,8,1,961,0.7762520193861067,277,1053,0.8505654281098546,0.9053069719042663,870,183,0.9053069719042663,0.6606498194945848,0.8505654281098546,172,1031,5.994186046511628,0.0024232633279483036,0.007269789983844911,0.006462035541195477,0.0008077544426494346,0.4543098031001257,0.24992800833566764,0.0,1.0,0.3891652702136573,0.26896229297092233,0.0,0.967741935483871,0.4345936321742773,0.2764713871320969,0.0,1.0,0.29778487641390866,0.2545534326615989,0.0,1.0,20,0.1728896103896104,7.7435064935064934,16
692,1231,1501,13.406100466528537,100.1697806661251,7,8,8,0,936,0.7597402597402597,296,1087,0.8823051948051948,0.9305555555555556,871,216,0.9305555555555556,0.7297297297297297,0.8823051948051948,172,1065,6.191860465116279,0.005681818181818182,0.006493506493506494,0.006493506493506494,0.0,0.4550195225491994,0.24993800337822497,0.0,1.0,0.39024134587668036,0.2688678131199567,0.0,0.967741935483871,0.43405571132831955,0.27595377134782156,0.0,1.0,0.2982888289090957,0.2550015518963665,0.0,1.0,20,0.17384240454914704,7.760357432981316,16
693,1229,1499,13.42734103940171,100.02115541090318,10,12,7,5,938,0.7619821283509342,293,1068,0.867587327376117,0.920042643923241,863,205,0.920042643923241,0.6996587030716723,0.867587327376117,175,1041,5.948571428571428,0.008123476848090982,0.00974817221770918,0.005686433793663688,0.004061738424045491,0.4554187773957322,0.2509483238301786,0.0,1.0,0.3890653297986824,0.2685827666096278,0.0,0.967741935483871,0.4352082731830232,0.27683323580146635,0.0,1.0,0.29793432898501276,0.2546088255195157,0.0,1.0,20,0.17331163547599673,7.768917819365337,17
694,1228,1497,13.493070270482166,100.29885993485343,6,7,5,2,924,0.7518307567127747,305,1088,0.8852725793327909,0.9307359307359307,860,228,0.9307359307359307,0.7475409836065574,0.8852725793327909,182,1068,5.868131868131868,0.004882017900732303,0.005695687550854353,0.0040683482506102524,0.0016273393002441008,0.4556845644635915,0.25070518768153266,0.0,1.0,0.388278869391615,0.26878815975536563,0.0,0.967741935483871,0.43558894609645893,0.27731564550016174,0.0,1.0,0.2980456026058632,0.25454281854314975,0.0,1.0,20,0.17182410423452768,7.772801302931596,17
695,1229,1509,13.495815283044452,100.75345809601302,4,3,3,0,964,0.7850162866449512,264,1081,0.8802931596091205,0.9315352697095436,898,183,0.9315352697095436,0.6931818181818182,0.8802931596091205,176,1069,6.073863636363637,0.003257328990228013,0.0024429967426710096,0.0024429967426710096,0.0,0.45573374629255364,0.2509804609060544,0.0,1.0,0.38756922753878054,0.26860059819882914,0.0,0.967741935483871,0.4356282317121184,0.2767538033128295,0.0,1.0,0.298354287514108,0.2547488566482885,0.0,1.0,20,0.1724979658258747,7.775427176566314,17
696,1226,1506,13.482337307976907,100.24388254486134,10,13,10,3,941,0.7656631407648494,288,1063,0.8649308380797396,0.9277364505844846,873,190,0.9277364505844846,0.6597222222222222,0.8649308380797396,177,1037,5.858757062146893,0.008136696501220505,0.010577705451586655,0.008136696501220505,0.0024410089503661514,0.4546913645213914,0.24995791383368052,0.0,1.0,0.38846497921380835,0.26927291270063397,0.0,0.967741935483871,0.43564174077777196,0.2772227290390129,0.0,1.0,0.29766352681155606,0.2541965096919558,0.0,1.0,20,0.17210440456769985,7.775693311582382,17
697,1228,1506,13.395149573932262,99.70032573289902,11,9,9,0,931,0.7593800978792822,295,1066,0.8694942903752039,0.924812030075188,861,205,0.924812030075188,0.6949152542372882,0.8694942903752039,176,1042,5.920454545454546,0.00897226753670473,0.00734094616639478,0.00734094616639478,0.0,0.4553430702952611,0.24993021665435747,0.0,1.0,0.3897499211936535,0.26952696692203404,0.0,0.967741935483871,0.4357202900073553,0.27659961770236047,0.0,1.0,0.2965745508038247,0.2542234653096504,0.0,1.0,20,0.17100977198697068,7.802931596091205,17
698,1223,1513,13.414769837657477,99.9664758789861,5,10,7,3,924,0.752442996742671,304,1050,0.8550488599348535,0.9047619047619048,836,214,0.9047619047619048,0.7039473684210527,0.8550488599348535,168,1025,6.101190476190476,0.004071661237785016,0.008143322475570033,0.005700325732899023,0.0024429967426710096,0.4538812544509799,0.2502338984527152,0.0,1.0,0.38765067391132324,0.26909572515081026,0.0,0.967741935483871,0.4362355920132936,0.27712784591313405,0.0,1.0,0.29644185371772214,0.25388967082587177,0.0,1.0,20,0.17089125102207686,7.806214227309893,17
699,1222,1519,13.428756652927511,99.9607201309329,6,7,6,1,936,0.7653311529026983,287,1055,0.8626328699918234,0.9220085470085471,863,192,0.9220085470085471,0.6689895470383276,0.8626328699918234,176,1037,5.892045454545454,0.004905968928863451,0.005723630417007359,0.004905968928863451,0.0008176614881439084,0.45496541893247455,0.2501965028932639,0.0,1.0,0.38881262868908717,0.2692610036983725,0.0,0.967741935483871,0.43482392693099625,0.2765090855802988,0.0,1.0,0.2966844411593897,0.2549062832316659,0.0,1.0,20,0.1718494271685761,7.819967266775778,17
700,1225,1522,13.38666053998463,99.60489795918367,13,10,6,4,926,0.7577741407528642,296,1046,0.855973813420622,0.9222462203023758,854,192,0.9222462203023758,0.6486486486486487,0.855973813420622,167,1016,6.083832335329341,0.010638297872340425,0.008183306055646482,0.004909983633387889,0.0032733224222585926,0.4537458854509546,0.25050759755085583,0.0,1.0,0.38733377221856485,0.2686235694787594,0.0,0.967741935483871,0.43602369980250166,0.27628241532942327,0.0,1.0,0.2971955233706386,0.2548072763681095,0.0,1.0,20,0.17469387755102042,7.8277551020408165,17
701,1224,1517,13.388049237457178,99.56862745098039,8,9,7,2,971,0.7926530612244898,254,1092,0.8914285714285715,0.933058702368692,906,186,0.933058702368692,0.7322834645669292,0.8914285714285715,181,1068,5.900552486187845,0.006530612244897959,0.007346938775510204,0.005714285714285714,0.0016326530612244899,0.45445920303605314,0.25071984024596905,0.0,1.0,0.38583175205566095,0.26838377082339815,0.0,0.967741935483871,0.43682795698924726,0.2761336328880131,0.0,1.0,0.2960942441492726,0.25490204661667915,0.0,1.0,20,0.17565359477124182,7.8431372549019605,17
702,1231,1526,13.35413198913532,99.70024370430544,9,2,1,1,920,0.7516339869281046,304,1064,0.869281045751634,0.9054347826086957,833,231,0.9054347826086957,0.7598684210526315,0.869281045751634,176,1049,5.9602272727272725,0.007352941176470588,0.0016339869281045752,0.0008169934640522876,0.0008169934640522876,0.45509813684127776,0.250489284659605,0.0,1.0,0.3870181599014701,0.26940911819630353,0.0,0.967741935483871,0.4373051020675559,0.27604334003275205,0.0,1.0,0.2943581143051807,0.2542143782630859,0.0,1.0,20,0.17546709991876522,7.860276198212835,17
703,1232,1532,13.36246878067789,99.66883116883118,6,5,5,0,922,0.7489845653939886,309,1065,0.8651502843216897,0.9273318872017353,855,210,0.9273318872017353,0.6796116504854369,0.8651502843216897,173,1044,6.034682080924855,0.00487408610885459,0.004061738424045491,0.004061738424045491,0.0,0.455121491411814,0.250513724988716,0.0,1.0,0.3870182237117721,0.2686025770503479,0.0,0.967741935483871,0.4372119815668203,0.27694055138398715,0.0,1.0,0.29508797653958946,0.2547591419183984,0.0,1.0,20,0.17532467532467533,7.8522727272727275,17
704,1227,1531,13.423921719159605,99.49062754686227,7,12,9,3,915,0.7426948051948052,317,1050,0.8522727272727273,0.9256830601092896,847,203,0.9256830601092896,0.6403785488958991,0.8522727272727273,179,1028,5.743016759776537,0.005681818181818182,0.00974025974025974,0.007305194805194805,0.002435064935064935,0.4547414359702395,0.2501403525004026,0.0,1.0,0.38672871151773275,0.26914117806143245,0.0,0.967741935483871,0.43683781581092096,0.2776174822132843,0.0,1.0,0.29563319925335857,0.2560201526694661,0.0,1.0,20,0.17114914425427874,7.854115729421353,17
705,1221,1531,13.490153808907467,99.61425061425061,5,11,8,3,925,0.7538712306438468,302,1058,0.8622656886715566,0.9264864864864865,857,201,0.9264864864864865,0.6655629139072847,0.8622656886715566,180,1038,5.766666666666667,0.004074979625101874,0.008964955175224124,0.006519967400162999,0.0024449877750611247,0.4546511320704869,0.24983607145915906,0.0,1.0,0.3876515811999683,0.2688536164406522,0.0,0.967741935483871,0.4369237272463079,0.27771358653627626,0.0,1.0,0.2946817785527463,0.256056596813186,0.0,1.0,20,0.17035217035217035,7.853398853398853,17
706,1216,1535,13.508100241698957,99.53289473684211,5,10,8,2,938,0.7682227682227682,283,1051,0.8607698607698607,0.9136460554371002,857,194,0.9136460554371002,0.6855123674911661,0.8607698607698607,185,1040,5.621621621621622,0.004095004095004095,0.00819000819000819,0.006552006552006552,0.001638001638001638,0.45336375212224106,0.24945244023275592,0.0,1.0,0.38842317487266553,0.2690200664785283,0.0,0.967741935483871,0.43617359932088284,0.2773238438394348,0.0,1.0,0.2939834465195246,0.25552579722316987,0.0,1.0,20,0.17023026315789475,7.868421052631579,17
707,1215,1544,13.561330447344224,99.83621399176955,4,5,4,1,887,0.7294407894736842,329,1038,0.8536184210526315,0.9120631341600902,809,229,0.9120631341600902,0.6960486322188449,0.8536184210526315,174,1021,5.867816091954023,0.003289473684210526,0.004111842105263158,0.003289473684210526,0.0008223684210526315,0.4532058940661091,0.24962819615739945,0.0,1.0,0.388264967476437,0.26899779928813233,0.0,0.967741935483871,0.43509889818133546,0.27696853171150476,0.0,1.0,0.29409265896721093,0.2558972517369722,0.0,1.0,20,0.16872427983539096,7.883950617283951,17
708,1215,1549,13.607451897194041,100.12921810699588,5,5,4,1,913,0.751440329218107,302,1051,0.8650205761316873,0.9255202628696605,845,206,0.9255202628696605,0.6821192052980133,0.8650205761316873,174,1030,5.919540229885057,0.00411522633744856,0.00411522633744856,0.0032921810699588477,0.0008230452674897119,0.45317934421877076,0.24973298429966828,0.0,1.0,0.38818531793442185,0.26915568727425004,0.0,0.967741935483871,0.43608124253285546,0.27748098891674255,0.0,1.0,0.2933492632417364,0.2554213902356892,0.0,1.0,20,0.16872427983539096,7.897942386831276,17
709,1217,1559,13.569260269393178,100.0304026294166,8,6,6,0,937,0.77119341563786,278,1021,0.8403292181069959,0.9124866595517609,855,166,0.9124866595517609,0.5971223021582733,0.8403292181069959,167,998,5.976047904191617,0.006584362139917695,0.0049382716049382715,0.0049382716049382715,0.0,0.45386593156095106,0.2502034178931549,0.0,1.0,0.3879184668804834,0.2694435926946478,0.0,0.967741935483871,0.43621279189970047,0.27678109773662907,0.0,1.0,0.29387441354997745,0.25530512054136767,0.0,1.0,20,0.1684470008216927,7.908792111750206,17
710,1222,1555,13.602629076360525,100.16039279869067,9,4,2,2,935,0.7682826622843056,282,1059,0.8701725554642563,0.9144385026737968,855,204,0.9144385026737968,0.723404255319149,0.8701725554642563,184,1039,5.646739130434782,0.007395234182415777,0.003286770747740345,0.0016433853738701725,0.0016433853738701725,0.4528799957763581,0.25049636347126014,0.0,1.0,0.3884430600285096,0.27051255056332396,0.0,0.967741935483871,0.43648698590359536,0.27630472367223513,0.0,1.0,0.29422944934269574,0.2550408819238326,0.0,1.0,20,0.16775777414075285,7.915711947626841,17
711,1227,1558,13.541656122871593,99.5802770986145,14,9,6,3,916,0.7495908346972177,306,1046,0.855973813420622,0.9039301310043668,828,218,0.9039301310043668,0.7124183006535948,0.855973813420622,171,1020,5.964912280701754,0.011456628477905073,0.007364975450081833,0.004909983633387889,0.0024549918166939444,0.45255935010647524,0.2500173954705706,0.0,1.0,0.3904882088492783,0.2710715020555229,0.0,0.967741935483871,0.4351289533874911,0.27659224525021614,0.0,1.0,0.29539658753319137,0.255512664767098,0.0,1.0,20,0.16625916870415647,7.91442542787286,17
712,1227,1558,13.571040881564038,99.62021189894051,7,7,5,2,919,0.7489812550937245,308,1075,0.876120619396903,0.9281828073993471,853,222,0.9281828073993471,0.7207792207792207,0.876120619396903,182,1057,5.8076923076923075,0.0057049714751426246,0.0057049714751426246,0.004074979625101874,0.0016299918500407497,0.45190209532823306,0.24976279045244407,0.0,1.0,0.39006756579120333,0.271632745845554,0.0,0.967741935483871,0.4355758866366959,0.2762672558369184,0.0,1.0,0.2938717564476694,0.2546274298261829,0.0,1.0,20,0.16544417277913612,7.927465362673186,17
713,1227,1561,13.643045172140935,99.92094539527302,5,5,3,2,931,0.758761206193969,296,1076,0.8769356153219234,0.9441460794844253,879,197,0.9441460794844253,0.6655405405405406,0.8769356153219234,174,1053,6.051724137931035,0.004074979625101874,0.004074979625101874,0.0024449877750611247,0.0016299918500407497,0.45140258169676895,0.24972721398999423,0.0,1.0,0.3896206325419986,0.2714358179007005,0.0,0.967741935483871,0.4362068512238084,0.2764197704258042,0.0,1.0,0.2940294975944475,0.254811631115684,0.0,1.0,20,0.16625916870415647,7.928280358598207,17
714,1229,1559,13.58485134525284,99.4206672091131,10,8,8,0,963,0.784841075794621,264,1046,0.8524857375713122,0.9179646936656283,884,162,0.9179646936656283,0.6136363636363636,0.8524857375713122,181,1025,5.662983425414365,0.008149959250203748,0.006519967400162999,0.006519967400162999,0.0,0.4511929446967112,0.2504922540697186,0.0,1.0,0.3894590409197092,0.2717683071347233,0.0,0.967741935483871,0.43720307619622567,0.27692283320081873,0.0,1.0,0.2934197747972388,0.2540946897915744,0.0,1.0,20,0.1676159479251424,7.947111472742066,17
715,1225,1561,13.6382922808863,99.71102040816326,5,9,6,3,967,0.7868185516680228,262,1078,0.8771358828315704,0.9152016546018614,885,193,0.9152016546018614,0.7366412213740458,0.8771358828315704,179,1059,5.916201117318436,0.0040683482506102524,0.007323026851098454,0.004882017900732303,0.0024410089503661514,0.45140223831468074,0.2506165986643555,0.0,1.0,0.3897827518104016,0.2719120617577983,0.0,0.967741935483871,0.4355497037524687,0.27685728521882436,0.0,1.0,0.29429888084265965,0.25427164504896677,0.0,1.0,20,0.16489795918367348,7.953469387755102,17
716,1223,1565,13.692277704575936,99.97874080130826,5,7,6,1,878,0.7167346938775511,347,1054,0.8604081632653061,0.9202733485193622,808,246,0.9202733485193622,0.7089337175792507,0.8604081632653061,172,1030,5.988372093023256,0.004081632653061225,0.005714285714285714,0.004897959183673469,0.0008163265306122449,0.45121726057025296,0.25097890041417764,0.0,1.0,0.3900772821987181,0.27176050405454044,0.0,0.967741935483871,0.43618283965921983,0.2770788560794472,0.0,1.0,0.2943053833777332,0.25457970172060157,0.0,1.0,20,0.1651676206050695,7.958299264104661,17
717,1221,1570,13.655923032949746,99.43243243243244,10,12,10,2,902,0.7375306623058054,321,1054,0.8618152085036794,0.9113082039911308,822,232,0.9113082039911308,0.7227414330218068,0.8618152085036794,174,1033,5.936781609195402,0.008176614881439084,0.009811937857726901,0.008176614881439084,0.001635322976287817,0.45084674116932183,0.2513497085036098,0.0,1.0,0.39098042323848775,0.27146036504367255,0.0,0.967741935483871,0.4347837573644025,0.2765601853464308,0.0,1.0,0.29417981030884255,0.25330567408165217,0.0,1.0,20,0.16625716625716624,7.95986895986896,17
718,1225,1569,13.650572722739408,99.3934693877551,9,5,4,1,936,0.7665847665847666,285,1061,0.868959868959869,0.9123931623931624,854,207,0.9123931623931624,0.7263157894736842,0.868959868959869,173,1033,5.971098265895954,0.007371007371007371,0.004095004095004095,0.003276003276003276,0.000819000819000819,0.4509545753785385,0.2507970937350117,0.0,1.0,0.3917314022383147,0.2712633790688973,0.0,0.967741935483871,0.4348650427913101,0.2763591037969596,0.0,1.0,0.29464121132323895,0.25332722998592444,0.0,1.0,20,0.1657142857142857,7.9648979591836735,17
719,1225,1569,13.638058662147833,98.93795918367347,10,10,8,2,902,0.7363265306122448,323,1078,0.88,0.9235033259423503,833,245,0.9235033259423503,0.7585139318885449,0.88,177,1055,5.96045197740113,0.00816326530612245,0.00816326530612245,0.006530612244897959,0.0016326530612244899,0.45198156682027646,0.2512697310335117,0.0,1.0,0.39152073732718895,0.2717580874808258,0.0,0.967741935483871,0.4361026991441738,0.2766141063450435,0.0,1.0,0.2939038841342989,0.25340242617128206,0.0,1.0,20,0.16653061224489796,7.980408163265306,17
720,1222,1575,13.555110560818912,98.15466448445171,10,13,13,0,928,0.7575510204081632,297,1049,0.856326530612245,0.9008620689655172,836,213,0.9008620689655172,0.7171717171717171,0.856326530612245,173,1028,5.942196531791907,0.00816326530612245,0.010612244897959184,0.010612244897959184,0.0,0.45295918906076765,0.25141042457226376,0.0,1.0,0.3906340742305053,0.27172872967599404,0.0,0.967741935483871,0.43648698590359536,0.2770034292170754,0.0,1.0,0.2913520933424846,0.2529314942747916,0.0,1.0,20,0.17103109656301146,8.004909983633388,17
721,1220,1573,13.560723603821764,97.56557377049181,11,13,10,3,920,0.7528641571194763,302,1059,0.8666121112929623,0.9184782608695652,845,214,0.9184782608695652,0.7086092715231788,0.8666121112929623,175,1032,5.897142857142857,0.00900163666121113,0.010638297872340425,0.008183306055646482,0.0024549918166939444,0.4528556319407721,0.2518033241673698,0.0,1.0,0.39066631411951347,0.27144084613751773,0.0,0.967741935483871,0.43543098889476467,0.276633923006939,0.0,1.0,0.29182971972501326,0.2527013044521176,0.0,1.0,20,0.17049180327868851,8.032786885245901,17
722,1226,1573,13.542723660463297,97.52610114192495,9,3,3,0,905,0.7418032786885246,315,1046,0.8573770491803279,0.901657458563536,816,230,0.901657458563536,0.7301587301587301,0.8573770491803279,178,1024,5.752808988764045,0.007377049180327869,0.002459016393442623,0.002459016393442623,0.0,0.4521391359259065,0.2514236475748964,0.0,1.0,0.3914908172393832,0.2717242293117529,0.0,0.967741935483871,0.43577329895279693,0.2761919881246404,0.0,1.0,0.29174340893543127,0.2524712587156565,0.0,1.0,20,0.17047308319738988,8.049755301794454,17
723,1233,1574,13.546153113255325,97.54987834549878,12,5,2,3,868,0.7079934747145188,358,1058,0.8629690048939641,0.913594470046083,793,265,0.913594470046083,0.7402234636871509,0.8629690048939641,171,1030,6.023391812865497,0.009787928221859706,0.004078303425774877,0.0016313213703099511,0.0024469820554649264,0.4521099861340031,0.2513830184790631,0.0,1.0,0.3903408942259896,0.27152630602155586,0.0,0.967741935483871,0.4353923030636005,0.27601270072109935,0.0,1.0,0.290636527745075,0.2517607154960833,0.0,1.0,20,0.16950527169505272,8.078669910786699,17
724,1234,1576,13.575541006345862,97.62722852512155,9,8,4,4,898,0.7283049472830495,335,1082,0.8775344687753447,0.9198218262806236,826,256,0.9198218262806236,0.764179104477612,0.8775344687753447,169,1053,6.230769230769231,0.0072992700729927005,0.006488240064882401,0.0032441200324412004,0.0032441200324412004,0.4525539812830031,0.25125469968896075,0.0,1.0,0.39227270350812987,0.27141113939141814,0.0,0.967741935483871,0.43582370471061843,0.27553401904233804,0.0,1.0,0.28836200135933493,0.2510288804592631,0.0,1.0,20,0.17017828200972449,8.100486223662886,17
725,1238,1568,13.577057960199792,97.38045234248789,10,6,6,0,904,0.7325769854132901,330,1066,0.8638573743922204,0.9247787610619469,836,230,0.9247787610619469,0.696969696969697,0.8638573743922204,182,1040,5.714285714285714,0.008103727714748784,0.004862236628849271,0.004862236628849271,0.0,0.4532023555161811,0.2508535678928656,0.0,1.0,0.3913700557611131,0.2704196806695198,0.0,0.967741935483871,0.43454583355047166,0.27563506200249294,0.0,1.0,0.28860284538016573,0.2504956034955375,0.0,1.0,20,0.1704361873990307,8.106623586429725,17
726,1234,1567,13.52427583484519,96.58265802269044,9,13,12,1,946,0.7641357027463651,292,1069,0.8634894991922456,0.9291754756871036,879,190,0.9291754756871036,0.6506849315068494,0.8634894991922456,173,1041,6.017341040462428,0.007269789983844911,0.01050080775444265,0.009693053311793215,0.0008077544426494346,0.45234485282584824,0.24997004505312337,0.0,1.0,0.3916453181366655,0.27072555686392746,0.0,0.967741935483871,0.4344120876248236,0.2759908338866109,0.0,1.0,0.28864955298792283,0.2503700112442131,0.0,1.0,20,0.17098865478119935,8.120745542949757,17
727,1231,1566,13.607992320407218,96.94800974817221,4,7,5,2,913,0.7398703403565641,321,1089,0.8824959481361426,0.9375684556407448,856,233,0.9375684556407448,0.7258566978193146,0.8824959481361426,177,1065,6.016949152542373,0.0032414910858995136,0.005672609400324149,0.004051863857374392,0.0016207455429497568,0.4531327795393202,0.25052072920899526,0.0,1.0,0.3913419459657766,0.27077319647831916,0.0,0.967741935483871,0.4351039018893635,0.2756353806047735,0.0,1.0,0.2880951757029428,0.2504496300074403,0.0,1.0,20,0.17221770917952883,8.139723801787165,17
728,1226,1563,13.654856803760557,97.04404567699837,6,11,8,3,961,0.7806661251015434,270,1086,0.8822095857026807,0.9261186264308012,890,196,0.9261186264308012,0.725925925925926,0.8822095857026807,177,1060,5.988700564971752,0.00487408610885459,0.008935824532900082,0.006498781478472786,0.002437043054427295,0.45187601957585644,0.250032748938343,0.0,1.0,0.39167499868441824,0.2714414776646571,0.0,0.967741935483871,0.4355628058727569,0.2751576339049418,0.0,1.0,0.28805978003473137,0.25036867223927367,0.0,1.0,20,0.17210440456769985,8.148450244698205,17
729,1225,1568,13.729262643172863,97.51265306122448,5,6,3,3,925,0.7544861337683524,301,1073,0.8752039151712887,0.9124324324324324,844,229,0.9124324324324324,0.760797342192691,0.8752039151712887,177,1055,5.96045197740113,0.004078303425774877,0.004893964110929853,0.0024469820554649264,0.0024469820554649264,0.45063857801184987,0.24957715723987978,0.0,1.0,0.39225806451612905,0.27112857698931675,0.0,0.967741935483871,0.43468071099407507,0.2750924206300129,0.0,1.0,0.2875839368005267,0.2504186146529717,0.0,1.0,20,0.1689795918367347,8.151836734693877,17
730,1226,1566,13.758991938179477,97.66476345840131,8,7,4,3,948,0.7738775510204081,277,1067,0.8710204081632653,0.9229957805907173,875,192,0.9229957805907173,0.6931407942238267,0.8710204081632653,177,1042,5.887005649717514,0.006530612244897959,0.005714285714285714,0.0032653061224489797,0.0024489795918367346,0.4511919170657264,0.2490631907034979,0.0,1.0,0.39196442666947323,0.26997693250177035,0.0,0.967741935483871,0.433431563437352,0.2748073734519388,0.0,1.0,0.28679682155449143,0.25042525701277346,0.0,1.0,20,0.16802610114192496,8.16884176182708,17
731,1228,1573,13.667027930089944,97.16775244299674,11,9,8,1,921,0.7512234910277324,305,1004,0.8189233278955954,0.8729641693811075,804,200,0.8729641693811075,0.6557377049180327,0.8189233278955954,165,976,5.915151515151515,0.00897226753670473,0.00734094616639478,0.0065252854812398045,0.0008156606851549756,0.4530839550278449,0.24950921780855628,0.0,1.0,0.39038037196595565,0.2697494403388597,0.0,0.967741935483871,0.4323316171062309,0.27541198973370656,0.0,1.0,0.28808973415992434,0.2525568029346774,0.0,1.0,20,0.16775244299674266,8.191368078175897,17
732,1226,1567,13.755925016237764,97.26916802610114,6,8,5,3,941,0.7662866449511401,287,1083,0.8819218241042345,0.9171094580233794,863,220,0.9171094580233794,0.7665505226480837,0.8819218241042345,182,1059,5.818681318681318,0.004885993485342019,0.006514657980456026,0.004071661237785016,0.0024429967426710096,0.4531126664210914,0.24969039180703867,0.0,1.0,0.3897016260590433,0.269687421539955,0.0,0.967741935483871,0.434115665947482,0.2760750218125109,0.0,1.0,0.28787559858969636,0.2527271714896969,0.0,1.0,20,0.16802610114192496,8.199836867862969,17
733,1229,1566,13.723513846736594,96.81366965012205,12,9,6,3,892,0.7275693311582382,334,1062,0.866231647634584,0.9204035874439462,821,241,0.9204035874439462,0.7215568862275449,0.866231647634584,167,1028,6.155688622754491,0.009787928221859706,0.00734094616639478,0.004893964110929853,0.0024469820554649264,0.45250531510013386,0.24923043859347974,0.0,1.0,0.38951153573584607,0.2701962088322155,0.0,0.967741935483871,0.4343683561248327,0.27704819452190915,0.0,1.0,0.2886427465287803,0.2523291567954001,0.0,1.0,20,0.16842961757526445,8.200976403580146,17
734,1237,1561,13.676642278131661,96.51738075990299,14,6,4,2,964,0.7843775427176566,265,1085,0.8828315703824248,0.9304979253112033,897,188,0.9304979253112033,0.7094339622641509,0.8828315703824248,173,1053,6.086705202312139,0.011391375101708706,0.004882017900732303,0.0032546786004882017,0.0016273393002441008,0.45338618405611913,0.24941205561127996,0.0,1.0,0.3884788901348215,0.26952342671179724,0.0,0.967741935483871,0.4348188906563747,0.27729227952226654,0.0,1.0,0.2875322711033458,0.25182455233764156,0.0,1.0,20,0.16976556184316896,8.22069523039612,17
735,1237,1559,13.725739050606023,96.5941794664511,10,10,5,5,897,0.725141471301536,340,1068,0.8633791430881164,0.9141583054626533,820,248,0.9141583054626533,0.7294117647058823,0.8633791430881164,177,1043,5.892655367231638,0.008084074373484237,0.008084074373484237,0.004042037186742118,0.004042037186742118,0.4510913500404204,0.24867809292816961,0.0,1.0,0.3889743656609383,0.27049092271471464,0.0,0.967741935483871,0.43510574490833703,0.2779170523843215,0.0,1.0,0.2869324849401518,0.2512034482274231,0.0,1.0,20,0.16895715440582054,8.228779304769605,17
736,1236,1557,13.744602647766532,96.68446601941747,9,10,6,4,943,0.7623282134195635,294,1075,0.8690379951495554,0.9257688229056203,873,202,0.9257688229056203,0.6870748299319728,0.8690379951495554,169,1042,6.165680473372781,0.007275666936135812,0.008084074373484237,0.004850444624090542,0.0032336297493936943,0.45082994049483244,0.24810363105221261,0.0,1.0,0.3875665518321328,0.27023906957285765,0.0,0.967741935483871,0.4358231548178306,0.2778807117525588,0.0,1.0,0.28570310053241466,0.25079080934679737,0.0,1.0,20,0.17071197411003236,8.23705501618123,17
737,1238,1553,13.762931427251685,96.66074313408724,10,8,4,4,939,0.7597087378640777,297,1038,0.8398058252427184,0.9105431309904153,855,183,0.9105431309904153,0.6161616161616161,0.8398058252427184,176,1010,5.738636363636363,0.008090614886731391,0.006472491909385114,0.003236245954692557,0.003236245954692557,0.4507269789983845,0.248048546947493,0.0,1.0,0.38756579290218357,0.2706549726900085,0.0,0.967741935483871,0.4358486632966804,0.27755091199497217,0.0,1.0,0.2854760539892647,0.2512621222222996,0.0,1.0,20,0.17124394184168013,8.246365105008078,17
738,1237,1549,13.776998981446162,96.16895715440582,9,10,8,2,921,0.7439418416801292,317,1090,0.8804523424878837,0.9370249728555917,863,227,0.9370249728555917,0.7160883280757098,0.8804523424878837,180,1066,5.9222222222222225,0.007269789983844911,0.008077544426494346,0.006462035541195477,0.0016155088852988692,0.4504915638772264,0.24807833377471292,0.0,1.0,0.38683599760085535,0.27110926810699326,0.0,0.967741935483871,0.4363313948939943,0.2775980143612734,0.0,1.0,0.2865934753696508,0.25206282348555037,0.0,1.0,20,0.17057396928051738,8.253031527890057,17
739,1238,1546,13.741429845671712,95.94830371567043,9,8,7,1,961,0.7768795472918351,276,1066,0.8617623282134196,0.9157127991675338,880,186,0.9157127991675338,0.6739130434782609,0.8617623282134196,173,1036,5.988439306358382,0.007275666936135812,0.0064672594987873885,0.005658852061438965,0.0008084074373484236,0.45090937516285373,0.2490788179727976,0.0,1.0,0.38628901975089897,0.2711087578849826,0.0,0.967741935483871,0.4355099275626661,0.27680819864460643,0.0,1.0,0.2869612798999427,0.2516657427208775,0.0,1.0,20,0.17124394184168013,8.264135702746366,17
740,1234,1545,13.803018724535592,96.08833063209076,4,8,7,1,964,0.778675282714055,274,1093,0.882875605815832,0.9336099585062241,900,193,0.9336099585062241,0.7043795620437956,0.882875605815832,175,1067,6.097142857142857,0.0032310177705977385,0.006462035541195477,0.005654281098546042,0.0008077544426494346,0.4505411198828881,0.2488310602327181,0.0,1.0,0.38704449207925967,0.27109679319046437,0.0,0.967741935483871,0.43467349819626705,0.27669052286397944,0.0,1.0,0.28687196110210694,0.251481024005461,0.0,1.0,20,0.17098865478119935,8.27390599675851,17
741,1234,1542,13.79316588925401,95.97893030794165,10,10,7,3,973,0.7884927066450568,261,1070,0.86709886547812,0.9188078108941419,894,176,0.9188078108941419,0.6743295019157088,0.86709886547812,173,1040,6.011560693641618,0.008103727714748784,0.008103727714748784,0.005672609400324149,0.0024311183144246355,0.4500967219114341,0.24835215001320154,0.0,1.0,0.3864171067077952,0.2717638935253745,0.0,0.967741935483871,0.4358759868249072,0.276554253267268,0.0,1.0,0.2861138704449208,0.251648818353395,0.0,1.0,20,0.17017828200972449,8.274716369529983,17
742,1240,1526,13.84521582332162,95.93225806451613,10,4,4,0,887,0.7188006482982172,347,1044,0.8460291734197731,0.9120631341600902,809,235,0.9120631341600902,0.6772334293948127,0.8460291734197731,168,996,5.928571428571429,0.008103727714748784,0.0032414910858995136,0.0032414910858995136,0.0,0.45044224765868884,0.24825152545650256,0.0,1.0,0.3850156087408949,0.2709684212705135,0.0,0.967741935483871,0.43561394380853274,0.276679645429056,0.0,1.0,0.28647242455775235,0.25146733876670435,0.0,1.0,20,0.17016129032258065,8.286290322580646,17
743,1241,1526,13.812065466948434,95.66317485898469,9,8,7,1,909,0.7330645161290322,331,1098,0.885483870967742,0.922992299229923,839,259,0.922992299229923,0.7824773413897281,0.885483870967742,172,1070,6.22093023255814,0.007258064516129033,0.0064516129032258064,0.00564516129032258,0.0008064516129032258,0.4502352421304359,0.24807607000550788,0.0,1.0,0.3844714200306725,0.2704191857966802,0.0,0.967741935483871,0.4364586311767305,0.2766971782025061,0.0,1.0,0.2850978659249825,0.25083523378843037,0.0,1.0,20,0.17002417405318293,8.302175664786462,17
744,1241,1522,13.861348984913212,95.85012087026591,8,8,4,4,950,0.765511684125705,291,1063,0.8565672844480258,0.9168421052631579,871,192,0.9168421052631579,0.6597938144329897,0.8565672844480258,170,1029,6.052941176470588,0.0064464141821112,0.0064464141821112,0.0032232070910556,0.0032232070910556,0.4492734787242338,0.2478811966940075,0.0,1.0,0.3835616438356164,0.2702211547468056,0.0,0.967741935483871,0.43778430506095495,0.27792603759173584,0.0,1.0,0.2849678978971173,0.25052308555548125,0.0,1.0,20,0.16921837228041903,8.310233682514102,17
745,1244,1503,13.890016753190311,95.46945337620579,11,8,7,1,935,0.7534246575342466,306,1083,0.8726833199033038,0.9294117647058824,869,214,0.9294117647058824,0.6993464052287581,0.8726833199033038,186,1050,5.645161290322581,0.008863819500402902,0.0064464141821112,0.0056406124093473006,0.0008058017727639,0.45010890986412194,0.2475446573885903,0.0,1.0,0.3833886526293953,0.27033094818390024,0.0,0.967741935483871,0.43797323929053006,0.2775269045533766,0.0,1.0,0.28529198215952706,0.2503042872843894,0.0,1.0,20,0.1680064308681672,8.32636655948553,17
746,1249,1488,13.790333570307892,94.28742994395516,17,12,11,1,946,0.7604501607717041,298,1067,0.8577170418006431,0.9164904862579282,867,200,0.9164904862579282,0.6711409395973155,0.8577170418006431,179,1031,5.759776536312849,0.013665594855305467,0.00964630225080386,0.008842443729903537,0.0008038585209003215,0.4511996694129497,0.24682346699097518,0.0,1.0,0.3808724398873938,0.2697459754454518,0.0,0.967741935483871,0.435935845450554,0.2773622362073523,0.0,1.0,0.2842015547922209,0.24961974619399613,0.0,1.0,20,0.16733386709367493,8.353082465972777,17
747,1253,1478,13.754343788481991,93.87470071827613,12,8,7,1,943,0.755004003202562,306,1026,0.8214571657325861,0.8759278897136797,826,200,0.8759278897136797,0.6535947712418301,0.8214571657325861,176,992,5.636363636363637,0.009607686148919135,0.006405124099279423,0.005604483586869495,0.0008006405124099279,0.4503256700048915,0.24687397566034416,0.0,1.0,0.38094379939757483,0.26958462376039205,0.0,0.967741935483871,0.4354452539711145,0.2775740314701518,0.0,1.0,0.2839121592050048,0.24869976111305048,0.0,1.0,19,0.16759776536312848,8.359936153232242,17
748,1261,1473,13.689255720909745,93.72006344171292,14,6,3,3,956,0.7629688747007183,297,1077,0.859537110933759,0.9089958158995816,869,208,0.9089958158995816,0.7003367003367004,0.859537110933759,176,1048,5.954545454545454,0.0111731843575419,0.004788507581803671,0.0023942537909018356,0.0023942537909018356,0.4506919751349416,0.2464363885987324,0.0,1.0,0.3808037655726382,0.2703211170655978,0.0,0.967741935483871,0.4370059604512548,0.27761989135174714,0.0,1.0,0.28203422782737714,0.24834068354958747,0.0,1.0,19,0.16732751784298175,8.400475812846947,18
749,1255,1462,13.824203457820898,93.800796812749,6,12,7,5,914,0.7248215701823949,347,1046,0.8295003965107058,0.8905908096280087,814,232,0.8905908096280087,0.6685878962536023,0.8295003965107058,179,1014,5.664804469273743,0.004758128469468675,0.00951625693893735,0.0055511498810467885,0.003965107057890563,0.45063616501734993,0.24720575808026576,0.0,1.0,0.3819817504176841,0.2708524265161081,0.0,0.967741935483871,0.4384526410487084,0.2774601792509997,0.0,1.0,0.28286852589641437,0.2483704690485768,0.0,1.0,19,0.16812749003984065,8.398406374501992,18
750,1261,1455,13.77500132810796,93.11974623314829,14,8,7,1,907,0.7227091633466135,348,1073,0.8549800796812749,0.9128996692392503,828,245,0.9128996692392503,0.7040229885057471,0.8549800796812749,173,1039,6.005780346820809,0.011155378486055778,0.006374501992031873,0.005577689243027889,0.0007968127490039841,0.45010360441022235,0.2471774255498057,0.0,1.0,0.3823642270599371,0.27073878184607203,0.0,0.967741935483871,0.43953851270113325,0.27716307733903134,0.0,1.0,0.28075516103450926,0.24739572755760067,0.0,1.0,19,0.1697065820777161,8.42902458366376,18
751,1271,1453,13.641831807879615,92.61369000786782,15,5,5,0,949,0.7525773195876289,312,1084,0.8596352101506741,0.916754478398314,870,214,0.916754478398314,0.6858974358974359,0.8596352101506741,175,1057,6.04,0.011895321173671689,0.003965107057890563,0.003965107057890563,0.0,0.4483896347808431,0.24718559242650814,0.0,1.0,0.3829344432882414,0.27077593173823256,0.0,0.967741935483871,0.4401664932362123,0.27720355176133415,0.0,1.0,0.2793330118524911,0.2460721569045005,0.0,1.0,19,0.16837136113296616,8.439024390243903,18
752,1282,1440,13.552240384824863,92.01404056162247,17,6,5,1,938,0.7380015735641228,333,1101,0.8662470495672698,0.908315565031983,852,249,0.908315565031983,0.7477477477477478,0.8662470495672698,184,1072,5.826086956521739,0.013375295043273014,0.004720692368214005,0.003933910306845004,0.0007867820613690008,0.44856826531125754,0.24701703751959805,0.0,1.0,0.38078103769312066,0.27098562043707514,0.0,0.967741935483871,0.4407427910019626,0.27802975766877097,0.0,1.0,0.2801066881384933,0.24750262405439152,0.0,1.0,19,0.16614664586583464,8.453198127925116,18
753,1282,1433,13.525324781054456,91.72620904836194,11,11,7,4,976,0.7613104524180967,306,1092,0.8517940717628705,0.9118852459016393,890,202,0.9118852459016393,0.6601307189542484,0.8517940717628705,174,1059,6.086206896551724,0.00858034321372855,0.00858034321372855,0.00546021840873635,0.0031201248049922,0.44809018167178305,0.2466308524540769,0.0,1.0,0.3792964621810679,0.2703036004630443,0.0,0.967741935483871,0.44091892707966385,0.27851932205561436,0.0,1.0,0.2792763323436164,0.247537464462898,0.0,1.0,19,0.16614664586583464,8.462558502340094,18
754,1289,1421,13.478853560773066,91.3056633048875,14,7,5,2,964,0.7519500780031201,318,1084,0.8455538221528861,0.9139004149377593,881,203,0.9139004149377593,0.6383647798742138,0.8455538221528861,181,1053,5.81767955801105,0.0109204368174727,0.00546021840873635,0.0039001560062402497,0.0015600624024961,0.44881003028103805,0.24717422400168654,0.0,1.0,0.379288770990265,0.2700824149402107,0.0,0.967741935483871,0.44192797617557994,0.27916618900049206,0.0,1.0,0.27861057584023624,0.24725229240274452,0.0,1.0,19,0.16757176105508145,8.501939487975175,18
755,1294,1402,13.476974526218681,91.05332302936631,12,7,6,1,964,0.747866563227308,325,1084,0.8409619860356866,0.8993775933609959,867,217,0.8993775933609959,0.6676923076923077,0.8409619860356866,175,1040,5.942857142857143,0.009309542280837859,0.005430566330488751,0.004654771140418929,0.0007757951900698216,0.44872114473749813,0.2470339147054934,0.0,1.0,0.3787206461584484,0.27014459931575696,0.0,0.967741935483871,0.44119260108690234,0.2796895200219142,0.0,1.0,0.27947848631400507,0.24760482366456635,0.0,1.0,19,0.16537867078825347,8.512364760432767,18
756,1289,1379,13.553874695523499,90.88440651667959,7,12,9,3,976,0.7542503863987635,318,1091,0.8431221020092736,0.9077868852459017,886,205,0.9077868852459017,0.6446540880503144,0.8431221020092736,185,1053,5.691891891891892,0.005409582689335394,0.00927357032457496,0.006955177743431221,0.00231839258114374,0.4491353637478415,0.24704865888903987,0.0,1.0,0.3790134888260467,0.2704641124251574,0.0,0.967741935483871,0.4422282839910908,0.2803191981320895,0.0,1.0,0.27861057584023624,0.24698114861692566,0.0,1.0,19,0.16602017067494182,8.538401861908456,18
757,1283,1372,13.545952895953995,90.74201091192518,9,15,10,5,960,0.7447633824670287,329,1077,0.8355314197051978,0.8979166666666667,862,215,0.8979166666666667,0.6534954407294833,0.8355314197051978,174,1044,6.0,0.0069821567106283944,0.011636927851047323,0.007757951900698216,0.003878975950349108,0.4494506323385211,0.24702691719528364,0.0,1.0,0.37784426621074596,0.2706742028128803,0.0,0.967741935483871,0.4423101098735323,0.27919793181527397,0.0,1.0,0.27755009679933623,0.24659088200207518,0.0,1.0,18,0.16679657053780203,8.55572876071707,18
758,1287,1365,13.51900816788768,90.57886557886557,13,9,5,4,968,0.7544816835541699,315,1086,0.8464536243180046,0.9080578512396694,879,207,0.9080578512396694,0.6571428571428571,0.8464536243180046,173,1052,6.08092485549133,0.010132501948558068,0.007014809041309431,0.003897116134060795,0.003117692907248636,0.4485299646589969,0.2461521813040576,0.0,1.0,0.3780234102814748,0.270447240382254,0.0,0.967741935483871,0.4408351505125699,0.27860565373216484,0.0,1.0,0.2775396646364388,0.24659629338824696,0.0,1.0,18,0.16627816627816627,8.574203574203574,18
759,1289,1349,13.559286269232418,90.63925523661753,10,8,5,3,955,0.7420357420357421,332,1064,0.8267288267288267,0.8921465968586387,852,212,0.8921465968586387,0.6385542168674698,0.8267288267288267,184,1032,5.608695652173913,0.00777000777000777,0.006216006216006216,0.003885003885003885,0.002331002331002331,0.4479841837883831,0.24649464164881496,0.0,1.0,0.37758702670236993,0.27026094059658246,0.0,0.967741935483871,0.44075177056482895,0.279167727973059,0.0,1.0,0.2765334467829525,0.2462862266316716,0.0,1.0,18,0.165244375484872,8.589604344453065,18
760,1291,1346,13.578952662184335,91.09062742060418,6,4,3,1,960,0.7447633824670287,329,1038,0.8052754072924748,0.8791666666666667,844,194,0.8791666666666667,0.5896656534954408,0.8052754072924748,171,1006,5.883040935672515,0.004654771140418929,0.0031031807602792862,0.0023273855702094647,0.0007757951900698216,0.4478898578246421,0.2464297805529287,0.0,1.0,0.3756028085255241,0.26958268935760626,0.0,0.967741935483871,0.4409934784238275,0.27948719956488455,0.0,1.0,0.27575522850503487,0.24571557674867775,0.0,1.0,18,0.16576297443841984,8.594887683965919,18
761,1290,1344,13.572259143277064,90.85736434108527,8,9,8,1,965,0.7474825716498839,326,1063,0.8233927188226181,0.883937823834197,853,210,0.883937823834197,0.6441717791411042,0.8233927188226181,171,1032,6.035087719298246,0.006196746707978312,0.006971340046475601,0.006196746707978312,0.000774593338497289,0.448512128032008,0.24671543922035585,0.0,1.0,0.37589397349337333,0.2697205359941017,0.0,0.967741935483871,0.4402100525131283,0.2784879268756321,0.0,1.0,0.2759939984996249,0.24598590178122218,0.0,1.0,18,0.16589147286821707,8.610852713178295,18
762,1292,1340,13.57570797525033,90.74226006191951,12,10,5,5,919,0.7124031007751938,371,1041,0.8069767441860465,0.8748639825897715,804,237,0.8748639825897715,0.6388140161725068,0.8069767441860465,169,1006,5.952662721893491,0.009302325581395349,0.007751937984496124,0.003875968992248062,0.003875968992248062,0.4475431938479976,0.24679600370482474,0.0,1.0,0.3776840107859782,0.27074691663980066,0.0,0.967741935483871,0.4391291321282333,0.2782023780194116,0.0,1.0,0.2782632577649056,0.24676663097369333,0.0,1.0,18,0.16408668730650156,8.605263157894736,19
763,1287,1336,13.611776669902987,90.91452991452991,4,9,7,2,976,0.7554179566563467,316,1085,0.8397832817337462,0.9047131147540983,883,202,0.9047131147540983,0.6392405063291139,0.8397832817337462,178,1059,5.949438202247191,0.0030959752321981426,0.00696594427244582,0.005417956656346749,0.0015479876160990713,0.44875554552973906,0.24754857798095312,0.0,1.0,0.37694563501015116,0.2707241967818366,0.0,0.967741935483871,0.438829987217084,0.27813449510852833,0.0,1.0,0.2786926335313432,0.24757929880104607,0.0,1.0,18,0.16394716394716394,8.611499611499612,19
764,1288,1333,13.560243024019412,90.51785714285714,13,12,8,4,951,0.7389277389277389,336,1064,0.8267288267288267,0.8843322818086226,841,223,0.8843322818086226,0.6636904761904762,0.8267288267288267,167,1028,6.155688622754491,0.010101010101010102,0.009324009324009324,0.006216006216006216,0.003108003108003108,0.44925866559807653,0.2472715815496595,0.0,1.0,0.3773041474654378,0.26990874563474987,0.0,0.967741935483871,0.4383640552995392,0.2773629279823101,0.0,1.0,0.2781005810458826,0.24743483592078158,0.0,1.0,18,0.16304347826086957,8.631211180124224,19
765,1283,1331,13.614832728572651,90.65315666406859,5,10,7,3,953,0.7399068322981367,335,1065,0.8268633540372671,0.8919202518363064,850,215,0.8919202518363064,0.6417910447761194,0.8268633540372671,179,1042,5.82122905027933,0.0038819875776397515,0.007763975155279503,0.005434782608695652,0.002329192546583851,0.4483694968948784,0.24705284414418982,0.0,1.0,0.37711512835340555,0.2702839497871204,0.0,0.967741935483871,0.438111281522641,0.27722568637801703,0.0,1.0,0.278203806602469,0.24707072171354913,0.0,1.0,18,0.16212003117692908,8.621979734996103,19
766,1294,1335,13.542018621329593,90.67851622874807,14,3,1,2,907,0.7069368667186282,376,1054,0.8215120810600156,0.886438809261301,804,250,0.886438809261301,0.6648936170212766,0.8215120810600156,169,1027,6.076923076923077,0.010911925175370226,0.002338269680436477,0.000779423226812159,0.001558846453624318,0.4482225656877898,0.24658771209998195,0.0,1.0,0.37637732462481926,0.26979662159564377,0.0,0.967741935483871,0.4396220770803211,0.277251127308549,0.0,1.0,0.27773345964002594,0.24673476405538505,0.0,1.0,18,0.16306027820710975,8.628284389489954,19
767,1301,1324,13.5165070805556,90.48193697156034,13,6,4,2,936,0.723338485316847,358,1062,0.8207109737248841,0.8985042735042735,841,221,0.8985042735042735,0.61731843575419,0.8207109737248841,187,1038,5.550802139037433,0.010046367851622875,0.00463678516228748,0.0030911901081916537,0.0015455950540958269,0.4479928590910218,0.24555224038827367,0.0,1.0,0.3763358210805584,0.2693492704131579,0.0,0.967741935483871,0.44040564330167864,0.2780227177093344,0.0,1.0,0.27693337631102627,0.24566987997127546,0.0,1.0,18,0.1614142966948501,8.641813989239047,19
768,1305,1326,13.477629732514197,90.46436781609195,11,7,4,3,960,0.7378939277478862,341,1054,0.8101460415065335,0.8947916666666667,859,195,0.8947916666666667,0.5718475073313783,0.8101460415065335,169,1025,6.06508875739645,0.008455034588777863,0.005380476556495004,0.0030745580322828594,0.0023059185242121443,0.44820170559881345,0.245344347636942,0.0,1.0,0.3758002719070572,0.2693683078405158,0.0,0.967741935483871,0.4400444938820912,0.27824930609918364,0.0,1.0,0.2773699171919417,0.24497712598144783,0.0,1.0,18,0.16091954022988506,8.64367816091954,19
769,1298,1323,13.493544708137089,90.40138674884437,7,14,10,4,957,0.7333333333333333,348,1035,0.7931034482758621,0.8819226750261233,844,191,0.8819226750261233,0.5488505747126436,0.7931034482758621,178,1010,5.674157303370786,0.0053639846743295016,0.010727969348659003,0.007662835249042145,0.0030651340996168583,0.44838212634822805,0.24572390514896186,0.0,1.0,0.3755405338237487,0.2694598992683042,0.0,0.967741935483871,0.4409264873999702,0.2786095163796444,0.0,1.0,0.27769769869277794,0.24579274041974983,0.0,1.0,18,0.15947611710323575,8.656394453004623,19
770,1296,1318,13.536079289967333,90.70679012345678,8,10,4,6,942,0.7257318952234206,356,1080,0.8320493066255779,0.8980891719745223,846,234,0.8980891719745223,0.6573033707865169,0.8320493066255779,169,1044,6.177514792899408,0.0061633281972265025,0.007704160246533128,0.0030816640986132513,0.004622496147919877,0.44872560732775785,0.2453653356645412,0.0,1.0,0.3754231381919554,0.26950222903953086,0.0,0.967741935483871,0.44026284348864997,0.2782248044175267,0.0,1.0,0.27772799681401833,0.24594846755478453,0.0,1.0,18,0.1597222222222222,8.652006172839506,19
771,1298,1304,13.566046989452593,90.75192604006163,9,7,4,3,984,0.7592592592592593,312,1100,0.8487654320987654,0.9004065040650406,886,214,0.9004065040650406,0.6858974358974359,0.8487654320987654,178,1064,5.977528089887641,0.006944444444444444,0.005401234567901234,0.0030864197530864196,0.0023148148148148147,0.44741289328495454,0.24573045651339367,0.0,1.0,0.37603757642029917,0.26936470998334006,0.0,0.967741935483871,0.4409761916596252,0.2777353057324499,0.0,1.0,0.2773497688751926,0.2451279240022169,0.0,1.0,18,0.162557781201849,8.655624036979969,19
772,1295,1309,13.609383025358614,90.95366795366796,5,8,5,3,957,0.7372881355932204,341,1080,0.8320493066255779,0.9111807732497388,872,208,0.9111807732497388,0.6099706744868035,0.8320493066255779,168,1053,6.267857142857143,0.003852080123266564,0.0061633281972265025,0.003852080123266564,0.0023112480739599386,0.4470046082949309,0.2459913634536656,0.0,1.0,0.3757130402291693,0.2692102477662799,0.0,0.967741935483871,0.44154938348486733,0.27816530193688715,0.0,1.0,0.2773695354340516,0.2453185592530683,0.0,1.0,18,0.16293436293436295,8.661003861003861,19
773,1299,1304,13.572360938536887,90.6058506543495,12,8,6,2,958,0.7397683397683398,337,1058,0.816988416988417,0.8987473903966597,861,197,0.8987473903966597,0.5845697329376854,0.816988416988417,180,1033,5.738888888888889,0.009266409266409266,0.006177606177606178,0.004633204633204633,0.0015444015444015444,0.4469691325833768,0.2460091129774803,0.0,1.0,0.3769649109737019,0.2685630707066196,0.0,0.967741935483871,0.4396682311455462,0.27878304955053446,0.0,1.0,0.27770741761652884,0.24582874296393506,0.0,1.0,18,0.16166281755196305,8.671285604311008,19
774,1299,1298,13.580722629434984,90.51039260969976,9,9,7,2,982,0.7559661277906081,317,1057,0.8137028483448807,0.884928716904277,869,188,0.884928716904277,0.5930599369085173,0.8137028483448807,177,1028,5.807909604519774,0.006928406466512702,0.006928406466512702,0.005388760585065435,0.001539645881447267,0.44639797362735606,0.24608720269047707,0.0,1.0,0.3770642429660533,0.26862048365157093,0.0,0.967741935483871,0.43991656112642485,0.27892859220240035,0.0,1.0,0.2788497355285704,0.2456728488281113,0.0,1.0,18,0.1608929946112394,8.678214010777522,19
775,1296,1291,13.62382190233855,90.65586419753086,8,11,5,6,965,0.7428791377983064,334,1061,0.8167821401077752,0.8880829015544042,857,204,0.8880829015544042,0.6107784431137725,0.8167821401077752,172,1026,5.965116279069767,0.006158583525789068,0.008468052347959968,0.003849114703618168,0.004618937644341801,0.44571385902031063,0.24663831547653464,0.0,1.0,0.378310434090004,0.26855550445480747,0.0,0.967741935483871,0.4388689765033851,0.278709456739595,0.0,1.0,0.28001792114695345,0.24637788890964774,0.0,1.0,18,0.16126543209876543,8.67824074074074,19
776,1290,1282,13.675730279890432,90.44651162790697,7,13,10,3,934,0.720679012345679,362,1073,0.8279320987654321,0.9057815845824411,846,227,0.9057815845824411,0.6270718232044199,0.8279320987654321,180,1044,5.8,0.005401234567901234,0.010030864197530864,0.007716049382716049,0.0023148148148148147,0.4448862215553888,0.24624224750746163,0.0,1.0,0.3769442360590147,0.26838006991806085,0.0,0.967741935483871,0.43843460865216305,0.27933950853505174,0.0,1.0,0.2797699424856214,0.24626361199522773,0.0,1.0,18,0.15813953488372093,8.68062015503876,19
777,1295,1265,13.634111602774105,89.75444015444016,16,11,8,3,953,0.7387596899224806,337,1073,0.8317829457364341,0.8982161594963274,856,217,0.8982161594963274,0.6439169139465876,0.8317829457364341,179,1035,5.782122905027933,0.012403100775193798,0.008527131782945736,0.006201550387596899,0.002325581395348837,0.4446880059783286,0.24605301121464987,0.0,1.0,0.37641051189438285,0.26858743043793126,0.0,0.967741935483871,0.4382862124797609,0.27833281450193703,0.0,1.0,0.27996014447627354,0.24673141764049128,0.0,1.0,18,0.15752895752895754,8.684942084942085,19
778,1304,1257,13.548902280003198,89.46779141104294,16,7,3,4,1000,0.7722007722007722,295,1072,0.8277992277992278,0.902,902,170,0.902,0.576271186440678,0.8277992277992278,170,1034,6.08235294117647,0.012355212355212355,0.005405405405405406,0.0023166023166023165,0.003088803088803089,0.4443894716010291,0.24614163733660252,0.0,1.0,0.37680585790619436,0.26908384346679803,0.0,0.967741935483871,0.4391450623392044,0.27801323482469886,0.0,1.0,0.28156540668909563,0.2476047593301098,0.0,1.0,18,0.15644171779141106,8.68558282208589,19
779,1304,1252,13.539521960550456,89.57515337423312,9,9,6,3,988,0.7576687116564417,316,1086,0.8328220858895705,0.9159919028340081,905,181,0.9159919028340081,0.5727848101265823,0.8328220858895705,178,1059,5.949438202247191,0.006901840490797546,0.006901840490797546,0.004601226993865031,0.0023006134969325155,0.4429546803878884,0.24551098006542782,0.0,1.0,0.3758658222837918,0.26941378162297785,0.0,0.967741935483871,0.43924401345735203,0.27871999008902,0.0,1.0,0.2818622600435385,0.24825878648952407,0.0,1.0,18,0.15644171779141106,8.683282208588958,19
780,1302,1248,13.626336389058858,90.18433179723502,6,8,2,6,977,0.7492331288343558,327,1073,0.8228527607361963,0.8915046059365405,871,202,0.8915046059365405,0.617737003058104,0.8228527607361963,179,1048,5.854748603351955,0.004601226993865031,0.006134969325153374,0.0015337423312883436,0.004601226993865031,0.44185124622169364,0.2441964797685962,0.0,1.0,0.3769634805014618,0.2695651652227988,0.0,0.967741935483871,0.4384817402507309,0.27875910385951863,0.0,1.0,0.2821961250681334,0.24876615078616995,0.0,1.0,18,0.1543778801843318,8.678187403993856,19
781,1305,1244,13.60682755303714,90.3272030651341,9,6,4,2,950,0.7296466973886329,352,1050,0.8064516129032258,0.8873684210526316,843,207,0.8873684210526316,0.5880681818181818,0.8064516129032258,176,1022,5.806818181818182,0.0069124423963133645,0.004608294930875576,0.0030721966205837174,0.0015360983102918587,0.44152762328513157,0.24468864237907506,0.0,1.0,0.37693733778272154,0.2694343063237841,0.0,0.967741935483871,0.4387343962427388,0.27825623202416294,0.0,1.0,0.28337659127425535,0.24941072798414457,0.0,1.0,18,0.15478927203065135,8.681226053639847,19
782,1305,1239,13.613855090885588,90.40536398467432,8,8,5,3,982,0.7524904214559387,323,1061,0.8130268199233717,0.8910386965376782,875,186,0.8910386965376782,0.5758513931888545,0.8130268199233717,172,1028,5.976744186046512,0.006130268199233717,0.006130268199233717,0.0038314176245210726,0.0022988505747126436,0.442862439747868,0.24462269418219373,0.0,1.0,0.3775553083673217,0.26968022655280716,0.0,0.967741935483871,0.439253491533803,0.2789537563543146,0.0,1.0,0.282190087751823,0.24895563185956784,0.0,1.0,18,0.15555555555555556,8.693486590038313,19
783,1303,1235,13.608908748825485,89.98618572524943,10,12,9,3,926,0.7095785440613027,379,1080,0.8275862068965517,0.9071274298056156,840,240,0.9071274298056156,0.633245382585752,0.8275862068965517,178,1054,5.921348314606742,0.007662835249042145,0.009195402298850575,0.006896551724137931,0.0022988505747126436,0.4427499814324264,0.2442513529963204,0.0,1.0,0.37828336592974027,0.2696457111028867,0.0,0.967741935483871,0.4382442502413784,0.27879530998974067,0.0,1.0,0.2813853885574233,0.24831332011641472,0.0,1.0,18,0.15656178050652342,8.701458173445895,19
784,1309,1227,13.624627289619484,90.06417112299465,11,5,3,2,911,0.6991557943207981,392,1072,0.8227168073676132,0.8858397365532382,807,265,0.8858397365532382,0.6760204081632653,0.8227168073676132,169,1033,6.112426035502959,0.00844205679201842,0.003837298541826554,0.0023023791250959325,0.0015349194167306216,0.4426673895364598,0.2442948058306066,0.0,1.0,0.37879198600261216,0.26890215418454844,0.0,0.967741935483871,0.43803445131718377,0.27883620234404605,0.0,1.0,0.28179600285862144,0.2483933918171035,0.0,1.0,18,0.15660809778456838,8.711229946524064,19
785,1313,1224,13.574652278478785,89.87357197258187,12,8,5,3,945,0.7219251336898396,364,1075,0.8212375859434683,0.9005291005291005,851,224,0.9005291005291005,0.6153846153846154,0.8212375859434683,173,1045,6.040462427745664,0.009167303284950344,0.006111535523300229,0.0038197097020626434,0.002291825821237586,0.4421295727587647,0.24486312642815447,0.0,1.0,0.380438788295703,0.26832811338124746,0.0,0.967741935483871,0.4376335896616957,0.2791493605165163,0.0,1.0,0.2821413655013144,0.24843299890378748,0.0,1.0,18,0.15841584158415842,8.712871287128714,19
786,1315,1223,13.59693778278551,90.04334600760457,8,6,3,3,937,0.7136329017517137,376,1079,0.8217821782178217,0.9018143009605123,845,234,0.9018143009605123,0.6223404255319149,0.8217821782178217,176,1054,5.988636363636363,0.006092916984006093,0.00456968773800457,0.002284843869002285,0.002284843869002285,0.4430271065865326,0.24513295572810015,0.0,1.0,0.3801545443395069,0.2686120256028711,0.0,0.967741935483871,0.4372623574144487,0.2792635254832198,0.0,1.0,0.28308598062063045,0.2487539463980614,0.0,1.0,18,0.15893536121673005,8.722433460076045,19
787,1313,1226,13.60932719356272,90.0921553693831,6,8,7,1,939,0.7140684410646387,376,1054,0.8015209125475286,0.8700745473908413,817,237,0.8700745473908413,0.6303191489361702,0.8015209125475286,176,1033,5.869318181818182,0.0045627376425855515,0.006083650190114068,0.00532319391634981,0.0007604562737642585,0.4423998231088618,0.24540526373638266,0.0,1.0,0.3813969486278653,0.2686999165452212,0.0,0.967741935483871,0.4373387710979535,0.2791968962030489,0.0,1.0,0.28297668476525073,0.24897212183692835,0.0,1.0,18,0.15917745620715917,8.74028941355674,19
788,1310,1228,13.641572915467915,90.62213740458016,6,9,4,5,931,0.7090632140137091,382,1105,0.8415841584158416,0.9172932330827067,854,251,0.9172932330827067,0.6570680628272252,0.8415841584158416,172,1079,6.273255813953488,0.00456968773800457,0.006854531607006854,0.0030464584920030465,0.003808073115003808,0.44183698596404825,0.24499451258101887,0.0,1.0,0.3816547648362472,0.26797001051381597,0.0,0.967741935483871,0.43740458015267175,0.279551849967227,0.0,1.0,0.28214725437084465,0.24826547891660086,0.0,1.0,18,0.16030534351145037,8.744274809160306,19
789,1311,1228,13.565205195195562,90.11517925247902,14,13,8,5,972,0.7419847328244275,338,1097,0.8374045801526717,0.897119341563786,872,225,0.897119341563786,0.665680473372781,0.8374045801526717,173,1070,6.184971098265896,0.010687022900763359,0.009923664122137405,0.0061068702290076335,0.003816793893129771,0.44174602002903474,0.24558017589115555,0.0,1.0,0.3820772126670111,0.26817953890071794,0.0,0.967741935483871,0.4369725154400728,0.27977464765724946,0.0,1.0,0.2826702098865677,0.24838395472469,0.0,1.0,18,0.16018306636155608,8.742181540808543,19
790,1317,1217,13.521120404830771,90.14274867122248,14,8,3,5,1004,0.7658276125095347,307,1120,0.8543096872616324,0.9133466135458167,917,203,0.9133466135458167,0.6612377850162866,0.8543096872616324,178,1087,6.106741573033708,0.010678871090770405,0.006102212051868803,0.002288329519450801,0.0038138825324180014,0.44272172826805783,0.24596733154006056,0.0,1.0,0.38099786905724153,0.2681898121881955,0.0,0.967741935483871,0.4361329512332525,0.2793880863345496,0.0,1.0,0.2817743160163617,0.24792476552924836,0.0,1.0,18,0.16021260440394836,8.751708428246014,19
791,1323,1205,13.479261257019028,89.9349962207105,15,9,4,5,986,0.7486712224753227,331,1128,0.856492027334852,0.9148073022312373,902,226,0.9148073022312373,0.6827794561933535,0.856492027334852,179,1095,6.11731843575419,0.011389521640091117,0.00683371298405467,0.0030372057706909645,0.0037965072133637054,0.44266452100553483,0.24590561445025647,0.0,1.0,0.38163509131251067,0.2685055234638292,0.0,0.967741935483871,0.4363006851486114,0.27868495648834435,0.0,1.0,0.2817887011435399,0.24793186247257365,0.0,1.0,18,0.1617535903250189,8.763416477702192,19
792,1324,1203,13.490191505510651,90.12235649546828,10,9,3,6,957,0.7233560090702947,366,1128,0.8526077097505669,0.9310344827586207,891,237,0.9310344827586207,0.6475409836065574,0.8526077097505669,175,1101,6.291428571428572,0.007558578987150416,0.006802721088435374,0.0022675736961451248,0.0045351473922902496,0.4430367410583764,0.24626189938115156,0.0,1.0,0.38183412922717086,0.26868606942850615,0.0,0.967741935483871,0.4370188090829354,0.278734959474087,0.0,1.0,0.28086931098333495,0.24773812614150262,0.0,1.0,18,0.16163141993957703,8.779456193353475,19
793,1328,1192,13.47776578762439,90.3230421686747,11,7,3,4,1022,0.7719033232628398,302,1136,0.8580060422960725,0.9275929549902152,948,188,0.9275929549902152,0.6225165562913907,0.8580060422960725,184,1109,6.0271739130434785,0.008308157099697885,0.005287009063444109,0.0022658610271903325,0.0030211480362537764,0.4430382821609017,0.2454007052776937,0.0,1.0,0.3829187718616401,0.26855692575375556,0.0,0.967741935483871,0.43572677808006216,0.27729369919896213,0.0,1.0,0.2807520404197435,0.24751169649919194,0.0,1.0,18,0.16340361445783133,8.784638554216867,19
794,1329,1187,13.405935070835906,89.84424379232506,12,11,9,2,1020,0.7680722891566265,308,1123,0.8456325301204819,0.8941176470588236,912,211,0.8941176470588236,0.685064935064935,0.8456325301204819,174,1092,6.275862068965517,0.009036144578313253,0.008283132530120483,0.00677710843373494,0.0015060240963855422,0.44246219568436124,0.24510222403383278,0.0,1.0,0.3844025340420884,0.26907348998593367,0.0,0.967741935483871,0.4354231898832496,0.275918596977804,0.0,1.0,0.27949707517172745,0.24721470843236204,0.0,1.0,18,0.16629044394281414,8.808126410835214,19
795,1327,1186,13.370906794389466,89.7407686510927,10,12,8,4,1007,0.7577125658389767,322,1103,0.8299473288186606,0.9046673286991063,911,192,0.9046673286991063,0.5962732919254659,0.8299473288186606,178,1080,6.067415730337078,0.007524454477050414,0.009029345372460496,0.006019563581640331,0.0030097817908201654,0.4445632885237134,0.24541560978352764,0.0,1.0,0.3848360356856358,0.2693937373006205,0.0,0.967741935483871,0.4358606607190607,0.2757816459931151,0.0,1.0,0.2799426307217347,0.24731101861088675,0.0,1.0,18,0.16729464958553128,8.819140919366994,19
796,1326,1180,13.404524719837726,90.08521870286576,6,7,4,3,994,0.7490580256217031,333,1133,0.8538055764883196,0.9124748490945674,907,226,0.9124748490945674,0.6786786786786787,0.8538055764883196,179,1106,6.17877094972067,0.00452147701582517,0.0052750565184626974,0.003014318010550113,0.002260738507912585,0.4447282635138423,0.24585306927260572,0.0,1.0,0.3846883666618012,0.2698432352058342,0.0,0.967741935483871,0.43711380333771227,0.27588639254307895,0.0,1.0,0.28015374884445093,0.2470179783010034,0.0,1.0,18,0.16666666666666666,8.817496229260936,19
797,1326,1181,13.334123494285762,89.90874811463047,10,10,6,4,1038,0.7828054298642534,288,1098,0.8280542986425339,0.8940269749518305,928,170,0.8940269749518305,0.5902777777777778,0.8280542986425339,175,1074,6.137142857142857,0.007541478129713424,0.007541478129713424,0.004524886877828055,0.0030165912518853697,0.4446796088162312,0.24583254936054966,0.0,1.0,0.38466403931299564,0.26943701986724344,0.0,0.967741935483871,0.4374543862209897,0.2754087285745522,0.0,1.0,0.2801050941468399,0.24677440553934463,0.0,1.0,18,0.16817496229260936,8.821266968325792,19
798,1320,1170,13.436443482208897,90.27348484848486,7,13,5,8,953,0.7187028657616893,373,1126,0.8491704374057315,0.9171038824763903,874,252,0.9171038824763903,0.675603217158177,0.8491704374057315,185,1100,5.945945945945946,0.005279034690799397,0.00980392156862745,0.003770739064856712,0.006033182503770739,0.4440860215053763,0.24547770735170907,0.0,1.0,0.38519061583577713,0.26965274484812274,0.0,0.967741935483871,0.43812316715542526,0.2746433600368755,0.0,1.0,0.28066959921798634,0.24758920106215707,0.0,1.0,18,0.16893939393939394,8.812121212121212,19
799,1322,1180,13.39429756045291,90.49697428139183,8,6,4,2,959,0.7265151515151516,361,1086,0.8227272727272728,0.899895724713243,863,223,0.899895724713243,0.6177285318559557,0.8227272727272728,164,1060,6.463414634146342,0.006060606060606061,0.004545454545454545,0.0030303030303030303,0.0015151515151515152,0.44500024400956517,0.24539672203930787,0.0,1.0,0.38512029671563125,0.26972993155848246,0.0,0.967741935483871,0.4383631838368064,0.2748379345070903,0.0,1.0,0.281294226733688,0.24788758668238642,0.0,1.0,18,0.16792738275340394,8.816187594553707,19
800,1324,1173,13.400428179515762,90.4607250755287,11,9,5,4,980,0.7413010590015129,342,1099,0.8313161875945537,0.9040816326530612,886,213,0.9040816326530612,0.6228070175438597,0.8313161875945537,178,1070,6.01123595505618,0.00832072617246596,0.00680786686838124,0.0037821482602118004,0.0030257186081694403,0.4433778384173082,0.24495518760200358,0.0,1.0,0.3859516616314199,0.26997379491050616,0.0,0.967741935483871,0.4386512035863951,0.27464782854440456,0.0,1.0,0.28213624403079623,0.24790372865082608,0.0,1.0,18,0.16842900302114805,8.824018126888218,19
801,1320,1170,13.360802518339728,90.12954545454545,11,15,10,5,1020,0.770392749244713,304,1113,0.8406344410876133,0.9098039215686274,928,185,0.9098039215686274,0.6085526315789473,0.8406344410876133,177,1087,6.141242937853107,0.008308157099697885,0.011329305135951661,0.0075528700906344415,0.0037764350453172208,0.44337732160312804,0.24478118344112326,0.0,1.0,0.38626588465298145,0.27042304945386014,0.0,0.967741935483871,0.43773216031280543,0.27441999142313167,0.0,1.0,0.28245356793743887,0.24798155871598657,0.0,1.0,18,0.16893939393939394,8.817424242424243,19
802,1324,1165,13.363369441755435,90.60271903323263,6,2,2,0,992,0.7515151515151515,328,1134,0.8590909090909091,0.9143145161290323,907,227,0.9143145161290323,0.6920731707317073,0.8590909090909091,178,1107,6.219101123595506,0.004545454545454545,0.0015151515151515152,0.0015151515151515152,0.0,0.44452295097943667,0.24517860351310844,0.0,1.0,0.38600038982555307,0.2702184243344744,0.0,0.967741935483871,0.4376766397037326,0.27429081865766375,0.0,1.0,0.2820875158366631,0.2484468180060338,0.0,1.0,18,0.16842900302114805,8.840634441087614,19
803,1326,1169,13.363745191142943,90.99396681749623,7,5,2,3,960,0.7250755287009063,364,1101,0.831570996978852,0.89375,858,243,0.89375,0.6675824175824175,0.831570996978852,169,1074,6.355029585798817,0.005287009063444109,0.0037764350453172208,0.0015105740181268882,0.0022658610271903325,0.44429037123534276,0.2449513986239881,0.0,1.0,0.3864399357757991,0.27014964413577747,0.0,0.967741935483871,0.43706514864010115,0.27434349797699925,0.0,1.0,0.2817106991680047,0.2483506871423928,0.0,1.0,18,0.16817496229260936,8.849924585218703,19
804,1319,1167,13.373250971661726,90.75208491281273,8,15,11,4,1014,0.7647058823529411,312,1107,0.834841628959276,0.9063116370808678,919,188,0.9063116370808678,0.6025641025641025,0.834841628959276,169,1074,6.355029585798817,0.006033182503770739,0.011312217194570135,0.008295625942684766,0.0030165912518853697,0.4429308616009196,0.24458139539451315,0.0,1.0,0.38516471422632004,0.2705826115387828,0.0,0.967741935483871,0.43723250752036,0.2739144936727091,0.0,1.0,0.28254542786568515,0.24882474035647,0.0,1.0,18,0.16679302501895377,8.850644427596665,19
805,1318,1169,13.348673453304254,90.603186646434,8,9,7,2,927,0.7028051554207733,392,1047,0.7937831690674754,0.8824163969795038,818,229,0.8824163969795038,0.5841836734693877,0.7937831690674754,174,1023,5.879310344827586,0.006065200909780136,0.006823351023502654,0.00530705079605762,0.001516300227445034,0.44343824954721234,0.24518975638583027,0.0,1.0,0.3858240736208331,0.2711102836300754,0.0,0.967741935483871,0.43817612217925495,0.2738345664891227,0.0,1.0,0.28192765186744334,0.24821780665550516,0.0,1.0,18,0.1669195751138088,8.87101669195751,19
806,1320,1167,13.348957936140673,90.84545454545454,12,10,4,6,923,0.7003034901365706,395,1094,0.8300455235204856,0.8927410617551462,824,270,0.8927410617551462,0.6835443037974683,0.8300455235204856,173,1065,6.15606936416185,0.009104704097116844,0.007587253414264037,0.0030349013657056147,0.004552352048558422,0.4427419354838709,0.2454022954287695,0.0,1.0,0.38809872922776145,0.2714916711819491,0.0,0.967741935483871,0.438147605083089,0.273489694100172,0.0,1.0,0.28164711632453565,0.24716971752451403,0.0,1.0,18,0.16818181818181818,8.872727272727273,19
807,1324,1150,13.406474505641807,90.91238670694864,11,7,3,4,969,0.7340909090909091,351,1110,0.8409090909090909,0.8988648090815273,871,239,0.8988648090815273,0.6809116809116809,0.8409090909090909,185,1078,5.827027027027027,0.008333333333333333,0.005303030303030303,0.0022727272727272726,0.0030303030303030303,0.44252509501997855,0.24532741909522604,0.0,1.0,0.38972809667673713,0.2718014377968195,0.0,0.967741935483871,0.43753045512133315,0.2729966232339655,0.0,1.0,0.2825504336809278,0.24702622726072873,0.0,1.0,18,0.16691842900302115,8.861027190332326,19
808,1328,1149,13.383183837025031,91.18373493975903,8,4,3,1,985,0.7439577039274925,339,1099,0.8300604229607251,0.8934010152284264,880,219,0.8934010152284264,0.6460176991150443,0.8300604229607251,176,1074,6.1022727272727275,0.006042296072507553,0.0030211480362537764,0.0022658610271903325,0.0007552870090634441,0.44247959580256513,0.2452000599763617,0.0,1.0,0.38998736883015933,0.2720710939366548,0.0,0.967741935483871,0.4373785464438399,0.27241515746739703,0.0,1.0,0.28179654100272056,0.24635843749149514,0.0,1.0,18,0.16792168674698796,8.868222891566266,19
809,1339,1142,13.315559561628453,91.10679611650485,15,4,1,3,978,0.7364457831325302,350,1107,0.8335843373493976,0.8803680981595092,861,246,0.8803680981595092,0.7028571428571428,0.8335843373493976,176,1076,6.113636363636363,0.011295180722891566,0.0030120481927710845,0.0007530120481927711,0.002259036144578313,0.44308463224842803,0.24505312687394362,0.0,1.0,0.3897949842202895,0.27158479381664735,0.0,0.967741935483871,0.4377845768387579,0.27312748098045564,0.0,1.0,0.2814570334144402,0.2456271730323185,0.0,1.0,18,0.1672890216579537,8.877520537714712,19
810,1341,1140,13.318964227651861,91.47054436987322,8,6,3,3,992,0.7408513816280806,347,1143,0.8536221060492906,0.9022177419354839,895,248,0.9022177419354839,0.7146974063400576,0.8536221060492906,175,1116,6.377142857142857,0.00597460791635549,0.004480955937266617,0.0022404779686333084,0.0022404779686333084,0.4434822352120469,0.24563978653094995,0.0,1.0,0.39135455004690767,0.2724594668084903,0.0,0.967741935483871,0.43749248274037184,0.2739426942329696,0.0,1.0,0.2832984532486589,0.24607472812388184,0.0,1.0,18,0.16778523489932887,8.866517524235645,19
811,1344,1143,13.240262670541178,91.2797619047619,13,10,6,4,971,0.7240865026099925,370,1117,0.8329604772557793,0.9052523171987642,879,238,0.9052523171987642,0.6432432432432432,0.8329604772557793,181,1101,6.082872928176796,0.009694258016405667,0.007457121551081283,0.0044742729306487695,0.002982848620432513,0.44381240399385563,0.2465264768538046,0.0,1.0,0.3912490399385561,0.27246383831520715,0.0,0.967741935483871,0.4389160906298003,0.2743668482034428,0.0,1.0,0.2832901305683564,0.24575379796772615,0.0,1.0,18,0.16666666666666666,8.900297619047619,19
812,1343,1135,13.30049094973511,91.67163067758749,5,6,3,3,989,0.7358630952380952,355,1122,0.8348214285714286,0.9110212335692619,901,221,0.9110212335692619,0.6225352112676056,0.8348214285714286,176,1090,6.193181818181818,0.003720238095238095,0.004464285714285714,0.002232142857142857,0.002232142857142857,0.443494343429491,0.24650593499752163,0.0,1.0,0.3912040929070689,0.27263417845853427,0.0,0.967741935483871,0.43876252011625394,0.2739194861786862,0.0,1.0,0.28328489419450914,0.24553614374408966,0.0,1.0,18,0.16753536857781087,8.89873417721519,19
813,1344,1131,13.285505572691388,91.78199404761905,7,6,5,1,997,0.742367833209233,346,1153,0.8585256887565152,0.917753259779338,915,238,0.917753259779338,0.6878612716763006,0.8585256887565152,179,1128,6.301675977653631,0.0052122114668652275,0.004467609828741623,0.0037230081906180195,0.0007446016381236039,0.44328437019969275,0.24737142280550536,0.0,1.0,0.39148905529953915,0.27342170577465413,0.0,1.0,0.43944412442396313,0.27414235440746937,0.0,1.0,0.28413018433179726,0.24679338338619955,0.0,1.0,18,0.16815476190476192,8.90625,19
814,1344,1124,13.336790769554451,92.41741071428571,5,5,2,3,996,0.7410714285714286,348,1130,0.8407738095238095,0.9036144578313253,900,230,0.9036144578313253,0.6609195402298851,0.8407738095238095,177,1100,6.214689265536723,0.003720238095238095,0.003720238095238095,0.001488095238095238,0.002232142857142857,0.4436683947772657,0.24744038235562169,0.0,1.0,0.390625,0.2729042066830679,0.0,1.0,0.43920410906298,0.27412029757065376,0.0,1.0,0.28389016897081415,0.24660521433207266,0.0,1.0,18,0.16815476190476192,8.916666666666666,19
815,1344,1121,13.322778608729257,92.33333333333333,10,10,6,4,1002,0.7455357142857143,342,1149,0.8549107142857143,0.9121756487025948,914,235,0.9121756487025948,0.6871345029239766,0.8549107142857143,172,1118,6.5,0.00744047619047619,0.00744047619047619,0.004464285714285714,0.002976190476190476,0.44448444700460826,0.24851425413817013,0.0,1.0,0.39261712749615973,0.2735668720151319,0.0,1.0,0.4390120967741935,0.2740041841176377,0.0,1.0,0.2852342549923195,0.24678096961265347,0.0,1.0,18,0.16666666666666666,8.921875,19
816,1342,1111,13.407422619267427,92.86810730253353,4,6,3,3,1001,0.7447916666666666,343,1142,0.8497023809523809,0.9070929070929071,908,234,0.9070929070929071,0.6822157434402333,0.8497023809523809,172,1104,6.4186046511627906,0.002976190476190476,0.004464285714285714,0.002232142857142857,0.002232142857142857,0.4450987933272439,0.24912755173978787,0.0,1.0,0.3917840488438056,0.2735298321401316,0.0,1.0,0.4397144368059228,0.2738128131343289,0.0,1.0,0.2849862987356377,0.24681202302413038,0.0,1.0,18,0.1661698956780924,8.927719821162444,19
817,1344,1111,13.297066500421968,92.63839285714286,11,9,7,2,991,0.7384500745156483,351,1143,0.8517138599105812,0.8980827447023209,890,253,0.8980827447023209,0.7207977207977208,0.8517138599105812,172,1115,6.482558139534884,0.00819672131147541,0.0067064083457526085,0.005216095380029807,0.0014903129657228018,0.4443164362519201,0.24931655207089493,0.0,1.0,0.3929771505376344,0.27388324265764896,0.0,1.0,0.43958813364055294,0.27425036021346694,0.0,1.0,0.2841061827956989,0.24556463994644917,0.0,1.0,18,0.16592261904761904,8.944940476190476,19
818,1337,1104,13.350767054447783,92.72924457741212,7,14,7,7,1026,0.7633928571428571,318,1137,0.8459821428571429,0.9132553606237817,937,200,0.9132553606237817,0.6289308176100629,0.8459821428571429,173,1103,6.375722543352601,0.005208333333333333,0.010416666666666666,0.005208333333333333,0.005208333333333333,0.4457741211667913,0.24971129528598604,0.0,1.0,0.3936593722102927,0.27409193158963246,0.0,1.0,0.4394286679373658,0.2749164196991667,0.0,1.0,0.2853282505368302,0.24616216316013778,0.0,1.0,18,0.16529543754674644,8.93642483171279,19
819,1343,1100,13.255701137403364,92.19955323901712,14,8,7,1,970,0.7255048616305161,367,1115,0.8339566192969334,0.8989690721649485,872,243,0.8989690721649485,0.662125340599455,0.8339566192969334,166,1077,6.4879518072289155,0.010471204188481676,0.005983545250560957,0.005235602094240838,0.0007479431563201197,0.4453438378209594,0.24937679435876384,0.0,1.0,0.3949271010976869,0.27455658988460735,0.0,1.0,0.44138063555352725,0.27539347942258896,0.0,1.0,0.28412557346335837,0.24595447492888547,0.0,1.0,18,0.16530156366344007,8.959791511541326,19
820,1344,1094,13.234985814564478,92.30729166666667,10,9,5,4,1003,0.7468354430379747,340,1129,0.8406552494415488,0.8993020937188435,902,227,0.8993020937188435,0.6676470588235294,0.8406552494415488,178,1101,6.185393258426966,0.007446016381236039,0.006701414743112435,0.0037230081906180195,0.0029784065524944155,0.4459965437788018,0.250119605773629,0.0,1.0,0.3960013440860215,0.2744004321134055,0.0,1.0,0.44071620583717364,0.2748656710396797,0.0,1.0,0.2836261520737327,0.24562768066208895,0.0,1.0,18,0.16741071428571427,8.967261904761905,19
821,1349,1089,13.13906034271433,91.89103039288362,12,7,5,2,1020,0.7589285714285714,324,1130,0.8407738095238095,0.9107843137254902,929,201,0.9107843137254902,0.6203703703703703,0.8407738095238095,175,1100,6.285714285714286,0.008928571428571428,0.005208333333333333,0.003720238095238095,0.001488095238095238,0.44680647552547886,0.2506974881291282,0.0,1.0,0.3979052583753796,0.27415036382561836,0.0,1.0,0.43977617829216387,0.27540074830492717,0.0,1.0,0.2812836270594706,0.24322465385937975,0.0,1.0,18,0.167531504818384,9.0,19
822,1350,1079,13.042929461800616,91.57851851851852,11,10,9,1,1038,0.7694588584136397,311,1149,0.8517420311341735,0.9152215799614644,950,199,0.9152215799614644,0.639871382636656,0.8517420311341735,179,1118,6.245810055865922,0.00815418828762046,0.007412898443291327,0.006671608598962194,0.0007412898443291327,0.4460454002389486,0.2502379272882845,0.0,1.0,0.3990442054958184,0.2746812933888457,0.0,1.0,0.44040621266427715,0.27603229963817544,0.0,1.0,0.2787335722819594,0.24138569033128696,0.0,1.0,18,0.16814814814814816,9.020740740740742,19
823,1349,1068,13.077632731049619,91.96145292809489,8,9,4,5,1041,0.7711111111111111,309,1129,0.8362962962962963,0.8943323727185398,931,198,0.8943323727185398,0.6407766990291263,0.8362962962962963,169,1087,6.431952662721893,0.005925925925925926,0.006666666666666667,0.002962962962962963,0.003703703703703704,0.4467108252229848,0.25110760642776125,0.0,1.0,0.3985987230684617,0.2750057169610152,0.0,1.0,0.44063703101461055,0.27596240116070725,0.0,1.0,0.2800401731270475,0.24201786541931503,0.0,1.0,18,0.16679021497405486,9.01630837657524,19
824,1351,1068,13.054998636178293,92.3619541080681,10,8,2,6,993,0.7361008154188288,356,1115,0.8265381764269829,0.8841893252769386,878,237,0.8841893252769386,0.6657303370786517,0.8265381764269829,179,1094,6.111731843575419,0.007412898443291327,0.005930318754633061,0.0014825796886582653,0.004447739065974796,0.44533320598839565,0.250829494337559,0.0,1.0,0.3988682218667176,0.2748407646835497,0.0,1.0,0.4419665241995177,0.27637795001065474,0.0,1.0,0.27862276449941503,0.2408706536542966,0.0,1.0,18,0.16506291635825315,9.022945965951147,19
825,1359,1061,12.94958828319656,92.01250919793966,13,5,5,0,1004,0.7431532198371577,347,1137,0.84159881569208,0.901394422310757,905,232,0.901394422310757,0.6685878962536023,0.84159881569208,176,1106,6.284090909090909,0.009622501850481125,0.003700962250185048,0.003700962250185048,0.0,0.44712668233283487,0.25154465915344837,0.0,1.0,0.39818177502433005,0.2743342180109815,0.0,1.0,0.44171473331909133,0.27620420271518775,0.0,1.0,0.2781219587457571,0.24017549252364523,0.0,1.0,18,0.16335540838852097,9.04635761589404,19
826,1356,1054,13.003005600653083,92.24262536873157,6,9,5,4,982,0.7225901398086828,377,1106,0.8138337012509198,0.8869653767820774,871,235,0.8869653767820774,0.623342175066313,0.8138337012509198,173,1072,6.196531791907514,0.004415011037527594,0.006622516556291391,0.003679175864606328,0.0029433406916850625,0.4457845656104292,0.2516673283642362,0.0,1.0,0.39865829289180704,0.2747985440952927,0.0,1.0,0.44197830431059093,0.2758746771007516,0.0,1.0,0.27797602055381104,0.2394283714149672,0.0,1.0,18,0.16224188790560473,9.053097345132743,19
827,1358,1045,12.932849631848464,91.91089837997055,12,10,7,3,1015,0.7485250737463127,341,1148,0.8466076696165191,0.8935960591133005,907,241,0.8935960591133005,0.7067448680351907,0.8466076696165191,181,1120,6.1878453038674035,0.008849557522123894,0.007374631268436578,0.005162241887905605,0.0022123893805309734,0.445555608342439,0.25113797769652974,0.0,1.0,0.3990688393747921,0.27501037874763606,0.0,1.0,0.4419687396075824,0.27527449075796045,0.0,1.0,0.27808922039051737,0.2399928251392441,0.0,1.0,18,0.16126656848306334,9.069955817378498,19
828,1355,1041,12.949346608703957,92.21771217712177,5,8,6,2,993,0.7312223858615611,365,1141,0.8402061855670103,0.9003021148036254,894,247,0.9003021148036254,0.6767123287671233,0.8402061855670103,179,1116,6.23463687150838,0.003681885125184094,0.005891016200294551,0.004418262150220913,0.0014727540500736377,0.44594691108201406,0.2515487944936314,0.0,1.0,0.3995476728960838,0.2756522164279129,0.0,1.0,0.4418045470777288,0.2745350005357702,0.0,1.0,0.2782525889775027,0.23945087068043253,0.0,1.0,18,0.16162361623616237,9.07970479704797,19
829,1356,1034,12.918045877540148,92.31489675516224,10,9,5,4,1065,0.7859778597785978,290,1136,0.8383763837638376,0.9023474178403755,961,175,0.9023474178403755,0.603448275862069,0.8383763837638376,174,1103,6.339080459770115,0.007380073800738007,0.006642066420664207,0.0036900369003690036,0.002952029520295203,0.4452136264154534,0.25089912633258404,0.0,1.0,0.40137025406794175,0.27626449658830987,0.0,1.0,0.4420734608430869,0.2742710832701558,0.0,1.0,0.2775716052907032,0.2396074271301077,0.0,1.0,18,0.16224188790560473,9.09070796460177,19
830,1357,1026,12.820342384732765,91.86882829771555,13,12,9,3,1017,0.75,339,1116,0.8230088495575221,0.8898721730580138,905,211,0.8898721730580138,0.6224188790560472,0.8230088495575221,166,1074,6.469879518072289,0.009587020648967551,0.008849557522123894,0.00663716814159292,0.0022123893805309734,0.4437207312144912,0.2506860751898899,0.0,1.0,0.40314260584305983,0.2762997209432381,0.0,1.0,0.44562245940998885,0.27519843805431776,0.0,1.0,0.27537024270806093,0.23762806749872165,0.0,1.0,18,0.16212232866617537,9.106853352984524,19
831,1358,1014,12.847678286316194,92.27835051546391,5,4,3,1,997,0.7347089167280766,360,1151,0.8481945467943994,0.8956870611835507,893,258,0.8956870611835507,0.7166666666666667,0.8481945467943994,180,1119,6.216666666666667,0.0036845983787767134,0.0029476787030213707,0.002210759027266028,0.0007369196757553427,0.4438215592189653,0.2509482164284662,0.0,1.0,0.40419972445246805,0.2764046106497124,0.0,1.0,0.44543683785452987,0.27469712124682544,0.0,1.0,0.2744310893629151,0.2365384147335379,0.0,1.0,18,0.1634756995581738,9.120029455081001,20
832,1363,1011,12.800635190246382,92.38958180484227,10,5,3,2,1021,0.751840942562592,337,1153,0.8490427098674521,0.9089128305582762,928,225,0.9089128305582762,0.6676557863501483,0.8490427098674521,171,1121,6.555555555555555,0.007363770250368188,0.003681885125184094,0.0022091310751104565,0.0014727540500736377,0.4441341443211133,0.2509533358242402,0.0,1.0,0.4044209878588503,0.276434325048905,0.0,1.0,0.445293825290512,0.27490534379936177,0.0,1.0,0.2743947175348496,0.23655201680663354,0.0,1.0,18,0.16287600880410857,9.13059427732942,20
833,1354,1007,12.804279349151303,92.43648449039881,4,13,9,4,1039,0.7622890682318415,324,1164,0.8539985326485693,0.8979788257940328,933,231,0.8979788257940328,0.7129629629629629,0.8539985326485693,175,1135,6.485714285714286,0.00293470286133529,0.009537784299339692,0.006603081438004402,0.00293470286133529,0.44387001477104876,0.25126389582037045,0.0,1.0,0.4030113880020965,0.27575302319267714,0.0,1.0,0.4462762662600657,0.2754999895313375,0.0,1.0,0.2735026444942107,0.23612139872949378,0.0,1.0,18,0.16322008862629248,9.139586410635156,20
834,1358,1001,12.699839928570979,91.98085419734905,14,10,8,2,1020,0.7533234859675036,334,1098,0.810930576070901,0.884313725490196,902,196,0.884313725490196,0.5868263473053892,0.810930576070901,178,1070,6.01123595505618,0.0103397341211226,0.007385524372230428,0.005908419497784343,0.0014771048744460858,0.4436552805358924,0.25132592420098215,0.0,1.0,0.40180056059670294,0.27514395017987436,0.0,1.0,0.4471946410755855,0.2753995943102451,0.0,1.0,0.27300584350800516,0.23509606545703293,0.0,1.0,18,0.16494845360824742,9.16642120765832,20
835,1353,994,12.719043626665801,92.06134515890614,6,11,8,3,979,0.7209131075110456,379,1114,0.8203240058910162,0.8855975485188968,867,247,0.8855975485188968,0.6517150395778364,0.8203240058910162,182,1089,5.983516483516484,0.004418262150220913,0.008100147275405008,0.005891016200294551,0.0022091310751104565,0.44376892449276395,0.2512404485595491,0.0,1.0,0.40242710344992016,0.27477519303433096,0.0,1.0,0.44715447154471544,0.2756327722274002,0.0,1.0,0.2719881744271988,0.2346209711578116,0.0,1.0,18,0.1648189209164819,9.178122690317812,20
836,1350,992,12.699587209718414,92.28962962962963,7,10,6,4,987,0.729490022172949,366,1103,0.8152254249815225,0.8804457953394124,869,234,0.8804457953394124,0.639344262295082,0.8152254249815225,177,1078,6.090395480225989,0.005173688100517369,0.007390983000739098,0.004434589800443459,0.0029563932002956393,0.4433691756272401,0.2510437353400415,0.0,1.0,0.40310633213859026,0.2748365241883387,0.0,1.0,0.44681003584229395,0.2750153869968126,0.0,1.0,0.2713022700119474,0.23426824053011025,0.0,1.0,18,0.16518518518518518,9.194074074074074,20
837,1344,988,12.769083848435335,92.640625,3,9,6,3,982,0.7274074074074074,368,1136,0.8414814814814815,0.8890020366598778,873,263,0.8890020366598778,0.7146739130434783,0.8414814814814815,176,1108,6.295454545454546,0.0022222222222222222,0.006666666666666667,0.0044444444444444444,0.0022222222222222222,0.44220430107526887,0.2503275483364848,0.0,1.0,0.40341781874039945,0.2751180993354534,0.0,1.0,0.4466445852534562,0.2751985263461492,0.0,1.0,0.2717453917050691,0.233801864440837,0.0,1.0,18,0.1636904761904762,9.183779761904763,20
838,1343,987,12.808037881343182,93.34251675353686,5,6,1,5,1021,0.7596726190476191,323,1105,0.8221726190476191,0.8873653281096964,906,199,0.8873653281096964,0.6160990712074303,0.8221726190476191,173,1077,6.22543352601156,0.003720238095238095,0.004464285714285714,0.000744047619047619,0.003720238095238095,0.441068383253669,0.24949362624624663,0.0,1.0,0.40299762207863954,0.27525109375072176,0.0,1.0,0.44721735162010906,0.27564263068265527,0.0,1.0,0.2713952873922129,0.2331246893701401,0.0,1.0,18,0.16530156366344007,9.179448994787789,20
839,1342,983,12.850359279725055,93.63785394932935,7,8,3,5,973,0.7244973938942666,370,1111,0.827252419955324,0.8961973278520041,872,239,0.8961973278520041,0.6459459459459459,0.827252419955324,178,1085,6.095505617977528,0.0052122114668652275,0.005956813104988831,0.0022338049143708115,0.0037230081906180195,0.44187779433681074,0.2503454344146986,0.0,1.0,0.40425941060525933,0.275224679521218,0.0,1.0,0.4462045093985866,0.2751417732726395,0.0,1.0,0.27140522090284125,0.23344387110888717,0.0,1.0,18,0.1661698956780924,9.194485842026825,20
840,1344,981,12.834645745174198,93.70014880952381,9,7,5,2,1002,0.7466467958271237,340,1116,0.8315946348733234,0.8882235528942116,890,226,0.8882235528942116,0.6647058823529411,0.8315946348733234,177,1091,6.163841807909605,0.0067064083457526085,0.005216095380029807,0.0037257824143070045,0.0014903129657228018,0.44208429339477723,0.2502967173427793,0.0,1.0,0.4049539170506912,0.2753181043393638,0.0,1.0,0.4453965053763441,0.27507185239705584,0.0,1.0,0.27102534562211983,0.23337889151207505,0.0,1.0,18,0.16592261904761904,9.215029761904763,20
841,1342,978,12.856134614224995,93.89940387481371,7,9,5,4,978,0.7276785714285714,366,1094,0.8139880952380952,0.8803680981595092,861,233,0.8803680981595092,0.6366120218579235,0.8139880952380952,173,1064,6.1502890173410405,0.005208333333333333,0.006696428571428571,0.003720238095238095,0.002976190476190476,0.4419979808663045,0.24921546293188468,0.0,1.0,0.40399500024037305,0.2747207833105033,0.0,1.0,0.4442574876207875,0.275708980021013,0.0,1.0,0.27169366857362626,0.23424625432706025,0.0,1.0,18,0.1646795827123696,9.208643815201192,20
842,1338,973,12.860203774768692,93.99925261584454,7,11,8,3,1015,0.7563338301043219,327,1108,0.8256333830104322,0.8975369458128079,911,197,0.8975369458128079,0.6024464831804281,0.8256333830104322,174,1077,6.189655172413793,0.005216095380029807,0.00819672131147541,0.005961251862891207,0.0022354694485842027,0.44086021505376344,0.24834531447527347,0.0,1.0,0.4053956314190655,0.2749440835866125,0.0,1.0,0.4434640050147066,0.2755151137786654,0.0,1.0,0.27113168426635803,0.23310790723932923,0.0,1.0,18,0.16292974588938713,9.225710014947683,20
843,1338,973,12.8765521697594,94.31539611360239,9,9,3,6,985,0.7361733931240658,353,1067,0.79745889387145,0.8761421319796955,863,204,0.8761421319796955,0.5779036827195467,0.79745889387145,168,1035,6.160714285714286,0.006726457399103139,0.006726457399103139,0.002242152466367713,0.004484304932735426,0.43965475673851195,0.24749016866507292,0.0,1.0,0.40419017310381405,0.2746028210639425,0.0,1.0,0.4439461883408072,0.2756418349031325,0.0,1.0,0.27064950094025747,0.23331117258372444,0.0,1.0,18,0.16442451420029897,9.239910313901346,20
844,1336,972,12.863880367384708,94.31137724550898,8,10,7,3,1015,0.7585949177877429,323,1130,0.8445440956651719,0.9024630541871921,916,214,0.9024630541871921,0.6625386996904025,0.8445440956651719,175,1104,6.308571428571429,0.005979073243647235,0.007473841554559043,0.00523168908819133,0.002242152466367713,0.44026463202627,0.24714413673795804,0.0,1.0,0.4036121305775546,0.27461620265027403,0.0,1.0,0.44316206297083255,0.2750816616998743,0.0,1.0,0.27122368166892025,0.2335196416292091,0.0,1.0,18,0.16467065868263472,9.244011976047904,20
845,1343,965,12.859532644050832,94.62397617274758,9,2,1,1,970,0.7260479041916168,366,1102,0.8248502994011976,0.8989690721649485,872,230,0.8989690721649485,0.6284153005464481,0.8248502994011976,170,1065,6.264705882352941,0.006736526946107785,0.0014970059880239522,0.0007485029940119761,0.0007485029940119761,0.4410443638459876,0.24774581659389944,0.0,1.0,0.4036941849014003,0.27447276163593154,0.0,1.0,0.44313405231426994,0.27495611573065626,0.0,1.0,0.27161146206134557,0.233771071551946,0.0,1.0,18,0.16381236038719285,9.257632166790767,20
846,1339,967,12.896304161124363,95.08663181478715,5,9,5,4,992,0.7386448250186151,351,1091,0.8123603871928519,0.8931451612903226,886,205,0.8931451612903226,0.584045584045584,0.8123603871928519,175,1068,6.102857142857143,0.0037230081906180195,0.006701414743112435,0.0037230081906180195,0.0029784065524944155,0.4413018863379026,0.24772273682621193,0.0,1.0,0.40449059240164786,0.27430964541635844,0.0,1.0,0.4431087234093811,0.2745860791251099,0.0,1.0,0.2720132983208461,0.23392320784073137,0.0,1.0,18,0.1650485436893204,9.257654966392831,20
847,1342,961,12.897775457249313,95.46199701937407,7,4,2,2,1027,0.7669902912621359,312,1126,0.8409260642270351,0.8987341772151899,923,203,0.8987341772151899,0.6506410256410257,0.8409260642270351,192,1112,5.791666666666667,0.005227781926811053,0.002987303958177745,0.0014936519790888724,0.0014936519790888724,0.4396423248882265,0.24714155454198317,0.0,1.0,0.40490841786452575,0.27423080188934756,0.0,1.0,0.4421902793134945,0.2742953292886867,0.0,1.0,0.2723907504446902,0.23396450139518954,0.0,1.0,18,0.16393442622950818,9.24962742175857,20
848,1334,962,12.923552399653596,95.63493253373314,6,14,9,5,986,0.7347242921013413,356,1108,0.8256333830104322,0.9036511156186613,891,217,0.9036511156186613,0.6095505617977528,0.8256333830104322,175,1084,6.194285714285714,0.004470938897168405,0.010432190760059613,0.0067064083457526085,0.0037257824143070045,0.44056197707597816,0.24716809466960682,0.0,1.0,0.40397543163901917,0.27408155058582345,0.0,1.0,0.44065870290661124,0.2733611114072971,0.0,1.0,0.27172703970595347,0.23387984950531537,0.0,1.0,18,0.16491754122938532,9.258620689655173,20
849,1338,958,12.887186597238854,95.70104633781764,13,9,3,6,1005,0.7533733133433284,329,1115,0.835832083958021,0.8965174129353234,901,214,0.8965174129353234,0.6504559270516718,0.835832083958021,174,1085,6.235632183908046,0.009745127436281859,0.006746626686656672,0.0022488755622188904,0.004497751124437781,0.4391966825787164,0.2462215378877756,0.0,1.0,0.4045277014320845,0.2742131479109646,0.0,1.0,0.44095665171898357,0.2737641939276249,0.0,1.0,0.27151743092723857,0.234224301627427,0.0,1.0,18,0.16517189835575485,9.265321375186845,20
850,1333,950,12.90805000564679,95.97074268567141,9,14,6,8,1051,0.7855007473841554,287,1143,0.8542600896860987,0.9143672692673644,961,182,0.9143672692673644,0.6341463414634146,0.8542600896860987,182,1117,6.137362637362638,0.006726457399103139,0.01046337817638266,0.004484304932735426,0.005979073243647235,0.43832732376642547,0.24634106804386885,0.0,1.0,0.404423686566803,0.273968772740071,0.0,1.0,0.43866611814243883,0.2725731203704604,0.0,1.0,0.27166469036613994,0.2342899052387279,0.0,1.0,18,0.16579144786196548,9.26331582895724,20
851,1332,947,12.86657663370663,95.74174174174175,9,10,8,2,1037,0.7779444861215303,296,1132,0.8492123030757689,0.9189971070395371,953,179,0.9189971070395371,0.6047297297297297,0.8492123030757689,175,1104,6.308571428571429,0.006751687921980495,0.007501875468867217,0.006001500375093774,0.0015003750937734434,0.43667054150925116,0.24540156171070848,0.0,1.0,0.4037101617746779,0.27354559818359814,0.0,1.0,0.43921340695534244,0.27275694105663456,0.0,1.0,0.27237721592560304,0.2351560344887353,0.0,1.0,18,0.16816816816816818,9.266516516516516,20
852,1333,941,12.865335525139757,96.05926481620405,7,6,4,2,1034,0.7762762762762763,298,1115,0.8370870870870871,0.8974854932301741,928,187,0.8974854932301741,0.62751677852349,0.8370870870870871,175,1084,6.194285714285714,0.005255255255255256,0.0045045045045045045,0.003003003003003003,0.0015015015015015015,0.43673015027950535,0.24484773735617618,0.0,1.0,0.4028023134815962,0.27321209284233383,0.0,1.0,0.43859351934757884,0.27242212780724656,0.0,1.0,0.27188248675071996,0.23486453817368186,0.0,1.0,18,0.16729182295573894,9.276069017254313,20
853,1327,942,12.87195196169306,96.16126601356443,6,12,8,4,1028,0.7711927981995499,305,1139,0.854463615903976,0.9124513618677043,938,201,0.9124513618677043,0.659016393442623,0.854463615903976,180,1120,6.222222222222222,0.00450112528132033,0.00900225056264066,0.006001500375093774,0.003000750187546887,0.4350098451515667,0.24441800843632003,0.0,1.0,0.40282470768408,0.27366079898720697,0.0,1.0,0.43855896151882734,0.27215825228279916,0.0,1.0,0.27077813160901376,0.23391193180782607,0.0,1.0,18,0.16880180859080632,9.273549359457423,20
854,1326,930,12.894445473935562,96.11236802413273,7,8,7,1,999,0.7528259231348907,328,1127,0.8492840994724944,0.9069069069069069,906,221,0.9069069069069069,0.6737804878048781,0.8492840994724944,181,1096,6.05524861878453,0.0052750565184626974,0.006028636021100226,0.0052750565184626974,0.0007535795026375283,0.43526492482849216,0.24458392251326141,0.0,1.0,0.4023743492434194,0.273492993406302,0.0,1.0,0.4378436238018781,0.27262481835351715,0.0,1.0,0.27110397508879486,0.23477096085321095,0.0,1.0,18,0.16666666666666666,9.279034690799397,20
855,1322,929,12.923562142781215,96.41376701966718,5,9,6,3,1000,0.7541478129713424,326,1102,0.8310708898944194,0.894,894,208,0.894,0.6380368098159509,0.8310708898944194,176,1077,6.119318181818182,0.003770739064856712,0.006787330316742082,0.004524886877828055,0.0022624434389140274,0.4350690547069445,0.24472997942077312,0.0,1.0,0.402591381582158,0.27340222984810136,0.0,1.0,0.4369723293153091,0.2723749358064413,0.0,1.0,0.2712410326484798,0.2347205973000887,0.0,1.0,18,0.1649016641452345,9.28517397881997,20
856,1326,933,12.878285015465867,96.52714932126698,10,6,2,4,1014,0.7670196671709532,308,1115,0.8434190620272315,0.9013806706114399,914,201,0.9013806706114399,0.6525974025974026,0.8434190620272315,168,1087,6.470238095238095,0.007564296520423601,0.0045385779122541605,0.0015128593040847202,0.0030257186081694403,0.4357271444557972,0.24476351089239137,0.0,1.0,0.40159587408164255,0.2735353685434099,0.0,1.0,0.4394249014742373,0.273365465955659,0.0,1.0,0.27059310076387877,0.2344626424962161,0.0,1.0,18,0.16591251885369532,9.307692307692308,20
857,1325,923,12.916979689533802,96.56830188679245,8,9,5,4,994,0.7496229260935143,332,1111,0.8378582202111614,0.9185110663983903,913,198,0.9185110663983903,0.5963855421686747,0.8378582202111614,182,1083,5.950549450549451,0.006033182503770739,0.006787330316742082,0.003770739064856712,0.0030165912518853697,0.43556908094948266,0.24457957181358034,0.0,1.0,0.4021667681071211,0.27329927834264195,0.0,1.0,0.4395861229458308,0.2739479360895802,0.0,1.0,0.271065124771759,0.2343296870521048,0.0,1.0,18,0.16452830188679246,9.311698113207548,20
858,1329,921,12.876894247647122,96.84198645598194,10,6,2,4,1014,0.7652830188679245,311,1129,0.8520754716981133,0.9112426035502958,924,205,0.9112426035502958,0.6591639871382636,0.8520754716981133,169,1096,6.485207100591716,0.007547169811320755,0.004528301886792453,0.0015094339622641509,0.0030188679245283017,0.4338940265540426,0.24414033196415505,0.0,1.0,0.4031893978009175,0.2730775986746569,0.0,1.0,0.43981650040049514,0.2747299091716438,0.0,1.0,0.2705648195344547,0.2341217101156585,0.0,1.0,18,0.16478555304740405,9.316027088036117,20
859,1319,921,12.864087928464924,96.53449583017438,7,17,10,7,999,0.7516930022573364,330,1126,0.8472535741158767,0.9129129129129129,912,214,0.9129129129129129,0.6484848484848484,0.8472535741158767,181,1107,6.116022099447513,0.005267118133935289,0.012791572610985704,0.007524454477050414,0.005267118133935289,0.4332461053094965,0.24330062744379807,0.0,1.0,0.40365379441903687,0.2729821015324503,0.0,1.0,0.442564014771699,0.2757978870716086,0.0,1.0,0.26801829342855044,0.2320821376173468,0.0,1.0,18,0.16679302501895377,9.344958301743745,20
860,1314,921,12.87795142749844,96.61339421613394,8,13,8,5,994,0.7536012130401819,325,1114,0.844579226686884,0.9014084507042254,896,218,0.9014084507042254,0.6707692307692308,0.844579226686884,170,1084,6.376470588235295,0.006065200909780136,0.009855951478392721,0.006065200909780136,0.0037907505686125853,0.4315804978641921,0.24306011871858504,0.0,1.0,0.4053370648598223,0.2735463689701129,0.0,1.0,0.4426523297491039,0.27475488494785943,0.0,1.0,0.2675160799332253,0.23190393301174492,0.0,1.0,18,0.1659056316590563,9.356925418569254,20
861,1318,919,12.879707854843753,97.07056145675266,8,4,1,3,993,0.7557077625570776,321,1099,0.8363774733637748,0.8962739174219537,890,209,0.8962739174219537,0.6510903426791277,0.8363774733637748,173,1070,6.184971098265896,0.0060882800608828,0.0030441400304414,0.00076103500761035,0.00228310502283105,0.43183709432669243,0.24272905817825804,0.0,1.0,0.40491458221156196,0.2733000326732544,0.0,1.0,0.44059914826961677,0.27434734958267076,0.0,1.0,0.2690048460521807,0.23272717079717958,0.0,1.0,18,0.165402124430956,9.346737481031866,20
862,1319,918,12.836160304287732,96.8923426838514,10,9,7,2,970,0.7359635811836115,348,1100,0.834597875569044,0.9072164948453608,880,220,0.9072164948453608,0.632183908045977,0.834597875569044,181,1080,5.966850828729282,0.007587253414264037,0.006828528072837633,0.005311077389984826,0.0015174506828528073,0.43317273594365235,0.2434620162485674,0.0,1.0,0.40529237692288883,0.2740620081717574,0.0,1.0,0.4392134803981511,0.27485504316399995,0.0,1.0,0.27075741642006407,0.2339904305051897,0.0,1.0,18,0.16300227445034116,9.360879454131918,20
863,1321,920,12.798574647706998,96.82134746404239,10,8,5,3,997,0.7558756633813495,322,1081,0.819560272934041,0.8976930792377131,895,186,0.8976930792377131,0.577639751552795,0.819560272934041,176,1059,6.017045454545454,0.0075815011372251705,0.006065200909780136,0.0037907505686125853,0.002274450341167551,0.4322971356010842,0.24313574631428847,0.0,1.0,0.4054357646943909,0.27435696615925814,0.0,1.0,0.4392322531806305,0.2740299803910902,0.0,1.0,0.2701521330370443,0.2342083070757708,0.0,1.0,18,0.1627554882664648,9.358062074186222,20
864,1318,920,12.802745027312517,96.64719271623672,7,10,9,1,959,0.7259651778955337,362,1119,0.8470855412566237,0.9124087591240876,875,244,0.9124087591240876,0.6740331491712708,0.8470855412566237,170,1089,6.405882352941177,0.005299015897047691,0.00757002271006813,0.006813020439061317,0.000757002271006813,0.4331832199324489,0.24362212660248578,0.0,1.0,0.40643203289441476,0.27499139523300614,0.0,1.0,0.4392040726418327,0.27403869360552524,0.0,1.0,0.270277546624896,0.23412857580314825,0.0,1.0,18,0.1638846737481032,9.371775417298938,20
865,1308,928,12.866864341121918,97.05351681957187,4,14,7,7,960,0.7283763277693475,358,1126,0.8543247344461306,0.9239583333333333,887,239,0.9239583333333333,0.6675977653631285,0.8543247344461306,172,1106,6.430232558139535,0.0030349013657056147,0.010622154779969651,0.005311077389984826,0.005311077389984826,0.4309707013909441,0.24251090163628136,0.0,1.0,0.4053467495314196,0.27471580917071475,0.0,1.0,0.43804873236657793,0.27425118046269004,0.0,1.0,0.26982835158330865,0.23412136378898274,0.0,1.0,18,0.1643730886850153,9.350917431192661,20
866,1310,929,12.910152828090524,97.42213740458016,7,5,1,4,930,0.7110091743119266,378,1064,0.8134556574923547,0.8956989247311828,833,231,0.8956989247311828,0.6111111111111112,0.8134556574923547,179,1044,5.832402234636872,0.005351681957186544,0.00382262996941896,0.0007645259938837921,0.0030581039755351682,0.43080522038906677,0.24221512648992322,0.0,1.0,0.4065254863334154,0.2750097115196171,0.0,1.0,0.43863580398916524,0.2746067734181479,0.0,1.0,0.26961339571534104,0.23366405750823238,0.0,1.0,18,0.1648854961832061,9.34885496183206,20
867,1312,931,12.923183551336404,97.66006097560975,8,6,3,3,937,0.7152671755725191,373,1062,0.8106870229007633,0.8954108858057631,839,223,0.8954108858057631,0.5978552278820375,0.8106870229007633,180,1044,5.8,0.0061068702290076335,0.004580152671755725,0.0022900763358778627,0.0022900763358778627,0.4294846577498033,0.24170035445361204,0.0,1.0,0.40649586939417787,0.27515872025551,0.0,1.0,0.43961447678992915,0.27424342323748896,0.0,1.0,0.26947285601888277,0.2340843569872302,0.0,1.0,18,0.1638719512195122,9.352896341463415,20
868,1308,938,12.956768041634078,98.05504587155963,6,10,5,5,959,0.7309451219512195,353,1094,0.8338414634146342,0.8978102189781022,861,233,0.8978102189781022,0.660056657223796,0.8338414634146342,174,1075,6.17816091954023,0.004573170731707317,0.007621951219512195,0.0038109756097560975,0.0038109756097560975,0.42902239321298213,0.24190180929972818,0.0,1.0,0.4061852619118082,0.2756014646239395,0.0,1.0,0.439873729900365,0.27476131637036016,0.0,1.0,0.2698776758409786,0.23399991749275068,0.0,1.0,18,0.1636085626911315,9.34709480122324,20
869,1298,945,12.958428019224739,98.06856702619415,6,16,10,6,1005,0.768348623853211,303,1111,0.849388379204893,0.9144278606965174,919,192,0.9144278606965174,0.6336633663366337,0.849388379204893,171,1089,6.368421052631579,0.0045871559633027525,0.012232415902140673,0.00764525993883792,0.0045871559633027525,0.4283264575774144,0.24033317778208163,0.0,1.0,0.40504001192902234,0.275572872689903,0.0,1.0,0.43839157015756247,0.2738153213826949,0.0,1.0,0.269198270291764,0.23328277415705717,0.0,1.0,18,0.16486902927580893,9.348228043143298,20
870,1298,944,12.885422696081566,97.62557781201849,11,11,9,2,973,0.7496147919876733,325,1072,0.8258859784283513,0.8992805755395683,875,197,0.8992805755395683,0.6061538461538462,0.8258859784283513,173,1044,6.034682080924855,0.00847457627118644,0.00847457627118644,0.006933744221879815,0.0015408320493066256,0.4284258660967245,0.2404495036921754,0.0,1.0,0.40600924499229585,0.2767868636466512,0.0,1.0,0.43801878821014956,0.27388635688365115,0.0,1.0,0.2685521149162483,0.23222437575760316,0.0,1.0,18,0.162557781201849,9.359013867488443,20
871,1298,939,12.853343461624256,97.15639445300462,11,11,9,2,972,0.74884437596302,326,1122,0.864406779661017,0.9176954732510288,892,230,0.9176954732510288,0.7055214723926381,0.864406779661017,175,1092,6.24,0.00847457627118644,0.00847457627118644,0.006933744221879815,0.0015408320493066256,0.4297181768477558,0.24102007698001193,0.0,1.0,0.4068293652766042,0.2769019219859004,0.0,1.0,0.43652766042049806,0.2741915616511301,0.0,1.0,0.2708882151200358,0.23470715609463272,0.0,1.0,18,0.162557781201849,9.354391371340524,20
872,1303,942,12.805136415055967,97.20184190330008,10,5,3,2,978,0.7534668721109399,320,1097,0.8451463790446841,0.9202453987730062,900,197,0.9202453987730062,0.615625,0.8451463790446841,171,1071,6.2631578947368425,0.007704160246533128,0.003852080123266564,0.0023112480739599386,0.0015408320493066256,0.42990122050850393,0.24079559571250345,0.0,1.0,0.40680315896318664,0.2764357538908491,0.0,1.0,0.43534770876141904,0.2744904350270858,0.0,1.0,0.2709875473473127,0.23458686551696292,0.0,1.0,18,0.16116653875671527,9.363775901765157,20
873,1306,947,12.77877849660803,97.48162327718224,8,5,3,2,965,0.740598618572525,338,1108,0.8503453568687643,0.9015544041450777,870,238,0.9015544041450777,0.7041420118343196,0.8503453568687643,181,1094,6.044198895027624,0.0061396776669224865,0.003837298541826554,0.0023023791250959325,0.0015349194167306216,0.4301733932717482,0.24087701021303484,0.0,1.0,0.40828928518500224,0.2768710520010723,0.0,1.0,0.43570617003408585,0.27443163625784556,0.0,1.0,0.27105666156202146,0.23503242841537708,0.0,1.0,18,0.16079632465543645,9.38208269525268,20
874,1297,949,12.798045970754696,97.77717810331535,3,12,8,4,1012,0.774885145482389,294,1125,0.8614088820826953,0.9229249011857708,934,191,0.9229249011857708,0.6496598639455783,0.8614088820826953,179,1106,6.17877094972067,0.002297090352220521,0.009188361408882083,0.006125574272588055,0.0030627871362940277,0.4282836322033477,0.2399699323647467,0.0,1.0,0.40898351033402147,0.276882091654852,0.0,1.0,0.4356952769418261,0.2744976058633213,0.0,1.0,0.27022657746163603,0.2338487931838633,0.0,1.0,18,0.16114109483423283,9.38396299151889,20
875,1293,959,12.754009075929327,97.4013921113689,7,11,11,0,963,0.7424826522744795,334,1121,0.8643022359290671,0.9210799584631361,887,234,0.9210799584631361,0.7005988023952096,0.8643022359290671,176,1107,6.2897727272727275,0.005397070161912105,0.008481110254433308,0.008481110254433308,0.0,0.4279869271262131,0.23986114743156667,0.0,1.0,0.40792854826235564,0.27659351333746546,0.0,1.0,0.4350223286680139,0.2740639855344259,0.0,1.0,0.26998977122470874,0.2335093329042215,0.0,1.0,18,0.1608662026295437,9.40139211136891,20
876,1290,957,12.792178599631088,97.51007751937985,9,12,6,6,973,0.7525135344160866,320,1097,0.848414539829853,0.920863309352518,896,201,0.920863309352518,0.628125,0.848414539829853,175,1070,6.114285714285714,0.0069605568445475635,0.009280742459396751,0.004640371229698376,0.004640371229698376,0.42813203300825203,0.23967266433164064,0.0,1.0,0.40782695673918484,0.2764024918825142,0.0,1.0,0.4356339084771193,0.27440818290310043,0.0,1.0,0.2686671667916979,0.23348264103504218,0.0,1.0,18,0.15968992248062017,9.410852713178295,20
877,1286,954,12.784396456905073,97.18429237947123,8,12,9,3,970,0.751937984496124,320,1111,0.8612403100775193,0.9298969072164949,902,209,0.9298969072164949,0.653125,0.8612403100775193,180,1088,6.044444444444444,0.006201550387596899,0.009302325581395349,0.0069767441860465115,0.002325581395348837,0.4288366026187729,0.23930473688659845,0.0,1.0,0.40814227662669944,0.2761169851066685,0.0,1.0,0.4371645010786134,0.2747279215219384,0.0,1.0,0.26900115386544926,0.23411788121144503,0.0,1.0,18,0.1594090202177294,9.416796267496112,20
878,1291,955,12.741249221631021,97.09450038729666,11,6,4,2,937,0.7286158631415242,349,1088,0.8460342146189735,0.9188900747065102,861,227,0.9188900747065102,0.6504297994269341,0.8460342146189735,173,1062,6.138728323699422,0.008553654743390357,0.004665629860031105,0.003110419906687403,0.0015552099533437014,0.42897478823617596,0.23900836388506377,0.0,1.0,0.4086604532620375,0.2767906973488654,0.0,1.0,0.4363958921566178,0.2745680489007016,0.0,1.0,0.26973338997026564,0.2343011773875484,0.0,1.0,18,0.15879163439194424,9.424477149496514,20
879,1290,958,12.821177883205275,97.95426356589147,3,4,1,3,947,0.7335398915569326,344,1082,0.8381099922540666,0.9091869060190074,861,221,0.9091869060190074,0.6424418604651163,0.8381099922540666,176,1061,6.028409090909091,0.0023237800154918666,0.003098373353989156,0.000774593338497289,0.0023237800154918666,0.42885721430357593,0.2390130436755939,0.0,1.0,0.4089022255563891,0.2767733178017828,0.0,1.0,0.4365591397849462,0.27505207614912525,0.0,1.0,0.26959239809952484,0.23440605856293045,0.0,1.0,18,0.15891472868217055,9.424031007751937,20
880,1286,956,12.866704267240058,97.90513219284604,7,11,8,3,955,0.7403100775193798,335,1100,0.8527131782945736,0.9099476439790576,869,231,0.9099476439790576,0.6895522388059702,0.8527131782945736,181,1079,5.961325966850829,0.005426356589147287,0.008527131782945736,0.006201550387596899,0.002325581395348837,0.43006572016254446,0.23837022548955253,0.0,1.0,0.4085185370992826,0.2768592408547432,0.0,1.0,0.4360106356293584,0.2737234204129964,0.0,1.0,0.26970350674760446,0.23496726867010537,0.0,1.0,18,0.1594090202177294,9.433903576982893,20
881,1290,959,12.88308144443062,98.37364341085271,7,3,1,2,950,0.7387247278382582,336,1090,0.8475894245723172,0.9178947368421052,872,218,0.9178947368421052,0.6488095238095238,0.8475894245723172,175,1068,6.102857142857143,0.005443234836702955,0.0023328149300155523,0.0007776049766718507,0.0015552099533437014,0.430207551887972,0.23804911814500257,0.0,1.0,0.40925231307826954,0.2773162226360921,0.0,1.0,0.4368592148037009,0.27420480838089306,0.0,1.0,0.27004251062765694,0.23535544556237983,0.0,1.0,18,0.15891472868217055,9.436434108527132,20
882,1289,960,12.83942652123007,98.36927851047324,8,9,7,2,995,0.7713178294573644,295,1079,0.8364341085271317,0.9095477386934674,905,174,0.9095477386934674,0.5898305084745763,0.8364341085271317,180,1060,5.888888888888889,0.006201550387596899,0.0069767441860465115,0.005426356589147287,0.0015503875968992248,0.43051627918616575,0.23842211830160726,0.0,1.0,0.40959483470557323,0.27744781503983573,0.0,1.0,0.4366475637528467,0.27470877312208447,0.0,1.0,0.27005180309817567,0.23603206731061926,0.0,1.0,18,0.1590380139643134,9.440651667959658,20
883,1288,967,12.785237595209741,98.27872670807453,8,9,7,2,963,0.7470907680372382,326,1105,0.8572536850271528,0.9117341640706127,878,227,0.9117341640706127,0.696319018404908,0.8572536850271528,174,1086,6.241379310344827,0.0062063615205585725,0.0069821567106283944,0.005430566330488751,0.0015515903801396431,0.42989881787216994,0.23812431024644024,0.0,1.0,0.4095872570627129,0.2773690124796538,0.0,1.0,0.43793828892005615,0.27498874560937486,0.0,1.0,0.2692596674013224,0.23561823344186397,0.0,1.0,18,0.15838509316770186,9.45496894409938,20
884,1281,986,12.75242055102506,98.57142857142857,4,11,7,4,997,0.7740683229813664,291,1091,0.8470496894409938,0.9117352056168505,909,182,0.9117352056168505,0.6254295532646048,0.8470496894409938,167,1077,6.449101796407185,0.003105590062111801,0.008540372670807454,0.005434782608695652,0.003105590062111801,0.4270101483216237,0.2362954805027178,0.0,1.0,0.41003752108987435,0.27756333820857204,0.0,1.0,0.43665483115509557,0.27463803753202326,0.0,1.0,0.26909420563571806,0.23492394005019016,0.0,1.0,18,0.15846994535519127,9.449648711943794,20
885,1275,986,12.834305497020724,99.31137254901961,3,9,4,5,999,0.7798594847775175,282,1098,0.8571428571428571,0.91991991991992,919,179,0.91991991991992,0.6347517730496454,0.8571428571428571,181,1079,5.961325966850829,0.00234192037470726,0.00702576112412178,0.00312256049960968,0.0039032006245121,0.42661606578115113,0.23576728521778412,0.0,1.0,0.4092346616065781,0.27768034118191,0.0,1.0,0.435876027830487,0.27438964832451557,0.0,1.0,0.2688931056293485,0.23484108379660185,0.0,1.0,18,0.15764705882352942,9.451764705882352,18
886,1273,983,12.852595769543317,99.25687352710133,7,9,7,2,944,0.7403921568627451,331,1090,0.8549019607843137,0.9205508474576272,869,221,0.9205508474576272,0.6676737160120846,0.8549019607843137,176,1063,6.0397727272727275,0.005490196078431373,0.007058823529411765,0.005490196078431373,0.001568627450980392,0.42642475229962246,0.2363080370327797,0.0,1.0,0.40937080303068696,0.2781711387803876,0.0,1.0,0.4360793654815904,0.2745772080044694,0.0,1.0,0.2688847781466184,0.23460330555747444,0.0,1.0,18,0.15789473684210525,9.454831107619796,18
887,1274,992,12.867060524127078,99.60910518053375,6,5,3,2,928,0.7289866457187746,345,1114,0.8750981932443048,0.9321120689655172,865,249,0.9321120689655172,0.7217391304347827,0.8750981932443048,179,1102,6.156424581005586,0.004713275726630008,0.003927729772191673,0.002356637863315004,0.0015710919088766694,0.42748265559325466,0.23679593505574864,0.0,1.0,0.4088975540588443,0.2779988720846467,0.0,1.0,0.4356611130804679,0.27491640102426135,0.0,1.0,0.2694333316453132,0.23504173361736944,0.0,1.0,18,0.1577708006279435,9.461538461538462,18
888,1275,995,12.879850381828408,99.73647058823529,8,7,4,3,952,0.7472527472527473,322,1121,0.8799058084772371,0.9401260504201681,895,226,0.9401260504201681,0.7018633540372671,0.8799058084772371,176,1100,6.25,0.006279434850863423,0.005494505494505495,0.0031397174254317113,0.002354788069073783,0.42823529411764705,0.23706180582591033,0.0,1.0,0.40971537001897534,0.2783887102741701,0.0,1.0,0.4367362428842505,0.2758110984739637,0.0,1.0,0.27068943706514864,0.23589067492905913,0.0,1.0,18,0.15764705882352942,9.461960784313726,18
889,1276,1005,12.817206153662271,99.32836990595611,11,10,6,4,927,0.7270588235294118,348,1065,0.8352941176470589,0.9234088457389428,856,209,0.9234088457389428,0.6005747126436781,0.8352941176470589,170,1045,6.147058823529412,0.008627450980392156,0.00784313725490196,0.004705882352941176,0.003137254901960784,0.4274193548387097,0.23611194926620815,0.0,1.0,0.4096470826170493,0.278527546675584,0.0,1.0,0.4371018303165133,0.2750262319738227,0.0,1.0,0.27022449185964204,0.2356286577171794,0.0,1.0,18,0.15673981191222572,9.47257053291536,18
890,1275,999,12.906752709498091,100.05019607843137,3,4,2,2,1001,0.7844827586206896,275,1116,0.8746081504702194,0.9280719280719281,929,187,0.9280719280719281,0.68,0.8746081504702194,182,1092,6.0,0.0023510971786833857,0.003134796238244514,0.001567398119122257,0.001567398119122257,0.42699557242251734,0.2357466366023132,0.0,1.0,0.4094876660341556,0.278276635908942,0.0,1.0,0.4372675521821632,0.27493682308682227,0.0,1.0,0.2698292220113852,0.23527350912584982,0.0,1.0,18,0.1568627450980392,9.471372549019607,18
891,1275,1004,12.890515128761574,100.20862745098039,7,7,5,2,999,0.7835294117647059,276,1089,0.8541176470588235,0.9159159159159159,915,174,0.9159159159159159,0.6304347826086957,0.8541176470588235,173,1067,6.167630057803469,0.005490196078431373,0.005490196078431373,0.00392156862745098,0.001568627450980392,0.42752688172043013,0.23569592374715245,0.0,1.0,0.40807084123972165,0.277996821061016,0.0,1.0,0.436382036685642,0.2750183102239927,0.0,1.0,0.2710183428209994,0.23651036849219403,0.0,1.0,18,0.156078431372549,9.476862745098039,18
892,1274,1007,12.920012944692852,100.2072213500785,9,10,6,4,935,0.7333333333333333,340,1059,0.8305882352941176,0.9016042780748663,843,216,0.9016042780748663,0.6352941176470588,0.8305882352941176,169,1031,6.100591715976331,0.007058823529411765,0.00784313725490196,0.004705882352941176,0.003137254901960784,0.42725477287689273,0.23579259680394854,0.0,1.0,0.4084671089279384,0.27839193188590455,0.0,1.0,0.4354585506659239,0.275213399222683,0.0,1.0,0.271509596394389,0.23669167454147266,0.0,1.0,18,0.15620094191522763,9.471742543171114,18
893,1272,1008,12.901853463459679,99.9748427672956,8,10,9,1,944,0.7409733124018838,330,1109,0.8704866562009419,0.9216101694915254,870,239,0.9216101694915254,0.7242424242424242,0.8704866562009419,183,1093,5.972677595628415,0.006279434850863423,0.007849293563579277,0.00706436420722135,0.0007849293563579278,0.4278251166565227,0.23604497890880596,0.0,1.0,0.40784134712923514,0.27830971610322086,0.0,1.0,0.4356106715358085,0.27511388920704666,0.0,1.0,0.2717843375938324,0.236890154286301,0.0,1.0,18,0.15487421383647798,9.484276729559749,18
894,1266,1007,12.983178034525821,100.5347551342812,3,9,5,4,952,0.7484276729559748,320,1099,0.8639937106918238,0.9296218487394958,885,214,0.9296218487394958,0.66875,0.8639937106918238,173,1071,6.190751445086705,0.0023584905660377358,0.007075471698113208,0.003930817610062893,0.0031446540880503146,0.42789074045762626,0.23555229948142897,0.0,1.0,0.40768485960352646,0.27853845267982835,0.0,1.0,0.43510166641186365,0.27440603515001594,0.0,1.0,0.2713142740661469,0.23681568098157835,0.0,1.0,18,0.15481832543443919,9.488941548183254,18
895,1264,1010,12.992233416724256,100.65981012658227,6,8,7,1,975,0.7701421800947867,291,1104,0.8720379146919431,0.9353846153846154,912,192,0.9353846153846154,0.6597938144329897,0.8720379146919431,176,1083,6.153409090909091,0.004739336492890996,0.00631911532385466,0.005529225908372828,0.0007898894154818325,0.4268323805634953,0.23602254662042318,0.0,1.0,0.4067221314822377,0.27855907792972245,0.0,1.0,0.43489689669252757,0.27475679767670264,0.0,1.0,0.2736831359738669,0.23878044103372092,0.0,1.0,18,0.15427215189873417,9.488924050632912,18
896,1262,1016,13.044289544441707,101.0729001584786,4,6,4,2,939,0.742879746835443,325,1116,0.8829113924050633,0.9435569755058573,886,230,0.9435569755058573,0.7076923076923077,0.8829113924050633,180,1102,6.122222222222222,0.0031645569620253164,0.004746835443037975,0.0031645569620253164,0.0015822784810126582,0.42694647512908335,0.23610828044640111,0.0,1.0,0.4065487449516895,0.2785029723307915,0.0,1.0,0.4345636726138745,0.27457965918862476,0.0,1.0,0.27358008281785184,0.2388511256484523,0.0,1.0,18,0.15530903328050713,9.495245641838352,18
897,1255,1017,13.099664693016356,101.17131474103586,3,10,9,1,939,0.7440570522979397,323,1095,0.8676703645007924,0.933972310969116,877,218,0.933972310969116,0.6749226006191951,0.8676703645007924,177,1073,6.062146892655368,0.002377179080824089,0.00792393026941363,0.0071315372424722665,0.000792393026941363,0.42691170800668293,0.23587117861084328,0.0,1.0,0.40634879835496723,0.2784964985362339,0.0,1.0,0.43554813006040355,0.27477654482653746,0.0,1.0,0.27310114381184936,0.23824466730529562,0.0,1.0,18,0.15697211155378485,9.504382470119522,18
898,1256,1025,13.065130906908921,101.05971337579618,9,8,5,3,962,0.7665338645418327,293,1075,0.8565737051792829,0.9251559251559252,890,185,0.9251559251559252,0.6313993174061433,0.8565737051792829,168,1051,6.255952380952381,0.007171314741035857,0.006374501992031873,0.00398406374501992,0.002390438247011952,0.4257242654612698,0.2359105846828983,0.0,1.0,0.4065903020341073,0.27866573787081433,0.0,1.0,0.4350472570371892,0.2743412169355858,0.0,1.0,0.27329463735360593,0.23814756874990037,0.0,1.0,18,0.15764331210191082,9.500796178343949,18
899,1260,1032,13.042760772727853,101.08888888888889,8,4,4,0,967,0.7699044585987261,289,1087,0.8654458598726115,0.9203722854188211,890,197,0.9203722854188211,0.6816608996539792,0.8654458598726115,175,1069,6.1085714285714285,0.006369426751592357,0.0031847133757961785,0.0031847133757961785,0.0,0.42565284178187407,0.23550942111908904,0.0,1.0,0.4060675883256528,0.27887367733951646,0.0,1.0,0.4348950332821301,0.2746413321418619,0.0,1.0,0.273399897593446,0.2385515821764581,0.0,1.0,18,0.15634920634920635,9.506349206349206,18
900,1256,1041,13.061229271472937,101.30095541401273,8,12,5,7,967,0.7674603174603175,293,1091,0.8658730158730159,0.9265770423991727,896,195,0.9265770423991727,0.6655290102389079,0.8658730158730159,174,1074,6.172413793103448,0.006349206349206349,0.009523809523809525,0.003968253968253968,0.005555555555555556,0.4237980275323608,0.23472081404079373,0.0,1.0,0.40641051982740906,0.2794219811068427,0.0,1.0,0.4348674748304911,0.2749381672525894,0.0,1.0,0.2734487363879186,0.23785917798551223,0.0,1.0,18,0.15684713375796178,9.493630573248408,18
901,1252,1044,13.12163698825127,101.42172523961662,4,8,7,1,912,0.7261146496815286,344,1111,0.8845541401273885,0.9364035087719298,854,257,0.9364035087719298,0.747093023255814,0.8845541401273885,174,1088,6.252873563218391,0.0031847133757961785,0.006369426751592357,0.005573248407643312,0.0007961783439490446,0.42422446665979596,0.23456687085106231,0.0,1.0,0.40693599917551276,0.27969669788524765,0.0,1.0,0.43476244460476143,0.27478909958017805,0.0,1.0,0.2737297742966093,0.23725546856167495,0.0,1.0,18,0.1573482428115016,9.494408945686901,18
902,1260,1044,13.0532292189812,101.10793650793651,13,5,4,1,907,0.7244408945686901,345,1084,0.865814696485623,0.9283351708930541,842,242,0.9283351708930541,0.7014492753623188,0.865814696485623,167,1051,6.293413173652695,0.010383386581469648,0.003993610223642172,0.003194888178913738,0.0007987220447284345,0.42442396313364056,0.23476643320801305,0.0,1.0,0.40578597030209934,0.2796305373962461,0.0,1.0,0.43440860215053767,0.27440821692185086,0.0,1.0,0.2734254992319508,0.23769502065357698,0.0,1.0,18,0.15555555555555556,9.505555555555556,18
903,1255,1050,13.037994619934713,100.63665338645419,9,14,10,4,945,0.75,315,1066,0.846031746031746,0.9227513227513228,872,194,0.9227513227513228,0.6158730158730159,0.846031746031746,170,1042,6.129411764705883,0.007142857142857143,0.011111111111111112,0.007936507936507936,0.0031746031746031746,0.4243927515743478,0.23434105292256102,0.0,1.0,0.4056290965171572,0.2802369063575692,0.0,1.0,0.43364606091761987,0.2741450496416275,0.0,1.0,0.27371803110140086,0.23819796922342046,0.0,1.0,18,0.15458167330677292,9.514741035856574,18
904,1250,1057,13.076525760823776,100.6664,5,10,8,2,934,0.7442231075697211,321,1084,0.8637450199203187,0.923982869379015,863,221,0.923982869379015,0.6884735202492211,0.8637450199203187,168,1059,6.303571428571429,0.00398406374501992,0.00796812749003984,0.006374501992031873,0.0015936254980079682,0.42335483870967744,0.23360858251164687,0.0,1.0,0.40663225806451614,0.2801940175138868,0.0,1.0,0.4356645161290323,0.274539380843104,0.0,1.0,0.27272258064516125,0.23736307327297143,0.0,1.0,18,0.1552,9.5128,18
905,1254,1053,13.043552854992388,100.05342902711324,13,9,7,2,926,0.7408,324,1058,0.8464,0.9211663066954644,853,205,0.9211663066954644,0.6327160493827161,0.8464,174,1028,5.908045977011494,0.0104,0.0072,0.0056,0.0016,0.42434532077995574,0.2348104284597729,0.0,1.0,0.40654421978700417,0.2798500902108952,0.0,1.0,0.4370015948963317,0.27489963543238766,0.0,1.0,0.2721098935020837,0.23740465657553,0.0,1.0,18,0.1547049441786284,9.539074960127591,18
906,1257,1060,13.030448947128386,100.09785202863962,9,6,3,3,930,0.7416267942583732,324,1070,0.8532695374800638,0.9279569892473118,863,207,0.9279569892473118,0.6388888888888888,0.8532695374800638,172,1049,6.098837209302325,0.007177033492822967,0.004784688995215311,0.0023923444976076554,0.0023923444976076554,0.42279364590550983,0.23357814546359298,0.0,1.0,0.40613852747196344,0.27944451409872867,0.0,1.0,0.43583031796135197,0.2747513042264481,0.0,1.0,0.2728975800035928,0.2383607232233702,0.0,1.0,18,0.15513126491646778,9.536992840095465,18
907,1258,1065,13.01399564189981,99.84340222575517,11,10,6,4,902,0.7175815433571997,355,1075,0.8552108194112967,0.9235033259423503,833,242,0.9235033259423503,0.6816901408450704,0.8552108194112967,174,1054,6.057471264367816,0.008750994431185362,0.007955449482895784,0.00477326968973747,0.0031821797931583136,0.4229447663982768,0.2340915553375037,0.0,1.0,0.40504641263654545,0.27936672401600593,0.0,1.0,0.4369198420431817,0.275727057128573,0.0,1.0,0.2730909277398841,0.23869746270131753,0.0,1.0,18,0.15580286168521462,9.553259141494436,18
908,1261,1071,13.018148887149728,100.22125297383029,6,3,2,1,970,0.7710651828298887,288,1094,0.8696343402225755,0.9257731958762887,898,196,0.9257731958762887,0.6805555555555556,0.8696343402225755,182,1082,5.945054945054945,0.0047694753577106515,0.0023847376788553257,0.001589825119236884,0.000794912559618442,0.422680412371134,0.2340460645497465,0.0,1.0,0.4051571973088434,0.27930059566428267,0.0,1.0,0.43695479777954005,0.27537883038163613,0.0,1.0,0.27315750428487373,0.23900608003136725,0.0,1.0,18,0.1570182394924663,9.562252180808882,18
909,1259,1072,13.032848226862487,100.28196981731533,9,11,6,5,940,0.7454401268834259,321,1082,0.8580491673275178,0.9191489361702128,864,218,0.9191489361702128,0.6791277258566978,0.8580491673275178,173,1056,6.104046242774566,0.007137192704203013,0.008723235527359239,0.004758128469468675,0.003965107057890563,0.42212201183735176,0.23473618163668822,0.0,1.0,0.4043916062415127,0.27961455502739596,0.0,1.0,0.4367009147044505,0.2757448776894636,0.0,1.0,0.2724128212354916,0.23884134051662484,0.0,1.0,18,0.15647339158061954,9.572676727561557,18
910,1257,1070,13.051216015945938,100.40970564836913,9,11,5,6,963,0.7648927720413026,296,1093,0.8681493248610008,0.9221183800623053,888,205,0.9221183800623053,0.6925675675675675,0.8681493248610008,178,1069,6.00561797752809,0.007148530579825258,0.008737092930897538,0.003971405877680699,0.004765687053216839,0.4202530346190366,0.2347911806055585,0.0,1.0,0.40654913131624193,0.2797241844014435,0.0,1.0,0.43849924294916215,0.2753489813066313,0.0,1.0,0.27058793337952625,0.23721591581666535,0.0,1.0,18,0.15910898965791567,9.58392999204455,18
911,1252,1074,13.107539319677153,100.42332268370608,5,10,8,2,904,0.7191726332537789,353,1058,0.841686555290374,0.9236725663716814,835,223,0.9236725663716814,0.6317280453257791,0.841686555290374,178,1040,5.842696629213483,0.003977724741447892,0.007955449482895784,0.006364359586316627,0.0015910898965791568,0.41961249098217046,0.23470758774919254,0.0,1.0,0.4061630423580336,0.27920623052729693,0.0,1.0,0.4373904977841905,0.27523676241942907,0.0,1.0,0.2699938163454602,0.23664344903795773,0.0,1.0,18,0.15894568690095848,9.598242811501597,18
912,1246,1082,13.164488553577707,100.70947030497592,3,9,6,3,955,0.762779552715655,297,1081,0.8634185303514377,0.9267015706806283,885,196,0.9267015706806283,0.6599326599326599,0.8634185303514377,175,1064,6.08,0.0023961661341853034,0.00718849840255591,0.004792332268370607,0.0023961661341853034,0.420157406927976,0.2346434315983191,0.0,1.0,0.40581473618805985,0.27914692456672224,0.0,1.0,0.4377880184331797,0.2759932573853205,0.0,1.0,0.2692228032931186,0.23615421944188117,0.0,1.0,18,0.15890850722311398,9.612359550561798,18
913,1245,1087,13.190138532922317,100.92128514056225,9,10,4,6,965,0.7744783306581059,281,1084,0.869983948635634,0.9295336787564766,897,187,0.9295336787564766,0.6654804270462633,0.869983948635634,170,1059,6.229411764705882,0.0072231139646869984,0.008025682182985553,0.0032102728731942215,0.004815409309791332,0.4204948827568338,0.2339355240650479,0.0,1.0,0.4054929394999352,0.278893069533165,0.0,1.0,0.43658504987692703,0.275407946357955,0.0,1.0,0.2699831584402125,0.2375300245632564,0.0,1.0,18,0.15823293172690764,9.624096385542169,18
914,1245,1092,13.171416587244437,100.96385542168674,8,8,6,2,920,0.7389558232931727,325,1070,0.8594377510040161,0.9304347826086956,856,214,0.9304347826086956,0.6584615384615384,0.8594377510040161,170,1045,6.147058823529412,0.00642570281124498,0.00642570281124498,0.004819277108433735,0.001606425702811245,0.41984713045731314,0.23330991762648412,0.0,1.0,0.4064516129032258,0.2793387985259516,0.0,1.0,0.43671460033683124,0.2752647248231329,0.0,1.0,0.26949086669257677,0.23699589348894348,0.0,1.0,18,0.1566265060240964,9.637751004016064,18
915,1246,1102,13.151098935132444,100.90048154093098,8,7,6,1,932,0.7485943775100402,313,1032,0.8289156626506025,0.8991416309012875,838,194,0.8991416309012875,0.6198083067092651,0.8289156626506025,174,1016,5.839080459770115,0.00642570281124498,0.005622489959839358,0.004819277108433735,0.0008032128514056225,0.41974317817014445,0.23315916873399198,0.0,1.0,0.4060218505669756,0.2798112971560352,0.0,1.0,0.4374255682700771,0.2753780682451436,0.0,1.0,0.26999948221405273,0.236543828632999,0.0,1.0,18,0.1548956661316212,9.637239165329053,18
916,1243,1113,13.163928562679281,101.16894609814963,4,7,6,1,948,0.7608346709470305,298,1082,0.8683788121990369,0.9314345991561181,883,199,0.9314345991561181,0.6677852348993288,0.8683788121990369,174,1067,6.132183908045977,0.0032102728731942215,0.0056179775280898875,0.004815409309791332,0.0008025682182985554,0.41904341733059974,0.23324495443933324,0.0,1.0,0.4057820569382088,0.28009915724937573,0.0,1.0,0.4379882178911582,0.27558000257702037,0.0,1.0,0.2700023356603431,0.2367855001470071,0.0,1.0,18,0.15526950925181013,9.639581657280772,18
917,1243,1110,13.246998563471344,101.37409493161705,6,6,3,3,897,0.7216411906677394,346,1089,0.8761061946902655,0.9342251950947603,838,251,0.9342251950947603,0.7254335260115607,0.8761061946902655,183,1069,5.841530054644808,0.004827031375703942,0.004827031375703942,0.002413515687851971,0.002413515687851971,0.4197960189967041,0.233339838625153,0.0,1.0,0.40614538188046606,0.2800567484944977,0.0,1.0,0.43788441076479895,0.2755778885797198,0.0,1.0,0.2705213712921392,0.23667742241120832,0.0,1.0,18,0.15526950925181013,9.635559131134352,18
918,1240,1121,13.27615567569801,101.52661290322581,7,10,6,4,917,0.7377312952534192,326,1057,0.8503620273531778,0.9291166848418757,852,205,0.9291166848418757,0.6288343558282209,0.8503620273531778,176,1044,5.931818181818182,0.0056315366049879325,0.008045052292839904,0.004827031375703942,0.003218020917135961,0.41789802289282,0.23279917125483704,0.0,1.0,0.4063735691987513,0.2801013077293074,0.0,1.0,0.4374089490114464,0.27519493926945027,0.0,1.0,0.270525494276795,0.2368631773710374,0.0,1.0,18,0.15483870967741936,9.623387096774193,18
919,1239,1126,13.263955818459227,101.3906376109766,7,8,7,1,945,0.7620967741935484,295,1062,0.8564516129032258,0.9185185185185185,868,194,0.9185185185185185,0.6576271186440678,0.8564516129032258,176,1043,5.926136363636363,0.00564516129032258,0.0064516129032258064,0.00564516129032258,0.0008064516129032258,0.41833945169100994,0.23329358503348832,0.0,1.0,0.4059725585149314,0.27944684747426696,0.0,1.0,0.43674659584993103,0.27493395200858484,0.0,1.0,0.269858626884324,0.23708525769761668,0.0,1.0,18,0.15577078288942695,9.631961259079903,18
920,1235,1129,13.279652485726087,101.25344129554657,5,9,9,0,930,0.7506053268765133,309,1078,0.8700564971751412,0.9354838709677419,870,208,0.9354838709677419,0.6731391585760518,0.8700564971751412,178,1059,5.949438202247191,0.004035512510088781,0.007263922518159807,0.007263922518159807,0.0,0.4185190022201907,0.2325821075629839,0.0,1.0,0.4064516129032258,0.2793048173558793,0.0,1.0,0.4356536502546689,0.2744852688256786,0.0,1.0,0.2696878673109573,0.23719779998979423,0.0,1.0,18,0.15384615384615385,9.655060728744939,18
921,1238,1125,13.248600469378939,101.17366720516962,10,7,5,2,1008,0.8161943319838056,227,1081,0.8753036437246964,0.9305555555555556,938,143,0.9305555555555556,0.6299559471365639,0.8753036437246964,177,1054,5.954802259887006,0.008097165991902834,0.005668016194331984,0.004048582995951417,0.0016194331983805667,0.41768721663453023,0.23230650200074576,0.0,1.0,0.40687372974099745,0.2798675495573001,0.0,1.0,0.43582260670175615,0.2743772065489877,0.0,1.0,0.2683308145291573,0.23664745256771777,0.0,1.0,18,0.15347334410339256,9.675282714054926,18
922,1234,1136,13.25292416954894,101.21069692058347,6,10,8,2,910,0.7350565428109854,328,1038,0.8384491114701131,0.9274725274725275,844,194,0.9274725274725275,0.5914634146341463,0.8384491114701131,171,1020,5.964912280701754,0.004846526655896607,0.008077544426494346,0.006462035541195477,0.0016155088852988692,0.41710670779526327,0.23234418058055,0.0,1.0,0.4068594133946777,0.2807433725650336,0.0,1.0,0.4361635384534951,0.2741711771694932,0.0,1.0,0.26925288858681445,0.2368223791396486,0.0,1.0,18,0.1539708265802269,9.688816855753647,18
923,1236,1135,13.273776429770859,101.19012944983818,8,6,5,1,919,0.7447325769854133,315,1064,0.8622366288492707,0.9249183895538629,850,214,0.9249183895538629,0.6793650793650794,0.8622366288492707,177,1040,5.875706214689266,0.006482982171799027,0.004862236628849271,0.004051863857374392,0.0008103727714748784,0.41789330827852594,0.23296604301502988,0.0,1.0,0.4066969412255977,0.2803778194421503,0.0,1.0,0.43493579705606017,0.27398413059223375,0.0,1.0,0.2694435744858545,0.23749482897291438,0.0,1.0,18,0.1529126213592233,9.70388349514563,18
924,1243,1128,13.300673904070278,101.34352373290426,9,2,1,1,946,0.7653721682847896,290,1088,0.8802588996763754,0.9312896405919662,881,207,0.9312896405919662,0.7137931034482758,0.8802588996763754,182,1063,5.84065934065934,0.007281553398058253,0.0016181229773462784,0.0008090614886731392,0.0008090614886731392,0.4172527444009031,0.23279918056708174,0.0,1.0,0.4067941764202112,0.28049727147908593,0.0,1.0,0.4349518594451509,0.273667385489438,0.0,1.0,0.2687826019256222,0.23722704256263874,0.0,1.0,18,0.15366049879324215,9.710378117457763,18
925,1252,1133,13.185040816740637,100.86182108626198,15,6,4,2,927,0.7457763475462591,316,1055,0.8487530168946098,0.9169363538295577,850,205,0.9169363538295577,0.6487341772151899,0.8487530168946098,168,1028,6.119047619047619,0.012067578439259855,0.004827031375703942,0.003218020917135961,0.0016090104585679806,0.42023085643615377,0.23389731196233893,0.0,1.0,0.4058538596310419,0.2803411595985029,0.0,1.0,0.43512315778625166,0.2736927051701547,0.0,1.0,0.2680871895290116,0.2370371150712326,0.0,1.0,18,0.15415335463258786,9.730830670926517,18
926,1252,1133,13.168013037631974,100.70287539936102,7,7,7,0,958,0.7651757188498403,294,1090,0.8706070287539937,0.9352818371607515,896,194,0.9352818371607515,0.6598639455782312,0.8706070287539937,177,1067,6.028248587570621,0.005591054313099041,0.005591054313099041,0.005591054313099041,0.0,0.4200762650726579,0.23424581580338255,0.0,1.0,0.40657528599402243,0.2802267146387274,0.0,1.0,0.43584458414923216,0.27390822957130423,0.0,1.0,0.2683963722560033,0.23735672849383127,0.0,1.0,18,0.15495207667731628,9.741214057507987,18
927,1259,1130,13.056115064888358,99.97378872120731,15,8,7,1,971,0.7755591054313099,281,1076,0.8594249201277955,0.9309989701338826,904,172,0.9309989701338826,0.6120996441281139,0.8594249201277955,170,1043,6.135294117647059,0.011980830670926517,0.006389776357827476,0.005591054313099041,0.0007987220447284345,0.41950857055010377,0.23428017946543137,0.0,1.0,0.40733813318301776,0.28034840666760596,0.0,1.0,0.43562479182146613,0.27247598200656126,0.0,1.0,0.2686976350918548,0.23752494980357866,0.0,1.0,18,0.1572676727561557,9.764892772041303,18
928,1258,1122,13.16506155854625,100.47058823529412,7,8,3,5,945,0.7505957108816521,314,1106,0.8784749801429707,0.928042328042328,877,229,0.928042328042328,0.7292993630573248,0.8784749801429707,179,1077,6.016759776536313,0.005559968228752979,0.006354249404289118,0.0023828435266084196,0.003971405877680699,0.4208420944663829,0.23465078798954148,0.0,1.0,0.4066105954151495,0.28051637394888324,0.0,1.0,0.4346633160674906,0.2727737910238985,0.0,1.0,0.2686804451510334,0.2373642981941478,0.0,1.0,18,0.15659777424483307,9.777424483306836,18
929,1266,1128,13.043943047486874,99.83728278041075,15,7,6,1,932,0.7408585055643879,326,1077,0.856120826709062,0.9216738197424893,859,218,0.9216738197424893,0.6687116564417178,0.856120826709062,169,1052,6.224852071005917,0.01192368839427663,0.005564387917329093,0.0047694753577106515,0.000794912559618442,0.4211894205778933,0.23477557936275353,0.0,1.0,0.40648728532844114,0.2801820604769583,0.0,1.0,0.43387861183305304,0.27316771831390646,0.0,1.0,0.26825663761912044,0.2375247563609356,0.0,1.0,18,0.15718799368088468,9.800157977883096,18
930,1267,1132,13.033925356658287,99.80662983425414,9,8,4,4,928,0.7330173775671406,338,1086,0.8578199052132701,0.9299568965517241,863,223,0.9299568965517241,0.6597633136094675,0.8578199052132701,180,1070,5.944444444444445,0.0071090047393364926,0.00631911532385466,0.00315955766192733,0.00315955766192733,0.4201186444993253,0.23468183378814028,0.0,1.0,0.4078977518649591,0.2803947548661879,0.0,1.0,0.43363800697609284,0.2716444433392614,0.0,1.0,0.268019451587443,0.23717267278383622,0.0,1.0,18,0.15785319652722968,9.810576164167324,18
931,1262,1140,13.023692677073408,99.90491283676704,7,12,6,6,983,0.7758484609313339,284,1054,0.8318863456985004,0.9033570701932858,888,166,0.9033570701932858,0.5845070422535211,0.8318863456985004,170,1032,6.070588235294117,0.0055248618784530384,0.009471191791633781,0.004735595895816891,0.004735595895816891,0.42047952558662643,0.23414684853571102,0.0,1.0,0.40864475231327646,0.28012627188458145,0.0,1.0,0.4345892336792598,0.2719455284845467,0.0,1.0,0.26777772097541025,0.2376129691149603,0.0,1.0,18,0.1600633914421553,9.823296354992076,18
932,1263,1148,12.995505999650815,100.05384006334126,6,5,5,0,958,0.7591125198098256,304,1083,0.8581616481774961,0.918580375782881,880,203,0.918580375782881,0.6677631578947368,0.8581616481774961,171,1062,6.2105263157894735,0.004754358161648178,0.003961965134706815,0.003961965134706815,0.0,0.419865655249917,0.23445019596243136,0.0,1.0,0.4086532321916584,0.2805446340148839,0.0,1.0,0.43480703905192447,0.2719418845792383,0.0,1.0,0.26802543866370393,0.23848469554076782,0.0,1.0,18,0.1583531274742676,9.838479809976247,18
933,1253,1145,13.021445375463744,99.69592976855547,6,16,14,2,916,0.7252573238321457,347,1074,0.850356294536817,0.9279475982532751,850,224,0.9279475982532751,0.6455331412103746,0.850356294536817,180,1051,5.838888888888889,0.004750593824228029,0.012668250197941409,0.011084718923198733,0.001583531274742676,0.4199727106557166,0.23428381019644512,0.0,1.0,0.4084905903251551,0.2810359475631105,0.0,1.0,0.4348788713539119,0.2725798480775611,0.0,1.0,0.2677445099503128,0.23816788536190348,0.0,1.0,18,0.15722266560255388,9.860335195530727,18
934,1254,1149,12.995747982174894,99.49920255183413,9,8,7,1,918,0.7326416600159616,335,1086,0.8667198723064645,0.9357298474945533,859,227,0.9357298474945533,0.6776119402985075,0.8667198723064645,178,1068,6.0,0.007182761372705506,0.006384676775738229,0.00558659217877095,0.0007980845969672786,0.4201265627411638,0.23448383133694872,0.0,1.0,0.4090909090909091,0.28030312561911797,0.0,1.0,0.4347121469362556,0.2726659435423916,0.0,1.0,0.2662962391315532,0.23762488927322029,0.0,1.0,18,0.1594896331738437,9.870813397129186,18
935,1252,1148,12.975124163967996,99.0591054313099,10,12,10,2,944,0.7527910685805422,310,1079,0.8604465709728868,0.926906779661017,875,204,0.926906779661017,0.6580645161290323,0.8604465709728868,177,1055,5.96045197740113,0.007974481658692184,0.009569377990430622,0.007974481658692184,0.001594896331738437,0.41966402143666903,0.2342928437423253,0.0,1.0,0.4092291044007008,0.2799153201931537,0.0,1.0,0.43594764505822936,0.27258493101925557,0.0,1.0,0.2653303102133361,0.2361383906721242,0.0,1.0,18,0.16134185303514376,9.891373801916933,18
936,1247,1154,12.972672290021903,98.97113071371291,7,12,9,3,916,0.731629392971246,336,1106,0.8833865814696485,0.9334061135371179,855,251,0.9334061135371179,0.7470238095238095,0.8833865814696485,179,1091,6.094972067039106,0.005591054313099041,0.009584664536741214,0.00718849840255591,0.0023961661341853034,0.4185529140905916,0.23476269886917608,0.0,1.0,0.4096800062084487,0.2801249296640501,0.0,1.0,0.43575549059678714,0.2728326995346097,0.0,1.0,0.2655405230617999,0.23604909776924238,0.0,1.0,18,0.161186848436247,9.891740176423417,18
937,1240,1153,12.99286242119488,98.68387096774194,6,13,11,2,953,0.764234161988773,294,1090,0.8740978348035284,0.9391395592864638,895,195,0.9391395592864638,0.6632653061224489,0.8740978348035284,180,1069,5.938888888888889,0.0048115477145148355,0.010425020048115477,0.008821170809943865,0.0016038492381716118,0.419302809573361,0.23533485794258327,0.0,1.0,0.4094693028095734,0.27918206234642196,0.0,1.0,0.43506763787721126,0.2729662708700787,0.0,1.0,0.2659209157127992,0.23652012170805065,0.0,1.0,18,0.1629032258064516,9.90967741935484,18
938,1237,1151,13.02524812594511,98.62409054163298,8,11,7,4,951,0.7669354838709678,289,1064,0.8580645161290322,0.9190325972660357,874,190,0.9190325972660357,0.657439446366782,0.8580645161290322,180,1042,5.788888888888889,0.0064516129032258064,0.008870967741935484,0.00564516129032258,0.0032258064516129032,0.41849427595379035,0.23580941956772167,0.0,1.0,0.4076459696977599,0.2787828136238076,0.0,1.0,0.4366182491459567,0.2739333697713965,0.0,1.0,0.2656009596578611,0.23681924570620821,0.0,1.0,18,0.16248989490703314,9.910266774454325,18
939,1236,1156,13.034652026231662,98.54773462783172,8,9,6,3,933,0.7542441390460792,304,1097,0.8868229587712207,0.9314040728831725,869,228,0.9314040728831725,0.75,0.8868229587712207,169,1071,6.337278106508876,0.0064672594987873885,0.007275666936135812,0.004850444624090542,0.002425222312045271,0.41836308591711036,0.23519480481682925,0.0,1.0,0.4082628666875457,0.27877304076219755,0.0,1.0,0.4360580436371229,0.27425127953834527,0.0,1.0,0.26508508195009917,0.23690254385036533,0.0,1.0,18,0.16181229773462782,9.910194174757281,18
940,1233,1158,13.072075448910445,98.56447688564477,7,10,8,2,926,0.7491909385113269,310,1064,0.86084142394822,0.9190064794816415,851,213,0.9190064794816415,0.6870967741935484,0.86084142394822,165,1031,6.248484848484848,0.0056634304207119745,0.008090614886731391,0.006472491909385114,0.0016181229773462784,0.4196164612929388,0.23467494385631135,0.0,1.0,0.40755566020458883,0.2792014194134678,0.0,1.0,0.43513068048033904,0.2738144756118851,0.0,1.0,0.2653114616853727,0.23656408168612658,0.0,1.0,18,0.16220600162206,9.911597729115977,18
941,1232,1165,13.079309601411572,98.59577922077922,9,10,6,4,939,0.7615571776155717,294,1033,0.83779399837794,0.9052183173588925,850,183,0.9052183173588925,0.6224489795918368,0.83779399837794,175,1015,5.8,0.0072992700729927005,0.008110300081103,0.004866180048661801,0.0032441200324412004,0.4202974444909928,0.23485834513174414,0.0,1.0,0.4075198994553833,0.27926349845796766,0.0,1.0,0.4366883116883117,0.2741785809813877,0.0,1.0,0.26489840804356934,0.23654036682864701,0.0,1.0,18,0.16396103896103897,9.93262987012987,18
942,1226,1171,13.172932655752533,98.92169657422512,2,8,7,1,894,0.7256493506493507,338,1025,0.8319805194805194,0.8959731543624161,801,224,0.8959731543624161,0.6627218934911243,0.8319805194805194,179,1010,5.64245810055866,0.0016233766233766235,0.006493506493506494,0.005681818181818182,0.0008116883116883117,0.42088091353996737,0.23523452833974706,0.0,1.0,0.4069094353523128,0.2793182361750915,0.0,1.0,0.4374046203231069,0.27394526052037577,0.0,1.0,0.26524759248539703,0.23698689250891006,0.0,1.0,18,0.1639477977161501,9.935562805872756,18
943,1224,1179,13.17137644656356,98.9468954248366,7,9,7,2,928,0.7569331158238173,298,1045,0.8523654159869495,0.9137931034482759,848,197,0.9137931034482759,0.6610738255033557,0.8523654159869495,178,1031,5.792134831460674,0.005709624796084829,0.00734094616639478,0.005709624796084829,0.0016313213703099511,0.4206462154754375,0.23476447925661886,0.0,1.0,0.4062038794012228,0.2792801979865724,0.0,1.0,0.43738140417457305,0.2739884709913917,0.0,1.0,0.2653120387940122,0.2376370110226407,0.0,1.0,18,0.1650326797385621,9.948529411764707,18
944,1225,1180,13.20232592595896,98.94122448979591,9,8,5,3,904,0.738562091503268,320,1039,0.8488562091503268,0.9137168141592921,826,213,0.9137168141592921,0.665625,0.8488562091503268,176,1016,5.7727272727272725,0.007352941176470588,0.006535947712418301,0.004084967320261438,0.0024509803921568627,0.419302172481896,0.23448206779946554,0.0,1.0,0.4074259381171823,0.27921473398665037,0.0,1.0,0.43755102040816324,0.27374857530117175,0.0,1.0,0.2652797893350889,0.23800353443832994,0.0,1.0,18,0.16489795918367348,9.95591836734694,18
945,1228,1185,13.163202896023325,98.68322475570032,10,7,6,1,903,0.7371428571428571,322,1029,0.84,0.9224806201550387,833,196,0.9224806201550387,0.6086956521739131,0.84,176,1010,5.738636363636363,0.00816326530612245,0.005714285714285714,0.004897959183673469,0.0008163265306122449,0.42001155826415887,0.23447480687799596,0.0,1.0,0.4073500052537565,0.27919149183348757,0.0,1.0,0.43719134180939373,0.27320368371550585,0.0,1.0,0.2653935063570453,0.2383941219943487,0.0,1.0,18,0.16612377850162866,9.969055374592834,18
946,1216,1191,13.251678846736663,98.76973684210526,3,15,11,4,929,0.756514657980456,299,1048,0.8534201954397395,0.9268030139935415,861,187,0.9268030139935415,0.6254180602006689,0.8534201954397395,176,1030,5.8522727272727275,0.0024429967426710096,0.012214983713355049,0.008957654723127036,0.003257328990228013,0.4189834465195246,0.23413397558276833,0.0,1.0,0.4076825127334465,0.2791190808253895,0.0,1.0,0.4356960950764006,0.272675607335199,0.0,1.0,0.2647761035653651,0.23820044349381467,0.0,1.0,18,0.16611842105263158,9.966282894736842,18
947,1216,1199,13.265157465426574,98.87993421052632,6,6,5,1,920,0.756578947368421,296,1069,0.8791118421052632,0.941304347826087,866,203,0.941304347826087,0.6858108108108109,0.8791118421052632,169,1046,6.189349112426036,0.004934210526315789,0.004934210526315789,0.004111842105263158,0.0008223684210526315,0.41903650254668934,0.23379023835523438,0.0,1.0,0.4078151528013582,0.27916598139409987,0.0,1.0,0.43482067062818336,0.2721439896777378,0.0,1.0,0.26413943123938877,0.2376240667728578,0.0,1.0,18,0.16611842105263158,9.970394736842104,18
948,1218,1205,13.337473780133863,99.17898193760263,5,3,3,0,863,0.709703947368421,353,1069,0.8791118421052632,0.9258400926998841,799,270,0.9258400926998841,0.7648725212464589,0.8791118421052632,167,1042,6.2395209580838324,0.004111842105263158,0.0024671052631578946,0.0024671052631578946,0.0,0.4186397584617829,0.2331672059500721,0.0,1.0,0.4083373060013772,0.2791273300860424,0.0,1.0,0.43455691509084166,0.2723788016017018,0.0,1.0,0.2638381270194396,0.2375388091441375,0.0,1.0,18,0.16666666666666666,9.967980295566502,18
949,1217,1216,13.347526852379264,99.12325390304026,7,8,6,2,908,0.7454844006568144,310,1022,0.8390804597701149,0.9107929515418502,827,195,0.9107929515418502,0.6290322580645161,0.8390804597701149,164,997,6.079268292682927,0.005747126436781609,0.006568144499178982,0.0049261083743842365,0.0016420361247947454,0.4181355527871286,0.23352283520493458,0.0,1.0,0.4072680043470194,0.27905701347989903,0.0,1.0,0.43390675113314076,0.27230210681371503,0.0,1.0,0.26479709491875847,0.23888882744853315,0.0,1.0,18,0.16598192276088744,9.966310599835662,18
950,1216,1220,13.427646014261624,99.58470394736842,8,9,3,6,921,0.7567789646672145,296,1058,0.8693508627773213,0.9391965255157437,865,193,0.9391965255157437,0.652027027027027,0.8693508627773213,173,1035,5.982658959537572,0.00657354149548069,0.007395234182415777,0.0024650780608052587,0.0049301561216105174,0.41757746179966043,0.23319179452276867,0.0,1.0,0.40617041595925296,0.2795006404048399,0.0,1.0,0.43431663837011886,0.2730056534688673,0.0,1.0,0.2654658319185059,0.23942705340707074,0.0,1.0,18,0.1669407894736842,9.958881578947368,18
951,1222,1216,13.468523552788906,99.65548281505728,10,4,1,3,925,0.7606907894736842,291,1072,0.881578947368421,0.9351351351351351,865,207,0.9351351351351351,0.711340206185567,0.881578947368421,179,1047,5.849162011173185,0.008223684210526315,0.003289473684210526,0.0008223684210526315,0.0024671052631578946,0.4170846312232723,0.23252091745712009,0.0,1.0,0.40560160498389736,0.2791722630989146,0.0,1.0,0.433028879151048,0.2717022732534507,0.0,1.0,0.2653239005332348,0.23941565425075648,0.0,1.0,18,0.16775777414075285,9.963175122749591,18
952,1216,1225,13.534587902665066,99.87006578947368,3,9,6,3,935,0.765139116202946,287,1048,0.8576104746317512,0.9219251336898395,862,186,0.9219251336898395,0.6480836236933798,0.8576104746317512,177,1034,5.84180790960452,0.0024549918166939444,0.007364975450081833,0.004909983633387889,0.0024549918166939444,0.41747134974533107,0.2324521803222198,0.0,1.0,0.4053480475382003,0.2790607425481777,0.0,1.0,0.43288412563667233,0.2714995835032234,0.0,1.0,0.26485568760611206,0.23912506243323392,0.0,1.0,18,0.1669407894736842,9.970394736842104,18
953,1215,1233,13.529933028074426,99.759670781893,6,7,6,1,895,0.7360197368421053,321,1059,0.8708881578947368,0.9251396648044693,828,231,0.9251396648044693,0.719626168224299,0.8708881578947368,174,1041,5.982758620689655,0.004934210526315789,0.005756578947368421,0.004934210526315789,0.0008223684210526315,0.4167529536705164,0.23187147102361053,0.0,1.0,0.4054161688570291,0.27927894082375454,0.0,1.0,0.4344086021505376,0.2718827987366048,0.0,1.0,0.2641178813221824,0.23825685074505937,0.0,1.0,18,0.1662551440329218,9.983539094650206,18
954,1217,1238,13.559320889241794,100.05916187345933,7,5,3,2,900,0.7407407407407407,315,1068,0.8790123456790123,0.9277777777777778,835,233,0.9277777777777778,0.7396825396825397,0.8790123456790123,173,1046,6.046242774566474,0.005761316872427984,0.00411522633744856,0.0024691358024691358,0.0016460905349794238,0.41702229172741007,0.2318275963820021,0.0,1.0,0.4057306438359795,0.27925269286960047,0.0,1.0,0.4342778381530469,0.2723134231034318,0.0,1.0,0.26431998303602194,0.2388158846230387,0.0,1.0,18,0.1676253081347576,9.981101068200493,18
955,1222,1249,13.501250127140102,99.97626841243863,9,4,4,0,931,0.7649958915365653,286,1054,0.8660640920295809,0.916219119226638,853,201,0.916219119226638,0.7027972027972028,0.8660640920295809,170,1035,6.088235294117647,0.007395234182415777,0.003286770747740345,0.003286770747740345,0.0,0.41626630061770764,0.23144880593467246,0.0,1.0,0.40549601393801804,0.2793682878729328,0.0,1.0,0.4344543582704187,0.2727249360588567,0.0,1.0,0.2646639564964891,0.2387634199536883,0.0,1.0,18,0.16612111292962356,9.981178396072012,18
956,1226,1258,13.457792280398149,100.03915171288745,12,8,3,5,929,0.7602291325695582,293,1077,0.881342062193126,0.9386437029063509,872,205,0.9386437029063509,0.6996587030716723,0.881342062193126,170,1056,6.211764705882353,0.009819967266775777,0.006546644844517185,0.0024549918166939444,0.004091653027823241,0.41514497710887754,0.23204469441854092,0.0,1.0,0.4054886070620428,0.2794032372513558,0.0,1.0,0.434510340472557,0.2728948310847361,0.0,1.0,0.26487922959532706,0.23885634579905793,0.0,1.0,18,0.16802610114192496,9.98531810766721,18
957,1222,1264,13.513725660749692,100.21603927986907,4,8,7,1,910,0.7422512234910277,316,1078,0.8792822185970636,0.9428571428571428,858,220,0.9428571428571428,0.6962025316455697,0.8792822185970636,164,1048,6.390243902439025,0.0032626427406199023,0.0065252854812398045,0.005709624796084829,0.0008156606851549756,0.4155271632965524,0.23221280737575534,0.0,1.0,0.4045720922865741,0.2795479516370838,0.0,1.0,0.4355102687292118,0.2727580993512588,0.0,1.0,0.2645583654506098,0.23885545896370539,0.0,1.0,18,0.1685761047463175,9.990180032733225,18
958,1227,1256,13.498019209836551,99.77343113284434,14,9,4,5,971,0.7945990180032734,251,1061,0.8682487725040916,0.9196704428424305,893,168,0.9196704428424305,0.6693227091633466,0.8682487725040916,170,1023,6.017647058823529,0.011456628477905073,0.007364975450081833,0.0032733224222585926,0.004091653027823241,0.4152272787023162,0.23267255236090487,0.0,1.0,0.40439571995688406,0.2795362229806567,0.0,1.0,0.4362068512238084,0.2726323901721217,0.0,1.0,0.26416384047112024,0.23881554951542566,0.0,1.0,18,0.17033414832925836,9.995925020374898,18
959,1230,1264,13.37772750864393,98.9308943089431,15,12,8,4,936,0.7628361858190709,291,1076,0.8769356153219234,0.9305555555555556,871,205,0.9305555555555556,0.7044673539518901,0.8769356153219234,171,1055,6.169590643274854,0.012224938875305624,0.009779951100244499,0.006519967400162999,0.0032599837000814994,0.41605035405192764,0.23313406188427727,0.0,1.0,0.4038552321007081,0.2788766117612975,0.0,1.0,0.4373983739837398,0.2732348793436318,0.0,1.0,0.2617099396800419,0.23786556951695978,0.0,1.0,18,0.16991869918699187,10.028455284552846,18
960,1233,1269,13.24572310515827,97.98540145985402,15,12,10,2,950,0.7723577235772358,280,1058,0.8601626016260162,0.9252631578947368,879,179,0.9252631578947368,0.6392857142857142,0.8601626016260162,165,1028,6.2303030303030305,0.012195121951219513,0.00975609756097561,0.008130081300813009,0.0016260162601626016,0.4150380660858645,0.2326976825815893,0.0,1.0,0.40423305339716925,0.279960616175541,0.0,1.0,0.43821782696282346,0.2739089143309086,0.0,1.0,0.2607069042199723,0.23718393754903308,0.0,1.0,18,0.1678832116788321,10.05271695052717,18
961,1235,1266,13.208464750750359,97.651012145749,9,7,7,0,985,0.7988645579886455,248,1095,0.8880778588807786,0.9360406091370559,922,173,0.9360406091370559,0.6975806451612904,0.8880778588807786,176,1068,6.068181818181818,0.0072992700729927005,0.0056772100567721,0.0056772100567721,0.0,0.41381742196682775,0.23277120352779854,0.0,1.0,0.40616429410996474,0.28037986200056936,0.0,1.0,0.43857907796787254,0.27426825608719974,0.0,1.0,0.2609638239519394,0.2368358510259825,0.0,1.0,18,0.16680161943319838,10.063157894736841,18
962,1236,1264,13.25229809728215,97.55501618122977,8,7,5,2,924,0.7481781376518218,311,1060,0.8582995951417004,0.9296536796536796,859,201,0.9296536796536796,0.6463022508038585,0.8582995951417004,176,1034,5.875,0.006477732793522267,0.005668016194331984,0.004048582995951417,0.0016194331983805667,0.4133521244388767,0.2328426670934579,0.0,1.0,0.4050527194905522,0.2802942519986193,0.0,1.0,0.43780666040296484,0.27395946761617485,0.0,1.0,0.2616139471761144,0.23676493790655873,0.0,1.0,18,0.16666666666666666,10.063915857605178,18
963,1239,1263,13.295297907803574,97.89184826472962,7,4,2,2,954,0.7718446601941747,282,1082,0.8754045307443366,0.9308176100628931,888,194,0.9308176100628931,0.6879432624113475,0.8754045307443366,179,1060,5.921787709497207,0.0056634304207119745,0.003236245954692557,0.0016181229773462784,0.0016181229773462784,0.41373115676013433,0.23295596930468923,0.0,1.0,0.40529563383581974,0.28017603762847926,0.0,1.0,0.4373714493998802,0.2744931882746176,0.0,1.0,0.26095446379754744,0.23635737697539486,0.0,1.0,18,0.16626311541565778,10.076674737691686,18
964,1243,1269,13.187299489554428,97.35237329042639,14,10,7,3,951,0.7675544794188862,288,1040,0.8393866020984665,0.9169295478443743,872,168,0.9169295478443743,0.5833333333333334,0.8393866020984665,171,1017,5.947368421052632,0.011299435028248588,0.008071025020177562,0.005649717514124294,0.002421307506053269,0.41380115744945895,0.2321211228716172,0.0,1.0,0.4056782498118496,0.27973821065895904,0.0,1.0,0.4384034463965952,0.2742512743091167,0.0,1.0,0.2608673085407313,0.2357452811714217,0.0,1.0,18,0.16733708769107,10.089300080450522,18
965,1241,1272,13.132616618743306,96.34730056406124,14,16,11,5,924,0.7433628318584071,319,1071,0.8616251005631537,0.9285714285714286,858,213,0.9285714285714286,0.6677115987460815,0.8616251005631537,179,1053,5.88268156424581,0.011263073209975865,0.012872083668543845,0.008849557522123894,0.004022526146419952,0.4141041303839255,0.2326290436882114,0.0,1.0,0.4050323620389384,0.2798748544120973,0.0,1.0,0.4388500428894492,0.2735973201316161,0.0,1.0,0.25996204933586337,0.23417667392332725,0.0,0.9032258064516129,18,0.16680096696212732,10.102336825141016,18
966,1241,1274,13.15194933650286,96.348106365834,6,6,6,0,922,0.7429492344883158,319,1069,0.8614020950846092,0.9273318872017353,855,214,0.9273318872017353,0.670846394984326,0.8614020950846092,174,1045,6.005747126436781,0.004834810636583401,0.004834810636583401,0.004834810636583401,0.0,0.41496191936783555,0.2328539715283204,0.0,1.0,0.4048244131943542,0.2801426348094098,0.0,1.0,0.4388760364950222,0.2737410039248207,0.0,1.0,0.26068987029190815,0.23560471025781812,0.0,0.9032258064516129,18,0.1643835616438356,10.10958904109589,18
967,1239,1280,13.23074779476749,96.48426150121065,7,9,5,4,877,0.7066881547139404,364,1038,0.8364222401289283,0.9167616875712656,804,234,0.9167616875712656,0.6428571428571429,0.8364222401289283,174,1018,5.850574712643678,0.0056406124093473006,0.007252215954875101,0.0040290088638195,0.0032232070910556,0.4158660730557942,0.2328787396709259,0.0,1.0,0.40448853133380197,0.2799649306175739,0.0,1.0,0.438412871983129,0.27354923065537834,0.0,1.0,0.2606680725871541,0.23603179745835037,0.0,0.9032258064516129,18,0.162227602905569,10.134786117836965,19
968,1240,1281,13.242835505868491,96.33870967741936,8,7,6,1,922,0.7441485068603713,317,1040,0.8393866020984665,0.9067245119305857,836,204,0.9067245119305857,0.6435331230283912,0.8393866020984665,184,1025,5.570652173913044,0.00645682001614205,0.005649717514124294,0.004842615012106538,0.0008071025020177562,0.4170915712799168,0.23351078505582726,0.0,1.0,0.4030697190426639,0.27977722152776485,0.0,1.0,0.43870967741935485,0.27392653951694246,0.0,1.0,0.26105619146722164,0.23661924395229506,0.0,0.9032258064516129,18,0.16370967741935483,10.136290322580646,19
969,1241,1278,13.335045703053124,96.75423045930701,6,5,3,2,918,0.7403225806451613,322,1057,0.8524193548387097,0.9313725490196079,855,202,0.9313725490196079,0.6273291925465838,0.8524193548387097,183,1037,5.666666666666667,0.004838709677419355,0.004032258064516129,0.0024193548387096775,0.0016129032258064516,0.41748329910841936,0.23390997322506926,0.0,1.0,0.40290088638195004,0.2795897396929084,0.0,1.0,0.43749837539965175,0.27336226681237136,0.0,1.0,0.2612357360089418,0.2372842853695379,0.0,0.9032258064516129,18,0.1643835616438356,10.14262691377921,19
970,1236,1289,13.279726351962317,96.62297734627832,8,13,9,4,955,0.7695406929895245,286,1064,0.8573730862207897,0.9162303664921466,875,189,0.9162303664921466,0.6608391608391608,0.8573730862207897,169,1044,6.177514792899408,0.0064464141821112,0.010475423045930701,0.007252215954875101,0.0032232070910556,0.41768451821693287,0.23452061941899818,0.0,1.0,0.4041653617287817,0.28001314687486567,0.0,1.0,0.4387723144378328,0.2737589749324136,0.0,1.0,0.2609353794759369,0.23684524112315192,0.0,0.9032258064516129,18,0.16423948220064724,10.13915857605178,19
971,1235,1289,13.308906646077498,96.41133603238866,9,10,7,3,940,0.7605177993527508,296,1070,0.8656957928802589,0.9382978723404255,882,188,0.9382978723404255,0.6351351351351351,0.8656957928802589,175,1045,5.9714285714285715,0.007281553398058253,0.008090614886731391,0.0056634304207119745,0.0024271844660194173,0.41713464803447825,0.2339618514399641,0.0,1.0,0.40274258848112837,0.2807882181065118,0.0,1.0,0.4392059553349876,0.27427582551605584,0.0,1.0,0.2621653389055766,0.2378193075794794,0.0,0.9032258064516129,18,0.16356275303643725,10.131174089068827,19
972,1242,1290,13.23674255353483,96.27697262479872,11,4,4,0,929,0.7522267206477733,306,1078,0.8728744939271255,0.9289558665231432,863,215,0.9289558665231432,0.7026143790849673,0.8728744939271255,175,1054,6.022857142857143,0.008906882591093117,0.0032388663967611335,0.0032388663967611335,0.0,0.4160303360864371,0.2335235416428271,0.0,1.0,0.4023946807958028,0.28091177034615694,0.0,1.0,0.44075632434678713,0.2741459079925088,0.0,1.0,0.2603760843592541,0.236156141605028,0.0,0.9032258064516129,18,0.16586151368760063,10.144122383252817,19
973,1242,1291,13.207236522943623,96.00080515297907,10,10,8,2,917,0.7383252818035426,325,1051,0.8462157809983897,0.925845147219193,849,202,0.925845147219193,0.6215384615384615,0.8462157809983897,172,1024,5.953488372093023,0.008051529790660225,0.008051529790660225,0.00644122383252818,0.001610305958132045,0.41514726507713884,0.2333872764742058,0.0,1.0,0.40249857150277907,0.28090311078466995,0.0,1.0,0.44049659757934656,0.2746210139746504,0.0,1.0,0.2597007947639084,0.23501308918328573,0.0,0.9032258064516129,18,0.16586151368760063,10.154589371980677,19
974,1242,1299,13.202408015688132,95.81642512077295,9,9,6,3,879,0.7077294685990339,363,1056,0.8502415458937198,0.9135381114903299,803,253,0.9135381114903299,0.696969696969697,0.8502415458937198,166,1030,6.204819277108434,0.007246376811594203,0.007246376811594203,0.004830917874396135,0.0024154589371980675,0.4149914290166744,0.2336893578229932,0.0,1.0,0.40151160978650463,0.2804062494237365,0.0,1.0,0.440678406316555,0.274611533322855,0.0,1.0,0.25985663082437277,0.23429070658949708,0.0,0.9032258064516129,18,0.16586151368760063,10.157809983896941,19
975,1242,1302,13.201299078051177,95.73027375201288,7,7,6,1,923,0.7431561996779388,319,1093,0.8800322061191627,0.9154929577464789,845,248,0.9154929577464789,0.7774294670846394,0.8800322061191627,171,1067,6.239766081871345,0.005636070853462158,0.005636070853462158,0.004830917874396135,0.0008051529790660225,0.4153031011376032,0.23378816436506455,0.0,1.0,0.40081034751441486,0.2796111503700897,0.0,1.0,0.4388862916212145,0.27560494207460545,0.0,1.0,0.2594670406732118,0.23391937432209012,0.0,0.9032258064516129,18,0.16747181964573268,10.162640901771336,19
976,1239,1307,13.194265425825298,95.81033091202583,5,8,7,1,959,0.7721417069243156,283,1077,0.8671497584541062,0.9280500521376434,890,187,0.9280500521376434,0.6607773851590106,0.8671497584541062,183,1065,5.819672131147541,0.004025764895330112,0.00644122383252818,0.005636070853462158,0.0008051529790660225,0.4152151839412638,0.23357210062718767,0.0,1.0,0.4023536150381421,0.2796872945710656,0.0,1.0,0.4385951209351974,0.2747725719578236,0.0,1.0,0.25887161863105,0.2338337732037842,0.0,0.9032258064516129,18,0.16707021791767554,10.17998385794996,19
977,1243,1315,13.095891778931374,95.33950120675784,12,8,7,1,949,0.7659402744148507,290,1062,0.8571428571428571,0.9178082191780822,871,191,0.9178082191780822,0.6586206896551724,0.8571428571428571,177,1047,5.915254237288136,0.009685230024213076,0.00645682001614205,0.005649717514124294,0.0008071025020177562,0.41546207147120645,0.23382212162486277,0.0,1.0,0.4029273609633301,0.27959614120804477,0.0,1.0,0.43707990553551496,0.27381310178027796,0.0,1.0,0.2589209249214958,0.23419457983195988,0.0,0.9032258064516129,18,0.16733708769107,10.208366854384554,19
978,1243,1310,13.12110300056138,95.1206757843926,10,10,8,2,883,0.7103781174577635,360,1058,0.8511665325824618,0.9071347678369196,801,257,0.9071347678369196,0.7138888888888889,0.8511665325824618,173,1026,5.930635838150289,0.008045052292839904,0.008045052292839904,0.006436041834271922,0.0016090104585679806,0.41380115744945895,0.23304616058846428,0.0,1.0,0.4038356733189733,0.2805491467082828,0.0,1.0,0.4373134715698233,0.2747882699665472,0.0,1.0,0.25897282848467545,0.2333492507461545,0.0,0.9032258064516129,17,0.16572807723250202,10.205148833467417,19
979,1244,1314,13.114648443596641,95.15192926045016,8,7,5,2,920,0.7401448109412712,323,1071,0.8616251005631537,0.9195652173913044,846,225,0.9195652173913044,0.6965944272445821,0.8616251005631537,175,1050,6.0,0.006436041834271922,0.0056315366049879325,0.004022526146419952,0.0016090104585679806,0.41222383570169063,0.23209458492044208,0.0,1.0,0.4043149050928327,0.2801756603318565,0.0,1.0,0.43683227880925213,0.27472968196120706,0.0,1.0,0.25850534176952594,0.23252407809921768,0.0,0.9032258064516129,17,0.1647909967845659,10.205787781350482,19
980,1249,1314,13.139493401826137,95.3306645316253,9,4,2,2,909,0.7307073954983923,335,1051,0.844855305466238,0.911991199119912,829,222,0.911991199119912,0.6626865671641791,0.844855305466238,181,1032,5.701657458563536,0.007234726688102894,0.003215434083601286,0.001607717041800643,0.001607717041800643,0.4132079857434335,0.23218001140394107,0.0,1.0,0.40406518763397814,0.2799386192486827,0.0,1.0,0.43727885534233835,0.27514920703482687,0.0,1.0,0.259045946434567,0.2328611407564198,0.0,0.9032258064516129,17,0.16253002401921537,10.21857485988791,19
981,1252,1320,13.156369969369475,95.39776357827476,9,6,3,3,932,0.7461969575660529,317,1047,0.8382706164931946,0.9066523605150214,845,202,0.9066523605150214,0.637223974763407,0.8382706164931946,176,1029,5.846590909090909,0.007205764611689352,0.004803843074459567,0.0024019215372297837,0.0024019215372297837,0.4129908275790992,0.2329808546450316,0.0,1.0,0.40430794599608366,0.28039289081700014,0.0,1.0,0.4380603936926724,0.27494427841773145,0.0,1.0,0.25809028135628154,0.23248933399917335,0.0,0.9032258064516129,17,0.1621405750798722,10.225239616613418,19
982,1259,1317,13.097002130375346,95.0746624305004,15,8,5,3,911,0.7276357827476039,341,1094,0.8738019169329073,0.9242590559824369,842,252,0.9242590559824369,0.7390029325513197,0.8738019169329073,183,1074,5.868852459016393,0.011980830670926517,0.006389776357827476,0.003993610223642172,0.0023961661341853034,0.4121806861564477,0.23306654013350822,0.0,1.0,0.4047246918957698,0.2804953973719845,0.0,1.0,0.438955648364037,0.27508347277346573,0.0,1.0,0.25627097799072485,0.23126227414988887,0.0,0.9032258064516129,17,0.16123907863383638,10.241461477362986,19
983,1262,1326,13.034213882452296,94.80348652931855,12,9,6,3,924,0.7339158061953932,335,1085,0.8617950754567116,0.922077922077922,852,233,0.922077922077922,0.6955223880597015,0.8617950754567116,173,1067,6.167630057803469,0.009531374106433678,0.007148530579825258,0.004765687053216839,0.0023828435266084196,0.412581156382598,0.23310372200159468,0.0,1.0,0.40519400848627374,0.27973880944381946,0.0,1.0,0.43852563774858133,0.2745733617140974,0.0,1.0,0.2553550431982005,0.2315879244316043,0.0,0.9032258064516129,17,0.16164817749603805,10.270998415213946,19
984,1263,1335,13.017419342076826,94.89073634204276,7,6,5,1,913,0.7234548335974643,349,1093,0.8660855784469097,0.9342825848849945,853,240,0.9342825848849945,0.6876790830945558,0.8660855784469097,170,1072,6.305882352941176,0.005546751188589541,0.004754358161648178,0.003961965134706815,0.000792393026941363,0.4124843562434552,0.23293070683440528,0.0,1.0,0.40655888437667614,0.2800423904934304,0.0,1.0,0.4383061323525656,0.27458139300904877,0.0,1.0,0.2548719127525349,0.2311784216339611,0.0,0.9032258064516129,17,0.16152019002375298,10.28978622327791,19
985,1256,1343,13.004420349055222,94.70541401273886,6,13,11,2,953,0.7545526524148852,310,1080,0.8551068883610451,0.9055613850996852,863,217,0.9055613850996852,0.7,0.8551068883610451,174,1062,6.103448275862069,0.004750593824228029,0.010292953285827395,0.00870942201108472,0.001583531274742676,0.41200945140743783,0.23286694887278278,0.0,1.0,0.40646188617218,0.2804335937157751,0.0,1.0,0.43905383192931996,0.2751145065970527,0.0,1.0,0.2553934662009451,0.23069818921233218,0.0,0.9032258064516129,17,0.16162420382165604,10.284235668789808,19
986,1256,1341,13.050017250328597,94.79140127388536,6,6,5,1,942,0.75,314,1092,0.8694267515923567,0.9341825902335457,880,212,0.9341825902335457,0.6751592356687898,0.8694267515923567,179,1069,5.972067039106145,0.004777070063694267,0.004777070063694267,0.003980891719745223,0.0007961783439490446,0.41244606533799055,0.2330065711350107,0.0,1.0,0.4063591534826382,0.28099551743180035,0.0,1.0,0.439850010273269,0.27526559909949677,0.0,1.0,0.2551366344770906,0.23084585687178757,0.0,0.9032258064516129,17,0.16162420382165604,10.294585987261147,19
987,1257,1347,13.054050210425464,94.94033412887828,9,8,4,4,930,0.7404458598726115,326,1088,0.8662420382165605,0.921505376344086,857,231,0.921505376344086,0.7085889570552147,0.8662420382165605,179,1073,5.994413407821229,0.007165605095541401,0.006369426751592357,0.0031847133757961785,0.0031847133757961785,0.41150204018785125,0.23345370137396634,0.0,1.0,0.40506069238073245,0.2809839600766815,0.0,1.0,0.4416300972617856,0.2760206370849288,0.0,1.0,0.2551133009982806,0.23073397032685528,0.0,0.9032258064516129,17,0.15990453460620524,10.295147175815433,19
988,1250,1352,13.034142435685993,94.4952,8,15,12,3,954,0.7589498806682577,303,1116,0.8878281622911695,0.939203354297694,896,220,0.939203354297694,0.7260726072607261,0.8878281622911695,170,1091,6.41764705882353,0.006364359586316627,0.011933174224343675,0.00954653937947494,0.002386634844868735,0.4118193548387097,0.23221825608667715,0.0,1.0,0.4065032258064516,0.280726865081267,0.0,1.0,0.43883870967741934,0.274239813933546,0.0,1.0,0.254683870967742,0.2309123581101533,0.0,0.9032258064516129,17,0.1592,10.316,19
989,1251,1360,13.023811715222458,94.46762589928058,7,6,5,1,940,0.752,310,1095,0.876,0.9329787234042554,877,218,0.9329787234042554,0.7032258064516129,0.876,170,1073,6.311764705882353,0.0056,0.0048,0.004,0.0008,0.41208323663649726,0.23267061447867465,0.0,1.0,0.40625564064877134,0.2805555246859347,0.0,1.0,0.4394935664371728,0.2741611947702823,0.0,1.0,0.25460921585312396,0.23092880977331437,0.0,0.9032258064516129,17,0.15907274180655476,10.33093525179856,19
990,1254,1364,12.980472744485544,94.03508771929825,13,10,7,3,925,0.7394084732214229,326,1103,0.8816946442845723,0.9351351351351351,865,238,0.9351351351351351,0.7300613496932515,0.8816946442845723,170,1077,6.3352941176470585,0.010391686650679457,0.007993605115907274,0.005595523581135092,0.002398081534772182,0.41271801203889485,0.23269988263724387,0.0,1.0,0.40700725420589595,0.280655521631089,0.0,1.0,0.4386993877656017,0.2736930444836126,0.0,1.0,0.25454030971857794,0.23168333489784954,0.0,0.9032258064516129,17,0.15709728867623604,10.351674641148325,19
991,1249,1365,13.052404972388164,94.13210568454764,9,14,7,7,928,0.7400318979266348,326,1060,0.8452950558213717,0.9116379310344828,846,214,0.9116379310344828,0.656441717791411,0.8452950558213717,176,1037,5.892045454545454,0.007177033492822967,0.011164274322169059,0.005582137161084529,0.005582137161084529,0.41483509388155687,0.23286764603325458,0.0,1.0,0.4052790619592448,0.28028629083314954,0.0,1.0,0.4385960381208192,0.2739783004972858,0.0,1.0,0.2541387949068933,0.23142677682436122,0.0,0.9032258064516129,17,0.15692554043234588,10.358686949559647,19
992,1249,1376,12.96602570411046,93.54203362690153,10,10,10,0,966,0.7734187349879904,283,1057,0.8462770216172938,0.9089026915113871,878,179,0.9089026915113871,0.6325088339222615,0.8462770216172938,172,1040,6.046511627906977,0.008006405124099279,0.008006405124099279,0.008006405124099279,0.0,0.4146284769751285,0.23280271402148534,0.0,1.0,0.40422015031379943,0.2805059768960844,0.0,1.0,0.43727885534233835,0.2731282110253409,0.0,1.0,0.2559466928381415,0.23261373373953664,0.0,0.9032258064516129,17,0.15692554043234588,10.365892714171338,19
993,1246,1382,13.00695299007188,93.58105939004815,6,9,5,4,939,0.7518014411529224,310,1053,0.8430744595676541,0.8998935037273695,845,208,0.8998935037273695,0.6709677419354839,0.8430744595676541,171,1030,6.023391812865497,0.004803843074459567,0.007205764611689352,0.0040032025620496394,0.0032025620496397116,0.4144358722104282,0.23280825670607924,0.0,1.0,0.40400248537254696,0.28061694602609294,0.0,1.0,0.4383058043804691,0.27360578675541397,0.0,1.0,0.256562936881893,0.23231318089394234,0.0,0.9032258064516129,17,0.1581059390048154,10.360353130016051,19
994,1252,1382,12.968546091807633,93.36421725239616,12,6,4,2,953,0.7648475120385233,293,1098,0.8812199036918138,0.9359916054564533,892,206,0.9359916054564533,0.7030716723549488,0.8812199036918138,176,1074,6.1022727272727275,0.009630818619582664,0.004815409309791332,0.0032102728731942215,0.0016051364365971107,0.41456250644130677,0.23273117510510963,0.0,1.0,0.403148510769865,0.28028823816556775,0.0,1.0,0.43777697619293005,0.27327609500380873,0.0,1.0,0.2578326290837885,0.23401074285067455,0.0,0.9032258064516129,17,0.15894568690095848,10.375399361022364,19
995,1251,1391,13.02978533525369,93.89288569144684,4,5,3,2,919,0.7340255591054313,333,1089,0.8698083067092651,0.9368879216539717,861,228,0.9368879216539717,0.6846846846846847,0.8698083067092651,170,1068,6.2823529411764705,0.003194888178913738,0.003993610223642172,0.0023961661341853034,0.001597444089456869,0.4139398158892241,0.2326854798899994,0.0,1.0,0.40305819860240844,0.280088177532145,0.0,1.0,0.43601248033831,0.272559110201763,0.0,1.0,0.2584770892963049,0.2341697286116659,0.0,0.9032258064516129,17,0.15987210231814547,10.370103916866507,19
996,1249,1394,13.108017089175599,94.3138510808647,5,7,3,4,925,0.7394084732214229,326,1070,0.8553157474020784,0.9308108108108109,861,209,0.9308108108108109,0.6411042944785276,0.8553157474020784,180,1053,5.85,0.003996802557953637,0.005595523581135092,0.002398081534772182,0.0031974420463629096,0.41377618223611146,0.2325385593075207,0.0,1.0,0.40422015031379943,0.28052082703660125,0.0,1.0,0.4350835507115369,0.272819456851844,0.0,1.0,0.2583227872620677,0.23430047443771815,0.0,0.9032258064516129,17,0.16172938350680544,10.376301040832667,19
997,1255,1398,13.070163662000857,94.19442231075698,12,6,4,2,911,0.7293835068054444,338,1078,0.8630904723779024,0.9286498353457738,846,232,0.9286498353457738,0.6863905325443787,0.8630904723779024,175,1057,6.04,0.009607686148919135,0.004803843074459567,0.0032025620496397116,0.0016012810248198558,0.4152422567793343,0.2329574384955237,0.0,1.0,0.4030330291736281,0.2802471450789842,0.0,1.0,0.4351882791414985,0.2721049517681409,0.0,1.0,0.258372959773808,0.2341012082042109,0.0,0.9032258064516129,17,0.16175298804780877,10.39601593625498,19
998,1253,1401,13.140880484494314,94.51077414205906,4,6,4,2,907,0.7227091633466135,348,1113,0.8868525896414342,0.9393605292171996,852,261,0.9393605292171996,0.75,0.8868525896414342,175,1091,6.234285714285714,0.0031872509960159364,0.004780876494023904,0.0031872509960159364,0.0015936254980079682,0.41539016038925936,0.23315302800831636,0.0,1.0,0.4019514455629071,0.27967246456650025,0.0,1.0,0.43619184923924514,0.2722290020713502,0.0,1.0,0.2583219627732153,0.23429866194986484,0.0,0.9032258064516129,17,0.160415003990423,10.403830806065443,19
999,1251,1404,13.210201229120266,94.8617106314948,5,7,4,3,933,0.7446129289704708,320,1098,0.8762968874700718,0.9281886387995713,866,232,0.9281886387995713,0.725,0.8762968874700718,176,1077,6.119318181818182,0.0039904229848363925,0.00558659217877095,0.0031923383878691143,0.0023942537909018356,0.4160542533714964,0.2334067459245124,0.0,1.0,0.4003249013692272,0.27946668018434884,0.0,1.0,0.4370181274335371,0.27272310521918053,0.0,1.0,0.25837394600448677,0.23446452864079387,0.0,0.9032258064516129,17,0.15987210231814547,10.414868105515588,19
