step,population_size,food_count,average_energy,average_age,birth_count,death_count,age_death_count,energy_death_count,move_count,move_rate,non_move_count,eat_count,eat_rate,eat_per_move,eat_after_move_count,eat_without_move_count,eat_after_move_rate,eat_without_move_rate,total_eat_rate,shared_food_cell_count,shared_food_consumer_count,mean_consumers_per_shared_food,birth_rate,death_rate,age_death_rate,energy_death_rate,average_exploration_tendency,std_exploration_tendency,min_exploration_tendency,max_exploration_tendency,average_site_fidelity,std_site_fidelity,min_site_fidelity,max_site_fidelity,average_risk_tolerance,std_risk_tolerance,min_risk_tolerance,max_risk_tolerance,average_reproduction_timing,std_reproduction_timing,min_reproduction_timing,max_reproduction_timing,active_lineage_count,largest_lineage_share,average_generation,max_generation
0,100,498,9.534999999999998,1.0,0,0,0,0,53,0.53,47,2,0.02,0.018867924528301886,1,1,0.018867924528301886,0.02127659574468085,0.02,0,0,0.0,0.0,0.0,0.0,0.0,0.5483870967741935,0.29114578631087296,0.0,1.0,0.5251612903225806,0.2665960711272367,0.0,1.0,0.43129032258064515,0.2730966675049135,0.0,0.967741935483871,0.48387096774193544,0.3226129016130645,0.0,1.0,100,0.01,0.0,0
1,100,685,9.68,2.0,0,0,0,0,41,0.41,59,14,0.14,0.34146341463414637,14,0,0.34146341463414637,0.0,0.14,1,2,2.0,0.0,0.0,0.0,0.0,0.5483870967741935,0.29114578631087296,0.0,1.0,0.5251612903225806,0.2665960711272367,0.0,1.0,0.43129032258064515,0.2730966675049135,0.0,0.967741935483871,0.48387096774193544,0.3226129016130645,0.0,1.0,100,0.01,0.0,0
2,101,870,9.72277227722772,2.9702970297029703,1,0,0,0,52,0.52,48,15,0.15,0.28846153846153844,15,0,0.28846153846153844,0.0,0.15,0,0,0.0,0.01,0.0,0.0,0.0,0.5499840306611307,0.290140694563726,0.0,1.0,0.5199616735867135,0.2703208628386115,0.0,1.0,0.42957521558607475,0.2722820512633413,0.0,0.967741935483871,0.47971893963589907,0.3236858539440531,0.0,1.0,100,0.019801980198019802,0.009900990099009901,1
3,101,1042,10.516831683168315,3.9702970297029703,0,0,0,0,59,0.5841584158415841,42,29,0.2871287128712871,0.423728813559322,25,4,0.423728813559322,0.09523809523809523,0.2871287128712871,1,2,2.0,0.0,0.0,0.0,0.0,0.5499840306611307,0.290140694563726,0.0,1.0,0.5199616735867135,0.2703208628386115,0.0,1.0,0.42957521558607475,0.2722820512633413,0.0,0.967741935483871,0.47971893963589907,0.3236858539440531,0.0,1.0,100,0.019801980198019802,0.009900990099009901,1
4,101,1218,11.147524752475244,4.97029702970297,0,0,0,0,52,0.5148514851485149,49,26,0.25742574257425743,0.4423076923076923,23,3,0.4423076923076923,0.061224489795918366,0.25742574257425743,2,4,2.0,0.0,0.0,0.0,0.0,0.5499840306611307,0.290140694563726,0.0,1.0,0.5199616735867135,0.2703208628386115,0.0,1.0,0.42957521558607475,0.2722820512633413,0.0,0.967741935483871,0.47971893963589907,0.3236858539440531,0.0,1.0,100,0.019801980198019802,0.009900990099009901,1
5,103,1391,11.588349514563104,5.854368932038835,2,0,0,0,54,0.5346534653465347,47,28,0.27722772277227725,0.5,27,1,0.5,0.02127659574468085,0.27722772277227725,1,2,2.0,0.019801980198019802,0.0,0.0,0.0,0.5537112433448168,0.28856331245328626,0.0,1.0,0.510178515502662,0.2765734696016239,0.0,1.0,0.4278108362041967,0.27015078121759406,0.0,0.967741935483871,0.47103037895396177,0.32645155737863735,0.0,1.0,100,0.02912621359223301,0.02912621359223301,1
6,107,1560,11.83364485981308,6.598130841121495,4,0,0,0,63,0.6116504854368932,40,31,0.30097087378640774,0.4126984126984127,26,5,0.4126984126984127,0.125,0.30097087378640774,0,0,0.0,0.038834951456310676,0.0,0.0,0.0,0.555924027735906,0.283786659420159,0.0,1.0,0.5125113053964425,0.2810230391464382,0.0,1.0,0.42809767862526377,0.26947815776042505,0.0,0.967741935483871,0.4558335845643654,0.3296507134119921,0.0,1.0,100,0.037383177570093455,0.07476635514018691,2
7,110,1719,12.596363636363632,7.390909090909091,3,0,0,0,77,0.719626168224299,30,41,0.38317757009345793,0.5064935064935064,39,2,0.5064935064935064,0.06666666666666667,0.38317757009345793,0,0,0.0,0.028037383177570093,0.0,0.0,0.0,0.5504398826979472,0.2855017564100117,0.0,1.0,0.5005865102639296,0.2865090632919671,0.0,1.0,0.42052785923753666,0.27020305704990116,0.0,0.967741935483871,0.4439882697947214,0.3327695085039191,0.0,1.0,100,0.045454545454545456,0.1,2
8,114,1870,13.505263157894731,8.096491228070175,4,0,0,0,76,0.6909090909090909,34,51,0.4636363636363636,0.618421052631579,47,4,0.618421052631579,0.11764705882352941,0.4636363636363636,2,4,2.0,0.03636363636363636,0.0,0.0,0.0,0.5526315789473685,0.2857437183044046,0.0,1.0,0.5042444821731749,0.28329748490941215,0.0,1.0,0.42671194114318056,0.2698576950195471,0.0,0.967741935483871,0.44170911148839836,0.33093668578892493,0.0,1.0,100,0.043859649122807015,0.13157894736842105,2
9,119,2025,14.011764705882348,8.714285714285714,5,0,0,0,76,0.6666666666666666,38,48,0.42105263157894735,0.5789473684210527,44,4,0.5789473684210527,0.10526315789473684,0.42105263157894735,3,6,2.0,0.043859649122807015,0.0,0.0,0.0,0.5554350772567092,0.2840089262793992,0.0,1.0,0.49742477636215776,0.2922736703771688,0.0,1.0,0.4209812957441041,0.26665850020965387,0.0,0.967741935483871,0.42667389536459743,0.3318125159259778,0.0,1.0,100,0.06722689075630252,0.18487394957983194,2
10,125,2183,14.157599999999995,9.248,6,0,0,0,84,0.7058823529411765,35,42,0.35294117647058826,0.4642857142857143,39,3,0.4642857142857143,0.08571428571428572,0.35294117647058826,0,0,0.0,0.05042016806722689,0.0,0.0,0.0,0.552258064516129,0.28470844206364887,0.0,1.0,0.5009032258064516,0.29422682324555255,0.0,1.0,0.42735483870967744,0.27031121694491983,0.0,0.967741935483871,0.4136774193548387,0.3333696157846541,0.0,1.0,100,0.072,0.248,3
11,130,2331,14.778461538461533,9.853846153846154,5,0,0,0,92,0.736,33,56,0.448,0.5869565217391305,54,2,0.5869565217391305,0.06060606060606061,0.448,3,7,2.3333333333333335,0.04,0.0,0.0,0.0,0.5568238213399503,0.28513574114332435,0.0,1.0,0.4970223325062034,0.29793429942813376,0.0,1.0,0.4253101736972705,0.26762036808985057,0.0,0.967741935483871,0.4062034739454094,0.33121680667265513,0.0,1.0,100,0.08461538461538462,0.2923076923076923,3
12,139,2473,14.95827338129496,10.151079136690647,9,0,0,0,96,0.7384615384615385,34,62,0.47692307692307695,0.59375,57,5,0.59375,0.14705882352941177,0.47692307692307695,4,8,2.0,0.06923076923076923,0.0,0.0,0.0,0.5592944998839637,0.28070114535740026,0.0,1.0,0.4987236017637503,0.2983788784640408,0.0,1.0,0.41587375261081455,0.2684912259696514,0.0,0.967741935483871,0.38941749825945693,0.3289380570327227,0.0,1.0,100,0.09352517985611511,0.35251798561151076,3
13,145,2604,15.882758620689648,10.689655172413794,6,0,0,0,99,0.7122302158273381,40,77,0.5539568345323741,0.6666666666666666,66,11,0.6666666666666666,0.275,0.5539568345323741,8,16,2.0,0.04316546762589928,0.0,0.0,0.0,0.5628476084538375,0.281600053845736,0.0,1.0,0.5021134593993326,0.2977257510115039,0.0,1.0,0.41601779755283647,0.26985640360494356,0.0,0.967741935483871,0.392880978865406,0.32830666500842676,0.0,1.0,100,0.0896551724137931,0.3793103448275862,3
14,160,2731,15.596874999999994,10.59375,15,0,0,0,108,0.7448275862068966,37,76,0.5241379310344828,0.6481481481481481,70,6,0.6481481481481481,0.16216216216216217,0.5241379310344828,3,6,2.0,0.10344827586206896,0.0,0.0,0.0,0.5637096774193548,0.2788958738108545,0.0,1.0,0.4935483870967742,0.30111654862939824,0.0,1.0,0.4118951612903226,0.26434450261731535,0.0,0.967741935483871,0.37923387096774197,0.321424275641066,0.0,1.0,100,0.11875,0.4875,3
15,166,2849,16.689759036144572,11.174698795180722,6,0,0,0,114,0.7125,46,90,0.5625,0.7105263157894737,81,9,0.7105263157894737,0.1956521739130435,0.5625,7,15,2.142857142857143,0.0375,0.0,0.0,0.0,0.5672366886902448,0.2779719466532352,0.0,1.0,0.4879518072289157,0.3008867721443229,0.0,1.0,0.41818888457054026,0.269399612893032,0.0,0.967741935483871,0.3762145355616012,0.32301863419317633,0.0,1.0,100,0.12048192771084337,0.5180722891566265,3
16,185,2965,16.141621621621617,10.924324324324324,19,0,0,0,119,0.7168674698795181,47,88,0.5301204819277109,0.7058823529411765,84,4,0.7058823529411765,0.0851063829787234,0.5301204819277109,4,8,2.0,0.1144578313253012,0.0,0.0,0.0,0.5668700959023539,0.2743270085463567,0.0,1.0,0.4606800348735832,0.30943924093855335,0.0,1.0,0.40767218831734964,0.26616255776927344,0.0,1.0,0.36268526591107236,0.32181298417393717,0.0,1.0,100,0.15135135135135136,0.6432432432432432,4
17,205,3066,15.898536585365848,10.760975609756098,20,0,0,0,133,0.7189189189189189,52,111,0.6,0.7368421052631579,98,13,0.7368421052631579,0.25,0.6,10,22,2.2,0.10810810810810811,0.0,0.0,0.0,0.5847364280094414,0.27344696283992714,0.0,1.0,0.46121164437450823,0.3080343308932407,0.0,1.0,0.406294256490952,0.26385512699621333,0.0,1.0,0.3623918174665618,0.31994803783282066,0.0,1.0,100,0.15609756097560976,0.7268292682926829,4
18,227,3147,15.87312775330396,10.62114537444934,22,0,0,0,159,0.775609756097561,46,138,0.6731707317073171,0.7987421383647799,127,11,0.7987421383647799,0.2391304347826087,0.6731707317073171,16,35,2.1875,0.1073170731707317,0.0,0.0,0.0,0.576097768935626,0.2735637048478221,0.0,1.0,0.46440244422339066,0.3063137179610648,0.0,1.0,0.40400738951257636,0.2645606351444094,0.0,1.0,0.3637913883757283,0.3252237561163243,0.0,1.0,100,0.14537444933920704,0.7797356828193832,4
19,249,3221,15.962248995983932,10.594377510040161,22,0,0,0,161,0.7092511013215859,66,143,0.6299559471365639,0.7763975155279503,125,18,0.7763975155279503,0.2727272727272727,0.6299559471365639,14,31,2.2142857142857144,0.09691629955947137,0.0,0.0,0.0,0.5802565099106102,0.27048553828105215,0.0,1.0,0.4564062702422593,0.30613269833688095,0.0,1.0,0.4010882238631947,0.2636013478269609,0.0,1.0,0.36403679233061276,0.3234394257253012,0.0,1.0,100,0.1606425702811245,0.8594377510040161,4
20,274,3290,15.831751824817514,10.536496350364963,25,0,0,0,184,0.7389558232931727,65,155,0.6224899598393574,0.7554347826086957,139,16,0.7554347826086957,0.24615384615384617,0.6224899598393574,20,44,2.2,0.10040160642570281,0.0,0.0,0.0,0.5844125264892865,0.27475919697099294,0.0,1.0,0.4524370143630798,0.3056470245765226,0.0,1.0,0.39792794914056984,0.2606206516398903,0.0,1.0,0.3646103131622322,0.32254448622532833,0.0,1.0,100,0.15693430656934307,0.9197080291970803,4
21,306,3337,15.53006535947712,10.330065359477125,32,0,0,0,217,0.791970802919708,57,177,0.6459854014598541,0.7465437788018433,162,15,0.7465437788018433,0.2631578947368421,0.6459854014598541,20,44,2.2,0.11678832116788321,0.0,0.0,0.0,0.5822264389626818,0.27345937792204017,0.0,1.0,0.4456040480708412,0.3084529253341181,0.0,1.0,0.40449082858950036,0.2610388201134851,0.0,1.0,0.3571579169302129,0.3192981754956803,0.0,1.0,100,0.16993464052287582,0.9901960784313726,4
22,333,3369,15.748948948948945,10.411411411411411,27,0,0,0,242,0.7908496732026143,64,204,0.6666666666666666,0.7727272727272727,187,17,0.7727272727272727,0.265625,0.6666666666666666,28,64,2.2857142857142856,0.08823529411764706,0.0,0.0,0.0,0.5876198779424586,0.2725657411258244,0.0,1.0,0.4428945074106364,0.3059435142771181,0.0,1.0,0.4108301850237334,0.26463320337559015,0.0,1.0,0.35009202751138235,0.31966027579484096,0.0,1.0,100,0.16816816816816818,1.054054054054054,4
23,371,3388,15.439353099730454,10.242587601078167,38,0,0,0,263,0.7897897897897898,70,227,0.6816816816816816,0.7832699619771863,206,21,0.7832699619771863,0.3,0.6816816816816816,40,86,2.15,0.11411411411411411,0.0,0.0,0.0,0.5877749760890357,0.27135106069718,0.0,1.0,0.43839666115989917,0.30620886081998383,0.0,1.0,0.40831232066776796,0.26717215715987375,0.0,1.0,0.3463177115033475,0.31648050641477976,0.0,1.0,100,0.1752021563342318,1.1644204851752022,5
24,410,3384,15.368780487804873,10.173170731707318,39,0,0,0,281,0.7574123989218329,90,257,0.692722371967655,0.800711743772242,225,32,0.800711743772242,0.35555555555555557,0.692722371967655,34,87,2.5588235294117645,0.10512129380053908,0.0,0.0,0.0,0.5883556254917388,0.27006225205245793,0.0,1.0,0.44036191974822975,0.3058573242543659,0.0,1.0,0.4121164437450826,0.2695391328214353,0.0,1.0,0.34917387883556256,0.31562668261815424,0.0,1.0,100,0.17073170731707318,1.2097560975609756,5
25,448,3358,15.521651785714282,10.225446428571429,38,0,0,0,329,0.802439024390244,81,272,0.6634146341463415,0.7507598784194529,247,25,0.7507598784194529,0.30864197530864196,0.6634146341463415,36,82,2.2777777777777777,0.09268292682926829,0.0,0.0,0.0,0.5919498847926267,0.2702256780290998,0.0,1.0,0.440596198156682,0.3061207731189019,0.0,1.0,0.4079061059907834,0.2710092665390826,0.0,1.0,0.35044642857142855,0.3164403143506452,0.0,1.0,100,0.16964285714285715,1.2544642857142858,5
26,488,3325,15.599999999999996,10.305327868852459,40,0,0,0,343,0.765625,105,299,0.6674107142857143,0.7784256559766763,267,32,0.7784256559766763,0.3047619047619048,0.6674107142857143,46,112,2.4347826086956523,0.08928571428571429,0.0,0.0,0.0,0.5869910100475938,0.273832136350696,0.0,1.0,0.43389740877842414,0.30430382254285393,0.0,1.0,0.4106292966684294,0.27133347951033726,0.0,1.0,0.3506081438392385,0.31537296186611113,0.0,1.0,100,0.16598360655737704,1.3135245901639345,5
27,534,3271,15.586891385767785,10.331460674157304,46,0,0,0,366,0.75,122,320,0.6557377049180327,0.7650273224043715,280,40,0.7650273224043715,0.32786885245901637,0.6557377049180327,43,109,2.5348837209302326,0.0942622950819672,0.0,0.0,0.0,0.5889815150416817,0.2741538788246772,0.0,1.0,0.4401353147275583,0.3050459517873692,0.0,1.0,0.4148242116708952,0.2775521732939017,0.0,1.0,0.34704603117071403,0.31504375491126163,0.0,1.0,100,0.16292134831460675,1.3820224719101124,5
28,599,3204,14.985308848080129,10.101836393989982,65,0,0,0,394,0.7378277153558053,140,333,0.6235955056179775,0.751269035532995,296,37,0.751269035532995,0.2642857142857143,0.6235955056179775,41,107,2.6097560975609757,0.12172284644194757,0.0,0.0,0.0,0.5928698368248155,0.27375992473593624,0.0,1.0,0.438418870159944,0.3029711896868921,0.0,1.0,0.4219397921266627,0.27984502366628167,0.0,1.0,0.3469761430340891,0.31590489609351163,0.0,1.0,100,0.1636060100166945,1.4657762938230383,5
29,655,3091,15.032824427480913,10.15267175572519,56,0,0,0,470,0.7846410684474123,129,395,0.659432387312187,0.7659574468085106,360,35,0.7659574468085106,0.2713178294573643,0.659432387312187,51,133,2.607843137254902,0.09348914858096828,0.0,0.0,0.0,0.5942871213986702,0.2743039205658345,0.0,1.0,0.44186161044077815,0.3028702368220803,0.0,1.0,0.41851760650086184,0.2786557228715325,0.0,1.0,0.3402117704998769,0.3137990354545198,0.0,1.0,100,0.15572519083969466,1.516030534351145,5
30,723,2963,14.807745504840936,10.103734439834025,68,0,0,0,488,0.7450381679389313,167,418,0.6381679389312978,0.7520491803278688,367,51,0.7520491803278688,0.30538922155688625,0.6381679389312978,58,148,2.5517241379310347,0.10381679389312977,0.0,0.0,0.0,0.5974211395172444,0.2741402894511546,0.0,1.0,0.4430910632222371,0.2993907488490071,0.0,1.0,0.4196671574532638,0.28218729244324375,0.0,1.0,0.3435060009815732,0.31314621629181366,0.0,1.0,100,0.1507607192254495,1.5684647302904564,5
31,781,2817,14.919462227912929,10.279129321382843,58,0,0,0,554,0.7662517289073306,169,459,0.6348547717842323,0.7472924187725631,414,45,0.7472924187725631,0.26627218934911245,0.6348547717842323,74,187,2.527027027027027,0.08022130013831259,0.0,0.0,0.0,0.6000991284953121,0.2739546190198521,0.0,1.0,0.442443517409442,0.29717137621130724,0.0,1.0,0.42526124488868694,0.2837164525663755,0.0,1.0,0.34174548758828627,0.3123876626938703,0.0,1.0,100,0.15108834827144688,1.6261203585147248,5
32,848,2672,14.756249999999998,10.387971698113208,67,0,0,0,589,0.7541613316261203,192,482,0.617157490396927,0.7470288624787776,440,42,0.7470288624787776,0.21875,0.617157490396927,84,221,2.630952380952381,0.08578745198463508,0.0,0.0,0.0,0.6030888618381011,0.27145780123604807,0.0,1.0,0.4410757760194765,0.29901054624642354,0.0,1.0,0.4274193548387097,0.284492503466602,0.0,1.0,0.33775867315885577,0.31089070928007106,0.0,1.0,100,0.1509433962264151,1.6804245283018868,5
33,917,2503,14.641984732824424,10.486368593238822,71,2,0,2,645,0.7606132075471698,203,516,0.6084905660377359,0.7224806201550388,466,50,0.7224806201550388,0.24630541871921183,0.6084905660377359,91,238,2.6153846153846154,0.08372641509433962,0.0023584905660377358,0.0,0.0023584905660377358,0.6028775459950048,0.27316769211065395,0.0,1.0,0.44366271502444854,0.29934674197947514,0.0,1.0,0.42997854152742115,0.285151392794892,0.0,1.0,0.33809406550110804,0.31085546067241027,0.0,1.0,99,0.1450381679389313,1.7328244274809161,5
34,977,2336,14.689969293756393,10.780962128966223,60,0,0,0,669,0.7295528898582334,248,518,0.5648854961832062,0.6831091180866966,457,61,0.6831091180866966,0.24596774193548387,0.5648854961832062,90,241,2.6777777777777776,0.06543075245365322,0.0,0.0,0.0,0.6057054181662099,0.27412965644980863,0.0,1.0,0.4476838247432892,0.29775095403327223,0.0,1.0,0.42942516591276786,0.28452101470737856,0.0,1.0,0.3373394525704097,0.3099527300648569,0.0,1.0,99,0.14022517911975435,1.77482088024565,5
35,1036,2161,14.751930501930499,11.11003861003861,59,0,0,0,712,0.7287615148413511,265,530,0.5424769703172978,0.675561797752809,481,49,0.675561797752809,0.18490566037735848,0.5424769703172978,96,251,2.6145833333333335,0.06038894575230297,0.0,0.0,0.0,0.604900983933242,0.27401810989552766,0.0,1.0,0.4469423340391082,0.2971652515075142,0.0,1.0,0.43448748287457967,0.28519857139626165,0.0,1.0,0.3322954290696226,0.30809426387103245,0.0,1.0,99,0.138996138996139,1.8233590733590734,5
36,1103,1981,14.654759746146867,11.374433363553944,67,0,0,0,746,0.7200772200772201,290,555,0.5357142857142857,0.6528150134048257,487,68,0.6528150134048257,0.23448275862068965,0.5357142857142857,99,274,2.7676767676767677,0.06467181467181467,0.0,0.0,0.0,0.606381423098295,0.27394254757588477,0.0,1.0,0.4494779633258269,0.29790728797097416,0.0,1.0,0.4368145526862223,0.2869903575599755,0.0,1.0,0.3327289211242067,0.3080698407934973,0.0,1.0,99,0.1359927470534905,1.8794197642792385,6
37,1181,1795,14.378746824724805,11.557154953429297,78,0,0,0,784,0.7107887579329103,319,576,0.5222121486854034,0.639030612244898,501,75,0.639030612244898,0.23510971786833856,0.5222121486854034,104,294,2.826923076923077,0.07071622846781506,0.0,0.0,0.0,0.6081778700390593,0.27506366400941973,0.0,1.0,0.4527327852284832,0.2974025514384052,0.0,1.0,0.4392395728059873,0.2881906819490984,0.0,1.0,0.32648657507306544,0.3050834745196582,0.0,1.0,99,0.13378492802709568,1.9525825571549533,6
38,1237,1608,14.437510105092962,11.957154405820534,57,1,0,1,837,0.7087214225232854,344,598,0.506350550381033,0.6176821983273596,517,81,0.6176821983273596,0.23546511627906977,0.506350550381033,113,324,2.8672566371681416,0.04826418289585097,0.000846740050804403,0.0,0.000846740050804403,0.6047669961144287,0.2767070454396066,0.0,1.0,0.45445536808616055,0.2988499092356301,0.0,1.0,0.43768743317599806,0.2873350482241772,0.0,1.0,0.3257360419328761,0.3046343960229984,0.0,1.0,99,0.13096200485044462,1.9935327405012127,6
39,1314,1458,14.018645357686449,12.1765601217656,79,2,0,2,848,0.6855295068714632,389,586,0.4737267582861762,0.5742924528301887,487,99,0.5742924528301887,0.2544987146529563,0.4737267582861762,127,363,2.858267716535433,0.06386418755052546,0.0016168148746968471,0.0,0.0016168148746968471,0.6097854372268866,0.27716701558434115,0.0,1.0,0.45372416163401585,0.2981126082922147,0.0,1.0,0.44009918004615306,0.28987980886803716,0.0,1.0,0.3238081209800167,0.30328724898818205,0.0,1.0,99,0.12557077625570776,2.054033485540335,6
40,1376,1288,13.8750726744186,12.534883720930232,67,5,0,5,901,0.6856925418569254,413,633,0.4817351598173516,0.5760266370699223,519,114,0.5760266370699223,0.27602905569007263,0.4817351598173516,134,397,2.962686567164179,0.05098934550989345,0.00380517503805175,0.0,0.00380517503805175,0.6106526631657915,0.27764053699860847,0.0,1.0,0.45250375093773443,0.29778450154778846,0.0,1.0,0.44469711177794446,0.29054618989247405,0.0,1.0,0.3236121530382596,0.3034292876815217,0.0,1.0,99,0.12354651162790697,2.0988372093023258,6
41,1429,1110,13.849591789129923,12.986004198740378,60,7,0,7,963,0.6998546511627907,413,669,0.48619186046511625,0.5752855659397715,554,115,0.5752855659397715,0.2784503631961259,0.48619186046511625,134,425,3.171641791044776,0.0436046511627907,0.005087209302325582,0.0,0.005087209302325582,0.6085013205715705,0.27906492691771034,0.0,1.0,0.4556762003656967,0.2985024017307792,0.0,1.0,0.4452696449129777,0.29045140357690585,0.0,1.0,0.3232352874782726,0.3026584932008496,0.0,1.0,99,0.12036389083275018,2.13296011196641,6
42,1484,957,13.698450134770885,13.392857142857142,63,8,0,8,973,0.6808957312806159,456,672,0.470258922323303,0.5673175745118191,552,120,0.5673175745118191,0.2631578947368421,0.470258922323303,143,462,3.230769230769231,0.044086773967809655,0.005598320503848845,0.0,0.005598320503848845,0.6068167985392574,0.28033418370299357,0.0,1.0,0.4554386575080428,0.2984110381320521,0.0,1.0,0.4485262151117294,0.2907912586560577,0.0,1.0,0.3219720024345709,0.30143905016592054,0.0,1.0,99,0.11657681940700809,2.170485175202156,6
43,1538,808,13.518032076289549,13.769180754226268,64,10,0,10,1043,0.7028301886792453,441,686,0.46226415094339623,0.5656759348034516,590,96,0.5656759348034516,0.21768707482993196,0.46226415094339623,157,494,3.1464968152866244,0.0431266846361186,0.006738544474393531,0.0,0.006738544474393531,0.6068836780066278,0.28126913714634344,0.0,1.0,0.45834556818658495,0.29824974561065626,0.0,1.0,0.4515919291916607,0.2918948706225498,0.0,1.0,0.3211334368052351,0.29988302374864034,0.0,1.0,99,0.11313394018205461,2.2197659297789336,6
44,1575,688,13.43307936507936,14.297142857142857,52,15,0,15,1034,0.6723016905071522,504,707,0.4596879063719116,0.5551257253384912,574,133,0.5551257253384912,0.2638888888888889,0.4596879063719116,156,543,3.480769230769231,0.033810143042912875,0.00975292587776333,0.0,0.00975292587776333,0.6066769073220686,0.2814861928555564,0.0,1.0,0.4578597030209933,0.29686315871712554,0.0,1.0,0.455852534562212,0.2926219399602621,0.0,1.0,0.31797235023041476,0.29782850763140856,0.0,1.0,99,0.11492063492063492,2.2596825396825397,6
45,1600,597,13.373109331232488,14.90125,42,17,0,17,1075,0.6825396825396826,500,709,0.45015873015873015,0.5413953488372093,582,127,0.5413953488372093,0.254,0.45015873015873015,155,573,3.696774193548387,0.02666666666666667,0.010793650793650795,0.0,0.010793650793650795,0.6047177419354839,0.28260460006267923,0.0,1.0,0.4568548387096774,0.29711339967842304,0.0,1.0,0.45586693548387097,0.2933635255997502,0.0,1.0,0.31721774193548385,0.2972009745774773,0.0,1.0,99,0.116875,2.2975,6
46,1629,519,13.252593572726814,15.538367096378146,38,9,0,9,1062,0.66375,538,726,0.45375,0.532015065913371,565,161,0.532015065913371,0.2992565055762082,0.45375,165,613,3.7151515151515153,0.02375,0.005625,0.0,0.005625,0.6034970989524545,0.28436192867601356,0.0,1.0,0.45733578882750153,0.2968443208186405,0.0,1.0,0.45691993900869327,0.2939337572115109,0.0,1.0,0.31673894532565006,0.296146114067249,0.0,1.0,99,0.11786372007366483,2.323511356660528,6
47,1641,468,13.193261180157615,16.229128580134066,34,22,0,22,1085,0.6660527931246163,544,727,0.4462860650705955,0.543778801843318,590,137,0.543778801843318,0.25183823529411764,0.4462860650705955,145,621,4.2827586206896555,0.020871700429711478,0.013505217925107428,0.0,0.013505217925107428,0.6026616343299719,0.2846567947936192,0.0,1.0,0.45564270409467084,0.29815465181306355,0.0,1.0,0.4561734583554481,0.29408145529514973,0.0,1.0,0.3138526862062865,0.29462074497248497,0.0,1.0,99,0.1182205971968312,2.3540524070688607,6
48,1648,426,13.162980337766168,16.97997572815534,27,20,0,20,1096,0.667885435709933,545,735,0.44789762340036565,0.541970802919708,594,141,0.541970802919708,0.25871559633027524,0.44789762340036565,156,649,4.160256410256411,0.016453382084095063,0.01218769043266301,0.0,0.01218769043266301,0.6020591919824616,0.28429399133561317,0.0,1.0,0.4568196053867836,0.2981712442594417,0.0,1.0,0.4564868462261196,0.29413555753557,0.0,1.0,0.3137135922330097,0.2947693347607664,0.0,1.0,99,0.11893203883495146,2.3719660194174756,7
49,1674,373,12.964700276765418,17.538829151732376,41,15,0,15,1118,0.6783980582524272,530,771,0.4678398058252427,0.5644007155635062,631,140,0.5644007155635062,0.2641509433962264,0.4678398058252427,169,687,4.06508875739645,0.02487864077669903,0.009101941747572815,0.0,0.009101941747572815,0.6028057193509847,0.28437790440185823,0.0,1.0,0.455216402666975,0.2982313181809541,0.0,1.0,0.45776004933132924,0.29376882027849055,0.0,1.0,0.3127143793116738,0.2935457005307351,0.0,1.0,99,0.12007168458781362,2.4074074074074074,7
50,1667,348,13.002064545074171,18.38992201559688,18,25,0,25,1136,0.6786140979689367,538,761,0.45459976105137395,0.5431338028169014,617,144,0.5431338028169014,0.26765799256505574,0.45459976105137395,153,689,4.503267973856209,0.010752688172043012,0.014934289127837515,0.0,0.014934289127837515,0.602105385374538,0.284273906426486,0.0,1.0,0.45407047622733515,0.29851743843282175,0.0,1.0,0.45943069450626006,0.29406659941814256,0.0,1.0,0.31267294928111156,0.29393353241848,0.0,1.0,99,0.12117576484703059,2.4175164967006597,7
51,1672,314,12.926725358024164,19.050837320574164,29,24,0,24,1189,0.713257348530294,478,775,0.46490701859628075,0.5786375105130361,688,87,0.5786375105130361,0.18200836820083682,0.46490701859628075,151,692,4.582781456953643,0.01739652069586083,0.014397120575884824,0.0,0.014397120575884824,0.6008836240160518,0.28385253503088936,0.0,1.0,0.4536386788084581,0.29815747903150985,0.0,1.0,0.45753588516746413,0.29283123986315795,0.0,1.0,0.31360935329526163,0.2931297450634405,0.0,1.0,99,0.11961722488038277,2.4395933014354068,7
52,1680,278,12.846756824573255,19.75,30,22,0,22,1131,0.6764354066985646,541,767,0.45873205741626794,0.5570291777188329,630,137,0.5570291777188329,0.2532347504621072,0.45873205741626794,164,695,4.237804878048781,0.017942583732057416,0.013157894736842105,0.0,0.013157894736842105,0.6,0.2854202937182303,0.0,1.0,0.453494623655914,0.2975507056958019,0.0,1.0,0.4586021505376344,0.29334610665865773,0.0,1.0,0.31468894009216586,0.2936935755568125,0.0,1.0,99,0.12142857142857143,2.455952380952381,7
53,1682,257,12.78556369319247,20.49524375743163,23,21,0,21,1142,0.6797619047619048,538,800,0.47619047619047616,0.5726795096322241,654,146,0.5726795096322241,0.27137546468401486,0.47619047619047616,161,740,4.596273291925466,0.01369047619047619,0.0125,0.0,0.0125,0.6003797322695715,0.2857600817164222,0.0,1.0,0.4519389359825093,0.29836916513947215,0.0,1.0,0.45865137509109744,0.29404376577789565,0.0,1.0,0.3129339112423766,0.29317106619363803,0.0,1.0,99,0.12366230677764566,2.4821640903686086,7
54,1684,230,12.740648138529139,21.22980997624703,23,21,0,21,1142,0.6789536266349584,540,836,0.49702734839476814,0.5919439579684763,676,160,0.5919439579684763,0.2962962962962963,0.49702734839476814,170,779,4.58235294117647,0.013674197384066587,0.01248513674197384,0.0,0.01248513674197384,0.5988621561566163,0.2857227885191704,0.0,1.0,0.4511723239598498,0.29865146789925373,0.0,1.0,0.458125814113861,0.293987284646385,0.0,1.0,0.31223661022143895,0.2922686976530743,0.0,1.0,99,0.12529691211401425,2.504750593824228,7
55,1685,213,12.673799089188764,21.984569732937686,21,20,0,20,1165,0.6918052256532067,519,837,0.4970308788598575,0.5931330472103005,691,146,0.5931330472103005,0.2813102119460501,0.4970308788598575,166,786,4.734939759036145,0.012470308788598575,0.011876484560570071,0.0,0.011876484560570071,0.5985641811046233,0.28581967047914963,0.0,1.0,0.4499856418110462,0.29928180950530325,0.0,1.0,0.459883220063176,0.2944037870605339,0.0,1.0,0.310768641715325,0.2917739921422035,0.0,1.0,99,0.12759643916913946,2.5252225519287834,7
56,1679,214,12.601499780791979,22.677784395473495,23,29,0,29,1165,0.6913946587537092,520,849,0.5038575667655787,0.5896995708154507,687,162,0.5896995708154507,0.31153846153846154,0.5038575667655787,152,802,5.276315789473684,0.013649851632047478,0.017210682492581602,0.0,0.017210682492581602,0.599146957674499,0.2852353966701355,0.0,1.0,0.4480009222079194,0.2993446481372942,0.0,1.0,0.46315971488405155,0.29454099739040057,0.0,1.0,0.3110338335030452,0.2911208063292745,0.0,1.0,99,0.12805241215008933,2.5402025014889817,7
57,1685,192,12.523314420543858,23.378041543026708,21,15,0,15,1126,0.6706372840976772,553,842,0.5014889815366289,0.6074600355239786,684,158,0.6074600355239786,0.2857142857142857,0.5014889815366289,168,788,4.690476190476191,0.012507444907683145,0.008933889219773675,0.0,0.008933889219773675,0.5978175552790275,0.28527837457724237,0.0,1.0,0.44921987173351197,0.30038477606225755,0.0,1.0,0.46064899014071026,0.2942511853870559,0.0,1.0,0.3117067100603044,0.2905772276443567,0.0,1.0,99,0.12640949554896141,2.5495548961424332,7
58,1682,179,12.491152278210306,24.118311533888228,20,23,0,23,1118,0.6635014836795252,567,863,0.5121661721068249,0.6144901610017889,687,176,0.6144901610017889,0.31040564373897706,0.5121661721068249,168,818,4.869047619047619,0.011869436201780416,0.013649851632047478,0.0,0.013649851632047478,0.5970810479076368,0.2844916994455937,0.0,1.0,0.44873614360784014,0.3008612174752143,0.0,1.0,0.4599171493230026,0.29352216010377713,0.0,1.0,0.3121667753442522,0.2905842513944498,0.0,1.0,99,0.12604042806183116,2.565398335315101,7
59,1664,175,12.562571503844737,24.94170673076923,15,33,0,33,1111,0.6605231866825209,571,869,0.5166468489892985,0.6201620162016201,689,180,0.6201620162016201,0.31523642732049034,0.5166468489892985,161,826,5.130434782608695,0.0089179548156956,0.019619500594530322,0.0,0.019619500594530322,0.5972588399503722,0.28410379376233597,0.0,1.0,0.44907335607940446,0.29998887575078614,0.0,1.0,0.459929435483871,0.2925417477916444,0.0,1.0,0.31269385856079407,0.29018866878198046,0.0,1.0,99,0.1268028846153846,2.582331730769231,7
60,1656,168,12.549306953943825,25.621376811594203,20,28,0,28,1134,0.6814903846153846,530,893,0.5366586538461539,0.6437389770723104,730,163,0.6437389770723104,0.30754716981132074,0.5366586538461539,168,854,5.083333333333333,0.01201923076923077,0.016826923076923076,0.0,0.016826923076923076,0.5971053451768739,0.28468129369005646,0.0,1.0,0.4487883746298893,0.300845918521046,0.0,1.0,0.45996961196820946,0.2922445430712521,0.0,1.0,0.3143797724793517,0.29027059861653615,0.0,1.0,99,0.12741545893719808,2.6026570048309177,7
61,1638,155,12.66362867028718,26.342490842490843,13,31,0,31,1099,0.663647342995169,557,926,0.5591787439613527,0.6596906278434941,725,201,0.6596906278434941,0.3608617594254937,0.5591787439613527,171,884,5.169590643274854,0.00785024154589372,0.018719806763285024,0.0,0.018719806763285024,0.5967348064122258,0.2861431697126226,0.0,1.0,0.4481074481074481,0.3003999965315441,0.0,1.0,0.4603568474536216,0.29198265034705845,0.0,1.0,0.3167316554413328,0.2912915811252166,0.0,1.0,99,0.12942612942612944,2.617826617826618,7
62,1628,148,12.685293056058805,26.970515970515972,18,28,0,28,1106,0.6752136752136753,532,913,0.5573870573870574,0.6681735985533453,739,174,0.6681735985533453,0.32706766917293234,0.5573870573870574,165,871,5.278787878787878,0.01098901098901099,0.017094017094017096,0.0,0.017094017094017096,0.5951097725291273,0.28722674799621156,0.0,1.0,0.446540382024253,0.3004620094870977,0.0,1.0,0.46173813109296985,0.29135616727364855,0.0,1.0,0.3180431164302132,0.29159758522665924,0.0,1.0,98,0.13083538083538085,2.632063882063882,7
63,1622,144,12.672664332548537,27.73304562268804,13,19,0,19,1135,0.6971744471744472,493,923,0.566953316953317,0.6863436123348018,779,144,0.6863436123348018,0.2920892494929006,0.566953316953317,176,895,5.0852272727272725,0.007985257985257985,0.01167076167076167,0.0,0.01167076167076167,0.594387653633507,0.28821413073469354,0.0,1.0,0.4464221789109423,0.3005920111069413,0.0,1.0,0.4637245932938228,0.29197337641678167,0.0,1.0,0.3177876774989062,0.2921785819932383,0.0,1.0,98,0.1337854500616523,2.6436498150431564,7
64,1624,145,12.572882726227665,28.363300492610836,18,16,0,16,1121,0.6911220715166461,501,941,0.5801479654747226,0.7020517395182873,787,154,0.7020517395182873,0.3073852295409182,0.5801479654747226,161,903,5.608695652173913,0.011097410604192354,0.009864364981504316,0.0,0.009864364981504316,0.5944700460829493,0.2885112580107677,0.0,1.0,0.444422374066423,0.30198144350755823,0.0,1.0,0.4629151438105832,0.2920693165002712,0.0,1.0,0.317992213570634,0.292271630732603,0.0,1.0,97,0.1336206896551724,2.663793103448276,7
65,1618,155,12.530208675763534,29.110012360939432,11,17,0,17,1114,0.6859605911330049,510,976,0.6009852216748769,0.729802513464991,813,163,0.729802513464991,0.3196078431372549,0.6009852216748769,158,944,5.974683544303797,0.0067733990147783255,0.010467980295566502,0.0,0.010467980295566502,0.5937437696877865,0.2885741805567868,0.0,1.0,0.4441165915706368,0.30193153285944896,0.0,1.0,0.4628972447067268,0.29243047106525205,0.0,1.0,0.31859324534471073,0.292178848573491,0.0,1.0,97,0.1334981458590853,2.6755253399258345,7
66,1623,143,12.446390420053879,29.68946395563771,20,15,0,15,1103,0.6817058096415327,515,990,0.6118665018541409,0.7180417044424298,792,198,0.7180417044424298,0.3844660194174757,0.6118665018541409,172,950,5.523255813953488,0.012360939431396786,0.009270704573547589,0.0,0.009270704573547589,0.5928885178780832,0.28906238492458025,0.0,1.0,0.44531234472204,0.3016111674679972,0.0,1.0,0.4631407389740226,0.29233598429189084,0.0,1.0,0.3197185618031125,0.2924527418057439,0.0,1.0,97,0.1337030191004313,2.6950092421441774,7
67,1617,140,12.452428922236146,30.453927025355597,10,16,0,16,1096,0.6752926678989526,527,1005,0.6192236598890942,0.7344890510948905,805,200,0.7344890510948905,0.3795066413662239,0.6192236598890942,173,975,5.635838150289017,0.0061614294516327784,0.009858287122612447,0.0,0.009858287122612447,0.5911185588604942,0.28961411958851335,0.0,1.0,0.4453488140124085,0.30150710293319055,0.0,1.0,0.46324336186087334,0.29212330008416154,0.0,1.0,0.3217228240269715,0.29232705916737584,0.0,1.0,97,0.13358070500927643,2.7087198515769946,7
68,1619,132,12.376356745572942,31.000617665225448,20,18,0,18,1118,0.6914038342609771,499,984,0.608534322820037,0.7289803220035778,815,169,0.7289803220035778,0.33867735470941884,0.608534322820037,176,952,5.409090909090909,0.012368583797155226,0.011131725417439703,0.0,0.011131725417439703,0.5908067504831735,0.2903694499868838,0.0,1.0,0.4448385104305724,0.30141846342518547,0.0,1.0,0.46488274323058837,0.29258191684906815,0.0,1.0,0.32228177489091236,0.2919758957377812,0.0,1.0,97,0.1352686843730698,2.7325509573810995,7
69,1607,127,12.428565590800204,31.58929682638457,13,25,0,25,1094,0.6757257566399012,525,1008,0.6226065472513898,0.7422303473491774,812,196,0.7422303473491774,0.37333333333333335,0.6226065472513898,171,974,5.695906432748538,0.008029647930821495,0.015441630636195183,0.0,0.015441630636195183,0.5915249814320412,0.29053238105527796,0.0,1.0,0.442640062629223,0.3031768396212503,0.0,1.0,0.4630146335588253,0.29184000375463953,0.0,1.0,0.32470843286428325,0.2927834273506413,0.0,1.0,97,0.13503422526446796,2.7560672059738645,7
70,1597,126,12.446798230229259,32.26236693800877,12,22,0,22,1130,0.7031736154324829,477,1014,0.6309894212818917,0.7619469026548673,861,153,0.7619469026548673,0.32075471698113206,0.6309894212818917,173,986,5.699421965317919,0.0074673304293715,0.013690105787181083,0.0,0.013690105787181083,0.5905629506938412,0.2908305282910736,0.0,1.0,0.4423010887349264,0.3031645633422347,0.0,1.0,0.46512614377764755,0.29186456213484135,0.0,1.0,0.3239743874603591,0.2924257960618537,0.0,1.0,97,0.13650594865372573,2.7770820288040077,7
71,1580,127,12.54347092018715,32.94240506329114,9,26,0,26,1077,0.6743894802755166,520,1003,0.628052598622417,0.7400185701021356,797,206,0.7400185701021356,0.39615384615384613,0.628052598622417,174,978,5.620689655172414,0.005635566687539136,0.01628052598622417,0.0,0.01628052598622417,0.5898530012249898,0.291836560114901,0.0,1.0,0.4397305022458146,0.3031441487156966,0.0,1.0,0.46476112699060845,0.2919440100146645,0.0,1.0,0.3252756227031441,0.29243928265566577,0.0,1.0,97,0.13860759493670885,2.7981012658227846,7
72,1572,127,12.548377993734698,33.407124681933844,18,26,0,26,1070,0.6772151898734177,510,1001,0.6335443037974684,0.7448598130841122,797,204,0.7448598130841122,0.4,0.6335443037974684,174,975,5.603448275862069,0.01139240506329114,0.016455696202531647,0.0,0.016455696202531647,0.5917877370105885,0.2917707152952485,0.0,1.0,0.43907494049084794,0.30316642077133726,0.0,1.0,0.4650537634408602,0.2916284839351167,0.0,1.0,0.3280390708364114,0.2926559376638623,0.0,1.0,96,0.14122137404580154,2.821882951653944,7
73,1565,124,12.557788389257485,34.04856230031949,12,19,0,19,1124,0.7150127226463104,448,1051,0.6685750636132316,0.7927046263345195,891,160,0.7927046263345195,0.35714285714285715,0.6685750636132316,176,1024,5.818181818181818,0.007633587786259542,0.012086513994910942,0.0,0.012086513994910942,0.591775739462022,0.29204508550923475,0.0,1.0,0.4394311037823354,0.3030880871755995,0.0,1.0,0.46532000412243635,0.29104474419926263,0.0,1.0,0.3282283829743378,0.2921911629519698,0.0,1.0,95,0.14185303514376996,2.8332268370607028,7
74,1561,125,12.558283353004985,34.675208199871875,11,15,0,15,1046,0.668370607028754,519,1040,0.6645367412140575,0.7915869980879541,828,212,0.7915869980879541,0.40847784200385356,0.6645367412140575,172,1013,5.8895348837209305,0.007028753993610224,0.009584664536741214,0.0,0.009584664536741214,0.5915769461263458,0.2919810656582683,0.0,1.0,0.44010249839846255,0.3030238045712841,0.0,1.0,0.4657477630137835,0.2907416450136377,0.0,1.0,0.32789155008162674,0.29204151319381844,0.0,1.0,94,0.14157591287636132,2.849455477258168,7
75,1553,129,12.572272174388734,35.27752736638764,12,20,0,20,1071,0.6860986547085202,490,1040,0.6662395900064062,0.7796451914098973,835,205,0.7796451914098973,0.41836734693877553,0.6662395900064062,168,1012,6.023809523809524,0.007687379884689302,0.012812299807815503,0.0,0.012812299807815503,0.5921940884448413,0.2926625664107749,0.0,1.0,0.4400847475230044,0.3029202437406089,0.0,1.0,0.4669006916893422,0.2901635129326226,0.0,1.0,0.3283758801902665,0.2921193789749264,0.0,1.0,92,0.14294913071474566,2.864777849323889,7
76,1546,123,12.60040276594158,35.94631306597672,10,17,0,17,1129,0.7269800386349002,424,1035,0.6664520283322601,0.7856510186005314,887,148,0.7856510186005314,0.3490566037735849,0.6664520283322601,173,1002,5.791907514450867,0.00643915003219575,0.010946555054732776,0.0,0.010946555054732776,0.5916621458081208,0.2935408364368384,0.0,1.0,0.4402620706923173,0.30360959928494513,0.0,1.0,0.46567625088678377,0.29045488462266467,0.0,1.0,0.32827692692901556,0.292059414051661,0.0,1.0,92,0.1429495472186287,2.882923673997413,7
77,1547,134,12.522753589647904,36.617970265029086,12,11,0,11,1063,0.6875808538163001,483,1036,0.6701164294954722,0.7873941674506115,837,199,0.7873941674506115,0.41200828157349895,0.6701164294954722,175,1022,5.84,0.007761966364812419,0.0071151358344113845,0.0,0.0071151358344113845,0.5921554726108805,0.29336268305776114,0.0,1.0,0.44043622411743855,0.3033049542463551,0.0,1.0,0.46650124069478904,0.29048177865398417,0.0,1.0,0.3295452175907584,0.29209755616264815,0.0,1.0,91,0.14350355526826114,2.9004524886877827,7
78,1544,125,12.55314567923542,37.38277202072539,7,10,0,10,1078,0.6968325791855203,469,1101,0.7117000646412411,0.8218923933209648,886,215,0.8218923933209648,0.4584221748400853,0.7117000646412411,187,1079,5.770053475935829,0.004524886877828055,0.006464124111182934,0.0,0.006464124111182934,0.5912167808791575,0.29374982019815876,0.0,1.0,0.4416053819154271,0.30385255505094744,0.0,1.0,0.4663003509944844,0.29066005008300627,0.0,1.0,0.3281380578305198,0.2912729972020947,0.0,1.0,89,0.14313471502590674,2.910621761658031,7
79,1540,124,12.572591487260263,38.08246753246753,8,12,0,12,1051,0.680699481865285,493,1052,0.6813471502590673,0.8011417697431018,842,210,0.8011417697431018,0.4259634888438134,0.6813471502590673,165,1016,6.157575757575757,0.0051813471502590676,0.007772020725388601,0.0,0.007772020725388601,0.5909509844993716,0.2934049650144868,0.0,1.0,0.44273146208630076,0.3044787579424529,0.0,1.0,0.4670925848345204,0.2906091496051941,0.0,1.0,0.3278173439463762,0.29077307085053633,0.0,1.0,87,0.14285714285714285,2.9233766233766234,7
80,1533,122,12.614665387722079,38.72928897586432,10,17,0,17,1052,0.6831168831168831,488,1100,0.7142857142857143,0.811787072243346,854,246,0.811787072243346,0.5040983606557377,0.7142857142857143,172,1070,6.22093023255814,0.006493506493506494,0.01103896103896104,0.0,0.01103896103896104,0.591439934347579,0.2928023988422509,0.0,1.0,0.4431959261831113,0.3046704316684293,0.0,1.0,0.4673947351808598,0.29159877326389777,0.0,1.0,0.3275256191738737,0.2891582070581531,0.0,1.0,86,0.14350945857795172,2.938682322243966,7
81,1532,127,12.577321448624025,39.427545691906005,10,11,0,11,1075,0.7012393998695369,458,1077,0.7025440313111546,0.8074418604651162,868,209,0.8074418604651162,0.45633187772925765,0.7025440313111546,171,1053,6.157894736842105,0.006523157208088715,0.007175472928897586,0.0,0.007175472928897586,0.5901625536932535,0.2933374282320693,0.0,1.0,0.44346416238524383,0.3048696902703886,0.0,1.0,0.46740503663774946,0.29169364819367993,0.0,1.0,0.32664448749263036,0.28869045099639923,0.0,1.0,85,0.14425587467362924,2.9536553524804177,7
82,1530,129,12.550886574700659,39.91830065359477,15,17,0,17,1049,0.6847258485639687,483,1118,0.7297650130548303,0.8293612964728313,870,248,0.8293612964728313,0.5134575569358178,0.7297650130548303,180,1100,6.111111111111111,0.0097911227154047,0.011096605744125326,0.0,0.011096605744125326,0.5897322369808138,0.2938497612872118,0.0,1.0,0.44442336074214633,0.30455765857727274,0.0,1.0,0.47025089605734766,0.29168192604235227,0.0,1.0,0.32365591397849464,0.2879577828374026,0.0,1.0,85,0.14705882352941177,2.976470588235294,7
83,1521,133,12.589513439007142,40.658777120315584,5,14,0,14,1107,0.7235294117647059,423,1095,0.7156862745098039,0.8274616079494128,916,179,0.8274616079494128,0.4231678486997636,0.7156862745098039,170,1069,6.288235294117647,0.0032679738562091504,0.009150326797385621,0.0,0.009150326797385621,0.5885771245572734,0.29429326521202,0.0,1.0,0.44578057729422493,0.3044054540395753,0.0,1.0,0.47078534919725984,0.2914535120916717,0.0,1.0,0.3236198596000085,0.2881683173806704,0.0,1.0,85,0.14792899408284024,2.9861932938856017,7
84,1507,131,12.708708644848477,41.19973457199735,7,21,0,21,1043,0.685733070348455,478,1130,0.7429322813938198,0.840843720038351,877,253,0.840843720038351,0.5292887029288703,0.7429322813938198,177,1105,6.242937853107344,0.0046022353714661405,0.013806706114398421,0.0,0.013806706114398421,0.5888220562108012,0.2944039468109486,0.0,1.0,0.44716056253612174,0.3040839668551863,0.0,1.0,0.47306119827899906,0.2918416933411231,0.0,1.0,0.32300875484299074,0.2874504257924035,0.0,1.0,82,0.14996682149966822,3.008626410086264,8
85,1497,136,12.776833221486253,41.89445557782231,8,18,0,18,1025,0.6801592568015926,482,1084,0.7193098871930989,0.8409756097560975,862,222,0.8409756097560975,0.4605809128630705,0.7193098871930989,178,1067,5.99438202247191,0.0053085600530856005,0.011944260119442602,0.0,0.011944260119442602,0.5886611933544509,0.2947311574244379,0.0,1.0,0.4482944383390437,0.30440779495549086,0.0,1.0,0.4740233154481005,0.29242966355710415,0.0,1.0,0.3232270993600104,0.2871645939948517,0.0,1.0,80,0.1509686038744155,3.01937207748831,8
86,1486,143,12.834381373417772,42.414535666218036,8,19,0,19,1072,0.7160988643954576,425,1072,0.7160988643954576,0.7975746268656716,855,217,0.7975746268656716,0.5105882352941177,0.7160988643954576,173,1052,6.08092485549133,0.005344021376085505,0.012692050768203072,0.0,0.012692050768203072,0.5879607519645725,0.29471842246156016,0.0,1.0,0.449007945122216,0.3053170523477209,0.0,1.0,0.4753831459210697,0.2927104307334144,0.0,1.0,0.3214084140146746,0.2871406474153505,0.0,1.0,80,0.15343203230148048,3.0497981157469716,8
87,1484,146,12.812481812053274,43.02425876010782,12,14,0,14,1084,0.7294751009421265,402,1118,0.7523553162853297,0.8523985239852399,924,194,0.8523985239852399,0.48258706467661694,0.7523553162853297,175,1096,6.2628571428571425,0.008075370121130552,0.009421265141318977,0.0,0.009421265141318977,0.5876228154073558,0.2947159649963973,0.0,1.0,0.4479827841057299,0.3056901000157077,0.0,1.0,0.47645856882010257,0.2929034483629065,0.0,1.0,0.32014607425441266,0.2864731750054094,0.0,1.0,78,0.15363881401617252,3.0599730458221024,8
88,1482,143,12.80414122791519,43.540485829959515,13,15,0,15,1091,0.7351752021563343,393,1124,0.7574123989218329,0.843263061411549,920,204,0.843263061411549,0.5190839694656488,0.7574123989218329,181,1102,6.088397790055248,0.00876010781671159,0.010107816711590296,0.0,0.010107816711590296,0.5852596752426973,0.2952646675126861,0.0,1.0,0.44943624570110136,0.3062347323183419,0.0,1.0,0.47518610421836227,0.29347082675628544,0.0,1.0,0.31968569065343255,0.2852588845269995,0.0,1.0,76,0.15384615384615385,3.076923076923077,8
89,1478,149,12.817571470300166,44.25981055480379,6,10,0,10,1058,0.7139001349527665,424,1130,0.7624831309041835,0.8553875236294896,905,225,0.8553875236294896,0.5306603773584906,0.7624831309041835,178,1114,6.258426966292135,0.004048582995951417,0.006747638326585695,0.0,0.006747638326585695,0.5838535073551879,0.29509273432209454,0.0,1.0,0.4496049587498363,0.306769380363107,0.0,1.0,0.476319350473613,0.293361037505294,0.0,1.0,0.31865205814308784,0.28440588067163347,0.0,1.0,75,0.15426251691474965,3.0872801082543977,8
90,1480,158,12.741250815335622,44.9277027027027,9,7,0,7,1110,0.7510148849797023,368,1143,0.7733423545331529,0.8495495495495495,943,200,0.8495495495495495,0.5434782608695652,0.7733423545331529,174,1126,6.471264367816092,0.006089309878213802,0.004736129905277402,0.0,0.004736129905277402,0.5832170880557977,0.2941750019629182,0.0,1.0,0.45058849171752396,0.3069324766653148,0.0,1.0,0.4764821272885789,0.2926566913574893,0.0,1.0,0.3179816913687882,0.284110768773893,0.0,1.0,75,0.15337837837837837,3.0912162162162162,8
91,1474,162,12.763715664775898,45.64314789687924,8,14,0,14,1085,0.7331081081081081,395,1154,0.7797297297297298,0.8811059907834101,956,198,0.8811059907834101,0.5012658227848101,0.7797297297297298,178,1136,6.382022471910112,0.005405405405405406,0.00945945945945946,0.0,0.00945945945945946,0.5840810609708058,0.29429816831210387,0.0,1.0,0.4499496651639165,0.3071253606995451,0.0,1.0,0.4773055543397382,0.292656012305997,0.0,1.0,0.31923228432616974,0.2840680590898068,0.0,1.0,75,0.15332428765264586,3.1044776119402986,8
92,1476,170,12.712613437690932,46.28116531165312,9,7,0,7,1048,0.7109905020352781,426,1112,0.7544097693351425,0.8330152671755725,873,239,0.8330152671755725,0.5610328638497653,0.7544097693351425,173,1093,6.317919075144508,0.006105834464043419,0.0047489823609226595,0.0,0.0047489823609226595,0.5847757671125098,0.2943940390191545,0.0,1.0,0.4502797447329312,0.30663730047459425,0.0,1.0,0.4791721304309817,0.29250917961188355,0.0,1.0,0.3203295742634846,0.28439497112290574,0.0,1.0,74,0.1537940379403794,3.1131436314363143,8
93,1463,172,12.823909233000668,46.922761449077235,4,17,0,17,1070,0.7249322493224932,406,1178,0.7981029810298103,0.8841121495327103,946,232,0.8841121495327103,0.5714285714285714,0.7981029810298103,180,1160,6.444444444444445,0.0027100271002710027,0.011517615176151762,0.0,0.011517615176151762,0.5825854959980596,0.29519344586792884,0.0,1.0,0.45130421361321194,0.3067324567832978,0.0,1.0,0.47924062355301744,0.2921820621572226,0.0,1.0,0.31828103984300926,0.28265853687847475,0.0,1.0,73,0.15379357484620643,3.1332877648667123,8
94,1458,179,12.86425607107981,47.82373113854595,1,6,0,6,1054,0.7204374572795625,409,1119,0.7648667122351333,0.8548387096774194,901,218,0.8548387096774194,0.5330073349633252,0.7648667122351333,177,1103,6.231638418079096,0.000683526999316473,0.004101161995898838,0.0,0.004101161995898838,0.5832337714058144,0.2952630787547318,0.0,1.0,0.4511040311518209,0.3062584102155695,0.0,1.0,0.48046373733351033,0.2923506581700986,0.0,1.0,0.31808929598654806,0.28235490546299064,0.0,1.0,73,0.15432098765432098,3.136488340192044,8
95,1461,188,12.790704947525908,48.426420260095824,10,7,0,7,1075,0.7373113854595336,383,1172,0.803840877914952,0.8846511627906977,951,221,0.8846511627906977,0.577023498694517,0.803840877914952,179,1160,6.4804469273743015,0.006858710562414266,0.004801097393689987,0.0,0.004801097393689987,0.5843765869598816,0.2944254517108311,0.0,1.0,0.45028813671590384,0.3060519304374981,0.0,1.0,0.480934401978318,0.2918517164050102,0.0,1.0,0.31984279437415825,0.282519948030844,0.0,1.0,73,0.15331964407939766,3.1485284052019167,8
96,1459,197,12.761242039129662,48.99588759424263,10,12,0,12,1077,0.7371663244353183,384,1142,0.7816563997262149,0.851439182915506,917,225,0.851439182915506,0.5859375,0.7816563997262149,167,1118,6.6946107784431135,0.006844626967830253,0.008213552361396304,0.0,0.008213552361396304,0.5831214486280926,0.2942565164135971,0.0,1.0,0.4506621857657697,0.30627349966775147,0.0,1.0,0.4813062415706737,0.29208084618624275,0.0,1.0,0.3189104335713812,0.2817173439888965,0.0,1.0,72,0.15352981494174092,3.161754626456477,8
97,1456,198,12.779097594504297,49.60233516483517,8,11,0,11,1063,0.7285812200137081,396,1169,0.8012337217272104,0.8664158043273753,921,248,0.8664158043273753,0.6262626262626263,0.8012337217272104,190,1160,6.105263157894737,0.0054832076764907475,0.0075394105551747775,0.0,0.0075394105551747775,0.5816864587025877,0.2943411601927259,0.0,1.0,0.4507045373980858,0.3068453103041221,0.0,1.0,0.4826967387451258,0.2911105719089014,0.0,1.0,0.3167538107054236,0.2803353944811542,0.0,1.0,70,0.15384615384615385,3.179258241758242,8
98,1453,203,12.80057579625709,50.48176187198899,4,7,0,7,1056,0.7252747252747253,400,1132,0.7774725274725275,0.8835227272727273,933,199,0.8835227272727273,0.4975,0.7774725274725275,181,1118,6.176795580110498,0.0027472527472527475,0.004807692307692308,0.0,0.004807692307692308,0.5813333925360211,0.29370132514337294,0.0,1.0,0.4502586417423351,0.3069690310698279,0.0,1.0,0.482805319361499,0.2910338859327638,0.0,1.0,0.3178740314810292,0.2809505755648467,0.0,1.0,70,0.1520991052993806,3.1851342050929112,8
99,1444,209,12.861642015380681,51.30609418282548,4,13,0,13,1085,0.7467309015829319,368,1165,0.8017894012388163,0.8875576036866359,963,202,0.8875576036866359,0.5489130434782609,0.8017894012388163,177,1148,6.4858757062146895,0.0027529249827942187,0.008947006194081212,0.0,0.008947006194081212,0.580466446251452,0.29377944206934437,0.0,1.0,0.45190331516397103,0.3070082784489493,0.0,1.0,0.4828880350281476,0.29114630519745993,0.0,1.0,0.3166160307389867,0.27965131595808357,0.0,1.0,69,0.1523545706371191,3.195983379501385,8
100,1435,212,12.93750651082327,51.88362369337979,8,17,0,17,1045,0.7236842105263158,399,1147,0.7943213296398892,0.8784688995215311,918,229,0.8784688995215311,0.5739348370927319,0.7943213296398892,182,1132,6.21978021978022,0.00554016620498615,0.011772853185595568,0.0,0.011772853185595568,0.5794312689670675,0.29392562463494565,0.0,1.0,0.45264695964931995,0.30693841051445636,0.0,1.0,0.4825896369562774,0.29065176333415177,0.0,1.0,0.31657862200741826,0.2786877502811448,0.0,1.0,66,0.15121951219512195,3.205574912891986,8
101,1438,218,12.88301361878773,52.51668984700974,9,6,0,6,1072,0.7470383275261324,363,1185,0.8257839721254355,0.8973880597014925,962,223,0.8973880597014925,0.6143250688705234,0.8257839721254355,176,1167,6.630681818181818,0.0062717770034843206,0.004181184668989547,0.0,0.004181184668989547,0.5795235317869801,0.29401574869663366,0.0,1.0,0.4525775045986809,0.306678469043905,0.0,1.0,0.4831755574498631,0.29066426684379854,0.0,1.0,0.3166360087935753,0.2787953962123824,0.0,1.0,66,0.15159944367176634,3.2190542420027817,8
102,1434,229,12.89563407816982,53.33891213389121,4,8,0,8,1057,0.7350486787204451,381,1166,0.8108484005563282,0.8959318826868495,947,219,0.8959318826868495,0.5748031496062992,0.8108484005563282,171,1148,6.713450292397661,0.0027816411682892906,0.005563282336578581,0.0,0.005563282336578581,0.5789805191883745,0.29403082254259993,0.0,1.0,0.45244522427678047,0.3067611147657221,0.0,1.0,0.48294866603680203,0.29045230845681297,0.0,1.0,0.3153147073379224,0.27788143677995786,0.0,1.0,64,0.15202231520223153,3.225941422594142,8
103,1435,238,12.868832361787888,54.01393728222997,6,5,0,5,1042,0.7266387726638772,392,1142,0.796373779637378,0.8637236084452975,900,242,0.8637236084452975,0.6173469387755102,0.796373779637378,177,1128,6.372881355932203,0.0041841004184100415,0.003486750348675035,0.0,0.003486750348675035,0.5800157356412273,0.29404092145926514,0.0,1.0,0.4532539058109475,0.306717153827911,0.0,1.0,0.4837136113296617,0.2905572289338984,0.0,1.0,0.31561200404630774,0.27811955851130576,0.0,1.0,63,0.15331010452961671,3.2369337979094075,8
104,1430,242,12.915372040804144,54.82587412587412,5,10,0,10,1049,0.7310104529616724,386,1211,0.8439024390243902,0.9199237368922784,965,246,0.9199237368922784,0.6373056994818653,0.8439024390243902,176,1191,6.767045454545454,0.003484320557491289,0.006968641114982578,0.0,0.006968641114982578,0.5805323708549515,0.29390845426386286,0.0,1.0,0.4525829009699977,0.3065468252876926,0.0,1.0,0.48409654861267765,0.2904302505686386,0.0,1.0,0.31619670651928716,0.2783779828262442,0.0,1.0,63,0.15314685314685314,3.234965034965035,8
105,1434,245,12.86526702589462,55.509065550906556,8,4,0,4,1074,0.7510489510489511,356,1178,0.8237762237762237,0.9031657355679702,970,208,0.9031657355679702,0.5842696629213483,0.8237762237762237,183,1164,6.360655737704918,0.005594405594405594,0.002797202797202797,0.0,0.002797202797202797,0.5819723759391731,0.2937720577208171,0.0,1.0,0.45091555315607146,0.30679456678003636,0.0,1.0,0.48468079362936967,0.2903539425009659,0.0,1.0,0.31594457191703784,0.27851015241194543,0.0,1.0,62,0.15341701534170155,3.2440725244072524,8
106,1431,257,12.866495798904468,56.27812718378756,4,7,0,7,1055,0.7357043235704324,379,1165,0.8124128312412832,0.8947867298578199,944,221,0.8947867298578199,0.58311345646438,0.8124128312412832,175,1152,6.582857142857143,0.002789400278940028,0.0048814504881450485,0.0,0.0048814504881450485,0.5825387164401163,0.29362759556207024,0.0,1.0,0.45116205676156984,0.30701817154995154,0.0,1.0,0.48438944117580757,0.29037220749655945,0.0,1.0,0.31518676314781,0.27791701387306417,0.0,1.0,61,0.15373864430468204,3.2508735150244585,8
107,1431,267,12.8491229425954,56.914046121593294,7,7,0,7,1025,0.716282320055905,406,1176,0.8218029350104822,0.8926829268292683,915,261,0.8926829268292683,0.6428571428571429,0.8218029350104822,175,1161,6.634285714285714,0.004891684136967156,0.004891684136967156,0.0,0.004891684136967156,0.5822231239151506,0.29433935690950297,0.0,1.0,0.4522666305989495,0.3073125433859518,0.0,1.0,0.48380334077230003,0.29036765391629543,0.0,1.0,0.3136989698158292,0.2772210677772989,0.0,1.0,61,0.15373864430468204,3.2641509433962264,8
108,1426,274,12.88201068528542,57.607994389901826,5,10,0,10,1062,0.7421383647798742,369,1182,0.8259958071278826,0.903954802259887,960,222,0.903954802259887,0.6016260162601627,0.8259958071278826,180,1169,6.4944444444444445,0.0034940600978336828,0.0069881201956673656,0.0,0.0069881201956673656,0.5841062299235398,0.29387078094984304,0.0,1.0,0.4515902818621907,0.30748628103384096,0.0,1.0,0.485160385468036,0.2909511782105295,0.0,1.0,0.3136452065330498,0.2775227435526895,0.0,1.0,59,0.15427769985974754,3.2769985974754556,8
109,1425,279,12.875006713564046,58.28,7,8,0,8,1074,0.7531556802244039,352,1173,0.8225806451612904,0.8947858472998138,961,212,0.8947858472998138,0.6022727272727273,0.8225806451612904,179,1157,6.4636871508379885,0.004908835904628331,0.005610098176718092,0.0,0.005610098176718092,0.5834521788341822,0.29422791157515593,0.0,1.0,0.4522467458970006,0.307566197349008,0.0,1.0,0.4855687606112054,0.29103359157040604,0.0,1.0,0.3120090548953028,0.2767433031912366,0.0,1.0,58,0.1550877192982456,3.2821052631578946,8
110,1421,294,12.87835075674906,59.00211118930331,5,9,0,9,1042,0.7312280701754386,383,1130,0.7929824561403509,0.8646833013435701,901,229,0.8646833013435701,0.597911227154047,0.7929824561403509,170,1115,6.5588235294117645,0.0035087719298245615,0.00631578947368421,0.0,0.00631578947368421,0.5845270254931784,0.29370975933834603,0.0,1.0,0.4514085945835509,0.30805761127277625,0.0,1.0,0.4855281378402306,0.2906606909072926,0.0,1.0,0.31113936119497854,0.2767349495625834,0.0,1.0,57,0.15482054890921887,3.2927515833919774,8
111,1428,297,12.81711234267536,59.70798319327731,7,0,0,0,1042,0.733286418015482,379,1184,0.8332160450387052,0.9021113243761996,940,244,0.9021113243761996,0.6437994722955145,0.8332160450387052,181,1168,6.45303867403315,0.0049261083743842365,0.0,0.0,0.0,0.584733893557423,0.293584848702305,0.0,1.0,0.45159031354477275,0.30817783315788755,0.0,1.0,0.4858588596729014,0.2906769934857831,0.0,1.0,0.31146652209270803,0.2767771794180983,0.0,1.0,57,0.15476190476190477,3.2983193277310923,8
112,1432,303,12.766017056801964,60.53840782122905,4,0,0,0,1087,0.761204481792717,341,1191,0.8340336134453782,0.9015639374425023,980,211,0.9015639374425023,0.6187683284457478,0.8340336134453782,176,1173,6.6647727272727275,0.0028011204481792717,0.0,0.0,0.0,0.5853532167958191,0.2934698758039603,0.0,1.0,0.45086952604072805,0.30845142316011365,0.0,1.0,0.48551540818165434,0.29058436995476605,0.0,1.0,0.3119480987565327,0.2768499803678495,0.0,1.0,57,0.1543296089385475,3.3002793296089385,8
113,1433,313,12.707940267194006,60.99092812281926,9,8,0,8,1094,0.7639664804469274,338,1199,0.8372905027932961,0.9003656307129799,985,214,0.9003656307129799,0.6331360946745562,0.8372905027932961,166,1175,7.078313253012048,0.006284916201117319,0.00558659217877095,0.0,0.00558659217877095,0.5864079418319339,0.29260628814493866,0.0,1.0,0.45096008824257705,0.30901208682760256,0.0,1.0,0.4840960763568422,0.2902587055725313,0.0,1.0,0.31035724737185694,0.27621865978237564,0.0,1.0,55,0.15422191207257502,3.324494068387997,8
114,1435,314,12.674668533382762,61.77909407665505,5,3,0,3,1127,0.7864619678995115,306,1222,0.8527564549895325,0.9183673469387755,1035,187,0.9183673469387755,0.6111111111111112,0.8527564549895325,186,1209,6.5,0.0034891835310537334,0.00209351011863224,0.0,0.00209351011863224,0.5873890075306283,0.29231923932630427,0.0,1.0,0.4499943801281331,0.3089022972543862,0.0,1.0,0.48369113184219403,0.2903162805764262,0.0,1.0,0.31026188602899857,0.2762748910180757,0.0,1.0,55,0.15470383275261324,3.3268292682926828,8
115,1431,324,12.67896775274367,62.635918937805734,2,6,0,6,1111,0.7742160278745644,324,1248,0.8696864111498258,0.9243924392439244,1027,221,0.9243924392439244,0.6820987654320988,0.8696864111498258,179,1237,6.910614525139665,0.0013937282229965157,0.004181184668989547,0.0,0.004181184668989547,0.5883771781519803,0.29205789411419936,0.0,1.0,0.4496291787831654,0.3094538272746396,0.0,1.0,0.48369062915624084,0.29012082597445926,0.0,1.0,0.3106332138590203,0.27650691340195566,0.0,1.0,54,0.15443745632424877,3.3354297693920336,8
116,1430,337,12.66136761120705,63.316783216783215,5,6,0,6,1040,0.726764500349406,391,1223,0.8546470999301188,0.9134615384615384,950,273,0.9134615384615384,0.6982097186700768,0.8546470999301188,172,1208,7.023255813953488,0.0034940600978336828,0.0041928721174004195,0.0,0.0041928721174004195,0.5888563049853373,0.2918442033870618,0.0,1.0,0.4502819760884277,0.3099308189209666,0.0,1.0,0.484231897135123,0.290099195934459,0.0,1.0,0.31003834874802616,0.27637475992522414,0.0,1.0,52,0.15384615384615385,3.3447552447552447,8
117,1430,344,12.637082012492096,64.1097902097902,4,4,0,4,1103,0.7713286713286713,327,1238,0.8657342657342657,0.9129646418857661,1007,231,0.9129646418857661,0.7064220183486238,0.8657342657342657,173,1218,7.040462427745664,0.002797202797202797,0.002797202797202797,0.0,0.002797202797202797,0.5892397924655989,0.291597432573128,0.0,1.0,0.4502819760884277,0.31037190640073137,0.0,1.0,0.4833070155650801,0.2898090087921257,0.0,1.0,0.30861718926235054,0.27573320098082965,0.0,1.0,51,0.15314685314685314,3.353846153846154,8
118,1424,352,12.661618448698057,64.74297752808988,5,11,0,11,1100,0.7692307692307693,330,1213,0.8482517482517482,0.9018181818181819,992,221,0.9018181818181819,0.6696969696969697,0.8482517482517482,180,1201,6.6722222222222225,0.0034965034965034965,0.007692307692307693,0.0,0.007692307692307693,0.5901594780717652,0.29114463626758785,0.0,1.0,0.4502537151141718,0.3103087415670337,0.0,1.0,0.4837577020659659,0.2898073718317954,0.0,1.0,0.3087395795578108,0.27463936793388577,0.0,1.0,48,0.15308988764044945,3.365168539325843,8
119,1417,357,12.720355475794904,65.51235003528582,2,9,0,9,1091,0.7661516853932584,333,1257,0.8827247191011236,0.9275893675527039,1012,245,0.9275893675527039,0.7357357357357357,0.8827247191011236,183,1245,6.80327868852459,0.0014044943820224719,0.006320224719101123,0.0,0.006320224719101123,0.5914130261570333,0.2907877667243077,0.0,1.0,0.4498372299496892,0.3108997974190129,0.0,1.0,0.48337013681790236,0.28995387969212455,0.0,1.0,0.3072142418102761,0.2738333670580949,0.0,1.0,46,0.15384615384615385,3.3768525052928724,8
120,1416,364,12.711332934751418,66.25353107344633,5,6,0,6,1082,0.7635850388143967,335,1206,0.8510938602681722,0.8983364140480592,972,234,0.8983364140480592,0.6985074626865672,0.8510938602681722,176,1189,6.755681818181818,0.0035285815102328866,0.004234297812279464,0.0,0.004234297812279464,0.591580098414434,0.29053169692679776,0.0,1.0,0.4500182248952069,0.3112278506583934,0.0,1.0,0.48243575724439586,0.2895142405841579,0.0,1.0,0.30768179332968837,0.27370525013815505,0.0,1.0,44,0.15254237288135594,3.380649717514124,8
121,1414,372,12.70991815978491,66.93847241867044,6,8,0,8,1067,0.7535310734463276,349,1239,0.875,0.9250234301780693,987,252,0.9250234301780693,0.7220630372492837,0.875,177,1224,6.915254237288136,0.00423728813559322,0.005649717514124294,0.0,0.005649717514124294,0.5928502988547703,0.28993015128906935,0.0,1.0,0.45124788976593505,0.311524991627421,0.0,1.0,0.4820915271250627,0.2893904231881573,0.0,1.0,0.3071588264817265,0.2739133652552762,0.0,1.0,43,0.15205091937765206,3.3882602545968883,8
122,1416,378,12.669674124097845,67.63559322033899,7,5,0,5,1087,0.7687411598302687,327,1249,0.8833097595473833,0.9346826126954921,1016,233,0.9346826126954921,0.7125382262996942,0.8833097595473833,173,1228,7.098265895953757,0.0049504950495049506,0.003536067892503536,0.0,0.003536067892503536,0.5941315837433935,0.2893140263585514,0.0,1.0,0.45067887734645523,0.31169416327406924,0.0,1.0,0.4827546929105158,0.28967044030607525,0.0,1.0,0.30706670311645706,0.273688528648548,0.0,1.0,42,0.1518361581920904,3.399011299435028,8
123,1416,389,12.63283411689545,68.29378531073446,7,7,0,7,1078,0.7612994350282486,338,1230,0.8686440677966102,0.9192949907235621,991,239,0.9192949907235621,0.7071005917159763,0.8686440677966102,175,1216,6.948571428571428,0.0049435028248587575,0.0049435028248587575,0.0,0.0049435028248587575,0.5945644250045562,0.28935321434528616,0.0,1.0,0.45161290322580644,0.3114656052217539,0.0,1.0,0.4844632768361582,0.28990909060498565,0.0,1.0,0.3069072352833971,0.27367541488039604,0.0,1.0,42,0.15254237288135594,3.4088983050847457,8
124,1414,393,12.65336097142954,69.19660537482319,1,3,0,3,1094,0.7725988700564972,322,1205,0.8509887005649718,0.9012797074954296,986,219,0.9012797074954296,0.6801242236024845,0.8509887005649718,176,1185,6.732954545454546,0.0007062146892655367,0.00211864406779661,0.0,0.00211864406779661,0.5949947529315143,0.2889240461893093,0.0,1.0,0.4517269699320163,0.31135150752764346,0.0,1.0,0.4843956745905005,0.28977279833006314,0.0,1.0,0.30697631975179085,0.2736369093655223,0.0,1.0,41,0.15205091937765206,3.4087694483734086,8
125,1409,405,12.676803094466031,69.96451383960256,4,9,0,9,1057,0.7475247524752475,357,1215,0.8592644978783592,0.9044465468306528,956,259,0.9044465468306528,0.7254901960784313,0.8592644978783592,173,1200,6.936416184971098,0.002828854314002829,0.006364922206506365,0.0,0.006364922206506365,0.5942443737265047,0.2897121672726907,0.0,1.0,0.4524370979189084,0.31114732220310076,0.0,1.0,0.48455779665285376,0.29019836681928246,0.0,1.0,0.3053183452002106,0.27273285448200496,0.0,1.0,41,0.15259048970901348,3.418026969481902,8
126,1412,409,12.651464207402777,70.53611898016997,7,4,0,4,1041,0.7388218594748048,368,1253,0.8892831795599716,0.9250720461095101,963,290,0.9250720461095101,0.7880434782608695,0.8892831795599716,186,1243,6.682795698924731,0.0049680624556423,0.0028388928317956,0.0,0.0028388928317956,0.5941469432513935,0.2899614376463793,0.0,1.0,0.4526409576898474,0.31112052697815124,0.0,1.0,0.48464772000365536,0.2906589546966215,0.0,1.0,0.3040299734990405,0.27218117869869907,0.0,1.0,40,0.1536827195467422,3.431303116147309,8
127,1409,421,12.652884470972312,71.44925479063166,2,5,0,5,1088,0.7705382436260623,324,1245,0.8817280453257791,0.9237132352941176,1005,240,0.9237132352941176,0.7407407407407407,0.8817280453257791,174,1231,7.074712643678161,0.00141643059490085,0.0035410764872521247,0.0,0.0035410764872521247,0.5933743904393415,0.2898179575301542,0.0,1.0,0.4527576180773369,0.31146894553432103,0.0,1.0,0.4838251791478743,0.29026024697854896,0.0,1.0,0.30451704480413927,0.27224048633518827,0.0,1.0,40,0.15188076650106458,3.432931156848829,8
128,1408,425,12.664809248544584,72.2059659090909,3,4,0,4,1077,0.7643718949609652,332,1245,0.8836053938963804,0.9368616527390901,1009,236,0.9368616527390901,0.7108433734939759,0.8836053938963804,182,1231,6.763736263736264,0.0021291696238466998,0.0028388928317956,0.0,0.0028388928317956,0.593841642228739,0.2892059155255609,0.0,1.0,0.45287298387096775,0.3120306184981467,0.0,1.0,0.4832065615835777,0.2903103648594673,0.0,1.0,0.3037023460410557,0.2723053798359479,0.0,1.0,38,0.1512784090909091,3.4375,8
129,1403,437,12.661796450068605,72.97006414825374,4,9,0,9,1135,0.8061079545454546,273,1245,0.8842329545454546,0.920704845814978,1045,200,0.920704845814978,0.7326007326007326,0.8842329545454546,177,1234,6.971751412429379,0.002840909090909091,0.006392045454545455,0.0,0.006392045454545455,0.5931069367484423,0.28894953131503504,0.0,1.0,0.45214172395557906,0.31257874058797086,0.0,1.0,0.4832041937783091,0.29042909238813813,0.0,1.0,0.30319821580484213,0.27139003011151774,0.0,1.0,38,0.150392017106201,3.4454739843193156,8
130,1397,445,12.731539582891477,73.907659269864,0,6,0,6,1038,0.7398431931575196,365,1239,0.8831076265146115,0.9219653179190751,957,282,0.9219653179190751,0.7726027397260274,0.8831076265146115,182,1229,6.752747252747253,0.0,0.0042765502494654314,0.0,0.0042765502494654314,0.5937839148405569,0.28857039249452093,0.0,1.0,0.4521209042418085,0.31289837374413276,0.0,1.0,0.4829935114415683,0.290561046088544,0.0,1.0,0.3023298773870275,0.2704313391776803,0.0,1.0,37,0.15032211882605584,3.4495347172512525,8
131,1397,458,12.712610918417559,74.69434502505369,5,5,0,5,1036,0.7415891195418755,361,1218,0.8718682891911238,0.9111969111969112,944,274,0.9111969111969112,0.7590027700831025,0.8718682891911238,168,1199,7.136904761904762,0.0035790980672870437,0.0035790980672870437,0.0,0.0035790980672870437,0.5941071882143765,0.2885064419704426,0.0,1.0,0.45170526704689773,0.31271303487349356,0.0,1.0,0.4827395109335673,0.2903203758573569,0.0,1.0,0.3026993326713926,0.27053860842956523,0.0,1.0,37,0.15032211882605584,3.446671438797423,8
132,1393,467,12.739237455234456,75.62598707824839,3,7,0,7,1076,0.7702219040801718,321,1234,0.8833214030064424,0.9191449814126395,989,245,0.9191449814126395,0.7632398753894081,0.8833214030064424,177,1220,6.892655367231638,0.0021474588403722263,0.005010737294201861,0.0,0.005010737294201861,0.5933353402959498,0.2886807445802461,0.0,1.0,0.4516129032258065,0.3127320420474837,0.0,1.0,0.48072158025148787,0.29001329500560247,0.0,1.0,0.3018548966028298,0.270238802083048,0.0,1.0,37,0.14931801866475233,3.4501076812634603,8
133,1396,471,12.69908627636695,76.29441260744986,6,3,0,3,1102,0.7910983488872936,291,1242,0.8916008614501076,0.9237749546279492,1018,224,0.9237749546279492,0.7697594501718213,0.8916008614501076,187,1233,6.593582887700535,0.004307250538406317,0.0021536252692031586,0.0,0.0021536252692031586,0.5942323689804972,0.28854083021140414,0.0,1.0,0.45110453831222846,0.3126744652754501,0.0,1.0,0.4815140031426195,0.2902667928626638,0.0,1.0,0.30115999630280066,0.27003589072528056,0.0,1.0,36,0.1504297994269341,3.458452722063037,8
134,1393,482,12.708385004490948,77.33740129217516,1,4,0,4,1094,0.7836676217765043,302,1249,0.8946991404011462,0.9296160877513712,1017,232,0.9296160877513712,0.7682119205298014,0.8946991404011462,177,1237,6.988700564971752,0.0007163323782234957,0.0028653295128939827,0.0,0.0028653295128939827,0.5946089896487043,0.28823992948385313,0.0,1.0,0.4500613667415418,0.31220104443350677,0.0,1.0,0.48150892712409976,0.290059409325456,0.0,1.0,0.30190121112474816,0.27003772063666964,0.0,1.0,36,0.15003589375448673,3.4529791816223976,8
135,1392,488,12.742240577951438,78.2492816091954,2,3,0,3,1018,0.7307968413496052,375,1212,0.8700646087580761,0.906679764243615,923,289,0.906679764243615,0.7706666666666667,0.8700646087580761,182,1200,6.593406593406593,0.0014357501794687725,0.0021536252692031586,0.0,0.0021536252692031586,0.5947812384130515,0.2884817411453132,0.0,1.0,0.4495040786058584,0.31200337121563926,0.0,1.0,0.48215609936966997,0.28988976370051867,0.0,1.0,0.3010289210233593,0.26940609920048764,0.0,1.0,36,0.15086206896551724,3.4547413793103448,8
136,1394,495,12.711190310112158,79.11334289813486,3,1,0,1,1101,0.790948275862069,291,1237,0.8886494252873564,0.9173478655767484,1010,227,0.9173478655767484,0.7800687285223368,0.8886494252873564,181,1225,6.767955801104972,0.0021551724137931034,0.0007183908045977011,0.0,0.0007183908045977011,0.5945758319063266,0.28839036779891036,0.0,1.0,0.4499004952098857,0.3119602090883791,0.0,1.0,0.48252881010783544,0.2899129423144981,0.0,1.0,0.3009672791225066,0.26928699009551926,0.0,1.0,36,0.15064562410329985,3.4540889526542324,8
137,1392,500,12.733857912071377,79.88002873563218,4,6,0,6,1064,0.763271162123386,330,1255,0.900286944045911,0.9295112781954887,989,266,0.9295112781954887,0.806060606060606,0.900286944045911,180,1240,6.888888888888889,0.0028694404591104736,0.00430416068866571,0.0,0.00430416068866571,0.5944104560622914,0.28847375861462987,0.0,1.0,0.44934186132740084,0.3117037927896536,0.0,1.0,0.48236466444197257,0.2897787267931341,0.0,1.0,0.3013070077864294,0.2693643784536675,0.0,1.0,35,0.15014367816091953,3.456896551724138,8
138,1392,508,12.718745249751514,80.68031609195403,5,5,0,5,1079,0.7751436781609196,313,1208,0.867816091954023,0.9184430027803522,991,217,0.9184430027803522,0.6932907348242812,0.867816091954023,180,1196,6.644444444444445,0.0035919540229885057,0.0035919540229885057,0.0,0.0035919540229885057,0.5941555431961438,0.28865548796670043,0.0,1.0,0.4489247311827957,0.3116620996525601,0.0,1.0,0.48204022988505746,0.28985681921291023,0.0,1.0,0.30163144234334444,0.2695312904367616,0.0,1.0,35,0.15014367816091953,3.459051724137931,8
139,1390,515,12.73705206837543,81.67482014388489,2,4,0,4,1076,0.7729885057471264,316,1182,0.8491379310344828,0.9052044609665427,974,208,0.9052044609665427,0.6582278481012658,0.8491379310344828,183,1172,6.404371584699454,0.0014367816091954023,0.0028735632183908046,0.0,0.0028735632183908046,0.5939893246692968,0.2888272004914695,0.0,1.0,0.4491529357159434,0.31163600456107476,0.0,1.0,0.48199118124854956,0.2900391590663659,0.0,1.0,0.30199582269668135,0.2695669612710191,0.0,1.0,35,0.15035971223021583,3.460431654676259,8
140,1391,526,12.699742529218005,82.32566498921639,6,5,0,5,1076,0.7741007194244605,314,1206,0.8676258992805755,0.8912639405204461,959,247,0.8912639405204461,0.7866242038216561,0.8676258992805755,179,1196,6.681564245810056,0.004316546762589928,0.0035971223021582736,0.0,0.0035971223021582736,0.5940261125669627,0.28879397693953734,0.0,1.0,0.4486908930683426,0.3120933731969573,0.0,1.0,0.4808330048004453,0.2898192478720203,0.0,1.0,0.3023352890702906,0.2688114683421313,0.0,1.0,35,0.14953271028037382,3.4680086268871317,8
141,1390,541,12.695920661660997,83.24028776978417,2,3,0,3,1032,0.7419122933141624,359,1217,0.8749101365923796,0.9069767441860465,936,281,0.9069767441860465,0.7827298050139275,0.8749101365923796,174,1206,6.931034482758621,0.0014378145219266715,0.002156721782890007,0.0,0.002156721782890007,0.5944070550011604,0.2887350099385182,0.0,1.0,0.4488744488280343,0.31228401183482307,0.0,1.0,0.48136458575075425,0.28978781701654244,0.0,1.0,0.301902993734045,0.26851081221016343,0.0,1.0,34,0.14964028776978416,3.471223021582734,8
142,1390,541,12.692551230600989,84.0201438848921,4,4,0,4,1138,0.818705035971223,252,1257,0.9043165467625899,0.9323374340949033,1061,196,0.9323374340949033,0.7777777777777778,0.9043165467625899,184,1241,6.744565217391305,0.0028776978417266188,0.0028776978417266188,0.0,0.0028776978417266188,0.595126479461592,0.2887296406364521,0.0,1.0,0.4484567184961708,0.3121913575818167,0.0,1.0,0.4816662798793223,0.29013235715777913,0.0,1.0,0.3014156416802042,0.2679467002571832,0.0,1.0,33,0.15035971223021583,3.476978417266187,8
143,1388,553,12.698488430757365,84.85086455331412,3,5,0,5,1052,0.7568345323741007,338,1234,0.8877697841726618,0.9192015209125475,967,267,0.9192015209125475,0.7899408284023669,0.8877697841726618,169,1215,7.189349112426036,0.002158273381294964,0.0035971223021582736,0.0,0.0035971223021582736,0.5953100306776982,0.2885718499935139,0.0,1.0,0.44821976387468626,0.3125432945701592,0.0,1.0,0.48243004555173374,0.29005548762972105,0.0,1.0,0.30157107000092964,0.2680692157753227,0.0,1.0,32,0.14985590778097982,3.4747838616714697,8
144,1394,562,12.609193646732958,85.39670014347202,8,2,0,2,1094,0.7881844380403458,294,1247,0.8984149855907781,0.923217550274223,1010,237,0.923217550274223,0.8061224489795918,0.8984149855907781,171,1227,7.175438596491228,0.005763688760806916,0.001440922190201729,0.0,0.001440922190201729,0.5956403017540611,0.28820750568136805,0.0,1.0,0.447840977461008,0.31332100593483253,0.0,1.0,0.48199657518396816,0.2897850829914051,0.0,1.0,0.3009672791225066,0.268153615375228,0.0,1.0,32,0.1492109038737446,3.4777618364418936,8
145,1395,568,12.580361766098155,86.19569892473119,3,2,0,2,1129,0.8098995695839312,265,1226,0.8794835007173601,0.9300265721877768,1050,176,0.9300265721877768,0.6641509433962264,0.8794835007173601,179,1211,6.76536312849162,0.002152080344332855,0.0014347202295552368,0.0,0.0014347202295552368,0.5955370563070875,0.28849477712260807,0.0,1.0,0.44802867383512546,0.31297262340254695,0.0,1.0,0.48202104289513237,0.2896980888834791,0.0,1.0,0.3013296334836397,0.2681122632403611,0.0,1.0,32,0.14982078853046596,3.478136200716846,8
146,1396,575,12.563028411398244,86.94484240687679,5,4,0,4,1068,0.7655913978494624,327,1226,0.8788530465949821,0.9241573033707865,987,239,0.9241573033707865,0.7308868501529052,0.8788530465949821,176,1209,6.869318181818182,0.0035842293906810036,0.002867383512544803,0.0,0.002867383512544803,0.5949949163508642,0.28843026794176224,0.0,1.0,0.4481467788150476,0.3133772166731182,0.0,1.0,0.48190683057583883,0.2897157913376226,0.0,1.0,0.30196875866531103,0.268128081338731,0.0,1.0,32,0.1489971346704871,3.477077363896848,8
147,1401,584,12.494010629165734,87.53604568165596,7,2,0,2,1071,0.7671919770773639,325,1227,0.8789398280802292,0.9215686274509803,987,240,0.9215686274509803,0.7384615384615385,0.8789398280802292,175,1211,6.92,0.00501432664756447,0.0014326647564469914,0.0,0.0014326647564469914,0.5950127788906542,0.28826745153167554,0.0,1.0,0.4476756234026386,0.3134913998052642,0.0,1.0,0.4812230894982847,0.2896240311303064,0.0,1.0,0.3029863461582741,0.2685994136949173,0.0,1.0,32,0.14846538187009278,3.476802284082798,8
148,1406,590,12.434661036918758,87.98435277382646,8,3,0,3,1062,0.7580299785867237,339,1245,0.8886509635974305,0.9293785310734464,987,258,0.9293785310734464,0.7610619469026548,0.8886509635974305,177,1228,6.937853107344632,0.005710206995003569,0.0021413276231263384,0.0,0.0021413276231263384,0.595007571238471,0.2882082971307646,0.0,1.0,0.44626715000229433,0.31380527959570026,0.0,1.0,0.48017712109392924,0.289516621461278,0.0,1.0,0.3024824484926353,0.2684774187983045,0.0,1.0,32,0.14793741109530584,3.4829302987197726,8
149,1401,600,12.462253998153178,89.02069950035688,2,7,0,7,1086,0.7724039829302988,320,1264,0.89900426742532,0.9392265193370166,1020,244,0.9392265193370166,0.7625,0.89900426742532,179,1253,7.0,0.001422475106685633,0.004978662873399715,0.0,0.004978662873399715,0.5939075775367825,0.28849810896440786,0.0,1.0,0.44675462227441226,0.31389757564804316,0.0,1.0,0.47963436255209413,0.2894268484234393,0.0,1.0,0.30220349519928164,0.2679347532214478,0.0,1.0,32,0.1470378301213419,3.481798715203426,8
150,1395,609,12.503616747856915,90.0179211469534,1,7,0,7,1097,0.7830121341898644,304,1256,0.8965024982155603,0.9288969917958068,1019,237,0.9288969917958068,0.7796052631578947,0.8965024982155603,183,1248,6.819672131147541,0.0007137758743754461,0.004996431120628123,0.0,0.004996431120628123,0.5935021389756041,0.2888535657587347,0.0,1.0,0.44696496704821365,0.3138440438229272,0.0,1.0,0.4790149150190774,0.28962208769119896,0.0,1.0,0.30188461093768065,0.26738960296463027,0.0,1.0,31,0.14767025089605734,3.485304659498208,8
151,1397,620,12.476762864819467,90.77738010021474,5,3,0,3,1030,0.7383512544802867,365,1242,0.8903225806451613,0.9262135922330097,954,288,0.9262135922330097,0.7890410958904109,0.8903225806451613,178,1231,6.915730337078652,0.0035842293906810036,0.002150537634408602,0.0,0.002150537634408602,0.5933220957351005,0.2889702151480456,0.0,1.0,0.44773362273997275,0.3138089689385283,0.0,1.0,0.47934514050846283,0.2898263438006786,0.0,1.0,0.3020527859237536,0.2674495817078519,0.0,1.0,31,0.1481746599856836,3.4824624194702936,8
152,1397,627,12.45365697902903,91.45597709377238,6,6,0,6,1100,0.7874015748031497,297,1246,0.8919112383679313,0.9290909090909091,1022,224,0.9290909090909091,0.7542087542087542,0.8919112383679313,180,1233,6.85,0.004294917680744453,0.004294917680744453,0.0,0.004294917680744453,0.5932066409587364,0.2892985678998815,0.0,1.0,0.44701780312651535,0.3136936554517938,0.0,1.0,0.47872168471609666,0.28980694172269533,0.0,1.0,0.30202969496848087,0.2673071237074235,0.0,1.0,30,0.148890479599141,3.487473156764495,8
153,1393,638,12.465684068174529,92.4091888011486,2,6,0,6,1100,0.7874015748031497,297,1246,0.8919112383679313,0.9181818181818182,1010,236,0.9181818181818182,0.7946127946127947,0.8919112383679313,175,1232,7.04,0.0014316392269148174,0.004294917680744453,0.0,0.004294917680744453,0.5939374290808883,0.2891320142534515,0.0,1.0,0.447421438992196,0.31372591216701556,0.0,1.0,0.47926267281105994,0.2903426128226615,0.0,1.0,0.302549614431605,0.2673176511154748,0.0,1.0,29,0.15003589375448673,3.488872936109117,8
154,1393,650,12.427753230325399,93.13496051687007,5,5,0,5,1102,0.7910983488872936,291,1225,0.8793969849246231,0.9237749546279492,1018,207,0.9237749546279492,0.711340206185567,0.8793969849246231,175,1212,6.925714285714286,0.003589375448671931,0.003589375448671931,0.0,0.003589375448671931,0.5935205983836231,0.28934198868259725,0.0,1.0,0.44732880994835933,0.3141339424163565,0.0,1.0,0.47974897529120253,0.29048239232035017,0.0,1.0,0.301345436861728,0.2672945662361365,0.0,1.0,29,0.15003589375448673,3.4867193108399137,8
155,1398,656,12.374217579002472,93.75178826895565,6,1,0,1,1070,0.7681263460157932,323,1263,0.9066762383345298,0.930841121495327,996,267,0.930841121495327,0.826625386996904,0.9066762383345298,183,1252,6.841530054644808,0.004307250538406317,0.0007178750897343862,0.0,0.0007178750897343862,0.5937514421523835,0.2895796903408808,0.0,1.0,0.4479671420000923,0.3140196581392555,0.0,1.0,0.4807559185933823,0.2907785369465482,0.0,1.0,0.30128293876044115,0.2669224963086322,0.0,1.0,29,0.15092989985693847,3.4907010014306152,8
156,1400,663,12.354721795207336,94.56071428571428,4,2,0,2,1058,0.7567954220314735,340,1260,0.9012875536480687,0.9291115311909263,983,277,0.9291115311909263,0.8147058823529412,0.9012875536480687,176,1243,7.0625,0.002861230329041488,0.001430615164520744,0.0,0.001430615164520744,0.5933640552995391,0.2896463633831861,0.0,1.0,0.4492626728110599,0.3138502564569522,0.0,1.0,0.4811981566820276,0.29101094605448014,0.0,1.0,0.3007373271889401,0.2669218306773678,0.0,1.0,29,0.15142857142857144,3.4914285714285715,8
157,1399,671,12.357593029750412,95.57969978556112,0,1,0,1,1097,0.7835714285714286,303,1259,0.8992857142857142,0.9361896080218779,1027,232,0.9361896080218779,0.7656765676567657,0.8992857142857142,178,1245,6.99438202247191,0.0,0.0007142857142857143,0.0,0.0007142857142857143,0.5932117411053979,0.289693811130561,0.0,1.0,0.4495607461550877,0.3137642515073552,0.0,1.0,0.48142682561276484,0.29098917448850303,0.0,1.0,0.3005372501095252,0.26691224737473673,0.0,1.0,29,0.15153681200857755,3.490350250178699,8
158,1396,686,12.353290397931513,96.5365329512894,3,6,0,6,1069,0.7641172265904217,330,1242,0.8877769835596855,0.9176800748362957,981,261,0.9176800748362957,0.7909090909090909,0.8877769835596855,176,1233,7.005681818181818,0.002144388849177984,0.004288777698355968,0.0,0.004288777698355968,0.593238746649413,0.28960823395974483,0.0,1.0,0.4502957759497181,0.31380838867936844,0.0,1.0,0.4815602181347629,0.29111592812614734,0.0,1.0,0.29956557907385156,0.26656580719063905,0.0,1.0,29,0.1518624641833811,3.492836676217765,8
159,1393,686,12.386142324102343,97.53338119167265,3,6,0,6,1117,0.8001432664756447,279,1200,0.8595988538681948,0.8925693822739481,997,203,0.8925693822739481,0.7275985663082437,0.8595988538681948,178,1178,6.617977528089888,0.002148997134670487,0.004297994269340974,0.0,0.004297994269340974,0.5943079452562351,0.2893549342059506,0.0,1.0,0.4492508626079707,0.3139056916304679,0.0,1.0,0.4819720723432832,0.29119888360349727,0.0,1.0,0.3000254729870551,0.26681571578207447,0.0,1.0,29,0.15218951902368988,3.492462311557789,8
160,1394,696,12.350531023755346,98.4131994261119,3,2,0,2,1111,0.797559224694903,282,1231,0.8837042354630295,0.9171917191719172,1019,212,0.9171917191719172,0.75177304964539,0.8837042354630295,180,1221,6.783333333333333,0.0021536252692031586,0.0014357501794687725,0.0,0.0014357501794687725,0.5946915351506457,0.2894969431008844,0.0,1.0,0.4493682602860184,0.3135452454268861,0.0,1.0,0.48285277919192854,0.2916598729007333,0.0,1.0,0.299116027213403,0.2664840229679878,0.0,1.0,29,0.15351506456241032,3.490674318507891,8
161,1391,704,12.373361241141327,99.3882099209202,2,5,0,5,1075,0.7711621233859397,319,1258,0.9024390243902439,0.935813953488372,1006,252,0.935813953488372,0.7899686520376176,0.9024390243902439,178,1244,6.98876404494382,0.0014347202295552368,0.003586800573888092,0.0,0.003586800573888092,0.5946290670438997,0.28911234400746516,0.0,1.0,0.4500127548062429,0.31347933615081597,0.0,1.0,0.48296653602652995,0.29181954527517084,0.0,1.0,0.29906542056074764,0.26653334403454865,0.0,1.0,29,0.15384615384615385,3.490294751976995,8
162,1392,713,12.348282957956084,100.14870689655173,3,2,0,2,1091,0.7843278217109992,300,1239,0.8907260963335729,0.9248395967002749,1009,230,0.9248395967002749,0.7666666666666667,0.8907260963335729,178,1226,6.887640449438202,0.002156721782890007,0.0014378145219266715,0.0,0.0014378145219266715,0.5943177604746014,0.2892416020691813,0.0,1.0,0.4499675565443085,0.31337124961668394,0.0,1.0,0.48278179458657766,0.29185242125651334,0.0,1.0,0.29912866147571376,0.2664031357258443,0.0,1.0,29,0.15373563218390804,3.4892241379310347,8
163,1391,722,12.35071240256794,101.02084831056794,2,3,0,3,1074,0.771551724137931,318,1210,0.8692528735632183,0.8929236499068901,959,251,0.8929236499068901,0.789308176100629,0.8692528735632183,180,1199,6.661111111111111,0.0014367816091954023,0.0021551724137931034,0.0,0.0021551724137931034,0.5940261125669627,0.2891408778096725,0.0,1.0,0.449502562556527,0.31360277083183585,0.0,1.0,0.4824099626632035,0.2917096013801701,0.0,1.0,0.2988103244358897,0.26640262531005626,0.0,1.0,29,0.1531272465851905,3.4895758447160317,8
164,1392,724,12.361141877792821,101.77658045977012,3,2,0,2,1062,0.7634795111430626,329,1235,0.8878504672897196,0.923728813559322,981,254,0.923728813559322,0.7720364741641338,0.8878504672897196,181,1218,6.7292817679558015,0.002156721782890007,0.0014378145219266715,0.0,0.0014378145219266715,0.5944336299592139,0.2888960334038134,0.0,1.0,0.4495040786058584,0.3136236195729176,0.0,1.0,0.48222562106043754,0.29166533636484643,0.0,1.0,0.29875787912495366,0.26603606213626235,0.0,1.0,28,0.15301724137931033,3.492816091954023,8
165,1391,734,12.34558624164591,102.54421279654925,3,4,0,4,1105,0.7938218390804598,287,1239,0.8900862068965517,0.9149321266968325,1011,228,0.9149321266968325,0.794425087108014,0.8900862068965517,178,1227,6.893258426966292,0.0021551724137931034,0.0028735632183908046,0.0,0.0028735632183908046,0.5949305442823681,0.2887467654519435,0.0,1.0,0.44954894367013754,0.3133907031184669,0.0,1.0,0.48252591544722995,0.2917473415464011,0.0,1.0,0.29813779828853687,0.26559781348043704,0.0,1.0,28,0.15384615384615385,3.4982027318475915,8
166,1388,744,12.355936683686659,103.55187319884726,2,5,0,5,1092,0.7850467289719626,299,1245,0.895039539899353,0.9184981684981685,1003,242,0.9184981684981685,0.8093645484949833,0.895039539899353,177,1232,6.96045197740113,0.0014378145219266715,0.0035945363048166786,0.0,0.0035945363048166786,0.594171237333829,0.28915557043485773,0.0,1.0,0.45049735056242446,0.31326411085147543,0.0,1.0,0.4815236590127359,0.2915898541623378,0.0,1.0,0.29764339499860554,0.26558586052406014,0.0,1.0,28,0.15417867435158503,3.4978386167146973,8
167,1388,755,12.326445135237742,104.28170028818444,5,5,0,5,1092,0.7867435158501441,296,1226,0.8832853025936599,0.9175824175824175,1002,224,0.9175824175824175,0.7567567567567568,0.8832853025936599,174,1211,6.959770114942529,0.0036023054755043226,0.0036023054755043226,0.0,0.0036023054755043226,0.5942177186948033,0.28916894841007984,0.0,1.0,0.45012549967463045,0.3122245915700553,0.0,1.0,0.48233708282978527,0.2916171205451753,0.0,1.0,0.29780607976201545,0.2654359090984192,0.0,1.0,28,0.15489913544668588,3.505043227665706,8
168,1389,760,12.322439630101051,105.14758819294457,3,2,0,2,1075,0.7744956772334294,313,1224,0.8818443804034583,0.9106976744186046,979,245,0.9106976744186046,0.7827476038338658,0.8818443804034583,178,1207,6.780898876404494,0.002161383285302594,0.001440922190201729,0.0,0.001440922190201729,0.5944401867205462,0.28909035875370603,0.0,1.0,0.44882602940151883,0.3121344819723188,0.0,1.0,0.48194338001346987,0.29159072905683786,0.0,1.0,0.29780069207366633,0.2653997031108656,0.0,1.0,28,0.15478761699064075,3.501799856011519,8
169,1390,775,12.254642055125968,105.81870503597122,4,3,1,2,1095,0.7883369330453563,294,1227,0.8833693304535637,0.9223744292237442,1010,217,0.9223744292237442,0.7380952380952381,0.8833693304535637,175,1217,6.954285714285715,0.0028797696184305254,0.0021598272138228943,0.0007199424046076314,0.0014398848092152627,0.5951961011835692,0.28920930070596085,0.0,1.0,0.44854954745880715,0.3122162608122751,0.0,1.0,0.4824785333023903,0.2915261019941468,0.0,1.0,0.2971455093989325,0.26470881455223455,0.0,1.0,27,0.1553956834532374,3.5071942446043165,8
170,1385,780,12.298663004272463,106.84693140794224,1,6,1,5,1067,0.7676258992805756,323,1274,0.9165467625899281,0.9334582942830365,996,278,0.9334582942830365,0.8606811145510835,0.9165467625899281,187,1266,6.770053475935829,0.0007194244604316547,0.004316546762589928,0.0007194244604316547,0.0035971223021582736,0.5951088855246303,0.2892226603344207,0.0,1.0,0.44842203330616043,0.31277209434130276,0.0,1.0,0.48137882846162805,0.2914664184360875,0.0,1.0,0.2981483638057529,0.2649802451570337,0.0,1.0,27,0.15451263537906137,3.5068592057761734,8
171,1384,792,12.263997175108505,107.64378612716763,4,5,1,4,1093,0.7891696750902527,292,1230,0.8880866425992779,0.918572735590119,1004,226,0.918572735590119,0.773972602739726,0.8880866425992779,177,1219,6.887005649717514,0.002888086642599278,0.0036101083032490976,0.0007220216606498195,0.002888086642599278,0.5943501771396605,0.28950849378772675,0.0,1.0,0.44827988066380753,0.3124844431548259,0.0,1.0,0.48105071788178255,0.2912100577195344,0.0,1.0,0.2971517807197464,0.2642243504848327,0.0,1.0,27,0.15534682080924855,3.5108381502890174,8
172,1381,798,12.271720588236027,108.52425778421434,4,7,1,6,1096,0.791907514450867,288,1259,0.9096820809248555,0.9352189781021898,1025,234,0.9352189781021898,0.8125,0.9096820809248555,183,1248,6.819672131147541,0.002890173410404624,0.0050578034682080926,0.000722543352601156,0.004335260115606936,0.5940762888042792,0.2898610006730059,0.0,1.0,0.448295998691925,0.3129623496743727,0.0,1.0,0.48018032748592654,0.2915436381891893,0.0,1.0,0.2974936348134825,0.26426863135717704,0.0,1.0,27,0.1549601737871108,3.511947863866763,8
173,1381,809,12.27230400902416,109.38305575669804,3,3,0,3,1031,0.7465604634322954,350,1266,0.9167270094134685,0.9466537342386033,976,290,0.9466537342386033,0.8285714285714286,0.9167270094134685,177,1254,7.084745762711864,0.002172338884866039,0.002172338884866039,0.0,0.002172338884866039,0.5947536848006354,0.2894997566554225,0.0,1.0,0.44750181028240404,0.31265904628028474,0.0,1.0,0.48060078017332,0.2912952690607225,0.0,1.0,0.29786737053561,0.2644292525715759,0.0,1.0,27,0.1549601737871108,3.5097755249818974,8
174,1384,818,12.244904235760064,110.02673410404624,5,2,0,2,1035,0.7494569152787834,346,1229,0.8899348298334541,0.9178743961352657,950,279,0.9178743961352657,0.8063583815028902,0.8899348298334541,176,1214,6.8977272727272725,0.003620564808110065,0.001448225923244026,0.0,0.001448225923244026,0.5944667163900802,0.28968079969052396,0.0,1.0,0.44827988066380753,0.3128811963625418,0.0,1.0,0.48100410218161477,0.29116054281983544,0.0,1.0,0.29712847286966254,0.2644311739998162,0.0,1.0,27,0.15534682080924855,3.5130057803468207,8
175,1384,829,12.219221066788075,110.81864161849711,3,3,0,3,1101,0.7955202312138728,283,1250,0.903179190751445,0.92188919164396,1015,235,0.92188919164396,0.8303886925795053,0.903179190751445,178,1239,6.96067415730337,0.002167630057803468,0.002167630057803468,0.0,0.002167630057803468,0.5940471750885699,0.2897472248384983,0.0,1.0,0.44916557896699605,0.31306714753886883,0.0,1.0,0.48105071788178255,0.29111967829020563,0.0,1.0,0.29733824352041766,0.26430197515881726,0.0,1.0,27,0.1546242774566474,3.5130057803468207,8
176,1382,837,12.265519150113624,111.78581765557163,1,3,0,3,1002,0.7239884393063584,382,1203,0.8692196531791907,0.9171656686626747,919,284,0.9171656686626747,0.743455497382199,0.8692196531791907,174,1185,6.810344827586207,0.000722543352601156,0.002167630057803468,0.0,0.002167630057803468,0.5932729564446104,0.2899790217387572,0.0,1.0,0.4493254283180057,0.3133536956324086,0.0,1.0,0.4802063395733159,0.29101314249668186,0.0,1.0,0.29718500536856357,0.2642936868224126,0.0,1.0,27,0.15340086830680175,3.5137481910274966,8
177,1381,845,12.259237639738926,112.55756698044895,2,3,1,2,1096,0.7930535455861071,286,1232,0.8914616497829233,0.9178832116788321,1006,226,0.9178832116788321,0.7902097902097902,0.8914616497829233,183,1223,6.683060109289618,0.001447178002894356,0.002170767004341534,0.000723589001447178,0.001447178002894356,0.5924645535026044,0.29002343926898155,0.0,1.0,0.4491369040667118,0.3133887703836824,0.0,1.0,0.48048398776015505,0.29093545147623123,0.0,1.0,0.297119899091355,0.26415017518381845,0.0,1.0,27,0.15351194786386677,3.5170166545981174,8
178,1384,853,12.232086113063191,113.3114161849711,3,0,0,0,1063,0.7697320782041999,318,1230,0.8906589427950761,0.9181561618062088,976,254,0.9181561618062088,0.7987421383647799,0.8906589427950761,179,1217,6.798882681564246,0.002172338884866039,0.0,0.0,0.0,0.5925554726831997,0.2901442580643456,0.0,1.0,0.44967835166884207,0.31348113817497825,0.0,1.0,0.48037479022934926,0.2910490614989366,0.0,1.0,0.2969886257691591,0.2642242487108253,0.0,1.0,27,0.15390173410404626,3.5195086705202314,8
179,1385,860,12.234898744917398,114.03393501805054,3,2,0,2,1038,0.75,346,1239,0.8952312138728323,0.9393063583815029,975,264,0.9393063583815029,0.7630057803468208,0.8952312138728323,180,1226,6.811111111111111,0.002167630057803468,0.001445086705202312,0.0,0.001445086705202312,0.5930825666705485,0.2898656020632019,0.0,1.0,0.4487015255618959,0.31352817982114073,0.0,1.0,0.4804006055665541,0.2908835727391383,0.0,1.0,0.2971934319319902,0.2642387154073136,0.0,1.0,27,0.15379061371841155,3.5220216606498194,8
180,1377,868,12.301528653124702,114.97458242556282,2,10,0,10,1085,0.7833935018050542,300,1250,0.9025270758122743,0.943778801843318,1024,226,0.943778801843318,0.7533333333333333,0.9025270758122743,180,1238,6.877777777777778,0.001444043321299639,0.007220216606498195,0.0,0.007220216606498195,0.5935999250357251,0.28985356639113136,0.0,1.0,0.4479115421556914,0.31366057475691855,0.0,1.0,0.4808723967484246,0.2910856689513526,0.0,1.0,0.29533581652493734,0.2636967411340784,0.0,1.0,27,0.15541031227305738,3.5265068990559185,8
181,1379,876,12.264592555947772,115.6424945612763,6,4,0,4,1088,0.7901234567901234,289,1221,0.8867102396514162,0.9154411764705882,996,225,0.9154411764705882,0.7785467128027682,0.8867102396514162,178,1207,6.780898876404494,0.004357298474945534,0.002904865649963689,0.0,0.002904865649963689,0.5936279211209619,0.290172611980713,0.0,1.0,0.44885260473929217,0.3143009840833127,0.0,1.0,0.4804322908138202,0.2913737626144168,0.0,1.0,0.2939717888137734,0.26310653863808176,0.0,1.0,27,0.1559100797679478,3.5286439448876,8
182,1374,883,12.250217942773808,116.16011644832605,4,9,5,4,1088,0.788977519941987,291,1202,0.8716461203770849,0.9301470588235294,1012,190,0.9301470588235294,0.6529209621993127,0.8716461203770849,185,1194,6.454054054054054,0.0029006526468455403,0.006526468455402465,0.0036258158085569255,0.0029006526468455403,0.5913274170070902,0.29056811233309826,0.0,1.0,0.44865474010424006,0.31465644543365556,0.0,1.0,0.47901112832793347,0.29053355928616653,0.0,1.0,0.29370333849838004,0.2629527590614454,0.0,1.0,27,0.15429403202328967,3.534934497816594,8
183,1373,885,12.231392061631809,116.81136198106337,3,4,3,1,1079,0.7852983988355168,295,1250,0.9097525473071325,0.9341983317886933,1008,242,0.9341983317886933,0.8203389830508474,0.9097525473071325,180,1232,6.844444444444444,0.002183406113537118,0.002911208151382824,0.002183406113537118,0.000727802037845706,0.5916641214200127,0.2904684653828247,0.0,1.0,0.44834715598054653,0.3146126412972389,0.0,1.0,0.47891361041279984,0.29061686292262684,0.0,1.0,0.29384676831990225,0.262977475544569,0.0,1.0,27,0.15440640932265112,3.5396941005098324,8
184,1370,898,12.247075422741691,117.66642335766423,3,6,1,5,1020,0.7428987618353969,353,1186,0.8638018936635106,0.8941176470588236,912,274,0.8941176470588236,0.7762039660056658,0.8638018936635106,173,1172,6.77456647398844,0.0021849963583394027,0.004369992716678805,0.0007283321194464676,0.003641660597232338,0.5918295267247469,0.2902392552623752,0.0,1.0,0.4489757475865317,0.3152533049985027,0.0,1.0,0.47920885330821755,0.2906094179159053,0.0,1.0,0.29387803155168357,0.2628360921684507,0.0,1.0,27,0.15401459854014599,3.5394160583941607,8
185,1364,906,12.28790714337125,118.33137829912023,3,9,1,8,1078,0.7868613138686131,292,1199,0.8751824817518248,0.9053803339517625,976,223,0.9053803339517625,0.7636986301369864,0.8751824817518248,176,1183,6.721590909090909,0.0021897810218978104,0.006569343065693431,0.00072992700729927,0.00583941605839416,0.591736827168669,0.29030384202262516,0.0,1.0,0.4483256077949106,0.31504154227536774,0.0,1.0,0.47883360136221736,0.29040105818449113,0.0,1.0,0.29408286822438745,0.2626189511612861,0.0,1.0,27,0.1532258064516129,3.5410557184750733,8
186,1361,910,12.312922633986993,118.88096987509185,4,7,2,5,1049,0.7690615835777126,315,1235,0.905425219941349,0.9294566253574833,975,260,0.9294566253574833,0.8253968253968254,0.905425219941349,179,1218,6.804469273743017,0.002932551319648094,0.005131964809384164,0.001466275659824047,0.0036656891495601175,0.5915716622028394,0.29045402886920174,0.0,1.0,0.44921902775473443,0.3146272550828191,0.0,1.0,0.47901211158777934,0.29046886510913333,0.0,1.0,0.2937119290844019,0.26250297615257007,0.0,1.0,27,0.1535635562086701,3.544452608376194,8
187,1365,917,12.268853734298212,119.2908424908425,6,2,2,0,1039,0.7634092578986039,322,1214,0.8919911829537105,0.9297401347449471,966,248,0.9297401347449471,0.7701863354037267,0.8919911829537105,180,1201,6.6722222222222225,0.00440852314474651,0.0014695077149155032,0.0014695077149155032,0.0,0.5909724683918232,0.2907582640401179,0.0,1.0,0.44910788136594587,0.3145784829868849,0.0,1.0,0.4789554531490015,0.2905132892897068,0.0,1.0,0.2931111898853834,0.26230969984525937,0.0,1.0,27,0.15384615384615385,3.547985347985348,8
188,1358,926,12.292443319180114,120.01767304860088,2,9,5,4,1042,0.7633699633699633,323,1174,0.8600732600732601,0.8953934740882917,933,241,0.8953934740882917,0.7461300309597523,0.8600732600732601,174,1157,6.649425287356322,0.0014652014652014652,0.006593406593406593,0.003663003663003663,0.0029304029304029304,0.5917620789586203,0.29047656633719465,0.0,1.0,0.4488099197111502,0.31407590929897944,0.0,1.0,0.47997529573851483,0.2906446585302398,0.0,1.0,0.2939569575751817,0.2622846104222521,0.0,1.0,27,0.15390279823269515,3.5500736377025035,8
189,1353,933,12.32945934908086,120.76570583887657,2,7,4,3,1000,0.7363770250368189,358,1183,0.8711340206185567,0.902,902,281,0.902,0.7849162011173184,0.8711340206185567,176,1166,6.625,0.0014727540500736377,0.005154639175257732,0.0029455081001472753,0.0022091310751104565,0.5923038409269723,0.2902924668879814,0.0,1.0,0.448751877548101,0.3137740700709504,0.0,1.0,0.4806761557351644,0.29080131336575915,0.0,1.0,0.2946141191617195,0.2622799809970738,0.0,1.0,27,0.15447154471544716,3.550628233555063,8
190,1348,942,12.297798792967255,120.91172106824926,8,13,7,6,1048,0.7745750184774575,305,1207,0.8920916481892092,0.9150763358778626,959,248,0.9150763358778626,0.8131147540983606,0.8920916481892092,177,1193,6.740112994350283,0.005912786400591279,0.009608277900960829,0.005173688100517369,0.004434589800443459,0.5940222073322485,0.2904889672020154,0.0,1.0,0.4471857949650617,0.3125876435691434,0.0,1.0,0.48138221498994926,0.29116155679196054,0.0,1.0,0.29534794677897963,0.2621589449446327,0.0,1.0,26,0.15652818991097922,3.5548961424332344,8
191,1341,952,12.33356320197955,121.80611483967189,2,9,4,5,1040,0.771513353115727,308,1165,0.8642433234421365,0.9048076923076923,941,224,0.9048076923076923,0.7272727272727273,0.8642433234421365,179,1154,6.446927374301676,0.001483679525222552,0.0066765578635014835,0.002967359050445104,0.00370919881305638,0.592793052849342,0.2906615945500021,0.0,1.0,0.44812489475836514,0.31272292256078404,0.0,1.0,0.47997402035072523,0.2910585790962219,0.0,1.0,0.2960477255779269,0.262482568209371,0.0,1.0,26,0.15510812826249068,3.558538404175988,8
192,1335,955,12.406739145182879,122.34232209737827,3,9,3,6,1027,0.7658463832960477,314,1197,0.8926174496644296,0.9230769230769231,948,249,0.9230769230769231,0.7929936305732485,0.8926174496644296,189,1189,6.291005291005291,0.0022371364653243847,0.006711409395973154,0.0022371364653243847,0.0044742729306487695,0.5925093632958801,0.2910163337671093,0.0,1.0,0.4471185212033345,0.31198508586517987,0.0,1.0,0.47988401594780716,0.29113441690788183,0.0,1.0,0.29580765978011353,0.261521489626,0.0,1.0,25,0.15655430711610488,3.5715355805243445,8
193,1333,964,12.40276202233151,122.80720180045012,5,7,3,4,1037,0.7767790262172285,298,1178,0.8823970037453184,0.9132111861137898,947,231,0.9132111861137898,0.7751677852348994,0.8823970037453184,177,1164,6.576271186440678,0.003745318352059925,0.0052434456928838954,0.0022471910112359553,0.00299625468164794,0.5926239624422235,0.29086278487676576,0.0,1.0,0.4468939815599061,0.3120494669512018,0.0,1.0,0.47953923964862183,0.2907846447369954,0.0,1.0,0.2959126878493817,0.2615304742593461,0.0,1.0,25,0.15603900975243812,3.576894223555889,8
194,1330,968,12.408571332570675,123.33533834586466,5,8,5,3,1005,0.7539384846211553,328,1170,0.8777194298574643,0.9223880597014925,927,243,0.9223880597014925,0.7408536585365854,0.8777194298574643,182,1156,6.351648351648351,0.0037509377344336083,0.006001500375093774,0.0037509377344336083,0.002250562640660165,0.5926024739267524,0.2908049142204398,0.0,1.0,0.4490904681057482,0.3123002505027974,0.0,1.0,0.4801600776133883,0.29133866879807296,0.0,1.0,0.2960465680329857,0.26184193220147006,0.0,1.0,25,0.15639097744360902,3.581203007518797,8
195,1325,975,12.456938152571038,124.07698113207547,1,6,5,1,1012,0.7609022556390977,318,1163,0.8744360902255639,0.8932806324110671,904,259,0.8932806324110671,0.8144654088050315,0.8744360902255639,171,1141,6.6725146198830405,0.0007518796992481203,0.004511278195488722,0.0037593984962406013,0.0007518796992481203,0.5912355447352404,0.291056337488611,0.0,1.0,0.44903225806451613,0.3129587767795055,0.0,1.0,0.47863664029214853,0.29069984712950514,0.0,1.0,0.2959707851491175,0.2619958886141604,0.0,1.0,25,0.15471698113207547,3.5833962264150943,8
196,1322,982,12.48313155205199,124.73146747352496,4,7,3,4,1027,0.7750943396226415,298,1168,0.8815094339622641,0.9074975657254138,932,236,0.9074975657254138,0.7919463087248322,0.8815094339622641,178,1153,6.477528089887641,0.0030188679245283017,0.005283018867924529,0.0022641509433962265,0.0030188679245283017,0.5908935630276707,0.29065663521334384,0.0,1.0,0.44734273583524475,0.312506590114913,0.0,1.0,0.47806354009077157,0.29006375114336913,0.0,1.0,0.29659362647015763,0.2623584955572756,0.0,1.0,25,0.1535552193645991,3.5869894099848714,8
197,1324,991,12.45237238373057,125.14577039274924,6,4,3,1,1008,0.762481089258699,314,1183,0.8948562783661119,0.9275793650793651,935,248,0.9275793650793651,0.7898089171974523,0.8948562783661119,177,1169,6.604519774011299,0.0045385779122541605,0.0030257186081694403,0.0022692889561270802,0.0007564296520423601,0.590147159146282,0.29103789673735614,0.0,1.0,0.44881103206315176,0.3128980155251596,0.0,1.0,0.47785303576649446,0.2903238268590997,0.0,1.0,0.29660851768833446,0.2621403074587335,0.0,1.0,25,0.15332326283987915,3.5929003021148036,8
198,1318,999,12.46936524596682,125.89908952959028,1,7,4,3,1034,0.7809667673716012,290,1183,0.8935045317220544,0.925531914893617,957,226,0.925531914893617,0.7793103448275862,0.8935045317220544,179,1170,6.5363128491620115,0.0007552870090634441,0.005287009063444109,0.0030211480362537764,0.0022658610271903325,0.5898477654314944,0.29106503859142696,0.0,1.0,0.4489696020363209,0.3128307136254967,0.0,1.0,0.4782417152087719,0.2902761606596207,0.0,1.0,0.2972245337510402,0.2621074215498466,0.0,1.0,25,0.15326251896813353,3.5971168437025796,8
199,1312,1009,12.421468451940314,126.02439024390245,8,14,9,5,1060,0.8042488619119879,258,1152,0.874051593323217,0.8943396226415095,948,204,0.8943396226415095,0.7906976744186046,0.874051593323217,172,1134,6.593023255813954,0.006069802731411229,0.010622154779969651,0.006828528072837633,0.0037936267071320183,0.5906274586939417,0.2904405231911456,0.0,1.0,0.4487116443745083,0.3137200014824655,0.0,1.0,0.47789634146341464,0.29003558179200933,0.0,1.0,0.29745279307631783,0.262380164214953,0.0,1.0,25,0.1524390243902439,3.6059451219512195,8
200,1306,1015,12.433841194435388,126.44869831546707,4,10,7,3,1034,0.788109756097561,278,1185,0.9032012195121951,0.9352030947775629,967,218,0.9352030947775629,0.7841726618705036,0.9032012195121951,178,1169,6.567415730337078,0.003048780487804878,0.007621951219512195,0.005335365853658537,0.0022865853658536584,0.5899817220767672,0.2904660710417465,0.0,1.0,0.4493405127698464,0.31431072873825044,0.0,1.0,0.4780911920169935,0.2907148703848634,0.0,1.0,0.29817714765597986,0.26223074780086375,0.0,1.0,25,0.15160796324655437,3.6125574272588055,8
201,1303,1029,12.381254119870059,126.63545663852648,6,9,8,1,1001,0.7664624808575804,305,1162,0.889739663093415,0.932067932067932,933,229,0.932067932067932,0.7508196721311475,0.889739663093415,169,1145,6.775147928994083,0.004594180704441042,0.006891271056661562,0.006125574272588055,0.0007656967840735069,0.5893347857302007,0.2910608352545353,0.0,1.0,0.4490629564528507,0.3138481557295831,0.0,1.0,0.4785730200777363,0.29155485134454534,0.0,1.0,0.29772485331616866,0.2618529459820073,0.0,1.0,25,0.15349194167306215,3.625479662317728,8
202,1297,1035,12.426414118433316,127.16499614494988,3,9,8,1,985,0.7559478127398311,318,1159,0.8894858019953953,0.9197969543147209,906,253,0.9197969543147209,0.7955974842767296,0.8894858019953953,176,1141,6.482954545454546,0.0023023791250959325,0.006907137375287797,0.0061396776669224865,0.0007674597083653108,0.5905439351356728,0.2908980141794298,0.0,1.0,0.4473350411619867,0.31349043270662896,0.0,1.0,0.48021488795483375,0.29171113934513393,0.0,1.0,0.297883453130052,0.26174524978419544,0.0,1.0,25,0.15497301464919044,3.6245181187355437,8
203,1287,1050,12.451725477485832,127.77466977466977,2,12,8,4,1006,0.7756360832690825,291,1168,0.9005397070161912,0.9324055666003976,938,230,0.9324055666003976,0.7903780068728522,0.9005397070161912,171,1154,6.748538011695906,0.0015420200462606013,0.009252120277563608,0.006168080185042405,0.0030840400925212026,0.5904203323558163,0.29086349614838136,0.0,1.0,0.44742712484647973,0.3132950986624133,0.0,1.0,0.4807128355515452,0.2919232239172834,0.0,1.0,0.2981677820387498,0.2618881057680367,0.0,1.0,25,0.1554001554001554,3.630924630924631,8
204,1285,1055,12.46700523532762,128.01400778210117,6,8,6,2,978,0.7599067599067599,309,1129,0.8772338772338772,0.9212678936605317,901,228,0.9212678936605317,0.7378640776699029,0.8772338772338772,175,1109,6.337142857142857,0.004662004662004662,0.006216006216006216,0.004662004662004662,0.001554001554001554,0.5908874105685954,0.2908847130751497,0.0,1.0,0.4470440567340279,0.31391423944924474,0.0,1.0,0.4804819882013305,0.2922184269222668,0.0,1.0,0.29725116103928706,0.2619617841885487,0.0,1.0,25,0.15642023346303502,3.638910505836576,8
205,1281,1071,12.414857619056912,128.39890710382514,4,8,7,1,1004,0.7813229571984436,281,1156,0.8996108949416343,0.9252988047808764,929,227,0.9252988047808764,0.8078291814946619,0.8996108949416343,167,1139,6.820359281437126,0.0031128404669260703,0.0062256809338521405,0.005447470817120622,0.0007782101167315176,0.5915237591599305,0.2906348280112433,0.0,1.0,0.44481377955730145,0.3138465178372386,0.0,1.0,0.4802447684520662,0.29196986026750976,0.0,1.0,0.29654251970486767,0.26208648163164594,0.0,1.0,25,0.15690866510538642,3.6463700234192036,8
206,1277,1078,12.434570763192173,128.8981989036805,5,9,5,4,980,0.7650273224043715,301,1140,0.8899297423887588,0.9295918367346939,911,229,0.9295918367346939,0.760797342192691,0.8899297423887588,175,1122,6.411428571428571,0.0039032006245121,0.00702576112412178,0.0039032006245121,0.00312256049960968,0.5916588779144668,0.29100961783813967,0.0,1.0,0.4448682648344154,0.3138760060119229,0.0,1.0,0.4809407128602824,0.2918405244612711,0.0,1.0,0.2965620026776467,0.2623442469863455,0.0,1.0,25,0.15740015661707127,3.6483946750195773,8
207,1278,1081,12.4214061239878,129.0117370892019,8,7,5,2,997,0.7807361002349256,280,1130,0.884886452623336,0.9297893681043129,927,203,0.9297893681043129,0.725,0.884886452623336,178,1111,6.241573033707865,0.006264682850430697,0.00548159749412686,0.003915426781519186,0.0015661707126076742,0.5908930284214245,0.291317924507669,0.0,1.0,0.44507547074562065,0.31430200678740466,0.0,1.0,0.4795799888939371,0.29185178808204343,0.0,1.0,0.2962289868241708,0.2622383750261648,0.0,1.0,25,0.1564945226917058,3.6580594679186227,8
208,1268,1085,12.450234093177432,129.45031545741324,4,14,11,3,1020,0.7981220657276995,258,1124,0.8794992175273866,0.9137254901960784,932,192,0.9137254901960784,0.7441860465116279,0.8794992175273866,182,1110,6.0989010989010985,0.003129890453834116,0.010954616588419406,0.008607198748043818,0.002347417840375587,0.590541365625318,0.29149844650468865,0.0,1.0,0.44550727587259586,0.31507052730532054,0.0,1.0,0.47898646585936705,0.2917422401192244,0.0,1.0,0.2955886842373054,0.261519069489427,0.0,1.0,25,0.15615141955835962,3.660094637223975,8
209,1265,1094,12.49956980797203,129.80790513833992,5,8,4,4,964,0.7602523659305994,304,1117,0.8809148264984227,0.9149377593360996,882,235,0.9149377593360996,0.7730263157894737,0.8809148264984227,178,1104,6.202247191011236,0.003943217665615142,0.006309148264984227,0.0031545741324921135,0.0031545741324921135,0.5918653576437587,0.2909112658601303,0.0,1.0,0.444447277827362,0.3149898422396178,0.0,1.0,0.4790513833992095,0.2919891560456373,0.0,1.0,0.29634068596200436,0.26171706178378623,0.0,1.0,25,0.1565217391304348,3.672727272727273,8
210,1255,1101,12.524469121101072,130.07011952191235,5,15,12,3,977,0.7723320158102767,288,1145,0.9051383399209486,0.9293756397134084,908,237,0.9293756397134084,0.8229166666666666,0.9051383399209486,178,1130,6.348314606741573,0.003952569169960474,0.011857707509881422,0.009486166007905139,0.0023715415019762848,0.5919033543246369,0.2909589567655958,0.0,1.0,0.44400462665467166,0.31498602138497606,0.0,1.0,0.47837038941010157,0.2921368849930477,0.0,1.0,0.295694640791672,0.26192048293543535,0.0,1.0,25,0.15617529880478087,3.681274900398406,8
211,1255,1106,12.51566555339588,130.09163346613545,8,8,6,2,988,0.7872509960159363,267,1094,0.8717131474103585,0.9149797570850202,904,190,0.9149797570850202,0.7116104868913857,0.8717131474103585,173,1072,6.196531791907514,0.006374501992031873,0.006374501992031873,0.004780876494023904,0.0015936254980079682,0.5927515743477701,0.2904299937854159,0.0,1.0,0.44248811206785765,0.31490492865240877,0.0,1.0,0.4785760185066187,0.2916322065503118,0.0,1.0,0.29574604806580135,0.26219469186061295,0.0,1.0,25,0.1553784860557769,3.6836653386454183,8
212,1242,1115,12.633593191583751,130.55394524959743,2,15,10,5,981,0.7816733067729084,274,1111,0.8852589641434263,0.9245667686034659,907,204,0.9245667686034659,0.7445255474452555,0.8852589641434263,178,1098,6.168539325842697,0.0015936254980079682,0.01195219123505976,0.00796812749003984,0.00398406374501992,0.5920471663809672,0.29081539809399054,0.0,1.0,0.4415355046491091,0.31519091326703247,0.0,1.0,0.47706612643499036,0.29130892175829903,0.0,1.0,0.29694561321489793,0.26280425594424756,0.0,1.0,25,0.15458937198067632,3.685990338164251,8
213,1236,1119,12.633226275721091,130.5962783171521,7,13,9,4,1000,0.8051529790660226,242,1106,0.8904991948470209,0.914,914,192,0.914,0.7933884297520661,0.8904991948470209,171,1081,6.321637426900585,0.005636070853462158,0.010466988727858293,0.007246376811594203,0.00322061191626409,0.5913195531892682,0.2904061707404239,0.0,1.0,0.4429481156696941,0.31550174945310705,0.0,1.0,0.476354525524585,0.2910305787655732,0.0,1.0,0.2977346278317152,0.2631409442020974,0.0,1.0,25,0.1529126213592233,3.6828478964401294,8
214,1229,1130,12.616587958377714,130.91375101708707,4,11,10,1,987,0.7985436893203883,249,1105,0.8940129449838188,0.9270516717325228,915,190,0.9270516717325228,0.7630522088353414,0.8940129449838188,169,1085,6.420118343195266,0.003236245954692557,0.00889967637540453,0.008090614886731391,0.0008090614886731392,0.5910653822934985,0.29068072193507827,0.0,1.0,0.44190136224047877,0.3152593261025361,0.0,1.0,0.47576051864878344,0.29066987403608796,0.0,1.0,0.29748812304784905,0.26325902471996254,0.0,1.0,25,0.1529698942229455,3.692432872253865,8
215,1224,1139,12.699871912753038,131.64624183006535,2,7,4,3,964,0.7843775427176566,265,1072,0.8722538649308381,0.9221991701244814,889,183,0.9221991701244814,0.690566037735849,0.8722538649308381,173,1054,6.092485549132948,0.0016273393002441008,0.005695687550854353,0.0032546786004882017,0.0024410089503661514,0.5910815939278937,0.2906911392440939,0.0,1.0,0.4416772085178157,0.3157414374703335,0.0,1.0,0.4753320683111954,0.2903873403511003,0.0,1.0,0.2986242884250474,0.2638728303173212,0.0,1.0,25,0.1511437908496732,3.6862745098039214,8
216,1227,1144,12.66501966377198,131.46617766911166,9,6,5,1,962,0.7859477124183006,262,1084,0.8856209150326797,0.9313929313929314,896,188,0.9313929313929314,0.7175572519083969,0.8856209150326797,176,1065,6.051136363636363,0.007352941176470588,0.004901960784313725,0.004084967320261438,0.0008169934640522876,0.5909246260220311,0.2910044523384559,0.0,1.0,0.44212214422798857,0.31573404218783546,0.0,1.0,0.47637826326997396,0.2903281336003699,0.0,1.0,0.2984199595131057,0.26435129304149796,0.0,1.0,25,0.15240423797881011,3.6903015484922577,8
217,1231,1148,12.670400276058709,131.77091795288382,6,2,2,0,962,0.7840260798696006,265,1126,0.9176854115729421,0.9490644490644491,913,213,0.9490644490644491,0.8037735849056604,0.9176854115729421,178,1108,6.224719101123595,0.004889975550122249,0.0016299918500407497,0.0016299918500407497,0.0,0.5915725478892063,0.2911668086542528,0.0,1.0,0.44262466916485416,0.3156850954300942,0.0,1.0,0.47716254815125386,0.29079063095684576,0.0,1.0,0.2974502764602605,0.26410269625320343,0.0,1.0,25,0.15353371242891958,3.6994313566206336,8
218,1226,1148,12.628577133512593,131.03588907014682,10,15,14,1,939,0.7627944760357434,292,1097,0.8911454102355808,0.9233226837060703,867,230,0.9233226837060703,0.7876712328767124,0.8911454102355808,176,1073,6.096590909090909,0.008123476848090982,0.012185215272136474,0.011372867587327376,0.0008123476848090983,0.5905120244171973,0.2920863845686076,0.0,1.0,0.4444035152344367,0.31609375586271327,0.0,1.0,0.47789822659580067,0.29091102844744837,0.0,1.0,0.2959006472662211,0.26379816412552787,0.0,1.0,25,0.15497553017944535,3.7243066884176184,8
219,1219,1155,12.695933184932032,131.27481542247745,4,11,8,3,909,0.7414355628058727,317,1069,0.8719412724306689,0.9108910891089109,828,241,0.9108910891089109,0.7602523659305994,0.8719412724306689,175,1051,6.005714285714285,0.0032626427406199023,0.00897226753670473,0.0065252854812398045,0.0024469820554649264,0.5897748021911138,0.2918656065842259,0.0,1.0,0.44457381777766014,0.3162764272875847,0.0,1.0,0.47722882320251925,0.2907050348611047,0.0,1.0,0.29630315700336074,0.2633559048955235,0.0,1.0,25,0.15340442986054142,3.727645611156686,8
220,1212,1166,12.717196602799712,131.40346534653466,4,11,11,0,972,0.7973748974569319,247,1087,0.8917145200984413,0.9146090534979424,889,198,0.9146090534979424,0.8016194331983806,0.8917145200984413,177,1075,6.073446327683616,0.003281378178835111,0.009023789991796555,0.009023789991796555,0.0,0.5903864580006387,0.291340284299257,0.0,1.0,0.4447993186415416,0.31632376480044444,0.0,1.0,0.47750984775896943,0.2906238758311237,0.0,1.0,0.29663046949856275,0.2636151441943898,0.0,1.0,25,0.15346534653465346,3.737623762376238,8
221,1204,1167,12.758606304147182,131.55730897009965,4,12,11,1,968,0.7986798679867987,244,1063,0.8770627062706271,0.9090909090909091,880,183,0.9090909090909091,0.75,0.8770627062706271,173,1037,5.994219653179191,0.0033003300330033004,0.009900990099009901,0.009075907590759076,0.0008250825082508251,0.5905583538741828,0.29135418430169374,0.0,1.0,0.4426374450755546,0.316393605792584,0.0,1.0,0.47765512806773125,0.29044356140548333,0.0,1.0,0.2945557818025935,0.2634558766656719,0.0,1.0,25,0.15448504983388706,3.7516611295681064,8
222,1200,1175,12.837638929298343,132.0825,3,7,5,2,939,0.7799003322259136,265,1063,0.882890365448505,0.9286474973375932,872,191,0.9286474973375932,0.720754716981132,0.882890365448505,175,1046,5.977142857142857,0.0024916943521594683,0.005813953488372093,0.004152823920265781,0.0016611295681063123,0.5895698924731183,0.2918748030957105,0.0,1.0,0.44271505376344084,0.31602711102053954,0.0,1.0,0.4776612903225807,0.29047267998599263,0.0,1.0,0.2953763440860215,0.26332103924198813,0.0,1.0,25,0.15416666666666667,3.7525,8
223,1189,1185,12.889347588163607,132.390243902439,5,16,11,5,924,0.77,276,1056,0.88,0.9155844155844156,846,210,0.9155844155844156,0.7608695652173914,0.88,168,1034,6.154761904761905,0.004166666666666667,0.013333333333333334,0.009166666666666667,0.004166666666666667,0.590222198106297,0.2919746419558035,0.0,1.0,0.44282264847120106,0.31684544719299895,0.0,1.0,0.47811931956916903,0.29072804820095255,0.0,1.0,0.2935782305542744,0.2633082663133679,0.0,1.0,25,0.15475189234650968,3.75946173254836,8
224,1178,1182,13.055032710021498,132.48641765704585,5,16,11,5,882,0.7417998317914214,307,1047,0.8805719091673675,0.9149659863945578,807,240,0.9149659863945578,0.7817589576547231,0.8805719091673675,177,1021,5.768361581920904,0.004205214465937763,0.01345668629100084,0.009251471825063078,0.004205214465937763,0.5881209266663016,0.2915639594357278,0.0,1.0,0.44112492469467113,0.317213241061493,0.0,1.0,0.47612136480639683,0.2899191700016443,0.0,1.0,0.29325264253244976,0.26354013628673123,0.0,1.0,25,0.15195246179966043,3.7580645161290325,8
225,1170,1189,13.076727660008928,132.05470085470085,7,15,14,1,904,0.767402376910017,274,1066,0.9049235993208828,0.9258849557522124,837,229,0.9258849557522124,0.8357664233576643,0.9049235993208828,168,1041,6.196428571428571,0.005942275042444821,0.012733446519524618,0.011884550084889643,0.0008488964346349745,0.5875930521091811,0.29159071608253706,0.0,1.0,0.4403087951475048,0.317192839913403,0.0,1.0,0.4749379652605459,0.2892457389287519,0.0,1.0,0.29396195202646813,0.26335747180813757,0.0,1.0,25,0.14957264957264957,3.7658119658119658,8
226,1170,1201,13.075033867398947,132.14529914529913,6,6,5,1,941,0.8042735042735043,229,1036,0.8854700854700854,0.9234856535600425,869,167,0.9234856535600425,0.7292576419213974,0.8854700854700854,164,1012,6.170731707317073,0.005128205128205128,0.005128205128205128,0.004273504273504274,0.0008547008547008547,0.5875379101185553,0.2917658290782941,0.0,1.0,0.44119106699751853,0.31693133861567885,0.0,1.0,0.4756548111386821,0.28943911644825715,0.0,1.0,0.2944582299421009,0.2632555673051671,0.0,1.0,25,0.15042735042735042,3.776923076923077,8
227,1166,1201,13.050924464016767,131.68010291595198,9,13,12,1,925,0.7905982905982906,245,1061,0.9068376068376068,0.9416216216216217,871,190,0.9416216216216217,0.7755102040816326,0.9068376068376068,173,1034,5.976878612716763,0.007692307692307693,0.011111111111111112,0.010256410256410256,0.0008547008547008547,0.5883915232667515,0.2914772613455203,0.0,1.0,0.43894206827864773,0.31679098555364327,0.0,1.0,0.4751286449399657,0.28944265018972853,0.0,1.0,0.2927018203950645,0.2620004601890511,0.0,1.0,25,0.15180102915951973,3.793310463121784,8
228,1163,1208,13.01090099839341,131.12037833190027,10,13,11,2,887,0.7607204116638079,279,1008,0.8644939965694682,0.9098083427282976,807,201,0.9098083427282976,0.7204301075268817,0.8644939965694682,163,978,6.0,0.008576329331046312,0.011149228130360206,0.009433962264150943,0.0017152658662092624,0.586747288713838,0.2917879902674899,0.0,1.0,0.4387984356364241,0.317405681126604,0.0,1.0,0.4749119352065016,0.2900115957651619,0.0,1.0,0.29035031758799545,0.26172582197794997,0.0,1.0,25,0.1530524505588994,3.8056749785038693,8
229,1161,1213,13.073106963018926,131.27131782945736,5,7,7,0,905,0.7781599312123818,258,1005,0.8641444539982803,0.9237569060773481,836,169,0.9237569060773481,0.6550387596899225,0.8641444539982803,170,980,5.764705882352941,0.004299226139294927,0.0060189165950128975,0.0060189165950128975,0.0,0.5877024811758494,0.2919748221841217,0.0,1.0,0.43802617320996917,0.3175076058848991,0.0,1.0,0.47614681448139806,0.2904621394803526,0.0,1.0,0.2889611291711817,0.26143044685766403,0.0,1.0,25,0.15503875968992248,3.8122308354866496,8
230,1163,1219,13.138068028158791,131.49355116079107,6,4,3,1,917,0.7898363479758829,244,1010,0.8699397071490095,0.9171210468920392,841,169,0.9171210468920392,0.6926229508196722,0.8699397071490095,172,988,5.744186046511628,0.00516795865633075,0.0034453057708871662,0.002583979328165375,0.0008613264427217916,0.5882728205697167,0.29202031702152226,0.0,1.0,0.4371342190663745,0.31756805814066164,0.0,1.0,0.47624330846254126,0.2903949561142948,0.0,1.0,0.28752114941891105,0.2607861173319755,0.0,1.0,25,0.15649183147033535,3.824591573516767,8
231,1165,1227,13.162257237283404,131.41545064377684,9,7,4,3,930,0.7996560619088564,233,1004,0.8632846087704213,0.9129032258064517,849,155,0.9129032258064517,0.6652360515021459,0.8632846087704213,166,978,5.891566265060241,0.007738607050730868,0.0060189165950128975,0.0034393809114359416,0.0025795356835769563,0.5894780562093314,0.2920842019250355,0.0,1.0,0.43699293922192994,0.3170179384451977,0.0,1.0,0.47672712169458675,0.29034390605652494,0.0,1.0,0.28807974525820296,0.2612283017963016,0.0,1.0,25,0.1570815450643777,3.8334763948497854,8
232,1161,1230,13.234364713185853,131.19121447028425,8,12,9,3,870,0.7467811158798283,295,1001,0.8592274678111588,0.8931034482758621,777,224,0.8931034482758621,0.7593220338983051,0.8592274678111588,180,984,5.466666666666667,0.0068669527896995704,0.010300429184549357,0.007725321888412017,0.002575107296137339,0.5903975993998499,0.29214430306380773,0.0,1.0,0.43727598566308246,0.3167637957040181,0.0,1.0,0.47720263399183127,0.2905191490563983,0.0,1.0,0.28851657358784144,0.26144832340223395,0.0,1.0,25,0.15848406546080965,3.8432385874246338,8
233,1156,1235,13.32810819513268,131.57958477508652,3,8,7,1,888,0.7648578811369509,273,1037,0.8931955211024979,0.9301801801801802,826,211,0.9301801801801802,0.7728937728937729,0.8931955211024979,176,1018,5.784090909090909,0.002583979328165375,0.0068906115417743325,0.006029285099052541,0.0008613264427217916,0.5918629311307065,0.29205403889973475,0.0,1.0,0.4364884473713584,0.31646149366179804,0.0,1.0,0.4788759906239536,0.2907366465825133,0.0,1.0,0.28822971313762696,0.26156057455507176,0.0,1.0,25,0.16003460207612458,3.8486159169550174,8
234,1155,1244,13.387753128216339,131.56623376623378,6,7,7,0,894,0.773356401384083,262,990,0.856401384083045,0.889261744966443,795,195,0.889261744966443,0.7442748091603053,0.856401384083045,175,974,5.565714285714286,0.005190311418685121,0.006055363321799308,0.006055363321799308,0.0,0.5940790392403296,0.29066015137872614,0.0,1.0,0.4363077782432621,0.3158864073784898,0.0,1.0,0.4807708420611646,0.29107156017270536,0.0,1.0,0.2891495601173021,0.2622796257355983,0.0,1.0,25,0.1619047619047619,3.8545454545454545,8
235,1145,1253,13.420499376443974,131.53799126637554,4,14,13,1,899,0.7783549783549784,256,1014,0.8779220779220779,0.9154616240266963,823,191,0.9154616240266963,0.74609375,0.8779220779220779,177,1000,5.649717514124294,0.003463203463203463,0.012121212121212121,0.011255411255411256,0.0008658008658008658,0.5930412734187913,0.29077912020074426,0.0,1.0,0.4355543034230173,0.31702820302897883,0.0,1.0,0.4795041555148612,0.2900172401104337,0.0,1.0,0.2896182560924074,0.26285256425874287,0.0,1.0,25,0.15982532751091702,3.85764192139738,8
236,1133,1260,13.47212903323434,131.28949691085614,5,17,14,3,896,0.7825327510917031,249,1029,0.8986899563318778,0.9207589285714286,825,204,0.9207589285714286,0.8192771084337349,0.8986899563318778,167,1003,6.005988023952096,0.004366812227074236,0.014847161572052401,0.01222707423580786,0.0026200873362445414,0.5931440936138712,0.29028762523387514,0.0,1.0,0.43541269253765336,0.3162973817740994,0.0,1.0,0.4805113458417561,0.28986463787007066,0.0,1.0,0.2887566551832133,0.26331449465848095,0.0,1.0,25,0.16063548102383055,3.8658428949691084,8
237,1127,1264,13.535837875163484,131.08961845607809,6,12,11,1,884,0.7802294792586054,249,1011,0.8923212709620476,0.9321266968325792,824,187,0.9321266968325792,0.751004016064257,0.8923212709620476,176,991,5.630681818181818,0.00529567519858782,0.01059135039717564,0.009708737864077669,0.00088261253309797,0.5923519477917394,0.2906461094898275,0.0,1.0,0.43681483813721844,0.3168507209806527,0.0,1.0,0.4795775252597533,0.2898053731215586,0.0,1.0,0.29060881014397344,0.26368131010186596,0.0,1.0,25,0.15971606033717836,3.869565217391304,8
238,1122,1274,13.585726482987344,130.6577540106952,9,14,12,2,831,0.7373558118899733,296,985,0.8740017746228926,0.8977135980746089,746,239,0.8977135980746089,0.8074324324324325,0.8740017746228926,172,967,5.622093023255814,0.007985803016858917,0.012422360248447204,0.01064773735581189,0.001774622892635315,0.5919153585187741,0.29155153060487093,0.0,1.0,0.4373526536714392,0.31724752290814634,0.0,1.0,0.4795871427749986,0.2906756984202404,0.0,1.0,0.28920131102294294,0.263360718116704,0.0,1.0,25,0.16131907308377896,3.8805704099821745,8
239,1125,1283,13.500723540250942,129.12177777777777,16,13,12,1,881,0.785204991087344,241,978,0.8716577540106952,0.9012485811577753,794,184,0.9012485811577753,0.7634854771784232,0.8716577540106952,168,955,5.684523809523809,0.0142602495543672,0.011586452762923352,0.0106951871657754,0.00089126559714795,0.5907670250896058,0.29145019796336424,0.0,1.0,0.43787813620071686,0.3169064429051742,0.0,1.0,0.4802007168458782,0.2916392864717538,0.0,1.0,0.2898351254480287,0.26299016635091443,0.0,1.0,25,0.16266666666666665,3.8933333333333335,8
240,1120,1283,13.586574871409228,128.82589285714286,7,12,11,1,898,0.7982222222222223,227,1008,0.896,0.9175946547884187,824,184,0.9175946547884187,0.8105726872246696,0.896,179,987,5.5139664804469275,0.006222222222222222,0.010666666666666666,0.009777777777777778,0.0008888888888888889,0.5917626728110599,0.2902537166426066,0.0,1.0,0.4372119815668203,0.317068084903605,0.0,1.0,0.4817972350230415,0.2917931448779018,0.0,1.0,0.2887384792626728,0.26301116480860637,0.0,1.0,25,0.16339285714285715,3.905357142857143,8
241,1120,1290,13.650151866989734,128.78035714285716,7,7,5,2,868,0.775,252,973,0.86875,0.913594470046083,793,180,0.913594470046083,0.7142857142857143,0.86875,168,948,5.642857142857143,0.00625,0.00625,0.004464285714285714,0.0017857142857142857,0.5927707373271889,0.2904581562397318,0.0,1.0,0.4369815668202765,0.31714543431563413,0.0,1.0,0.482315668202765,0.2921527637277019,0.0,1.0,0.28741359447004605,0.2634798530028912,0.0,1.0,25,0.16607142857142856,3.919642857142857,8
242,1114,1299,13.69696247972876,128.556552962298,7,13,10,3,881,0.7866071428571428,239,947,0.8455357142857143,0.8785471055618616,774,173,0.8785471055618616,0.7238493723849372,0.8455357142857143,161,917,5.695652173913044,0.00625,0.011607142857142858,0.008928571428571428,0.0026785714285714286,0.5948340765622285,0.28983387497852603,0.0,1.0,0.43513638732842996,0.3161198881294325,0.0,1.0,0.4846238489604448,0.2931456617479698,0.0,1.0,0.28864307638848674,0.2638153252901805,0.0,1.0,25,0.1687612208258528,3.926391382405745,8
243,1114,1302,13.721705178531522,128.16696588868942,8,8,8,0,898,0.8061041292639138,216,994,0.8922800718132855,0.9142538975501113,821,173,0.9142538975501113,0.8009259259259259,0.8922800718132855,178,975,5.477528089887641,0.00718132854578097,0.00718132854578097,0.00718132854578097,0.0,0.5946024208026872,0.28948717767794835,0.0,1.0,0.4367000637053339,0.31654295898470863,0.0,1.0,0.4836682689523368,0.29349844960033783,0.0,1.0,0.2876295824404934,0.26318477677435337,0.0,1.0,25,0.1687612208258528,3.9344703770197484,8
244,1113,1309,13.782732361026135,128.01078167115904,6,7,7,0,872,0.7827648114901257,242,954,0.8563734290843806,0.8899082568807339,776,178,0.8899082568807339,0.7355371900826446,0.8563734290843806,169,930,5.502958579881657,0.005385996409335727,0.0062836624775583485,0.0062836624775583485,0.0,0.594093267252123,0.2901608144451388,0.0,1.0,0.43758513752427325,0.31639953393590753,0.0,1.0,0.48361012085905575,0.29411062378486674,0.0,1.0,0.2870475031156711,0.26272764212066735,0.0,1.0,25,0.16981132075471697,3.949685534591195,8
245,1105,1322,13.828998508861575,127.92760180995475,5,13,10,3,870,0.7816711590296496,243,961,0.8634321653189577,0.8931034482758621,777,184,0.8931034482758621,0.757201646090535,0.8634321653189577,171,945,5.526315789473684,0.004492362982929021,0.011680143755615454,0.008984725965858042,0.0026954177897574125,0.5925850240840753,0.29061211738517284,0.0,1.0,0.44043205371478616,0.317122484323449,0.0,1.0,0.48384177492336883,0.2945123313754336,0.0,1.0,0.2855641512188002,0.26299650656194623,0.0,1.0,25,0.17013574660633485,3.952036199095023,8
246,1104,1319,13.955408162415146,127.65579710144928,8,9,8,1,862,0.7800904977375566,243,978,0.8850678733031674,0.9222737819025522,795,183,0.9222737819025522,0.7530864197530864,0.8850678733031674,174,949,5.454022988505747,0.007239819004524887,0.008144796380090498,0.007239819004524887,0.0009049773755656109,0.5928880317905563,0.29032579045267404,0.0,1.0,0.44086021505376344,0.316759261816705,0.0,1.0,0.484484572230014,0.29407187713597993,0.0,1.0,0.2862903225806452,0.26312238647398495,0.0,1.0,25,0.17028985507246377,3.9628623188405796,8
247,1097,1330,13.960991985163103,126.42661804922516,11,18,16,2,840,0.7608695652173914,264,937,0.8487318840579711,0.8892857142857142,747,190,0.8892857142857142,0.7196969696969697,0.8487318840579711,168,916,5.4523809523809526,0.009963768115942028,0.016304347826086956,0.014492753623188406,0.0018115942028985507,0.5911724056811832,0.29080601422383173,0.0,1.0,0.4395859675949069,0.3182592161102475,0.0,1.0,0.4809892081042138,0.2930093398488198,0.0,1.0,0.2859411297674008,0.26294161203008287,0.0,1.0,25,0.16681859617137648,3.982680036463081,8
248,1096,1343,14.037293743565977,126.85766423357664,3,4,4,0,860,0.7839562443026435,237,954,0.8696444849589791,0.9023255813953488,776,178,0.9023255813953488,0.7510548523206751,0.8696444849589791,168,935,5.565476190476191,0.0027347310847766638,0.0036463081130355514,0.0036463081130355514,0.0,0.5900635742877325,0.29121818753450923,0.0,1.0,0.44098775606310336,0.3186898836864201,0.0,1.0,0.4806922533553097,0.29318526520420557,0.0,1.0,0.28428890981869553,0.26258450394492694,0.0,1.0,25,0.16697080291970803,3.9854014598540144,8
249,1092,1349,14.05056885736333,126.17582417582418,9,13,12,1,841,0.7673357664233577,255,949,0.8658759124087592,0.9036860879904876,760,189,0.9036860879904876,0.7411764705882353,0.8658759124087592,163,918,5.631901840490798,0.008211678832116789,0.011861313868613138,0.010948905109489052,0.0009124087591240876,0.5898026704478316,0.29110597814773687,0.0,1.0,0.4399444641380125,0.31855595152588556,0.0,1.0,0.4822757887274016,0.2931273943557661,0.0,1.0,0.2816672574737091,0.2617135077544522,0.0,1.0,25,0.1684981684981685,4.0054945054945055,8
250,1097,1344,14.035401798318349,125.24886052871467,14,9,7,2,881,0.8067765567765568,211,985,0.902014652014652,0.9296254256526674,819,166,0.9296254256526674,0.7867298578199052,0.902014652014652,182,962,5.285714285714286,0.01282051282051282,0.008241758241758242,0.00641025641025641,0.0018315018315018315,0.5881142117799276,0.2927015392489923,0.0,1.0,0.4399388361219749,0.3188767974133885,0.0,1.0,0.4813714823418707,0.2940582527104405,0.0,1.0,0.2797953362543006,0.26119773017605913,0.0,1.0,25,0.17046490428441202,4.022789425706472,8
251,1094,1348,13.998700218863256,123.95886654478976,12,15,14,1,873,0.7958067456700091,224,948,0.8641750227894257,0.9289805269186713,811,137,0.9289805269186713,0.6116071428571429,0.8641750227894257,163,915,5.613496932515337,0.010938924339106655,0.013673655423883319,0.01276207839562443,0.0009115770282588879,0.5886949342454443,0.2922180572843876,0.0,1.0,0.4398773367930648,0.3188813160312881,0.0,1.0,0.48165949165536354,0.29393326912158235,0.0,1.0,0.2789408503862712,0.26122199672019,0.0,1.0,25,0.170018281535649,4.036563071297989,8
252,1097,1357,13.925968596396848,122.61166818596172,14,11,10,1,863,0.7888482632541134,231,959,0.876599634369287,0.9107763615295481,786,173,0.9107763615295481,0.7489177489177489,0.876599634369287,159,927,5.830188679245283,0.012797074954296161,0.010054844606946984,0.009140767824497258,0.0009140767824497258,0.5884376745964066,0.29200686441670637,0.0,1.0,0.4401740818066869,0.31893588785275073,0.0,1.0,0.48175375657952774,0.29456887275086074,0.0,1.0,0.2796189019907666,0.2610888515305311,0.0,1.0,25,0.17046490428441202,4.051959890610757,8
253,1096,1359,13.994335676874273,122.10766423357664,9,10,8,2,848,0.773017319963537,249,974,0.8878760255241568,0.9316037735849056,790,184,0.9316037735849056,0.7389558232931727,0.8878760255241568,176,952,5.409090909090909,0.008204193254329991,0.009115770282588878,0.007292616226071103,0.0018231540565177757,0.5884153520131857,0.2921813595503405,0.0,1.0,0.4388097480574523,0.3188183433951084,0.0,1.0,0.4816635271956675,0.2947782703308586,0.0,1.0,0.27975629856369205,0.26115374868995045,0.0,1.0,25,0.17062043795620438,4.062043795620438,8
254,1093,1363,13.967221477518384,120.91582799634035,11,14,14,0,843,0.7691605839416058,253,979,0.8932481751824818,0.9122182680901542,769,210,0.9122182680901542,0.8300395256916996,0.8932481751824818,173,956,5.526011560693641,0.010036496350364963,0.012773722627737226,0.012773722627737226,0.0,0.5855738866098043,0.29300651851549736,0.0,1.0,0.44122421273204854,0.3189666196889166,0.0,1.0,0.4802703420594398,0.294566699367552,0.0,1.0,0.277838444057492,0.2602563406163969,0.0,1.0,25,0.16925892040256177,4.076852698993596,8
255,1091,1364,14.010242730583053,120.28597616865261,9,11,10,1,878,0.8032936870997255,215,978,0.8947849954254345,0.9202733485193622,808,170,0.9202733485193622,0.7906976744186046,0.8947849954254345,166,945,5.692771084337349,0.008234217749313814,0.010064043915827997,0.009149130832570906,0.0009149130832570906,0.5833949321427515,0.29435852535712,0.0,1.0,0.44365926495372693,0.31840033250741745,0.0,1.0,0.4805298483190917,0.2947506937452289,0.0,1.0,0.2775198840956802,0.26011710944033006,0.0,1.0,25,0.17048579285059579,4.086159486709441,8
256,1080,1375,14.06786464377112,119.57314814814815,6,17,15,2,811,0.7433547204399633,280,947,0.8680109990834097,0.8988902589395807,729,218,0.8988902589395807,0.7785714285714286,0.8680109990834097,168,926,5.511904761904762,0.005499541704857928,0.015582034830430797,0.013748854262144821,0.0018331805682859762,0.579599761051374,0.29562049422675757,0.0,1.0,0.4470131421744325,0.3187678504485874,0.0,1.0,0.4774193548387097,0.295008643634151,0.0,1.0,0.27628434886499403,0.2590956530837122,0.0,1.0,25,0.16944444444444445,4.0962962962962965,8
257,1081,1382,14.085092558032287,119.0277520814061,9,8,7,1,882,0.8166666666666667,198,960,0.8888888888888888,0.9263038548752834,817,143,0.9263038548752834,0.7222222222222222,0.8888888888888888,174,941,5.408045977011494,0.008333333333333333,0.007407407407407408,0.006481481481481481,0.000925925925925926,0.5796902509623706,0.29545959834884283,0.0,1.0,0.44615200978783087,0.3188649664799703,0.0,1.0,0.47724627734176833,0.2952369207183751,0.0,1.0,0.2754916296141566,0.25879923524819504,0.0,1.0,25,0.1702127659574468,4.109158186864015,8
258,1077,1384,14.15649163497763,118.41782729805014,7,11,11,0,801,0.7409805735430157,280,968,0.8954671600370028,0.9275905118601748,743,225,0.9275905118601748,0.8035714285714286,0.8954671600370028,173,943,5.4508670520231215,0.0064754856614246065,0.010175763182238668,0.010175763182238668,0.0,0.5821427501722227,0.29465764824323476,0.0,1.0,0.44160900949471354,0.318493925649764,0.0,1.0,0.4780902746578009,0.2952157576183757,0.0,1.0,0.27513702938269385,0.2582821900190573,0.0,1.0,25,0.17177344475394615,4.128133704735376,8
259,1071,1389,14.171697217347285,117.5546218487395,8,14,13,1,850,0.7892293407613742,227,947,0.8792943361188487,0.9164705882352941,779,168,0.9164705882352941,0.7400881057268722,0.8792943361188487,172,924,5.372093023255814,0.007428040854224698,0.012999071494893221,0.012070566388115135,0.0009285051067780873,0.5837474774856178,0.29441360303176384,0.0,1.0,0.44155296527213034,0.31918309483235086,0.0,1.0,0.4778169332249029,0.2943115837165144,0.0,1.0,0.2752929128640703,0.25949968778014776,0.0,1.0,25,0.17086834733893558,4.139122315592904,8
260,1074,1396,14.120823892080592,116.25698324022346,13,10,10,0,844,0.7880485527544351,227,932,0.8702147525676938,0.9016587677725119,761,171,0.9016587677725119,0.7533039647577092,0.8702147525676938,165,904,5.4787878787878785,0.012138188608776844,0.009337068160597572,0.009337068160597572,0.0,0.584549768727098,0.2932517187757104,0.0,1.0,0.44122064035561964,0.3190874304177076,0.0,1.0,0.4788250135159488,0.2940262229388967,0.0,1.0,0.27542500150177207,0.25957488651358995,0.0,1.0,25,0.17039106145251395,4.149906890130354,8
261,1079,1399,14.092573120454558,115.25764596848934,13,8,7,1,864,0.8044692737430168,210,943,0.8780260707635009,0.9108796296296297,787,156,0.9108796296296297,0.7428571428571429,0.8780260707635009,171,917,5.362573099415204,0.012104283054003724,0.0074487895716946,0.006517690875232775,0.000931098696461825,0.5846512601273581,0.2928961353442215,0.0,1.0,0.440312116954169,0.319781537749584,0.0,1.0,0.47932673622529826,0.29453330738902767,0.0,1.0,0.2748363179766211,0.2582537677800221,0.0,1.0,25,0.1696014828544949,4.164967562557924,8
262,1080,1398,14.054700145429475,113.67222222222222,14,13,12,1,853,0.7905468025949953,226,965,0.8943466172381835,0.9132473622508792,779,186,0.9132473622508792,0.8230088495575221,0.8943466172381835,169,933,5.520710059171598,0.012974976830398516,0.012048192771084338,0.011121408711770158,0.0009267840593141798,0.5836917562724014,0.2928082340259364,0.0,1.0,0.4389784946236559,0.3201210366853336,0.0,1.0,0.47861409796893667,0.294865751131965,0.0,1.0,0.2741039426523298,0.2580757010469411,0.0,1.0,25,0.16944444444444445,4.192592592592592,8
263,1072,1402,14.071738276165398,112.42350746268657,8,16,15,1,824,0.762962962962963,256,956,0.8851851851851852,0.9089805825242718,749,207,0.9089805825242718,0.80859375,0.8851851851851852,173,933,5.393063583815029,0.007407407407407408,0.014814814814814815,0.013888888888888888,0.000925925925925926,0.5844968704862782,0.292777556351068,0.0,1.0,0.43939576311988443,0.320328311421394,0.0,1.0,0.4781535869041888,0.2944959044698785,0.0,1.0,0.2751564756860857,0.2586938732377465,0.0,1.0,25,0.16977611940298507,4.204291044776119,8
264,1068,1412,14.04476661310934,111.11985018726591,11,15,14,1,856,0.7985074626865671,216,961,0.8964552238805971,0.9240654205607477,791,170,0.9240654205607477,0.7870370370370371,0.8964552238805971,167,938,5.616766467065868,0.010261194029850746,0.013992537313432836,0.013059701492537313,0.0009328358208955224,0.5839978252990214,0.2929310141356381,0.0,1.0,0.4394708227618703,0.3210527507301512,0.0,1.0,0.47924972816237765,0.2947044930270133,0.0,1.0,0.27558294067899,0.25923420041408124,0.0,1.0,25,0.16760299625468164,4.206928838951311,8
265,1060,1415,14.15285470393197,110.36415094339623,6,14,13,1,834,0.7808988764044944,234,941,0.8810861423220974,0.9136690647482014,762,179,0.9136690647482014,0.7649572649572649,0.8810861423220974,172,916,5.325581395348837,0.0056179775280898875,0.013108614232209739,0.012172284644194757,0.0009363295880149813,0.5842361533779671,0.2925035819016703,0.0,1.0,0.4373706634205721,0.3201695859769998,0.0,1.0,0.479184418746196,0.2952307545835637,0.0,1.0,0.27528910529519174,0.25852017243909503,0.0,1.0,25,0.16792452830188678,4.214150943396226,8
266,1058,1423,14.079616691230601,108.6937618147448,12,14,14,0,828,0.7811320754716982,232,936,0.8830188679245283,0.927536231884058,768,168,0.927536231884058,0.7241379310344828,0.8830188679245283,171,915,5.350877192982456,0.011320754716981131,0.013207547169811321,0.013207547169811321,0.0,0.5835111897066895,0.29319749329033157,0.0,1.0,0.43749618879199953,0.3201512009997435,0.0,1.0,0.4791450698213306,0.295081118376481,0.0,1.0,0.2732178791389719,0.2581703167018254,0.0,1.0,25,0.16824196597353497,4.233459357277883,8
267,1055,1427,14.115618413988962,107.10426540284361,11,14,14,0,804,0.7599243856332704,254,914,0.8638941398865785,0.9067164179104478,729,185,0.9067164179104478,0.7283464566929134,0.8638941398865785,171,889,5.1988304093567255,0.010396975425330813,0.013232514177693762,0.013232514177693762,0.0,0.5849870050451002,0.2925088606214625,0.0,1.0,0.4370279773734903,0.3191335972095958,0.0,1.0,0.4812414003974927,0.2958351261072322,0.0,1.0,0.27310808744840237,0.2586725665082361,0.0,1.0,25,0.17061611374407584,4.2502369668246445,8
268,1053,1438,14.136448308735146,106.17758784425452,11,13,10,3,808,0.7658767772511849,247,949,0.8995260663507109,0.9195544554455446,743,206,0.9195544554455446,0.8340080971659919,0.8995260663507109,165,925,5.606060606060606,0.01042654028436019,0.012322274881516588,0.009478672985781991,0.002843601895734597,0.5859449192782527,0.2920729593407843,0.0,1.0,0.4366939313175872,0.31869697237132816,0.0,1.0,0.4805011794259106,0.29531980445397166,0.0,1.0,0.27457647887755415,0.25935388007559124,0.0,1.0,25,0.16999050332383667,4.256410256410256,8
269,1058,1439,14.206337812886332,105.40642722117202,11,6,6,0,800,0.7597340930674265,253,911,0.8651471984805318,0.91125,729,182,0.91125,0.7193675889328063,0.8651471984805318,166,878,5.289156626506024,0.010446343779677113,0.005698005698005698,0.005698005698005698,0.0,0.5859198731629978,0.29181731961780266,0.0,1.0,0.4373132508079761,0.31939566969534156,0.0,1.0,0.48127934630160374,0.29538074444644646,0.0,1.0,0.27507774864321,0.2593830748184255,0.0,1.0,25,0.16918714555765596,4.2759924385633274,8
270,1057,1446,14.153921036125837,103.48155156102176,13,14,13,1,836,0.7901701323251418,222,905,0.8553875236294896,0.9150717703349283,765,140,0.9150717703349283,0.6306306306306306,0.8553875236294896,173,885,5.115606936416185,0.012287334593572778,0.013232514177693762,0.012287334593572778,0.000945179584120983,0.585680715353862,0.2908176488229011,0.0,1.0,0.43867305520798366,0.3184493264021227,0.0,1.0,0.48002563554795985,0.2953418406925612,0.0,1.0,0.2759788811914426,0.25861519262913407,0.0,1.0,25,0.16556291390728478,4.299905392620625,8
271,1057,1449,14.127924590040687,102.38126773888364,12,12,10,2,841,0.7956480605487228,216,934,0.8836329233680227,0.920332936979786,774,160,0.920332936979786,0.7407407407407407,0.8836329233680227,177,914,5.163841807909605,0.011352885525070956,0.011352885525070956,0.00946073793755913,0.001892147587511826,0.5880611590929898,0.29088854626407346,0.0,1.0,0.4380016479995117,0.3198249721444252,0.0,1.0,0.48078859828485976,0.2956090001831174,0.0,1.0,0.27320169682912687,0.25787609226864044,0.0,1.0,24,0.1684011352885525,4.322611163670766,8
272,1053,1457,14.132795359284808,101.21462488129154,10,14,12,2,833,0.7880794701986755,224,910,0.8609271523178808,0.8955582232893158,746,164,0.8955582232893158,0.7321428571428571,0.8609271523178808,168,886,5.273809523809524,0.00946073793755913,0.013245033112582781,0.011352885525070956,0.001892147587511826,0.5864657047452746,0.29123459394951495,0.0,1.0,0.43807248108323377,0.3198741794109526,0.0,1.0,0.4787243819501884,0.29514355208297743,0.0,1.0,0.27283031584106854,0.2570657568183339,0.0,1.0,24,0.16619183285849953,4.339981006647673,8
273,1057,1466,13.99351068711513,99.13339640491958,18,14,12,2,837,0.7948717948717948,216,885,0.8404558404558404,0.8829151732377539,739,146,0.8829151732377539,0.6759259259259259,0.8404558404558404,163,857,5.257668711656442,0.017094017094017096,0.013295346628679962,0.011396011396011397,0.001899335232668566,0.5837885677663502,0.2917229919839919,0.0,1.0,0.43955809198278756,0.32130763069985546,0.0,1.0,0.4773400067140721,0.2939882344213311,0.0,1.0,0.27124851222266305,0.25599515154954144,0.0,1.0,24,0.16272469252601704,4.3670766319772945,8
274,1054,1466,14.04983597184697,97.42409867172675,13,16,14,2,823,0.7786187322611163,234,939,0.8883632923368022,0.9149453219927096,753,186,0.9149453219927096,0.7948717948717948,0.8883632923368022,177,916,5.175141242937853,0.01229895931882687,0.015137180700094607,0.013245033112582781,0.001892147587511826,0.5826651159943687,0.2927200782532662,0.0,1.0,0.4379935116606476,0.32147561310630207,0.0,1.0,0.47594417579727,0.2932549935489753,0.0,1.0,0.2726326742976067,0.2555947656035603,0.0,1.0,24,0.16223908918406071,4.395635673624288,8
275,1049,1472,14.080674213961275,96.34032411820782,9,14,13,1,826,0.7836812144212524,228,938,0.889943074003795,0.9213075060532687,761,177,0.9213075060532687,0.7763157894736842,0.889943074003795,174,918,5.275862068965517,0.008538899430740038,0.013282732447817837,0.012333965844402278,0.0009487666034155598,0.584427565423291,0.29198790103542843,0.0,1.0,0.4368523017312955,0.3210152402212561,0.0,1.0,0.47624465696977153,0.2937032496410083,0.0,1.0,0.27362465020449583,0.2562629769137782,0.0,1.0,24,0.16301239275500476,4.401334604385129,8
276,1054,1477,14.131745308444867,95.76280834914611,12,7,5,2,806,0.7683508102955195,243,898,0.8560533841754051,0.8858560794044665,714,184,0.8858560794044665,0.757201646090535,0.8560533841754051,168,871,5.184523809523809,0.011439466158245948,0.00667302192564347,0.004766444232602479,0.0019065776930409914,0.585082940564363,0.2912749747201796,0.0,1.0,0.4376568525433066,0.32110318023289347,0.0,1.0,0.4783620003672645,0.29455817466768597,0.0,1.0,0.27526473648772726,0.25701095184800277,0.0,1.0,24,0.16413662239089183,4.412713472485769,8
277,1056,1484,14.178719821436232,95.10984848484848,9,7,7,0,840,0.7969639468690702,214,908,0.8614800759013282,0.8916666666666667,749,159,0.8916666666666667,0.7429906542056075,0.8614800759013282,166,881,5.307228915662651,0.008538899430740038,0.006641366223908918,0.006641366223908918,0.0,0.5860520527859238,0.2910164206578066,0.0,1.0,0.4367363147605083,0.3212067641571966,0.0,1.0,0.47889173998044965,0.2950893031037214,0.0,1.0,0.27541544477028346,0.2576068247942845,0.0,1.0,24,0.16477272727272727,4.425189393939394,8
278,1053,1486,14.262045513743008,94.5099715099715,7,10,9,1,832,0.7878787878787878,224,927,0.8778409090909091,0.9146634615384616,761,166,0.9146634615384616,0.7410714285714286,0.8778409090909091,179,908,5.072625698324022,0.006628787878787879,0.00946969696969697,0.008522727272727272,0.000946969696969697,0.5853934993719939,0.2914592490526015,0.0,1.0,0.43807248108323377,0.3220601583748129,0.0,1.0,0.47903072634255434,0.29537966824013706,0.0,1.0,0.2743926722421346,0.25777564377034834,0.0,1.0,24,0.16524216524216523,4.433048433048433,8
279,1048,1490,14.263982876274667,93.22614503816794,9,14,13,1,791,0.7511870845204178,262,910,0.8641975308641975,0.911504424778761,721,189,0.911504424778761,0.7213740458015268,0.8641975308641975,164,878,5.353658536585366,0.008547008547008548,0.013295346628679962,0.012345679012345678,0.000949667616334283,0.5850467865057868,0.2913322881936303,0.0,1.0,0.44010096035459245,0.32264301683143987,0.0,1.0,0.47897685299187387,0.29476019204706594,0.0,1.0,0.27262373799556755,0.2575744818943685,0.0,1.0,24,0.1650763358778626,4.448473282442748,8
280,1056,1494,14.211641938425704,92.20549242424242,14,6,6,0,825,0.7872137404580153,223,901,0.8597328244274809,0.9042424242424243,746,155,0.9042424242424243,0.695067264573991,0.8597328244274809,167,872,5.221556886227545,0.013358778625954198,0.0057251908396946565,0.0057251908396946565,0.0,0.5837915444770284,0.2914962049882481,0.0,1.0,0.4382636852394917,0.32341984886169695,0.0,1.0,0.4777920332355816,0.2946810533422792,0.0,1.0,0.2717192082111437,0.2566397215895219,0.0,0.9032258064516129,23,0.16477272727272727,4.464962121212121,8
281,1052,1501,14.112376108090368,89.5361216730038,16,20,18,2,777,0.7357954545454546,279,922,0.8731060606060606,0.9073359073359073,705,217,0.9073359073359073,0.7777777777777778,0.8731060606060606,168,897,5.339285714285714,0.015151515151515152,0.01893939393939394,0.017045454545454544,0.001893939393939394,0.5846007604562737,0.291541761804492,0.0,1.0,0.43870354470746964,0.32410488648196767,0.0,1.0,0.478934134674353,0.2955502606037934,0.0,1.0,0.2718631178707224,0.256521954922281,0.0,0.9032258064516129,23,0.16730038022813687,4.491444866920152,8
282,1053,1502,14.081843136235616,87.76543209876543,15,14,13,1,802,0.7623574144486692,250,914,0.8688212927756654,0.9201995012468828,738,176,0.9201995012468828,0.704,0.8688212927756654,168,883,5.255952380952381,0.014258555133079848,0.013307984790874524,0.012357414448669201,0.0009505703422053232,0.5851177894188647,0.29192266178195014,0.0,1.0,0.4366939313175872,0.32336663775499114,0.0,1.0,0.4786631130717152,0.29643541405237045,0.0,1.0,0.2725239714487026,0.2570216599328222,0.0,0.9032258064516129,23,0.16809116809116809,4.490978157644824,8
283,1060,1505,14.044569740036813,86.69622641509434,16,9,7,2,823,0.7815764482431149,230,923,0.8765432098765432,0.9064398541919806,746,177,0.9064398541919806,0.7695652173913043,0.8765432098765432,174,900,5.172413793103448,0.015194681861348529,0.008547008547008548,0.006647673314339981,0.001899335232668566,0.5860012172854534,0.2914477037848756,0.0,1.0,0.4346013390139988,0.32296417644964764,0.0,1.0,0.48195374315276934,0.29701367666189954,0.0,1.0,0.27221545952525866,0.25683863994367806,0.0,0.9032258064516129,22,0.17075471698113207,4.521698113207547,9
284,1056,1500,14.077861385856625,85.28977272727273,9,13,12,1,813,0.7669811320754717,247,938,0.8849056603773585,0.923739237392374,751,187,0.923739237392374,0.757085020242915,0.8849056603773585,176,909,5.1647727272727275,0.008490566037735849,0.012264150943396227,0.011320754716981131,0.0009433962264150943,0.5860215053763441,0.2908052809936017,0.0,1.0,0.43328445747800587,0.3246043117785255,0.0,1.0,0.48087732160312807,0.29642379600956165,0.0,1.0,0.27129154447702836,0.25653923172627713,0.0,0.9032258064516129,22,0.16950757575757575,4.542613636363637,9
285,1047,1504,14.062495425957152,82.76504297994269,12,21,19,2,844,0.7992424242424242,212,918,0.8693181818181818,0.9075829383886256,766,152,0.9075829383886256,0.7169811320754716,0.8693181818181818,169,891,5.272189349112426,0.011363636363636364,0.019886363636363636,0.017992424242424244,0.001893939393939394,0.5863758203161105,0.2901547152428776,0.0,1.0,0.43306528637890135,0.3248064816111135,0.0,1.0,0.4813445481714268,0.2971281263780329,0.0,1.0,0.2698955541177558,0.25623477742336437,0.0,0.9032258064516129,20,0.17191977077363896,4.576886341929322,9
286,1056,1507,13.953882071221281,81.0596590909091,19,10,9,1,820,0.7831900668576887,227,896,0.8557784145176696,0.9036585365853659,741,155,0.9036585365853659,0.6828193832599119,0.8557784145176696,171,870,5.087719298245614,0.018147086914995225,0.009551098376313277,0.008595988538681949,0.0009551098376313276,0.58455522971652,0.28989202631983774,0.0,1.0,0.4346590909090909,0.32528695780892825,0.0,1.0,0.479044477028348,0.2961668072253392,0.0,1.0,0.2719024926686217,0.2569675819497124,0.0,0.9032258064516129,20,0.16761363636363635,4.5852272727272725,9
287,1055,1508,14.046362574917133,80.69383886255925,7,8,8,0,794,0.7518939393939394,262,932,0.8825757575757576,0.9118387909319899,724,208,0.9118387909319899,0.7938931297709924,0.8825757575757576,172,905,5.261627906976744,0.006628787878787879,0.007575757575757576,0.007575757575757576,0.0,0.5837333741018194,0.2900172183451864,0.0,1.0,0.43595780461703104,0.3248498724014435,0.0,1.0,0.4787952912398716,0.2963762355242632,0.0,1.0,0.27167099831829994,0.25681800039904956,0.0,0.9032258064516129,20,0.16872037914691942,4.598104265402844,9
288,1057,1506,14.068028728165496,79.51844843897824,12,10,9,1,808,0.7658767772511849,247,915,0.8672985781990521,0.9133663366336634,738,177,0.9133663366336634,0.7165991902834008,0.8672985781990521,167,880,5.269461077844311,0.011374407582938388,0.009478672985781991,0.008530805687203791,0.0009478672985781991,0.5847346415601061,0.2893001264703072,0.0,1.0,0.43546861171300394,0.3251859418093742,0.0,1.0,0.47871333964049195,0.2959462178058274,0.0,1.0,0.272164067506943,0.25789673610435837,0.0,0.9032258064516129,20,0.1684011352885525,4.614947965941344,9
289,1057,1509,14.080547957362025,78.4228949858089,10,10,9,1,798,0.7549668874172185,259,913,0.8637653736991485,0.8984962406015038,717,196,0.8984962406015038,0.7567567567567568,0.8637653736991485,167,883,5.287425149700598,0.00946073793755913,0.00946073793755913,0.008514664143803218,0.000946073793755913,0.5855281228064821,0.2890903758652669,0.0,1.0,0.43626209295937984,0.3252667407350425,0.0,1.0,0.4810937833796197,0.2966426122917439,0.0,1.0,0.27054658650471514,0.2569993962114513,0.0,0.9032258064516129,20,0.17123935666982024,4.635761589403973,9
290,1065,1510,14.012681764249178,77.29201877934273,16,8,7,1,828,0.783349101229896,229,934,0.8836329233680227,0.9239130434782609,765,169,0.9239130434782609,0.7379912663755459,0.8836329233680227,164,899,5.4817073170731705,0.015137180700094607,0.007568590350047304,0.006622516556291391,0.000946073793755913,0.5850371043465091,0.2888959144486819,0.0,1.0,0.4356807511737089,0.32509727140328076,0.0,1.0,0.480478570346812,0.29626117283684367,0.0,1.0,0.27266394063304555,0.2570741548705225,0.0,0.9032258064516129,20,0.168075117370892,4.650704225352112,9
291,1071,1501,13.957279249972782,75.8328664799253,17,11,10,1,837,0.7859154929577464,228,940,0.8826291079812206,0.9330943847072879,781,159,0.9330943847072879,0.6973684210526315,0.8826291079812206,171,902,5.2748538011695905,0.01596244131455399,0.010328638497652582,0.009389671361502348,0.0009389671361502347,0.5843799885545616,0.2891701327017978,0.0,1.0,0.4362218005481763,0.32448938249990955,0.0,1.0,0.4809794885696214,0.2961645544236674,0.0,1.0,0.27249179241589105,0.2567145827422885,0.0,0.9032258064516129,20,0.16806722689075632,4.670401493930906,9
292,1069,1501,13.976412100136944,74.64078578110383,11,13,11,2,840,0.7843137254901961,231,948,0.8851540616246498,0.930952380952381,782,166,0.930952380952381,0.7186147186147186,0.8851540616246498,180,928,5.155555555555556,0.01027077497665733,0.012138188608776844,0.01027077497665733,0.0018674136321195146,0.5836627538549745,0.2888732772407695,0.0,1.0,0.4361326533691421,0.3243873746508525,0.0,1.0,0.48139654183892094,0.2953036558676571,0.0,1.0,0.2699236549081143,0.2564004560242057,0.0,0.9032258064516129,20,0.16838166510757718,4.68288119738073,9
293,1070,1507,14.022421324011216,73.9841121495327,10,9,7,2,824,0.7708138447146866,245,941,0.8802619270346118,0.9308252427184466,767,174,0.9308252427184466,0.710204081632653,0.8802619270346118,168,915,5.446428571428571,0.009354536950420954,0.00841908325537886,0.006548175865294668,0.0018709073900841909,0.5833584564365389,0.28873452701182667,0.0,1.0,0.43702140488393126,0.3247156797123197,0.0,1.0,0.4796502864033766,0.2947138542535936,0.0,1.0,0.2695809466385288,0.25584214628941115,0.0,0.9032258064516129,20,0.16728971962616823,4.688785046728972,9
294,1071,1505,13.965960428342447,72.39309056956115,16,15,11,4,838,0.7831775700934579,232,909,0.8495327102803738,0.8914081145584726,747,162,0.8914081145584726,0.6982758620689655,0.8495327102803738,170,877,5.158823529411765,0.014953271028037384,0.014018691588785047,0.010280373831775701,0.003738317757009346,0.5852835757959098,0.2882045706682331,0.0,1.0,0.43501701755971206,0.3240494341654766,0.0,1.0,0.48103972771904463,0.2944674815163213,0.0,1.0,0.26845576940453597,0.2557231394685108,0.0,0.9032258064516129,19,0.16900093370681607,4.710550887021475,9
295,1079,1506,13.971864214524595,72.18628359592215,14,6,4,2,823,0.7684407096171803,248,928,0.8664799253034547,0.8955042527339003,737,191,0.8955042527339003,0.7701612903225806,0.8664799253034547,171,900,5.2631578947368425,0.013071895424836602,0.0056022408963585435,0.003734827264239029,0.0018674136321195146,0.5848605339472032,0.28851917557027373,0.0,1.0,0.4351400639779963,0.32518845953854036,0.0,1.0,0.480612275404347,0.2943161422208332,0.0,1.0,0.2662261951029926,0.2552839976467436,0.0,0.9032258064516129,19,0.1696014828544949,4.729379054680259,9
296,1077,1502,14.025797319435767,71.39925719591457,8,10,9,1,867,0.8035217794253939,212,960,0.8897126969416126,0.9204152249134948,798,162,0.9204152249134948,0.7641509433962265,0.8897126969416126,168,924,5.5,0.0074142724745134385,0.009267840593141797,0.008341056533827619,0.0009267840593141798,0.5841495192739689,0.2892544818387871,0.0,1.0,0.436037978854045,0.32496933937029354,0.0,1.0,0.4808757899781352,0.2946101580913277,0.0,1.0,0.26612154431365503,0.25582679977310374,0.0,0.9032258064516129,19,0.17177344475394615,4.739090064995358,9
297,1083,1503,14.009466900830658,71.00554016620498,12,6,5,1,855,0.7938718662952646,222,917,0.851439182915506,0.9005847953216374,770,147,0.9005847953216374,0.6621621621621622,0.851439182915506,164,882,5.378048780487805,0.011142061281337047,0.005571030640668524,0.004642525533890436,0.0009285051067780873,0.5857385398981324,0.28899739589165296,0.0,1.0,0.4352009054895303,0.3252513083210204,0.0,1.0,0.4822029607124773,0.29496531718713737,0.0,1.0,0.2647663300866768,0.25553569692289196,0.0,0.9032258064516129,19,0.17266851338873498,4.746999076638966,9
298,1091,1509,13.966903757908748,70.4839596700275,14,6,5,1,826,0.76269621421976,257,950,0.8771929824561403,0.9128329297820823,754,196,0.9128329297820823,0.7626459143968871,0.8771929824561403,170,926,5.447058823529412,0.012927054478301015,0.00554016620498615,0.0046168051708217915,0.0009233610341643582,0.5864699447089087,0.2894019485245228,0.0,1.0,0.435764761538689,0.3246888140022618,0.0,1.0,0.48345702374264515,0.2951654472609767,0.0,1.0,0.2632092486916413,0.25468697107966826,0.0,0.9032258064516129,19,0.17506874427131072,4.758936755270394,9
299,1098,1508,13.909889286478094,69.62750455373406,16,9,7,2,858,0.7864344637946837,233,947,0.8680109990834097,0.9044289044289044,776,171,0.9044289044289044,0.7339055793991416,0.8680109990834097,170,916,5.3882352941176475,0.01466544454628781,0.008249312557286892,0.006416131989000917,0.0018331805682859762,0.5859921264469122,0.29019497039202996,0.0,1.0,0.4372172278042188,0.3247318389914404,0.0,1.0,0.4835184205887537,0.2951686170676743,0.0,1.0,0.2618250190963041,0.25381937601926113,0.0,0.9032258064516129,19,0.1766848816029144,4.77959927140255,9
300,1109,1498,13.890389126257013,69.00811541929666,16,5,4,1,838,0.7632058287795993,260,946,0.8615664845173042,0.8997613365155132,754,192,0.8997613365155132,0.7384615384615385,0.8615664845173042,175,911,5.2057142857142855,0.014571948998178506,0.004553734061930784,0.0036429872495446266,0.0009107468123861566,0.5861136158701533,0.2899330795620749,0.0,1.0,0.436283777887664,0.32545127225171044,0.0,1.0,0.48317286715727625,0.29547461459641694,0.0,1.0,0.26202041944210125,0.2541614916031341,0.0,0.9032258064516129,19,0.17673579801623085,4.795311091073039,9
301,1117,1503,13.884685494643206,69.10116383169203,12,4,2,2,864,0.7790802524797115,245,966,0.8710550045085663,0.9074074074074074,784,182,0.9074074074074074,0.7428571428571429,0.8710550045085663,167,938,5.616766467065868,0.010820559062218215,0.0036068530207394047,0.0018034265103697023,0.0018034265103697023,0.5873451352990441,0.2897007131047236,0.0,1.0,0.4358448609466601,0.3248728880257087,0.0,1.0,0.4847662228896526,0.29583926304970676,0.0,1.0,0.26121234874519883,0.2540045881743664,0.0,0.9032258064516129,19,0.17815577439570277,4.811101163831692,10
302,1125,1498,13.906797497565869,68.89066666666666,12,4,3,1,884,0.7914055505819159,233,967,0.8657117278424351,0.8981900452488688,794,173,0.8981900452488688,0.7424892703862661,0.8657117278424351,175,937,5.354285714285714,0.010743061772605193,0.0035810205908683975,0.0026857654431512983,0.0008952551477170994,0.5880430107526882,0.28990145801461753,0.0,1.0,0.43472401433691754,0.32470786183833866,0.0,1.0,0.484931899641577,0.2961935774467736,0.0,1.0,0.260989247311828,0.25388506653386045,0.0,0.9032258064516129,19,0.17955555555555555,4.818666666666667,10
303,1133,1494,13.952467798752,69.23212709620476,11,3,1,2,866,0.7697777777777778,259,964,0.8568888888888889,0.8960739030023095,776,188,0.8960739030023095,0.7258687258687259,0.8568888888888889,168,928,5.523809523809524,0.009777777777777778,0.0026666666666666666,0.0008888888888888889,0.0017777777777777779,0.5874213478347521,0.290671943995034,0.0,1.0,0.43356205335535114,0.32392911869702007,0.0,1.0,0.4847251089029981,0.2961206216840389,0.0,1.0,0.2606554109842553,0.25321020762281937,0.0,0.9032258064516129,19,0.18005295675198588,4.824360105913504,10
304,1140,1481,14.017715511694915,68.95438596491228,11,4,4,0,866,0.764342453662842,267,996,0.8790820829655781,0.9087759815242494,787,209,0.9087759815242494,0.7827715355805244,0.8790820829655781,177,960,5.423728813559322,0.009708737864077669,0.00353045013239188,0.00353045013239188,0.0,0.5884833050367855,0.29063947658020317,0.0,1.0,0.43152235427277874,0.32270202444401447,0.0,1.0,0.4853140916808149,0.29644971068717885,0.0,1.0,0.26083757781550654,0.25372622476313406,0.0,0.9032258064516129,19,0.18070175438596492,4.836842105263158,10
305,1143,1484,13.973422092725118,68.3753280839895,13,10,7,3,862,0.756140350877193,278,988,0.8666666666666667,0.9071925754060325,782,206,0.9071925754060325,0.7410071942446043,0.8666666666666667,170,961,5.652941176470589,0.011403508771929825,0.008771929824561403,0.0061403508771929825,0.002631578947368421,0.58750317500635,0.29066784516993927,0.0,1.0,0.43129286258572513,0.3230381660670877,0.0,1.0,0.48460474698727174,0.29642410530660657,0.0,1.0,0.26147941184771256,0.25371728377667724,0.0,0.9032258064516129,19,0.17935258092738407,4.847769028871391,10
306,1150,1488,13.967478019827197,68.29217391304348,12,5,3,2,887,0.7760279965004374,256,947,0.8285214348206474,0.8816234498308907,782,165,0.8816234498308907,0.64453125,0.8285214348206474,169,920,5.443786982248521,0.010498687664041995,0.004374453193350831,0.0026246719160104987,0.0017497812773403325,0.5854417952314166,0.29119639893549554,0.0,1.0,0.43309957924263676,0.3231456726024204,0.0,1.0,0.4828050490883591,0.2961435221329873,0.0,1.0,0.26154277699859746,0.2538445813825431,0.0,0.9032258064516129,19,0.17739130434782607,4.86,10
307,1156,1495,13.942371704643197,68.05882352941177,12,6,5,1,842,0.7321739130434782,308,971,0.8443478260869566,0.8990498812351544,757,214,0.8990498812351544,0.6948051948051948,0.8443478260869566,177,955,5.395480225988701,0.010434782608695653,0.0052173913043478265,0.004347826086956522,0.0008695652173913044,0.5847471816050899,0.29111262061210386,0.0,1.0,0.4312144212523719,0.32237512986767003,0.0,1.0,0.48119209733229157,0.29575358776847366,0.0,1.0,0.2619153923428954,0.25378314173613137,0.0,0.9032258064516129,19,0.17560553633217993,4.8788927335640135,10
308,1166,1495,13.922717347188007,68.15608919382504,13,3,2,1,879,0.7603806228373703,277,981,0.8486159169550173,0.8976109215017065,789,192,0.8976109215017065,0.6931407942238267,0.8486159169550173,167,948,5.676646706586826,0.01124567474048443,0.0025951557093425604,0.0017301038062283738,0.0008650519031141869,0.5850439882697946,0.29076998513015484,0.0,1.0,0.4299230896918055,0.3233610473367165,0.0,1.0,0.48010844906767,0.29561100805706647,0.0,1.0,0.26116306091960384,0.2536825054862217,0.0,0.9032258064516129,19,0.17495711835334476,4.893653516295026,10
309,1169,1494,13.947043853068408,68.02395209580838,8,5,5,0,899,0.7710120068610634,267,971,0.8327615780445969,0.8743047830923248,786,185,0.8743047830923248,0.6928838951310862,0.8327615780445969,176,946,5.375,0.00686106346483705,0.004288164665523156,0.004288164665523156,0.0,0.5845911862910125,0.29092674437816474,0.0,1.0,0.42887496895609706,0.32418154892533957,0.0,1.0,0.4786279974612986,0.29534748205398054,0.0,1.0,0.25927867766770607,0.2531618938788737,0.0,0.9032258064516129,19,0.17365269461077845,4.897348160821215,10
310,1173,1495,13.924401681636661,67.8925831202046,14,10,5,5,907,0.7758768177929855,262,965,0.825491873396065,0.8632855567805954,783,182,0.8632855567805954,0.6946564885496184,0.825491873396065,167,933,5.586826347305389,0.011976047904191617,0.00855431993156544,0.00427715996578272,0.00427715996578272,0.5844402277039847,0.291433863793971,0.0,1.0,0.43010752688172044,0.3230267611601844,0.0,1.0,0.47914088496548685,0.2961758422840561,0.0,1.0,0.2598520474108297,0.2528089372193607,0.0,0.9032258064516129,19,0.17561807331628304,4.917306052855925,10
311,1174,1498,13.869187085139485,67.53918228279387,9,8,7,1,941,0.8022165387894288,232,1008,0.8593350383631714,0.9032943676939427,850,158,0.9032943676939427,0.6810344827586207,0.8593350383631714,173,984,5.687861271676301,0.0076726342710997444,0.0068201193520886615,0.005967604433077579,0.0008525149190110827,0.583805022805957,0.29134009728174776,0.0,1.0,0.43007089080617683,0.323048025057168,0.0,1.0,0.4790075287135242,0.29580337385199984,0.0,1.0,0.258888827828763,0.25194922552533977,0.0,0.9032258064516129,19,0.17546848381601363,4.9310051107325386,10
312,1180,1500,13.815878717968191,67.4364406779661,13,7,4,3,919,0.782793867120954,255,983,0.8373083475298126,0.8705114254624592,800,183,0.8705114254624592,0.7176470588235294,0.8373083475298126,164,949,5.786585365853658,0.011073253833049404,0.00596252129471891,0.0034071550255536627,0.002555366269165247,0.5846090759978131,0.29077963871061085,0.0,1.0,0.42914160743575724,0.3232243255945616,0.0,1.0,0.479114270092947,0.29604401576735817,0.0,1.0,0.25754510661563695,0.2517766883405248,0.0,0.9032258064516129,19,0.17627118644067796,4.945762711864407,10
313,1188,1492,13.769647789234917,67.04124579124579,14,6,5,1,956,0.8101694915254237,224,995,0.8432203389830508,0.8817991631799164,843,152,0.8817991631799164,0.6785714285714286,0.8432203389830508,170,957,5.629411764705883,0.011864406779661017,0.005084745762711864,0.00423728813559322,0.000847457627118644,0.5822743564679048,0.2918376553071834,0.0,1.0,0.4302161398935592,0.32360448992964636,0.0,1.0,0.4781144781144781,0.29592569335735935,0.0,1.0,0.25689692625176497,0.2512323369030955,0.0,0.9032258064516129,19,0.17592592592592593,4.955387205387205,10
314,1191,1491,13.76022610379008,67.09319899244332,9,6,4,2,961,0.8089225589225589,227,1027,0.8644781144781145,0.8938605619146722,859,168,0.8938605619146722,0.7400881057268722,0.8644781144781145,177,1003,5.666666666666667,0.007575757575757576,0.005050505050505051,0.003367003367003367,0.0016835016835016834,0.5825411012702797,0.29203424206354717,0.0,1.0,0.43021586630914654,0.3235920151673076,0.0,1.0,0.4787248449391945,0.2957323199562332,0.0,1.0,0.25530186072966604,0.2507342789985696,0.0,0.9032258064516129,19,0.17716204869857263,4.963056255247691,10
315,1196,1490,13.804707396232862,67.50167224080268,10,5,1,4,920,0.7724601175482787,271,987,0.8287153652392947,0.8804347826086957,810,177,0.8804347826086957,0.6531365313653137,0.8287153652392947,170,956,5.623529411764705,0.008396305625524769,0.0041981528127623844,0.0008396305625524769,0.0033585222502099076,0.5823443737188477,0.2919537993224146,0.0,1.0,0.42944222677743016,0.32404867009499166,0.0,1.0,0.4773168626604812,0.29562301051149126,0.0,1.0,0.25496277915632753,0.25002643481136083,0.0,0.9032258064516129,19,0.17558528428093645,4.968227424749164,10
316,1200,1494,13.804280455144863,67.71083333333333,8,4,3,1,950,0.794314381270903,246,1029,0.8603678929765887,0.9031578947368422,858,171,0.9031578947368422,0.6951219512195121,0.8603678929765887,174,1007,5.787356321839081,0.006688963210702341,0.0033444816053511705,0.002508361204013378,0.0008361204013377926,0.5830376344086021,0.2923145509730954,0.0,1.0,0.4304301075268817,0.3238262867407086,0.0,1.0,0.4788978494623656,0.296140158338476,0.0,1.0,0.25362903225806455,0.24976282974820202,0.0,0.9032258064516129,19,0.1775,4.976666666666667,10
317,1203,1497,13.821667872355993,67.98171238570241,9,6,3,3,930,0.775,270,1032,0.86,0.8978494623655914,835,197,0.8978494623655914,0.7296296296296296,0.86,169,1004,5.940828402366864,0.0075,0.005,0.0025,0.0025,0.5814764164856675,0.2924468759231463,0.0,1.0,0.4317432225886896,0.3243010108541145,0.0,1.0,0.477596331751267,0.29547808495591504,0.0,1.0,0.2536669079988202,0.24994196120174414,0.0,0.9032258064516129,19,0.17539484621778886,4.98669991687448,10
318,1210,1492,13.859397464237889,68.37355371900827,9,2,1,1,911,0.7572734829592684,292,988,0.8212801330008312,0.8836443468715697,805,183,0.8836443468715697,0.6267123287671232,0.8212801330008312,174,957,5.5,0.007481296758104738,0.0016625103906899418,0.0008312551953449709,0.0008312551953449709,0.5808850973073847,0.2927663566877768,0.0,1.0,0.43100506531591576,0.3242865773992551,0.0,1.0,0.4768061850173287,0.29538080450415594,0.0,1.0,0.25299920021327643,0.24955678376713014,0.0,0.9032258064516129,19,0.17520661157024794,4.9900826446280995,11
319,1217,1492,13.815623216440967,68.33278553820871,12,5,4,1,933,0.7710743801652893,277,1038,0.8578512396694215,0.8928188638799571,833,205,0.8928188638799571,0.740072202166065,0.8578512396694215,175,1013,5.788571428571428,0.009917355371900827,0.004132231404958678,0.003305785123966942,0.0008264462809917355,0.5803800991332467,0.2925478167167855,0.0,1.0,0.4310705860524293,0.32403450944229056,0.0,1.0,0.47663477085376516,0.2956410215496872,0.0,1.0,0.2523391735361943,0.24952346102183243,0.0,0.9032258064516129,19,0.1741988496302383,4.99671322925226,11
320,1223,1492,13.775700141599845,68.27882256745707,12,6,4,2,901,0.7403451109285127,316,1009,0.8290879211175021,0.8756936736958935,789,220,0.8756936736958935,0.6962025316455697,0.8290879211175021,175,984,5.622857142857143,0.009860312243221035,0.0049301561216105174,0.003286770747740345,0.0016433853738701725,0.5789043336058871,0.2931101114202362,0.0,1.0,0.43088122807480284,0.32427331601555576,0.0,1.0,0.4764856381716034,0.2949295470976523,0.0,1.0,0.2523408857120249,0.25007836688958496,0.0,0.9032258064516129,19,0.17416189697465248,4.999182338511856,11
321,1228,1495,13.77748806056268,68.42263843648209,10,5,3,2,900,0.7358953393295176,323,1034,0.8454619787408013,0.8766666666666667,789,245,0.8766666666666667,0.7585139318885449,0.8454619787408013,168,1005,5.982142857142857,0.008176614881439084,0.004088307440719542,0.0024529844644317253,0.001635322976287817,0.5783597772407272,0.29308638045192775,0.0,1.0,0.43159609120521175,0.32441576737413075,0.0,1.0,0.4752548071871388,0.29467450141999657,0.0,1.0,0.2535725543763791,0.25041392130524676,0.0,0.9032258064516129,19,0.1734527687296417,5.009771986970684,11
322,1239,1490,13.751618513616602,68.77966101694915,12,1,0,1,955,0.7776872964169381,273,1070,0.8713355048859935,0.9089005235602095,868,202,0.9089005235602095,0.73992673992674,0.8713355048859935,180,1045,5.805555555555555,0.009771986970684038,0.0008143322475570033,0.0,0.0008143322475570033,0.578432138300919,0.29298361403849155,0.0,1.0,0.43130516285245646,0.3244587971197421,0.0,1.0,0.47392538207191026,0.29385240856318917,0.0,1.0,0.2536645057148064,0.25063833439326305,0.0,0.9032258064516129,19,0.17110573042776434,5.00726392251816,11
323,1244,1494,13.668994910198643,68.7692926045016,10,5,4,1,955,0.7707828894269573,284,1084,0.8748991121872478,0.9078534031413612,867,217,0.9078534031413612,0.7640845070422535,0.8748991121872478,173,1061,6.132947976878612,0.008071025020177562,0.004035512510088781,0.003228410008071025,0.0008071025020177562,0.5764702831656467,0.2935633798910477,0.0,1.0,0.4327092625246343,0.324851714821266,0.0,1.0,0.47342080697023126,0.29415870526306376,0.0,1.0,0.25269681568302044,0.24983064797124135,0.0,0.9032258064516129,19,0.17041800643086816,5.014469453376206,11
324,1245,1494,13.727055731207768,69.5012048192771,5,4,1,3,975,0.7837620578778135,269,1095,0.8802250803858521,0.9117948717948718,889,206,0.9117948717948718,0.7657992565055762,0.8802250803858521,172,1067,6.203488372093023,0.0040192926045016075,0.003215434083601286,0.0008038585209003215,0.002411575562700965,0.5758777043658505,0.29400410283714185,0.0,1.0,0.4320248736883016,0.324920822248869,0.0,1.0,0.4715636740510429,0.2938035690304818,0.0,1.0,0.25267521699702034,0.24912158789223968,0.0,0.9032258064516129,19,0.16947791164658635,5.018473895582329,11
325,1249,1493,13.761290690256413,70.04483586869496,9,5,1,4,948,0.7614457831325301,297,1046,0.8401606425702811,0.8818565400843882,836,210,0.8818565400843882,0.7070707070707071,0.8401606425702811,171,1016,5.941520467836257,0.007228915662650603,0.004016064257028112,0.0008032128514056225,0.00321285140562249,0.5758154911025594,0.2938481016381959,0.0,1.0,0.4310545210361838,0.3246462717941016,0.0,1.0,0.4710348924300731,0.29354490266881655,0.0,1.0,0.253983832227072,0.2496197194717585,0.0,0.9032258064516129,19,0.1689351481184948,5.013610888710969,11
326,1252,1495,13.765632080199032,70.2667731629393,8,5,3,2,964,0.7718174539631706,285,1046,0.8374699759807847,0.8755186721991701,844,202,0.8755186721991701,0.7087719298245614,0.8374699759807847,172,1020,5.930232558139535,0.006405124099279423,0.0040032025620496394,0.0024019215372297837,0.0016012810248198558,0.5772699165206637,0.2937057295982818,0.0,1.0,0.43012470369988665,0.324087539946951,0.0,1.0,0.47209625888900336,0.2935201681444159,0.0,1.0,0.25422549726888594,0.24979881325723705,0.0,0.9032258064516129,19,0.17092651757188498,5.021565495207668,11
327,1262,1496,13.72076153181377,70.54437400950872,13,3,0,3,948,0.7571884984025559,304,1064,0.8498402555910544,0.8924050632911392,846,218,0.8924050632911392,0.7171052631578947,0.8498402555910544,174,1039,5.971264367816092,0.010383386581469648,0.0023961661341853034,0.0,0.0023961661341853034,0.576836562547927,0.293990721038768,0.0,1.0,0.43062726854455297,0.32395659542634136,0.0,1.0,0.47231736618782266,0.2937026833247016,0.0,1.0,0.2550227493481928,0.2498398274514724,0.0,0.9032258064516129,19,0.17194928684627575,5.037242472266244,11
328,1267,1498,13.697038412735624,70.88239936858722,8,3,2,1,967,0.7662440570522979,295,1095,0.8676703645007924,0.890382626680455,861,234,0.890382626680455,0.7932203389830509,0.8676703645007924,173,1070,6.184971098265896,0.006339144215530904,0.002377179080824089,0.001584786053882726,0.000792393026941363,0.577004353693001,0.29395741013014715,0.0,1.0,0.43007357995773604,0.3237485664262816,0.0,1.0,0.47241388089721714,0.29409611468460933,0.0,1.0,0.2546273900756168,0.24946629079197763,0.0,0.9032258064516129,19,0.1728492501973165,5.04104183109708,11
329,1274,1497,13.672615373081799,71.01726844583987,10,3,3,0,920,0.7261247040252565,347,1067,0.8421468034727704,0.8880434782608696,817,250,0.8880434782608696,0.7204610951008645,0.8421468034727704,174,1040,5.977011494252873,0.007892659826361484,0.0023677979479084454,0.0023677979479084454,0.0,0.5769990378285309,0.2941679189397373,0.0,1.0,0.42968552185142045,0.3230908730325146,0.0,1.0,0.4724008710183826,0.2937124855563135,0.0,1.0,0.2547981971945106,0.24952632788162624,0.0,0.9032258064516129,19,0.1726844583987441,5.055729984301413,11
330,1278,1495,13.652697421107597,71.24960876369327,11,7,3,4,967,0.7590266875981162,307,1104,0.8665620094191523,0.8945191313340227,865,239,0.8945191313340227,0.7785016286644951,0.8665620094191523,178,1080,6.067415730337078,0.008634222919937205,0.005494505494505495,0.002354788069073783,0.0031397174254317113,0.5777171992528648,0.2943493095513753,0.0,1.0,0.42917360795597964,0.32303037389496636,0.0,1.0,0.47236104800848094,0.29395600472642547,0.0,1.0,0.25422787621788073,0.2491028160226236,0.0,0.9032258064516129,19,0.17449139280125195,5.068075117370892,11
331,1284,1505,13.5634404932523,71.41822429906541,10,4,3,1,985,0.770735524256651,293,1102,0.8622848200312989,0.8913705583756345,878,224,0.8913705583756345,0.764505119453925,0.8622848200312989,175,1087,6.211428571428572,0.00782472613458529,0.003129890453834116,0.002347417840375587,0.000782472613458529,0.5767008340870264,0.2947548027350069,0.0,1.0,0.4303838810169832,0.32254158361033153,0.0,1.0,0.4726660637121897,0.2944814849002026,0.0,1.0,0.2534921113455934,0.24859230771329005,0.0,0.9032258064516129,19,0.17679127725856697,5.080996884735202,11
332,1287,1500,13.549185320228476,71.45376845376845,11,8,4,4,989,0.7702492211838006,295,1094,0.8520249221183801,0.8796764408493428,870,224,0.8796764408493428,0.7593220338983051,0.8520249221183801,179,1068,5.966480446927374,0.008566978193146417,0.006230529595015576,0.003115264797507788,0.003115264797507788,0.5768353510288994,0.2948614464722949,0.0,1.0,0.43093465674110837,0.3225357186628,0.0,1.0,0.47241647241647244,0.2944233150229366,0.0,1.0,0.25212421986615535,0.24849632590773169,0.0,0.9032258064516129,19,0.17715617715617715,5.090909090909091,11
333,1286,1496,13.573337331201898,71.58320373250389,7,8,5,3,996,0.7738927738927739,291,1077,0.8368298368298368,0.8885542168674698,885,192,0.8885542168674698,0.6597938144329897,0.8368298368298368,177,1050,5.932203389830509,0.005439005439005439,0.006216006216006216,0.003885003885003885,0.002331002331002331,0.5778859178247128,0.2943727024372855,0.0,1.0,0.43081824110771083,0.32261149450922383,0.0,1.0,0.4735614307931571,0.2947724526567455,0.0,1.0,0.252144684693724,0.24899837950457968,0.0,0.9032258064516129,19,0.1780715396578538,5.107309486780715,11
334,1297,1490,13.48561419878077,71.6615265998458,13,2,2,0,1005,0.78149300155521,281,1105,0.859253499222395,0.8945273631840795,899,206,0.8945273631840795,0.7330960854092526,0.859253499222395,174,1073,6.166666666666667,0.01010886469673406,0.0015552099533437014,0.0015552099533437014,0.0,0.5780834183102445,0.29416303523207205,0.0,1.0,0.42915412739075287,0.3235693945819263,0.0,1.0,0.4725047877235308,0.2943990718088424,0.0,1.0,0.2529907727510135,0.24940052682912703,0.0,0.9032258064516129,19,0.17656129529683887,5.119506553585197,11
335,1300,1492,13.467448643966932,72.0576923076923,8,5,2,3,1011,0.779491133384734,286,1119,0.8627602158828065,0.8941641938674579,904,215,0.8941641938674579,0.7517482517482518,0.8627602158828065,169,1090,6.449704142011834,0.006168080185042405,0.0038550501156515036,0.0015420200462606013,0.002313030069390902,0.5787344913151365,0.2938528664290961,0.0,1.0,0.42950372208436727,0.3237427235981686,0.0,1.0,0.47215880893300244,0.2944246019403502,0.0,1.0,0.25213399503722084,0.2493167815764253,0.0,0.9032258064516129,19,0.17615384615384616,5.12,11
336,1308,1491,13.42743318263808,72.39831804281346,12,4,1,3,949,0.73,351,1122,0.8630769230769231,0.8956796628029505,850,272,0.8956796628029505,0.7749287749287749,0.8630769230769231,169,1090,6.449704142011834,0.009230769230769232,0.003076923076923077,0.0007692307692307692,0.002307692307692308,0.579116109302555,0.29376725799775755,0.0,1.0,0.42835651573443817,0.3232078666233664,0.0,1.0,0.47176186248396956,0.2942321779249545,0.0,1.0,0.25246621288349613,0.2496685993654971,0.0,0.9032258064516129,19,0.17507645259938837,5.117737003058104,11
337,1311,1488,13.438040119654366,72.95499618611747,7,4,2,2,1014,0.7752293577981652,294,1092,0.8348623853211009,0.868836291913215,881,211,0.868836291913215,0.717687074829932,0.8348623853211009,177,1066,6.022598870056497,0.005351681957186544,0.0030581039755351682,0.0015290519877675841,0.0015290519877675841,0.5792918481336581,0.2940222490943771,0.0,1.0,0.42735168918087646,0.3235982469896137,0.0,1.0,0.47055928741910874,0.2942503510416083,0.0,1.0,0.2525036293398293,0.24987154579901658,0.0,0.9032258064516129,19,0.17543859649122806,5.120518688024409,11
338,1315,1491,13.43374189875808,73.68973384030419,6,2,0,2,1029,0.7848970251716247,282,1122,0.8558352402745996,0.8892128279883382,915,207,0.8892128279883382,0.7340425531914894,0.8558352402745996,170,1095,6.4411764705882355,0.004576659038901602,0.0015255530129672007,0.0,0.0015255530129672007,0.5797620507788545,0.2937072075845992,0.0,1.0,0.4266159695817491,0.32359630596906974,0.0,1.0,0.47025634735680116,0.294172600202221,0.0,1.0,0.2520299276339998,0.24964490947281506,0.0,0.9032258064516129,19,0.17490494296577946,5.119391634980989,11
339,1322,1489,13.369861812234543,73.74508320726173,12,5,3,2,977,0.7429657794676806,338,1134,0.8623574144486692,0.8925281473899693,872,262,0.8925281473899693,0.7751479289940828,0.8623574144486692,172,1104,6.4186046511627906,0.009125475285171103,0.0038022813688212928,0.0022813688212927757,0.001520912547528517,0.5796935239861403,0.2933915214035658,0.0,1.0,0.42565028549119127,0.32355478433744805,0.0,1.0,0.4717436923527402,0.29451122911383204,0.0,1.0,0.25240349421697333,0.24988451891222793,0.0,0.9032258064516129,19,0.17549167927382753,5.1293494704992435,11
340,1325,1482,13.362111899424095,73.87018867924529,10,7,3,4,1004,0.7594553706505295,318,1125,0.850983358547655,0.898406374501992,902,223,0.898406374501992,0.7012578616352201,0.850983358547655,181,1099,6.071823204419889,0.007564296520423601,0.00529500756429652,0.0022692889561270802,0.0030257186081694403,0.5781132075471698,0.29372034449144235,0.0,1.0,0.4241752891052952,0.323441835320642,0.0,1.0,0.4694826536822885,0.29380797107486706,0.0,1.0,0.2524893487522824,0.25003236888095853,0.0,0.9032258064516129,19,0.17358490566037735,5.1358490566037736,11
341,1332,1479,13.293995486943281,74.16966966966967,10,3,2,1,1061,0.8007547169811321,264,1153,0.870188679245283,0.9048067860508954,960,193,0.9048067860508954,0.7310606060606061,0.870188679245283,178,1128,6.337078651685394,0.007547169811320755,0.0022641509433962265,0.0015094339622641509,0.0007547169811320754,0.5785382156349899,0.29317609902671105,0.0,1.0,0.42393199651264163,0.3230914564936864,0.0,1.0,0.4706238496561077,0.293592892010101,0.0,1.0,0.2528576964060835,0.25013909088429176,0.0,0.9032258064516129,19,0.17267267267267267,5.141141141141141,11
342,1333,1484,13.247336277964871,74.47486871717929,7,6,4,2,1019,0.765015015015015,313,1136,0.8528528528528528,0.8940137389597644,911,225,0.8940137389597644,0.7188498402555911,0.8528528528528528,175,1116,6.377142857142857,0.005255255255255256,0.0045045045045045045,0.003003003003003003,0.0015015015015015015,0.5774992135130557,0.2934547540637788,0.0,1.0,0.4234687704184111,0.322535049387389,0.0,1.0,0.47068218667570116,0.29328559152619343,0.0,1.0,0.25225661254023185,0.24981488525131992,0.0,0.9032258064516129,19,0.17254313578394598,5.14403600900225,11
343,1340,1483,13.201966294964663,74.85671641791045,10,3,1,2,1028,0.7711927981995499,305,1150,0.8627156789197299,0.9017509727626459,927,223,0.9017509727626459,0.7311475409836066,0.8627156789197299,177,1126,6.361581920903955,0.007501875468867217,0.002250562640660165,0.0007501875468867217,0.0015003750937734434,0.5779489648531535,0.2932535923223292,0.0,1.0,0.42277323062108807,0.3223819227072256,0.0,1.0,0.4711603273952817,0.2936866460276218,0.0,1.0,0.2538035628310063,0.25008986247288,0.0,0.9032258064516129,19,0.17238805970149254,5.152985074626866,11
344,1343,1481,13.13093573189309,75.06552494415487,9,6,4,2,1047,0.7813432835820896,293,1132,0.844776119402985,0.8844317096466093,926,206,0.8844317096466093,0.7030716723549488,0.844776119402985,171,1101,6.43859649122807,0.006716417910447761,0.004477611940298508,0.0029850746268656717,0.0014925373134328358,0.5780991040760934,0.29333160931120644,0.0,1.0,0.42322196334638384,0.3225394482628119,0.0,1.0,0.4700117695097639,0.29363715378956834,0.0,1.0,0.25479787668436094,0.24992915649375458,0.0,0.9032258064516129,19,0.1720029784065525,5.16306775874907,11
345,1344,1471,13.171688606509266,75.70386904761905,7,6,1,5,1054,0.7848101265822784,289,1127,0.8391660461653015,0.8757115749525617,923,204,0.8757115749525617,0.7058823529411765,0.8391660461653015,184,1101,5.983695652173913,0.0052122114668652275,0.004467609828741623,0.0007446016381236039,0.0037230081906180195,0.5779809907834101,0.2932570492809256,0.0,1.0,0.4235311059907834,0.3231195973125823,0.0,1.0,0.4687980030721966,0.2934823352503267,0.0,1.0,0.25578437019969275,0.2500190223831777,0.0,0.9032258064516129,19,0.17113095238095238,5.165922619047619,11
346,1346,1464,13.2048463569329,76.11887072808321,7,5,2,3,1009,0.7507440476190477,335,1124,0.8363095238095238,0.8810703666997026,889,235,0.8810703666997026,0.7014925373134329,0.8363095238095238,176,1093,6.2102272727272725,0.005208333333333333,0.003720238095238095,0.001488095238095238,0.002232142857142857,0.5780808129223985,0.29307953788334407,0.0,1.0,0.4239323203757849,0.32267637070192334,0.0,1.0,0.4687724680055601,0.29320959634702265,0.0,1.0,0.2565307002827973,0.25014040353933925,0.0,0.9032258064516129,19,0.17087667161961367,5.168647845468054,11
347,1354,1458,13.140366285039114,76.45568685376662,10,2,1,1,1053,0.7823179791976226,293,1141,0.8476968796433878,0.8983855650522318,946,195,0.8983855650522318,0.6655290102389079,0.8476968796433878,181,1116,6.165745856353591,0.007429420505200594,0.0014858841010401188,0.0007429420505200594,0.0007429420505200594,0.578215085529137,0.2933252129553084,0.0,1.0,0.4240005717825321,0.3225722071412414,0.0,1.0,0.4694572830800019,0.2931998894571668,0.0,1.0,0.2580883404012007,0.2511813126188205,0.0,0.9032258064516129,19,0.16986706056129985,5.172082717872969,11
348,1361,1460,13.083933075017741,76.87068332108744,10,3,1,2,1020,0.7533234859675036,334,1133,0.8367799113737076,0.8941176470588236,912,221,0.8941176470588236,0.6616766467065869,0.8367799113737076,174,1109,6.373563218390805,0.007385524372230428,0.0022156573116691287,0.0007385524372230429,0.0014771048744460858,0.577872058021853,0.2932311488820265,0.0,1.0,0.4234552392690384,0.32246331154205715,0.0,1.0,0.4691758905927804,0.29286147098943777,0.0,1.0,0.2582067265530564,0.2508714864243145,0.0,0.9032258064516129,19,0.16825863335782512,5.1763409257898605,11
349,1357,1462,13.098030099245316,77.17686072218129,5,9,5,4,1014,0.7450404114621602,347,1144,0.8405584129316679,0.8856015779092702,898,246,0.8856015779092702,0.7089337175792507,0.8405584129316679,181,1127,6.226519337016574,0.0036737692872887582,0.006612784717119765,0.0036737692872887582,0.0029390154298310064,0.5781729146361756,0.2924555490943376,0.0,1.0,0.42306320869089786,0.32283973041384334,0.0,1.0,0.4689424014072789,0.29211099709611554,0.0,1.0,0.25915800984144344,0.25107069322590525,0.0,0.9032258064516129,19,0.16654384672070743,5.170228445099484,11
350,1355,1462,13.096047585281315,77.4140221402214,8,10,5,5,1030,0.759027266028003,327,1170,0.8621960206337509,0.8970873786407767,924,246,0.8970873786407767,0.7522935779816514,0.8621960206337509,175,1145,6.542857142857143,0.0058953574060427415,0.007369196757553427,0.0036845983787767134,0.0036845983787767134,0.5780740388049042,0.2924263365718955,0.0,1.0,0.4243304368527556,0.32300503341803793,0.0,1.0,0.46827758600166647,0.29249852665299003,0.0,1.0,0.2601356981311749,0.2511932106038787,0.0,0.9032258064516129,19,0.16605166051660517,5.17859778597786,12
351,1358,1466,13.038566905908457,77.84977908689248,8,5,2,3,1088,0.8029520295202952,267,1176,0.8678966789667897,0.9071691176470589,987,189,0.9071691176470589,0.7078651685393258,0.8678966789667897,176,1156,6.568181818181818,0.005904059040590406,0.0036900369003690036,0.0014760147601476014,0.002214022140221402,0.5780559646539027,0.2926153666478167,0.0,1.0,0.42479452705591714,0.32274496225030413,0.0,1.0,0.46759941089838,0.29214260713981716,0.0,1.0,0.26153261437597985,0.25158485871326014,0.0,0.9032258064516129,19,0.16568483063328424,5.181148748159058,12
352,1361,1467,13.011209300876725,78.33357825128581,7,4,2,2,1047,0.7709867452135494,311,1131,0.8328424153166422,0.8863419293218721,928,203,0.8863419293218721,0.6527331189710611,0.8328424153166422,175,1107,6.325714285714286,0.005154639175257732,0.0029455081001472753,0.0014727540500736377,0.0014727540500736377,0.5790808466260576,0.29275864216878433,0.0,1.0,0.4244033087625323,0.32251150565289205,0.0,1.0,0.46934180275414183,0.2924635155053169,0.0,1.0,0.26124054893223675,0.2517003516331571,0.0,0.9032258064516129,19,0.16825863335782512,5.188831741366642,12
353,1367,1459,12.921876502574317,78.0760790051207,14,8,6,2,1042,0.7656135194709772,319,1137,0.8354151359294636,0.8915547024952015,929,208,0.8915547024952015,0.6520376175548589,0.8354151359294636,175,1104,6.308571428571429,0.010286554004408524,0.005878030859662013,0.00440852314474651,0.0014695077149155032,0.5804799773462019,0.2914347395717109,0.0,1.0,0.42497109280977885,0.3228502109838133,0.0,1.0,0.47039667744295255,0.2921437135859768,0.0,1.0,0.2624536895013804,0.2524471392714791,0.0,0.9032258064516129,19,0.1667885881492319,5.198244330651061,12
354,1371,1458,12.884617260347744,78.417943107221,11,7,1,6,1065,0.7790782735918069,302,1181,0.8639356254572056,0.9061032863849765,965,216,0.9061032863849765,0.7152317880794702,0.8639356254572056,178,1158,6.50561797752809,0.008046817849305048,0.005120702267739576,0.000731528895391368,0.0043891733723482075,0.5805510458577445,0.2914562728750609,0.0,1.0,0.42474294722477124,0.3227485384801159,0.0,1.0,0.4696124797063599,0.2917063613806246,0.0,1.0,0.26133502741111975,0.2520729053355134,0.0,0.9032258064516129,19,0.16703136396790663,5.2013129102844635,12
355,1372,1460,12.853761910286444,78.74271137026238,7,6,3,3,1033,0.7534646243617797,338,1138,0.8300510576221736,0.8818973862536302,911,227,0.8818973862536302,0.6715976331360947,0.8300510576221736,173,1113,6.433526011560693,0.005105762217359592,0.00437636761487965,0.002188183807439825,0.002188183807439825,0.5809743252139565,0.2915996671114788,0.0,1.0,0.42457443807015893,0.32315860797375906,0.0,1.0,0.4694112668108718,0.29205638929761574,0.0,1.0,0.260674315809273,0.251961629098932,0.0,0.9032258064516129,19,0.16690962099125364,5.206268221574344,12
356,1373,1455,12.840787190296831,79.29715950473415,6,5,2,3,1097,0.7995626822157434,275,1190,0.8673469387755102,0.902461257976299,990,200,0.902461257976299,0.7272727272727273,0.8673469387755102,176,1161,6.596590909090909,0.004373177842565598,0.0036443148688046646,0.0014577259475218659,0.002186588921282799,0.5809505908888001,0.2917806438858727,0.0,1.0,0.4245471418837958,0.3230964411536,0.0,1.0,0.4706200220849094,0.29214074654617056,0.0,1.0,0.2603199962408665,0.2518747732749709,0.0,0.9032258064516129,19,0.16751638747268754,5.20611798980335,13
357,1373,1457,12.8534454047668,80.12454479242534,5,5,1,4,1054,0.7676620538965768,319,1165,0.8485069191551348,0.8823529411764706,930,235,0.8823529411764706,0.7366771159874608,0.8485069191551348,172,1139,6.622093023255814,0.003641660597232338,0.003641660597232338,0.0007283321194464676,0.0029133284777858705,0.5809975800577967,0.291538926607952,0.0,1.0,0.4249700444047647,0.3233519863610259,0.0,1.0,0.47015013039494397,0.2920982980756586,0.0,1.0,0.2609778446068181,0.25199738023394314,0.0,0.9032258064516129,19,0.16678805535324107,5.202476329206118,13
358,1373,1451,12.837902652444576,80.31318281136198,9,9,4,5,1007,0.7334304442825929,366,1182,0.8608885651857247,0.9036742800397219,910,272,0.9036742800397219,0.7431693989071039,0.8608885651857247,178,1154,6.48314606741573,0.0065549890750182084,0.0065549890750182084,0.0029133284777858705,0.003641660597232338,0.5809740854732983,0.29118649280775727,0.0,1.0,0.4241242393628269,0.3232882146131255,0.0,1.0,0.46906937950802335,0.2921233703271686,0.0,1.0,0.26137725254328875,0.2522134070761323,0.0,0.9032258064516129,19,0.16533139111434814,5.224326292789512,13
359,1374,1440,12.864089064774886,80.6688500727802,5,4,4,0,1001,0.729060451565914,372,1200,0.8739985433357611,0.8951048951048951,896,304,0.8951048951048951,0.8172043010752689,0.8739985433357611,182,1171,6.434065934065934,0.003641660597232338,0.0029133284777858705,0.0029133284777858705,0.0,0.58048081889468,0.2911860042476563,0.0,1.0,0.4243085880640466,0.32323336030916194,0.0,1.0,0.4689862421937362,0.2920592275793639,0.0,1.0,0.2614922289524346,0.25221766405235696,0.0,0.9032258064516129,19,0.16448326055312956,5.2314410480349345,13
360,1378,1432,12.806794231085572,80.49201741654572,12,8,5,3,1056,0.7685589519650655,318,1193,0.8682678311499272,0.9071969696969697,958,235,0.9071969696969697,0.7389937106918238,0.8682678311499272,179,1164,6.5027932960893855,0.008733624454148471,0.005822416302765648,0.00363901018922853,0.002183406113537118,0.5801301559061753,0.2915265089001225,0.0,1.0,0.42387284048878693,0.32340823750995656,0.0,1.0,0.46809307551851675,0.29174749128099076,0.0,1.0,0.2620909218596376,0.2523995046687011,0.0,0.9032258064516129,19,0.16400580551523947,5.2322206095791,13
361,1380,1426,12.80740417966546,81.02463768115942,6,4,2,2,1051,0.762699564586357,327,1174,0.8519593613933236,0.8953377735490009,941,233,0.8953377735490009,0.7125382262996942,0.8519593613933236,181,1149,6.348066298342541,0.0043541364296081275,0.002902757619738752,0.001451378809869376,0.001451378809869376,0.5802244039270686,0.2912635589894654,0.0,1.0,0.4234221598877981,0.32357264588786583,0.0,1.0,0.4676951846657316,0.29134280910812776,0.0,1.0,0.2620850864890136,0.2522763730725761,0.0,0.9032258064516129,19,0.16304347826086957,5.233333333333333,13
362,1381,1425,12.803597041605054,81.65242577842143,9,8,1,7,1061,0.768840579710145,319,1162,0.8420289855072464,0.8765315739868049,930,232,0.8765315739868049,0.7272727272727273,0.8420289855072464,175,1136,6.491428571428571,0.006521739130434782,0.005797101449275362,0.0007246376811594203,0.005072463768115942,0.5800845577071314,0.2913958434701165,0.0,1.0,0.4228118941393567,0.32350215138216254,0.0,1.0,0.4674499544509588,0.29094757377296204,0.0,1.0,0.2624091938987643,0.252131807783973,0.0,0.9032258064516129,19,0.16220130340333092,5.231716147719045,13
363,1378,1420,12.866748882347547,82.28519593613933,4,7,3,4,1018,0.7371469949312093,363,1157,0.8377986965966691,0.8929273084479371,909,248,0.8929273084479371,0.6831955922865014,0.8377986965966691,176,1128,6.409090909090909,0.002896451846488052,0.005068790731354091,0.002172338884866039,0.002896451846488052,0.5801535652418184,0.2915226638458589,0.0,1.0,0.422608736364062,0.32331600596375926,0.0,1.0,0.4677887541551571,0.29105060476092776,0.0,1.0,0.2628400206002154,0.25243131868479085,0.0,0.9032258064516129,19,0.1625544267053701,5.2402031930333814,13
364,1382,1418,12.845817736977317,82.75253256150506,9,5,1,4,1031,0.7481857764876633,347,1182,0.8577648766328012,0.8884578079534433,916,266,0.8884578079534433,0.7665706051873199,0.8577648766328012,176,1156,6.568181818181818,0.006531204644412192,0.00362844702467344,0.000725689404934688,0.002902757619738752,0.5808318939358573,0.291771271178564,0.0,1.0,0.42208580365062326,0.3229225287752048,0.0,1.0,0.46865225713085285,0.2915472453419826,0.0,1.0,0.2623360253956398,0.2523478195035516,0.0,0.9032258064516129,19,0.16280752532561504,5.2452966714905935,13
365,1387,1406,12.860658729805724,83.37779379956741,8,3,0,3,1043,0.7547033285094067,339,1190,0.8610709117221418,0.8887823585810163,927,263,0.8887823585810163,0.775811209439528,0.8610709117221418,178,1156,6.49438202247191,0.005788712011577424,0.002170767004341534,0.0,0.002170767004341534,0.5809707654022374,0.2915665898341422,0.0,1.0,0.42091308695955526,0.323124136335993,0.0,1.0,0.46793962369467634,0.29160369106328976,0.0,1.0,0.2629020629346233,0.25222301041453543,0.0,0.9032258064516129,19,0.16222062004325882,5.251622206200433,13
366,1392,1394,12.824788362852255,83.62787356321839,10,5,3,2,1090,0.7858687815428983,297,1203,0.8673395818312906,0.9091743119266055,991,212,0.9091743119266055,0.7138047138047138,0.8673395818312906,177,1168,6.598870056497175,0.007209805335255948,0.003604902667627974,0.0021629416005767843,0.0014419610670511895,0.5814330737856878,0.29159329491221503,0.0,1.0,0.41956340378198,0.3230402521713129,0.0,1.0,0.46757971820541344,0.291935080310526,0.0,1.0,0.2646922506488691,0.252706767433449,0.0,0.9032258064516129,19,0.16091954022988506,5.267241379310345,13
367,1391,1388,12.81521217811987,83.96693026599569,7,8,5,3,1036,0.7442528735632183,356,1172,0.8419540229885057,0.8764478764478765,908,264,0.8764478764478765,0.7415730337078652,0.8419540229885057,175,1141,6.52,0.005028735632183908,0.005747126436781609,0.0035919540229885057,0.0021551724137931034,0.5806915424039332,0.2917145385552248,0.0,1.0,0.41984184040258804,0.32329491544207434,0.0,1.0,0.46779991187588416,0.29169882890420196,0.0,1.0,0.2640940608984022,0.2525817143076093,0.0,0.9032258064516129,19,0.16031631919482386,5.272465851905104,13
368,1392,1372,12.847391516584782,84.63793103448276,4,3,1,2,1116,0.8023005032350827,275,1212,0.8713156002875629,0.8933691756272402,997,215,0.8933691756272402,0.7818181818181819,0.8713156002875629,185,1181,6.383783783783784,0.002875629043853343,0.002156721782890007,0.0007189072609633358,0.0014378145219266715,0.5799962921764924,0.2915833826750752,0.0,1.0,0.42028179458657766,0.32312807019024564,0.0,1.0,0.4679968483500186,0.2918351314268933,0.0,1.0,0.26406655543196145,0.25233312970045074,0.0,0.9032258064516129,19,0.16020114942528735,5.279454022988506,13
369,1394,1375,12.799383762810974,85.02295552367288,10,8,3,5,1027,0.7377873563218391,365,1177,0.8455459770114943,0.8919182083739046,916,261,0.8919182083739046,0.7150684931506849,0.8455459770114943,167,1147,6.868263473053892,0.007183908045977011,0.005747126436781609,0.0021551724137931034,0.0035919540229885057,0.5812005368630536,0.29153312414195603,0.0,1.0,0.41965566714490676,0.32308342218622726,0.0,1.0,0.468413014300921,0.2921908292385334,0.0,1.0,0.26435877261998425,0.2525101793400388,0.0,0.9032258064516129,19,0.16212338593974174,5.30703012912482,14
370,1397,1364,12.802785770624777,85.59126700071582,6,3,2,1,1081,0.7754662840746055,313,1207,0.8658536585365854,0.9019426456984274,975,232,0.9019426456984274,0.7412140575079872,0.8658536585365854,183,1179,6.442622950819672,0.00430416068866571,0.002152080344332855,0.0014347202295552368,0.0007173601147776184,0.5810838894405062,0.2915460574521789,0.0,1.0,0.41953956635186,0.3228990902700921,0.0,1.0,0.46821530006696377,0.29176085467697654,0.0,1.0,0.26404507354469253,0.2524308616618672,0.0,0.9032258064516129,19,0.1624910522548318,5.309949892627058,14
371,1400,1369,12.70694221279376,85.59,12,9,4,5,1066,0.7630637079455977,331,1141,0.8167501789549033,0.849906191369606,906,235,0.849906191369606,0.7099697885196374,0.8167501789549033,173,1119,6.468208092485549,0.008589835361488905,0.006442376521116679,0.002863278453829635,0.0035790980672870437,0.5792165898617512,0.29258114598359003,0.0,1.0,0.41979262672811063,0.32298447320155016,0.0,1.0,0.46748847926267284,0.29140595809834385,0.0,1.0,0.26308755760368663,0.2519937656963752,0.0,0.9032258064516129,19,0.16357142857142856,5.325,14
372,1399,1361,12.751846336043764,86.46604717655468,4,5,0,5,1102,0.7871428571428571,298,1190,0.85,0.8820326678765881,972,218,0.8820326678765881,0.7315436241610739,0.85,182,1164,6.395604395604396,0.002857142857142857,0.0035714285714285713,0.0,0.0035714285714285713,0.5792616846134335,0.2926681246958828,0.0,1.0,0.41974682376812933,0.3229295461766877,0.0,1.0,0.467292305563882,0.29131299546983036,0.0,1.0,0.2621457723258549,0.2519222897861703,0.0,0.9032258064516129,19,0.16440314510364545,5.325947105075054,14
373,1407,1362,12.623043420834664,86.51101634683724,12,4,3,1,1057,0.7555396711937098,342,1172,0.8377412437455325,0.8826868495742668,933,239,0.8826868495742668,0.6988304093567251,0.8377412437455325,170,1143,6.723529411764706,0.008577555396711936,0.0028591851322373124,0.002144388849177984,0.0007147962830593281,0.5786505261709883,0.2927081509854035,0.0,1.0,0.4184836187724969,0.3229552513460475,0.0,1.0,0.46543778801843316,0.29050030024308415,0.0,1.0,0.26283329894307267,0.2521463727195829,0.0,0.9032258064516129,19,0.16275764036958068,5.339729921819474,14
374,1411,1357,12.566508737621671,86.78880226789511,11,7,3,4,1076,0.7647476901208244,331,1158,0.8230277185501066,0.8605947955390335,926,232,0.8605947955390335,0.7009063444108762,0.8230277185501066,182,1135,6.236263736263736,0.007818052594171997,0.004975124378109453,0.0021321961620469083,0.0028429282160625444,0.5790448320797421,0.2923824000567842,0.0,1.0,0.41855467410438724,0.3233275135958095,0.0,1.0,0.465352872590933,0.29045211570947865,0.0,1.0,0.264145767129238,0.2527426350951461,0.0,0.9032258064516129,19,0.16158752657689582,5.33805811481219,14
375,1411,1348,12.559357999850748,87.10347271438695,13,13,3,10,1020,0.7228915662650602,391,1180,0.8362863217576187,0.8784313725490196,896,284,0.8784313725490196,0.7263427109974424,0.8362863217576187,172,1143,6.645348837209302,0.009213323883770375,0.009213323883770375,0.002126151665485471,0.007087172218284904,0.5787933517752223,0.29249565859661225,0.0,1.0,0.41988066116458245,0.32422323056300806,0.0,1.0,0.46480418829016257,0.29056639826301295,0.0,1.0,0.2639628723623145,0.2531230928979482,0.0,0.9032258064516129,19,0.16158752657689582,5.3451452870304745,14
376,1416,1342,12.466174065756478,87.02824858757062,15,10,4,6,1057,0.7491141034727143,354,1198,0.8490432317505315,0.8779564806054873,928,270,0.8779564806054873,0.7627118644067796,0.8490432317505315,175,1167,6.668571428571428,0.010630758327427357,0.007087172218284904,0.002834868887313962,0.004252303330970942,0.5795516675779114,0.2924742232639629,0.0,1.0,0.4193548387096774,0.3237994107861944,0.0,1.0,0.4640741753234919,0.2902968801386929,0.0,1.0,0.2644432294514307,0.2531839739138142,0.0,0.9032258064516129,19,0.1617231638418079,5.3608757062146895,14
377,1418,1326,12.46481216623253,87.5049365303244,9,7,2,5,1116,0.788135593220339,300,1165,0.8227401129943502,0.8530465949820788,952,213,0.8530465949820788,0.71,0.8227401129943502,178,1127,6.331460674157303,0.006355932203389831,0.0049435028248587575,0.0014124293785310734,0.0035310734463276836,0.5798261977342007,0.2924971841474498,0.0,1.0,0.419172846808317,0.323808975423996,0.0,1.0,0.4643978342963738,0.29035197708078986,0.0,1.0,0.2638200100095546,0.2530535433272565,0.0,0.9032258064516129,19,0.1622002820874471,5.3702397743300425,14
378,1419,1319,12.428492492881244,87.72233967582805,9,8,5,3,1069,0.7538787023977433,349,1186,0.8363892806770099,0.8737137511693172,934,252,0.8737137511693172,0.7220630372492837,0.8363892806770099,182,1161,6.3791208791208796,0.006346967559943582,0.005641748942172073,0.003526093088857546,0.0021156558533145277,0.580167769215031,0.2923434396605423,0.0,1.0,0.4180817931755666,0.3242492365108671,0.0,1.0,0.46411602900725185,0.2899204614309558,0.0,1.0,0.26399781763622726,0.25304136510056713,0.0,0.9032258064516129,19,0.15997181113460182,5.380549682875264,14
379,1418,1313,12.408131777796562,88.20874471086037,6,7,4,3,1067,0.751937984496124,352,1212,0.854122621564482,0.8940955951265229,954,258,0.8940955951265229,0.7329545454545454,0.854122621564482,174,1180,6.781609195402299,0.004228329809725159,0.004933051444679351,0.0028188865398167725,0.0021141649048625794,0.5797579507711907,0.29264371747140716,0.0,1.0,0.41933208972200736,0.3243241921297348,0.0,1.0,0.46435233632103373,0.2901491859286893,0.0,1.0,0.2641157468492652,0.25303649388749316,0.0,0.9032258064516129,19,0.1607898448519041,5.382933709449929,14
380,1418,1303,12.407487771450356,88.66713681241185,7,7,3,4,1092,0.770098730606488,326,1202,0.847672778561354,0.8937728937728938,976,226,0.8937728937728938,0.6932515337423313,0.847672778561354,181,1173,6.480662983425415,0.004936530324400564,0.004936530324400564,0.0021156558533145277,0.0028208744710860366,0.5805086673643023,0.292287478295763,0.0,1.0,0.41871786705491604,0.3238582542394534,0.0,1.0,0.46394285454297285,0.2897518189500626,0.0,1.0,0.26509395331907726,0.25303006055200483,0.0,0.9032258064516129,19,0.1607898448519041,5.389985895627644,14
381,1422,1296,12.381520153657432,89.13361462728551,8,4,1,3,1092,0.770098730606488,326,1165,0.8215796897038082,0.8690476190476191,949,216,0.8690476190476191,0.6625766871165644,0.8215796897038082,173,1131,6.53757225433526,0.005641748942172073,0.0028208744710860366,0.0007052186177715092,0.0021156558533145277,0.5798511864252983,0.29213442183036,0.0,1.0,0.41808447892563855,0.3237352806188436,0.0,1.0,0.4640215961163287,0.28986169148836677,0.0,1.0,0.2648019599836668,0.252945011870771,0.0,0.9032258064516129,19,0.16104078762306612,5.387482419127989,14
382,1420,1289,12.328760340268232,89.02112676056338,12,14,6,8,1137,0.79957805907173,285,1201,0.8445850914205345,0.8865435356200527,1008,193,0.8865435356200527,0.6771929824561403,0.8445850914205345,167,1161,6.952095808383233,0.008438818565400843,0.009845288326300985,0.004219409282700422,0.005625879043600563,0.5798500681508405,0.2918483524112558,0.0,1.0,0.4181281235801908,0.32415782823469497,0.0,1.0,0.4633348477964561,0.2901313113376,0.0,1.0,0.2665606542480691,0.25330905800882325,0.0,0.9032258064516129,19,0.15985915492957747,5.406338028169014,14
383,1419,1269,12.311698322333887,89.2938689217759,8,9,5,4,1138,0.8014084507042254,282,1186,0.8352112676056338,0.8778558875219684,999,187,0.8778558875219684,0.6631205673758865,0.8352112676056338,180,1146,6.366666666666666,0.005633802816901409,0.006338028169014085,0.0035211267605633804,0.0028169014084507044,0.580167769215031,0.2919016232640134,0.0,1.0,0.41719520789288234,0.3245982956527815,0.0,1.0,0.46375230171179155,0.29005224126315937,0.0,1.0,0.2642251471958899,0.25232780745968775,0.0,0.9032258064516129,19,0.15856236786469344,5.41014799154334,14
384,1416,1262,12.293292495887256,89.4816384180791,6,9,7,2,1072,0.755461592670895,347,1208,0.8513037350246653,0.878731343283582,942,266,0.878731343283582,0.7665706051873199,0.8513037350246653,180,1181,6.561111111111111,0.004228329809725159,0.006342494714587738,0.004933051444679351,0.0014094432699083862,0.5805312556952797,0.29137995482052786,0.0,1.0,0.416962821213778,0.3247729562867251,0.0,1.0,0.46389192637142335,0.28982835365748966,0.0,1.0,0.2633041735010023,0.25221267712716045,0.0,0.9032258064516129,19,0.1574858757062147,5.422316384180791,14
385,1418,1245,12.325498107692889,90.03385049365303,7,5,1,4,1089,0.7690677966101694,327,1199,0.8467514124293786,0.8797061524334252,958,241,0.8797061524334252,0.7370030581039755,0.8467514124293786,178,1160,6.51685393258427,0.0049435028248587575,0.0035310734463276836,0.0007062146892655367,0.002824858757062147,0.580849902179353,0.2910962071186293,0.0,1.0,0.41598798853451024,0.3245272637373434,0.0,1.0,0.46255516629509985,0.28905070436006464,0.0,1.0,0.2640929978615952,0.25228624146558914,0.0,0.9032258064516129,19,0.15655853314527504,5.42524682651622,14
386,1411,1236,12.36685628908832,90.42026931254429,6,13,5,8,1102,0.7771509167842031,316,1202,0.847672778561354,0.895644283121597,987,215,0.895644283121597,0.680379746835443,0.847672778561354,177,1170,6.610169491525424,0.004231311706629055,0.009167842031029619,0.003526093088857546,0.005641748942172073,0.5821083194257104,0.29103055795399135,0.0,1.0,0.4153768775290917,0.32403656594321695,0.0,1.0,0.46352392492169814,0.28932972678603525,0.0,1.0,0.2647858988134702,0.25270891253889005,0.0,0.9032258064516129,19,0.15804394046775336,5.445074415308292,15
387,1406,1229,12.378648689594295,90.47581792318634,10,15,7,8,1040,0.7370659107016301,371,1175,0.8327427356484762,0.8788461538461538,914,261,0.8788461538461538,0.7035040431266847,0.8327427356484762,182,1150,6.318681318681318,0.007087172218284904,0.010630758327427357,0.004961020552799433,0.005669737774627924,0.5817234891937778,0.2910907065784727,0.0,1.0,0.4139861423392832,0.3238846852098348,0.0,1.0,0.46338273757628595,0.2891242909132222,0.0,1.0,0.2645574266966457,0.25271792141239513,0.0,0.9032258064516129,19,0.15789473684210525,5.450213371266003,15
388,1406,1213,12.380109053785482,90.69914651493599,10,10,5,5,1067,0.7588904694167852,339,1190,0.8463726884779517,0.8856607310215557,945,245,0.8856607310215557,0.7227138643067846,0.8463726884779517,171,1145,6.695906432748538,0.007112375533428165,0.007112375533428165,0.0035561877667140826,0.0035561877667140826,0.5821823521314183,0.29088008292717266,0.0,1.0,0.4133437342265865,0.3240607280821076,0.0,1.0,0.46299270407929155,0.2884415528404845,0.0,1.0,0.26458036984352773,0.2527627197351181,0.0,0.9032258064516129,19,0.15718349928876243,5.455192034139403,15
389,1411,1202,12.374657027937078,91.1516654854713,11,6,0,6,1051,0.7475106685633002,355,1174,0.8349928876244666,0.8867745004757374,932,242,0.8867745004757374,0.6816901408450704,0.8349928876244666,176,1139,6.471590909090909,0.007823613086770981,0.004267425320056899,0.0,0.004267425320056899,0.5826341418806155,0.29080055317700426,0.0,1.0,0.41249628495004687,0.324559231714326,0.0,1.0,0.46228938524496466,0.28846410709135845,0.0,1.0,0.2635513591367367,0.25271246782738666,0.0,0.9032258064516129,19,0.1566265060240964,5.461374911410347,15
390,1412,1186,12.373103311451917,91.34844192634561,9,8,4,4,1094,0.7753366406803686,317,1168,0.8277817150956768,0.8647166361974405,946,222,0.8647166361974405,0.7003154574132492,0.8277817150956768,174,1126,6.471264367816092,0.0063784549964564135,0.005669737774627924,0.002834868887313962,0.002834868887313962,0.5821072831947364,0.2908514823859811,0.0,1.0,0.41140455085442745,0.3246532070454765,0.0,1.0,0.4613679978068172,0.28841999444610666,0.0,1.0,0.26327332541350634,0.25324648912564074,0.0,0.9032258064516129,19,0.15509915014164305,5.472379603399434,15
391,1406,1174,12.399336303495504,91.94950213371266,5,11,5,6,1098,0.7776203966005666,314,1163,0.8236543909348442,0.8861566484517304,973,190,0.8861566484517304,0.6050955414012739,0.8236543909348442,166,1117,6.728915662650603,0.0035410764872521247,0.007790368271954674,0.0035410764872521247,0.00424929178470255,0.58186114807507,0.29142304339188746,0.0,1.0,0.4127472124076539,0.32447136344587457,0.0,1.0,0.4615702289726059,0.2886839378287109,0.0,1.0,0.263937961730831,0.25371656754180816,0.0,0.9032258064516129,19,0.15647226173541964,5.472972972972973,15
392,1405,1161,12.316883343198173,91.59715302491104,11,12,10,2,1058,0.7524893314366998,348,1177,0.837126600284495,0.8856332703213611,937,240,0.8856332703213611,0.6896551724137931,0.837126600284495,182,1146,6.2967032967032965,0.007823613086770981,0.008534850640113799,0.007112375533428165,0.001422475106685633,0.5834232579497187,0.2911855684346214,0.0,1.0,0.41113534611410857,0.323983609745926,0.0,1.0,0.46242681666858,0.2888136735189376,0.0,1.0,0.2632533578234416,0.2534655748289889,0.0,0.9032258064516129,19,0.15729537366548044,5.496797153024911,15
393,1400,1160,12.302255193684047,91.93428571428572,7,12,7,5,1084,0.7715302491103203,321,1154,0.8213523131672598,0.8662361623616236,939,215,0.8662361623616236,0.6697819314641744,0.8213523131672598,173,1126,6.508670520231214,0.00498220640569395,0.008540925266903915,0.00498220640569395,0.0035587188612099642,0.582442396313364,0.2907468153446509,0.0,1.0,0.41179723502304144,0.32433526751528285,0.0,1.0,0.46276497695852536,0.28884502952620406,0.0,1.0,0.26495391705069127,0.25403118592833096,0.0,0.9032258064516129,19,0.15428571428571428,5.497142857142857,15
394,1394,1159,12.359245956681196,92.82352941176471,4,10,1,9,1105,0.7892857142857143,295,1188,0.8485714285714285,0.8823529411764706,975,213,0.8823529411764706,0.7220338983050848,0.8485714285714285,178,1165,6.544943820224719,0.002857142857142857,0.007142857142857143,0.0007142857142857143,0.0064285714285714285,0.5820336002221502,0.2907817105418365,0.0,1.0,0.4104919701948443,0.3247046415398433,0.0,1.0,0.46154024158837414,0.2886115280016188,0.0,1.0,0.264497616513167,0.2539246544585257,0.0,0.9032258064516129,19,0.15423242467718795,5.506456241032999,15
395,1393,1154,12.39917510357364,93.49676956209619,4,5,1,4,1056,0.757532281205165,338,1155,0.8285509325681492,0.8617424242424242,910,245,0.8617424242424242,0.7248520710059172,0.8285509325681492,181,1131,6.248618784530387,0.0028694404591104736,0.003586800573888092,0.0007173601147776184,0.0028694404591104736,0.5816872380334853,0.29072953683013286,0.0,1.0,0.41053192228423224,0.32479244571153193,0.0,1.0,0.46115369474098605,0.2884914283155306,0.0,1.0,0.26575272676747796,0.25401036036624214,0.0,0.9032258064516129,19,0.15362526920315864,5.513280689160086,15
396,1387,1145,12.376385422332676,93.64671953857246,6,12,9,3,1105,0.7932519741564967,288,1165,0.83632447954056,0.8823529411764706,975,190,0.8823529411764706,0.6597222222222222,0.83632447954056,180,1136,6.311111111111111,0.004307250538406317,0.008614501076812634,0.006460875807609476,0.0021536252692031586,0.5809009930925413,0.29093684807843867,0.0,1.0,0.4113542805311998,0.3251919818234235,0.0,1.0,0.46082284810568175,0.2893881159537313,0.0,1.0,0.2670651440798195,0.2545328667123099,0.0,0.9032258064516129,19,0.15356885364095169,5.5147801009372746,15
397,1385,1143,12.3971185486319,94.20794223826715,5,7,2,5,1088,0.7844268204758471,299,1162,0.8377793799567411,0.8851102941176471,963,199,0.8851102941176471,0.6655518394648829,0.8377793799567411,175,1135,6.485714285714286,0.003604902667627974,0.005046863734679163,0.0014419610670511895,0.003604902667627974,0.5807383253755677,0.29114822294020465,0.0,1.0,0.41136601839990683,0.32564522502470944,0.0,1.0,0.46097589379294285,0.2897245738845936,0.0,1.0,0.26649586584371726,0.2542447352925018,0.0,0.9032258064516129,19,0.15379061371841155,5.52129963898917,15
398,1381,1142,12.404464750828597,94.70528602461984,5,9,3,6,1082,0.7812274368231047,303,1146,0.8274368231046931,0.8743068391866913,946,200,0.8743068391866913,0.6600660066006601,0.8274368231046931,172,1117,6.494186046511628,0.0036101083032490976,0.006498194945848376,0.0021660649819494585,0.004332129963898917,0.5821868211440985,0.29106371518145474,0.0,1.0,0.40970778538226155,0.32552843501778633,0.0,1.0,0.46140010744902016,0.2905623913915366,0.0,1.0,0.2669173810469272,0.2543574514767069,0.0,0.9032258064516129,19,0.1556842867487328,5.534395365677046,15
399,1382,1143,12.39524725501721,95.28002894356005,6,5,2,3,1054,0.7632150615496017,327,1130,0.8182476466328747,0.8700189753320683,917,213,0.8700189753320683,0.6513761467889908,0.8182476466328747,167,1098,6.574850299401198,0.004344677769732078,0.003620564808110065,0.001448225923244026,0.002172338884866039,0.5828626114560478,0.2907715195569012,0.0,1.0,0.40927127585080064,0.32583781208968254,0.0,1.0,0.4609261939218524,0.2900031490287626,0.0,1.0,0.26576723775734096,0.2541946449024973,0.0,0.9032258064516129,19,0.15557163531114326,5.543415340086831,15
400,1372,1140,12.447027921920505,95.9438775510204,4,14,6,8,1088,0.7872648335745297,294,1138,0.8234442836468886,0.8731617647058824,950,188,0.8731617647058824,0.6394557823129252,0.8234442836468886,186,1121,6.026881720430108,0.002894356005788712,0.010130246020260492,0.004341534008683068,0.005788712011577424,0.5831138907175774,0.2904022016457273,0.0,1.0,0.40959747954481335,0.3254288251164761,0.0,1.0,0.4609235399228816,0.28984110914911837,0.0,1.0,0.2673986645349384,0.25472797915554646,0.0,0.9032258064516129,19,0.1552478134110787,5.543731778425656,15
401,1366,1139,12.49490284825666,96.67203513909224,7,13,3,10,1060,0.7725947521865889,312,1122,0.8177842565597667,0.8575471698113207,909,213,0.8575471698113207,0.6826923076923077,0.8177842565597667,172,1093,6.354651162790698,0.00510204081632653,0.009475218658892129,0.002186588921282799,0.007288629737609329,0.5826052047418881,0.2906398409359868,0.0,1.0,0.409696311339914,0.32568587544273847,0.0,1.0,0.46091720587540735,0.29015507225341824,0.0,1.0,0.2676994285174515,0.25467735576055534,0.0,0.9032258064516129,19,0.15666178623718888,5.543923865300147,15
402,1368,1134,12.468920854889255,96.91520467836257,9,7,4,3,1064,0.7789165446559297,302,1135,0.8308931185944363,0.8543233082706767,909,226,0.8543233082706767,0.7483443708609272,0.8308931185944363,176,1106,6.284090909090909,0.006588579795021962,0.005124450951683748,0.0029282576866764276,0.0021961932650073207,0.5816119600075458,0.29146238559141513,0.0,1.0,0.4106064893416337,0.32586563695812926,0.0,1.0,0.4613044708545557,0.2906021622966817,0.0,1.0,0.2675202791926052,0.25461261818288483,0.0,0.9032258064516129,19,0.15789473684210525,5.555555555555555,15
403,1369,1136,12.48967577913638,97.46895544192841,7,6,1,5,1006,0.7353801169590644,362,1136,0.8304093567251462,0.8707753479125249,876,260,0.8707753479125249,0.7182320441988951,0.8304093567251462,175,1113,6.36,0.005116959064327485,0.0043859649122807015,0.0007309941520467836,0.003654970760233918,0.5815405641037724,0.29159214757475604,0.0,1.0,0.4104950635029101,0.32611780463948736,0.0,1.0,0.4616744032611513,0.2908912275522519,0.0,1.0,0.2684559014114376,0.25475167396746584,0.0,0.9032258064516129,19,0.1585098612125639,5.5675675675675675,15
404,1373,1129,12.465921082367638,97.90823015294974,10,6,1,5,1062,0.7757487216946677,307,1153,0.8422205989773557,0.8804143126177024,935,218,0.8804143126177024,0.7100977198697068,0.8422205989773557,176,1122,6.375,0.007304601899196494,0.004382761139517896,0.0007304601899196494,0.003652300949598247,0.580598172121326,0.2914442343942974,0.0,1.0,0.41005098324836126,0.3263132332878744,0.0,1.0,0.4604468669971572,0.2902547403531963,0.0,1.0,0.2679792307873035,0.25448361331317476,0.0,0.9032258064516129,19,0.157319737800437,5.578295702840495,15
405,1366,1120,12.541476313934293,98.5095168374817,3,10,6,4,1034,0.7530954115076475,339,1113,0.8106336489439184,0.8558994197292069,885,228,0.8558994197292069,0.672566371681416,0.8106336489439184,177,1081,6.107344632768362,0.0021849963583394027,0.007283321194464676,0.004369992716678805,0.0029133284777858705,0.5797714069805885,0.29187178536489766,0.0,1.0,0.41059368063099233,0.3256387396491508,0.0,1.0,0.46077551598734234,0.29091470247894013,0.0,1.0,0.2679591933122373,0.25429171686437724,0.0,0.9032258064516129,19,0.1581259150805271,5.583455344070278,15
406,1363,1110,12.625816391938452,99.03521643433602,6,9,1,8,1052,0.7701317715959004,314,1131,0.8279648609077599,0.8783269961977186,924,207,0.8783269961977186,0.6592356687898089,0.8279648609077599,177,1098,6.203389830508475,0.004392386530014641,0.006588579795021962,0.0007320644216691069,0.005856515373352855,0.5791541429010958,0.2918609175983055,0.0,1.0,0.41083473362838147,0.3261850033554692,0.0,1.0,0.4599200056800701,0.2903799153148822,0.0,1.0,0.26812297351667336,0.2539709163436605,0.0,0.9032258064516129,19,0.15700660308143802,5.598679383712399,15
407,1361,1102,12.701898331302928,99.75312270389419,4,6,1,5,1024,0.7512839325018342,339,1150,0.8437270726338958,0.8681640625,889,261,0.8681640625,0.7699115044247787,0.8437270726338958,178,1120,6.292134831460674,0.00293470286133529,0.004402054292002935,0.0007336757153338225,0.003668378576669112,0.5786779170913228,0.2920750887929999,0.0,1.0,0.4111540375909554,0.32628533027726964,0.0,1.0,0.45983740608186585,0.29017444521029884,0.0,1.0,0.2680192458107179,0.25428363364552875,0.0,0.9032258064516129,19,0.15723732549595884,5.6024981631153565,15
408,1358,1093,12.706409437827746,99.92709867452136,5,8,7,1,1043,0.766348273328435,318,1125,0.8265980896399706,0.8859060402684564,924,201,0.8859060402684564,0.6320754716981132,0.8265980896399706,177,1093,6.175141242937853,0.0036737692872887582,0.005878030859662013,0.005143277002204262,0.0007347538574577516,0.5796474891918856,0.2917163731570554,0.0,1.0,0.4101620029455081,0.32676125322914584,0.0,1.0,0.45995059147702977,0.2904232246387134,0.0,1.0,0.2678274502351656,0.2537868942819703,0.0,0.9032258064516129,19,0.1568483063328424,5.620765832106038,15
409,1369,1079,12.632675223987555,99.77501826150475,14,3,2,1,1028,0.7569955817378498,330,1158,0.8527245949926362,0.896887159533074,922,236,0.896887159533074,0.7151515151515152,0.8527245949926362,176,1120,6.363636363636363,0.010309278350515464,0.0022091310751104565,0.0014727540500736377,0.0007363770250368188,0.5804566554348595,0.2915908546756693,0.0,1.0,0.4086100049482787,0.3269062592805717,0.0,1.0,0.4604019887367751,0.2902811742195143,0.0,1.0,0.26692429133579965,0.25353108590822676,0.0,0.9032258064516129,19,0.15631848064280496,5.635500365230095,15
410,1368,1066,12.664949408352332,100.2733918128655,6,7,4,3,1063,0.7764791818845873,306,1194,0.8721694667640614,0.8993414863593603,956,238,0.8993414863593603,0.7777777777777778,0.8721694667640614,181,1162,6.419889502762431,0.004382761139517896,0.005113221329437546,0.0029218407596785976,0.002191380569758948,0.581140350877193,0.29128343694273723,0.0,1.0,0.4062676853423882,0.3267438335529903,0.0,1.0,0.4598189020939445,0.2900623895430069,0.0,1.0,0.26622335408413506,0.25335630387637637,0.0,0.9032258064516129,19,0.1564327485380117,5.642543859649122,15
411,1362,1054,12.768202105270731,100.76945668135096,6,12,4,8,1027,0.7507309941520468,341,1123,0.820906432748538,0.8617332035053554,885,238,0.8617332035053554,0.6979472140762464,0.820906432748538,174,1085,6.235632183908046,0.0043859649122807015,0.008771929824561403,0.0029239766081871343,0.005847953216374269,0.5819714840604424,0.2908296372372332,0.0,1.0,0.40459949789209415,0.32703339365701983,0.0,1.0,0.4593103121595377,0.28961572775893246,0.0,1.0,0.26713561650324474,0.2536440158479493,0.0,0.9032258064516129,19,0.15565345080763582,5.640969162995595,15
412,1363,1045,12.724481082358716,100.55832721936903,12,11,7,4,1064,0.7812041116005873,298,1106,0.8120411160058737,0.8637218045112782,919,187,0.8637218045112782,0.62751677852349,0.8120411160058737,172,1069,6.215116279069767,0.00881057268722467,0.008076358296622614,0.005139500734214391,0.002936857562408223,0.5832248597732705,0.290321638171205,0.0,1.0,0.4028353016353868,0.32695137383549305,0.0,1.0,0.4599200056800701,0.2897403292330785,0.0,1.0,0.2677443021797269,0.25410583755112454,0.0,0.9032258064516129,19,0.15700660308143802,5.656639765223771,15
413,1363,1035,12.755967776649841,100.76522377109318,6,6,4,2,1056,0.7747615553925165,307,1140,0.8363903154805576,0.884469696969697,934,206,0.884469696969697,0.6710097719869706,0.8363903154805576,177,1107,6.254237288135593,0.004402054292002935,0.004402054292002935,0.00293470286133529,0.001467351430667645,0.5841005372399592,0.2902849227154651,0.0,1.0,0.4019122902515797,0.3266569537804065,0.0,1.0,0.4601566752656617,0.2896412069704209,0.0,1.0,0.26750763259413535,0.2538923233304015,0.0,0.9032258064516129,19,0.15700660308143802,5.672780630961115,15
414,1365,1023,12.769215700391623,101.11355311355311,11,9,3,6,1023,0.7505502567865003,340,1099,0.8063096111518708,0.8680351906158358,888,211,0.8680351906158358,0.6205882352941177,0.8063096111518708,180,1067,5.927777777777778,0.008070432868672046,0.006603081438004402,0.0022010271460014674,0.004402054292002935,0.5846390168970814,0.28980098903010393,0.0,1.0,0.4023159636062862,0.3264662170727689,0.0,1.0,0.4614203001299776,0.2898256514150969,0.0,1.0,0.2669975186104218,0.25376202353558164,0.0,0.9032258064516129,19,0.1575091575091575,5.670329670329671,15
415,1369,1013,12.731781543652374,101.04236669101535,11,7,4,3,1018,0.7457875457875458,347,1126,0.8249084249084249,0.8575638506876228,873,253,0.8575638506876228,0.729106628242075,0.8249084249084249,176,1092,6.204545454545454,0.00805860805860806,0.005128205128205128,0.0029304029304029304,0.002197802197802198,0.5842032093121893,0.29035052107489745,0.0,1.0,0.40271919696505576,0.3263102480100053,0.0,1.0,0.4613680812460237,0.2899004946457453,0.0,1.0,0.26739555597445747,0.2534422100393678,0.0,0.9032258064516129,19,0.15777940102264426,5.677136596055515,15
416,1373,1002,12.668948300018759,100.83175528040786,15,11,5,6,1058,0.7728268809349891,311,1149,0.8392987582176772,0.8837429111531191,935,214,0.8837429111531191,0.6881028938906752,0.8392987582176772,178,1116,6.269662921348314,0.01095690284879474,0.008035062089116142,0.003652300949598247,0.004382761139517896,0.5836759626905998,0.29073980549009204,0.0,1.0,0.40206282451894837,0.3275785387154716,0.0,1.0,0.4592016540187487,0.2894153343959998,0.0,1.0,0.2661231586119399,0.25326115054658116,0.0,0.9032258064516129,19,0.157319737800437,5.691915513474144,15
417,1379,980,12.620572474645503,100.76867295141408,12,6,5,1,1109,0.8077203204661325,264,1147,0.8353969410050983,0.866546438232642,961,186,0.866546438232642,0.7045454545454546,0.8353969410050983,186,1111,5.973118279569892,0.00873998543335761,0.004369992716678805,0.003641660597232338,0.0007283321194464676,0.5843177618189899,0.2906708210745254,0.0,1.0,0.4010152284263959,0.32787564494661214,0.0,1.0,0.4579288404407121,0.28867542074601854,0.0,1.0,0.267117359470397,0.2536559879280081,0.0,0.9032258064516129,19,0.1559100797679478,5.710659898477157,15
418,1380,969,12.663454996793622,101.43913043478261,7,6,1,5,1037,0.7519941986947063,342,1119,0.8114575779550399,0.8466730954676953,878,241,0.8466730954676953,0.7046783625730995,0.8114575779550399,179,1087,6.072625698324022,0.005076142131979695,0.00435097897026831,0.0007251631617113851,0.0036258158085569255,0.5851566152407667,0.2902992146472393,0.0,1.0,0.40058438522674145,0.32813560587274965,0.0,1.0,0.4573632538569425,0.28825578261369383,0.0,1.0,0.2662459093034128,0.2533034870772952,0.0,0.9032258064516129,19,0.1565217391304348,5.713768115942029,15
419,1375,960,12.695986312404377,101.9650909090909,3,8,5,3,1095,0.7934782608695652,285,1150,0.8333333333333334,0.85662100456621,938,212,0.85662100456621,0.743859649122807,0.8333333333333334,179,1120,6.256983240223463,0.002173913043478261,0.005797101449275362,0.0036231884057971015,0.002173913043478261,0.5841876832844575,0.29047036636676027,0.0,1.0,0.40112609970674484,0.3287111587874222,0.0,1.0,0.4563988269794721,0.2880809304852828,0.0,1.0,0.26627565982404694,0.2535005649735224,0.0,0.9032258064516129,19,0.15563636363636363,5.7149090909090905,15
420,1381,945,12.626393816753726,101.72338884866039,14,8,5,3,1062,0.7723636363636364,313,1140,0.8290909090909091,0.871939736346516,926,214,0.871939736346516,0.6837060702875399,0.8290909090909091,171,1096,6.409356725146199,0.010181818181818183,0.005818181818181818,0.0036363636363636364,0.002181818181818182,0.5852000654037514,0.2900505417732312,0.0,1.0,0.39851907220106986,0.3284186509901627,0.0,1.0,0.4563313167176661,0.2875392513829434,0.0,1.0,0.2650253439536568,0.25355443210574635,0.0,0.9032258064516129,19,0.15423606082548877,5.733526430123099,15
421,1381,929,12.672511498604564,101.97682838522809,10,10,3,7,1058,0.7661115133960897,323,1180,0.8544532947139754,0.8865784499054821,938,242,0.8865784499054821,0.7492260061919505,0.8544532947139754,174,1138,6.540229885057471,0.00724112961622013,0.00724112961622013,0.002172338884866039,0.005068790731354091,0.5847562542337249,0.2898999644998695,0.0,1.0,0.39907967578426107,0.32860052522909683,0.0,1.0,0.4570554296792881,0.28778970934510706,0.0,1.0,0.26588960781107657,0.2539316235777217,0.0,0.9032258064516129,19,0.15423606082548877,5.738595220854453,15
422,1379,915,12.705340289018174,102.50253807106598,8,10,4,6,1060,0.7675597393193339,321,1175,0.8508327299058653,0.8773584905660378,930,245,0.8773584905660378,0.7632398753894081,0.8508327299058653,173,1134,6.554913294797688,0.005792903692976104,0.00724112961622013,0.002896451846488052,0.004344677769732078,0.582961004935788,0.2899830534129111,0.0,1.0,0.4001029263842429,0.3282822353372043,0.0,1.0,0.457460993239608,0.2879105257387362,0.0,1.0,0.2641465297433858,0.25352890844441056,0.0,0.9032258064516129,19,0.1551849166062364,5.734590282813633,15
423,1384,894,12.655053810902196,102.38728323699422,12,7,4,3,1093,0.7926033357505439,286,1179,0.854967367657723,0.8911253430924062,974,205,0.8911253430924062,0.7167832167832168,0.854967367657723,178,1136,6.382022471910112,0.00870195794053662,0.005076142131979695,0.0029006526468455403,0.002175489485134155,0.5830225619988813,0.29017036982408423,0.0,1.0,0.39938001118776806,0.32847304427948104,0.0,1.0,0.4572300950960283,0.28803070387588287,0.0,1.0,0.2635418608987507,0.2534655374962117,0.0,0.9032258064516129,19,0.15606936416184972,5.75,15
424,1391,877,12.61650933538369,102.3961179007908,14,7,3,4,1051,0.759393063583815,333,1147,0.828757225433526,0.8744053282588011,919,228,0.8744053282588011,0.6846846846846847,0.828757225433526,177,1107,6.254237288135593,0.010115606936416185,0.0050578034682080926,0.002167630057803468,0.002890173410404624,0.5822221191530809,0.29010305800285496,0.0,1.0,0.3987152431529881,0.32858509669191976,0.0,1.0,0.45520743953062315,0.2872747108145283,0.0,1.0,0.26284177083091764,0.25326213318477836,0.0,0.9032258064516129,19,0.1552839683680805,5.767792954708843,15
425,1396,844,12.645464768152893,102.35315186246419,13,8,3,5,1083,0.7785765636232926,308,1183,0.8504672897196262,0.8827331486611265,956,227,0.8827331486611265,0.737012987012987,0.8504672897196262,181,1131,6.248618784530387,0.009345794392523364,0.005751258087706686,0.002156721782890007,0.0035945363048166786,0.5811535262039005,0.2904607476618524,0.0,1.0,0.3982345873001201,0.32787909752911754,0.0,1.0,0.4543858027544136,0.2867675305242407,0.0,1.0,0.2628246603198078,0.25326788467780104,0.0,0.9032258064516129,19,0.15401146131805157,5.782234957020058,15
426,1386,830,12.680559306708151,102.36652236652236,7,17,11,6,1093,0.7829512893982808,303,1152,0.8252148997134671,0.8810612991765783,963,189,0.8810612991765783,0.6237623762376238,0.8252148997134671,171,1109,6.485380116959064,0.00501432664756447,0.012177650429799427,0.007879656160458453,0.004297994269340974,0.5828329376716473,0.2905702482054228,0.0,1.0,0.39738397802913933,0.3280491705011763,0.0,1.0,0.45515058418284227,0.28654743534050764,0.0,1.0,0.2608574221477447,0.25328632017457015,0.0,0.9032258064516129,19,0.15512265512265513,5.803030303030303,13
427,1379,802,12.746079936406261,102.45322697606962,9,16,7,9,1112,0.8023088023088023,274,1162,0.8383838383838383,0.8821942446043165,981,181,0.8821942446043165,0.6605839416058394,0.8383838383838383,173,1107,6.398843930635838,0.006493506493506494,0.011544011544011544,0.005050505050505051,0.006493506493506494,0.581370324452034,0.2907294566094851,0.0,1.0,0.39809118341949523,0.32845916382703894,0.0,1.0,0.45208075042691054,0.2860185958873145,0.0,1.0,0.26143301597698193,0.2533591756004443,0.0,0.9032258064516129,19,0.15300942712110224,5.809282088469906,13
428,1381,790,12.731635651144902,102.62128892107168,10,8,3,5,1087,0.7882523567802756,292,1141,0.8274111675126904,0.8629254829806807,938,203,0.8629254829806807,0.6952054794520548,0.8274111675126904,173,1102,6.369942196531792,0.007251631617113851,0.005801305293691081,0.002175489485134155,0.0036258158085569255,0.580294784050828,0.290459892255148,0.0,1.0,0.39858914764896874,0.32877049120811,0.0,1.0,0.4526173179790241,0.28579289165928357,0.0,1.0,0.2613113452150148,0.25322035644754237,0.0,0.9032258064516129,19,0.15061549601737872,5.818247646632875,13
429,1378,778,12.805916277843432,103.22278664731495,3,6,4,2,1043,0.7552498189717596,338,1121,0.8117306299782766,0.8523489932885906,889,232,0.8523489932885906,0.6863905325443787,0.8117306299782766,176,1085,6.1647727272727275,0.002172338884866039,0.004344677769732078,0.002896451846488052,0.001448225923244026,0.5801067465705323,0.29032598292545925,0.0,1.0,0.399410084741795,0.328968104674624,0.0,1.0,0.45271314200103,0.28593713903099777,0.0,1.0,0.2619036471744932,0.2533758752551089,0.0,0.9032258064516129,19,0.15021770682148042,5.817851959361393,13
430,1378,771,12.798196271495524,103.49129172714079,8,8,5,3,1074,0.7793904208998549,304,1146,0.8316400580551524,0.8705772811918063,935,211,0.8705772811918063,0.694078947368421,0.8316400580551524,175,1114,6.365714285714286,0.005805515239477504,0.005805515239477504,0.00362844702467344,0.0021770682148040637,0.5808090266398239,0.2903186328175218,0.0,1.0,0.3991759913853644,0.32970362857087016,0.0,1.0,0.4518938152535231,0.2860328547930264,0.0,1.0,0.26281661126457234,0.2536508288038754,0.0,0.9032258064516129,19,0.14949201741654572,5.828737300435414,13
431,1371,763,12.855779613286028,104.02115244347192,3,10,6,4,1045,0.7583454281567489,333,1113,0.8076923076923077,0.8545454545454545,893,220,0.8545454545454545,0.6606606606606606,0.8076923076923077,175,1080,6.171428571428572,0.0021770682148040637,0.00725689404934688,0.0043541364296081275,0.002902757619738752,0.5804804592833109,0.2907222494159402,0.0,1.0,0.39989647302416415,0.3295961282692492,0.0,1.0,0.4524364132608644,0.28623787111140425,0.0,1.0,0.26333498035340347,0.2536644636116825,0.0,0.9032258064516129,19,0.14952589350838805,5.836615609044493,13
432,1374,751,12.820389433697178,104.05531295487627,12,9,4,5,1061,0.7738876732312181,310,1111,0.8103574033552152,0.8416588124410933,893,218,0.8416588124410933,0.7032258064516129,0.8103574033552152,176,1075,6.107954545454546,0.0087527352297593,0.006564551422319475,0.0029175784099197666,0.0036469730123997084,0.5811851434474339,0.29057370068519334,0.0,1.0,0.39939897638165,0.3288379394884026,0.0,1.0,0.45381978682443536,0.2868342195669068,0.0,1.0,0.26222003099028035,0.2532390906062612,0.0,0.9032258064516129,19,0.15138282387190685,5.8508005822416305,13
433,1374,741,12.84146200390918,104.34206695778748,8,8,3,5,1061,0.772197962154294,313,1127,0.8202328966521106,0.8567389255419415,909,218,0.8567389255419415,0.6964856230031949,0.8202328966521106,183,1100,6.0109289617486334,0.005822416302765648,0.005822416302765648,0.002183406113537118,0.00363901018922853,0.5802225665586702,0.2916730006833333,0.0,1.0,0.4008076254871578,0.32860480382250895,0.0,1.0,0.45377283185425177,0.28761241995621006,0.0,1.0,0.2617739587735362,0.25309495093543416,0.0,0.9032258064516129,19,0.15283842794759825,5.867540029112082,13
434,1374,739,12.82410932962509,104.38355167394468,10,10,4,6,1023,0.7445414847161572,351,1139,0.8289665211062591,0.8690127077223851,889,250,0.8690127077223851,0.7122507122507122,0.8289665211062591,174,1111,6.385057471264368,0.00727802037845706,0.00727802037845706,0.002911208151382824,0.004366812227074236,0.5812320984176175,0.2910918123727915,0.0,1.0,0.4000328684791285,0.3284368165865131,0.0,1.0,0.45412499413062873,0.28769775888136606,0.0,1.0,0.26118702164624125,0.25303553879394713,0.0,0.9032258064516129,19,0.15356622998544395,5.884279475982533,13
435,1370,734,12.756727910904132,104.1,12,16,9,7,1088,0.7918486171761281,286,1107,0.8056768558951966,0.8529411764705882,928,179,0.8529411764705882,0.6258741258741258,0.8056768558951966,172,1074,6.244186046511628,0.008733624454148471,0.011644832605531296,0.006550218340611353,0.005094614264919942,0.5810689898752059,0.2913694902505877,0.0,1.0,0.4005415587473511,0.3284317639700455,0.0,1.0,0.4528843889804568,0.2873825859686657,0.0,1.0,0.2604662114433718,0.252858973773283,0.0,0.9032258064516129,19,0.15328467153284672,5.9007299270072995,13
436,1367,737,12.673370192575065,103.94440380395025,11,14,9,5,1076,0.7854014598540145,294,1094,0.7985401459854015,0.8466542750929368,911,183,0.8466542750929368,0.6224489795918368,0.7985401459854015,169,1066,6.3076923076923075,0.008029197080291971,0.010218978102189781,0.006569343065693431,0.0036496350364963502,0.5815418741298346,0.2911394115304047,0.0,1.0,0.39891922505132504,0.32849358758772224,0.0,1.0,0.45161290322580644,0.286292171338638,0.0,1.0,0.2601175165773887,0.2530446338409536,0.0,0.9032258064516129,19,0.1506949524506218,5.90343818580834,13
437,1364,741,12.689265559361514,104.42008797653959,7,10,4,6,997,0.7293343087051939,370,1086,0.7944403803950256,0.8545636910732196,852,234,0.8545636910732196,0.6324324324324324,0.7944403803950256,176,1066,6.056818181818182,0.005120702267739576,0.0073152889539136795,0.002926115581565472,0.0043891733723482075,0.579935673067827,0.29110634829027443,0.0,1.0,0.3997256645539684,0.329408096920215,0.0,1.0,0.4498628322769842,0.2854358934233462,0.0,1.0,0.26113896509317946,0.2532958718566759,0.0,0.9032258064516129,19,0.14809384164222875,5.903958944281525,13
438,1361,737,12.73105283142014,104.97501836884643,4,7,4,3,1047,0.7675953079178885,317,1126,0.8255131964809385,0.8710601719197708,912,214,0.8710601719197708,0.6750788643533123,0.8255131964809385,176,1098,6.238636363636363,0.002932551319648094,0.005131964809384164,0.002932551319648094,0.0021994134897360706,0.5796733900594914,0.291414448063902,0.0,1.0,0.4007252731625228,0.32966095250467053,0.0,1.0,0.4499774833495295,0.2853587456928601,0.0,1.0,0.26128795240691144,0.25341020147132853,0.0,0.9032258064516129,19,0.14915503306392358,5.912564290962528,13
439,1365,725,12.693251535971447,104.80439560439561,14,10,4,6,1062,0.7803085966201323,299,1119,0.8221895664952241,0.8662900188323918,920,199,0.8662900188323918,0.6655518394648829,0.8221895664952241,182,1089,5.983516483516484,0.010286554004408524,0.0073475385745775165,0.0029390154298310064,0.00440852314474651,0.5793453857969987,0.2918230082954089,0.0,1.0,0.4017724211272598,0.3293354909419479,0.0,1.0,0.44986411438024343,0.28566776405752414,0.0,1.0,0.2612312418764032,0.2533584329954237,0.0,0.9032258064516129,19,0.15018315018315018,5.920879120879121,13
440,1362,710,12.679537313924403,104.44787077826726,10,13,8,5,1069,0.7831501831501831,296,1130,0.8278388278388278,0.8755846585594013,936,194,0.8755846585594013,0.6554054054054054,0.8278388278388278,182,1097,6.027472527472527,0.007326007326007326,0.009523809523809525,0.005860805860805861,0.003663003663003663,0.5790109421628535,0.29226805203130135,0.0,1.0,0.40251527639619156,0.32965554005855585,0.0,1.0,0.44976552508171097,0.28585065962963324,0.0,1.0,0.2611434797025248,0.25305640947589264,0.0,0.9032258064516129,18,0.1512481644640235,5.939794419970632,13
441,1355,700,12.71256393011454,104.76383763837639,8,15,8,7,1030,0.7562408223201175,332,1069,0.7848751835535976,0.8485436893203884,874,195,0.8485436893203884,0.5873493975903614,0.7848751835535976,170,1029,6.052941176470588,0.005873715124816446,0.011013215859030838,0.005873715124816446,0.005139500734214391,0.5800976074276871,0.29199956036240377,0.0,1.0,0.40226163551958094,0.3292251518059445,0.0,1.0,0.45111296274253065,0.2863215078652555,0.0,1.0,0.26161171289132246,0.25329877481219604,0.0,0.9032258064516129,18,0.14907749077490776,5.934317343173432,13
442,1350,692,12.720558970551979,104.91703703703703,4,9,9,0,999,0.7372693726937269,356,1127,0.8317343173431734,0.8718718718718719,871,256,0.8718718718718719,0.7191011235955056,0.8317343173431734,177,1096,6.192090395480226,0.002952029520295203,0.006642066420664207,0.006642066420664207,0.0,0.5799044205495818,0.29209638416757644,0.0,1.0,0.401768219832736,0.3290003307578961,0.0,1.0,0.4505615292712067,0.2862135420300126,0.0,1.0,0.2613859020310633,0.25336018038754793,0.0,0.9032258064516129,18,0.14888888888888888,5.957777777777777,14
443,1341,690,12.82260106674632,105.92170022371364,6,15,4,11,1004,0.7437037037037038,346,1088,0.8059259259259259,0.8456175298804781,849,239,0.8456175298804781,0.6907514450867052,0.8059259259259259,164,1050,6.402439024390244,0.0044444444444444444,0.011111111111111112,0.002962962962962963,0.008148148148148147,0.5795626759038752,0.2922970684697021,0.0,1.0,0.40278078468162903,0.3283397702266798,0.0,1.0,0.45192562122633567,0.2866778859312611,0.0,1.0,0.26253878905968103,0.25326323307684795,0.0,0.9032258064516129,18,0.1506338553318419,5.95227442207308,14
444,1328,682,12.898891824962398,106.0933734939759,8,21,11,10,1028,0.7665920954511558,313,1108,0.8262490678598061,0.872568093385214,897,211,0.872568093385214,0.6741214057507987,0.8262490678598061,180,1080,6.0,0.005965697240865026,0.015659955257270694,0.00820283370618941,0.007457121551081283,0.5773659152739993,0.29305093541569555,0.0,1.0,0.4038330742324135,0.32902321961376324,0.0,1.0,0.4506169840652934,0.28686585705251794,0.0,1.0,0.26323843762145355,0.2533250487469252,0.0,0.9032258064516129,18,0.15060240963855423,5.945030120481928,14
445,1332,670,12.763777954347374,105.03228228228228,19,15,10,5,1011,0.7612951807228916,317,1090,0.8207831325301205,0.8644906033630069,874,216,0.8644906033630069,0.6813880126182965,0.8207831325301205,172,1050,6.104651162790698,0.01430722891566265,0.011295180722891566,0.007530120481927711,0.0037650602409638554,0.5774968516904001,0.292204541442375,0.0,1.0,0.40414608156543647,0.32939607833828566,0.0,1.0,0.44936065097355415,0.2862830834328312,0.0,1.0,0.2635135135135135,0.253647836126247,0.0,0.9032258064516129,18,0.1493993993993994,5.958708708708708,14
446,1325,675,12.721741585786276,104.94792452830188,8,15,10,5,997,0.7484984984984985,335,1098,0.8243243243243243,0.8605817452357071,858,240,0.8605817452357071,0.7164179104477612,0.8243243243243243,177,1080,6.101694915254237,0.006006006006006006,0.01126126126126126,0.0075075075075075074,0.0037537537537537537,0.5781862446743762,0.29182313388392167,0.0,1.0,0.4037248934875228,0.3294353060297627,0.0,1.0,0.4484479610468655,0.28594006799475974,0.0,1.0,0.2639074863055387,0.25403817079847485,0.0,0.9032258064516129,18,0.14943396226415095,5.968301886792453,14
447,1319,673,12.74867175004689,104.97043214556483,6,12,8,4,957,0.7222641509433962,368,1090,0.8226415094339623,0.8568443051201672,820,270,0.8568443051201672,0.7336956521739131,0.8226415094339623,173,1061,6.132947976878612,0.004528301886792453,0.009056603773584906,0.0060377358490566035,0.0030188679245283017,0.5769522365428355,0.29197374142015103,0.0,1.0,0.40519455110176333,0.3297580504654502,0.0,1.0,0.44924062706351336,0.2859484268777435,0.0,1.0,0.2629068942747438,0.2533507060502866,0.0,0.9032258064516129,18,0.15011372251705837,5.98483699772555,14
448,1323,668,12.724214007329739,105.22751322751323,11,7,3,4,1031,0.7816527672479151,288,1078,0.8172858225928734,0.8680892337536372,895,183,0.8680892337536372,0.6354166666666666,0.8172858225928734,178,1051,5.904494382022472,0.008339651250947688,0.00530705079605762,0.002274450341167551,0.003032600454890068,0.5764026040523735,0.2922668281572339,0.0,1.0,0.4054568063784653,0.32976709826540873,0.0,1.0,0.4491502694267671,0.28600771356157617,0.0,1.0,0.2622339258283959,0.25290619454529956,0.0,0.9032258064516129,18,0.15117157974300832,5.99092970521542,14
449,1320,663,12.701585131047397,105.01893939393939,10,13,9,4,998,0.7543461829176115,325,1078,0.8148148148148148,0.8827655310621243,881,197,0.8827655310621243,0.6061538461538462,0.8148148148148148,167,1040,6.227544910179641,0.007558578987150416,0.009826152683295541,0.006802721088435374,0.0030234315948601664,0.5758553274682306,0.29223182489321,0.0,1.0,0.40478983382209194,0.3301827787272268,0.0,1.0,0.44897360703812317,0.2862635272198274,0.0,1.0,0.2628787878787879,0.2532194233127542,0.0,0.9032258064516129,18,0.15151515151515152,5.993939393939394,14
450,1306,664,12.71458551707361,104.82388973966309,8,22,13,9,984,0.7454545454545455,336,1079,0.8174242424242424,0.8546747967479674,841,238,0.8546747967479674,0.7083333333333334,0.8174242424242424,181,1061,5.861878453038674,0.006060606060606061,0.016666666666666666,0.009848484848484848,0.006818181818181818,0.5735562910635775,0.29279022091699836,0.0,1.0,0.40700489057945954,0.3302653488786105,0.0,1.0,0.44921701328854413,0.2868434684720661,0.0,1.0,0.2628068962110359,0.25309800864663745,0.0,0.9032258064516129,18,0.15313935681470137,5.996171516079633,14
451,1298,660,12.744375896021714,104.70647149460709,7,15,10,5,956,0.7320061255742726,350,1065,0.8154670750382849,0.8734309623430963,835,230,0.8734309623430963,0.6571428571428571,0.8154670750382849,176,1037,5.892045454545454,0.005359877488514548,0.011485451761102604,0.007656967840735069,0.0038284839203675345,0.5713256126050001,0.29364843434444615,0.0,1.0,0.4092897261295293,0.33019813602483483,0.0,1.0,0.44959988070977686,0.287533957907758,0.0,1.0,0.2617177792136786,0.2519790974613806,0.0,0.9032258064516129,18,0.15485362095531588,6.001540832049306,14
452,1293,662,12.726835336990826,104.55297757153906,8,13,11,2,967,0.7449922958397535,331,1064,0.8197226502311248,0.8665977249224406,838,226,0.8665977249224406,0.6827794561933535,0.8197226502311248,173,1039,6.005780346820809,0.0061633281972265025,0.010015408320493066,0.00847457627118644,0.0015408320493066256,0.5707407130204826,0.2941916427341865,0.0,1.0,0.41064790559588854,0.32986901406295605,0.0,1.0,0.4491929246812863,0.2873674234177545,0.0,1.0,0.2623057156400469,0.2527036695348833,0.0,0.9032258064516129,18,0.15622583139984533,6.006960556844548,14
453,1286,654,12.825752370659055,105.07076205287714,5,12,6,6,966,0.7470997679814385,327,1073,0.8298530549110595,0.8643892339544513,835,238,0.8643892339544513,0.72782874617737,0.8298530549110595,176,1041,5.9147727272727275,0.0038669760247486465,0.009280742459396751,0.004640371229698376,0.004640371229698376,0.5699342798374555,0.29459063904758626,0.0,1.0,0.411904881352531,0.32969431240685276,0.0,1.0,0.4504339537450459,0.2885126757148026,0.0,1.0,0.26280539808358,0.25227287837115836,0.0,0.9032258064516129,18,0.15707620528771385,6.004665629860031,14
454,1286,660,12.772176797031655,104.80482115085536,11,11,7,4,950,0.7387247278382582,336,1025,0.797045101088647,0.8515789473684211,809,216,0.8515789473684211,0.6428571428571429,0.797045101088647,172,1003,5.8313953488372094,0.008553654743390357,0.008553654743390357,0.005443234836702955,0.003110419906687403,0.5701098680579942,0.2943153018781256,0.0,1.0,0.41235639391963075,0.329529910965651,0.0,1.0,0.4515627351627954,0.2884126949438503,0.0,1.0,0.2622033813274469,0.2523924997996106,0.0,0.9032258064516129,18,0.15707620528771385,5.997667185069984,14
455,1285,656,12.797720947961942,104.90038910505837,10,11,5,6,968,0.7527216174183515,318,1052,0.8180404354587869,0.8533057851239669,826,226,0.8533057851239669,0.710691823899371,0.8180404354587869,173,1021,5.901734104046243,0.007776049766718507,0.008553654743390357,0.0038880248833592537,0.004665629860031105,0.5679176603489393,0.2948175272693766,0.0,1.0,0.4145600602485252,0.33055857039260617,0.0,1.0,0.4500313794401908,0.28831700790612586,0.0,1.0,0.262959708798795,0.2524868053037011,0.0,0.9032258064516129,18,0.16031128404669262,5.998443579766537,14
456,1286,652,12.784538287186964,104.93701399688958,11,10,5,5,1005,0.7821011673151751,280,1031,0.8023346303501946,0.8577114427860697,862,169,0.8577114427860697,0.6035714285714285,0.8023346303501946,179,1006,5.620111731843576,0.008560311284046693,0.007782101167315175,0.0038910505836575876,0.0038910505836575876,0.5681533136005619,0.29447515851280154,0.0,1.0,0.4159935784879346,0.33022845768739956,0.0,1.0,0.45078513018612354,0.2879861519839014,0.0,1.0,0.2633823308082075,0.25256751962788204,0.0,0.9032258064516129,18,0.16018662519440124,5.997667185069984,13
457,1285,656,12.833920780254223,105.51750972762646,5,6,3,3,936,0.7278382581648523,350,1040,0.8087091757387247,0.8653846153846154,810,230,0.8653846153846154,0.6571428571428571,0.8087091757387247,176,1020,5.795454545454546,0.0038880248833592537,0.004665629860031105,0.0023328149300155523,0.0023328149300155523,0.5683695242876867,0.29423732442957573,0.0,1.0,0.4159658591690724,0.33040690350155977,0.0,1.0,0.4521902849253169,0.28887073815415887,0.0,1.0,0.2641897828542739,0.2529262349870424,0.0,0.9032258064516129,18,0.15953307392996108,5.996887159533074,13
458,1281,655,12.809693413698799,104.95472287275565,12,16,11,5,977,0.7603112840466926,308,1061,0.82568093385214,0.8730808597748209,853,208,0.8730808597748209,0.6753246753246753,0.82568093385214,181,1041,5.751381215469613,0.00933852140077821,0.012451361867704281,0.008560311284046693,0.0038910505836575876,0.565183450429352,0.2955452087344988,0.0,1.0,0.4183727430686711,0.3310512012541168,0.0,1.0,0.4516380851653194,0.2901994417343776,0.0,1.0,0.2636800886404271,0.25229341198778865,0.0,0.9032258064516129,18,0.16237314597970337,6.015612802498048,13
459,1281,652,12.8080823975364,104.85480093676814,10,10,7,3,961,0.7501951600312255,320,1078,0.8415300546448088,0.9042663891779397,869,209,0.9042663891779397,0.653125,0.8415300546448088,172,1047,6.087209302325581,0.0078064012490242,0.0078064012490242,0.00546448087431694,0.00234192037470726,0.5643776283649367,0.29511959803815274,0.0,1.0,0.41875047216136585,0.3312127882603194,0.0,1.0,0.4506811714638262,0.28985624412700195,0.0,1.0,0.2629749943340636,0.2514922530663052,0.0,0.9032258064516129,18,0.16237314597970337,6.027322404371585,13
460,1273,654,12.827288347364775,104.8483896307934,6,14,10,4,1001,0.7814207650273224,280,1038,0.810304449648712,0.8681318681318682,869,169,0.8681318681318682,0.6035714285714285,0.810304449648712,173,1013,5.855491329479769,0.00468384074941452,0.01092896174863388,0.0078064012490242,0.00312256049960968,0.5653143450827357,0.29557465256550836,0.0,1.0,0.41773306641664343,0.33040306752765336,0.0,1.0,0.4517396041861997,0.2906574135652707,0.0,1.0,0.2639687808833591,0.2519943956805598,0.0,0.9032258064516129,18,0.16260801256873528,6.026708562450904,13
461,1269,655,12.886603991623721,105.29629629629629,7,11,4,7,981,0.7706205813040062,292,1067,0.8381775333857031,0.8705402650356778,854,213,0.8705402650356778,0.7294520547945206,0.8381775333857031,165,1033,6.260606060606061,0.0054988216810683424,0.00864100549882168,0.003142183817753339,0.0054988216810683424,0.5657998423955871,0.29527432247668134,0.0,1.0,0.41777879458044176,0.33046488801968227,0.0,1.0,0.45331604768804495,0.2907747940030056,0.0,1.0,0.2651821347771931,0.2522577775977464,0.0,0.9032258064516129,18,0.16233254531126873,6.0236406619385345,13
462,1268,645,12.940352457585748,105.52996845425868,8,9,5,4,948,0.7470449172576832,321,1074,0.8463356973995272,0.8860759493670886,840,234,0.8860759493670886,0.7289719626168224,0.8463356973995272,179,1043,5.826815642458101,0.006304176516942475,0.0070921985815602835,0.003940110323089046,0.0031520882584712374,0.5662206166683627,0.2949211516471012,0.0,1.0,0.4180319527831484,0.3296516500362088,0.0,1.0,0.4528340286964486,0.29109631833095995,0.0,1.0,0.2654421491808283,0.2523530922475567,0.0,0.9032258064516129,18,0.16167192429022081,6.033123028391167,13
463,1271,651,12.894770287135756,105.48387096774194,9,6,5,1,967,0.7626182965299685,301,1060,0.8359621451104101,0.8779731127197518,849,211,0.8779731127197518,0.7009966777408638,0.8359621451104101,175,1041,5.948571428571428,0.007097791798107256,0.00473186119873817,0.003943217665615142,0.0007886435331230284,0.5652648409938833,0.29494453403663473,0.0,1.0,0.41859343671480415,0.329962108829088,0.0,1.0,0.4529580467500825,0.2911979869411369,0.0,1.0,0.26524707494733635,0.2516817899573852,0.0,0.9032258064516129,18,0.16286388670338317,6.043273013375295,13
464,1264,652,12.96082350705711,105.59651898734177,7,14,8,6,937,0.7372147915027537,334,1047,0.8237608182533438,0.8815368196371398,826,221,0.8815368196371398,0.6616766467065869,0.8237608182533438,177,1025,5.790960451977401,0.0055074744295830055,0.011014948859166011,0.006294256490952006,0.004720692368214005,0.5656900775826867,0.29535240432533444,0.0,1.0,0.41930379746835444,0.32874870291315506,0.0,1.0,0.45503266639444667,0.29235118009447525,0.0,1.0,0.2646998775010208,0.25137191076245685,0.0,0.9032258064516129,18,0.16218354430379747,6.042721518987341,13
465,1256,650,12.954419676272249,105.26592356687898,9,17,12,5,975,0.7713607594936709,289,1071,0.8473101265822784,0.8943589743589744,872,199,0.8943589743589744,0.6885813148788927,0.8473101265822784,175,1044,5.965714285714285,0.007120253164556962,0.013449367088607595,0.00949367088607595,0.003955696202531646,0.5674183275118142,0.29514497277491547,0.0,1.0,0.41953462091637556,0.32885434264738944,0.0,1.0,0.456749537702897,0.2926109968297708,0.0,1.0,0.2643312101910828,0.2516385171428991,0.0,0.9032258064516129,18,0.160828025477707,6.0493630573248405,13
466,1251,651,12.943571618528166,104.94164668265388,10,15,10,5,962,0.7659235668789809,294,1030,0.8200636942675159,0.8690228690228691,836,194,0.8690228690228691,0.6598639455782312,0.8200636942675159,175,1006,5.748571428571428,0.007961783439490446,0.01194267515923567,0.007961783439490446,0.003980891719745223,0.568525824501689,0.29486886917298133,0.0,1.0,0.41845233490626854,0.32870848768030003,0.0,1.0,0.45728578427580513,0.29228471342056445,0.0,1.0,0.26347953894948556,0.2509473905302451,0.0,0.9032258064516129,18,0.1606714628297362,6.0655475619504395,13
467,1252,652,12.930769202200562,105.05191693290735,6,5,5,0,950,0.759392486011191,301,1035,0.8273381294964028,0.8578947368421053,815,220,0.8578947368421053,0.7308970099667774,0.8273381294964028,170,1006,5.91764705882353,0.004796163069544364,0.003996802557953637,0.003996802557953637,0.0,0.5684066783469031,0.29511654038782165,0.0,1.0,0.41891682984643924,0.3280946455818296,0.0,1.0,0.45748737503864784,0.2922094478492366,0.0,1.0,0.2625476656704112,0.2506500475026034,0.0,0.9032258064516129,18,0.16134185303514376,6.079073482428115,13
468,1245,657,12.97345399125911,105.42168674698796,3,10,7,3,1011,0.8075079872204473,241,1040,0.8306709265175719,0.8664688427299704,876,164,0.8664688427299704,0.6804979253112033,0.8306709265175719,176,1021,5.801136363636363,0.0023961661341853034,0.007987220447284345,0.005591054313099041,0.0023961661341853034,0.5666018914367146,0.2955002382532049,0.0,1.0,0.41995077082523646,0.32817862629040856,0.0,1.0,0.4568208317139526,0.29240168924254833,0.0,1.0,0.2630910739733126,0.2507976906098264,0.0,0.9032258064516129,18,0.1606425702811245,6.081124497991968,13
469,1239,656,13.04476490027917,105.71832122679581,5,11,7,4,973,0.7815261044176707,272,1042,0.8369477911646587,0.8879753340184995,864,178,0.8879753340184995,0.6544117647058824,0.8369477911646587,176,1017,5.778409090909091,0.004016064257028112,0.008835341365461847,0.005622489959839358,0.00321285140562249,0.5646593246374547,0.2954251532090024,0.0,1.0,0.4198755500013018,0.32766397168031425,0.0,1.0,0.45684605170663123,0.29259812772413146,0.0,1.0,0.26334973573901954,0.2505005619042929,0.0,0.9032258064516129,18,0.16142050040355124,6.079903147699758,13
470,1243,655,12.972500567509227,105.33547868061143,14,10,6,4,1000,0.8071025020177562,239,1046,0.8442292171105731,0.882,882,164,0.882,0.6861924686192469,0.8442292171105731,172,1017,5.912790697674419,0.011299435028248588,0.008071025020177562,0.004842615012106538,0.003228410008071025,0.5644252977966937,0.29452765993181246,0.0,1.0,0.4183686710092648,0.32745242672545116,0.0,1.0,0.4561544650040225,0.2920495268841321,0.0,1.0,0.262917499286326,0.25082103822894236,0.0,0.9032258064516129,18,0.16090104585679807,6.071600965406275,13
471,1234,659,12.982243125077604,105.23500810372771,6,15,11,4,947,0.7618664521319388,296,1041,0.8374899436846339,0.8764519535374868,830,211,0.8764519535374868,0.7128378378378378,0.8374899436846339,173,1018,5.884393063583815,0.004827031375703942,0.012067578439259855,0.008849557522123894,0.003218020917135961,0.5637318973179275,0.2949758243407384,0.0,1.0,0.4192502744811,0.3269170380866119,0.0,1.0,0.456344434568934,0.2921127362975988,0.0,1.0,0.26172426412924144,0.2506888236398593,0.0,0.9032258064516129,18,0.1620745542949757,6.083468395461913,13
472,1225,660,13.080365459777676,105.42775510204082,7,16,8,8,927,0.7512155591572123,307,1039,0.8419773095623987,0.8942826321467098,829,210,0.8942826321467098,0.6840390879478827,0.8419773095623987,174,1014,5.827586206896552,0.005672609400324149,0.012965964343598054,0.006482982171799027,0.006482982171799027,0.5631863067807769,0.29493975816587237,0.0,1.0,0.42030283080974323,0.3272044418224507,0.0,1.0,0.45656352863726135,0.29197415935057225,0.0,1.0,0.26146148782093487,0.25100518346004647,0.0,0.9032258064516129,18,0.16163265306122448,6.0751020408163265,13
473,1234,667,12.987527503756356,105.0226904376013,14,5,3,2,929,0.7583673469387755,296,1012,0.8261224489795919,0.8654467168998924,804,208,0.8654467168998924,0.7027027027027027,0.8261224489795919,168,987,5.875,0.011428571428571429,0.004081632653061225,0.0024489795918367346,0.0016326530612244899,0.5644115648036807,0.2946765285029446,0.0,1.0,0.41906728708108953,0.32747232411206795,0.0,1.0,0.4581743085690385,0.29225342387182557,0.0,1.0,0.2607047629006117,0.25090168807599655,0.0,0.9032258064516129,18,0.1620745542949757,6.083468395461913,13
474,1241,662,12.896143555827667,104.22240128928284,16,9,7,2,945,0.7658022690437601,289,1043,0.8452188006482982,0.8835978835978836,835,208,0.8835978835978836,0.7197231833910035,0.8452188006482982,172,1010,5.872093023255814,0.012965964343598054,0.007293354943273906,0.005672609400324149,0.0016207455429497568,0.5657768189025499,0.2941635119162837,0.0,1.0,0.41831509448675624,0.32776974582089885,0.0,1.0,0.4569155987627044,0.2917335877172241,0.0,1.0,0.25887031790179615,0.25039991981363924,0.0,0.9032258064516129,18,0.16116035455278002,6.09911361804996,13
475,1235,669,12.928005465133172,104.39838056680162,7,13,7,6,950,0.765511684125705,291,1038,0.8364222401289283,0.8821052631578947,838,200,0.8821052631578947,0.6872852233676976,0.8364222401289283,169,1014,6.0,0.0056406124093473006,0.010475423045930701,0.0056406124093473006,0.004834810636583401,0.5659919028340081,0.2947969251545631,0.0,1.0,0.4195376779417526,0.3267008134595181,0.0,1.0,0.45952722998563406,0.29244743684393926,0.0,1.0,0.25730703931043486,0.24990752105913028,0.0,0.9032258064516129,18,0.16437246963562754,6.089068825910931,13
476,1234,667,12.946258474515657,104.20421393841167,9,10,7,3,987,0.7991902834008097,248,1029,0.8331983805668016,0.8926038500506586,881,148,0.8926038500506586,0.5967741935483871,0.8331983805668016,175,1002,5.725714285714286,0.0072874493927125505,0.008097165991902834,0.005668016194331984,0.0024291497975708503,0.5658231818894757,0.29451907735663196,0.0,1.0,0.4189627228525122,0.325980434285466,0.0,1.0,0.4591938097976682,0.2923167537361016,0.0,1.0,0.25722800230041304,0.249885366564947,0.0,0.9032258064516129,18,0.16531604538087522,6.093192868719611,13
477,1226,674,13.043028651117128,104.33849918433931,7,15,8,7,904,0.7325769854132901,330,1043,0.8452188006482982,0.8915929203539823,806,237,0.8915929203539823,0.7181818181818181,0.8452188006482982,171,1021,5.970760233918129,0.005672609400324149,0.012155591572123177,0.006482982171799027,0.005672609400324149,0.564910803557333,0.29504700881127177,0.0,1.0,0.4190917223596274,0.32616011004145906,0.0,1.0,0.45976951007735617,0.2931441167066447,0.0,1.0,0.25838025574909224,0.2498730906138873,0.0,0.9032258064516129,18,0.16802610114192496,6.088091353996737,13
478,1227,678,13.035478148895812,104.20782396088019,8,7,6,1,939,0.765905383360522,287,1022,0.833605220228385,0.8839190628328009,830,192,0.8839190628328009,0.6689895470383276,0.833605220228385,173,999,5.77456647398844,0.0065252854812398045,0.005709624796084829,0.004893964110929853,0.0008156606851549756,0.5646870152746011,0.2949158247252411,0.0,1.0,0.4202487052080868,0.32643159467907307,0.0,1.0,0.4603412466808634,0.29325109656703896,0.0,1.0,0.25809080632016196,0.24994624635929735,0.0,0.9032258064516129,18,0.16707416462917685,6.091279543602282,13
479,1219,680,13.000360954092981,103.1214109926169,9,17,15,2,939,0.7652811735941321,288,1062,0.8655256723716381,0.9073482428115016,852,210,0.9073482428115016,0.7291666666666666,0.8655256723716381,177,1041,5.88135593220339,0.007334963325183374,0.013854930725346373,0.012224938875305624,0.0016299918500407497,0.5631268358517029,0.29550923845514954,0.0,1.0,0.42065151234486226,0.32790731699633346,0.0,1.0,0.45878430231019607,0.2928341340214261,0.0,1.0,0.25621212522162534,0.24937742379870395,0.0,0.9032258064516129,18,0.1657095980311731,6.110746513535685,13
480,1218,683,12.973058364345702,102.65106732348112,10,11,9,2,942,0.7727645611156686,277,1038,0.8515176374077112,0.8959660297239915,844,194,0.8959660297239915,0.7003610108303249,0.8515176374077112,172,1013,5.8895348837209305,0.008203445447087777,0.009023789991796555,0.007383100902378999,0.0016406890894175555,0.5624768261030775,0.2949928230947941,0.0,1.0,0.42083796811271784,0.3286590638986153,0.0,1.0,0.45788971873510254,0.29175053048850197,0.0,1.0,0.2548334127866942,0.24905100363017244,0.0,0.9032258064516129,18,0.16338259441707717,6.119868637110017,13
481,1220,688,12.947177039296143,102.48360655737704,9,7,5,2,957,0.7857142857142857,261,1048,0.8604269293924466,0.8975966562173459,859,189,0.8975966562173459,0.7241379310344828,0.8604269293924466,166,1019,6.13855421686747,0.007389162561576354,0.005747126436781609,0.004105090311986864,0.0016420361247947454,0.5634849286092014,0.2951270497642337,0.0,1.0,0.4209941829719725,0.32807958376836116,0.0,1.0,0.4598625066102591,0.2922904833921566,0.0,1.0,0.2533051295610788,0.24870220218071154,0.0,0.9032258064516129,18,0.16557377049180327,6.1245901639344265,13
482,1220,698,12.98126498068286,102.63524590163935,7,7,5,2,892,0.7311475409836066,328,1043,0.8549180327868853,0.8890134529147982,793,250,0.8890134529147982,0.7621951219512195,0.8549180327868853,163,1016,6.233128834355829,0.005737704918032787,0.005737704918032787,0.004098360655737705,0.001639344262295082,0.5631676361713379,0.29545505580806636,0.0,1.0,0.4221575885774722,0.3285393469987156,0.0,1.0,0.4601797990481227,0.29249430710030194,0.0,1.0,0.25325224748810155,0.2484541332346742,0.0,0.9032258064516129,18,0.16639344262295083,6.122131147540983,13
483,1221,701,13.003495378239654,102.84111384111384,8,7,4,3,945,0.7745901639344263,275,1044,0.8557377049180328,0.8962962962962963,847,197,0.8962962962962963,0.7163636363636363,0.8557377049180328,173,1020,5.895953757225434,0.006557377049180328,0.005737704918032787,0.003278688524590164,0.002459016393442623,0.562442207603498,0.29574256600992,0.0,1.0,0.42313281022958443,0.32866608404331804,0.0,1.0,0.459617975747008,0.2929857804909237,0.0,1.0,0.2535996406964149,0.24842572528361254,0.0,0.9032258064516129,18,0.16707616707616707,6.122031122031122,13
484,1227,702,12.922717698748139,102.04319478402608,15,9,7,2,911,0.7461097461097461,310,1049,0.8591318591318591,0.8968166849615807,817,232,0.8968166849615807,0.7483870967741936,0.8591318591318591,177,1027,5.80225988700565,0.012285012285012284,0.007371007371007371,0.005733005733005733,0.001638001638001638,0.560033651444646,0.2964650912040793,0.0,1.0,0.42450771617109656,0.3286707125004117,0.0,1.0,0.459105607697768,0.29355551129964474,0.0,1.0,0.25341115229907724,0.2482071605866082,0.0,0.9032258064516129,18,0.16951915240423798,6.1352893235533825,13
485,1227,708,12.886236517996121,101.79543602281989,10,10,7,3,967,0.7881010594947025,260,1040,0.8475957620211899,0.8996897621509824,870,170,0.8996897621509824,0.6538461538461539,0.8475957620211899,171,1017,5.947368421052632,0.008149959250203748,0.008149959250203748,0.0057049714751426246,0.0024449877750611247,0.5601125220180351,0.2965663772259812,0.0,1.0,0.4259273864920998,0.32842338963611095,0.0,1.0,0.4598417330493993,0.2938361174127642,0.0,1.0,0.2537266345926335,0.2480795872941008,0.0,0.9032258064516129,18,0.16951915240423798,6.1312143439282805,13
486,1232,709,12.860879958133513,101.59415584415585,10,5,5,0,924,0.7530562347188264,303,1069,0.8712306438467807,0.9253246753246753,855,214,0.9253246753246753,0.7062706270627063,0.8712306438467807,176,1046,5.943181818181818,0.008149959250203748,0.004074979625101874,0.004074979625101874,0.0,0.5599340175953079,0.29674098140787036,0.0,1.0,0.42561269375785504,0.32854847752679633,0.0,1.0,0.45839442815249265,0.29416726371692137,0.0,1.0,0.2534300377042313,0.24833657894523564,0.0,0.9032258064516129,18,0.17126623376623376,6.133116883116883,13
487,1232,717,12.843786067650033,101.4926948051948,7,7,6,1,942,0.7646103896103896,290,1069,0.8676948051948052,0.9129511677282378,860,209,0.9129511677282378,0.7206896551724138,0.8676948051948052,172,1049,6.098837209302325,0.005681818181818182,0.005681818181818182,0.00487012987012987,0.0008116883116883117,0.5590699622957688,0.29676338286545556,0.0,1.0,0.42621491411813994,0.32825739556465744,0.0,1.0,0.4590490155006284,0.2935550227643908,0.0,1.0,0.2530896522832007,0.2479436525026757,0.0,0.9032258064516129,18,0.17126623376623376,6.137987012987013,13
488,1236,724,12.815241718199104,101.49757281553399,9,5,4,1,954,0.7743506493506493,278,1048,0.8506493506493507,0.8930817610062893,852,196,0.8930817610062893,0.7050359712230215,0.8506493506493507,174,1029,5.913793103448276,0.007305194805194805,0.004058441558441558,0.003246753246753247,0.0008116883116883117,0.5597400563733167,0.2969484159275531,0.0,1.0,0.42407871385322055,0.32794692738424874,0.0,1.0,0.4577200125274037,0.2935950442810188,0.0,1.0,0.25396701117026826,0.2483372964424764,0.0,0.9032258064516129,18,0.16990291262135923,6.148867313915858,13
489,1226,728,12.835984667690717,101.13376835236542,7,17,12,5,937,0.7580906148867314,299,1076,0.8705501618122977,0.9146211312700107,857,219,0.9146211312700107,0.7324414715719063,0.8705501618122977,181,1061,5.861878453038674,0.0056634304207119745,0.013754045307443365,0.009708737864077669,0.0040453074433656954,0.5572014945008683,0.2972982796647517,0.0,1.0,0.42488028206072725,0.32800008635093547,0.0,1.0,0.4567962953217913,0.29300761140331694,0.0,1.0,0.25359153817818236,0.24836469227140953,0.0,0.9032258064516129,18,0.17128874388254486,6.1549755301794455,13
490,1224,733,12.878620025076826,101.48856209150327,6,8,4,4,961,0.7838499184339315,265,1089,0.8882544861337683,0.9323621227887617,896,193,0.9323621227887617,0.7283018867924528,0.8882544861337683,176,1070,6.079545454545454,0.004893964110929853,0.0065252854812398045,0.0032626427406199023,0.0032626427406199023,0.5579011174362218,0.29689042992188774,0.0,1.0,0.4247575374235716,0.3276622023220391,0.0,1.0,0.45722643896268184,0.29306215250467005,0.0,1.0,0.2539531941808981,0.24846436481984047,0.0,0.9032258064516129,18,0.16993464052287582,6.162581699346405,13
491,1215,740,12.978086659240052,101.82633744855967,5,14,7,7,946,0.7728758169934641,278,1060,0.8660130718954249,0.9090909090909091,860,200,0.9090909090909091,0.7194244604316546,0.8660130718954249,178,1045,5.870786516853933,0.004084967320261438,0.011437908496732025,0.005718954248366013,0.005718954248366013,0.5567237488384441,0.2966085730047719,0.0,1.0,0.4264436479490243,0.32763637490468456,0.0,1.0,0.4556219301739015,0.2926455932296457,0.0,1.0,0.255515730784548,0.24877136685286902,0.0,0.9032258064516129,18,0.17037037037037037,6.1572016460905346,13
492,1211,743,12.932053340910759,101.06523534269199,10,14,12,2,927,0.762962962962963,288,1057,0.8699588477366255,0.9039913700107874,838,219,0.9039913700107874,0.7604166666666666,0.8699588477366255,171,1031,6.029239766081871,0.00823045267489712,0.011522633744855968,0.009876543209876543,0.0016460905349794238,0.557150848405743,0.29579186973627974,0.0,1.0,0.42715963879491753,0.3270646885673743,0.0,1.0,0.4561679230707759,0.2920545578662935,0.0,1.0,0.25646626355185,0.2495275358648712,0.0,0.9032258064516129,18,0.16845582163501238,6.161849710982659,13
493,1208,747,12.946169253612666,100.65645695364239,9,12,8,4,930,0.7679603633360859,281,1053,0.8695293146160198,0.9139784946236559,850,203,0.9139784946236559,0.7224199288256228,0.8695293146160198,170,1027,6.041176470588235,0.007431874483897605,0.00990916597853014,0.006606110652353427,0.0033030553261767133,0.5549295022431104,0.2970355866094379,0.0,1.0,0.4294488357188635,0.32617591453353423,0.0,1.0,0.4566064943388165,0.2927190667406975,0.0,1.0,0.25606173894466994,0.24934247169528573,0.0,0.9032258064516129,18,0.1697019867549669,6.170529801324503,13
494,1213,757,12.877257583793462,100.42456718878813,11,6,5,1,911,0.7541390728476821,297,1035,0.8567880794701986,0.897914379802415,818,217,0.897914379802415,0.7306397306397306,0.8567880794701986,167,1012,6.059880239520958,0.009105960264900662,0.004966887417218543,0.0041390728476821195,0.0008278145695364238,0.5574289285429354,0.29659257737795314,0.0,1.0,0.4279711725128314,0.3257739683099894,0.0,1.0,0.45754328112118714,0.29300647770014937,0.0,1.0,0.25599021354679147,0.24980634372799876,0.0,0.9032258064516129,18,0.169002473206925,6.182192910140149,13
495,1207,767,12.897862637868988,100.24192212096106,7,13,10,3,941,0.7757625721352019,272,1004,0.8276999175597691,0.8820403825717322,830,174,0.8820403825717322,0.6397058823529411,0.8276999175597691,173,987,5.705202312138728,0.005770816158285243,0.010717230008244023,0.008244023083264633,0.00247320692497939,0.5573135205922441,0.296252430063447,0.0,1.0,0.4283347141673571,0.32544955325524927,0.0,1.0,0.4576529385038886,0.2936042027955416,0.0,1.0,0.25651441857978996,0.24965107149366358,0.0,0.9032258064516129,18,0.16901408450704225,6.188069594034797,13
496,1199,779,12.924214993506771,100.09674728940784,4,12,9,3,916,0.7589063794531897,291,1049,0.8690969345484673,0.9050218340611353,829,220,0.9050218340611353,0.7560137457044673,0.8690969345484673,176,1037,5.892045454545454,0.0033140016570008283,0.009942004971002486,0.007456503728251864,0.0024855012427506215,0.5558933519868707,0.29608722355275924,0.0,1.0,0.4274260808738465,0.32587163761742494,0.0,1.0,0.45467997524819065,0.2927549301065345,0.0,1.0,0.2556700476203288,0.24950909226791548,0.0,0.9032258064516129,18,0.16930775646371976,6.201834862385321,13
497,1199,785,12.92482420547468,99.84487072560466,9,9,6,3,917,0.7648040033361134,282,1050,0.8757297748123436,0.9171210468920392,841,209,0.9171210468920392,0.7411347517730497,0.8757297748123436,180,1036,5.7555555555555555,0.007506255212677231,0.007506255212677231,0.0050041701417848205,0.0025020850708924102,0.555328365035379,0.29606729889822464,0.0,1.0,0.4275606015765826,0.32610921494965894,0.0,1.0,0.45325405579918754,0.29189207591215277,0.0,1.0,0.25408270332804217,0.24899958384440746,0.0,0.9032258064516129,18,0.17097581317764804,6.202668890742285,13
498,1192,788,13.017515581768185,99.64681208053692,6,13,9,4,928,0.773978315262719,271,1046,0.872393661384487,0.9256465517241379,859,187,0.9256465517241379,0.6900369003690037,0.872393661384487,171,1020,5.964912280701754,0.0050041701417848205,0.010842368640533779,0.007506255212677231,0.003336113427856547,0.5549361333621996,0.29605852129469384,0.0,1.0,0.4309374323446633,0.3268663165091406,0.0,1.0,0.45404849534531283,0.29191369085943125,0.0,1.0,0.25473587356570687,0.24959427630825737,0.0,0.9032258064516129,18,0.17281879194630873,6.196308724832215,13
499,1189,792,13.047609828522475,99.57190916736754,9,12,8,4,892,0.7483221476510067,300,1027,0.8615771812080537,0.905829596412556,808,219,0.905829596412556,0.73,0.8615771812080537,175,1006,5.748571428571428,0.007550335570469799,0.010067114093959731,0.006711409395973154,0.003355704697986577,0.5557937003174259,0.29536620270137365,0.0,1.0,0.43023413548929706,0.32679865200425284,0.0,1.0,0.4548685531349196,0.29229472807866436,0.0,1.0,0.25472747497219134,0.24977579060618615,0.0,0.9032258064516129,18,0.1724137931034483,6.1976450798990745,13
500,1187,794,13.050709713667175,99.0480202190396,10,12,8,4,907,0.7628259041211102,282,996,0.8376787216148024,0.9084895259095921,824,172,0.9084895259095921,0.6099290780141844,0.8376787216148024,170,968,5.694117647058824,0.008410428931875526,0.010092514718250631,0.00672834314550042,0.00336417157275021,0.5543114927847379,0.2954275192321916,0.0,1.0,0.43008940946272795,0.32742182836728584,0.0,1.0,0.4537598173764166,0.29176948918928675,0.0,1.0,0.25276517107372887,0.24865471768876063,0.0,0.9032258064516129,18,0.17354675652906487,6.2064026958719465,13
501,1190,803,12.969738909200249,98.57058823529412,11,8,7,1,936,0.7885425442291492,251,1011,0.8517270429654591,0.9027777777777778,845,166,0.9027777777777778,0.6613545816733067,0.8517270429654591,177,997,5.632768361581921,0.009267059814658803,0.006739679865206402,0.005897219882055603,0.0008424599831508003,0.5538086202222824,0.2958664481870088,0.0,1.0,0.43030631607481695,0.3277771250682541,0.0,1.0,0.4533206831119545,0.2913293358833333,0.0,1.0,0.2528327460016265,0.24840575160507952,0.0,0.9032258064516129,18,0.173109243697479,6.215126050420168,13
502,1196,811,12.911909688653486,98.16973244147157,13,7,5,2,879,0.738655462184874,311,1026,0.8621848739495799,0.9078498293515358,798,228,0.9078498293515358,0.7331189710610932,0.8621848739495799,173,1007,5.820809248554913,0.010924369747899159,0.0058823529411764705,0.004201680672268907,0.0016806722689075631,0.5545905707196029,0.2955054704913767,0.0,1.0,0.4310335527025569,0.3268546248891967,0.0,1.0,0.45436400906246627,0.2915446716545625,0.0,1.0,0.25231955982306614,0.248482050366719,0.0,0.9032258064516129,18,0.1714046822742475,6.221571906354515,13
503,1189,817,12.969267212032294,97.7838519764508,3,10,10,0,866,0.7240802675585284,330,1025,0.8570234113712375,0.9191685912240185,796,229,0.9191685912240185,0.693939393939394,0.8570234113712375,168,999,5.946428571428571,0.002508361204013378,0.008361204013377926,0.008361204013377926,0.0,0.5545728316015084,0.2958132224917138,0.0,1.0,0.4298271792506579,0.3266311368323573,0.0,1.0,0.4551941181258309,0.2916284536844219,0.0,1.0,0.25101060799262054,0.2477544262887571,0.0,0.9032258064516129,18,0.16989066442388562,6.239697224558452,13
504,1192,829,12.920690187364594,97.35906040268456,11,8,7,1,911,0.7661900756938604,278,1027,0.8637510513036165,0.9045005488474204,824,203,0.9045005488474204,0.7302158273381295,0.8637510513036165,169,1008,5.964497041420119,0.009251471825063078,0.00672834314550042,0.005887300252312868,0.0008410428931875525,0.5566410478458541,0.29531466008710466,0.0,1.0,0.4286912751677852,0.32629538262828567,0.0,1.0,0.4561052175795626,0.29160502299443464,0.0,1.0,0.25051418055856245,0.2477149359173577,0.0,0.9032258064516129,18,0.1686241610738255,6.248322147651007,13
505,1205,833,12.799116228572512,96.53526970954357,19,6,4,2,906,0.7600671140939598,286,1010,0.8473154362416108,0.9006622516556292,816,194,0.9006622516556292,0.6783216783216783,0.8473154362416108,184,998,5.423913043478261,0.015939597315436243,0.0050335570469798654,0.003355704697986577,0.0016778523489932886,0.554945790389506,0.29547355246501494,0.0,1.0,0.42920626422165703,0.3270360432023463,0.0,1.0,0.45549457903895063,0.2912440230461677,0.0,1.0,0.2496586802302235,0.24817793638933078,0.0,0.9032258064516129,18,0.17012448132780084,6.259751037344398,13
506,1202,834,12.842057917214213,96.53826955074875,5,8,6,2,961,0.7975103734439835,244,1055,0.8755186721991701,0.9219562955254943,886,169,0.9219562955254943,0.6926229508196722,0.8755186721991701,179,1035,5.782122905027933,0.004149377593360996,0.006639004149377593,0.004979253112033195,0.0016597510373443983,0.5548548118726853,0.29535221805888223,0.0,1.0,0.42855992700338147,0.32713377631127555,0.0,1.0,0.4565240727819226,0.2914730081736571,0.0,1.0,0.2491814717406473,0.24801261459011414,0.0,0.9032258064516129,18,0.16971713810316139,6.264559068219634,13
507,1201,838,12.929023606806616,96.87094088259784,6,7,4,3,922,0.7670549084858569,280,1060,0.8818635607321131,0.9164859002169198,845,215,0.9164859002169198,0.7678571428571429,0.8818635607321131,173,1037,5.994219653179191,0.004991680532445923,0.005823627287853577,0.0033277870216306157,0.0024958402662229617,0.5556659772770004,0.29510423091399113,0.0,1.0,0.42846015417259814,0.3266925385693203,0.0,1.0,0.4580591442615025,0.29183921580596456,0.0,1.0,0.24933523139319383,0.24798870525207198,0.0,0.9032258064516129,18,0.16902581182348042,6.26894254787677,13
508,1203,847,12.906493920695732,96.80798004987531,10,8,4,4,922,0.7676935886761033,279,1015,0.8451290591174022,0.8969631236442517,827,188,0.8969631236442517,0.6738351254480287,0.8451290591174022,174,998,5.735632183908046,0.00832639467110741,0.006661115736885929,0.0033305578684429643,0.0033305578684429643,0.5564315018904352,0.2945819635182082,0.0,1.0,0.42823049902126403,0.32623347682798487,0.0,1.0,0.45858472099321584,0.2916614301302786,0.0,1.0,0.24859893277558792,0.24752115876015374,0.0,0.9032258064516129,18,0.16791354945968412,6.266001662510391,13
509,1196,853,12.95301843431782,96.79180602006689,7,14,8,6,939,0.7805486284289277,264,1042,0.8661679135494597,0.9211927582534611,865,177,0.9211927582534611,0.6704545454545454,0.8661679135494597,171,1019,5.95906432748538,0.005818786367414797,0.011637572734829594,0.006650041562759767,0.004987531172069825,0.5579889955766534,0.2936865818453367,0.0,1.0,0.4272035818319128,0.32599898346796086,0.0,1.0,0.45811306505556154,0.2910176723737612,0.0,1.0,0.2491638795986622,0.2476365482861924,0.0,0.9032258064516129,18,0.16555183946488294,6.271739130434782,13
510,1192,855,12.884732267900842,96.00587248322148,10,14,12,2,960,0.802675585284281,236,1048,0.8762541806020067,0.9052083333333333,869,179,0.9052083333333333,0.7584745762711864,0.8762541806020067,176,1026,5.829545454545454,0.008361204013377926,0.011705685618729096,0.010033444816053512,0.0016722408026755853,0.5572093526737388,0.2934284004169475,0.0,1.0,0.42685105001082485,0.32679728134669567,0.0,1.0,0.4569441437540593,0.2906087601605282,0.0,1.0,0.2489445767482139,0.24729525987289336,0.0,0.9032258064516129,18,0.16610738255033558,6.280201342281879,13
511,1189,856,12.926528665966732,95.83599663582842,7,10,7,3,933,0.7827181208053692,259,1002,0.8406040268456376,0.8735262593783494,815,187,0.8735262593783494,0.722007722007722,0.8406040268456376,171,974,5.695906432748538,0.00587248322147651,0.008389261744966443,0.00587248322147651,0.0025167785234899327,0.5568517865378877,0.29394618861494776,0.0,1.0,0.42716839849154886,0.32709374560406573,0.0,1.0,0.45581811769174424,0.28999953984558663,0.0,1.0,0.2476735668357796,0.24718236514528746,0.0,0.9032258064516129,18,0.16820857863751051,6.294365012615644,13
512,1187,864,12.99522067745572,95.95282224094356,5,7,5,2,876,0.736753574432296,313,1023,0.8603868797308662,0.9006849315068494,789,234,0.9006849315068494,0.7476038338658147,0.8603868797308662,168,999,5.946428571428571,0.004205214465937763,0.005887300252312868,0.004205214465937763,0.001682085786375105,0.5577085088458298,0.29381467513728277,0.0,1.0,0.42565970051906404,0.32692492209268914,0.0,1.0,0.45745577085088457,0.2901550326641667,0.0,1.0,0.2475473544038916,0.24713382534100037,0.0,0.9032258064516129,18,0.16680707666385847,6.29401853411963,13
513,1186,875,12.966136793769452,95.5370994940978,8,9,8,1,900,0.7582139848357203,287,1019,0.8584667228306655,0.9088888888888889,818,201,0.9088888888888889,0.7003484320557491,0.8584667228306655,168,998,5.940476190476191,0.006739679865206402,0.007582139848357203,0.006739679865206402,0.0008424599831508003,0.5569275961486155,0.29367719080853444,0.0,1.0,0.42531142903769786,0.32696063679571336,0.0,1.0,0.45843986291682537,0.29019544174788425,0.0,1.0,0.24737529238970787,0.24723789832213164,0.0,0.9032258064516129,18,0.16610455311973019,6.302698145025295,13
514,1196,880,12.863282754105303,95.00585284280936,15,5,4,1,914,0.7706576728499157,272,1042,0.8785834738617201,0.9179431072210066,839,203,0.9179431072210066,0.7463235294117647,0.8785834738617201,175,1022,5.84,0.012647554806070826,0.0042158516020236085,0.003372681281618887,0.0008431703204047217,0.5552918329916927,0.29373274993681225,0.0,1.0,0.42598985866868055,0.327619244367085,0.0,1.0,0.45730391628007333,0.29004040284660576,0.0,1.0,0.24506419246952207,0.24623565271774614,0.0,0.9032258064516129,18,0.16806020066889632,6.311036789297659,13
515,1195,887,12.882681370149275,95.10543933054393,5,6,6,0,925,0.7734113712374582,271,1070,0.8946488294314381,0.9308108108108109,861,209,0.9308108108108109,0.7712177121771218,0.8946488294314381,171,1048,6.128654970760234,0.004180602006688963,0.005016722408026756,0.005016722408026756,0.0,0.5550816574436496,0.29423664746940364,0.0,1.0,0.42753408017276284,0.3276536881640392,0.0,1.0,0.45709272506411125,0.29012682994644057,0.0,1.0,0.24429747604265084,0.246131062291499,0.0,0.9032258064516129,18,0.1698744769874477,6.3163179916317995,13
516,1188,896,12.916706331471405,94.90993265993266,4,11,8,3,941,0.7874476987447698,254,1054,0.8820083682008368,0.9256110520722636,871,183,0.9256110520722636,0.7204724409448819,0.8820083682008368,174,1037,5.959770114942529,0.0033472803347280333,0.009205020920502092,0.0066945606694560665,0.002510460251046025,0.5538720538720538,0.2949940548751379,0.0,1.0,0.42850548495709784,0.32787205070539555,0.0,1.0,0.45772238514173996,0.2903050607828681,0.0,1.0,0.2436461388074291,0.24556964080112229,0.0,0.9032258064516129,18,0.1717171717171717,6.316498316498317,13
517,1186,905,12.965122075713511,95.12900505902192,5,7,5,2,918,0.7727272727272727,270,1058,0.8905723905723906,0.920479302832244,845,213,0.920479302832244,0.7888888888888889,0.8905723905723906,179,1046,5.843575418994414,0.004208754208754209,0.005892255892255892,0.004208754208754209,0.0016835016835016834,0.552983734972529,0.29502159569917075,0.0,1.0,0.42865691127672306,0.3278862217183795,0.0,1.0,0.45694391557417174,0.29026154073876487,0.0,1.0,0.244274601534026,0.24607024342252495,0.0,0.9032258064516129,18,0.17200674536256325,6.318718381112985,13
518,1189,906,12.921727019924704,94.81160639192599,10,7,5,2,963,0.811973018549747,223,1027,0.8659359190556493,0.9200415368639667,886,141,0.9200415368639667,0.6322869955156951,0.8659359190556493,173,1001,5.786127167630058,0.008431703204047217,0.005902192242833052,0.0042158516020236085,0.0016863406408094434,0.5521039637537642,0.29531715561001814,0.0,1.0,0.43053257006429907,0.329146183448644,0.0,1.0,0.4573102905667544,0.29027722410292656,0.0,1.0,0.24276296155620064,0.245581857311727,0.0,0.9032258064516129,18,0.1757779646761985,6.340622371740959,13
519,1186,910,12.938105713868683,94.56998313659359,7,10,9,1,921,0.7746005046257359,268,1022,0.8595458368376787,0.9022801302931596,831,191,0.9022801302931596,0.7126865671641791,0.8595458368376787,172,998,5.8023255813953485,0.005887300252312868,0.008410428931875526,0.007569386038687973,0.0008410428931875525,0.5520589675243431,0.29547435652548915,0.0,1.0,0.4301800576619703,0.3290655864680986,0.0,1.0,0.4565087308926725,0.2900000645661313,0.0,1.0,0.24220747429690473,0.2453170192326315,0.0,0.9032258064516129,18,0.17706576728499157,6.3524451939291735,13
520,1174,916,13.06076219690293,94.5511073253833,2,14,10,4,909,0.7664418212478921,277,1044,0.8802698145025295,0.9207920792079208,837,207,0.9207920792079208,0.7472924187725631,0.8802698145025295,169,1019,6.029585798816568,0.0016863406408094434,0.011804384485666104,0.008431703204047217,0.003372681281618887,0.5531131505193164,0.29503902314929215,0.0,1.0,0.4296312578996538,0.3290105655546182,0.0,1.0,0.4569709292740562,0.29060730290078574,0.0,1.0,0.24168819036104852,0.24537304518070444,0.0,0.9032258064516129,18,0.17632027257240204,6.372231686541737,13
521,1167,933,13.071591018270801,94.47814910025707,4,11,9,2,917,0.7810902896081772,257,1022,0.8705281090289608,0.9018538713195202,827,195,0.9018538713195202,0.7587548638132295,0.8705281090289608,167,1006,6.023952095808383,0.0034071550255536627,0.009369676320272573,0.007666098807495741,0.0017035775127768314,0.5521463913536225,0.2951038762169883,0.0,1.0,0.43013516875362795,0.3290742409637857,0.0,1.0,0.45633966332200016,0.29040694281378066,0.0,1.0,0.24081598805871135,0.24517661012048758,0.0,0.9032258064516129,18,0.17737789203084833,6.374464438731791,13
522,1166,943,13.075747285569479,94.09948542024014,8,9,7,2,882,0.7557840616966581,285,1003,0.8594687232219366,0.9172335600907029,809,194,0.9172335600907029,0.6807017543859649,0.8594687232219366,168,981,5.839285714285714,0.006855184233076264,0.007712082262210797,0.005998286203941731,0.001713796058269066,0.5517346317711502,0.2947195326024606,0.0,1.0,0.43094671609583357,0.32949816521970016,0.0,1.0,0.4569523598738449,0.29059765218681016,0.0,1.0,0.2408288607314779,0.24479329452749707,0.0,0.9032258064516129,18,0.1783876500857633,6.389365351629502,13
523,1169,945,13.06910258038502,93.6458511548332,10,7,7,0,901,0.7727272727272727,265,1033,0.885934819897084,0.925638179800222,834,199,0.925638179800222,0.7509433962264151,0.885934819897084,177,1012,5.7175141242937855,0.008576329331046312,0.006003430531732418,0.006003430531732418,0.0,0.5507050415298436,0.2946064065549097,0.0,1.0,0.4335660476282458,0.3297745240038021,0.0,1.0,0.45666271144347254,0.2904196857359166,0.0,1.0,0.24219763238499958,0.24562692929707763,0.0,0.9032258064516129,18,0.17964071856287425,6.397775876817793,13
524,1172,947,13.128030784031466,93.62372013651877,9,6,3,3,900,0.7698887938408896,269,1013,0.8665526090675791,0.9022222222222223,812,201,0.9022222222222223,0.7472118959107806,0.8665526090675791,169,984,5.822485207100592,0.007698887938408896,0.0051325919589392645,0.0025662959794696323,0.0025662959794696323,0.5491302433116811,0.29479348561027247,0.0,1.0,0.4356765385885721,0.329477302880283,0.0,1.0,0.4563470219090609,0.29083401085861427,0.0,1.0,0.2423483430584609,0.24567878829956905,0.0,0.9032258064516129,18,0.181740614334471,6.393344709897611,13
525,1177,954,13.051509293738041,92.8946474086661,13,8,8,0,899,0.7670648464163823,273,1027,0.8762798634812287,0.9199110122358176,827,200,0.9199110122358176,0.7326007326007326,0.8762798634812287,173,1007,5.820809248554913,0.011092150170648464,0.006825938566552901,0.006825938566552901,0.0,0.5471263737769617,0.29509062223124477,0.0,1.0,0.4395264066653877,0.3294601279325201,0.0,1.0,0.4555321073258969,0.2909289006280918,0.0,1.0,0.2419491873818072,0.24491726402931285,0.0,0.9032258064516129,18,0.18521665250637212,6.4035683942226,13
526,1176,955,13.109909999248393,92.77551020408163,6,7,6,1,884,0.7510620220900595,293,1003,0.8521665250637214,0.8993212669683258,795,208,0.8993212669683258,0.7098976109215017,0.8521665250637214,174,978,5.620689655172414,0.005097706032285472,0.00594732370433305,0.005097706032285472,0.0008496176720475786,0.5483870967741935,0.29451054917619707,0.0,1.0,0.43995501426377004,0.32905426520821235,0.0,1.0,0.456440640772438,0.29087319452708993,0.0,1.0,0.24190805354399825,0.2451003570158371,0.0,0.9032258064516129,18,0.18452380952380953,6.412414965986395,13
527,1174,967,13.094443877530878,91.97870528109028,11,13,9,4,884,0.7517006802721088,292,1024,0.8707482993197279,0.9140271493212669,808,216,0.9140271493212669,0.7397260273972602,0.8707482993197279,166,1002,6.036144578313253,0.00935374149659864,0.011054421768707483,0.007653061224489796,0.003401360544217687,0.5460240699016321,0.29496526001476214,0.0,1.0,0.4397702918063417,0.3292420551043122,0.0,1.0,0.4537286365884486,0.28992534134648906,0.0,1.0,0.24185305270099466,0.24479088793061893,0.0,0.9032258064516129,18,0.18824531516183987,6.429301533219761,13
528,1173,960,13.147700437584836,91.64535379369138,9,10,8,2,882,0.7512776831345827,292,1003,0.854344122657581,0.9081632653061225,801,202,0.9081632653061225,0.6917808219178082,0.854344122657581,179,975,5.446927374301676,0.007666098807495741,0.008517887563884156,0.0068143100511073255,0.0017035775127768314,0.5438220168852955,0.2949207744040322,0.0,1.0,0.44322525644198774,0.3289038634626683,0.0,1.0,0.4534004345076039,0.29029874305066994,0.0,1.0,0.2406017105299343,0.2433102588830622,0.0,0.9032258064516129,18,0.19011082693947143,6.4364876385336744,13
529,1177,966,13.143729607269034,91.58368734069668,8,4,4,0,881,0.7510656436487638,292,1026,0.8746803069053708,0.9216799091940976,812,214,0.9216799091940976,0.7328767123287672,0.8746803069053708,175,1007,5.7542857142857144,0.0068201193520886615,0.0034100596760443308,0.0034100596760443308,0.0,0.5440019733055609,0.29485391296728414,0.0,1.0,0.44256858607175154,0.32915099588055247,0.0,1.0,0.45331213856990155,0.2900967412744444,0.0,1.0,0.24016773097267521,0.24369857642141882,0.0,0.9032258064516129,18,0.1911639762107052,6.442650807136788,13
530,1180,965,13.083821554009843,90.78474576271186,13,10,8,2,926,0.7867459643160578,251,1019,0.8657604078164826,0.9125269978401728,845,174,0.9125269978401728,0.6932270916334662,0.8657604078164826,177,995,5.621468926553672,0.011045029736618521,0.008496176720475786,0.006796941376380629,0.0016992353440951572,0.5447785675232367,0.2943485419135289,0.0,1.0,0.4430289775833789,0.32971397242172434,0.0,1.0,0.45259704756697644,0.28980407756143967,0.0,1.0,0.2390650628758885,0.24297327405431432,0.0,0.9032258064516129,18,0.19152542372881357,6.448305084745763,13
531,1178,971,13.047928337263398,90.14685908319186,10,12,10,2,939,0.7957627118644067,241,1014,0.8593220338983051,0.9020234291799787,847,167,0.9020234291799787,0.6929460580912863,0.8593220338983051,171,991,5.795321637426901,0.00847457627118644,0.010169491525423728,0.00847457627118644,0.001694915254237288,0.5450462785475655,0.29440353841732164,0.0,1.0,0.44016649323621226,0.3292879517463879,0.0,1.0,0.45325592858316444,0.28957151325129293,0.0,1.0,0.24012815597787393,0.24350460035613405,0.0,0.9032258064516129,18,0.19015280135823429,6.466044142614601,13
532,1178,979,13.024597246496215,90.00509337860781,7,7,6,1,940,0.797962648556876,238,1050,0.8913412563667232,0.9148936170212766,860,190,0.9148936170212766,0.7983193277310925,0.8913412563667232,171,1029,6.017543859649122,0.005942275042444821,0.005942275042444821,0.0050933786078098476,0.0008488964346349745,0.5459225587381565,0.29470906543685305,0.0,1.0,0.4405224820636398,0.3301186196230827,0.0,1.0,0.4532011610712525,0.2898035662217874,0.0,1.0,0.2384851306205159,0.2430729289387025,0.0,0.9032258064516129,18,0.19185059422750425,6.483870967741935,13
533,1179,991,13.005762800523446,89.69465648854961,8,7,7,0,897,0.7614601018675722,281,1030,0.8743633276740238,0.9096989966555183,816,214,0.9096989966555183,0.7615658362989324,0.8743633276740238,163,1005,6.1656441717791415,0.006791171477079796,0.005942275042444821,0.005942275042444821,0.0,0.5438452488440175,0.29495758614864287,0.0,1.0,0.439437467509371,0.32965115041181303,0.0,1.0,0.4522148348792032,0.2896264686576678,0.0,1.0,0.23883006375003418,0.24319275961630452,0.0,0.9032258064516129,18,0.19168787107718405,6.494486853265479,13
534,1178,990,13.078147116992444,89.7911714770798,6,7,5,2,928,0.7871077184054284,251,1027,0.8710771840542832,0.9170258620689655,851,176,0.9170258620689655,0.701195219123506,0.8710771840542832,173,999,5.77456647398844,0.005089058524173028,0.005937234944868533,0.004240882103477523,0.0016963528413910093,0.5435675557259433,0.2953775870115816,0.0,1.0,0.4380579440276028,0.3301764655525389,0.0,1.0,0.45202365956514595,0.29010465955498177,0.0,1.0,0.2385946656443398,0.24296904850190776,0.0,0.9032258064516129,18,0.1926994906621392,6.5,13
535,1181,998,13.127972457990118,90.17358171041491,5,2,2,0,897,0.7614601018675722,281,1022,0.8675721561969439,0.9108138238573021,817,205,0.9108138238573021,0.7295373665480427,0.8675721561969439,165,995,6.03030303030303,0.004244482173174873,0.001697792869269949,0.001697792869269949,0.0,0.5434159132501161,0.29516976817261087,0.0,1.0,0.4382016333888722,0.33019724427617003,0.0,1.0,0.4520772445439895,0.2900276732036419,0.0,1.0,0.2388626369124034,0.24325984510325588,0.0,0.9032258064516129,18,0.1930567315834039,6.505503810330229,13
536,1181,1003,13.184480910134596,90.35986452159187,5,5,5,0,878,0.7434377646062659,303,1038,0.8789161727349704,0.9214123006833713,809,229,0.9214123006833713,0.7557755775577558,0.8789161727349704,175,1018,5.817142857142857,0.004233700254022015,0.004233700254022015,0.004233700254022015,0.0,0.5435797984212395,0.29491266954298834,0.0,1.0,0.4354702138701483,0.3303364831023232,0.0,1.0,0.4512851328835596,0.2901447989191153,0.0,1.0,0.23771544071453934,0.2430868383927457,0.0,0.9032258064516129,18,0.1922099915325995,6.512277730736664,13
537,1184,1000,13.208449249515262,90.01773648648648,11,8,5,3,915,0.7747671464860287,266,1034,0.8755292125317528,0.9224043715846995,844,190,0.9224043715846995,0.7142857142857143,0.8755292125317528,179,1010,5.64245810055866,0.009314140558848433,0.006773920406435224,0.004233700254022015,0.002540220152413209,0.5427473844812555,0.2951067505956166,0.0,1.0,0.4358108108108108,0.3300463968132277,0.0,1.0,0.45076830863121187,0.29019266616514766,0.0,1.0,0.23833914559721012,0.24293835262667388,0.0,0.9032258064516129,18,0.19256756756756757,6.515202702702703,13
538,1179,999,13.219341442091425,89.40288379983036,8,13,11,2,935,0.7896959459459459,249,1019,0.8606418918918919,0.9208556149732621,861,158,0.9208556149732621,0.6345381526104418,0.8606418918918919,177,995,5.621468926553672,0.006756756756756757,0.01097972972972973,0.009290540540540541,0.0016891891891891893,0.5433253987797203,0.2952287773889921,0.0,1.0,0.4353060275246929,0.32977117415243823,0.0,1.0,0.45008071356261453,0.2899002222333272,0.0,1.0,0.23740731620564173,0.24307604279204215,0.0,0.9032258064516129,18,0.19168787107718405,6.527565733672604,13
539,1187,1002,13.146340073612906,88.98904802021904,13,5,4,1,896,0.7599660729431722,283,1017,0.8625954198473282,0.9162946428571429,821,196,0.9162946428571429,0.6925795053003534,0.8625954198473282,175,995,5.685714285714286,0.01102629346904156,0.004240882103477523,0.0033927056827820186,0.0008481764206955047,0.5431149278473788,0.2952914778519269,0.0,1.0,0.4354974590319863,0.3295025349868505,0.0,1.0,0.44946598907519636,0.2895981005134707,0.0,1.0,0.23781830040492433,0.24374528251231536,0.0,0.9032258064516129,18,0.19208087615838249,6.543386689132266,13
540,1185,1008,13.139068640074212,88.51645569620253,8,10,9,1,945,0.7961246840775064,242,1030,0.8677337826453243,0.9153439153439153,865,165,0.9153439153439153,0.6818181818181818,0.8677337826453243,175,1011,5.777142857142858,0.006739679865206402,0.008424599831508003,0.007582139848357203,0.0008424599831508003,0.5443310194637266,0.29598884283430854,0.0,1.0,0.4354158159793113,0.3290120340701474,0.0,1.0,0.45125901728596707,0.2903889000427852,0.0,1.0,0.23721246767388052,0.24323609798468565,0.0,0.9032258064516129,18,0.19071729957805908,6.561181434599156,13
541,1184,1010,13.13416693092515,87.73479729729729,10,11,10,1,886,0.7476793248945147,299,1025,0.8649789029535865,0.9085778781038375,805,220,0.9085778781038375,0.7357859531772575,0.8649789029535865,176,1003,5.698863636363637,0.008438818565400843,0.009282700421940928,0.008438818565400843,0.0008438818565400844,0.5447362685265912,0.29584147414309614,0.0,1.0,0.4341761115954664,0.3289396842773578,0.0,1.0,0.4511497384481255,0.2903721561012162,0.0,1.0,0.23724934612031384,0.24246710973336638,0.0,0.9032258064516129,18,0.1891891891891892,6.572635135135135,13
542,1186,1016,13.167313442732697,87.7841483979764,9,7,4,3,855,0.7221283783783784,329,984,0.831081081081081,0.8865497076023392,758,226,0.8865497076023392,0.6869300911854104,0.831081081081081,167,957,5.730538922155689,0.007601351351351352,0.0059121621621621625,0.0033783783783783786,0.002533783783783784,0.5459663819833541,0.29559413070755336,0.0,1.0,0.4324919762824348,0.3282565143903896,0.0,1.0,0.45226568024805525,0.2909015157873863,0.0,1.0,0.2374748408856008,0.24231836480587948,0.0,0.9032258064516129,18,0.18718381112984822,6.584317032040472,13
543,1186,1018,13.170223503847264,87.2318718381113,9,9,9,0,910,0.7672849915682968,276,989,0.8338954468802698,0.878021978021978,799,190,0.878021978021978,0.6884057971014492,0.8338954468802698,165,956,5.793939393939394,0.007588532883642495,0.007588532883642495,0.007588532883642495,0.0,0.543980851874014,0.29607096259069376,0.0,1.0,0.4333623456454333,0.32871735865923296,0.0,1.0,0.4509329271609639,0.2905679830706612,0.0,1.0,0.23717565141707014,0.24186326490870708,0.0,0.9032258064516129,18,0.1897133220910624,6.601180438448567,13
544,1186,1017,13.159701578700483,86.93001686340641,9,9,8,1,922,0.7774030354131535,264,1031,0.8693086003372681,0.9056399132321041,835,196,0.9056399132321041,0.7424242424242424,0.8693086003372681,179,1009,5.636871508379889,0.007588532883642495,0.007588532883642495,0.006745362563237774,0.0008431703204047217,0.5427296959147038,0.29660042516850815,0.0,1.0,0.43368873415655773,0.32804867203678983,0.0,1.0,0.45117771854430727,0.2909411293024288,0.0,1.0,0.2364140782244465,0.2417708805485124,0.0,0.9032258064516129,18,0.1897133220910624,6.6112984822934235,13
545,1195,1026,13.080743081777225,86.50878661087866,16,7,4,3,844,0.7116357504215851,342,1045,0.8811129848229342,0.9170616113744076,774,271,0.9170616113744076,0.7923976608187134,0.8811129848229342,167,1021,6.11377245508982,0.013490725126475547,0.005902192242833052,0.003372681281618887,0.002529510961214165,0.5425293561884195,0.29612032367744745,0.0,1.0,0.43428262923471456,0.3284750877718119,0.0,1.0,0.4510730193008503,0.29051547298797287,0.0,1.0,0.2357943042245917,0.24137459495142674,0.0,0.9032258064516129,18,0.1891213389121339,6.622594142259414,13
546,1199,1031,13.111261562783412,86.84070058381985,7,3,2,1,883,0.7389121338912134,312,1055,0.8828451882845189,0.9173272933182333,810,245,0.9173272933182333,0.7852564102564102,0.8828451882845189,174,1034,5.942528735632184,0.005857740585774059,0.002510460251046025,0.0016736401673640166,0.0008368200836820083,0.5422798568699723,0.2959522793155648,0.0,1.0,0.4340175953079179,0.3286407449349829,0.0,1.0,0.45088649143103127,0.29007943278888937,0.0,1.0,0.23508838010169766,0.24109457701952028,0.0,0.9032258064516129,18,0.18932443703085905,6.618015012510425,13
547,1193,1032,13.189301021424535,86.74015088013411,6,12,9,3,910,0.7589658048373644,289,1042,0.8690575479566305,0.9120879120879121,830,212,0.9120879120879121,0.7335640138408305,0.8690575479566305,180,1023,5.683333333333334,0.0050041701417848205,0.010008340283569641,0.007506255212677231,0.0025020850708924102,0.5421680231457696,0.29604461001834753,0.0,1.0,0.4338479842089609,0.3288379698269073,0.0,1.0,0.4520725738852987,0.29011183341544,0.0,1.0,0.23632479788010707,0.24142644311426517,0.0,0.9032258064516129,18,0.18860016764459347,6.627829002514669,13
548,1193,1039,13.194404597678389,86.41575859178542,13,13,5,8,953,0.7988264878457669,240,1044,0.8751047778709137,0.912906610703043,870,174,0.912906610703043,0.725,0.8751047778709137,173,1024,5.91907514450867,0.010896898575020955,0.010896898575020955,0.004191114836546521,0.006705783738474434,0.5430332855636374,0.2956694248187245,0.0,1.0,0.43395614201119437,0.3278635816305465,0.0,1.0,0.4508828380607306,0.28935263098506536,0.0,1.0,0.2384338750236595,0.24235323025523198,0.0,0.9032258064516129,18,0.18608549874266556,6.632858340318525,13
549,1195,1040,13.199272706808348,86.2276150627615,9,7,5,2,902,0.7560771165129925,291,1038,0.8700754400670578,0.9057649667405765,817,221,0.9057649667405765,0.7594501718213058,0.8700754400670578,175,1014,5.7942857142857145,0.0075440067057837385,0.00586756077116513,0.004191114836546521,0.0016764459346186086,0.5444729383182616,0.29478788275275264,0.0,1.0,0.4321500877311378,0.32725987619004715,0.0,1.0,0.45158590902955864,0.2897401202119235,0.0,1.0,0.23919557295181534,0.24237666863203144,0.0,0.9032258064516129,18,0.18493723849372384,6.6376569037656905,13
550,1200,1035,13.22495259924809,86.30666666666667,10,5,3,2,967,0.8092050209205021,228,1055,0.8828451882845189,0.921406411582213,891,164,0.921406411582213,0.7192982456140351,0.8828451882845189,180,1030,5.722222222222222,0.008368200836820083,0.0041841004184100415,0.002510460251046025,0.0016736401673640166,0.544247311827957,0.2948809360521431,0.0,1.0,0.4311827956989247,0.3273182568992634,0.0,1.0,0.45193548387096777,0.2898830005471923,0.0,1.0,0.23768817204301076,0.24214184150431148,0.0,0.9032258064516129,18,0.185,6.651666666666666,13
551,1196,1041,13.279911502291949,86.72240802675586,4,8,5,3,920,0.7666666666666667,280,1048,0.8733333333333333,0.925,851,197,0.925,0.7035714285714286,0.8733333333333333,167,1021,6.11377245508982,0.0033333333333333335,0.006666666666666667,0.004166666666666667,0.0025,0.5432085446110692,0.29522770564865564,0.0,1.0,0.43249002049843566,0.32752534834313674,0.0,1.0,0.4520983924910994,0.2902832130334506,0.0,1.0,0.23570503829970868,0.24154567038765132,0.0,0.9032258064516129,18,0.18729096989966554,6.646321070234114,13
552,1205,1041,13.252492778690437,86.67966804979253,11,2,2,0,934,0.7809364548494984,262,1037,0.867056856187291,0.8961456102783726,837,200,0.8961456102783726,0.7633587786259542,0.867056856187291,177,1014,5.728813559322034,0.00919732441471572,0.0016722408026755853,0.0016722408026755853,0.0,0.5415339312006424,0.2953689432949323,0.0,1.0,0.434372908579842,0.3273398367608321,0.0,1.0,0.45099718913130776,0.289934988669684,0.0,1.0,0.2364609824655334,0.24142684121242247,0.0,0.9032258064516129,18,0.1883817427385892,6.653112033195021,13
553,1208,1047,13.255777856561352,86.90314569536424,8,5,3,2,919,0.762655601659751,286,1033,0.8572614107883817,0.8977149075081611,825,208,0.8977149075081611,0.7272727272727273,0.8572614107883817,178,1017,5.713483146067416,0.006639004149377593,0.004149377593360996,0.0024896265560165973,0.0016597510373443983,0.5419782097842342,0.29502925680726716,0.0,1.0,0.4343356120487075,0.32738947871054036,0.0,1.0,0.45158619953001494,0.28998859110748654,0.0,1.0,0.23702200384533217,0.24141147680223302,0.0,0.9032258064516129,18,0.1879139072847682,6.6614238410596025,13
554,1202,1047,13.349400756599056,86.74376039933445,4,10,9,1,940,0.7781456953642384,268,1050,0.8692052980132451,0.9223404255319149,867,183,0.9223404255319149,0.6828358208955224,0.8692052980132451,172,1022,5.941860465116279,0.0033112582781456954,0.008278145695364239,0.0074503311258278145,0.0008278145695364238,0.5422145885889109,0.2947702744766103,0.0,1.0,0.4333637485910579,0.326771271429704,0.0,1.0,0.4529010788470828,0.2902332342952934,0.0,1.0,0.23777575009392948,0.24136589146513437,0.0,0.9032258064516129,18,0.18552412645590682,6.667221297836939,13
555,1205,1057,13.315588321796522,86.70124481327801,9,6,5,1,928,0.7720465890183028,274,1020,0.848585690515807,0.8900862068965517,826,194,0.8900862068965517,0.708029197080292,0.848585690515807,176,1006,5.715909090909091,0.0074875207986688855,0.004991680532445923,0.004159733777038269,0.0008319467554076539,0.5433007629500736,0.2945263575164946,0.0,1.0,0.43185651184580376,0.3268226151489481,0.0,1.0,0.4533261946191942,0.28997078706800794,0.0,1.0,0.237933342256726,0.24162377112805083,0.0,0.9032258064516129,18,0.18423236514522823,6.673858921161826,13
556,1208,1057,13.344527531103296,86.57036423841059,8,5,5,0,916,0.7601659751037344,289,1053,0.8738589211618257,0.9093886462882096,833,220,0.9093886462882096,0.7612456747404844,0.8738589211618257,178,1031,5.792134831460674,0.006639004149377593,0.004149377593360996,0.004149377593360996,0.0,0.5439542832728049,0.2941855160015196,0.0,1.0,0.4309175389873958,0.32689092383288704,0.0,1.0,0.4527611621448408,0.2897010088954616,0.0,1.0,0.2380901516769921,0.24161274927322196,0.0,0.9032258064516129,18,0.18294701986754966,6.68294701986755,13
557,1212,1064,13.313473097741683,86.43399339933994,10,6,5,1,898,0.7433774834437086,310,1017,0.8418874172185431,0.8919821826280624,801,216,0.8919821826280624,0.6967741935483871,0.8418874172185431,168,992,5.904761904761905,0.008278145695364239,0.004966887417218543,0.0041390728476821195,0.0008278145695364238,0.5427179814755669,0.29415297149060055,0.0,1.0,0.43087937826040673,0.32716625982386005,0.0,1.0,0.45089428297668477,0.2893812271427949,0.0,1.0,0.23847546044927076,0.24179004128499743,0.0,0.9032258064516129,18,0.18316831683168316,6.6905940594059405,13
558,1210,1065,13.333677104927114,86.17768595041322,7,9,8,1,906,0.7475247524752475,306,1071,0.8836633663366337,0.9194260485651214,833,238,0.9194260485651214,0.7777777777777778,0.8836633663366337,173,1045,6.040462427745664,0.005775577557755775,0.007425742574257425,0.006600660066006601,0.0008250825082508251,0.5417755265262596,0.29426683294237943,0.0,1.0,0.43084510797120773,0.326828178656817,0.0,1.0,0.45113303119168224,0.29017700107748345,0.0,1.0,0.237643295121301,0.24152026519130498,0.0,0.9032258064516129,18,0.18264462809917356,6.702479338842975,13
559,1214,1071,13.312630253998044,85.9818780889621,10,6,5,1,918,0.7586776859504132,292,1031,0.8520661157024794,0.9041394335511983,830,201,0.9041394335511983,0.6883561643835616,0.8520661157024794,176,1013,5.755681818181818,0.008264462809917356,0.0049586776859504135,0.004132231404958678,0.0008264462809917355,0.5420098846787479,0.29401697986605113,0.0,1.0,0.4304618164425785,0.32726585839973765,0.0,1.0,0.4524631981718658,0.2904394084900329,0.0,1.0,0.23951745761811127,0.24310038018423946,0.0,0.9032258064516129,18,0.18204283360790774,6.715815485996705,13
560,1222,1076,13.301460351925401,86.22585924713584,9,1,1,0,914,0.7528830313014827,300,1061,0.8739703459637562,0.9168490153172867,838,223,0.9168490153172867,0.7433333333333333,0.8739703459637562,180,1046,5.811111111111111,0.007413509060955519,0.0008237232289950577,0.0008237232289950577,0.0,0.5430283511958185,0.2938983946548988,0.0,1.0,0.4289900216461644,0.3271077427547378,0.0,1.0,0.45298558682223744,0.2906037086249414,0.0,1.0,0.23971807190750224,0.24345863715500873,0.0,0.9032258064516129,18,0.18085106382978725,6.722585924713584,13
561,1222,1081,13.36993550093638,86.68166939443535,4,4,3,1,941,0.7700490998363339,281,1028,0.8412438625204582,0.8862911795961743,834,194,0.8862911795961743,0.6903914590747331,0.8412438625204582,173,1006,5.815028901734104,0.0032733224222585926,0.0032733224222585926,0.0024549918166939444,0.0008183306055646482,0.5434771131408057,0.293522088286534,0.0,1.0,0.426904598490048,0.32656984280924706,0.0,1.0,0.45338155324428486,0.29046527902578717,0.0,1.0,0.24021962937542898,0.24355360986968344,0.0,0.9032258064516129,18,0.1783960720130933,6.729132569558102,13
562,1221,1083,13.382552884651089,86.41932841932842,9,10,7,3,947,0.7749590834697218,275,1052,0.8608837970540099,0.8901795142555439,843,209,0.8901795142555439,0.76,0.8608837970540099,175,1029,5.88,0.007364975450081833,0.008183306055646482,0.0057283142389525366,0.0024549918166939444,0.5429182848537687,0.29352646201495625,0.0,1.0,0.42704287865578183,0.3260541192096749,0.0,1.0,0.4537528731077118,0.2907898665831102,0.0,1.0,0.24070698264246648,0.24400885036622935,0.0,0.9032258064516129,18,0.17772317772317772,6.737100737100737,13
563,1216,1093,13.365761167046822,86.21792763157895,7,12,9,3,936,0.7665847665847666,285,1038,0.8501228501228502,0.9017094017094017,844,194,0.9017094017094017,0.6807017543859649,0.8501228501228502,173,1021,5.901734104046243,0.005733005733005733,0.009828009828009828,0.007371007371007371,0.002457002457002457,0.5424448217317487,0.293999565879398,0.0,1.0,0.4277642190152801,0.3256517132361047,0.0,1.0,0.4545309847198642,0.2910174452793972,0.0,1.0,0.24116617147707978,0.2441910076913272,0.0,0.9032258064516129,18,0.17845394736842105,6.7524671052631575,13
564,1223,1099,13.323105773600679,86.18887980376124,13,6,1,5,937,0.7705592105263158,279,1017,0.8363486842105263,0.8868729989327642,831,186,0.8868729989327642,0.6666666666666666,0.8363486842105263,172,995,5.784883720930233,0.01069078947368421,0.004934210526315789,0.0008223684210526315,0.004111842105263158,0.5420568142853375,0.2941712948126729,0.0,1.0,0.42655553504075117,0.32588456601319427,0.0,1.0,0.45414501622134884,0.2909102689907095,0.0,1.0,0.2411046342943054,0.24349052936470522,0.0,0.9032258064516129,18,0.17743254292722813,6.764513491414554,13
565,1229,1099,13.26999974276307,85.75101708706265,13,7,5,2,938,0.7669664758789861,285,1058,0.8650858544562551,0.920042643923241,863,195,0.920042643923241,0.6842105263157895,0.8650858544562551,175,1033,5.902857142857143,0.01062959934587081,0.005723630417007359,0.004088307440719542,0.001635322976287817,0.543373841833119,0.29438915737761084,0.0,1.0,0.42602168035906457,0.326085977421521,0.0,1.0,0.45431638625685716,0.2910731143155997,0.0,1.0,0.24060998976351083,0.24395670902544567,0.0,0.9032258064516129,18,0.177379983726607,6.772172497965826,13
566,1226,1107,13.331448948105889,86.14110929853182,6,9,3,6,968,0.7876322213181448,261,1056,0.8592351505288853,0.8884297520661157,860,196,0.8884297520661157,0.7509578544061303,0.8592351505288853,176,1040,5.909090909090909,0.004882017900732303,0.007323026851098454,0.0024410089503661514,0.004882017900732303,0.5427037836131138,0.2944302148271326,0.0,1.0,0.42645898016102723,0.32608804460818186,0.0,1.0,0.4541388201862864,0.29097449839192996,0.0,1.0,0.2428300794611377,0.24535473797450696,0.0,0.9032258064516129,18,0.17781402936378465,6.769168026101142,13
567,1226,1111,13.294978647920766,85.81402936378467,9,9,8,1,936,0.763458401305057,290,1056,0.8613376835236541,0.9091880341880342,851,205,0.9091880341880342,0.7068965517241379,0.8613376835236541,174,1034,5.942528735632184,0.00734094616639478,0.00734094616639478,0.0065252854812398045,0.0008156606851549756,0.5443877282534336,0.2936439246748797,0.0,1.0,0.42651160343103717,0.3255997930527176,0.0,1.0,0.4569804767668263,0.2912217120330031,0.0,1.0,0.24259327474609274,0.24509243801310365,0.0,0.9032258064516129,18,0.17455138662316477,6.779771615008157,13
568,1225,1117,13.33953441897376,86.21142857142857,3,4,4,0,976,0.7960848287112561,250,1067,0.8703099510603589,0.9077868852459017,886,181,0.9077868852459017,0.724,0.8703099510603589,168,1041,6.196428571428571,0.0024469820554649264,0.0032626427406199023,0.0032626427406199023,0.0,0.5441474654377879,0.29383991774158774,0.0,1.0,0.42662277814351546,0.3255737578366643,0.0,1.0,0.45677419354838705,0.2913647303695769,0.0,1.0,0.2427123107307439,0.24490742476415836,0.0,0.9032258064516129,18,0.17469387755102042,6.783673469387755,13
569,1228,1123,13.315188990085273,86.14169381107492,8,5,5,0,945,0.7714285714285715,280,1073,0.8759183673469387,0.91005291005291,860,213,0.91005291005291,0.7607142857142857,0.8759183673469387,173,1052,6.08092485549133,0.006530612244897959,0.004081632653061225,0.004081632653061225,0.0,0.5433960281601344,0.2939204212759051,0.0,1.0,0.42747189240306815,0.3261066704733779,0.0,1.0,0.45663024062204477,0.29155066448095984,0.0,1.0,0.24214563412840182,0.24474559368088858,0.0,0.9032258064516129,18,0.1767100977198697,6.789087947882736,13
570,1228,1125,13.326565273326128,86.25977198697069,7,7,5,2,952,0.7752442996742671,276,1076,0.8762214983713354,0.9212184873949579,877,199,0.9212184873949579,0.7210144927536232,0.8762214983713354,168,1046,6.226190476190476,0.005700325732899023,0.005700325732899023,0.004071661237785016,0.0016286644951140066,0.5423190080907849,0.2937199016067157,0.0,1.0,0.42613218451192597,0.3253685803058185,0.0,1.0,0.4565777030576862,0.2920249309551903,0.0,1.0,0.24138383944520334,0.2439925870334163,0.0,0.9032258064516129,18,0.1758957654723127,6.798045602605863,13
571,1223,1131,13.345922470855157,86.1283728536386,6,11,8,3,986,0.8029315960912052,242,1092,0.8892508143322475,0.9239350912778904,911,181,0.9239350912778904,0.7479338842975206,0.8892508143322475,169,1067,6.313609467455621,0.004885993485342019,0.008957654723127036,0.006514657980456026,0.0024429967426710096,0.5422678237016326,0.2939587573149249,0.0,1.0,0.4272413156437106,0.3246758903326394,0.0,1.0,0.45630786273837465,0.2927232809572421,0.0,1.0,0.2422388099068921,0.24414781116521264,0.0,0.9032258064516129,18,0.1757972199509403,6.799672935404742,13
572,1224,1130,13.45773857493517,86.84640522875817,5,4,0,4,928,0.758789860997547,295,1052,0.8601798855273917,0.9105603448275862,845,207,0.9105603448275862,0.7016949152542373,0.8601798855273917,177,1028,5.807909604519774,0.004088307440719542,0.003270645952575634,0.0,0.003270645952575634,0.5421937592241197,0.2937487898529728,0.0,1.0,0.42657600674678475,0.3246228097521445,0.0,1.0,0.4558032890575585,0.2927057200803095,0.0,1.0,0.24233080328905757,0.244006554898255,0.0,0.9032258064516129,18,0.17483660130718953,6.808006535947713,13
573,1226,1130,13.459639188835292,86.82218597063621,10,8,5,3,923,0.7540849673202614,301,1084,0.8856209150326797,0.9263271939328277,855,229,0.9263271939328277,0.760797342192691,0.8856209150326797,175,1059,6.051428571428572,0.008169934640522876,0.006535947712418301,0.004084967320261438,0.0024509803921568627,0.5403620480976687,0.29413773006222377,0.0,1.0,0.42816923643635213,0.3246362208370586,0.0,1.0,0.45455980634636634,0.29270681075408334,0.0,1.0,0.24175130242593273,0.24298210707775425,0.0,0.9032258064516129,18,0.1769983686786297,6.817292006525285,13
574,1224,1137,13.460231973977544,86.78513071895425,6,8,7,1,986,0.8042414355628059,240,1050,0.8564437194127243,0.907707910750507,895,155,0.907707910750507,0.6458333333333334,0.8564437194127243,173,1030,5.953757225433526,0.004893964110929853,0.0065252854812398045,0.005709624796084829,0.0008156606851549756,0.5393738140417457,0.2937264457441611,0.0,1.0,0.42926417878979545,0.32543082088012193,0.0,1.0,0.4537739827113641,0.29195564451749956,0.0,1.0,0.24204090238245834,0.24315174448777802,0.0,0.9032258064516129,18,0.1781045751633987,6.821078431372549,13
575,1220,1136,13.588960151481547,87.3016393442623,3,7,4,3,929,0.7589869281045751,295,1091,0.8913398692810458,0.930032292787944,864,227,0.930032292787944,0.7694915254237288,0.8913398692810458,176,1066,6.056818181818182,0.0024509803921568627,0.005718954248366013,0.0032679738562091504,0.0024509803921568627,0.5388154415653094,0.2937493673438887,0.0,1.0,0.4297726070861978,0.3252149934261531,0.0,1.0,0.45338445267054467,0.2915031529910409,0.0,1.0,0.24307244843997886,0.2433424354063812,0.0,0.9032258064516129,18,0.1778688524590164,6.819672131147541,13
576,1227,1134,13.55033605202688,87.12143439282804,14,7,3,4,952,0.780327868852459,268,1079,0.8844262295081967,0.9317226890756303,887,192,0.9317226890756303,0.7164179104477612,0.8844262295081967,176,1053,5.982954545454546,0.011475409836065573,0.005737704918032787,0.002459016393442623,0.003278688524590164,0.5393169808344507,0.2936410022338227,0.0,1.0,0.429634303441386,0.3258873068344275,0.0,1.0,0.4534795067960144,0.2907544287333535,0.0,1.0,0.24355233062544362,0.2440381805083543,0.0,0.9032258064516129,18,0.17766911165444174,6.823145884270579,13
577,1233,1135,13.547232965355558,87.34306569343066,8,2,2,0,964,0.7856560717196414,263,1089,0.8875305623471883,0.9263485477178424,893,196,0.9263485477178424,0.7452471482889734,0.8875305623471883,175,1065,6.085714285714285,0.006519967400162999,0.0016299918500407497,0.0016299918500407497,0.0,0.5403029589514167,0.29350933092230497,0.0,1.0,0.4287209271904351,0.32624098007020796,0.0,1.0,0.45341809905031,0.29040416444934064,0.0,1.0,0.24268110823326272,0.2440563905013136,0.0,0.9032258064516129,18,0.17761557177615572,6.828872668288727,13
578,1238,1141,13.503991163695318,87.42730210016155,9,4,3,1,961,0.7793998377939984,272,1087,0.8815896188158961,0.9146722164412071,879,208,0.9146722164412071,0.7647058823529411,0.8815896188158961,166,1059,6.379518072289157,0.0072992700729927005,0.0032441200324412004,0.0024330900243309003,0.0008110300081103001,0.5409870238157277,0.293402419209952,0.0,1.0,0.4271978737818542,0.3265813415538569,0.0,1.0,0.45179529939027574,0.2903529211250133,0.0,1.0,0.24243055917452708,0.24410015050616363,0.0,0.9032258064516129,18,0.1777059773828756,6.846526655896607,13
579,1250,1139,13.430110282026016,87.448,13,1,1,0,947,0.7649434571890146,291,1087,0.8780290791599353,0.91129883843717,863,224,0.91129883843717,0.7697594501718213,0.8780290791599353,182,1067,5.862637362637362,0.01050080775444265,0.0008077544426494346,0.0008077544426494346,0.0,0.541032258064516,0.2930708913326502,0.0,1.0,0.42753548387096774,0.32651103475511734,0.0,1.0,0.4512774193548387,0.28984457394394164,0.0,1.0,0.24258064516129035,0.2439528792289181,0.0,0.9032258064516129,18,0.1768,6.8536,13
580,1254,1138,13.37435310748788,87.31020733652312,11,7,5,2,1007,0.8056,243,1105,0.884,0.9255213505461768,932,173,0.9255213505461768,0.7119341563786008,0.884,179,1083,6.050279329608938,0.0088,0.0056,0.004,0.0016,0.5403097185779698,0.2936241854875397,0.0,1.0,0.4267376652775634,0.3263520277644592,0.0,1.0,0.4506868343880228,0.28941075233780034,0.0,1.0,0.24293872511189998,0.24412887689576576,0.0,0.9032258064516129,18,0.1762360446570973,6.85725677830941,13
581,1251,1150,13.400389727458998,87.64748201438849,4,7,4,3,960,0.7655502392344498,294,1074,0.8564593301435407,0.903125,867,207,0.903125,0.7040816326530612,0.8564593301435407,169,1055,6.242603550295858,0.003189792663476874,0.005582137161084529,0.003189792663476874,0.0023923444976076554,0.5407287073566952,0.29386724859976626,0.0,1.0,0.4272453005337665,0.3261874519097131,0.0,1.0,0.4504267553698976,0.28937743657590503,0.0,1.0,0.24336659704494468,0.2443090937730614,0.0,0.9032258064516129,18,0.17665867306155075,6.859312549960032,13
582,1254,1152,13.389883070053646,87.70414673046253,11,8,4,4,960,0.7673860911270983,291,1097,0.876898481215028,0.90625,870,227,0.90625,0.7800687285223368,0.876898481215028,168,1067,6.351190476190476,0.008792965627498001,0.006394884092725819,0.0031974420463629096,0.0031974420463629096,0.5402325461748212,0.29349343581193205,0.0,1.0,0.42766373411534697,0.3263551908993855,0.0,1.0,0.4503524206410454,0.28928473657876946,0.0,1.0,0.24260431136492258,0.24453756825062578,0.0,0.9032258064516129,18,0.17703349282296652,6.865231259968102,13
583,1259,1147,13.37047260692452,87.736298649722,9,4,4,0,1013,0.8078149920255183,241,1102,0.8787878787878788,0.9249753208292202,937,165,0.9249753208292202,0.6846473029045643,0.8787878787878788,180,1077,5.983333333333333,0.007177033492822967,0.003189792663476874,0.003189792663476874,0.0,0.53990622357734,0.29313728574605785,0.0,1.0,0.4283993953214277,0.32559511013083964,0.0,1.0,0.45225345256091626,0.29007978718436567,0.0,1.0,0.2427425760332061,0.24457418442964288,0.0,0.9032258064516129,18,0.17633042096902304,6.8705321683876095,13
584,1260,1151,13.39130854560495,88.05634920634921,6,5,3,2,982,0.7799841143764893,277,1073,0.852263701350278,0.9093686354378818,893,180,0.9093686354378818,0.6498194945848376,0.852263701350278,171,1048,6.128654970760234,0.004765687053216839,0.003971405877680699,0.0023828435266084196,0.0015885623510722795,0.5391961085509472,0.29337688126399497,0.0,1.0,0.4280593958013313,0.326026467726783,0.0,1.0,0.4514080901177675,0.2894222102781339,0.0,1.0,0.24285714285714285,0.2448855326353342,0.0,0.9032258064516129,18,0.1761904761904762,6.876190476190477,13
585,1265,1153,13.346765209123602,87.95889328063241,11,6,4,2,992,0.7873015873015873,268,1084,0.8603174603174604,0.8971774193548387,890,194,0.8971774193548387,0.7238805970149254,0.8603174603174604,181,1067,5.895027624309392,0.00873015873015873,0.004761904761904762,0.0031746031746031746,0.0015873015873015873,0.5384929236261634,0.29323204317358825,0.0,1.0,0.4273619788346296,0.3263304412445732,0.0,1.0,0.449802371541502,0.2890817620020095,0.0,1.0,0.24337625908453397,0.24521383990619308,0.0,0.9032258064516129,18,0.17628458498023716,6.886956521739131,13
586,1269,1162,13.321654774531273,88.3806146572104,9,5,1,4,965,0.7628458498023716,300,1104,0.8727272727272727,0.9129533678756476,881,223,0.9129533678756476,0.7433333333333333,0.8727272727272727,169,1082,6.402366863905326,0.0071146245059288534,0.003952569169960474,0.0007905138339920949,0.0031620553359683794,0.5387274714659752,0.2932525825900174,0.0,1.0,0.42741299982205955,0.3261901975500363,0.0,1.0,0.44983349856376625,0.2894019577706696,0.0,1.0,0.2422023945702738,0.24519427251441087,0.0,0.9032258064516129,18,0.1765169424743893,6.898345153664303,13
587,1274,1170,13.211285262858834,88.20565149136577,13,8,5,3,971,0.7651694247438928,298,1111,0.8754925137903862,0.9248197734294542,898,213,0.9248197734294542,0.714765100671141,0.8754925137903862,175,1094,6.251428571428572,0.01024428684003152,0.006304176516942475,0.003940110323089046,0.002364066193853428,0.5374487263888185,0.2938453655277318,0.0,1.0,0.42879931128779053,0.3270063966514425,0.0,1.0,0.4493087557603686,0.28905732520667704,0.0,1.0,0.24125183572188183,0.24487074724823707,0.0,0.9032258064516129,18,0.1781789638932496,6.910518053375196,13
588,1274,1163,13.303784256976806,88.96938775510205,3,3,1,2,1000,0.7849293563579278,274,1099,0.8626373626373627,0.912,912,187,0.912,0.6824817518248175,0.8626373626373627,182,1074,5.9010989010989015,0.002354788069073783,0.002354788069073783,0.0007849293563579278,0.0015698587127158557,0.5368916797488226,0.29410195334636824,0.0,1.0,0.4280650225350686,0.3269181151436714,0.0,1.0,0.44928343545855065,0.28902745106404787,0.0,1.0,0.24165696055096977,0.24500492928067996,0.0,0.9032258064516129,18,0.17739403453689168,6.916797488226059,13
589,1278,1171,13.28346833144788,89.14866979655712,8,4,2,2,972,0.7629513343799058,302,1096,0.8602825745682888,0.9094650205761317,884,212,0.9094650205761317,0.7019867549668874,0.8602825745682888,174,1078,6.195402298850575,0.006279434850863423,0.0031397174254317113,0.0015698587127158557,0.0015698587127158557,0.5383411580594679,0.2939155025059522,0.0,1.0,0.4269776364278863,0.3258987250404126,0.0,1.0,0.45093139482053607,0.28940745374950466,0.0,1.0,0.24223837649553231,0.2455596877649724,0.0,0.9032258064516129,18,0.1752738654147105,6.931142410015649,13
590,1282,1172,13.282780172543482,89.32215288611545,9,5,3,2,964,0.7543035993740219,314,1052,0.8231611893583725,0.8931535269709544,861,191,0.8931535269709544,0.60828025477707,0.8231611893583725,175,1028,5.8742857142857146,0.007042253521126761,0.003912363067292645,0.002347417840375587,0.001564945226917058,0.5388757485783302,0.2941093381329071,0.0,1.0,0.4264002818177243,0.3262272441999182,0.0,1.0,0.45075738513411506,0.2894673381487315,0.0,1.0,0.24203613305822558,0.24592187837457535,0.0,0.9032258064516129,18,0.17550702028081122,6.932917316692667,13
591,1287,1178,13.255914225869564,89.7062937062937,8,3,1,2,983,0.766770670826833,299,1097,0.8556942277691107,0.8921668362156663,877,220,0.8921668362156663,0.7357859531772575,0.8556942277691107,176,1079,6.130681818181818,0.0062402496099844,0.00234009360374415,0.00078003120124805,0.0015600624024961,0.5394390555680878,0.2939385590198813,0.0,1.0,0.4247938441486829,0.3259200186256034,0.0,1.0,0.45040980524851487,0.2889872035441081,0.0,1.0,0.2425495651302103,0.2463361190204119,0.0,0.9032258064516129,18,0.17404817404817405,6.9393939393939394,13
592,1287,1182,13.203897341915408,89.65423465423466,9,9,6,3,987,0.7668997668997669,300,1100,0.8547008547008547,0.8956433637284701,884,216,0.8956433637284701,0.72,0.8547008547008547,170,1074,6.317647058823529,0.006993006993006993,0.006993006993006993,0.004662004662004662,0.002331002331002331,0.5404416372158307,0.293780280183507,0.0,1.0,0.42316464897110057,0.325701186085356,0.0,1.0,0.4518384840965486,0.2891252810256927,0.0,1.0,0.24127127352933803,0.24614883023396264,0.0,0.9032258064516129,18,0.17249417249417248,6.954156954156955,13
593,1283,1185,13.270281716059333,90.26188620420889,3,7,4,3,973,0.756021756021756,314,1095,0.8508158508158508,0.8982528263103803,874,221,0.8982528263103803,0.7038216560509554,0.8508158508158508,183,1081,5.907103825136612,0.002331002331002331,0.005439005439005439,0.003108003108003108,0.002331002331002331,0.5394111583234857,0.29393278159547886,0.0,1.0,0.424106806124758,0.3250966150882092,0.0,1.0,0.45239232645261857,0.2896390837074586,0.0,1.0,0.24046463681391897,0.24542911644867188,0.0,0.9032258064516129,18,0.1730319563522993,6.951675759937646,13
594,1283,1192,13.237311418707705,90.01169134840218,9,9,6,3,966,0.7529228371005456,317,1080,0.8417770849571318,0.8913043478260869,861,219,0.8913043478260869,0.6908517350157729,0.8417770849571318,174,1061,6.097701149425287,0.007014809041309431,0.007014809041309431,0.004676539360872954,0.002338269680436477,0.5385311643577301,0.2940521909096828,0.0,1.0,0.422673673094813,0.32444639248906565,0.0,1.0,0.45271918135418504,0.28986055285469603,0.0,1.0,0.23971035627184273,0.2449172937320578,0.0,0.9032258064516129,18,0.17225253312548713,6.961028838659392,13
595,1277,1195,13.253485017360296,89.9992169146437,5,11,9,2,958,0.7466874512860483,325,1110,0.8651597817614964,0.9018789144050104,864,246,0.9018789144050104,0.7569230769230769,0.8651597817614964,174,1087,6.247126436781609,0.003897116134060795,0.00857365549493375,0.007014809041309431,0.001558846453624318,0.5376512491474473,0.29464447182394465,0.0,1.0,0.4244322631166797,0.32338969773789433,0.0,1.0,0.45401268093060854,0.2908987031754311,0.0,1.0,0.23952307575719303,0.24464653949618181,0.0,0.9032258064516129,18,0.17384494909945183,6.975724353954581,13
596,1278,1198,13.273921486266012,90.28247261345852,6,5,4,1,940,0.7361002349256069,337,1129,0.8841033672670321,0.9170212765957447,862,267,0.9170212765957447,0.7922848664688428,0.8841033672670321,183,1115,6.092896174863388,0.004698512137823023,0.003915426781519186,0.0031323414252153485,0.0007830853563038371,0.5377858549144328,0.2946347817997984,0.0,1.0,0.4229138270483114,0.32360310932544545,0.0,1.0,0.45269826846382955,0.2902181665718617,0.0,1.0,0.2392599323539805,0.24484794848923983,0.0,0.9032258064516129,18,0.17370892018779344,6.982785602503912,13
597,1285,1210,13.160723511287186,90.0396887159533,12,5,4,1,942,0.7370892018779343,336,1107,0.8661971830985915,0.8938428874734607,842,265,0.8938428874734607,0.7886904761904762,0.8661971830985915,177,1096,6.192090395480226,0.009389671361502348,0.003912363067292645,0.003129890453834116,0.000782472613458529,0.5374168444834944,0.2950857964708398,0.0,1.0,0.4222668507593825,0.32317446085493773,0.0,1.0,0.4540730513367642,0.29031634104843823,0.0,1.0,0.23938747332747584,0.2446614061069986,0.0,0.9032258064516129,18,0.17276264591439688,6.991439688715953,13
598,1283,1210,13.19194457368847,90.448168355417,6,8,4,4,953,0.7416342412451362,332,1110,0.8638132295719845,0.9150052465897167,872,238,0.9150052465897167,0.7168674698795181,0.8638132295719845,172,1082,6.290697674418604,0.004669260700389105,0.0062256809338521405,0.0031128404669260703,0.0031128404669260703,0.538128881401956,0.2951616840759573,0.0,1.0,0.41963140824177203,0.3221440055065369,0.0,1.0,0.45505745103462153,0.2905953498175528,0.0,1.0,0.23830236592663365,0.24402125647640036,0.0,0.9032258064516129,18,0.17147310989867498,7.001558846453625,13
599,1280,1207,13.186641859694216,90.32578125,7,10,8,2,1008,0.7856586126266563,275,1086,0.8464536243180046,0.8908730158730159,898,188,0.8908730158730159,0.6836363636363636,0.8464536243180046,176,1059,6.017045454545454,0.005455962587685113,0.00779423226812159,0.006235385814497272,0.001558846453624318,0.5376764112903226,0.2953913020569998,0.0,1.0,0.4191280241935484,0.32262466524085315,0.0,1.0,0.4533770161290323,0.290585918700614,0.0,1.0,0.23853326612903225,0.2441360967972365,0.0,0.9032258064516129,18,0.17265625,7.01484375,13
600,1278,1209,13.203008129408138,90.7339593114241,5,7,4,3,1009,0.78828125,271,1120,0.875,0.9167492566897919,925,195,0.9167492566897919,0.7195571955719557,0.875,178,1100,6.179775280898877,0.00390625,0.00546875,0.003125,0.00234375,0.5384673633197031,0.2952506451383427,0.0,1.0,0.4179160987429956,0.3229772635540322,0.0,1.0,0.45380887475389975,0.2911138994202629,0.0,1.0,0.23734161239840476,0.24395989715062288,0.0,0.9032258064516129,18,0.17214397496087636,7.023474178403756,13
601,1281,1211,13.168726851452114,90.59016393442623,10,7,4,3,968,0.7574334898278561,310,1118,0.8748043818466353,0.9328512396694215,903,215,0.9328512396694215,0.6935483870967742,0.8748043818466353,173,1093,6.317919075144508,0.00782472613458529,0.005477308294209703,0.003129890453834116,0.002347417840375587,0.5380373196343583,0.2952969540071837,0.0,1.0,0.41877565410087886,0.32356198724427515,0.0,1.0,0.4531238195965854,0.2910159204550204,0.0,1.0,0.2359547732366347,0.24326474085585773,0.0,0.9032258064516129,18,0.17408274785323966,7.0249804839968775,13
602,1284,1214,13.181065952567977,91.09968847352025,5,2,2,0,962,0.750975800156128,319,1116,0.8711943793911007,0.91995841995842,885,231,0.91995841995842,0.7241379310344828,0.8711943793911007,174,1093,6.281609195402299,0.0039032006245121,0.00156128024980484,0.00156128024980484,0.0,0.5365289920610994,0.2957850052557139,0.0,1.0,0.4191789769872375,0.3235426338274434,0.0,1.0,0.45246708873480057,0.29095151185854884,0.0,1.0,0.23575520048236356,0.24297980676756012,0.0,0.9032258064516129,18,0.17523364485981308,7.02803738317757,13
603,1286,1213,13.216234490843286,91.60419906687403,5,3,1,2,986,0.7679127725856698,298,1154,0.8987538940809969,0.9371196754563894,924,230,0.9371196754563894,0.7718120805369127,0.8987538940809969,173,1126,6.508670520231214,0.003894080996884735,0.002336448598130841,0.000778816199376947,0.001557632398753894,0.5369738624391712,0.2958525278685465,0.0,1.0,0.41880299001655547,0.3235819802476623,0.0,1.0,0.452515928360006,0.2909225730233691,0.0,1.0,0.2354638037425375,0.24292051768644682,0.0,0.9032258064516129,18,0.1749611197511664,7.038880248833593,13
604,1294,1215,13.10794267658732,91.32766615146832,13,5,5,0,971,0.755054432348367,315,1091,0.8483670295489891,0.9042224510813595,878,213,0.9042224510813595,0.6761904761904762,0.8483670295489891,176,1069,6.073863636363637,0.01010886469673406,0.0038880248833592537,0.0038880248833592537,0.0,0.5376427182529789,0.2956248083489248,0.0,1.0,0.41653786707882534,0.3237342042422625,0.0,1.0,0.453083711422446,0.2908958098265281,0.0,1.0,0.23617689584683652,0.2429848157734677,0.0,0.9032258064516129,18,0.17387944358578053,7.048686244204019,13
605,1296,1219,13.066122674778956,91.29706790123457,9,7,5,2,969,0.7488408037094282,325,1129,0.8724884080370943,0.9009287925696594,873,256,0.9009287925696594,0.7876923076923077,0.8724884080370943,182,1115,6.126373626373627,0.006955177743431221,0.005409582689335394,0.0038639876352395673,0.0015455950540958269,0.5380077658303465,0.29555066663026436,0.0,1.0,0.4152230187176424,0.3237269775835866,0.0,1.0,0.45340501792114696,0.29093589803681075,0.0,1.0,0.23633512544802868,0.24312553705711745,0.0,0.9032258064516129,18,0.1728395061728395,7.047839506172839,13
606,1296,1219,13.023206157473368,91.01543209876543,9,9,8,1,974,0.7515432098765432,322,1145,0.8834876543209876,0.9188911704312115,895,250,0.9188911704312115,0.7763975155279503,0.8834876543209876,174,1119,6.431034482758621,0.006944444444444444,0.006944444444444444,0.006172839506172839,0.0007716049382716049,0.5386798088410991,0.2953764926254695,0.0,1.0,0.4145758661887694,0.32349476656483717,0.0,1.0,0.453952608522501,0.2911058260937952,0.0,1.0,0.2355884109916368,0.2431765367752301,0.0,0.9032258064516129,18,0.1728395061728395,7.05787037037037,13
607,1293,1224,13.054217827148825,91.36658932714617,4,7,5,2,966,0.7453703703703703,330,1107,0.8541666666666666,0.9089026915113871,878,229,0.9089026915113871,0.693939393939394,0.8541666666666666,176,1088,6.181818181818182,0.0030864197530864196,0.005401234567901234,0.0038580246913580245,0.0015432098765432098,0.5400793353790884,0.29537939972343585,0.0,1.0,0.4142404510640421,0.3230175646296918,0.0,1.0,0.4547064840456053,0.2910301211464467,0.0,1.0,0.23566100341790783,0.24296959181594033,0.0,0.9032258064516129,18,0.1716937354988399,7.0610982211910285,13
608,1292,1221,13.07578476018475,91.8250773993808,4,5,4,1,1041,0.8051044083526682,252,1148,0.8878576952822892,0.9337175792507204,972,176,0.9337175792507204,0.6984126984126984,0.8878576952822892,173,1118,6.46242774566474,0.0030935808197989174,0.0038669760247486465,0.0030935808197989174,0.0007733952049497294,0.5399980025966243,0.2955091972120923,0.0,1.0,0.41421152501747727,0.3233775670008075,0.0,1.0,0.4539598521921502,0.29098645895001457,0.0,1.0,0.23519424747827825,0.24291816782635758,0.0,0.9032258064516129,18,0.17260061919504643,7.056501547987616,13
609,1288,1223,13.09558029122185,92.15605590062111,3,7,6,1,1020,0.7894736842105263,272,1118,0.8653250773993808,0.9068627450980392,925,193,0.9068627450980392,0.7095588235294118,0.8653250773993808,177,1097,6.19774011299435,0.0023219814241486067,0.005417956656346749,0.0046439628482972135,0.0007739938080495357,0.5401973552394309,0.2953164477374217,0.0,1.0,0.4139451011821278,0.322990843677592,0.0,1.0,0.453841915447806,0.29109634715472915,0.0,1.0,0.23532358244840715,0.24288182013083182,0.0,0.9032258064516129,18,0.17080745341614906,7.059782608695652,13
610,1287,1220,13.125174023827782,92.38772338772338,7,8,5,3,968,0.7515527950310559,320,1123,0.8718944099378882,0.8997933884297521,871,252,0.8997933884297521,0.7875,0.8718944099378882,173,1093,6.317919075144508,0.005434782608695652,0.006211180124223602,0.0038819875776397515,0.002329192546583851,0.5394139910268942,0.29577638653783195,0.0,1.0,0.4132892197408326,0.323437336152814,0.0,1.0,0.45309171115622726,0.2915416325604867,0.0,1.0,0.2356568163019776,0.24283820026038366,0.0,0.9032258064516129,18,0.1717171717171717,7.062160062160062,13
611,1294,1217,13.058574908857334,91.88639876352396,16,9,6,3,963,0.7482517482517482,324,1110,0.8624708624708625,0.9117341640706127,878,232,0.9117341640706127,0.7160493827160493,0.8624708624708625,183,1090,5.956284153005464,0.012432012432012432,0.006993006993006993,0.004662004662004662,0.002331002331002331,0.538664805304881,0.2959823168574116,0.0,1.0,0.41352146382808996,0.32340932187947485,0.0,1.0,0.45298399561250435,0.2915755513718294,0.0,1.0,0.23657575908660317,0.24299394104119873,0.0,0.9032258064516129,18,0.17078825347758886,7.071097372488408,13
612,1295,1216,13.034004611049198,91.74517374517374,11,10,6,4,997,0.7704791344667697,297,1141,0.8817619783616693,0.921765295887663,919,222,0.921765295887663,0.7474747474747475,0.8817619783616693,181,1121,6.193370165745856,0.008500772797527048,0.0077279752704791345,0.00463678516228748,0.0030911901081916537,0.5376510150703699,0.2955053578129052,0.0,1.0,0.41290322580645167,0.3245687892187253,0.0,1.0,0.4499688628720887,0.2906927191631476,0.0,1.0,0.23686635944700463,0.24312163487540614,0.0,0.9032258064516129,18,0.1722007722007722,7.075675675675676,13
613,1295,1212,13.066275647963138,92.11428571428571,7,7,4,3,985,0.7606177606177607,310,1125,0.8687258687258688,0.917766497461929,904,221,0.917766497461929,0.7129032258064516,0.8687258687258688,174,1095,6.293103448275862,0.005405405405405406,0.005405405405405406,0.003088803088803089,0.0023166023166023165,0.5374766471540665,0.2949014894995278,0.0,1.0,0.4131523228297422,0.3248705901571817,0.0,1.0,0.44919666209988796,0.2901464077963237,0.0,1.0,0.23806202515879937,0.24315023306519834,0.0,0.9032258064516129,18,0.17065637065637065,7.0741312741312745,13
614,1292,1215,13.051408164203885,92.15247678018576,9,12,7,5,1000,0.7722007722007722,295,1137,0.877992277992278,0.916,916,221,0.916,0.7491525423728813,0.877992277992278,170,1110,6.529411764705882,0.0069498069498069494,0.009266409266409266,0.005405405405405406,0.003861003861003861,0.5373015080395486,0.2949974522576597,0.0,1.0,0.4127134724857685,0.3250891619102278,0.0,1.0,0.4484420253670229,0.2901207120424321,0.0,1.0,0.23689204034754818,0.2427404597510817,0.0,0.9032258064516129,17,0.17182662538699692,7.086687306501548,13
615,1295,1215,13.02641829729129,92.04942084942086,11,8,5,3,975,0.7546439628482973,317,1099,0.8506191950464397,0.9005128205128206,878,221,0.9005128205128206,0.6971608832807571,0.8506191950464397,178,1077,6.050561797752809,0.008513931888544891,0.006191950464396285,0.003869969040247678,0.0023219814241486067,0.5384979449495578,0.29389629293908087,0.0,1.0,0.4125544899738448,0.3246384094738199,0.0,1.0,0.4506165151326441,0.2906293123417633,0.0,1.0,0.23858512890770953,0.24342222751680798,0.0,0.9032258064516129,17,0.16988416988416988,7.091891891891892,13
616,1296,1211,13.005699808424012,92.1875,8,7,5,2,991,0.7652509652509653,304,1084,0.8370656370656371,0.8839556004036327,876,208,0.8839556004036327,0.6842105263157895,0.8370656370656371,172,1052,6.116279069767442,0.006177606177606178,0.005405405405405406,0.003861003861003861,0.0015444015444015444,0.5378086419753086,0.29439217732612727,0.0,1.0,0.41382915173237755,0.32438015128292014,0.0,1.0,0.4507666268418957,0.29106986553447667,0.0,1.0,0.2368827160493827,0.24279384921552907,0.0,0.9032258064516129,17,0.1720679012345679,7.1080246913580245,13
617,1299,1207,12.998894431621428,92.36181678214011,10,7,4,3,999,0.7708333333333334,297,1124,0.8672839506172839,0.9129129129129129,912,212,0.9129129129129129,0.7138047138047138,0.8672839506172839,186,1106,5.946236559139785,0.007716049382716049,0.005401234567901234,0.0030864197530864196,0.0023148148148148147,0.537535076609799,0.29438469232121606,0.0,1.0,0.41384191313417273,0.3240301932617473,0.0,1.0,0.4503215873252378,0.290770496117325,0.0,1.0,0.23785045568551488,0.24326481484172066,0.0,0.9032258064516129,17,0.1716705157813703,7.1162432640492685,13
618,1300,1210,12.943338420830397,92.21923076923076,11,10,7,3,962,0.7405696689761355,337,1120,0.8622016936104696,0.9147609147609148,880,240,0.9147609147609148,0.712166172106825,0.8622016936104696,175,1098,6.274285714285714,0.008468052347959968,0.007698229407236336,0.005388760585065435,0.0023094688221709007,0.5370223325062035,0.29435392851679265,0.0,1.0,0.41531017369727047,0.3229012827160128,0.0,1.0,0.45282878411910665,0.2916720128789746,0.0,1.0,0.23779156327543424,0.24337791171528206,0.0,0.9032258064516129,17,0.17076923076923076,7.126923076923077,13
619,1300,1211,12.954138046777476,92.62230769230769,7,7,4,3,1012,0.7784615384615384,288,1126,0.8661538461538462,0.9140316205533597,925,201,0.9140316205533597,0.6979166666666666,0.8661538461538462,176,1103,6.267045454545454,0.005384615384615384,0.005384615384615384,0.003076923076923077,0.002307692307692308,0.5378163771712159,0.2942828907983537,0.0,1.0,0.4147394540942928,0.32197136964185624,0.0,1.0,0.4552109181141439,0.2924937110062528,0.0,1.0,0.2387344913151365,0.2435696656945636,0.0,0.9032258064516129,17,0.16923076923076924,7.132307692307692,13
620,1297,1211,12.91565153911256,92.58905165767155,10,13,7,6,1014,0.78,286,1122,0.8630769230769231,0.9053254437869822,918,204,0.9053254437869822,0.7132867132867133,0.8630769230769231,173,1095,6.329479768786127,0.007692307692307693,0.01,0.005384615384615384,0.004615384615384616,0.5369960454647201,0.29441854896704805,0.0,1.0,0.4143308379137961,0.3226907312181504,0.0,1.0,0.4547466859004651,0.29179009069590456,0.0,1.0,0.23779441390802597,0.24266828585903066,0.0,0.9032258064516129,16,0.16962220508866616,7.1418658442559755,13
621,1297,1205,12.9557131766638,92.8527370855821,7,7,4,3,991,0.764070932922128,306,1130,0.8712413261372398,0.9122098890010091,904,226,0.9122098890010091,0.738562091503268,0.8712413261372398,180,1104,6.133333333333334,0.005397070161912105,0.005397070161912105,0.0030840400925212026,0.002313030069390902,0.5376426990325067,0.2944755526967409,0.0,1.0,0.41490287760837663,0.32321957276708624,0.0,1.0,0.4557415375432139,0.2919536373535562,0.0,1.0,0.23665033451886489,0.24276176304837782,0.0,0.9032258064516129,16,0.17039321511179645,7.147262914417888,13
622,1297,1200,13.011291231375907,93.28218966846569,6,6,3,3,993,0.7656129529683886,304,1119,0.8627602158828065,0.9093655589123867,903,216,0.9093655589123867,0.7105263157894737,0.8627602158828065,174,1088,6.252873563218391,0.004626060138781804,0.004626060138781804,0.002313030069390902,0.002313030069390902,0.5383142238913622,0.29439983453086493,0.0,1.0,0.41373392692814687,0.3237829459576398,0.0,1.0,0.45524411172183954,0.2914899651938111,0.0,1.0,0.235929067077872,0.24271524048671583,0.0,0.9032258064516129,16,0.17039321511179645,7.162683114880493,13
623,1300,1201,12.93340829118748,93.21615384615384,10,7,6,1,1014,0.781804163454125,283,1109,0.8550501156515035,0.9063116370808678,919,190,0.9063116370808678,0.6713780918727915,0.8550501156515035,170,1080,6.352941176470588,0.007710100231303007,0.005397070161912105,0.004626060138781804,0.0007710100231303007,0.5399007444168734,0.2939340140038503,0.0,1.0,0.4133498759305211,0.32391158530660535,0.0,1.0,0.45612903225806456,0.29135262545122204,0.0,1.0,0.23578163771712157,0.24269308879407855,0.0,0.9032258064516129,16,0.17,7.1669230769230765,13
624,1298,1196,12.958695302410174,93.32126348228043,7,9,6,3,999,0.7684615384615384,301,1104,0.8492307692307692,0.8938938938938938,893,211,0.8938938938938938,0.7009966777408638,0.8492307692307692,178,1077,6.050561797752809,0.005384615384615384,0.006923076923076923,0.004615384615384616,0.002307692307692308,0.5406829365276604,0.29389035942913794,0.0,1.0,0.4127441721755554,0.3237261440363243,0.0,1.0,0.4557383567771758,0.2909084589047474,0.0,1.0,0.2355484865052935,0.2425561810906018,0.0,0.9032258064516129,16,0.1687211093990755,7.174114021571649,13
625,1302,1204,12.89141783455372,93.52764976958525,8,4,3,1,978,0.7534668721109399,320,1089,0.8389830508474576,0.8997955010224948,880,209,0.8997955010224948,0.653125,0.8389830508474576,170,1067,6.276470588235294,0.0061633281972265025,0.0030816640986132513,0.0023112480739599386,0.0007704160246533128,0.5411277934691046,0.2937313492334536,0.0,1.0,0.4117238987166146,0.32350981064406664,0.0,1.0,0.4564689559486646,0.29105185456779903,0.0,1.0,0.23430454387790495,0.24170271045274228,0.0,0.9032258064516129,16,0.16820276497695852,7.182027649769585,13
626,1304,1205,12.8064200868936,92.94248466257669,12,10,9,1,981,0.7534562211981567,321,1114,0.8556067588325653,0.9001019367991845,883,231,0.9001019367991845,0.719626168224299,0.8556067588325653,170,1085,6.382352941176471,0.009216589861751152,0.007680491551459293,0.0069124423963133645,0.0007680491551459293,0.53985256283396,0.2933083639853166,0.0,1.0,0.4126261626756382,0.3237427905822986,0.0,1.0,0.45594201464476547,0.2918024088018627,0.0,1.0,0.23372254106471402,0.2414492646909494,0.0,0.9032258064516129,16,0.1687116564417178,7.193251533742331,13
627,1309,1205,12.795763227999185,92.97937356760886,11,6,3,3,932,0.7147239263803681,372,1111,0.8519938650306749,0.8873390557939914,827,284,0.8873390557939914,0.7634408602150538,0.8519938650306749,174,1085,6.235632183908046,0.00843558282208589,0.004601226993865031,0.0023006134969325155,0.0023006134969325155,0.5375440498780157,0.2928404753731245,0.0,1.0,0.41408117499199093,0.32377979451881794,0.0,1.0,0.4556297592350723,0.2918242688020138,0.0,1.0,0.23312550826782327,0.24103080226804552,0.0,0.9032258064516129,16,0.16959511077158135,7.200916730328495,13
628,1307,1202,12.829023590510156,93.15302218821729,6,8,5,3,973,0.7433155080213903,336,1094,0.8357524828113063,0.9023638232271326,878,216,0.9023638232271326,0.6428571428571429,0.8357524828113063,177,1068,6.033898305084746,0.004583651642475172,0.006111535523300229,0.0038197097020626434,0.002291825821237586,0.536490855690204,0.2928961606030408,0.0,1.0,0.414295234099267,0.3240640746428954,0.0,1.0,0.45516696695214354,0.29155829885798656,0.0,1.0,0.23229755411308833,0.24088232086293507,0.0,0.9032258064516129,16,0.16908951798010713,7.204284621270084,13
629,1309,1198,12.85303987030527,93.62948815889992,7,5,1,4,1049,0.8026013771996939,258,1139,0.8714613618974751,0.9046711153479504,949,190,0.9046711153479504,0.7364341085271318,0.8714613618974751,173,1108,6.404624277456647,0.005355776587605203,0.0038255547054322878,0.0007651109410864575,0.00306044376434583,0.5356218733827842,0.29314559383433114,0.0,1.0,0.4132186598979768,0.3247538061677548,0.0,1.0,0.45402794548904607,0.29093481792571324,0.0,1.0,0.23181941398260184,0.24094652839660743,0.0,0.9032258064516129,16,0.16959511077158135,7.208556149732621,13
630,1311,1196,12.859220660550697,94.02745995423341,6,4,3,1,1030,0.7868601986249045,279,1111,0.8487394957983193,0.8961165048543689,923,188,0.8961165048543689,0.6738351254480287,0.8487394957983193,180,1089,6.05,0.004583651642475172,0.0030557677616501145,0.002291825821237586,0.0007639419404125286,0.5363303068330012,0.29259634336374646,0.0,1.0,0.41288354125144555,0.3242963153601123,0.0,1.0,0.45446716370168055,0.2908207412666135,0.0,1.0,0.23232696045865012,0.24108704198076755,0.0,0.9032258064516129,16,0.16781083142639205,7.21815408085431,13
631,1317,1198,12.725580902281543,93.4821564160972,15,9,7,2,1025,0.7818459191456903,286,1126,0.858886346300534,0.92,943,183,0.92,0.6398601398601399,0.858886346300534,172,1100,6.395348837209302,0.011441647597254004,0.006864988558352402,0.005339435545385202,0.0015255530129672007,0.535136061919808,0.2925588966256769,0.0,1.0,0.41176182428295,0.32456468642429903,0.0,1.0,0.4532049868959267,0.2908918957953601,0.0,1.0,0.23043574105371448,0.2401566318360839,0.0,0.9032258064516129,16,0.16856492027334852,7.241457858769932,13
632,1320,1203,12.661221725023147,93.54166666666667,10,7,4,3,984,0.7471526195899773,333,1089,0.826879271070615,0.883130081300813,869,220,0.883130081300813,0.6606606606606606,0.826879271070615,170,1064,6.258823529411765,0.007593014426727411,0.005315110098709187,0.0030372057706909645,0.002277904328018223,0.53455522971652,0.29289792108717266,0.0,1.0,0.41133919843597266,0.3244818084108993,0.0,1.0,0.4531769305962855,0.2906657266244821,0.0,1.0,0.22908113391984358,0.23996985301902787,0.0,0.9032258064516129,16,0.16893939393939394,7.248484848484848,13
633,1319,1198,12.544978583952224,93.08339651250948,11,12,10,2,1060,0.803030303030303,260,1130,0.8560606060606061,0.9141509433962264,969,161,0.9141509433962264,0.6192307692307693,0.8560606060606061,174,1099,6.316091954022989,0.008333333333333333,0.00909090909090909,0.007575757575757576,0.0015151515151515152,0.5335909413289638,0.29293109690001445,0.0,1.0,0.41108855682457385,0.3238199017290745,0.0,1.0,0.4530558340874074,0.29068290074149844,0.0,1.0,0.22761622930372474,0.23981987828164247,0.0,0.9032258064516129,16,0.16906747536012132,7.2676269901440484,13
634,1315,1197,12.606544706003705,93.3977186311787,7,11,6,5,988,0.7490523123578469,331,1107,0.8392721758908264,0.8927125506072875,882,225,0.8927125506072875,0.6797583081570997,0.8392721758908264,180,1086,6.033333333333333,0.00530705079605762,0.008339651250947688,0.004548900682335102,0.0037907505686125853,0.5326382926530111,0.2930133660299894,0.0,1.0,0.4117012142769533,0.3247297162620186,0.0,1.0,0.4509505703422053,0.2906269383660799,0.0,1.0,0.22774438856862506,0.23948884144014615,0.0,0.9032258064516129,15,0.1703422053231939,7.273764258555133,13
635,1318,1198,12.556183300616537,93.68361153262519,9,6,3,3,1017,0.773384030418251,298,1100,0.8365019011406845,0.8938053097345132,909,191,0.8938053097345132,0.6409395973154363,0.8365019011406845,174,1075,6.17816091954023,0.006844106463878327,0.0045627376425855515,0.0022813688212927757,0.0022813688212927757,0.5320867394390327,0.2934244835335999,0.0,1.0,0.41313818591218365,0.3245778036977024,0.0,1.0,0.4514660531597239,0.29112367473853773,0.0,1.0,0.22680992706446718,0.2390865011891169,0.0,0.9032258064516129,15,0.17147192716236723,7.281487101669196,13
636,1312,1206,12.599042464087061,94.32545731707317,4,10,4,6,991,0.7518968133535661,327,1111,0.8429438543247344,0.8980827447023209,890,221,0.8980827447023209,0.6758409785932722,0.8429438543247344,176,1095,6.221590909090909,0.0030349013657056147,0.007587253414264037,0.0030349013657056147,0.004552352048558422,0.5306599134539732,0.29335386930784624,0.0,1.0,0.4130851691581432,0.3243184874468375,0.0,1.0,0.45109657749803306,0.29086934901856565,0.0,1.0,0.22740460267505902,0.23976501446520737,0.0,0.9032258064516129,15,0.1722560975609756,7.286585365853658,13
637,1314,1201,12.580036021690356,94.39878234398782,9,7,5,2,1025,0.78125,287,1135,0.8650914634146342,0.9063414634146342,929,206,0.9063414634146342,0.7177700348432056,0.8650914634146342,182,1112,6.1098901098901095,0.006859756097560976,0.005335365853658537,0.0038109756097560975,0.001524390243902439,0.530956940148279,0.29383693444564946,0.0,1.0,0.413610251878038,0.3243608862052417,0.0,1.0,0.4514165070948102,0.2913001214161355,0.0,1.0,0.22681298178425888,0.2396616947583841,0.0,0.9032258064516129,15,0.1735159817351598,7.296042617960426,13
638,1313,1199,12.56330521712229,94.5125666412795,6,7,7,0,959,0.7298325722983258,355,1121,0.8531202435312024,0.899895724713243,863,258,0.899895724713243,0.7267605633802817,0.8531202435312024,181,1100,6.077348066298343,0.0045662100456621,0.00532724505327245,0.00532724505327245,0.0,0.5317298479227575,0.29362446842878837,0.0,1.0,0.4131145124438002,0.32408178796298437,0.0,1.0,0.4515391985848709,0.29141788536194085,0.0,1.0,0.22644522516767804,0.23991116872265553,0.0,0.9032258064516129,15,0.1728865194211729,7.31073876618431,13
639,1313,1203,12.605897219803474,95.06245239908607,5,5,2,3,960,0.7311500380807312,353,1121,0.8537699923838538,0.9010416666666666,865,256,0.9010416666666666,0.7252124645892352,0.8537699923838538,177,1102,6.2259887005649714,0.003808073115003808,0.003808073115003808,0.0015232292460015233,0.002284843869002285,0.5320983711274353,0.2940941685619122,0.0,1.0,0.4116158514114439,0.3235244390472822,0.0,1.0,0.45109697073925753,0.29151532517582535,0.0,1.0,0.22772277227722773,0.24027407222024239,0.0,0.9032258064516129,15,0.17212490479817213,7.318354912414319,13
640,1312,1202,12.655868897255129,95.68673780487805,8,9,2,7,987,0.7517136329017517,326,1127,0.8583396801218584,0.9027355623100304,891,236,0.9027355623100304,0.7239263803680982,0.8583396801218584,177,1103,6.231638418079096,0.006092916984006093,0.006854531607006854,0.0015232292460015233,0.005331302361005331,0.529897718332022,0.2941533260547591,0.0,1.0,0.4128392997639654,0.3235080527452408,0.0,1.0,0.4503835562549174,0.2912881902238166,0.0,1.0,0.22792092840283243,0.2401064530484842,0.0,0.9032258064516129,15,0.17378048780487804,7.323170731707317,13
641,1310,1199,12.626257489808372,95.54732824427481,7,9,8,1,1037,0.7903963414634146,275,1132,0.8628048780487805,0.9083895853423336,942,190,0.9083895853423336,0.6909090909090909,0.8628048780487805,180,1109,6.161111111111111,0.005335365853658537,0.006859756097560976,0.006097560975609756,0.0007621951219512195,0.5289337601575966,0.29450810342869915,0.0,1.0,0.41278010342280225,0.3234494344954125,0.0,1.0,0.45035705491258315,0.2912472817927412,0.0,1.0,0.22777640975129276,0.24022478918745419,0.0,0.9032258064516129,15,0.1732824427480916,7.32824427480916,13
642,1308,1205,12.619312490716583,95.95948012232417,9,11,4,7,1019,0.7778625954198474,291,1127,0.8603053435114504,0.8949950932286556,912,215,0.8949950932286556,0.738831615120275,0.8603053435114504,173,1106,6.393063583815029,0.006870229007633588,0.008396946564885497,0.0030534351145038168,0.0053435114503816794,0.5276215842951564,0.2951383099750109,0.0,1.0,0.4141757916543356,0.32354384707395145,0.0,1.0,0.4492453388576502,0.29096439383870826,0.0,1.0,0.22790273256387494,0.24023021447724857,0.0,0.9032258064516129,15,0.17507645259938837,7.325688073394495,13
643,1316,1209,12.539168872968409,95.7484802431611,16,8,2,6,991,0.7576452599388379,317,1106,0.845565749235474,0.8920282542885973,884,222,0.8920282542885973,0.7003154574132492,0.845565749235474,178,1088,6.112359550561798,0.012232415902140673,0.0061162079510703364,0.0015290519877675841,0.0045871559633027525,0.5288508677321306,0.2948094823685981,0.0,1.0,0.41315325031865874,0.3232764837203798,0.0,1.0,0.4495538778311599,0.2906174466170798,0.0,1.0,0.22796352583586627,0.24063301972234466,0.0,0.9032258064516129,15,0.17249240121580547,7.3419452887537995,13
644,1317,1216,12.552012425673162,96.21032649962035,4,3,3,0,973,0.7393617021276596,343,1120,0.851063829787234,0.9177800616649537,893,227,0.9177800616649537,0.6618075801749271,0.851063829787234,172,1099,6.3895348837209305,0.00303951367781155,0.0022796352583586625,0.0022796352583586625,0.0,0.5282043745560536,0.29518795105731577,0.0,1.0,0.41332941435814535,0.32300172154422513,0.0,1.0,0.449065569353614,0.29062286296619555,0.0,1.0,0.22796188796629682,0.24065659153218985,0.0,0.9032258064516129,15,0.17312072892938496,7.3454821564160975,13
645,1312,1220,12.573168918052541,96.43216463414635,5,10,5,5,1007,0.7646165527714502,310,1102,0.8367501898253606,0.8937437934458788,900,202,0.8937437934458788,0.6516129032258065,0.8367501898253606,173,1079,6.236994219653179,0.0037965072133637054,0.007593014426727411,0.0037965072133637054,0.0037965072133637054,0.5278324154209284,0.29478671969295517,0.0,1.0,0.4128392997639654,0.32272011497107833,0.0,1.0,0.4485395357985838,0.2905343481710007,0.0,1.0,0.2286339496459481,0.24123771652331927,0.0,0.9032258064516129,15,0.17301829268292682,7.3498475609756095,13
646,1314,1224,12.580233884635492,97.00532724505327,5,3,2,1,1000,0.7621951219512195,312,1134,0.864329268292683,0.912,912,222,0.912,0.7115384615384616,0.864329268292683,174,1112,6.390804597701149,0.0038109756097560975,0.0022865853658536584,0.001524390243902439,0.0007621951219512195,0.5274463593067216,0.2947342478587303,0.0,1.0,0.4136348013944125,0.3225360652782902,0.0,1.0,0.44903520400648106,0.29074590064503675,0.0,1.0,0.22808955663573427,0.24129949927828429,0.0,0.9032258064516129,15,0.1735159817351598,7.354642313546423,13
647,1305,1226,12.61050423304564,97.20383141762453,7,16,9,7,972,0.7397260273972602,342,1137,0.865296803652968,0.911522633744856,886,251,0.911522633744856,0.7339181286549707,0.865296803652968,176,1115,6.3352272727272725,0.00532724505327245,0.0121765601217656,0.00684931506849315,0.00532724505327245,0.5262390310221233,0.2946055429447482,0.0,1.0,0.4159683599060685,0.3230803417114245,0.0,1.0,0.44914102088740576,0.2907690125102733,0.0,1.0,0.22766036336670376,0.2416328014803265,0.0,0.9032258064516129,15,0.17547892720306513,7.363218390804597,13
648,1305,1228,12.635899158555446,97.65287356321839,6,6,3,3,1005,0.7701149425287356,300,1117,0.8559386973180076,0.900497512437811,905,212,0.900497512437811,0.7066666666666667,0.8559386973180076,171,1090,6.374269005847953,0.004597701149425287,0.004597701149425287,0.0022988505747126436,0.0022988505747126436,0.5265603757261154,0.29450906616615935,0.0,1.0,0.41463354344333214,0.32283149955814894,0.0,1.0,0.44953652206154987,0.29075565154087946,0.0,1.0,0.2278828327771598,0.24168873521590623,0.0,0.9032258064516129,15,0.1739463601532567,7.368582375478927,13
649,1300,1233,12.655933346870546,97.6676923076923,8,13,6,7,985,0.7547892720306514,320,1100,0.842911877394636,0.9045685279187817,891,209,0.9045685279187817,0.653125,0.842911877394636,167,1072,6.419161676646707,0.006130268199233717,0.00996168582375479,0.004597701149425287,0.0053639846743295016,0.5254342431761786,0.29438680872387246,0.0,1.0,0.4149379652605459,0.32318012249073597,0.0,1.0,0.44843672456575684,0.28988027642506364,0.0,1.0,0.2289578163771712,0.24224561276977946,0.0,0.9032258064516129,15,0.17384615384615384,7.368461538461538,13
650,1299,1232,12.682306863915104,98.04311008468052,6,7,4,3,997,0.7669230769230769,303,1103,0.8484615384615385,0.8946840521564694,892,211,0.8946840521564694,0.6963696369636964,0.8484615384615385,179,1081,6.039106145251397,0.004615384615384616,0.005384615384615384,0.003076923076923077,0.002307692307692308,0.5246219176041124,0.29433838935458223,0.0,1.0,0.41535672601753204,0.3238459445857777,0.0,1.0,0.4471926295661675,0.28972681750276436,0.0,1.0,0.22930790434329137,0.2418443215636701,0.0,0.9032258064516129,15,0.1747498075442648,7.374903772132409,13
651,1295,1232,12.745144204402509,98.47876447876448,4,8,5,3,972,0.7482678983833718,327,1101,0.8475750577367206,0.8919753086419753,867,234,0.8919753086419753,0.7155963302752294,0.8475750577367206,182,1083,5.950549450549451,0.003079291762894534,0.006158583525789068,0.003849114703618168,0.0023094688221709007,0.5252958027151575,0.2939429482159309,0.0,1.0,0.41614148710922905,0.32409428141864094,0.0,1.0,0.4473284344252086,0.2897326664863407,0.0,1.0,0.23068875326939844,0.24255342702712618,0.0,0.9032258064516129,15,0.1745173745173745,7.374517374517374,13
652,1298,1237,12.688447358838363,98.64946070878274,9,6,4,2,1013,0.7822393822393823,282,1135,0.8764478764478765,0.9022704837117473,914,221,0.9022704837117473,0.7836879432624113,0.8764478764478765,178,1118,6.280898876404494,0.0069498069498069494,0.004633204633204633,0.003088803088803089,0.0015444015444015444,0.5253491724240767,0.29417254863424186,0.0,1.0,0.4161986182215816,0.3240319432500251,0.0,1.0,0.4476365624534022,0.2899914129640966,0.0,1.0,0.23122421591530393,0.24325548538270442,0.0,0.9032258064516129,15,0.17565485362095531,7.380585516178736,13
653,1293,1239,12.666136752285894,98.58546017014694,10,15,8,7,975,0.75115562403698,323,1092,0.8412942989214176,0.884102564102564,862,230,0.884102564102564,0.7120743034055728,0.8412942989214176,175,1069,6.1085714285714285,0.007704160246533128,0.011556240369799691,0.0061633281972265025,0.00539291217257319,0.5233640196592071,0.2949755037993274,0.0,1.0,0.41835690941296805,0.3227262632779034,0.0,1.0,0.4456502756779682,0.29054124286708877,0.0,1.0,0.2323927849711848,0.24311821184408694,0.0,0.9032258064516129,15,0.17556071152358854,7.39907192575406,13
654,1291,1242,12.64679583112199,98.51200619674671,9,11,8,3,995,0.7695282289249806,298,1144,0.8847641144624904,0.9306532663316583,926,218,0.9306532663316583,0.7315436241610739,0.8847641144624904,170,1117,6.570588235294117,0.0069605568445475635,0.008507347254447023,0.006187161639597835,0.002320185614849188,0.5239499262886984,0.294974671299604,0.0,1.0,0.41917993053646835,0.3220767184620368,0.0,1.0,0.44596586791934234,0.2906824974618461,0.0,1.0,0.2337772669348592,0.24386911521422058,0.0,0.9032258064516129,15,0.1758326878388846,7.39426800929512,13
655,1290,1237,12.60682659612489,98.16434108527132,10,11,8,3,1011,0.7831138652207591,280,1129,0.8745158791634392,0.9129574678536103,923,206,0.9129574678536103,0.7357142857142858,0.8745158791634392,177,1101,6.220338983050848,0.0077459333849728895,0.008520526723470178,0.006196746707978312,0.0023237800154918666,0.5225556389097274,0.29507351520072544,0.0,1.0,0.4222305576394098,0.3220134398933452,0.0,1.0,0.4456114028507127,0.2907187273067686,0.0,1.0,0.23460865216304075,0.24426725019044657,0.0,0.9032258064516129,15,0.17829457364341086,7.3968992248062015,13
656,1288,1229,12.65257626099666,98.18944099378882,7,9,7,2,975,0.7558139534883721,315,1116,0.8651162790697674,0.9117948717948718,889,227,0.9117948717948718,0.7206349206349206,0.8651162790697674,173,1081,6.2485549132947975,0.005426356589147287,0.0069767441860465115,0.005426356589147287,0.0015503875968992248,0.5221899418954117,0.29526795359207836,0.0,1.0,0.42073231817271084,0.3211582688863758,0.0,1.0,0.44427469445001005,0.29023956805599915,0.0,1.0,0.23557403325986778,0.24454267064940727,0.0,0.9032258064516129,15,0.1777950310559006,7.412267080745342,13
657,1287,1230,12.656817669415465,98.19425019425019,7,8,6,2,963,0.7476708074534162,325,1141,0.8858695652173914,0.9252336448598131,891,250,0.9252336448598131,0.7692307692307693,0.8858695652173914,174,1116,6.413793103448276,0.005434782608695652,0.006211180124223602,0.004658385093167702,0.0015527950310559005,0.522094393062135,0.2956445582543322,0.0,1.0,0.4222873900293255,0.32103845159137473,0.0,1.0,0.4454219615509938,0.29040137838288876,0.0,1.0,0.23485475098378322,0.24415767760226403,0.0,0.9032258064516129,15,0.17871017871017872,7.421134421134421,13
658,1288,1229,12.633528588201559,98.1110248447205,10,9,6,3,991,0.77000777000777,296,1104,0.8578088578088578,0.9122098890010091,904,200,0.9122098890010091,0.6756756756756757,0.8578088578088578,177,1080,6.101694915254237,0.00777000777000777,0.006993006993006993,0.004662004662004662,0.002331002331002331,0.5219144460028051,0.29534324307473575,0.0,1.0,0.4233119615307554,0.32114816433436827,0.0,1.0,0.44510118212783006,0.2898846787773234,0.0,1.0,0.2357493488278902,0.24419672708012571,0.0,0.9032258064516129,15,0.1793478260869565,7.423136645962733,13
659,1285,1229,12.67092848778902,98.36420233463035,8,11,6,5,960,0.7453416149068323,328,1084,0.8416149068322981,0.890625,855,229,0.890625,0.698170731707317,0.8416149068322981,170,1054,6.2,0.006211180124223602,0.008540372670807454,0.004658385093167702,0.0038819875776397515,0.5220785741182378,0.2955120874326798,0.0,1.0,0.42422492782728755,0.32147508715369505,0.0,1.0,0.4442073553407807,0.2901471880902919,0.0,1.0,0.2358980795782603,0.2441063860859085,0.0,0.9032258064516129,15,0.18054474708171206,7.434241245136187,13
660,1280,1229,12.731152450408576,98.33125,7,12,8,4,970,0.754863813229572,315,1114,0.8669260700389105,0.911340206185567,884,230,0.911340206185567,0.7301587301587301,0.8669260700389105,179,1093,6.106145251396648,0.005447470817120622,0.00933852140077821,0.0062256809338521405,0.0031128404669260703,0.5224546370967742,0.2960152304192774,0.0,1.0,0.4238407258064516,0.3210133889102118,0.0,1.0,0.4441028225806452,0.29039344715706394,0.0,1.0,0.2363155241935484,0.24415838547521806,0.0,0.9032258064516129,15,0.1796875,7.45,13
661,1281,1227,12.729423349677386,98.42857142857143,9,8,5,3,987,0.77109375,293,1125,0.87890625,0.9209726443768997,909,216,0.9209726443768997,0.7372013651877133,0.87890625,176,1099,6.244318181818182,0.00703125,0.00625,0.00390625,0.00234375,0.523456976656342,0.2960576339681733,0.0,1.0,0.42323285739467653,0.3198487811692723,0.0,1.0,0.44685351665785294,0.29160697698903315,0.0,1.0,0.23691168693812797,0.24415962098096636,0.0,0.9032258064516129,15,0.17720530835284934,7.456674473067916,13
662,1280,1230,12.775879871490803,98.95234375,5,6,3,3,955,0.7455113192818111,326,1135,0.8860265417642467,0.9225130890052357,881,254,0.9225130890052357,0.7791411042944786,0.8860265417642467,175,1113,6.36,0.0039032006245121,0.00468384074941452,0.00234192037470726,0.00234192037470726,0.5237147177419355,0.29573557350459817,0.0,1.0,0.4223034274193548,0.3193822098851381,0.0,1.0,0.4478074596774194,0.2917655486941717,0.0,1.0,0.2371219758064516,0.2444484729888171,0.0,0.9032258064516129,15,0.17578125,7.45859375,13
663,1280,1233,12.784594865813274,98.953125,9,9,6,3,962,0.7515625,318,1096,0.85625,0.895010395010395,861,235,0.895010395010395,0.7389937106918238,0.85625,177,1076,6.0790960451977405,0.00703125,0.00703125,0.0046875,0.00234375,0.5251260080645161,0.2955392521944055,0.0,1.0,0.4194304435483871,0.3186338607366547,0.0,1.0,0.4497479838709677,0.2911498656022565,0.0,1.0,0.2375756048387097,0.24486900613287405,0.0,0.9032258064516129,15,0.17109375,7.4703125,13
664,1279,1236,12.749513719039061,98.87881157154027,10,11,7,4,977,0.76328125,303,1106,0.8640625,0.8884339815762539,868,238,0.8884339815762539,0.7854785478547854,0.8640625,178,1087,6.106741573033708,0.0078125,0.00859375,0.00546875,0.003125,0.5260662311785922,0.29603866605846674,0.0,1.0,0.4187999697344195,0.31847831802520826,0.0,1.0,0.4503518373729476,0.2912808738571808,0.0,1.0,0.23755958536154756,0.24468822330817402,0.0,0.9032258064516129,15,0.16966379984362784,7.470680218921032,13
665,1276,1235,12.772155292867213,98.60579937304075,9,12,9,3,947,0.7404222048475372,332,1090,0.8522283033620016,0.9060190073917634,858,232,0.9060190073917634,0.6987951807228916,0.8522283033620016,179,1068,5.966480446927374,0.007036747458952306,0.009382329945269743,0.007036747458952306,0.0023455824863174357,0.5257862271210436,0.29623098687372057,0.0,1.0,0.4181666498129235,0.31772468620459443,0.0,1.0,0.4519415512185256,0.2914899782298011,0.0,1.0,0.23960966730710892,0.2454747803606643,0.0,0.9032258064516129,15,0.16849529780564262,7.47962382445141,13
666,1271,1230,12.818282939213526,98.65460267505901,4,9,9,0,938,0.7351097178683386,338,1094,0.8573667711598746,0.8912579957356077,836,258,0.8912579957356077,0.7633136094674556,0.8573667711598746,178,1067,5.99438202247191,0.003134796238244514,0.007053291536050157,0.007053291536050157,0.0,0.526864800385777,0.29646061422905984,0.0,1.0,0.4180858353848887,0.31852740598328827,0.0,1.0,0.4527550062181163,0.29172132833986564,0.0,1.0,0.23887718585822695,0.24570729835359767,0.0,0.9032258064516129,15,0.16915814319433517,7.492525570416994,13
667,1275,1230,12.75445678613651,98.57098039215687,12,8,5,3,984,0.7741935483870968,287,1113,0.8756884343036979,0.9126016260162602,898,215,0.9126016260162602,0.7491289198606271,0.8756884343036979,177,1090,6.15819209039548,0.00944138473642801,0.006294256490952006,0.003933910306845004,0.0023603461841070024,0.5257685009487666,0.2967372694287678,0.0,1.0,0.41841872232764077,0.3187628938847966,0.0,1.0,0.4510309930423782,0.29187522848944447,0.0,1.0,0.23855787476280838,0.2449727491076398,0.0,0.9032258064516129,15,0.16941176470588235,7.495686274509804,13
668,1276,1239,12.745523420080305,98.7742946708464,7,6,3,3,971,0.7615686274509804,304,1074,0.8423529411764706,0.9011328527291452,875,199,0.9011328527291452,0.6546052631578947,0.8423529411764706,172,1055,6.133720930232558,0.005490196078431373,0.004705882352941176,0.002352941176470588,0.002352941176470588,0.5252806148245526,0.29656068919842493,0.0,1.0,0.41743351198301143,0.31891622955898685,0.0,1.0,0.44994438264738595,0.29130207769902033,0.0,1.0,0.23852260086965316,0.2451063272393527,0.0,0.9032258064516129,15,0.16849529780564262,7.497648902821316,13
669,1280,1238,12.698571345249906,98.575,11,7,5,2,966,0.7570532915360502,310,1099,0.8612852664576802,0.9037267080745341,873,226,0.9037267080745341,0.7290322580645161,0.8612852664576802,179,1077,6.016759776536313,0.008620689655172414,0.0054858934169279,0.003918495297805642,0.001567398119122257,0.5239919354838709,0.29602095581650667,0.0,1.0,0.4168598790322581,0.3190753896189665,0.0,1.0,0.4481854838709677,0.2910826045322707,0.0,1.0,0.2387600806451613,0.24566943319095264,0.0,0.9032258064516129,15,0.16953125,7.509375,13
670,1279,1243,12.695540433420145,98.78342455043003,7,8,6,2,952,0.74375,328,1086,0.8484375,0.9096638655462185,866,220,0.9096638655462185,0.6707317073170732,0.8484375,176,1067,6.0625,0.00546875,0.00625,0.0046875,0.0015625,0.5246538374233902,0.2957747843637889,0.0,1.0,0.4165552725163308,0.31919503402974525,0.0,1.0,0.4470226235214003,0.29096795170561485,0.0,1.0,0.23887109384852076,0.24555450713110547,0.0,0.9032258064516129,15,0.16888193901485535,7.519937451133698,13
671,1283,1245,12.676648139027554,98.8261886204209,10,6,4,2,942,0.7365129007036747,337,1121,0.8764659890539483,0.910828025477707,858,263,0.910828025477707,0.7804154302670623,0.8764659890539483,180,1103,6.127777777777778,0.007818608287724784,0.004691164972634871,0.003127443315089914,0.001563721657544957,0.5246524023835265,0.29531438798248794,0.0,1.0,0.4166645714429387,0.3188506300169169,0.0,1.0,0.44726321876649994,0.2915779403411188,0.0,1.0,0.2386795061976718,0.2451903993202533,0.0,0.9032258064516129,15,0.16835541699142634,7.5315666406858925,13
672,1285,1247,12.702459092042227,99.34785992217898,7,5,2,3,975,0.759937646141855,308,1087,0.8472330475448169,0.9046153846153846,882,205,0.9046153846153846,0.6655844155844156,0.8472330475448169,175,1064,6.08,0.005455962587685113,0.003897116134060795,0.001558846453624318,0.002338269680436477,0.5245387222291954,0.29567423676497895,0.0,1.0,0.41689469059871975,0.31872749087733115,0.0,1.0,0.44729509225555414,0.291894240303861,0.0,1.0,0.2384335383456759,0.24482828658072386,0.0,0.9032258064516129,15,0.1688715953307393,7.534630350194552,13
673,1287,1241,12.702092299147676,99.34498834498835,8,6,5,1,977,0.7603112840466926,308,1121,0.8723735408560311,0.9140225179119754,893,228,0.9140225179119754,0.7402597402597403,0.8723735408560311,180,1095,6.083333333333333,0.0062256809338521405,0.004669260700389105,0.0038910505836575876,0.0007782101167315176,0.5232724264982329,0.2956963792272476,0.0,1.0,0.4171240945434494,0.31844206524276303,0.0,1.0,0.4472516730581247,0.29158070616230936,0.0,1.0,0.23816327042133492,0.24479334168964562,0.0,0.9032258064516129,15,0.16938616938616938,7.546231546231546,13
674,1287,1245,12.648881165409557,98.8989898989899,10,10,9,1,941,0.7311577311577312,346,1108,0.8609168609168609,0.9107332624867163,857,251,0.9107332624867163,0.7254335260115607,0.8609168609168609,169,1081,6.396449704142012,0.00777000777000777,0.00777000777000777,0.006993006993006993,0.000777000777000777,0.5242248790635887,0.29577026296119124,0.0,1.0,0.4173747399553851,0.3183548444636147,0.0,1.0,0.44755244755244755,0.2921584743583239,0.0,1.0,0.2374363987267213,0.24457948987018002,0.0,0.9032258064516129,15,0.16938616938616938,7.564879564879565,13
675,1292,1248,12.640761077688026,99.2376160990712,9,4,1,3,985,0.7653457653457654,302,1110,0.8624708624708625,0.915736040609137,902,208,0.915736040609137,0.6887417218543046,0.8624708624708625,178,1091,6.129213483146067,0.006993006993006993,0.003108003108003108,0.000777000777000777,0.002331002331002331,0.5237691001697792,0.2957093256998093,0.0,1.0,0.41760711075601714,0.31801954634362173,0.0,1.0,0.4477679017277539,0.2921197357960145,0.0,1.0,0.23706681314291422,0.2441995479205267,0.0,0.9032258064516129,15,0.16950464396284828,7.572755417956657,13
676,1291,1247,12.665660760425958,99.70023237800154,6,7,4,3,1006,0.7786377708978328,286,1119,0.8660990712074303,0.9105367793240556,916,203,0.9105367793240556,0.7097902097902098,0.8660990712074303,182,1100,6.043956043956044,0.0046439628482972135,0.005417956656346749,0.0030959752321981426,0.0023219814241486067,0.5234252017690713,0.2953690419444759,0.0,1.0,0.41813048149721393,0.31874628287124546,0.0,1.0,0.44786487094275507,0.2920961897053467,0.0,1.0,0.23612603383223807,0.24414444850054423,0.0,0.9032258064516129,15,0.17118512780790085,7.57707203718048,13
677,1289,1253,12.632654103161347,99.52831652443754,8,10,7,3,982,0.7606506584043378,309,1129,0.8745158791634392,0.9144602851323829,898,231,0.9144602851323829,0.7475728155339806,0.8745158791634392,172,1107,6.436046511627907,0.006196746707978312,0.0077459333849728895,0.005422153369481022,0.0023237800154918666,0.522810881153182,0.2959689266783963,0.0,1.0,0.41780324832953775,0.3190009060673483,0.0,1.0,0.4463575164543657,0.29168576338340546,0.0,1.0,0.23634225080707724,0.2441893848778282,0.0,0.9032258064516129,15,0.17145073700543056,7.590380139643134,13
678,1293,1255,12.621511876422977,99.81129156999226,8,4,2,2,988,0.7664856477889838,301,1124,0.8719937936384794,0.9109311740890689,900,224,0.9109311740890689,0.7441860465116279,0.8719937936384794,175,1101,6.291428571428572,0.0062063615205585725,0.0031031807602792862,0.0015515903801396431,0.0015515903801396431,0.5216425916223836,0.2957143150378564,0.0,1.0,0.4183070129481326,0.3199561873649491,0.0,1.0,0.44402864057081554,0.2911468172250437,0.0,1.0,0.23668388094703494,0.24448955914484438,0.0,0.9032258064516129,15,0.17246713070378963,7.590873936581593,13
679,1296,1256,12.477613868304976,99.09182098765432,15,12,10,2,1019,0.7880897138437741,274,1115,0.8623356535189481,0.9224730127576055,940,175,0.9224730127576055,0.6386861313868614,0.8623356535189481,175,1091,6.234285714285714,0.01160092807424594,0.009280742459396751,0.007733952049497293,0.0015467904098994587,0.5216298287534846,0.295969402259183,0.0,1.0,0.4154968140183194,0.32065141714311185,0.0,1.0,0.44227897252090803,0.2902126172556966,0.0,1.0,0.23511549183592192,0.2439121280348617,0.0,0.9032258064516129,15,0.1720679012345679,7.612654320987654,13
680,1296,1244,12.498616663564132,99.02083333333333,10,10,7,3,974,0.7515432098765432,322,1107,0.8541666666666666,0.9075975359342916,884,223,0.9075975359342916,0.6925465838509317,0.8541666666666666,177,1072,6.056497175141243,0.007716049382716049,0.007716049382716049,0.005401234567901234,0.0023148148148148147,0.5215302668259657,0.2957052593747752,0.0,1.0,0.4169404619673437,0.32014429910104686,0.0,1.0,0.44429510155316604,0.2915331986761068,0.0,1.0,0.2347919155714855,0.2437118572175902,0.0,0.9032258064516129,15,0.1712962962962963,7.622685185185185,13
681,1298,1241,12.47546914909082,99.16872110939907,8,6,4,2,1012,0.7808641975308642,284,1139,0.878858024691358,0.9189723320158103,930,209,0.9189723320158103,0.7359154929577465,0.878858024691358,176,1112,6.318181818181818,0.006172839506172839,0.004629629629629629,0.0030864197530864196,0.0015432098765432098,0.5226899945325314,0.295409028748563,0.0,1.0,0.41672051294795964,0.3202827639642738,0.0,1.0,0.44465430687409907,0.2912648792510707,0.0,1.0,0.2345046970525374,0.24377931854331503,0.0,0.9032258064516129,15,0.1694915254237288,7.628659476117103,13
682,1302,1239,12.459207101181775,99.37403993855607,8,4,3,1,1015,0.7819722650231125,283,1122,0.864406779661017,0.9064039408866995,920,202,0.9064039408866995,0.7137809187279152,0.864406779661017,176,1096,6.2272727272727275,0.0061633281972265025,0.0030816640986132513,0.0023112480739599386,0.0007704160246533128,0.5228432684207919,0.29570761013862185,0.0,1.0,0.4172736732570239,0.31986191497631744,0.0,1.0,0.44514642485506173,0.29117839566410453,0.0,1.0,0.2345275258906893,0.24347221121849627,0.0,0.9032258064516129,15,0.16897081413210446,7.635944700460829,13
683,1301,1245,12.47846571235024,99.98001537279016,5,6,3,3,976,0.7496159754224271,326,1116,0.8571428571428571,0.9108606557377049,889,227,0.9108606557377049,0.696319018404908,0.8571428571428571,176,1098,6.238636363636363,0.0038402457757296467,0.004608294930875576,0.002304147465437788,0.002304147465437788,0.5237906325159306,0.29554398949726707,0.0,1.0,0.4165034340829635,0.3198051167644305,0.0,1.0,0.4456621457439686,0.29129995404906245,0.0,1.0,0.234534229252932,0.2439266003399445,0.0,0.9032258064516129,15,0.16833205226748654,7.640276710222905,13
684,1296,1250,12.501916197914024,100.26929012345678,4,9,7,2,977,0.7509607993850884,324,1147,0.8816295157571099,0.9037871033776868,883,264,0.9037871033776868,0.8148148148148148,0.8816295157571099,174,1126,6.471264367816092,0.0030745580322828594,0.006917755572636433,0.005380476556495004,0.0015372790161414297,0.523347272003186,0.29583073529123116,0.0,1.0,0.4162186379928315,0.31999881519079615,0.0,1.0,0.44429510155316604,0.29027183496552933,0.0,1.0,0.23459279171644765,0.24398911208681912,0.0,0.9032258064516129,15,0.16820987654320987,7.642746913580247,13
685,1288,1250,12.554101025682938,100.45962732919254,2,10,8,2,978,0.7546296296296297,318,1087,0.8387345679012346,0.8905930470347648,871,216,0.8905930470347648,0.6792452830188679,0.8387345679012346,180,1067,5.927777777777778,0.0015432098765432098,0.007716049382716049,0.006172839506172839,0.0015432098765432098,0.5234421959527148,0.29584918909306984,0.0,1.0,0.41482167902224,0.3196717729672387,0.0,1.0,0.44414946904427965,0.2905354592471008,0.0,1.0,0.2339961931476658,0.2435098388204339,0.0,0.9032258064516129,15,0.16770186335403728,7.645962732919255,13
686,1289,1245,12.539404709617047,99.92862684251358,11,10,8,2,934,0.7251552795031055,354,1112,0.8633540372670807,0.9047109207708779,845,267,0.9047109207708779,0.7542372881355932,0.8633540372670807,183,1090,5.956284153005464,0.008540372670807454,0.007763975155279503,0.006211180124223602,0.0015527950310559005,0.5209589829575315,0.2958521742082978,0.0,1.0,0.4154508371080357,0.31899091289342857,0.0,1.0,0.44380490002252304,0.29117703508097253,0.0,1.0,0.23396481393428262,0.24281030319430016,0.0,0.9032258064516129,15,0.16912335143522111,7.667183863460046,13
687,1296,1242,12.40234559357917,98.92746913580247,16,9,9,0,982,0.7618308766485647,307,1103,0.8557020946470132,0.9093686354378818,893,210,0.9093686354378818,0.6840390879478827,0.8557020946470132,177,1077,6.084745762711864,0.012412723041117145,0.0069821567106283944,0.0069821567106283944,0.0,0.5205595380326563,0.2955652359746589,0.0,1.0,0.4155963759458383,0.3180958233759751,0.0,1.0,0.44310035842293904,0.2911783126202365,0.0,1.0,0.23382118677817604,0.24275051372289486,0.0,0.9032258064516129,15,0.16898148148148148,7.686728395061729,13
688,1296,1243,12.410766660508594,99.02160493827161,7,7,5,2,1008,0.7777777777777778,288,1094,0.8441358024691358,0.8928571428571429,900,194,0.8928571428571429,0.6736111111111112,0.8441358024691358,172,1067,6.203488372093023,0.005401234567901234,0.005401234567901234,0.0038580246913580245,0.0015432098765432098,0.5197879330943846,0.2960846924136946,0.0,1.0,0.4158950617283951,0.31805629941354063,0.0,1.0,0.44310035842293904,0.29085550836818397,0.0,1.0,0.2342443249701314,0.24341167589654478,0.0,0.9032258064516129,15,0.1697530864197531,7.693672839506172,13
689,1297,1231,12.34004149049166,98.19969159599074,14,13,10,3,993,0.7662037037037037,303,1110,0.8564814814814815,0.9113796576032226,905,205,0.9113796576032226,0.6765676567656765,0.8564814814814815,179,1077,6.016759776536313,0.010802469135802469,0.010030864197530864,0.007716049382716049,0.0023148148148148147,0.5175466958489815,0.29616857468419683,0.0,1.0,0.41671848185639315,0.3187291360068943,0.0,1.0,0.44260949585893,0.2911972351800313,0.0,1.0,0.2326211853657323,0.24220703482944064,0.0,0.9032258064516129,15,0.17116422513492677,7.719352351580571,13
690,1290,1228,12.377717579681555,98.18217054263566,5,12,8,4,985,0.7594448727833462,312,1117,0.8612181958365459,0.9005076142131979,887,230,0.9005076142131979,0.7371794871794872,0.8612181958365459,175,1089,6.222857142857142,0.0038550501156515036,0.009252120277563608,0.006168080185042405,0.0030840400925212026,0.5181295323830958,0.2964715706482483,0.0,1.0,0.4160790197549387,0.31947706418954697,0.0,1.0,0.4413103275818954,0.29090327785965203,0.0,1.0,0.2319079769942486,0.2415306240937625,0.0,0.9032258064516129,15,0.17131782945736435,7.731007751937985,13
691,1285,1227,12.38617395492484,98.11050583657588,7,12,8,4,951,0.7372093023255814,339,1103,0.8550387596899225,0.9064143007360673,862,241,0.9064143007360673,0.7109144542772862,0.8550387596899225,172,1074,6.244186046511628,0.005426356589147287,0.009302325581395349,0.006201550387596899,0.0031007751937984496,0.5193171833814484,0.29640293116403693,0.0,1.0,0.4146604744571357,0.31925711866785855,0.0,1.0,0.44204844985565456,0.2913764594274559,0.0,1.0,0.23278523911133425,0.24224758215128983,0.0,0.9032258064516129,15,0.17120622568093385,7.742412451361868,13
692,1284,1222,12.362308408741315,98.00623052959502,8,9,8,1,953,0.7416342412451362,332,1139,0.8863813229571984,0.919202518363064,876,263,0.919202518363064,0.7921686746987951,0.8863813229571984,181,1115,6.1602209944751385,0.0062256809338521405,0.007003891050583658,0.0062256809338521405,0.0007782101167315176,0.5204250829062406,0.2970559664460834,0.0,1.0,0.413802632901216,0.3198342563299637,0.0,1.0,0.44163903125314036,0.29083331893516257,0.0,1.0,0.2311325494925133,0.2416572897010245,0.0,0.9032258064516129,15,0.17133956386292834,7.760903426791277,13
693,1278,1220,12.35015954324346,97.91862284820031,5,11,10,1,997,0.7764797507788161,287,1082,0.8426791277258567,0.8986960882647944,896,186,0.8986960882647944,0.6480836236933798,0.8426791277258567,174,1054,6.057471264367816,0.003894080996884735,0.008566978193146417,0.00778816199376947,0.000778816199376947,0.5196122974405573,0.2971898018077275,0.0,1.0,0.4134484325306679,0.3197018738782693,0.0,1.0,0.4411883487303751,0.2906078528853168,0.0,1.0,0.23007218940885457,0.24088173400444626,0.0,0.9032258064516129,15,0.17136150234741784,7.7660406885759,13
694,1280,1211,12.411322133169087,98.20078125,6,4,4,0,929,0.7269170579029735,349,1095,0.8568075117370892,0.8977395048439182,834,261,0.8977395048439182,0.7478510028653295,0.8568075117370892,180,1066,5.9222222222222225,0.004694835680751174,0.003129890453834116,0.003129890453834116,0.0,0.5215221774193548,0.29693990524269354,0.0,1.0,0.4128528225806452,0.32051251971662936,0.0,1.0,0.4409022177419355,0.29002545099668553,0.0,1.0,0.22991431451612904,0.24125280525849777,0.0,0.9032258064516129,15,0.171875,7.7734375,13
695,1274,1213,12.431093215363656,98.22370486656202,6,12,9,3,967,0.75546875,313,1089,0.85078125,0.8914167528438469,862,227,0.8914167528438469,0.7252396166134185,0.85078125,168,1059,6.303571428571429,0.0046875,0.009375,0.00703125,0.00234375,0.5199017572289462,0.29706882760068437,0.0,1.0,0.41130298273155413,0.3204168896083517,0.0,1.0,0.43857294778953765,0.2895856927696157,0.0,1.0,0.23023750443105281,0.24141579460084384,0.0,0.9032258064516129,15,0.1726844583987441,7.779434850863423,13
696,1273,1218,12.40382488068762,98.17124901806756,9,10,7,3,941,0.7386185243328101,333,1090,0.8555729984301413,0.9128586609989373,859,231,0.9128586609989373,0.6936936936936937,0.8555729984301413,172,1067,6.203488372093023,0.00706436420722135,0.007849293563579277,0.005494505494505495,0.002354788069073783,0.5207916276005372,0.2972347585058077,0.0,1.0,0.4123102653118111,0.3212033668163673,0.0,1.0,0.44013379621417525,0.28982774208140616,0.0,1.0,0.2292780579276791,0.2414857100033142,0.0,0.9032258064516129,15,0.17360565593087196,7.791044776119403,13
697,1271,1218,12.415717963707971,97.85365853658537,9,11,9,2,917,0.7203456402199528,356,1082,0.8499607227022781,0.8974918211559433,823,259,0.8974918211559433,0.7275280898876404,0.8499607227022781,170,1052,6.188235294117647,0.007069913589945012,0.00864100549882168,0.007069913589945012,0.0015710919088766694,0.5194792010355067,0.29712551484598865,0.0,1.0,0.41191847922641556,0.32183036977136203,0.0,1.0,0.43955737164031367,0.2894109670654404,0.0,1.0,0.22880129945940458,0.24145328094863708,0.0,0.9032258064516129,15,0.17309205350118018,7.797010228166798,13
698,1269,1220,12.414969336753694,97.70055161544524,7,9,8,1,1001,0.7875688434303698,270,1086,0.8544453186467349,0.903096903096903,904,182,0.903096903096903,0.674074074074074,0.8544453186467349,173,1061,6.132947976878612,0.0055074744295830055,0.007081038552321007,0.006294256490952006,0.0007867820613690008,0.5180863773863087,0.29748368135247893,0.0,1.0,0.4127710414601286,0.3216236072565501,0.0,1.0,0.43969089199013706,0.2893701183715415,0.0,1.0,0.22834845827296066,0.24128872902837198,0.0,0.9032258064516129,15,0.17336485421591805,7.805358550039401,13
699,1268,1223,12.409082970878686,97.40851735015772,9,10,8,2,907,0.7147360126083531,362,1064,0.8384554767533491,0.8875413450937155,805,259,0.8875413450937155,0.7154696132596685,0.8384554767533491,168,1035,6.160714285714286,0.0070921985815602835,0.007880220646178092,0.006304176516942475,0.0015760441292356187,0.5181642413758013,0.2973673408213967,0.0,1.0,0.41248600793731555,0.3212582387044008,0.0,1.0,0.4388928462399511,0.2886512148320634,0.0,1.0,0.2284267833519894,0.2408128924605423,0.0,0.9032258064516129,15,0.17271293375394323,7.82018927444795,13
700,1268,1213,12.472680660241185,97.68769716088327,8,8,4,4,975,0.7689274447949527,293,1070,0.8438485804416404,0.9025641025641026,880,190,0.9025641025641026,0.6484641638225256,0.8438485804416404,179,1039,5.804469273743017,0.006309148264984227,0.006309148264984227,0.0031545741324921135,0.0031545741324921135,0.5185967233133204,0.2972909241396282,0.0,1.0,0.41223160679759846,0.32140338035188726,0.0,1.0,0.4379515620229979,0.28823688536275993,0.0,1.0,0.22738373867914927,0.24060208598237548,0.0,0.9032258064516129,15,0.17271293375394323,7.827287066246057,13
701,1268,1213,12.51424804689891,97.88564668769716,6,6,5,1,936,0.7381703470031545,332,1063,0.8383280757097792,0.9049145299145299,847,216,0.9049145299145299,0.6506024096385542,0.8383280757097792,171,1034,6.046783625730995,0.00473186119873817,0.00473186119873817,0.003943217665615142,0.0007886435331230284,0.5176808792103388,0.2975702661823908,0.0,1.0,0.41144296326447544,0.3215062008749186,0.0,1.0,0.43767172076930905,0.28839853946552513,0.0,1.0,0.22672229571588481,0.24025736300939493,0.0,0.9032258064516129,15,0.17350157728706625,7.840694006309148,13
702,1267,1211,12.565315061471379,97.9060773480663,6,7,5,2,943,0.7436908517350158,325,1072,0.8454258675078864,0.9045599151643691,853,219,0.9045599151643691,0.6738461538461539,0.8454258675078864,170,1040,6.117647058823529,0.00473186119873817,0.005520504731861199,0.003943217665615142,0.0015772870662460567,0.5168164574687476,0.29771851604711924,0.0,1.0,0.41136033811136286,0.321226096059485,0.0,1.0,0.43750795631030887,0.2886127903077842,0.0,1.0,0.2267230185604807,0.24055026396060347,0.0,0.9032258064516129,15,0.17363851617995266,7.851617995264404,13
703,1272,1204,12.51446485225915,97.44575471698113,13,8,7,1,965,0.7616416732438832,302,1098,0.8666140489344909,0.8974093264248705,866,232,0.8974093264248705,0.7682119205298014,0.8666140489344909,179,1070,5.977653631284916,0.010260457774269928,0.006314127861089187,0.0055248618784530384,0.0007892659826361484,0.5175999188476365,0.29768146421863917,0.0,1.0,0.4111888821261919,0.3215805243635136,0.0,1.0,0.4374112396023534,0.2888981578840781,0.0,1.0,0.22562893081761007,0.24023368718110463,0.0,0.9032258064516129,15,0.17531446540880502,7.8671383647798745,13
704,1270,1202,12.56098448752596,97.551968503937,8,10,5,5,950,0.7468553459119497,322,1077,0.8466981132075472,0.8947368421052632,850,227,0.8947368421052632,0.7049689440993789,0.8466981132075472,172,1047,6.087209302325581,0.006289308176100629,0.007861635220125786,0.003930817610062893,0.003930817610062893,0.5193294386588773,0.29782244002678565,0.0,1.0,0.40889001778003553,0.32130347028973577,0.0,1.0,0.43802387604775206,0.2888961457877179,0.0,1.0,0.22489204978409957,0.2399315526832801,0.0,0.9032258064516129,15,0.17401574803149605,7.881889763779528,14
705,1267,1205,12.582803390540649,97.74980268350434,10,13,6,7,946,0.7448818897637796,324,1056,0.831496062992126,0.8858350951374208,838,218,0.8858350951374208,0.6728395061728395,0.831496062992126,173,1032,5.965317919075145,0.007874015748031496,0.010236220472440945,0.004724409448818898,0.005511811023622047,0.518598670977926,0.2978056060480948,0.0,1.0,0.4104183109707972,0.32199932553331767,0.0,1.0,0.4376607174682384,0.28907799338202667,0.0,1.0,0.22468620312141968,0.23962235267349777,0.0,0.9032258064516129,15,0.17521704814522493,7.888713496448303,14
706,1267,1193,12.62219869104652,97.7008681925809,9,9,6,3,993,0.7837411207576953,274,1076,0.8492501973164956,0.9093655589123867,903,173,0.9093655589123867,0.6313868613138686,0.8492501973164956,188,1052,5.595744680851064,0.007103393843725336,0.007103393843725336,0.004735595895816891,0.0023677979479084454,0.5173511215215011,0.2978009283699092,0.0,1.0,0.4092216819003488,0.32274733721913496,0.0,1.0,0.4362094864679074,0.2885079756299993,0.0,1.0,0.22326043231407694,0.2390761387512693,0.0,0.9032258064516129,15,0.17600631412786108,7.90370955011839,14
707,1267,1183,12.624816889084506,97.54932912391476,9,9,7,2,990,0.7813733228097869,277,1087,0.8579321231254933,0.9202020202020202,911,176,0.9202020202020202,0.6353790613718412,0.8579321231254933,179,1056,5.899441340782123,0.007103393843725336,0.007103393843725336,0.0055248618784530384,0.0015785319652722968,0.5176821040303485,0.29748067988632093,0.0,1.0,0.4091198411283958,0.32374265777035055,0.0,1.0,0.4351910787483769,0.2880500569419001,0.0,1.0,0.22348957405097133,0.23905613892499197,0.0,0.9032258064516129,15,0.17679558011049723,7.918705603788477,14
708,1271,1177,12.656233158228053,97.85208497246263,8,4,2,2,959,0.7569060773480663,308,1067,0.8421468034727704,0.8842544316996872,848,219,0.8842544316996872,0.711038961038961,0.8421468034727704,167,1028,6.155688622754491,0.006314127861089187,0.0031570639305445935,0.0015785319652722968,0.0015785319652722968,0.5185147585086672,0.2968370963338989,0.0,1.0,0.40877135098093953,0.3232476888679184,0.0,1.0,0.4355473211339814,0.28889318869799574,0.0,1.0,0.2245374482881145,0.23964770805294883,0.0,0.9032258064516129,15,0.17545239968528717,7.922895357985838,14
709,1267,1177,12.693723719745856,97.77979479084452,7,11,8,3,931,0.7324940991345398,340,1085,0.8536585365853658,0.9011815252416756,839,246,0.9011815252416756,0.7235294117647059,0.8536585365853658,164,1049,6.396341463414634,0.0055074744295830055,0.00865460267505901,0.006294256490952006,0.0023603461841070024,0.5180640069251725,0.2964454659616722,0.0,1.0,0.4092980624793136,0.32323158445998446,0.0,1.0,0.43567482241515393,0.2887905101869256,0.0,1.0,0.22333681289304175,0.23927781952198685,0.0,0.9032258064516129,15,0.17600631412786108,7.940015785319653,14
710,1261,1167,12.760501293959836,97.90404440919905,7,13,8,5,1019,0.8042620363062352,248,1092,0.861878453038674,0.9077526987242395,925,167,0.9077526987242395,0.6733870967741935,0.861878453038674,175,1057,6.04,0.0055248618784530384,0.010260457774269928,0.006314127861089187,0.003946329913180742,0.518738328515515,0.2961934704356604,0.0,1.0,0.4085595149778721,0.3230238897618218,0.0,1.0,0.43616177636796194,0.28873745912938836,0.0,1.0,0.22429715279731904,0.23949290895548547,0.0,0.9032258064516129,15,0.17287866772402855,7.94528152260111,14
711,1263,1163,12.771179394625735,98.02058590657165,10,8,4,4,969,0.7684377478191912,292,1069,0.8477398889770024,0.9081527347781218,880,189,0.9081527347781218,0.6472602739726028,0.8477398889770024,170,1035,6.088235294117647,0.007930214115781126,0.006344171292624901,0.0031720856463124504,0.0031720856463124504,0.5209817893903405,0.29652853523012423,0.0,1.0,0.40602252700942454,0.3222589979847915,0.0,1.0,0.4361351620565474,0.28764008623051346,0.0,1.0,0.22529563507266367,0.24024033161059696,0.0,0.9032258064516129,15,0.1702296120348377,7.951702296120349,14
712,1267,1153,12.746575695297059,97.68508287292818,13,9,6,3,973,0.770387965162312,290,1089,0.8622327790973872,0.9167523124357657,892,197,0.9167523124357657,0.6793103448275862,0.8622327790973872,182,1061,5.829670329670329,0.010292953285827395,0.007125890736342043,0.004750593824228029,0.0023752969121140144,0.5211701504697405,0.2965031091045013,0.0,1.0,0.4067520431804873,0.3216801471157264,0.0,1.0,0.43730427476640266,0.2885657666773669,0.0,1.0,0.2260865137357741,0.24025633571018948,0.0,0.9032258064516129,15,0.1696921862667719,7.966850828729282,14
713,1269,1152,12.717306748614444,97.37115839243499,10,8,7,1,969,0.7647987371744278,298,1062,0.8382004735595896,0.8844169246646026,857,205,0.8844169246646026,0.6879194630872483,0.8382004735595896,171,1032,6.035087719298246,0.007892659826361484,0.006314127861089187,0.0055248618784530384,0.0007892659826361484,0.5214164061109839,0.2964863471727976,0.0,1.0,0.40748366760720917,0.321734497482266,0.0,1.0,0.4371743053966801,0.2878872428262105,0.0,1.0,0.2262131726785124,0.2400411330212835,0.0,0.9032258064516129,15,0.1702127659574468,7.987391646966115,14
714,1269,1146,12.76913986493317,97.83687943262412,8,8,3,5,986,0.77698975571316,283,1064,0.8384554767533491,0.8955375253549696,883,181,0.8955375253549696,0.6395759717314488,0.8384554767533491,171,1029,6.017543859649122,0.006304176516942475,0.006304176516942475,0.002364066193853428,0.003940110323089046,0.5200945626477541,0.2964654868385281,0.0,1.0,0.40931391240245046,0.32204135104811776,0.0,1.0,0.4377335468618928,0.2882620017978145,0.0,1.0,0.22636569307811585,0.23973660094097882,0.0,0.9032258064516129,15,0.17178881008668243,8.0,14
715,1266,1139,12.854996946161993,97.934439178515,7,10,6,4,927,0.7304964539007093,342,1094,0.8620961386918834,0.9083063646170443,842,252,0.9083063646170443,0.7368421052631579,0.8620961386918834,183,1070,5.8469945355191255,0.005516154452324665,0.007880220646178092,0.004728132387706856,0.0031520882584712374,0.5196707944758702,0.2965296737588089,0.0,1.0,0.4079651429445039,0.32119046748932795,0.0,1.0,0.4377261376955613,0.28897235820882294,0.0,1.0,0.22595933343525454,0.23930773528555957,0.0,0.9032258064516129,15,0.17061611374407584,8.01342812006319,14
716,1260,1135,12.919072097810659,98.1563492063492,3,9,8,1,953,0.7527646129541864,313,1088,0.8593996840442338,0.9150052465897167,872,216,0.9150052465897167,0.6900958466453674,0.8593996840442338,177,1061,5.994350282485875,0.002369668246445498,0.0071090047393364926,0.00631911532385466,0.0007898894154818325,0.5210189452124936,0.29634205556875315,0.0,1.0,0.40696364567332305,0.3213032600666498,0.0,1.0,0.4374295954941116,0.2889202290033772,0.0,1.0,0.22629288274449563,0.23954737649541152,0.0,0.9032258064516129,15,0.16984126984126985,8.017460317460317,14
717,1263,1136,12.851364891706112,97.61520190023752,12,9,8,1,945,0.75,315,1025,0.8134920634920635,0.8857142857142857,837,188,0.8857142857142857,0.5968253968253968,0.8134920634920635,173,999,5.77456647398844,0.009523809523809525,0.007142857142857143,0.006349206349206349,0.0007936507936507937,0.5208030036012566,0.2961658156651639,0.0,1.0,0.40650780272265213,0.32111468827193157,0.0,1.0,0.4362373253645953,0.2883950305572213,0.0,1.0,0.2278752586008735,0.24008616495683865,0.0,0.9032258064516129,15,0.16943784639746634,8.026128266033254,14
718,1260,1132,12.841758062528951,97.48968253968253,7,10,7,3,1010,0.7996832937450514,253,1075,0.8511480601741884,0.9,909,166,0.9,0.6561264822134387,0.8511480601741884,169,1040,6.153846153846154,0.0055423594615993665,0.00791765637371338,0.0055423594615993665,0.0023752969121140144,0.5199436763952893,0.2961236722621344,0.0,1.0,0.4069124423963134,0.32087431819718537,0.0,1.0,0.43599590373783925,0.28804460255465286,0.0,1.0,0.22726574500768051,0.2396502784076787,0.0,0.9032258064516129,15,0.16904761904761906,8.03888888888889,14
719,1263,1127,12.817247674018432,97.20744259699129,11,8,6,2,975,0.7738095238095238,285,1056,0.8380952380952381,0.9066666666666666,884,172,0.9066666666666666,0.6035087719298246,0.8380952380952381,165,1016,6.157575757575757,0.00873015873015873,0.006349206349206349,0.004761904761904762,0.0015873015873015873,0.520343268715041,0.29625059469301357,0.0,1.0,0.4058182003933287,0.3197015968312783,0.0,1.0,0.43725895844507445,0.2884705334626524,0.0,1.0,0.226087400710035,0.23915626589987474,0.0,0.9032258064516129,15,0.16706254948535235,8.050673000791766,15
720,1270,1126,12.76797505139217,97.00551181102362,13,6,4,2,966,0.7648456057007126,297,1043,0.8258115597783057,0.8944099378881988,864,179,0.8944099378881988,0.6026936026936027,0.8258115597783057,174,1016,5.839080459770115,0.010292953285827395,0.004750593824228029,0.003167062549485352,0.001583531274742676,0.5216916433832868,0.2957376563326619,0.0,1.0,0.4066294132588265,0.31937108075337833,0.0,1.0,0.4398526797053594,0.2887068827075016,0.0,1.0,0.22557785115570234,0.2388430525877336,0.0,0.9032258064516129,15,0.16614173228346457,8.069291338582676,15
721,1263,1115,12.766675212281138,96.19477434679335,11,18,14,4,978,0.7700787401574803,292,1050,0.8267716535433071,0.8711656441717791,852,198,0.8711656441717791,0.678082191780822,0.8267716535433071,179,1018,5.687150837988827,0.008661417322834646,0.014173228346456693,0.011023622047244094,0.0031496062992125984,0.5231783005133706,0.2953708028193282,0.0,1.0,0.40671212933874795,0.3186243710468981,0.0,1.0,0.44088575588077544,0.28978477807679665,0.0,1.0,0.22578091078589127,0.23917709875943283,0.0,0.9032258064516129,15,0.16547901821060965,8.087885985748219,15
722,1262,1110,12.776789139151163,96.21711568938193,8,9,6,3,978,0.7743467933491687,285,1062,0.8408551068883611,0.8946830265848671,875,187,0.8946830265848671,0.656140350877193,0.8408551068883611,172,1029,5.982558139534884,0.006334125098970704,0.007125890736342043,0.004750593824228029,0.0023752969121140144,0.5232094473697664,0.29531825425369124,0.0,1.0,0.40780123715556466,0.3187158064990417,0.0,1.0,0.4403149123255457,0.2897300881925348,0.0,1.0,0.22440059301671694,0.2385118132370285,0.0,0.9032258064516129,15,0.16561014263074486,8.105388272583202,15
723,1260,1107,12.81135671353247,96.16269841269842,6,8,7,1,960,0.7606973058637084,302,1069,0.847068145800317,0.9010416666666666,865,204,0.9010416666666666,0.6754966887417219,0.847068145800317,169,1035,6.124260355029586,0.004754358161648178,0.006339144215530904,0.005546751188589541,0.000792393026941363,0.5226062467997952,0.2956559097415275,0.0,1.0,0.4088069636456733,0.31888989845815746,0.0,1.0,0.4417306707629289,0.2903165346220728,0.0,1.0,0.2241935483870968,0.2384747359633308,0.0,0.9032258064516129,15,0.16666666666666666,8.116666666666667,15
724,1262,1110,12.739952044932144,95.88589540412045,13,11,7,4,956,0.7587301587301587,304,1062,0.8428571428571429,0.8838912133891214,845,217,0.8838912133891214,0.7138157894736842,0.8428571428571429,175,1040,5.942857142857143,0.010317460317460317,0.00873015873015873,0.005555555555555556,0.0031746031746031746,0.5215991002504984,0.2950857380236586,0.0,1.0,0.4097950002556106,0.3187585584749131,0.0,1.0,0.4426665303409846,0.2911718571395501,0.0,1.0,0.2238126885128572,0.23846440539061822,0.0,0.9032258064516129,15,0.16719492868462757,8.122820919175911,15
725,1259,1108,12.804146656334199,96.17235901509135,7,10,5,5,949,0.7519809825673535,313,1065,0.8438985736925515,0.898840885142255,853,212,0.898840885142255,0.6773162939297125,0.8438985736925515,177,1040,5.875706214689266,0.005546751188589541,0.00792393026941363,0.003961965134706815,0.003961965134706815,0.5212790489123472,0.2948703203487502,0.0,1.0,0.41007968433728764,0.3190743285886193,0.0,1.0,0.4429526762151221,0.29168908426793727,0.0,1.0,0.22229624125650158,0.23783772053029822,0.0,0.9032258064516129,15,0.1675933280381255,8.124702144559174,15
726,1268,1100,12.718287316876166,95.57807570977918,16,7,6,1,983,0.7807783955520254,276,1064,0.8451151707704527,0.884028484231943,869,195,0.884028484231943,0.7065217391304348,0.8451151707704527,177,1033,5.836158192090395,0.012708498808578236,0.005559968228752979,0.004765687053216839,0.0007942811755361397,0.5229215426885112,0.2949535930967429,0.0,1.0,0.40884807163936093,0.3191977932986001,0.0,1.0,0.4414622977510939,0.29156570343684907,0.0,1.0,0.22262643736643942,0.23859103760811803,0.0,0.9032258064516129,15,0.167192429022082,8.134858044164037,14
727,1269,1105,12.706139542400905,95.60047281323877,8,7,5,2,948,0.7476340694006309,320,1054,0.831230283911672,0.8871308016877637,841,213,0.8871308016877637,0.665625,0.831230283911672,169,1028,6.0828402366863905,0.006309148264984227,0.005520504731861199,0.003943217665615142,0.0015772870662460567,0.5234245913724294,0.2950393584303679,0.0,1.0,0.4077632883398155,0.3188427553875071,0.0,1.0,0.44195327791758815,0.29173589918133164,0.0,1.0,0.2229339840870383,0.238919983485597,0.0,0.9032258064516129,15,0.16548463356973994,8.150512214342001,14
728,1268,1096,12.750232857075098,95.8832807570978,7,8,4,4,1028,0.8100866824271079,241,1089,0.8581560283687943,0.9056420233463035,931,158,0.9056420233463035,0.6556016597510373,0.8581560283687943,172,1052,6.116279069767442,0.005516154452324665,0.006304176516942475,0.0031520882584712374,0.0031520882584712374,0.5233540246260303,0.29486679039496916,0.0,1.0,0.4080339879922662,0.31904394392292684,0.0,1.0,0.443217665615142,0.29228629988055616,0.0,1.0,0.2221685153149486,0.23898659578533407,0.0,0.9032258064516129,15,0.16561514195583596,8.158517350157728,14
729,1271,1104,12.666251957491859,95.6420141620771,12,9,6,3,1007,0.7941640378548895,261,1065,0.8399053627760252,0.9016881827209533,908,157,0.9016881827209533,0.6015325670498084,0.8399053627760252,165,1038,6.290909090909091,0.00946372239747634,0.007097791798107256,0.00473186119873817,0.002365930599369085,0.523159310677394,0.29507714063185286,0.0,1.0,0.4083145097840157,0.3184349749254585,0.0,1.0,0.4457754879317784,0.2928794727193509,0.0,1.0,0.22245628283546104,0.23889880593521412,0.0,0.9032258064516129,15,0.16601101494885917,8.163650668764753,14
730,1263,1098,12.802456858192869,96.17893903404592,0,8,5,3,978,0.7694728560188828,293,1098,0.8638867033831629,0.9059304703476483,886,212,0.9059304703476483,0.7235494880546075,0.8638867033831629,172,1064,6.186046511627907,0.0,0.006294256490952006,0.003933910306845004,0.0023603461841070024,0.5231527596863587,0.2953002739825343,0.0,1.0,0.40911296707787403,0.318801042698946,0.0,1.0,0.4451510739917759,0.29263660881902814,0.0,1.0,0.22228181748525017,0.23895984921932753,0.0,0.9032258064516129,15,0.166270783847981,8.167854315122725,14
731,1259,1105,12.75575902736287,95.85861795075456,7,11,10,1,966,0.7648456057007126,297,1049,0.8305621536025336,0.8768115942028986,847,202,0.8768115942028986,0.6801346801346801,0.8305621536025336,167,1023,6.125748502994012,0.0055423594615993665,0.00870942201108472,0.00791765637371338,0.000791765637371338,0.5250967229496016,0.2955056182942732,0.0,1.0,0.407286889236209,0.3196008777573633,0.0,1.0,0.44533551974173047,0.29216482478897643,0.0,1.0,0.22109200850649519,0.2387413025630299,0.0,0.9032258064516129,15,0.16600476568705322,8.184273232724385,14
732,1259,1098,12.714838445887617,95.23590150913424,12,12,9,3,976,0.7752184273232724,283,1081,0.8586179507545671,0.9006147540983607,879,202,0.9006147540983607,0.7137809187279152,0.8586179507545671,179,1053,5.88268156424581,0.009531374106433678,0.009531374106433678,0.007148530579825258,0.0023828435266084196,0.5243280637474699,0.29596949948960294,0.0,1.0,0.4070306695021651,0.3194514167629188,0.0,1.0,0.44579671526300957,0.29174123581009487,0.0,1.0,0.22052832509159853,0.2381783891277881,0.0,0.9032258064516129,15,0.16441620333598095,8.200158856235108,14
733,1258,1091,12.762478986156006,94.8275039745628,12,13,6,7,943,0.7490071485305798,316,1060,0.8419380460683081,0.9056203605514316,854,206,0.9056203605514316,0.6518987341772152,0.8419380460683081,171,1024,5.988304093567251,0.009531374106433678,0.010325655281969817,0.004765687053216839,0.005559968228752979,0.5227960408226062,0.2968148058832918,0.0,1.0,0.4071747269090723,0.31928109921218367,0.0,1.0,0.44468947125493613,0.29141183380171387,0.0,1.0,0.2199856402892456,0.23795299751296536,0.0,0.9032258064516129,15,0.16534181240063592,8.206677265500796,14
734,1259,1091,12.771672398424775,94.8880063542494,10,9,4,5,976,0.7758346581875993,282,1054,0.8378378378378378,0.8954918032786885,874,180,0.8954918032786885,0.6382978723404256,0.8378378378378378,176,1030,5.8522727272727275,0.00794912559618442,0.007154213036565978,0.003179650238473768,0.00397456279809221,0.5226626354761843,0.2971577070220484,0.0,1.0,0.4063644981936509,0.31932150358233063,0.0,1.0,0.4431320300289528,0.29126476284579483,0.0,1.0,0.22093827666606883,0.2379788282751994,0.0,0.9032258064516129,15,0.16441620333598095,8.204924543288325,14
735,1261,1081,12.782349500043846,94.746233148295,10,8,6,2,962,0.7640984908657665,297,1045,0.8300238284352661,0.8752598752598753,842,203,0.8752598752598753,0.6835016835016835,0.8300238284352661,175,1010,5.771428571428571,0.007942811755361398,0.006354249404289118,0.004765687053216839,0.0015885623510722795,0.5221406461845437,0.29644056636558713,0.0,1.0,0.40600138139213626,0.3190540573949177,0.0,1.0,0.4429664117060193,0.29135027130345736,0.0,1.0,0.22086925379243302,0.237922099089588,0.0,0.9032258064516129,15,0.1641554321966693,8.210943695479777,14
736,1265,1082,12.680816554073935,93.69486166007906,16,12,9,3,932,0.739095955590801,329,1043,0.8271213322759714,0.8851931330472103,825,218,0.8851931330472103,0.662613981762918,0.8271213322759714,172,1016,5.906976744186046,0.012688342585249802,0.00951625693893735,0.007137192704203013,0.0023790642347343376,0.521560627310978,0.2961853461917207,0.0,1.0,0.40599260487058525,0.31955349220816043,0.0,1.0,0.4414127247226826,0.29113818283504905,0.0,1.0,0.21945684049470868,0.23745649969385033,0.0,0.9032258064516129,15,0.16521739130434782,8.224505928853755,14
737,1259,1084,12.74401294971246,93.97299444003177,7,13,6,7,969,0.7660079051383399,296,1044,0.825296442687747,0.8823529411764706,855,189,0.8823529411764706,0.6385135135135135,0.825296442687747,172,1018,5.9186046511627906,0.005533596837944664,0.010276679841897233,0.0047430830039525695,0.005533596837944664,0.5221758179815009,0.29615528121904505,0.0,1.0,0.40613390043301134,0.3195875875884944,0.0,1.0,0.4411335161034103,0.29088448453149046,0.0,1.0,0.2188372748469087,0.23696236610390167,0.0,0.9032258064516129,15,0.16441620333598095,8.227958697378872,14
738,1259,1081,12.754513353811895,94.04368546465449,8,8,6,2,972,0.7720413026211279,287,1057,0.8395552025416998,0.8899176954732511,865,192,0.8899176954732511,0.6689895470383276,0.8395552025416998,185,1039,5.616216216216216,0.006354249404289118,0.006354249404289118,0.004765687053216839,0.0015885623510722795,0.5202285480027672,0.29657347554527186,0.0,1.0,0.40664633990109916,0.32036002449645157,0.0,1.0,0.43972430756616876,0.29063556147985675,0.0,1.0,0.2181967255117989,0.2365184585442367,0.0,0.9032258064516129,15,0.16600476568705322,8.238284352660841,14
739,1265,1083,12.762271802380713,94.21818181818182,10,4,2,2,927,0.7362986497220015,332,1042,0.8276409849086577,0.883495145631068,819,223,0.883495145631068,0.6716867469879518,0.8276409849086577,166,1010,6.0843373493975905,0.007942811755361398,0.003177124702144559,0.0015885623510722795,0.0015885623510722795,0.5201071018742828,0.2971580624658371,0.0,1.0,0.40693612138212415,0.3201740068914402,0.0,1.0,0.44029070508733903,0.29075740775699155,0.0,1.0,0.21851332398316972,0.23694906260912943,0.0,0.9032258064516129,15,0.16679841897233202,8.244268774703558,14
740,1267,1076,12.778426557440362,94.09313338595106,9,7,6,1,961,0.7596837944664032,304,1053,0.8324110671936759,0.9063475546305931,871,182,0.9063475546305931,0.5986842105263158,0.8324110671936759,179,1025,5.726256983240224,0.0071146245059288534,0.005533596837944664,0.0047430830039525695,0.0007905138339920949,0.5204572650660692,0.2971120547722008,0.0,1.0,0.406140998548769,0.31962955243969304,0.0,1.0,0.4415815871884309,0.29106630686268375,0.0,1.0,0.21893219950607223,0.2378299247762993,0.0,0.9032258064516129,15,0.16574585635359115,8.257300710339385,14
741,1267,1075,12.750186482496833,93.75059194948697,9,9,8,1,990,0.7813733228097869,277,1047,0.8263614838200474,0.8787878787878788,870,177,0.8787878787878788,0.6389891696750902,0.8263614838200474,170,1016,5.976470588235294,0.007103393843725336,0.007103393843725336,0.006314127861089187,0.0007892659826361484,0.5186241311709143,0.29775988615730375,0.0,1.0,0.407694070321053,0.3199300943951053,0.0,1.0,0.44140336583751305,0.29118000934992333,0.0,1.0,0.21893219950607223,0.23762954933999939,0.0,0.9032258064516129,15,0.16732438831886345,8.269139700078927,14
742,1270,1082,12.75219393722315,94.13543307086614,9,6,2,4,950,0.749802683504341,317,1065,0.840568271507498,0.8810526315789474,837,228,0.8810526315789474,0.7192429022082019,0.840568271507498,172,1044,6.069767441860465,0.007103393843725336,0.004735595895816891,0.0015785319652722968,0.0031570639305445935,0.5187198374396749,0.29788888498592264,0.0,1.0,0.40858521717043433,0.3205887754954636,0.0,1.0,0.4411226822453645,0.2912759073446299,0.0,1.0,0.21770383540767083,0.23723202670287347,0.0,0.9032258064516129,15,0.16850393700787403,8.266929133858268,14
743,1267,1078,12.692778327389412,93.21231254932913,12,15,13,2,985,0.7755905511811023,285,1086,0.8551181102362204,0.9005076142131979,887,199,0.9005076142131979,0.6982456140350877,0.8551181102362204,182,1064,5.846153846153846,0.009448818897637795,0.011811023622047244,0.010236220472440945,0.0015748031496062992,0.5192860961886091,0.2978225530374325,0.0,1.0,0.4085342566896657,0.3200815161734322,0.0,1.0,0.44280367645186747,0.2907275568997592,0.0,1.0,0.21801563255849482,0.23751829185499906,0.0,0.9032258064516129,15,0.1681136543014996,8.290449881610103,14
744,1267,1075,12.739846559727576,93.52959747434886,7,7,4,3,922,0.7277032359905288,345,1060,0.8366219415943172,0.8785249457700651,810,250,0.8785249457700651,0.7246376811594203,0.8366219415943172,179,1036,5.787709497206704,0.0055248618784530384,0.0055248618784530384,0.0031570639305445935,0.0023677979479084454,0.5194133971535504,0.2979245715591948,0.0,1.0,0.4085851770756422,0.3198445172603303,0.0,1.0,0.44428036764518675,0.2908448018321951,0.0,1.0,0.21781195101458872,0.2374561902707578,0.0,0.9032258064516129,15,0.16732438831886345,8.2991318074191,14
745,1273,1071,12.668689917885818,93.114689709348,14,8,6,2,981,0.7742699289660616,286,1060,0.8366219415943172,0.8929663608562691,876,184,0.8929663608562691,0.6433566433566433,0.8366219415943172,176,1032,5.863636363636363,0.011049723756906077,0.006314127861089187,0.004735595895816891,0.0015785319652722968,0.5192712160758178,0.29818000094156544,0.0,1.0,0.40886399918911387,0.32073740488725594,0.0,1.0,0.443174619263614,0.2907177476504999,0.0,1.0,0.21749486861110406,0.23756320468709646,0.0,0.9032258064516129,15,0.16967792615868027,8.318146111547525,14
746,1263,1071,12.704802701784224,92.89548693586698,7,17,12,5,984,0.7729772191673213,289,1097,0.8617439120188531,0.9065040650406504,892,205,0.9065040650406504,0.7093425605536332,0.8617439120188531,174,1071,6.155172413793103,0.0054988216810683424,0.01335428122545169,0.009426551453260016,0.003927729772191673,0.5185043291701785,0.2986806229280899,0.0,1.0,0.40890864046177816,0.32114788275603545,0.0,1.0,0.44262253211758995,0.2907067118093592,0.0,1.0,0.21793987689321379,0.23811011277129848,0.0,0.9032258064516129,15,0.17181314330958036,8.324623911322249,14
747,1267,1073,12.65528386735332,92.75374901341752,11,7,5,2,941,0.7450514647664291,322,1074,0.850356294536817,0.89798087141339,845,229,0.89798087141339,0.7111801242236024,0.850356294536817,167,1043,6.245508982035928,0.00870942201108472,0.0055423594615993665,0.00395882818685669,0.001583531274742676,0.5180385467321842,0.2984405898709837,0.0,1.0,0.409527204216208,0.3213235205042819,0.0,1.0,0.44463681034702246,0.29122324538843847,0.0,1.0,0.21748096850574128,0.2382442044845563,0.0,0.9032258064516129,15,0.17205998421468036,8.327545382794002,14
748,1269,1080,12.627104067124648,92.69739952718676,9,7,4,3,955,0.7537490134175217,312,1071,0.8453038674033149,0.8973821989528796,857,214,0.8973821989528796,0.6858974358974359,0.8453038674033149,167,1045,6.25748502994012,0.007103393843725336,0.0055248618784530384,0.0031570639305445935,0.0023677979479084454,0.5160527720582628,0.29891451667843844,0.0,1.0,0.4108136963318844,0.32218007547645916,0.0,1.0,0.44314802104781514,0.2907834718336289,0.0,1.0,0.21561300490607285,0.23726226291833463,0.0,0.9032258064516129,15,0.17494089834515367,8.3451536643026,15
749,1261,1081,12.608126547014853,92.10785091197462,8,16,13,3,945,0.7446808510638298,324,1066,0.8400315208825847,0.8984126984126984,849,217,0.8984126984126984,0.6697530864197531,0.8400315208825847,177,1044,5.898305084745763,0.006304176516942475,0.01260835303388495,0.01024428684003152,0.002364066193853428,0.5164104269524954,0.2987057827936125,0.0,1.0,0.40948044306873704,0.3218915704126972,0.0,1.0,0.44337571307973705,0.291260152419032,0.0,1.0,0.21503670921695534,0.2374307870779396,0.0,0.9032258064516129,15,0.17446471054718476,8.355273592386995,15
750,1259,1075,12.687536319870759,92.34868943606037,6,8,5,3,932,0.739095955590801,329,1071,0.8493259318001586,0.907725321888412,846,225,0.907725321888412,0.6838905775075987,0.8493259318001586,167,1032,6.179640718562874,0.004758128469468675,0.006344171292624901,0.003965107057890563,0.0023790642347343376,0.5167952035665787,0.2986975505448713,0.0,1.0,0.4104640139383535,0.32271559528019855,0.0,1.0,0.44367009147044506,0.290838361943369,0.0,1.0,0.2155320402777422,0.2378745307968867,0.0,0.9032258064516129,15,0.1755361397934869,8.361397934868943,15
751,1257,1077,12.753226068183505,92.74622116149563,5,7,3,4,940,0.7466243050039714,319,1050,0.8339952343129468,0.8882978723404256,835,215,0.8882978723404256,0.6739811912225705,0.8339952343129468,175,1027,5.868571428571428,0.003971405877680699,0.005559968228752979,0.0023828435266084196,0.003177124702144559,0.5179510868170503,0.2987349739042585,0.0,1.0,0.411296738265712,0.3227827560574976,0.0,1.0,0.4448892652757462,0.2910521831613308,0.0,1.0,0.21477147329791876,0.23748510047380275,0.0,0.9032258064516129,15,0.1758154335719968,8.367541766109785,15
752,1251,1081,12.805893087670304,92.97282174260592,4,10,7,3,949,0.7549721559268099,308,1044,0.8305489260143198,0.880927291886196,836,208,0.880927291886196,0.6753246753246753,0.8305489260143198,173,1021,5.901734104046243,0.0031821797931583136,0.007955449482895784,0.005568814638027049,0.002386634844868735,0.5186044712617003,0.29849293311946523,0.0,1.0,0.411309661947861,0.32299319568413837,0.0,1.0,0.4450633041953534,0.29108002304386843,0.0,1.0,0.21482169103426937,0.2373611292873923,0.0,0.9032258064516129,15,0.17585931254996004,8.382094324540368,15
753,1253,1082,12.784140817640607,92.69114126097367,10,8,6,2,952,0.7609912070343725,299,1058,0.8457234212629896,0.9128151260504201,869,189,0.9128151260504201,0.6321070234113713,0.8457234212629896,181,1040,5.745856353591161,0.007993605115907274,0.006394884092725819,0.004796163069544364,0.0015987210231814548,0.5181628607471102,0.29851260227342424,0.0,1.0,0.41191463069278894,0.32283585812989224,0.0,1.0,0.4448163118193755,0.29075045160577484,0.0,1.0,0.21427284195350516,0.2375964799687803,0.0,0.9032258064516129,15,0.17637669592976857,8.39584996009577,15
754,1255,1085,12.816401604380939,93.12509960159363,9,7,2,5,958,0.7645650438946529,295,1065,0.8499600957701516,0.8987473903966597,861,204,0.8987473903966597,0.6915254237288135,0.8499600957701516,183,1051,5.743169398907104,0.007182761372705506,0.00558659217877095,0.0015961691939345571,0.0039904229848363925,0.5180053977637836,0.29821172737935153,0.0,1.0,0.41169515486441327,0.32275697512102325,0.0,1.0,0.44451869939596456,0.2911671474978072,0.0,1.0,0.2151137385940111,0.2372573575303497,0.0,0.9032258064516129,15,0.1752988047808765,8.396812749003985,15
755,1253,1082,12.898917540866663,93.63288108539506,5,7,4,3,935,0.7450199203187251,320,1069,0.851792828685259,0.895187165775401,837,232,0.895187165775401,0.725,0.851792828685259,183,1049,5.73224043715847,0.00398406374501992,0.005577689243027889,0.0031872509960159364,0.002390438247011952,0.5184975413845481,0.298380740574249,0.0,1.0,0.4106531421362922,0.3222416977139206,0.0,1.0,0.4446618438328656,0.2914201173814508,0.0,1.0,0.2155858198388384,0.23737511236669978,0.0,0.9032258064516129,15,0.1739824421388667,8.391061452513966,15
756,1252,1089,12.91184516625535,93.79392971246007,8,9,5,4,960,0.7661612130885874,293,1069,0.8531524341580208,0.9052083333333333,869,200,0.9052083333333333,0.6825938566552902,0.8531524341580208,172,1048,6.093023255813954,0.006384676775738229,0.007182761372705506,0.0039904229848363925,0.0031923383878691143,0.5178553024837679,0.29812956251715067,0.0,1.0,0.4116768009893847,0.32254079714658623,0.0,1.0,0.44496547459548597,0.29139534340964873,0.0,1.0,0.2169689786663918,0.23848240200400472,0.0,0.9032258064516129,15,0.17492012779552715,8.394568690095847,16
757,1254,1089,12.851351245705041,93.37240829346092,12,10,7,3,981,0.7835463258785943,271,1079,0.8618210862619808,0.910295616717635,893,186,0.910295616717635,0.6863468634686347,0.8618210862619808,177,1056,5.966101694915254,0.009584664536741214,0.007987220447284345,0.005591054313099041,0.0023961661341853034,0.5209651695220455,0.29839048954856756,0.0,1.0,0.40921952976282344,0.3220015991090923,0.0,1.0,0.4465452487523795,0.29200982828708977,0.0,1.0,0.21618562535370686,0.237981017503166,0.0,0.9032258064516129,15,0.1722488038277512,8.411483253588516,16
758,1248,1089,12.891926265812675,93.4735576923077,4,10,8,2,990,0.7894736842105263,264,1058,0.8437001594896332,0.8939393939393939,885,173,0.8939393939393939,0.6553030303030303,0.8437001594896332,176,1034,5.875,0.003189792663476874,0.007974481658692184,0.006379585326953748,0.001594896331738437,0.5203680727874276,0.2985329946415786,0.0,1.0,0.4096877584780811,0.32114018734968447,0.0,1.0,0.4465725806451613,0.2920757013325592,0.0,1.0,0.21533808933002482,0.2375701600052779,0.0,0.9032258064516129,15,0.17147435897435898,8.424679487179487,16
759,1255,1091,12.838268974764786,93.13147410358566,15,8,3,5,960,0.7692307692307693,288,1064,0.8525641025641025,0.8979166666666667,862,202,0.8979166666666667,0.7013888888888888,0.8525641025641025,167,1033,6.18562874251497,0.01201923076923077,0.00641025641025641,0.002403846153846154,0.004006410256410256,0.5204986505590541,0.2981925674424248,0.0,1.0,0.4094332348027246,0.3211241738500305,0.0,1.0,0.4482971340444673,0.2923641823188948,0.0,1.0,0.21552499678704537,0.23799778870380883,0.0,0.9032258064516129,15,0.17051792828685258,8.430278884462151,16
760,1255,1086,12.844517712464876,92.79123505976095,12,12,7,5,944,0.7521912350597609,311,1043,0.8310756972111554,0.8930084745762712,843,200,0.8930084745762712,0.6430868167202572,0.8310756972111554,174,1012,5.816091954022989,0.009561752988047808,0.009561752988047808,0.005577689243027889,0.00398406374501992,0.520215910551343,0.2984786686400079,0.0,1.0,0.4090476802467549,0.32111073882663677,0.0,1.0,0.4473460994730754,0.2916575897658766,0.0,1.0,0.21488240586042925,0.23754893372987135,0.0,0.9032258064516129,15,0.17051792828685258,8.441434262948206,16
761,1263,1079,12.807738944202343,92.58986539984164,12,4,3,1,999,0.7960159362549801,256,1075,0.8565737051792829,0.9109109109109109,910,165,0.9109109109109109,0.64453125,0.8565737051792829,170,1038,6.105882352941176,0.009561752988047808,0.0031872509960159364,0.002390438247011952,0.0007968127490039841,0.5196025847316936,0.29867952434819545,0.0,1.0,0.4089597221158021,0.3207259593242925,0.0,1.0,0.4463259520343269,0.29148671558778444,0.0,1.0,0.21507930426787217,0.2374056952072583,0.0,0.9032258064516129,15,0.1702296120348377,8.446555819477435,16
762,1254,1077,12.827581049000313,92.06539074960128,8,17,12,5,961,0.7608867775138559,302,1073,0.8495645288994458,0.8969823100936525,862,211,0.8969823100936525,0.6986754966887417,0.8495645288994458,172,1043,6.063953488372093,0.006334125098970704,0.013460015835312747,0.009501187648456057,0.00395882818685669,0.5197818593404332,0.29830163209610305,0.0,1.0,0.40911663322529196,0.32016080729260743,0.0,1.0,0.4476771106652261,0.2921465977572005,0.0,1.0,0.21443638421567113,0.23676754326951227,0.0,0.9032258064516129,15,0.16985645933014354,8.45933014354067,16
763,1252,1074,12.865867604986017,92.16373801916933,7,9,6,3,972,0.7751196172248804,282,1032,0.8229665071770335,0.8734567901234568,849,183,0.8734567901234568,0.648936170212766,0.8229665071770335,170,999,5.876470588235295,0.005582137161084529,0.007177033492822967,0.004784688995215311,0.0023923444976076554,0.519220859527981,0.29846542448674035,0.0,1.0,0.40876533031021334,0.32037802981973035,0.0,1.0,0.44615067504895395,0.29149126118926855,0.0,1.0,0.21477893435020096,0.23673107622010037,0.0,0.9032258064516129,15,0.17092651757188498,8.45926517571885,16
764,1252,1073,12.843945776274598,92.05750798722045,9,9,6,3,942,0.7523961661341853,310,1022,0.8162939297124601,0.8673036093418259,817,205,0.8673036093418259,0.6612903225806451,0.8162939297124601,173,994,5.745664739884393,0.00718849840255591,0.00718849840255591,0.004792332268370607,0.0023961661341853034,0.519555807482222,0.29813159326625793,0.0,1.0,0.4074255384932495,0.3202219480628689,0.0,1.0,0.44615067504895395,0.2913458073161454,0.0,1.0,0.21354220344223437,0.23592103066816064,0.0,0.9032258064516129,15,0.17012779552715654,8.47444089456869,16
765,1257,1067,12.854188335555648,92.06046141607001,10,5,4,1,961,0.7675718849840255,291,1052,0.8402555910543131,0.8917793964620188,857,195,0.8917793964620188,0.6701030927835051,0.8402555910543131,173,1019,5.890173410404624,0.007987220447284345,0.003993610223642172,0.003194888178913738,0.0007987220447284345,0.5205173608437909,0.2981063044031004,0.0,1.0,0.40660045679677675,0.32012628186180214,0.0,1.0,0.44622372776965125,0.2915601894465549,0.0,1.0,0.2145148458952447,0.23623226663312655,0.0,0.9032258064516129,15,0.16945107398568018,8.486077963404933,16
766,1253,1068,12.950974694756772,92.75339185953712,6,10,2,8,968,0.7700875099443119,289,1078,0.8575974542561655,0.90599173553719,877,201,0.90599173553719,0.6955017301038062,0.8575974542561655,172,1051,6.1104651162790695,0.00477326968973747,0.007955449482895784,0.0015910898965791568,0.006364359586316627,0.5214066884638158,0.29769278058718085,0.0,1.0,0.4057874005612337,0.3195534773254937,0.0,1.0,0.44744226759004196,0.2915472387762839,0.0,1.0,0.214607522590943,0.2364088840370855,0.0,0.9032258064516129,15,0.16759776536312848,8.490822027134877,16
767,1258,1071,12.867955986017801,92.29809220985692,12,7,6,1,935,0.7462090981644054,318,1061,0.8467677573822825,0.8909090909090909,833,228,0.8909090909090909,0.7169811320754716,0.8467677573822825,173,1037,5.994219653179191,0.009577015163607342,0.00558659217877095,0.004788507581803671,0.0007980845969672786,0.5197446022872968,0.29798982143159225,0.0,1.0,0.40604646392122673,0.31973057784404146,0.0,1.0,0.4459203036053131,0.29123689092549676,0.0,1.0,0.21342120108723525,0.23542895420331053,0.0,0.9032258064516129,15,0.16931637519872814,8.503179650238474,16
768,1265,1064,12.8810335280373,92.44426877470356,10,3,2,1,938,0.7456279809220986,320,1044,0.8298887122416534,0.8795309168443497,825,219,0.8795309168443497,0.684375,0.8298887122416534,177,1014,5.728813559322034,0.00794912559618442,0.0023847376788553257,0.001589825119236884,0.000794912559618442,0.5201581027667984,0.2978734797664523,0.0,1.0,0.4048960856814994,0.31984670675532023,0.0,1.0,0.4446002805049088,0.29091446231570395,0.0,1.0,0.21336223383909217,0.23541031667097784,0.0,0.9032258064516129,15,0.1691699604743083,8.502766798418973,16
769,1272,1060,12.844312750447914,92.30660377358491,13,6,3,3,1015,0.8023715415019763,250,1102,0.8711462450592885,0.9142857142857143,928,174,0.9142857142857143,0.696,0.8711462450592885,176,1074,6.1022727272727275,0.010276679841897233,0.0047430830039525695,0.0023715415019762848,0.0023715415019762848,0.5187918441874619,0.2980810180624055,0.0,1.0,0.40662406167579634,0.32112407463958426,0.0,1.0,0.44453743152769326,0.2906855728832756,0.0,1.0,0.21178230878474336,0.23469692076736212,0.0,0.9032258064516129,15,0.17295597484276728,8.516509433962264,16
770,1271,1057,12.870438373300862,92.3170731707317,8,9,5,4,978,0.7688679245283019,294,1076,0.8459119496855346,0.8977505112474438,878,198,0.8977505112474438,0.673469387755102,0.8459119496855346,173,1046,6.046242774566474,0.006289308176100629,0.007075471698113208,0.003930817610062893,0.0031446540880503146,0.5183117179767011,0.2984477880048648,0.0,1.0,0.40773076825461285,0.3217050646535879,0.0,1.0,0.44415116367604884,0.29055794698068776,0.0,1.0,0.2110606329788584,0.23451853290075986,0.0,0.9032258064516129,15,0.17545239968528717,8.531077891424076,17
771,1277,1058,12.773146402205105,91.85434612372748,13,7,6,1,993,0.7812745869394178,278,1093,0.8599527930763179,0.9003021148036254,894,199,0.9003021148036254,0.7158273381294964,0.8599527930763179,179,1073,5.994413407821229,0.010228166797797011,0.0055074744295830055,0.004720692368214005,0.0007867820613690008,0.5207517619420516,0.298118614279798,0.0,1.0,0.407002298734433,0.32201904766553313,0.0,1.0,0.4445146133831813,0.2908191860818335,0.0,1.0,0.20986687548942834,0.23412325422441574,0.0,0.9032258064516129,15,0.17462803445575567,8.529365700861394,17
772,1269,1056,12.8463461769752,91.94168636721828,5,13,8,5,1024,0.8018794048551292,253,1069,0.8371182458888019,0.8994140625,921,148,0.8994140625,0.5849802371541502,0.8371182458888019,177,1044,5.898305084745763,0.003915426781519186,0.010180109631949883,0.006264682850430697,0.003915426781519186,0.5196115813823432,0.2983065621618169,0.0,1.0,0.4070515264749993,0.3220023300547075,0.0,1.0,0.44319886118101626,0.29100482118605164,0.0,1.0,0.21070693205216195,0.23477058911525592,0.0,0.9032258064516129,15,0.17572892040977148,8.52876280535855,17
773,1275,1060,12.769002557739038,91.81254901960784,12,6,5,1,972,0.7659574468085106,297,1089,0.8581560283687943,0.9084362139917695,883,206,0.9084362139917695,0.6936026936026936,0.8581560283687943,171,1064,6.222222222222222,0.009456264775413711,0.004728132387706856,0.003940110323089046,0.0007880220646178094,0.5196204933586338,0.2986206939419807,0.0,1.0,0.4084250474383302,0.32202561768829413,0.0,1.0,0.4423276407337129,0.2906883093385826,0.0,1.0,0.21206831119544592,0.23545093629540206,0.0,0.9032258064516129,15,0.17647058823529413,8.537254901960784,17
774,1268,1056,12.834433732941028,91.92902208201893,5,12,7,5,953,0.7474509803921568,322,1093,0.8572549019607844,0.9202518363064008,877,216,0.9202518363064008,0.6708074534161491,0.8572549019607844,177,1066,6.022598870056497,0.00392156862745098,0.009411764705882352,0.005490196078431373,0.00392156862745098,0.5212933753943217,0.29837506512978024,0.0,1.0,0.40668566195176553,0.32101535008834775,0.0,1.0,0.44410806960415183,0.2911811421915336,0.0,1.0,0.21173806858654728,0.23459371118869113,0.0,0.9032258064516129,15,0.17271293375394323,8.555205047318612,17
775,1270,1050,12.810263171156208,91.5763779527559,10,8,7,1,974,0.7681388012618297,294,1071,0.8446372239747634,0.9086242299794661,885,186,0.9086242299794661,0.6326530612244898,0.8446372239747634,176,1041,5.9147727272727275,0.007886435331230283,0.006309148264984227,0.005520504731861199,0.0007886435331230284,0.5208280416560832,0.298463529029857,0.0,1.0,0.40647701295402594,0.3207346203781802,0.0,1.0,0.4441706883413767,0.2908912703587823,0.0,1.0,0.21092202184404368,0.23435260758310122,0.0,0.9032258064516129,15,0.1732283464566929,8.57244094488189,17
776,1279,1050,12.649446651794895,90.68256450351838,18,9,8,1,967,0.7614173228346457,303,1071,0.8433070866141732,0.8955532574974147,866,205,0.8955532574974147,0.6765676567656765,0.8433070866141732,166,1037,6.246987951807229,0.014173228346456693,0.007086614173228346,0.006299212598425197,0.0007874015748031496,0.5194078034754974,0.2985020689043284,0.0,1.0,0.4067441801810891,0.321102485842185,0.0,1.0,0.4417765895735075,0.290075978127196,0.0,1.0,0.21052233347625413,0.23421066101033017,0.0,0.9032258064516129,15,0.1751368256450352,8.591868647380766,17
777,1277,1047,12.687203360836287,90.70321064996085,9,11,5,6,960,0.7505863956215794,319,1070,0.836591086786552,0.89375,858,212,0.89375,0.664576802507837,0.836591086786552,171,1038,6.0701754385964914,0.007036747458952306,0.008600469116497263,0.003909304143862392,0.004691164972634871,0.5174425947912193,0.2985926217926318,0.0,1.0,0.4053350847500442,0.31986095550376753,0.0,1.0,0.4423169222219416,0.2898604330595242,0.0,1.0,0.21064996084573218,0.23406561589064193,0.0,0.9032258064516129,15,0.17384494909945183,8.59984338292874,17
778,1279,1053,12.72427243424451,91.3721657544957,3,1,1,0,963,0.7541111981205951,314,1084,0.8488645262333594,0.9003115264797508,867,217,0.9003115264797508,0.6910828025477707,0.8488645262333594,168,1058,6.2976190476190474,0.0023492560689115116,0.0007830853563038371,0.0007830853563038371,0.0,0.5168856717697798,0.2986907689023622,0.0,1.0,0.4056092209135161,0.32006988768983263,0.0,1.0,0.4420288027440793,0.28971958432895223,0.0,1.0,0.2109006532321118,0.23411865492579534,0.0,0.9032258064516129,15,0.1743549648162627,8.604378420641126,17
779,1279,1059,12.689474273069232,91.2384675527756,10,10,6,4,953,0.745113369820172,326,1077,0.8420641125879593,0.9045120671563484,862,215,0.9045120671563484,0.6595092024539877,0.8420641125879593,169,1052,6.224852071005917,0.007818608287724784,0.007818608287724784,0.004691164972634871,0.003127443315089914,0.5177684178667811,0.29919480232988654,0.0,1.0,0.40525612247471565,0.31951006920180564,0.0,1.0,0.4430628767434235,0.29076242637629923,0.0,1.0,0.21072410401271152,0.233771741581498,0.0,0.9032258064516129,15,0.17279124315871774,8.604378420641126,17
780,1278,1060,12.717600049625982,91.44287949921753,6,7,5,2,956,0.7474589523064894,323,1092,0.8537920250195465,0.893305439330544,854,238,0.893305439330544,0.7368421052631579,0.8537920250195465,185,1078,5.827027027027027,0.004691164972634871,0.00547302580140735,0.003909304143862392,0.001563721657544957,0.5181483164218285,0.29939519579954543,0.0,1.0,0.4062799737493059,0.3190682162662368,0.0,1.0,0.44449492654853856,0.29139722725750267,0.0,1.0,0.21073754354081478,0.2334305662399853,0.0,0.9032258064516129,15,0.1729264475743349,8.618153364632239,18
781,1279,1062,12.735495672480184,91.74120406567631,8,7,4,3,971,0.7597809076682316,307,1102,0.8622848200312989,0.9083419155509783,882,220,0.9083419155509783,0.7166123778501629,0.8622848200312989,178,1082,6.078651685393258,0.006259780907668232,0.005477308294209703,0.003129890453834116,0.002347417840375587,0.5181215163055815,0.2991328289160362,0.0,1.0,0.4051804585235441,0.3187635825942262,0.0,1.0,0.44447527049862545,0.29158842740479296,0.0,1.0,0.21130419430502662,0.233521190494871,0.0,0.9032258064516129,15,0.1712275215011728,8.61845191555903,18
782,1275,1064,12.763677088628008,91.73019607843138,5,9,8,1,965,0.7544956997654417,314,1080,0.8444096950742768,0.9025906735751296,871,209,0.9025906735751296,0.6656050955414012,0.8444096950742768,178,1060,5.955056179775281,0.003909304143862392,0.007036747458952306,0.006254886630179828,0.0007818608287724785,0.5189626818469323,0.2988271013562362,0.0,1.0,0.40366856419987346,0.31827936877601243,0.0,1.0,0.44498418722327643,0.2918858209841402,0.0,1.0,0.21090449082858947,0.23359113027192296,0.0,0.9032258064516129,15,0.17019607843137255,8.633725490196078,18
783,1273,1060,12.869688878142435,92.34171249018067,5,7,2,5,963,0.7552941176470588,312,1108,0.8690196078431373,0.9086188992731049,875,233,0.9086188992731049,0.7467948717948718,0.8690196078431373,180,1084,6.022222222222222,0.00392156862745098,0.005490196078431373,0.001568627450980392,0.00392156862745098,0.5173200212857613,0.29910425576570643,0.0,1.0,0.40407470288624786,0.3177235741461261,0.0,1.0,0.444796391556648,0.2921933563873677,0.0,1.0,0.2116159440488559,0.23356947028517153,0.0,0.9032258064516129,15,0.16967792615868027,8.633935585231736,18
784,1278,1064,12.855661181702288,92.65962441314554,8,3,2,1,966,0.7588373919874313,307,1073,0.842890809112333,0.901656314699793,871,202,0.901656314699793,0.6579804560260586,0.842890809112333,173,1050,6.069364161849711,0.006284367635506678,0.002356637863315004,0.0015710919088766694,0.0007855459544383347,0.5180473522136402,0.29922175674038226,0.0,1.0,0.4028976727750012,0.31772990765420467,0.0,1.0,0.4441163107678328,0.29141986545021564,0.0,1.0,0.21154525720632036,0.2336137856989446,0.0,0.9032258064516129,15,0.16901408450704225,8.641627543035995,18
785,1278,1061,12.891697844661158,93.15258215962442,8,8,2,6,1017,0.795774647887324,261,1071,0.8380281690140845,0.8987217305801377,914,157,0.8987217305801377,0.6015325670498084,0.8380281690140845,177,1045,5.903954802259887,0.006259780907668232,0.006259780907668232,0.001564945226917058,0.004694835680751174,0.518956030087334,0.29879791520523835,0.0,1.0,0.4030491190872836,0.3179733855112064,0.0,1.0,0.44449492654853856,0.2918439597604943,0.0,1.0,0.21227724771568482,0.2339933526429378,0.0,0.9032258064516129,15,0.1697965571205008,8.642410015649451,18
786,1276,1061,12.981247287639896,94.02742946708464,3,5,1,4,1000,0.7824726134585289,278,1083,0.8474178403755869,0.896,896,187,0.896,0.6726618705035972,0.8474178403755869,175,1058,6.045714285714285,0.002347417840375587,0.003912363067292645,0.000782472613458529,0.003129890453834116,0.5182778845181514,0.29870612852180073,0.0,1.0,0.4040347861259985,0.31823111417322447,0.0,1.0,0.44425624431186167,0.2917245667650859,0.0,1.0,0.21195267468904844,0.23394575508680737,0.0,0.9032258064516129,15,0.17084639498432602,8.644200626959247,18
787,1274,1057,13.044450636552213,94.29434850863423,4,6,5,1,992,0.7774294670846394,284,1098,0.8605015673981191,0.9082661290322581,901,197,0.9082661290322581,0.6936619718309859,0.8605015673981191,177,1071,6.0508474576271185,0.003134796238244514,0.004702194357366771,0.003918495297805642,0.0007836990595611285,0.5190661872689523,0.2982622661978027,0.0,1.0,0.402187674077075,0.3181048439003578,0.0,1.0,0.4447257811313111,0.2921118931913338,0.0,1.0,0.2119309262166405,0.234027477913652,0.0,0.9032258064516129,15,0.1695447409733124,8.661695447409732,19
788,1276,1065,12.943674158508674,94.11755485893417,10,8,7,1,991,0.7778649921507065,283,1079,0.8469387755102041,0.9041372351160444,896,183,0.9041372351160444,0.6466431095406361,0.8469387755102041,173,1060,6.127167630057803,0.007849293563579277,0.006279434850863423,0.005494505494505495,0.0007849293563579278,0.5206542623116595,0.2981849740255632,0.0,1.0,0.40067246435433307,0.3171437431336218,0.0,1.0,0.4448882596824754,0.2920066500293028,0.0,1.0,0.21104257255536457,0.2338726497398244,0.0,0.9032258064516129,15,0.16849529780564262,8.684952978056426,19
789,1274,1057,13.029688196147458,94.44191522762951,6,8,4,4,978,0.7664576802507836,298,1092,0.8557993730407524,0.9100204498977505,890,202,0.9100204498977505,0.6778523489932886,0.8557993730407524,175,1059,6.051428571428572,0.004702194357366771,0.006269592476489028,0.003134796238244514,0.003134796238244514,0.5197498354180382,0.2983300508122042,0.0,1.0,0.40135210411708105,0.3171057677017864,0.0,1.0,0.4446751405276751,0.29225326346190666,0.0,1.0,0.2108168329366486,0.23352895561129658,0.0,0.9032258064516129,15,0.16797488226059654,8.68602825745683,19
790,1274,1054,13.006653916174791,94.3563579277865,9,9,6,3,976,0.7660910518053375,298,1111,0.8720565149136578,0.9159836065573771,894,217,0.9159836065573771,0.7281879194630873,0.8720565149136578,177,1085,6.129943502824859,0.00706436420722135,0.00706436420722135,0.004709576138147566,0.002354788069073783,0.5171418443307845,0.29855966168602166,0.0,1.0,0.40284600192434294,0.31698484126783844,0.0,1.0,0.4449283435458551,0.2920355009044916,0.0,1.0,0.21028510659847063,0.23323346419498442,0.0,0.9032258064516129,15,0.17032967032967034,8.695447409733124,19
791,1281,1058,12.963305462835592,94.3887587822014,11,4,1,3,968,0.7598116169544741,306,1079,0.8469387755102041,0.890495867768595,862,217,0.890495867768595,0.7091503267973857,0.8469387755102041,177,1060,5.988700564971752,0.008634222919937205,0.0031397174254317113,0.0007849293563579278,0.002354788069073783,0.5169348543224799,0.29867231692038776,0.0,1.0,0.4016771171715645,0.3161059789243139,0.0,1.0,0.445518873863665,0.2922736165789794,0.0,1.0,0.2094381909294654,0.23251523180729544,0.0,0.9032258064516129,15,0.16939890710382513,8.715066354410617,20
792,1280,1052,12.994849329313215,94.6359375,9,10,4,6,968,0.7556596409055425,313,1105,0.862607338017174,0.893595041322314,865,240,0.893595041322314,0.7667731629392971,0.862607338017174,178,1077,6.050561797752809,0.00702576112412178,0.0078064012490242,0.00312256049960968,0.00468384074941452,0.5153477822580645,0.29928516935071575,0.0,1.0,0.4014868951612903,0.31639261413815717,0.0,1.0,0.4457913306451613,0.2919829756064367,0.0,1.0,0.2082157258064516,0.23226886573751648,0.0,0.9032258064516129,15,0.1703125,8.71171875,20
793,1283,1054,12.979746949458425,94.80592361652377,9,6,3,3,997,0.77890625,283,1103,0.86171875,0.8986960882647944,896,207,0.8986960882647944,0.7314487632508834,0.86171875,176,1081,6.142045454545454,0.00703125,0.0046875,0.00234375,0.00234375,0.5160787468885928,0.2990486480722726,0.0,1.0,0.40162924597088473,0.3155850295952274,0.0,1.0,0.44588037110602674,0.2926604917613174,0.0,1.0,0.20798028813516706,0.23203879843634145,0.0,0.9032258064516129,15,0.1691348402182385,8.715510522213561,20
794,1283,1046,12.956653269577922,94.46687451286049,13,13,7,6,979,0.7630553390491036,304,1075,0.8378799688230709,0.8968335035750766,878,197,0.8968335035750766,0.6480263157894737,0.8378799688230709,170,1037,6.1,0.010132501948558068,0.010132501948558068,0.005455962587685113,0.004676539360872954,0.51499761144495,0.2997494846286734,0.0,1.0,0.4017549593945642,0.3157346652223935,0.0,1.0,0.4445729514997611,0.29257097950913963,0.0,1.0,0.20735172101677019,0.23188649550223364,0.0,0.9032258064516129,15,0.16991426344505067,8.720966484801247,20
795,1283,1050,12.892156623370086,94.27279812938426,12,12,7,5,978,0.7622759158222915,305,1059,0.8254091971940763,0.8742331288343558,855,204,0.8742331288343558,0.6688524590163935,0.8254091971940763,175,1038,5.9314285714285715,0.009353078721745909,0.009353078721745909,0.005455962587685113,0.003897116134060795,0.5159278907801774,0.29964736275437337,0.0,1.0,0.40208181429613055,0.3153453233755488,0.0,1.0,0.4448746637165916,0.29294930903549216,0.0,1.0,0.20790486008095946,0.23161841296551106,0.0,0.9032258064516129,15,0.1691348402182385,8.728760717069369,20
796,1285,1042,12.890577138694143,94.30194552529183,9,7,5,2,989,0.7708495713172252,294,1108,0.8636009353078722,0.9110212335692619,901,207,0.9110212335692619,0.7040816326530612,0.8636009353078722,178,1078,6.056179775280899,0.007014809041309431,0.005455962587685113,0.003897116134060795,0.001558846453624318,0.5170327601355592,0.2992694087615145,0.0,1.0,0.40115476339902095,0.31559904817708995,0.0,1.0,0.4437303878498808,0.2924849690631206,0.0,1.0,0.20745575498933097,0.23141408877826805,0.0,0.9032258064516129,15,0.1688715953307393,8.73852140077821,20
797,1288,1036,12.876152975277288,94.07996894409938,12,9,6,3,952,0.7408560311284047,333,1089,0.8474708171206226,0.8907563025210085,848,241,0.8907563025210085,0.7237237237237237,0.8474708171206226,174,1057,6.074712643678161,0.00933852140077821,0.007003891050583658,0.004669260700389105,0.0023346303501945525,0.5164045281506712,0.29939316879944394,0.0,1.0,0.4005459827689842,0.3154121230242849,0.0,1.0,0.44427469445001005,0.29229768924329574,0.0,1.0,0.20842516529753555,0.2321608884146446,0.0,0.9032258064516129,15,0.16770186335403728,8.751552795031056,20
798,1295,1029,12.80050021563408,93.6054054054054,15,8,6,2,941,0.7305900621118012,347,1089,0.8454968944099379,0.9011689691817216,848,241,0.9011689691817216,0.6945244956772334,0.8454968944099379,169,1051,6.218934911242603,0.011645962732919254,0.006211180124223602,0.004658385093167702,0.0015527950310559005,0.5151824635695603,0.299547447042519,0.0,1.0,0.40042346493959396,0.3148711018972504,0.0,1.0,0.44523601942956786,0.2930805372431388,0.0,1.0,0.20655125171254204,0.23116706513144264,0.0,0.9032258064516129,15,0.17065637065637065,8.76138996138996,21
799,1294,1024,12.820289696092626,93.66228748068006,6,7,6,1,973,0.7513513513513513,322,1103,0.8517374517374517,0.9033915724563206,879,224,0.9033915724563206,0.6956521739130435,0.8517374517374517,175,1073,6.131428571428572,0.004633204633204633,0.005405405405405406,0.004633204633204633,0.0007722007722007722,0.5134616343421249,0.29956556279908153,0.0,1.0,0.40108191653786707,0.3149082399710932,0.0,1.0,0.4440095727177544,0.2928997512582447,0.0,1.0,0.20643665553173454,0.23108044017253532,0.0,0.9032258064516129,15,0.16924265842349304,8.771251931993818,21
800,1296,1029,12.80365167934402,93.80015432098766,9,7,4,3,941,0.7272024729520865,353,1084,0.8377125193199382,0.8884165781083954,836,248,0.8884165781083954,0.7025495750708215,0.8377125193199382,164,1053,6.420731707317073,0.006955177743431221,0.005409582689335394,0.0030911901081916537,0.00231839258114374,0.5123954599761051,0.2996593675704135,0.0,1.0,0.4002638391079251,0.31472548825237506,0.0,1.0,0.4426274392672242,0.2921317964418948,0.0,1.0,0.20589406610911987,0.23096766413447492,0.0,0.9032258064516129,15,0.16666666666666666,8.77391975308642,21
801,1294,1021,12.752329181948177,93.2967542503864,10,12,11,1,1025,0.7908950617283951,271,1107,0.8541666666666666,0.9053658536585366,928,179,0.9053658536585366,0.6605166051660517,0.8541666666666666,178,1077,6.050561797752809,0.007716049382716049,0.009259259259259259,0.008487654320987654,0.0007716049382716049,0.5132123448172708,0.2999924423774293,0.0,1.0,0.39936181881637334,0.31319667614161234,0.0,1.0,0.44318691728573567,0.29241421963472436,0.0,1.0,0.20543949743231787,0.23089370875366916,0.0,0.9032258064516129,15,0.16769706336939721,8.78902627511592,21
802,1295,1012,12.73892510173041,93.05250965250966,11,10,6,4,989,0.7642967542503863,305,1079,0.8338485316846986,0.8897876643073812,880,199,0.8897876643073812,0.6524590163934426,0.8338485316846986,170,1040,6.117647058823529,0.008500772797527048,0.0077279752704791345,0.00463678516228748,0.0030911901081916537,0.5131896873832357,0.2996739850359047,0.0,1.0,0.40004981940465806,0.31248004854603684,0.0,1.0,0.44331797235023046,0.29214959291571035,0.0,1.0,0.20508157927512766,0.23015310806027148,0.0,0.9032258064516129,15,0.1667953667953668,8.806949806949808,21
803,1300,1004,12.714386789026156,92.85153846153847,12,7,5,2,955,0.7374517374517374,340,1134,0.8756756756756757,0.9162303664921466,875,259,0.9162303664921466,0.7617647058823529,0.8756756756756757,175,1101,6.291428571428572,0.009266409266409266,0.005405405405405406,0.003861003861003861,0.0015444015444015444,0.5146153846153846,0.29978264984927083,0.0,1.0,0.3987841191066997,0.3121852973332765,0.0,1.0,0.44337468982630274,0.2924915016921836,0.0,1.0,0.2044168734491315,0.2295932522272124,0.0,0.9032258064516129,15,0.16615384615384615,8.818461538461538,21
804,1298,1006,12.728751378455101,93.33281972265023,6,8,4,4,1019,0.7838461538461539,281,1093,0.8407692307692308,0.8940137389597644,911,182,0.8940137389597644,0.6476868327402135,0.8407692307692308,177,1072,6.056497175141243,0.004615384615384616,0.006153846153846154,0.003076923076923077,0.003076923076923077,0.5143148267806551,0.29993970007145215,0.0,1.0,0.3985784581738655,0.3118313896919677,0.0,1.0,0.4438341865897908,0.2921606837819197,0.0,1.0,0.2043590635717481,0.2296178761741463,0.0,0.9032258064516129,15,0.16486902927580893,8.819722650231125,21
805,1300,1012,12.665074492602127,93.2976923076923,11,9,6,3,960,0.7395993836671803,338,1100,0.847457627118644,0.9083333333333333,872,228,0.9083333333333333,0.6745562130177515,0.847457627118644,173,1079,6.236994219653179,0.00847457627118644,0.006933744221879815,0.004622496147919877,0.0023112480739599386,0.5137965260545905,0.3001736511174833,0.0,1.0,0.39702233250620345,0.3122552486862702,0.0,1.0,0.44322580645161297,0.29126139907899284,0.0,1.0,0.2047394540942928,0.23048075434967774,0.0,0.9032258064516129,15,0.16307692307692306,8.82846153846154,21
806,1307,1014,12.585264984739279,93.06885998469778,14,7,4,3,989,0.7607692307692308,311,1125,0.8653846153846154,0.9150657229524772,905,220,0.9150657229524772,0.707395498392283,0.8653846153846154,174,1101,6.327586206896552,0.010769230769230769,0.005384615384615384,0.003076923076923077,0.002307692307692308,0.5138090184367056,0.300420091579678,0.0,1.0,0.39862280030604436,0.3123002602055968,0.0,1.0,0.4428758298985611,0.29069683155419535,0.0,1.0,0.20487696522447366,0.22996534250138476,0.0,0.9032258064516129,15,0.16449885233358838,8.839326702371844,21
807,1304,1013,12.598051294842593,93.12039877300613,5,8,7,1,993,0.7597551644988524,314,1122,0.8584544758990054,0.9103726082578046,904,218,0.9103726082578046,0.6942675159235668,0.8584544758990054,180,1101,6.116666666666666,0.0038255547054322878,0.00612088752869166,0.005355776587605203,0.0007651109410864575,0.514372649910944,0.30050520180168033,0.0,1.0,0.3973134771422917,0.31166239169546783,0.0,1.0,0.44357312487631106,0.29061653548723265,0.0,1.0,0.20430932119532952,0.22992117811026885,0.0,0.9032258064516129,15,0.16487730061349692,8.8420245398773,21
808,1305,1017,12.582988212602816,93.25134099616858,6,5,5,0,986,0.7561349693251533,318,1107,0.8489263803680982,0.9137931034482759,901,206,0.9137931034482759,0.6477987421383647,0.8489263803680982,180,1091,6.061111111111111,0.004601226993865031,0.003834355828220859,0.003834355828220859,0.0,0.5139537758002718,0.3007202550977067,0.0,1.0,0.3975033988382153,0.3114290252967499,0.0,1.0,0.4432332220986281,0.29063817550643434,0.0,1.0,0.20538870349771354,0.2301958447421463,0.0,0.9032258064516129,15,0.16398467432950192,8.847509578544061,21
809,1300,1018,12.577291726033549,92.88538461538461,9,14,9,5,988,0.757088122605364,317,1115,0.8544061302681992,0.8937246963562753,883,232,0.8937246963562753,0.7318611987381703,0.8544061302681992,180,1096,6.088888888888889,0.006896551724137931,0.010727969348659003,0.006896551724137931,0.0038314176245210726,0.5135732009925558,0.3011369358264143,0.0,1.0,0.3972952853598015,0.3113800649375218,0.0,1.0,0.4431761786600496,0.28989640200568756,0.0,1.0,0.20511166253101737,0.2295348989796046,0.0,0.9032258064516129,15,0.16384615384615384,8.86076923076923,21
810,1299,1028,12.514173692328963,92.71439568899153,9,10,8,2,947,0.7284615384615385,353,1109,0.8530769230769231,0.8986272439281943,851,258,0.8986272439281943,0.7308781869688386,0.8530769230769231,173,1092,6.312138728323699,0.006923076923076923,0.007692307692307693,0.006153846153846154,0.0015384615384615385,0.512875909508555,0.30091885444581423,0.0,1.0,0.3979487943579428,0.31256392765098623,0.0,1.0,0.44304551888549504,0.2898343007150231,0.0,1.0,0.20415207728029006,0.22939929813342044,0.0,0.9032258064516129,15,0.16551193225558122,8.866050808314087,21
811,1301,1036,12.425692158602228,92.67640276710223,12,10,6,4,1045,0.8044649730561971,254,1094,0.8421862971516552,0.8937799043062201,934,160,0.8937799043062201,0.6299212598425197,0.8421862971516552,173,1075,6.213872832369942,0.009237875288683603,0.007698229407236336,0.004618937644341801,0.003079291762894534,0.5133520120998736,0.3002649851994093,0.0,1.0,0.3993454166769978,0.311644766138474,0.0,1.0,0.4453894026927178,0.29099893245647995,0.0,1.0,0.20440851950112818,0.2297072386299982,0.0,0.9032258064516129,15,0.1652574942352037,8.87009992313605,21
812,1294,1037,12.539400083898938,93.61823802163833,3,10,3,7,1002,0.7701767870868562,299,1106,0.8501152959262106,0.9131736526946108,915,191,0.9131736526946108,0.6387959866220736,0.8501152959262106,179,1086,6.067039106145251,0.0023059185242121443,0.007686395080707148,0.0023059185242121443,0.005380476556495004,0.5118163234780875,0.30000778810951534,0.0,1.0,0.4001844742483921,0.31168465122869415,0.0,1.0,0.44562995462930644,0.29064576647728585,0.0,1.0,0.20494091838260955,0.22977726823267572,0.0,0.9032258064516129,15,0.16460587326120557,8.863987635239567,21
813,1294,1034,12.57614540506686,94.05873261205564,7,7,2,5,994,0.768160741885626,300,1127,0.8709428129829985,0.9225352112676056,917,210,0.9225352112676056,0.7,0.8709428129829985,181,1105,6.104972375690608,0.005409582689335394,0.005409582689335394,0.0015455950540958269,0.0038639876352395673,0.5111681707134665,0.2997591062824753,0.0,1.0,0.4007079822505858,0.3119961892342969,0.0,1.0,0.4453058782469961,0.2901252064384041,0.0,1.0,0.2036944707583387,0.2293067454417965,0.0,0.9032258064516129,15,0.16537867078825347,8.864760432766616,21
814,1296,1040,12.543193481440797,94.35262345679013,8,6,3,3,1030,0.7959814528593508,264,1121,0.866306027820711,0.9048543689320389,932,189,0.9048543689320389,0.7159090909090909,0.866306027820711,173,1100,6.358381502890174,0.0061823802163833074,0.00463678516228748,0.00231839258114374,0.00231839258114374,0.511300278773397,0.29973749112913967,0.0,1.0,0.4020808442851454,0.3120652282985139,0.0,1.0,0.4446933492632418,0.2901792414690126,0.0,1.0,0.2032556750298686,0.22834635517139776,0.0,0.9032258064516129,15,0.16666666666666666,8.875,21
815,1304,1043,12.499279089512424,94.6042944785276,10,2,1,1,987,0.7615740740740741,309,1112,0.8580246913580247,0.9159067882472138,904,208,0.9159067882472138,0.6731391585760518,0.8580246913580247,176,1091,6.198863636363637,0.007716049382716049,0.0015432098765432098,0.0007716049382716049,0.0007716049382716049,0.5107114585394815,0.2995917617940815,0.0,1.0,0.40213734415198893,0.3130831673461396,0.0,1.0,0.4443894716010291,0.289855779339722,0.0,1.0,0.20240451217098754,0.22819639845931683,0.0,0.9032258064516129,15,0.16794478527607362,8.875,21
816,1301,1045,12.529217956071202,94.9108378170638,7,10,5,5,982,0.7530674846625767,322,1120,0.8588957055214724,0.9154786150712831,899,221,0.9154786150712831,0.6863354037267081,0.8588957055214724,179,1101,6.150837988826815,0.005368098159509203,0.007668711656441718,0.003834355828220859,0.003834355828220859,0.5111700676898663,0.29970893877594484,0.0,1.0,0.40150256626416403,0.31291913406587446,0.0,1.0,0.44504227517294387,0.2898925158861133,0.0,1.0,0.20274726637078178,0.22834989676407166,0.0,0.9032258064516129,15,0.16679477325134512,8.869331283627979,21
817,1298,1041,12.52595911120565,94.91217257318952,7,10,8,2,1014,0.7794004611837049,287,1126,0.865488086087625,0.9092702169625246,922,204,0.9092702169625246,0.710801393728223,0.865488086087625,175,1097,6.268571428571429,0.005380476556495004,0.007686395080707148,0.006149116064565719,0.0015372790161414297,0.5106118594363537,0.29946240609691166,0.0,1.0,0.401436453104031,0.3130565107386788,0.0,1.0,0.4438590387196183,0.2891563365089015,0.0,1.0,0.20254485809433867,0.22819566638451333,0.0,0.9032258064516129,15,0.16718027734976887,8.880585516178737,21
818,1294,1036,12.584828051008808,94.94976816074188,5,9,8,1,940,0.724191063174114,358,1078,0.8305084745762712,0.8914893617021277,838,240,0.8914893617021277,0.6703910614525139,0.8305084745762712,179,1052,5.877094972067039,0.003852080123266564,0.006933744221879815,0.0061633281972265025,0.0007704160246533128,0.5118412524305728,0.2987847013961182,0.0,1.0,0.4002592611058483,0.31221640722736427,0.0,1.0,0.44410928852769604,0.2887352302352971,0.0,1.0,0.20309617589868875,0.22844004266089726,0.0,0.9032258064516129,15,0.16383307573415765,8.896445131375579,21
819,1297,1036,12.592642212438353,95.2035466461064,8,5,3,2,959,0.741112828438949,335,1112,0.8593508500772797,0.9144942648592284,877,235,0.9144942648592284,0.7014925373134329,0.8593508500772797,172,1084,6.3023255813953485,0.0061823802163833074,0.0038639876352395673,0.00231839258114374,0.0015455950540958269,0.5109558037157709,0.299179345801837,0.0,1.0,0.3986867958315716,0.3123538322393872,0.0,1.0,0.443057179098167,0.2877044880328909,0.0,1.0,0.20479021065983535,0.2302667325453645,0.0,0.9032258064516129,15,0.16268311488049345,8.902081727062452,21
820,1294,1040,12.59961812062037,95.48686244204019,5,8,6,2,993,0.7656129529683886,304,1088,0.8388589051657671,0.9063444108761329,900,188,0.9063444108761329,0.618421052631579,0.8388589051657671,177,1069,6.03954802259887,0.0038550501156515036,0.006168080185042405,0.004626060138781804,0.0015420200462606013,0.5122899735753104,0.2993930661255352,0.0,1.0,0.3964451313755796,0.31224444053062256,0.0,1.0,0.44218975918631903,0.2873373352732479,0.0,1.0,0.20526499476492,0.230520960792883,0.0,0.9032258064516129,15,0.1615146831530139,8.908809891808346,21
821,1295,1045,12.584332668969653,95.58918918918918,8,7,5,2,954,0.7372488408037094,340,1113,0.8601236476043277,0.9140461215932913,872,241,0.9140461215932913,0.7088235294117647,0.8601236476043277,172,1090,6.337209302325581,0.0061823802163833074,0.005409582689335394,0.0038639876352395673,0.0015455950540958269,0.5123427575040478,0.29917605696547594,0.0,1.0,0.3968115581018807,0.31197221870508307,0.0,1.0,0.4423714036617262,0.28737059927574315,0.0,1.0,0.2045335658238884,0.23049737000407253,0.0,0.9032258064516129,15,0.16061776061776062,8.90965250965251,21
822,1294,1043,12.554840495693083,94.8693972179289,13,14,11,3,964,0.7444015444015444,331,1078,0.8324324324324325,0.8817427385892116,850,228,0.8817427385892116,0.6888217522658611,0.8324324324324325,175,1051,6.005714285714285,0.010038610038610039,0.010810810810810811,0.008494208494208495,0.0023166023166023165,0.5131624869122999,0.2986567216033577,0.0,1.0,0.3959964102308421,0.3121957386549719,0.0,1.0,0.44169118013661063,0.2865779032391302,0.0,1.0,0.20504063419255122,0.23108100493215558,0.0,0.9032258064516129,15,0.15919629057187018,8.928902627511592,21
823,1294,1038,12.563302380821181,94.7194744976816,12,12,5,7,989,0.7642967542503863,305,1119,0.8647604327666152,0.9079878665318504,898,221,0.9079878665318504,0.7245901639344262,0.8647604327666152,177,1091,6.163841807909605,0.00927357032457496,0.00927357032457496,0.0038639876352395673,0.005409582689335394,0.5133120606272125,0.2987766197004934,0.0,1.0,0.3975420052849379,0.3117095853286923,0.0,1.0,0.44199032756643564,0.28747342523870634,0.0,1.0,0.20411826295059082,0.23038448821746382,0.0,0.9032258064516129,15,0.160741885625966,8.947449768160741,21
824,1295,1029,12.629564479799532,95.1127413127413,7,6,3,3,956,0.7387944358578052,338,1133,0.875579598145286,0.9194560669456067,879,254,0.9194560669456067,0.7514792899408284,0.875579598145286,185,1109,5.994594594594594,0.005409582689335394,0.00463678516228748,0.00231839258114374,0.00231839258114374,0.5122680283970606,0.2990260001772324,0.0,1.0,0.39718520363681653,0.31134285086316466,0.0,1.0,0.4413002864615768,0.2877379698381435,0.0,1.0,0.20356208743305518,0.23013869747772842,0.0,0.9032258064516129,15,0.1613899613899614,8.954440154440155,21
825,1300,1029,12.614530712015307,95.1923076923077,11,6,3,3,952,0.7351351351351352,343,1104,0.8525096525096525,0.8949579831932774,852,252,0.8949579831932774,0.7346938775510204,0.8525096525096525,178,1082,6.078651685393258,0.008494208494208495,0.004633204633204633,0.0023166023166023165,0.0023166023166023165,0.5105707196029776,0.29880549175978294,0.0,1.0,0.3972208436724566,0.3112037843291721,0.0,1.0,0.441712158808933,0.28765042343591946,0.0,1.0,0.20401985111662532,0.23021748390705665,0.0,0.9032258064516129,15,0.16153846153846155,8.961538461538462,21
826,1309,1034,12.521117033626817,95.18563789152024,13,4,1,3,1031,0.7930769230769231,269,1115,0.8576923076923076,0.9127061105722599,941,174,0.9127061105722599,0.6468401486988847,0.8576923076923076,171,1091,6.380116959064328,0.01,0.003076923076923077,0.0007692307692307692,0.002307692307692308,0.5112989477315852,0.29877492977359277,0.0,1.0,0.3954015623844846,0.31100786582650225,0.0,1.0,0.4416077281352424,0.2870001020483324,0.0,1.0,0.20350427561053747,0.22997893360711827,0.0,0.9032258064516129,15,0.16042780748663102,8.968678380443086,21
827,1312,1031,12.500407750381648,95.38948170731707,10,7,3,4,1016,0.7761650114591291,293,1123,0.8579067990832697,0.9143700787401575,929,194,0.9143700787401575,0.6621160409556314,0.8579067990832697,169,1089,6.443786982248521,0.007639419404125287,0.0053475935828877,0.002291825821237586,0.0030557677616501145,0.509097167584579,0.2988514359287551,0.0,1.0,0.3983330055074744,0.31148020363070544,0.0,1.0,0.4422944531864673,0.28644129164409177,0.0,1.0,0.20348151062155784,0.22951254612045047,0.0,0.9032258064516129,15,0.16234756097560976,8.983993902439025,21
828,1310,1018,12.567072849691858,95.64045801526717,9,11,4,7,993,0.756859756097561,319,1129,0.8605182926829268,0.9204431017119838,914,215,0.9204431017119838,0.6739811912225705,0.8605182926829268,187,1103,5.898395721925134,0.006859756097560976,0.008384146341463415,0.003048780487804878,0.005335365853658537,0.5100467865057867,0.29870844385853207,0.0,1.0,0.3975621768037429,0.3117424763869032,0.0,1.0,0.44146761881310026,0.2859064167705917,0.0,1.0,0.20322580645161292,0.22927490605906928,0.0,0.9032258064516129,15,0.1618320610687023,8.982442748091604,21
829,1307,1011,12.636460074606635,95.91430757459831,8,11,4,7,982,0.749618320610687,328,1130,0.8625954198473282,0.9154786150712831,899,231,0.9154786150712831,0.7042682926829268,0.8625954198473282,177,1100,6.214689265536723,0.0061068702290076335,0.008396946564885497,0.0030534351145038168,0.0053435114503816794,0.5095145247673816,0.2983508857807694,0.0,1.0,0.39669768245427844,0.31220475340414366,0.0,1.0,0.4411234790334921,0.2853768920344032,0.0,1.0,0.2024335464126169,0.22882528150194117,0.0,0.9032258064516129,15,0.16143840856924255,8.990053557765876,21
830,1305,1013,12.654007181419974,95.95785440613027,8,10,5,5,988,0.75592960979342,319,1125,0.8607498087222647,0.9139676113360324,903,222,0.9139676113360324,0.6959247648902821,0.8607498087222647,172,1099,6.3895348837209305,0.00612088752869166,0.0076511094108645756,0.0038255547054322878,0.0038255547054322878,0.5084167593622544,0.2986867047095012,0.0,1.0,0.39668767766654306,0.31160238937673607,0.0,1.0,0.4412309974045235,0.2857378801591123,0.0,1.0,0.2017797552836485,0.22873784099985858,0.0,0.9032258064516129,15,0.16168582375478927,8.98927203065134,21
831,1300,1010,12.616057231694699,95.37769230769231,8,13,12,1,990,0.7586206896551724,315,1118,0.8567049808429119,0.9121212121212121,903,215,0.9121212121212121,0.6825396825396826,0.8567049808429119,169,1084,6.414201183431953,0.006130268199233717,0.00996168582375479,0.009195402298850575,0.0007662835249042146,0.5070719602977667,0.29855239098273156,0.0,1.0,0.39630272952853596,0.3112747296878844,0.0,1.0,0.4416873449131514,0.28538526156784927,0.0,1.0,0.20183622828784117,0.22847797131569822,0.0,0.9032258064516129,15,0.16230769230769232,9.009230769230768,21
832,1297,1007,12.692447833324545,95.7047031611411,4,7,5,2,938,0.7215384615384616,362,1089,0.8376923076923077,0.9253731343283582,868,221,0.9253731343283582,0.6104972375690608,0.8376923076923077,180,1066,5.9222222222222225,0.003076923076923077,0.005384615384615384,0.0038461538461538464,0.0015384615384615385,0.5077971497500435,0.2984756938471479,0.0,1.0,0.39517994379088217,0.31077659590639795,0.0,1.0,0.44201258487328077,0.28574067462426894,0.0,1.0,0.2017559131494516,0.22849613944904837,0.0,0.9032258064516129,15,0.16114109483423283,9.013107170393216,21
833,1299,1004,12.664125449196826,95.51270207852194,13,11,6,5,988,0.761757902852737,309,1108,0.8542791056283732,0.917004048582996,906,202,0.917004048582996,0.6537216828478964,0.8542791056283732,178,1083,6.084269662921348,0.010023130300693909,0.008481110254433308,0.004626060138781804,0.0038550501156515036,0.5062951650152723,0.29880506145871466,0.0,1.0,0.3960118205070898,0.31161909862394555,0.0,1.0,0.44110854503464203,0.2861681734004934,0.0,1.0,0.20184260845811913,0.2283238270562182,0.0,0.9032258064516129,15,0.16397228637413394,9.03387220939184,22
834,1298,1002,12.625193206425408,95.11633281972264,11,12,9,3,998,0.7682832948421863,301,1113,0.8568129330254042,0.9018036072144289,900,213,0.9018036072144289,0.707641196013289,0.8568129330254042,178,1089,6.117977528089888,0.008468052347959968,0.009237875288683603,0.006928406466512702,0.0023094688221709007,0.506710075053432,0.2984787154287925,0.0,1.0,0.3948754908295641,0.3113836883482128,0.0,1.0,0.4404542969332472,0.285864231965623,0.0,1.0,0.20147621651175504,0.227748287287997,0.0,0.9032258064516129,15,0.1617873651771957,9.040832049306626,22
835,1299,1006,12.600048373304938,95.09545804464973,9,8,5,3,994,0.765793528505393,304,1130,0.8705701078582434,0.9074446680080482,902,228,0.9074446680080482,0.75,0.8705701078582434,181,1115,6.1602209944751385,0.006933744221879815,0.0061633281972265025,0.003852080123266564,0.0023112480739599386,0.5069159899674688,0.2984533375523969,0.0,1.0,0.39613598549752915,0.31127471991240535,0.0,1.0,0.44252402592565004,0.2866263581790042,0.0,1.0,0.2026620973950185,0.2280520961621034,0.0,0.9032258064516129,15,0.1624326404926867,9.050038491147037,22
836,1306,1006,12.53867237360533,94.98085758039817,12,5,3,2,985,0.7582755966127791,314,1135,0.8737490377213241,0.9208121827411168,907,228,0.9208121827411168,0.7261146496815286,0.8737490377213241,175,1110,6.3428571428571425,0.009237875288683603,0.003849114703618168,0.0023094688221709007,0.001539645881447267,0.5074099688781307,0.2983189470373097,0.0,1.0,0.39707553228276443,0.31127117769575763,0.0,1.0,0.44301733932717485,0.28700657911780475,0.0,1.0,0.20305784715704195,0.22863540192265278,0.0,0.9032258064516129,15,0.16232771822358347,9.049770290964778,22
837,1304,1009,12.571601527350271,95.48312883435582,8,10,3,7,997,0.7633996937212864,309,1110,0.8499234303215927,0.9147442326980942,912,198,0.9147442326980942,0.6407766990291263,0.8499234303215927,174,1087,6.247126436781609,0.006125574272588055,0.007656967840735069,0.002297090352220521,0.005359877488514548,0.5082624183653275,0.2981154605177572,0.0,1.0,0.39795665941025127,0.310758541640323,0.0,1.0,0.4428062537106669,0.2873342834567117,0.0,1.0,0.20220660993469228,0.22802558436240672,0.0,0.9032258064516129,15,0.16104294478527606,9.04601226993865,22
838,1303,1010,12.564454852919974,95.5617805065234,7,8,5,3,1000,0.7668711656441718,304,1145,0.8780674846625767,0.928,928,217,0.928,0.7138157894736842,0.8780674846625767,173,1119,6.468208092485549,0.005368098159509203,0.006134969325153374,0.003834355828220859,0.0023006134969325155,0.5080830837026217,0.29773870121935714,0.0,1.0,0.3984353724655262,0.31050480767735605,0.0,1.0,0.4429480355507142,0.2869762421206518,0.0,1.0,0.2019161735944347,0.22781575817336835,0.0,0.9032258064516129,15,0.16039907904834996,9.051419800460476,22
839,1303,1007,12.59732827657061,95.78587874136608,6,6,4,2,970,0.7444359171143515,333,1124,0.8626247122026094,0.9164948453608247,889,235,0.9164948453608247,0.7057057057057057,0.8626247122026094,177,1098,6.203389830508475,0.004604758250191865,0.004604758250191865,0.0030698388334612432,0.0015349194167306216,0.5087515163518431,0.29787266140662155,0.0,1.0,0.39883148070210184,0.31058781378005595,0.0,1.0,0.4427499814324264,0.2874206676860269,0.0,1.0,0.20055455153120588,0.22689759554607064,0.0,0.9032258064516129,15,0.16039907904834996,9.061396776669225,22
840,1308,999,12.625702074966078,96.21865443425077,7,2,1,1,1010,0.7751343054489639,293,1090,0.8365310821181888,0.8871287128712871,896,194,0.8871287128712871,0.6621160409556314,0.8365310821181888,177,1059,5.983050847457627,0.005372217958557176,0.0015349194167306216,0.0007674597083653108,0.0007674597083653108,0.5080645161290323,0.2976870709528636,0.0,1.0,0.3999210811877281,0.31120730641569333,0.0,1.0,0.4426605504587156,0.2875724135556273,0.0,1.0,0.20082371510308772,0.22667582175668724,0.0,0.9032258064516129,15,0.16131498470948014,9.070336391437309,22
841,1307,993,12.646359405619998,95.99081866870696,9,10,7,3,964,0.7370030581039755,344,1139,0.8707951070336392,0.9118257261410788,879,260,0.9118257261410788,0.7558139534883721,0.8707951070336392,182,1115,6.126373626373627,0.006880733944954129,0.00764525993883792,0.005351681957186544,0.0022935779816513763,0.5072438729422218,0.2973562574406891,0.0,1.0,0.4008687711331046,0.31195033767129593,0.0,1.0,0.44156773699928425,0.28722540567023175,0.0,1.0,0.20152034948293307,0.22762582748297336,0.0,0.9032258064516129,15,0.1637337413925019,9.078041315990818,22
842,1307,994,12.59919389033828,95.71308339709257,11,11,7,4,1005,0.7689364957918898,302,1100,0.8416220351951033,0.8955223880597015,900,200,0.8955223880597015,0.6622516556291391,0.8416220351951033,172,1073,6.238372093023256,0.008416220351951033,0.008416220351951033,0.005355776587605203,0.00306044376434583,0.5058370560505466,0.2974434149256258,0.0,1.0,0.4001036601920181,0.31173681667772424,0.0,1.0,0.44132092701828857,0.28634772100250105,0.0,1.0,0.20169311646963003,0.22761096656113153,0.0,0.9032258064516129,15,0.162203519510329,9.085692425401684,22
843,1304,998,12.535566094744487,95.59739263803681,9,12,9,3,1055,0.8071920428462127,252,1111,0.8500382555470544,0.8938388625592417,943,168,0.8938388625592417,0.6666666666666666,0.8500382555470544,176,1091,6.198863636363637,0.006885998469778117,0.009181331293037491,0.006885998469778117,0.0022953328232593728,0.505689689293489,0.2973207078727857,0.0,1.0,0.4005293884820898,0.3128363103582778,0.0,1.0,0.44139620027706317,0.2862203800584528,0.0,1.0,0.202825054423115,0.22817094622236278,0.0,0.9032258064516129,15,0.16411042944785276,9.096625766871165,22
844,1304,994,12.548722584040306,95.75153374233129,6,6,5,1,994,0.7622699386503068,310,1137,0.8719325153374233,0.9164989939637826,911,226,0.9164989939637826,0.7290322580645161,0.8719325153374233,178,1111,6.241573033707865,0.004601226993865031,0.004601226993865031,0.003834355828220859,0.0007668711656441718,0.5058875915297842,0.2972363244741665,0.0,1.0,0.399391450623392,0.31309471403418265,0.0,1.0,0.44077775578864037,0.2858112008475303,0.0,1.0,0.20218187215515535,0.2278252086581328,0.0,0.9032258064516129,15,0.16487730061349692,9.099693251533742,22
845,1300,994,12.58524902227691,95.76230769230769,6,10,8,2,953,0.7308282208588958,351,1099,0.8427914110429447,0.8971668415529905,855,244,0.8971668415529905,0.6951566951566952,0.8427914110429447,171,1070,6.257309941520468,0.004601226993865031,0.007668711656441718,0.006134969325153374,0.0015337423312883436,0.5052853598014888,0.2969792429632165,0.0,1.0,0.3986848635235732,0.3132844614575357,0.0,1.0,0.43878411910669973,0.28559620265066693,0.0,1.0,0.20287841191067,0.2279958538348017,0.0,0.9032258064516129,15,0.1646153846153846,9.112307692307692,22
846,1307,990,12.553890980610701,95.96174445294568,9,2,2,0,1015,0.7807692307692308,285,1120,0.8615384615384616,0.9261083743842364,940,180,0.9261083743842364,0.631578947368421,0.8615384615384616,176,1092,6.204545454545454,0.006923076923076923,0.0015384615384615385,0.0015384615384615385,0.0,0.5048744971246637,0.29689814392742375,0.0,1.0,0.39879556729274135,0.31363576030017026,0.0,1.0,0.4384826122368389,0.2852494415238521,0.0,1.0,0.20196460744872524,0.22772523662891928,0.0,0.9032258064516129,15,0.1660290742157613,9.125478194338179,22
847,1304,991,12.575482953216445,96.08588957055214,8,11,6,5,986,0.7543993879112472,321,1086,0.8309104820198929,0.8914807302231237,879,207,0.8914807302231237,0.6448598130841121,0.8309104820198929,170,1057,6.2176470588235295,0.00612088752869166,0.008416220351951033,0.0045906656465187455,0.0038255547054322878,0.5038590936077577,0.29681288067643297,0.0,1.0,0.4007520284979221,0.3139610451927952,0.0,1.0,0.437908173362359,0.28502521765663846,0.0,1.0,0.20099445873738375,0.2267331369157678,0.0,0.9032258064516129,15,0.16794478527607362,9.131134969325153,22
848,1295,990,12.579955980232878,95.95984555984556,5,14,11,3,1021,0.7829754601226994,283,1104,0.8466257668711656,0.9089128305582762,928,176,0.9089128305582762,0.6219081272084805,0.8466257668711656,176,1079,6.130681818181818,0.003834355828220859,0.010736196319018405,0.00843558282208589,0.0023006134969325155,0.5046207497820401,0.2970209926197692,0.0,1.0,0.39965126416739316,0.3146233006054272,0.0,1.0,0.43903350354963255,0.2845851892935091,0.0,1.0,0.20067256196288455,0.22700221982811358,0.0,0.9032258064516129,15,0.1667953667953668,9.144401544401545,22
849,1288,994,12.582855389223765,95.80667701863354,5,12,11,1,986,0.7613899613899614,309,1057,0.8162162162162162,0.8782961460446247,866,191,0.8782961460446247,0.6181229773462783,0.8162162162162162,172,1033,6.005813953488372,0.003861003861003861,0.009266409266409266,0.008494208494208495,0.0007722007722007722,0.5046834301743137,0.2974601398791578,0.0,1.0,0.3986425566018834,0.3147337522965083,0.0,1.0,0.4410188339010218,0.28457499985109364,0.0,1.0,0.19985974754558206,0.22679659487902845,0.0,0.9032258064516129,15,0.1669254658385093,9.149844720496894,22
850,1288,985,12.633015843450957,96.04580745341615,8,8,4,4,968,0.7515527950310559,320,1064,0.8260869565217391,0.871900826446281,844,220,0.871900826446281,0.6875,0.8260869565217391,180,1035,5.75,0.006211180124223602,0.006211180124223602,0.003105590062111801,0.003105590062111801,0.5038318974153476,0.2971543974602487,0.0,1.0,0.3990933680625125,0.315588494142499,0.0,1.0,0.4393658585453817,0.28420464966501124,0.0,1.0,0.199459026247245,0.22660426253298901,0.0,0.9032258064516129,15,0.16770186335403728,9.159937888198758,22
851,1291,981,12.603501481677942,95.97676219984508,11,8,4,4,971,0.7538819875776398,317,1078,0.8369565217391305,0.8887744593202883,863,215,0.8887744593202883,0.6782334384858044,0.8369565217391305,173,1047,6.0520231213872835,0.008540372670807454,0.006211180124223602,0.003105590062111801,0.003105590062111801,0.503935433897204,0.2965450069106704,0.0,1.0,0.3986407136253467,0.315026958866023,0.0,1.0,0.44021888508533025,0.28471853825879917,0.0,1.0,0.19859573723795007,0.22563039232459114,0.0,0.9032258064516129,15,0.1680867544539117,9.16886134779241,22
852,1287,984,12.560103617877123,95.64413364413365,9,13,10,3,968,0.7498063516653757,323,1090,0.8443067389620449,0.8894628099173554,861,229,0.8894628099173554,0.7089783281733746,0.8443067389620449,173,1066,6.161849710982659,0.006971340046475601,0.010069713400464756,0.0077459333849728895,0.0023237800154918666,0.5034213098729228,0.2969179974720744,0.0,1.0,0.4006065618968845,0.3149782976748077,0.0,1.0,0.44126124771286057,0.2858170353218326,0.0,1.0,0.1974083264405845,0.2247990674371038,0.0,0.9032258064516129,15,0.17016317016317017,9.16938616938617,22
853,1288,988,12.530347628068172,95.52950310559007,9,8,6,2,961,0.7466977466977467,326,1089,0.8461538461538461,0.9073881373569199,872,217,0.9073881373569199,0.6656441717791411,0.8461538461538461,180,1073,5.961111111111111,0.006993006993006993,0.006216006216006216,0.004662004662004662,0.001554001554001554,0.5013524343818874,0.2971869000069742,0.0,1.0,0.4032007613704669,0.31558994904471427,0.0,1.0,0.44129432979362854,0.28615778039304507,0.0,1.0,0.19650370667200961,0.2237743620962569,0.0,0.9032258064516129,15,0.17391304347826086,9.178571428571429,22
854,1291,991,12.483568944593813,95.54841208365607,9,6,5,1,1001,0.7771739130434783,287,1111,0.8625776397515528,0.9120879120879121,913,198,0.9120879120879121,0.6898954703832753,0.8625776397515528,166,1080,6.506024096385542,0.006987577639751553,0.004658385093167702,0.0038819875776397515,0.0007763975155279503,0.501661627645486,0.2970607044229124,0.0,1.0,0.4030384048374604,0.3148862539081561,0.0,1.0,0.44034381949476525,0.2857873630005279,0.0,1.0,0.1975962619624697,0.22498874164570998,0.0,0.9032258064516129,15,0.17273431448489543,9.190549961270333,22
855,1299,995,12.37660717307462,95.09314857582756,14,6,5,1,981,0.7598760650658405,310,1066,0.82571649883811,0.9051987767584098,888,178,0.9051987767584098,0.5741935483870968,0.82571649883811,167,1037,6.209580838323354,0.010844306738962044,0.004647560030983733,0.0038729666924864447,0.000774593338497289,0.5012788994015247,0.296927131128186,0.0,1.0,0.4028160619831632,0.31474826744617923,0.0,1.0,0.439519233157019,0.2853456346579358,0.0,1.0,0.19682634284437162,0.2246105676958379,0.0,0.9032258064516129,15,0.1724403387220939,9.22247882986913,22
856,1293,992,12.416475742575912,95.34493426140757,4,10,7,3,990,0.7621247113163973,309,1110,0.8545034642032333,0.9151515151515152,906,204,0.9151515151515152,0.6601941747572816,0.8545034642032333,178,1085,6.095505617977528,0.003079291762894534,0.007698229407236336,0.005388760585065435,0.0023094688221709007,0.5012349375046778,0.2968037977438631,0.0,1.0,0.4027143676870494,0.3136591892366735,0.0,1.0,0.4387895117630916,0.2853635860988564,0.0,1.0,0.19768979367811793,0.22486302057976285,0.0,0.9032258064516129,15,0.1716937354988399,9.226604795050271,22
857,1296,996,12.375235856339065,95.31404320987654,9,6,5,1,909,0.703016241299304,384,1110,0.8584686774941995,0.9174917491749175,834,276,0.9174917491749175,0.71875,0.8584686774941995,164,1078,6.573170731707317,0.0069605568445475635,0.004640371229698376,0.0038669760247486465,0.0007733952049497294,0.5006969334926324,0.2965901025350493,0.0,1.0,0.40297690163281563,0.31373259993444225,0.0,1.0,0.4397152528872959,0.28551725406700457,0.0,1.0,0.1967094782954998,0.2244450246629184,0.0,0.9032258064516129,15,0.1728395061728395,9.234567901234568,22
858,1295,996,12.443702455728388,95.9868725868726,5,6,1,5,994,0.7669753086419753,302,1093,0.8433641975308642,0.9074446680080482,902,191,0.9074446680080482,0.6324503311258278,0.8433641975308642,174,1067,6.132183908045977,0.0038580246913580245,0.004629629629629629,0.0007716049382716049,0.0038580246913580245,0.4988915182463569,0.29677611707129087,0.0,1.0,0.4045335658238884,0.3138405217981402,0.0,1.0,0.4404035371777308,0.28543037602004356,0.0,1.0,0.1969111969111969,0.2247684031851259,0.0,0.9032258064516129,15,0.1745173745173745,9.234749034749035,22
859,1296,993,12.428885268296936,95.9375,8,7,5,2,1010,0.7799227799227799,285,1117,0.8625482625482626,0.904950495049505,914,203,0.904950495049505,0.712280701754386,0.8625482625482626,180,1094,6.0777777777777775,0.006177606177606178,0.005405405405405406,0.003861003861003861,0.0015444015444015444,0.49940262843488653,0.2961866776067146,0.0,1.0,0.404320987654321,0.3141630044065229,0.0,1.0,0.44023795300677016,0.2853796368699226,0.0,1.0,0.19708283552369574,0.2252055093026962,0.0,0.9032258064516129,15,0.17515432098765432,9.239197530864198,22
860,1298,1000,12.403612218033361,96.01848998459168,10,8,5,3,905,0.6983024691358025,391,1064,0.8209876543209876,0.8983425414364641,813,251,0.8983425414364641,0.6419437340153452,0.8209876543209876,174,1045,6.005747126436781,0.007716049382716049,0.006172839506172839,0.0038580246913580245,0.0023148148148148147,0.4996520701824146,0.2961273724647481,0.0,1.0,0.40382225756747353,0.31465747560882745,0.0,1.0,0.4414980863860033,0.285322042447734,0.0,1.0,0.19695312888314528,0.22521017190043294,0.0,0.9032258064516129,15,0.17565485362095531,9.25346687211094,22
861,1296,997,12.435834855686487,96.0625,7,9,6,3,979,0.7542372881355932,319,1107,0.8528505392912172,0.9029622063329928,884,223,0.9029622063329928,0.6990595611285266,0.8528505392912172,179,1083,6.050279329608938,0.00539291217257319,0.006933744221879815,0.004622496147919877,0.0023112480739599386,0.4996515332536838,0.2960542135757007,0.0,1.0,0.40377339705296694,0.31418232567558185,0.0,1.0,0.44203006770211073,0.2857546815457085,0.0,1.0,0.19753086419753085,0.22526576423279063,0.0,0.9032258064516129,14,0.17515432098765432,9.260802469135802,22
862,1301,1004,12.36185780611024,95.95388162951576,12,7,4,3,992,0.7654320987654321,304,1105,0.8526234567901234,0.9012096774193549,894,211,0.9012096774193549,0.694078947368421,0.8526234567901234,175,1087,6.211428571428572,0.009259259259259259,0.005401234567901234,0.0030864197530864196,0.0023148148148148147,0.4999628077657385,0.29607616415344395,0.0,1.0,0.40405643301678607,0.3137778707738213,0.0,1.0,0.44261238253452684,0.2861752501013418,0.0,1.0,0.19739158463712778,0.22512095611151758,0.0,0.9032258064516129,14,0.17448116833205227,9.272867025365104,22
863,1304,1005,12.315554453418835,95.76457055214723,11,8,5,3,1005,0.7724827056110684,296,1131,0.8693312836279785,0.9194029850746268,924,207,0.9194029850746268,0.6993243243243243,0.8693312836279785,174,1106,6.35632183908046,0.008455034588777863,0.006149116064565719,0.003843197540353574,0.0023059185242121443,0.5011132000791608,0.2961010560729136,0.0,1.0,0.4030526419948546,0.31408509491845255,0.0,1.0,0.442237284781318,0.2853780601175221,0.0,1.0,0.1969622006728676,0.22511165708400235,0.0,0.9032258064516129,14,0.17331288343558282,9.279141104294478,22
864,1304,1002,12.257039242462884,95.36503067484662,11,11,8,3,978,0.75,326,1112,0.852760736196319,0.911042944785276,891,221,0.911042944785276,0.6779141104294478,0.852760736196319,181,1090,6.0220994475138125,0.00843558282208589,0.00843558282208589,0.006134969325153374,0.0023006134969325155,0.5015090045517514,0.2969228337039872,0.0,1.0,0.40077676627745895,0.31434226178582503,0.0,1.0,0.4414951513952108,0.28483208590520187,0.0,1.0,0.19612111616861272,0.22483553654940344,0.0,0.9032258064516129,14,0.17331288343558282,9.312883435582823,23
865,1302,1001,12.268098026528941,95.3594470046083,6,8,7,1,979,0.7507668711656442,325,1123,0.8611963190184049,0.9182839632277835,899,224,0.9182839632277835,0.6892307692307692,0.8611963190184049,172,1094,6.3604651162790695,0.004601226993865031,0.006134969325153374,0.005368098159509203,0.0007668711656441718,0.5001486546751895,0.297471126270113,0.0,1.0,0.4018631385957088,0.3146606868158278,0.0,1.0,0.4415291610921164,0.2848278586692119,0.0,1.0,0.19632327436697886,0.22516910767534903,0.0,0.9032258064516129,14,0.17434715821812596,9.317204301075268,23
866,1299,1001,12.285607643297434,95.33795227097768,8,11,8,3,931,0.7150537634408602,371,1074,0.8248847926267281,0.8990332975295381,837,237,0.8990332975295381,0.6388140161725068,0.8248847926267281,171,1045,6.111111111111111,0.006144393241167435,0.008448540706605223,0.006144393241167435,0.002304147465437788,0.4998385855124289,0.29747699557707463,0.0,1.0,0.4021207380367032,0.31430598192439907,0.0,1.0,0.4412327100250813,0.2851702219948098,0.0,1.0,0.196578012863493,0.2251910707943019,0.0,0.9032258064516129,14,0.1747498075442648,9.336412625096228,23
867,1304,1005,12.259638294717657,95.45398773006134,9,4,3,1,960,0.7390300230946882,339,1101,0.8475750577367206,0.8989583333333333,863,238,0.8989583333333333,0.7020648967551623,0.8475750577367206,173,1078,6.23121387283237,0.006928406466512702,0.003079291762894534,0.0023094688221709007,0.0007698229407236335,0.4995794577478725,0.2975063063894565,0.0,1.0,0.40132099742727095,0.31443994421624744,0.0,1.0,0.4400108846229962,0.2843436255975529,0.0,1.0,0.1967642984365723,0.22559261573094527,0.0,0.9032258064516129,14,0.17484662576687116,9.341257668711657,23
868,1310,1000,12.26037723507927,95.7854961832061,8,2,1,1,1002,0.7684049079754601,302,1112,0.852760736196319,0.9121756487025948,914,198,0.9121756487025948,0.6556291390728477,0.852760736196319,173,1080,6.242774566473988,0.006134969325153374,0.0015337423312883436,0.0007668711656441718,0.0007668711656441718,0.5,0.2974574055006107,0.0,1.0,0.40128047278995316,0.31484789310818917,0.0,1.0,0.4393745382910613,0.2840444662310096,0.0,1.0,0.19679881802511698,0.22550495092406295,0.0,0.9032258064516129,14,0.17557251908396945,9.359541984732825,23
869,1317,998,12.220774611478774,95.91723614274868,11,4,2,2,1000,0.7633587786259542,310,1117,0.8526717557251908,0.908,908,209,0.908,0.6741935483870968,0.8526717557251908,176,1091,6.198863636363637,0.008396946564885497,0.0030534351145038168,0.0015267175572519084,0.0015267175572519084,0.5011144585690842,0.2974161871998824,0.0,1.0,0.40083768094643246,0.314534617247445,0.0,1.0,0.4398559776618414,0.28478602228241484,0.0,1.0,0.19646312489284054,0.2251112461228381,0.0,0.9032258064516129,14,0.1738800303720577,9.377372817008352,23
870,1320,994,12.24317836410753,96.44393939393939,7,4,1,3,988,0.7501898253606681,329,1107,0.8405466970387244,0.9089068825910931,898,209,0.9089068825910931,0.6352583586626139,0.8405466970387244,182,1085,5.961538461538462,0.005315110098709187,0.0030372057706909645,0.0007593014426727411,0.002277904328018223,0.5001710654936462,0.2974470183449163,0.0,1.0,0.4016617790811339,0.31499249206072866,0.0,1.0,0.43954056695992183,0.28468946394179956,0.0,1.0,0.19611436950146627,0.22464554204876164,0.0,0.9032258064516129,14,0.175,9.375757575757575,23
871,1315,999,12.220913711637328,96.50190114068441,5,10,8,2,981,0.7431818181818182,339,1128,0.8545454545454545,0.9123343527013251,895,233,0.9123343527013251,0.6873156342182891,0.8545454545454545,176,1109,6.301136363636363,0.003787878787878788,0.007575757575757576,0.006060606060606061,0.0015151515151515152,0.4999632037286888,0.29749211673609754,0.0,1.0,0.4020115294983442,0.3151868033699953,0.0,1.0,0.43949466454065983,0.28476552138490274,0.0,1.0,0.194922114559058,0.22354992993154088,0.0,0.9032258064516129,14,0.17566539923954372,9.404562737642586,24
872,1321,996,12.154967907901698,96.2997728993187,12,6,5,1,959,0.7292775665399239,356,1124,0.8547528517110267,0.9040667361835245,867,257,0.9040667361835245,0.7219101123595506,0.8547528517110267,184,1105,6.005434782608695,0.009125475285171103,0.0045627376425855515,0.0038022813688212928,0.0007604562737642585,0.49800981661009497,0.29833054301739587,0.0,1.0,0.4021147224731996,0.3160017300953525,0.0,1.0,0.437010085223804,0.28372254339649233,0.0,1.0,0.194280969939684,0.2235103730655603,0.0,0.9032258064516129,14,0.17713853141559424,9.42997728993187,24
873,1314,998,12.167400870255483,96.03652968036529,8,15,10,5,1003,0.7592732778198334,318,1128,0.8538985616956851,0.9072781655034895,910,218,0.9072781655034895,0.6855345911949685,0.8538985616956851,173,1103,6.375722543352601,0.006056018168054504,0.011355034065102196,0.00757002271006813,0.003785011355034065,0.4979132911081652,0.29838162486515796,0.0,1.0,0.40175283546914126,0.3160929577841824,0.0,1.0,0.4375951293759513,0.2836068139325215,0.0,1.0,0.1945303677517553,0.2232259000093529,0.0,0.9032258064516129,14,0.17579908675799086,9.439878234398781,24
874,1318,994,12.163382592283533,96.3763277693475,9,5,2,3,1003,0.7633181126331812,311,1128,0.8584474885844748,0.9142572283150548,917,211,0.9142572283150548,0.6784565916398714,0.8584474885844748,176,1100,6.25,0.00684931506849315,0.00380517503805175,0.0015220700152207,0.00228310502283105,0.4973322237995007,0.2982297677425275,0.0,1.0,0.40197758088991137,0.31651191742080453,0.0,1.0,0.4381271721572275,0.28344891928220983,0.0,1.0,0.19389103725096676,0.2232851753752922,0.0,0.9032258064516129,14,0.17678300455235205,9.446889226100152,24
875,1316,991,12.144723936872683,95.96884498480243,9,11,9,2,1008,0.7647951441578149,310,1123,0.8520485584218513,0.9305555555555556,938,185,0.9305555555555556,0.5967741935483871,0.8520485584218513,175,1095,6.257142857142857,0.006828528072837633,0.00834597875569044,0.006828528072837633,0.0015174506828528073,0.49901951171683495,0.29842887615772556,0.0,1.0,0.39930385331895285,0.3162201984105605,0.0,1.0,0.4372732620845181,0.28235427689132436,0.0,1.0,0.1936709481321698,0.22325499001577379,0.0,0.9032258064516129,14,0.17401215805471124,9.483282674772036,24
876,1313,996,12.114920358471988,95.87585681645088,7,10,8,2,985,0.7484802431610942,331,1099,0.8351063829787234,0.8964467005076142,883,216,0.8964467005076142,0.6525679758308157,0.8351063829787234,168,1072,6.380952380952381,0.005319148936170213,0.007598784194528876,0.0060790273556231,0.001519756838905775,0.497162371323981,0.2983692044302202,0.0,1.0,0.39952829029801246,0.3168883301645638,0.0,1.0,0.43618406505662977,0.28178746309982244,0.0,1.0,0.1926639314055475,0.22175140615901623,0.0,0.9032258064516129,13,0.17517136329017516,9.516374714394516,24
877,1314,992,12.051610031408064,95.23820395738204,12,11,10,1,985,0.7501904036557502,328,1151,0.8766184310738766,0.9279187817258884,914,237,0.9279187817258884,0.7225609756097561,0.8766184310738766,183,1130,6.174863387978142,0.00913937547600914,0.008377760853008377,0.007616146230007616,0.0007616146230007616,0.49786419207541605,0.29864656487609276,0.0,1.0,0.39691658074335934,0.3164290883567344,0.0,1.0,0.43499288064025143,0.2819451591159631,0.0,1.0,0.19136348013944127,0.22126644714154292,0.0,0.9032258064516129,13,0.1750380517503805,9.552511415525114,24
878,1315,987,12.050653361173953,95.31254752851711,7,6,5,1,988,0.7519025875190258,326,1134,0.863013698630137,0.917004048582996,906,228,0.917004048582996,0.6993865030674846,0.863013698630137,188,1117,5.941489361702128,0.00532724505327245,0.0045662100456621,0.00380517503805175,0.00076103500761035,0.497117625413958,0.29854029363039075,0.0,1.0,0.3962713111738011,0.3162379384949983,0.0,1.0,0.43591316079970566,0.28204607989640956,0.0,1.0,0.1906046853918803,0.2208960392216849,0.0,0.9032258064516129,13,0.17490494296577946,9.574144486692015,24
879,1318,989,12.013276837478577,95.38088012139606,10,7,4,3,1010,0.7680608365019012,305,1123,0.8539923954372624,0.9188118811881189,928,195,0.9188118811881189,0.639344262295082,0.8539923954372624,174,1099,6.316091954022989,0.0076045627376425855,0.00532319391634981,0.003041825095057034,0.0022813688212927757,0.4963287483479367,0.29863974877925603,0.0,1.0,0.3963728033677615,0.3161056751584562,0.0,1.0,0.43641392138626467,0.28206083806931925,0.0,1.0,0.19085613588526115,0.2212872304007217,0.0,0.9032258064516129,13,0.17450682852807284,9.590288315629742,25
880,1315,992,12.027892367247022,95.58326996197718,8,11,5,6,1000,0.7587253414264037,318,1112,0.8437025796661608,0.913,913,199,0.913,0.6257861635220126,0.8437025796661608,170,1085,6.382352941176471,0.006069802731411229,0.00834597875569044,0.0037936267071320183,0.004552352048558422,0.49613639151232675,0.2989397865942839,0.0,1.0,0.39521648472954746,0.3153409145996031,0.0,1.0,0.4369679872439593,0.282863368119411,0.0,1.0,0.191316079970563,0.221560727365267,0.0,0.9032258064516129,13,0.17338403041825096,9.597718631178708,25
881,1313,989,12.067102622798632,95.84234577303884,6,8,5,3,975,0.7414448669201521,340,1103,0.8387832699619772,0.9107692307692308,888,215,0.9107692307692308,0.6323529411764706,0.8387832699619772,178,1078,6.056179775280899,0.0045627376425855515,0.006083650190114068,0.0038022813688212928,0.0022813688212927757,0.4979976905879174,0.29891733713241736,0.0,1.0,0.39444267007345896,0.3149641463139784,0.0,1.0,0.43785470358450235,0.28279467896650284,0.0,1.0,0.19175490750067564,0.2216261554598524,0.0,0.9032258064516129,13,0.17212490479817213,9.62147753236862,25
882,1306,988,12.100224107287099,95.91424196018377,2,9,8,1,1033,0.7867479055597868,280,1150,0.8758568164508759,0.925459825750242,956,194,0.925459825750242,0.6928571428571428,0.8758568164508759,182,1131,6.214285714285714,0.0015232292460015233,0.006854531607006854,0.006092916984006093,0.0007616146230007616,0.4974559106851751,0.29886969191934676,0.0,1.0,0.39534653954453397,0.31553661463890403,0.0,1.0,0.4377068616311811,0.28277089474338873,0.0,1.0,0.1912018969520328,0.221344778047225,0.0,0.9032258064516129,13,0.17304747320061256,9.636294027565084,25
883,1308,994,12.07214920065564,96.13532110091744,8,6,4,2,958,0.7335375191424196,348,1069,0.8185298621745789,0.906054279749478,868,201,0.906054279749478,0.5775862068965517,0.8185298621745789,177,1052,5.943502824858757,0.006125574272588055,0.004594180704441042,0.0030627871362940277,0.0015313935681470138,0.4970898687974746,0.29921859135203643,0.0,1.0,0.3958764920587945,0.315676721104884,0.0,1.0,0.4376048140475486,0.28242655601211114,0.0,1.0,0.1905642695077439,0.22124690753741819,0.0,0.9032258064516129,13,0.1735474006116208,9.644495412844037,25
884,1306,994,12.101121044158168,96.3062787136294,10,12,4,8,965,0.7377675840978594,343,1108,0.8470948012232415,0.8994818652849741,868,240,0.8994818652849741,0.6997084548104956,0.8470948012232415,174,1082,6.218390804597701,0.00764525993883792,0.009174311926605505,0.0030581039755351682,0.0061162079510703364,0.494442523341402,0.299484041057908,0.0,1.0,0.39685323321642046,0.31601974425137863,0.0,1.0,0.43597786889295065,0.2818704598605127,0.0,1.0,0.19068319913056364,0.220673512321051,0.0,0.9032258064516129,13,0.17534456355283307,9.663093415007657,25
885,1312,991,12.07357467894903,96.36585365853658,11,5,3,2,1003,0.7679938744257274,303,1139,0.8721286370597243,0.9202392821535393,923,216,0.9202392821535393,0.7128712871287128,0.8721286370597243,182,1118,6.142857142857143,0.008422664624808576,0.0038284839203675345,0.002297090352220521,0.0015313935681470138,0.4953776553894571,0.29951868936723647,0.0,1.0,0.39700531077891427,0.3159643229046809,0.0,1.0,0.4348937844217152,0.2815569027699711,0.0,1.0,0.18976199842643587,0.22022998574595956,0.0,0.9032258064516129,13,0.17530487804878048,9.690548780487806,25
886,1310,995,12.051840191441027,96.26259541984733,7,9,8,1,988,0.7530487804878049,324,1110,0.8460365853658537,0.8906882591093117,880,230,0.8906882591093117,0.7098765432098766,0.8460365853658537,175,1089,6.222857142857142,0.005335365853658537,0.006859756097560976,0.006097560975609756,0.0007621951219512195,0.49394237872445207,0.29979261217349124,0.0,1.0,0.39837478453582864,0.3171293577528026,0.0,1.0,0.4343757695148978,0.28088289087214363,0.0,1.0,0.1891159812853977,0.2197941397806315,0.0,0.9032258064516129,13,0.17786259541984734,9.708396946564886,25
887,1309,998,12.018102787965699,95.80825057295645,10,11,9,2,933,0.7122137404580152,377,1106,0.8442748091603054,0.9239013933547695,862,244,0.9239013933547695,0.6472148541114059,0.8442748091603054,175,1084,6.194285714285714,0.007633587786259542,0.008396946564885497,0.006870229007633588,0.0015267175572519084,0.4945661549077109,0.2992368056253809,0.0,1.0,0.39811232410852904,0.31654366973380094,0.0,1.0,0.43564405234234455,0.28145835561940247,0.0,1.0,0.18810222036028487,0.21910378344191805,0.0,0.9032258064516129,13,0.17647058823529413,9.730328495034378,25
888,1312,998,12.001653792891396,95.6608231707317,12,9,4,5,952,0.7272727272727273,357,1138,0.8693659281894576,0.9180672268907563,874,264,0.9180672268907563,0.7394957983193278,0.8693659281894576,178,1116,6.269662921348314,0.009167303284950344,0.006875477463712758,0.0030557677616501145,0.0038197097020626434,0.49535306845003935,0.2989802799240622,0.0,0.967741935483871,0.3981363099921322,0.316901899587092,0.0,1.0,0.4363444138473643,0.28167730844746885,0.0,1.0,0.18823760818253343,0.21910441341718503,0.0,0.9032258064516129,13,0.1760670731707317,9.753810975609756,25
889,1308,996,12.059076772713818,96.09174311926606,4,8,5,3,975,0.743140243902439,337,1144,0.8719512195121951,0.9312820512820513,908,236,0.9312820512820513,0.7002967359050445,0.8719512195121951,182,1124,6.175824175824176,0.003048780487804878,0.006097560975609756,0.0038109756097560975,0.0022865853658536584,0.494278386110289,0.29889603588820063,0.0,0.967741935483871,0.3983920291999606,0.3166310741194903,0.0,1.0,0.43612508631745095,0.28163551630416117,0.0,1.0,0.18777744894939333,0.21884689551648226,0.0,0.9032258064516129,13,0.17660550458715596,9.746941896024465,24
890,1308,1003,12.067307631069948,96.55122324159021,8,8,3,5,969,0.7408256880733946,339,1092,0.8348623853211009,0.8947368421052632,867,225,0.8947368421052632,0.6637168141592921,0.8348623853211009,176,1075,6.107954545454546,0.0061162079510703364,0.0061162079510703364,0.0022935779816513763,0.00382262996941896,0.4939577784354346,0.2990467252685266,0.0,0.967741935483871,0.3989345960343296,0.3168222509310585,0.0,1.0,0.4352619118082273,0.28146096962070566,0.0,1.0,0.1877281246917234,0.21854001721104696,0.0,0.9032258064516129,13,0.17660550458715596,9.740825688073395,24
891,1306,999,12.0892566869357,96.18836140888209,9,11,8,3,973,0.7438837920489296,335,1086,0.8302752293577982,0.9003083247687564,876,210,0.9003083247687564,0.6268656716417911,0.8302752293577982,182,1064,5.846153846153846,0.006880733944954129,0.008409785932721712,0.0061162079510703364,0.0022935779816513763,0.491552635478931,0.29981270176607394,0.0,0.967741935483871,0.40174381267598674,0.3175442227577612,0.0,1.0,0.43456997480610576,0.2818467963915484,0.0,1.0,0.18776861137183223,0.21842048853016524,0.0,0.9032258064516129,13,0.17917304747320062,9.761102603369066,24
892,1311,995,12.042701596380004,95.63615560640733,15,10,5,5,942,0.7212863705972435,364,1107,0.8476263399693721,0.9171974522292994,864,243,0.9171974522292994,0.6675824175824175,0.8476263399693721,175,1078,6.16,0.011485451761102604,0.007656967840735069,0.0038284839203675345,0.0038284839203675345,0.4907359563002879,0.3005514474555645,0.0,0.967741935483871,0.4011466253291011,0.317679236094664,0.0,1.0,0.43345390123274524,0.28135552004621506,0.0,1.0,0.18769223198248075,0.21863022232053447,0.0,0.9032258064516129,13,0.18154080854309687,9.794050343249427,24
893,1307,994,12.078308844388566,95.9778117827085,6,10,5,5,994,0.7581998474446987,317,1093,0.8337147215865751,0.9094567404426559,904,189,0.9094567404426559,0.5962145110410094,0.8337147215865751,172,1064,6.186046511627907,0.004576659038901602,0.007627765064836003,0.0038138825324180014,0.0038138825324180014,0.49107781918700794,0.3002763179467724,0.0,0.967741935483871,0.40163388207419104,0.3183766923847178,0.0,1.0,0.43396598958461885,0.2814737673417228,0.0,1.0,0.18782239553767555,0.21900455828771292,0.0,0.9032258064516129,13,0.1820964039785769,9.782708492731446,24
894,1305,1001,12.047944786198657,95.87816091954024,9,11,7,4,990,0.7574598316755929,317,1118,0.8553940321346595,0.9090909090909091,900,218,0.9090909090909091,0.6876971608832808,0.8553940321346595,171,1096,6.409356725146199,0.006885998469778117,0.008416220351951033,0.005355776587605203,0.00306044376434583,0.4896551724137931,0.2997933956186203,0.0,0.967741935483871,0.4019527870473365,0.31790984752214757,0.0,1.0,0.4334940056853294,0.2814280173597891,0.0,1.0,0.18798665183537264,0.2187050196152682,0.0,0.9032258064516129,13,0.18237547892720307,9.790804597701149,24
895,1306,1006,12.019676682983564,96.01531393568148,6,5,5,0,1005,0.7701149425287356,300,1114,0.8536398467432951,0.9024875621890547,907,207,0.9024875621890547,0.69,0.8536398467432951,175,1094,6.251428571428572,0.004597701149425287,0.0038314176245210726,0.0038314176245210726,0.0,0.4901200414958257,0.299891152662953,0.0,0.967741935483871,0.4011016153732155,0.3180645653617146,0.0,1.0,0.43377957812577184,0.28066178995686536,0.0,1.0,0.1872499135503631,0.21832404851516435,0.0,0.9032258064516129,13,0.18223583460949463,9.820826952526799,25
896,1301,1004,12.065596735687595,95.81398923904689,7,12,8,4,946,0.7243491577335375,360,1094,0.8376722817764165,0.8858350951374208,838,256,0.8858350951374208,0.7111111111111111,0.8376722817764165,176,1068,6.068181818181818,0.005359877488514548,0.009188361408882083,0.006125574272588055,0.0030627871362940277,0.4890034960700205,0.2993976203027305,0.0,0.967741935483871,0.4007835164017753,0.3178747173282689,0.0,1.0,0.4331407602092683,0.2806504277995502,0.0,1.0,0.18640747811856886,0.2181482529369692,0.0,0.9032258064516129,13,0.1813989239046887,9.831667947732514,25
897,1296,1010,12.059621582657025,95.96064814814815,4,9,7,2,976,0.7501921598770177,325,1110,0.8531898539584934,0.9118852459016393,890,220,0.9118852459016393,0.676923076923077,0.8531898539584934,176,1092,6.204545454545454,0.0030745580322828594,0.006917755572636433,0.005380476556495004,0.0015372790161414297,0.489147749900438,0.2995798877034026,0.0,0.967741935483871,0.3999153723616089,0.31714145829748314,0.0,1.0,0.433915770609319,0.28062613158565447,0.0,1.0,0.18516029470330544,0.2173144497527389,0.0,0.9032258064516129,13,0.18055555555555555,9.83641975308642,25
898,1294,1009,11.97474335607734,95.49768160741885,13,15,10,5,991,0.7646604938271605,305,1111,0.8572530864197531,0.9011099899091827,893,218,0.9011099899091827,0.7147540983606557,0.8572530864197531,174,1084,6.2298850574712645,0.010030864197530864,0.011574074074074073,0.007716049382716049,0.0038580246913580245,0.48668793937278754,0.2994594824621705,0.0,0.967741935483871,0.40212893254225457,0.317497472998939,0.0,1.0,0.43291618886174404,0.2804967537954576,0.0,1.0,0.18280400857555967,0.21583449199086327,0.0,0.9032258064516129,13,0.1831530139103555,9.861669242658424,25
899,1294,1011,11.961451659703092,95.74111282843894,10,10,5,5,990,0.7650695517774343,304,1088,0.8408037094281299,0.9,891,197,0.9,0.6480263157894737,0.8408037094281299,181,1071,5.917127071823204,0.0077279752704791345,0.0077279752704791345,0.0038639876352395673,0.0038639876352395673,0.4861395024181083,0.2995822704613398,0.0,0.967741935483871,0.4026524405444483,0.31752670952108675,0.0,1.0,0.43159495438001694,0.2808024750508118,0.0,1.0,0.1840504561998305,0.216510369153441,0.0,0.9032258064516129,13,0.1846986089644513,9.839258114374035,25
900,1283,1012,11.980470570864265,95.43180046765394,6,17,13,4,972,0.7511591962905718,322,1116,0.8624420401854714,0.9279835390946503,902,214,0.9279835390946503,0.6645962732919255,0.8624420401854714,186,1103,5.93010752688172,0.00463678516228748,0.01313755795981453,0.010046367851622875,0.0030911901081916537,0.4853543861413521,0.2997425376897291,0.0,0.967741935483871,0.4018806728182435,0.31597403206289876,0.0,1.0,0.43252960551127645,0.2814383744468912,0.0,1.0,0.1843964498529153,0.21680506286350604,0.0,0.9032258064516129,13,0.18394388152766952,9.843335931410756,25
901,1284,1017,11.971191646411222,95.48364485981308,9,8,5,3,943,0.734996102883866,340,1103,0.8597038191738113,0.9194061505832449,867,236,0.9194061505832449,0.6941176470588235,0.8597038191738113,175,1083,6.188571428571429,0.007014809041309431,0.006235385814497272,0.003897116134060795,0.002338269680436477,0.4853281077278665,0.29992464832550364,0.0,0.967741935483871,0.40342679127725856,0.3164615976500282,0.0,1.0,0.4317405285900915,0.2814896290077264,0.0,1.0,0.18490603959401064,0.21700670506149816,0.0,0.9032258064516129,13,0.18613707165109034,9.845794392523365,25
902,1285,1021,11.94974115614572,95.48560311284047,10,9,5,4,989,0.7702492211838006,295,1081,0.8419003115264797,0.9039433771486349,894,187,0.9039433771486349,0.6338983050847458,0.8419003115264797,173,1058,6.115606936416185,0.00778816199376947,0.007009345794392523,0.003894080996884735,0.003115264797507788,0.48512614534956694,0.2994547905283797,0.0,0.967741935483871,0.4032132546755366,0.3156058432159705,0.0,1.0,0.43363875988452366,0.2815833833151197,0.0,1.0,0.1847370402912012,0.21636396699212473,0.0,0.9032258064516129,13,0.18365758754863815,9.847470817120623,25
903,1282,1018,12.0286876397232,95.72698907956318,6,9,5,4,921,0.7167315175097276,364,1082,0.842023346303502,0.8979370249728555,827,255,0.8979370249728555,0.7005494505494505,0.842023346303502,175,1054,6.022857142857143,0.004669260700389105,0.007003891050583658,0.0038910505836575876,0.0031128404669260703,0.4842987267877812,0.29900890910793126,0.0,0.967741935483871,0.40214382768859136,0.31492482529980353,0.0,1.0,0.43379799708117356,0.28232114069791386,0.0,1.0,0.1849932061798601,0.21643085993805022,0.0,0.9032258064516129,13,0.18252730109204368,9.853354134165366,25
904,1279,1025,12.024763638450432,96.02189210320563,7,10,5,5,991,0.7730109204368175,291,1075,0.8385335413416537,0.9061553985872856,898,177,0.9061553985872856,0.6082474226804123,0.8385335413416537,171,1053,6.157894736842105,0.00546021840873635,0.0078003120124804995,0.0039001560062402497,0.0039001560062402497,0.4829882216449343,0.29935838356176697,0.0,0.967741935483871,0.40311231052485563,0.31431273633881024,0.0,1.0,0.4344119649928119,0.2829675496241382,0.0,1.0,0.18406517188327573,0.21584492434601957,0.0,0.9032258064516129,13,0.18295543393275998,9.837372947615325,25
905,1276,1033,12.0344330343052,96.19984326018809,7,10,6,4,945,0.7388584831899921,334,1076,0.8412822517591869,0.9153439153439153,865,211,0.9153439153439153,0.6317365269461078,0.8412822517591869,174,1058,6.080459770114943,0.00547302580140735,0.007818608287724784,0.004691164972634871,0.003127443315089914,0.4832389523713217,0.29951202732051335,0.0,0.967741935483871,0.4023915461624027,0.3144725611001686,0.0,1.0,0.4337900697744969,0.28269072768690595,0.0,1.0,0.1845484882192335,0.21614985402210418,0.0,0.9032258064516129,13,0.18181818181818182,9.844043887147336,25
906,1269,1028,12.142713695928371,96.48226950354609,4,11,8,3,940,0.7366771159874608,336,1083,0.8487460815047022,0.9223404255319149,867,216,0.9223404255319149,0.6428571428571429,0.8487460815047022,174,1052,6.045977011494253,0.003134796238244514,0.008620689655172414,0.006269592476489028,0.0023510971786833857,0.4841505884745418,0.2996131122041478,0.0,0.967741935483871,0.4018404128218816,0.3141673507646282,0.0,1.0,0.43353923587279797,0.2825467263406268,0.0,1.0,0.18414296245456163,0.21664575045398154,0.0,0.9032258064516129,13,0.18124507486209615,9.858156028368795,25
907,1266,1030,12.18752145604908,96.75987361769353,3,6,6,0,958,0.7549251379038613,311,1110,0.8747044917257684,0.9237995824634656,885,225,0.9237995824634656,0.7234726688102894,0.8747044917257684,175,1087,6.211428571428572,0.002364066193853428,0.004728132387706856,0.004728132387706856,0.0,0.48432961320898943,0.29951658625836797,0.0,0.967741935483871,0.4019772715690771,0.31460167695901015,0.0,1.0,0.4322988330020894,0.28170720042983505,0.0,1.0,0.18312694287315906,0.21582481628161743,0.0,0.9032258064516129,13,0.18246445497630331,9.877567140600316,25
908,1269,1033,12.189471856932212,96.82663514578408,9,6,4,2,936,0.7393364928909952,330,1094,0.8641390205371248,0.9188034188034188,860,234,0.9188034188034188,0.7090909090909091,0.8641390205371248,175,1072,6.1257142857142854,0.0071090047393364926,0.004739336492890996,0.00315955766192733,0.001579778830963665,0.4843539490073464,0.29964843062723556,0.0,0.967741935483871,0.4031114161519103,0.31442345798878346,0.0,1.0,0.43270037367497904,0.28211275349166237,0.0,1.0,0.18363456112255014,0.21617215071720375,0.0,0.9032258064516129,13,0.18282111899133174,9.892828999211979,25
909,1268,1031,12.242234736868456,97.02602523659306,7,8,5,3,965,0.760441292356186,304,1103,0.8691883372734437,0.933678756476684,901,202,0.933678756476684,0.6644736842105263,0.8691883372734437,172,1073,6.238372093023256,0.005516154452324665,0.006304176516942475,0.003940110323089046,0.002364066193853428,0.4822682405617177,0.30003357616342874,0.0,0.967741935483871,0.4039890098707642,0.3142329512174103,0.0,1.0,0.43306706014042945,0.28248857774197017,0.0,1.0,0.18321970082425967,0.21597611564519273,0.0,0.9032258064516129,13,0.1829652996845426,9.89589905362776,25
910,1265,1030,12.309138684813703,97.39604743083004,5,8,5,3,961,0.7578864353312302,307,1102,0.8690851735015773,0.918834547346514,883,219,0.918834547346514,0.7133550488599348,0.8690851735015773,175,1076,6.148571428571429,0.003943217665615142,0.006309148264984227,0.003943217665615142,0.002365930599369085,0.4815504271324748,0.3002146256799451,0.0,0.967741935483871,0.4035190615835777,0.3137437371255317,0.0,1.0,0.43281907433380085,0.2823105976742047,0.0,1.0,0.1833482085936504,0.2161664571770835,0.0,0.9032258064516129,13,0.18181818181818182,9.896442687747035,25
911,1262,1031,12.321214865475104,97.2242472266244,10,13,8,5,955,0.7549407114624506,310,1087,0.8592885375494071,0.9141361256544502,873,214,0.9141361256544502,0.6903225806451613,0.8592885375494071,180,1068,5.933333333333334,0.007905138339920948,0.010276679841897233,0.006324110671936759,0.003952569169960474,0.48289964725729767,0.29997591636560883,0.0,0.967741935483871,0.4020755585092787,0.3132644499822676,0.0,1.0,0.4339246459792444,0.28265022966624875,0.0,1.0,0.18304278922345482,0.21594195145202555,0.0,0.9032258064516129,13,0.17828843106180667,9.891442155309033,25
912,1277,1037,12.192850875677,96.94283476898983,18,3,0,3,963,0.7630744849445324,299,1078,0.8541996830427893,0.9158878504672897,882,196,0.9158878504672897,0.6555183946488294,0.8541996830427893,176,1060,6.0227272727272725,0.014263074484944533,0.002377179080824089,0.0,0.002377179080824089,0.48182484148836735,0.299997463282967,0.0,0.967741935483871,0.4018743526915401,0.3123403128941157,0.0,1.0,0.4339050698461616,0.2827568909160297,0.0,1.0,0.18296410437769975,0.21567421858173938,0.0,0.9032258064516129,13,0.17619420516836334,9.893500391542679,25
913,1281,1038,12.168160403190875,96.90944574551132,9,5,4,1,978,0.7658574784651527,299,1101,0.8621769772905247,0.9202453987730062,900,201,0.9202453987730062,0.6722408026755853,0.8621769772905247,176,1078,6.125,0.007047768206734534,0.003915426781519186,0.0031323414252153485,0.0007830853563038371,0.48185641258089695,0.2997471451612812,0.0,0.967741935483871,0.4029362141472136,0.31256146921527245,0.0,1.0,0.4332552693208431,0.28244445484820435,0.0,1.0,0.18229206013447158,0.21513248240208488,0.0,0.9032258064516129,13,0.17642466822794692,9.924277907884465,25
914,1276,1039,12.19139189472371,97.01332288401254,5,10,8,2,993,0.775175644028103,288,1103,0.8610460577673692,0.918429003021148,912,191,0.918429003021148,0.6631944444444444,0.8610460577673692,177,1081,6.107344632768362,0.0039032006245121,0.0078064012490242,0.00624512099921936,0.00156128024980484,0.4813429062594802,0.29938628065322576,0.0,0.967741935483871,0.4027454747699464,0.3124022648122267,0.0,1.0,0.4320962685812519,0.2822395410180727,0.0,1.0,0.182146829810901,0.21495606399924072,0.0,0.9032258064516129,13,0.17711598746081506,9.933385579937305,25
915,1276,1045,12.120726142045157,96.38793103448276,12,12,10,2,903,0.707680250783699,373,1088,0.8526645768025078,0.9102990033222591,822,266,0.9102990033222591,0.7131367292225201,0.8526645768025078,170,1064,6.258823529411765,0.009404388714733543,0.009404388714733543,0.007836990595611285,0.001567398119122257,0.4789159672363232,0.2994049803219131,0.0,0.967741935483871,0.4041106279704722,0.31308456814432445,0.0,1.0,0.43204570735160275,0.28224759771731284,0.0,1.0,0.18174233997370817,0.21439097031024318,0.0,0.9032258064516129,13,0.17946708463949843,9.955329153605016,26
916,1266,1053,12.169902827528658,96.7085308056872,2,12,8,4,1004,0.786833855799373,272,1099,0.8612852664576802,0.9213147410358565,925,174,0.9213147410358565,0.6397058823529411,0.8612852664576802,171,1078,6.304093567251462,0.001567398119122257,0.009404388714733543,0.006269592476489028,0.003134796238244514,0.4781888600112113,0.2996180723322145,0.0,0.967741935483871,0.4027671609845589,0.3129403986730656,0.0,1.0,0.4318656678387606,0.2817953234973723,0.0,1.0,0.1815726443459206,0.21395949256965494,0.0,0.9032258064516129,13,0.17851500789889416,9.956556082148499,26
917,1262,1051,12.262757023948183,97.1188589540412,5,9,4,5,961,0.759083728278041,305,1103,0.8712480252764613,0.9209157127991675,885,218,0.9209157127991675,0.7147540983606557,0.8712480252764613,177,1078,6.090395480225989,0.0039494470774091624,0.0071090047393364926,0.00315955766192733,0.0039494470774091624,0.4787331935995092,0.2999651009720079,0.0,0.967741935483871,0.40261234088236797,0.3129315045292778,0.0,1.0,0.43182863861765763,0.2814702998459252,0.0,1.0,0.18127907571187568,0.21370478487240654,0.0,0.9032258064516129,13,0.1774960380348653,9.940570522979398,26
918,1256,1055,12.291037619860417,96.80891719745223,6,12,9,3,969,0.7678288431061807,293,1085,0.8597464342313788,0.9174406604747162,889,196,0.9174406604747162,0.6689419795221843,0.8597464342313788,172,1061,6.1686046511627906,0.004754358161648178,0.009508716323296355,0.0071315372424722665,0.002377179080824089,0.47950482843640846,0.30015951146554287,0.0,0.967741935483871,0.40379083624409284,0.3124243774691146,0.0,1.0,0.43106636531744397,0.28095172452654466,0.0,1.0,0.18083521676597494,0.21339794011902394,0.0,0.9032258064516129,13,0.17754777070063693,9.94984076433121,26
919,1248,1059,12.372086897425058,97.13782051282051,4,12,7,5,914,0.7277070063694268,342,1043,0.8304140127388535,0.8905908096280087,814,229,0.8905908096280087,0.6695906432748538,0.8304140127388535,165,1012,6.133333333333334,0.0031847133757961785,0.009554140127388535,0.005573248407643312,0.003980891719745223,0.4785721670802316,0.3000747632814558,0.0,0.967741935483871,0.403406741108354,0.3124440779990885,0.0,1.0,0.42940963606286187,0.2807263015747663,0.0,1.0,0.18028846153846154,0.21265095722910266,0.0,0.9032258064516129,13,0.17708333333333334,9.943910256410257,26
920,1246,1054,12.475299743626632,97.29935794542536,6,8,5,3,939,0.7524038461538461,309,1027,0.8229166666666666,0.9052183173588925,850,177,0.9052183173588925,0.5728155339805825,0.8229166666666666,173,995,5.7514450867052025,0.004807692307692308,0.00641025641025641,0.004006410256410256,0.002403846153846154,0.47941800859524675,0.29983810202592975,0.0,0.967741935483871,0.4038212602909957,0.31189396458266827,0.0,1.0,0.4302283436027547,0.280961438023412,0.0,1.0,0.18055195981981048,0.21264808217116132,0.0,0.9032258064516129,13,0.17576243980738362,9.932584269662922,26
921,1244,1054,12.533415112849907,97.73553054662379,4,6,4,2,949,0.7616372391653291,297,1050,0.8426966292134831,0.9041095890410958,858,192,0.9041095890410958,0.6464646464646465,0.8426966292134831,174,1024,5.885057471264368,0.0032102728731942215,0.004815409309791332,0.0032102728731942215,0.0016051364365971107,0.4782180271756042,0.2999417716650294,0.0,0.967741935483871,0.40436676693289075,0.3123245698820095,0.0,1.0,0.4286640390001037,0.2804588706125064,0.0,1.0,0.17964941396120734,0.212101027930752,0.0,0.9032258064516129,13,0.17684887459807075,9.938906752411576,26
922,1244,1061,12.519717244864886,97.40434083601286,10,10,6,4,932,0.7491961414790996,312,1048,0.842443729903537,0.8916309012875536,831,217,0.8916309012875536,0.6955128205128205,0.842443729903537,173,1028,5.942196531791907,0.008038585209003215,0.008038585209003215,0.00482315112540193,0.003215434083601286,0.477491961414791,0.29970400964665095,0.0,0.967741935483871,0.404522352453065,0.31259970066727133,0.0,1.0,0.42980499948138157,0.2813359307492579,0.0,1.0,0.1801161705217301,0.21255260538914947,0.0,0.9032258064516129,13,0.17765273311897106,9.938102893890676,26
923,1246,1063,12.51924988879737,97.39646869983949,11,9,4,5,945,0.7596463022508039,299,1056,0.8488745980707395,0.9037037037037037,854,202,0.9037037037037037,0.6755852842809364,0.8488745980707395,175,1033,5.902857142857143,0.008842443729903537,0.007234726688102894,0.003215434083601286,0.0040192926045016075,0.4770103039403511,0.2993201222272163,0.0,0.967741935483871,0.4044167141303785,0.3124620785013367,0.0,1.0,0.43015067571066123,0.2812926915231561,0.0,1.0,0.17853259462538185,0.2114118310778389,0.0,0.9032258064516129,13,0.17736757624398075,9.942215088282504,26
924,1246,1067,12.519965744580599,97.276886035313,8,8,7,1,928,0.7447833065810594,318,1085,0.8707865168539326,0.9224137931034483,856,229,0.9224137931034483,0.720125786163522,0.8707865168539326,177,1066,6.022598870056497,0.006420545746388443,0.006420545746388443,0.0056179775280898875,0.0008025682182985554,0.4772691969139957,0.29981102238115137,0.0,0.967741935483871,0.40521928234867705,0.3114889315081174,0.0,1.0,0.43191114793144514,0.2813264962291966,0.0,1.0,0.17811836586755037,0.21144125649180703,0.0,0.9032258064516129,13,0.1781701444622793,9.951043338683789,26
925,1255,1072,12.446146428702818,97.18725099601593,12,3,3,0,953,0.7648475120385233,293,1072,0.8603531300160514,0.9213011542497377,878,194,0.9213011542497377,0.6621160409556314,0.8603531300160514,179,1056,5.899441340782123,0.009630818619582664,0.002407704654895666,0.002407704654895666,0.0,0.4774964657499036,0.2997622754503256,0.0,0.967741935483871,0.40398406374501994,0.3114105858101766,0.0,1.0,0.4323094717902583,0.2815428312113314,0.0,1.0,0.17804909394679347,0.211240546261007,0.0,0.9032258064516129,13,0.17689243027888446,9.972908366533865,26
926,1244,1075,12.493941281923247,97.02090032154341,5,16,11,5,962,0.7665338645418327,293,1074,0.8557768924302789,0.9178794178794178,883,191,0.9178794178794178,0.6518771331058021,0.8557768924302789,173,1050,6.069364161849711,0.00398406374501992,0.012749003984063745,0.008764940239043825,0.00398406374501992,0.4761176226532517,0.30015550930809914,0.0,0.967741935483871,0.4041852504926875,0.3114911344593466,0.0,1.0,0.4319572658437921,0.281715782709776,0.0,1.0,0.17876776268021988,0.21188355797952058,0.0,0.9032258064516129,13,0.17765273311897106,9.984726688102894,26
927,1242,1077,12.523458491857912,97.15942028985508,4,6,6,0,974,0.7829581993569131,270,1098,0.882636655948553,0.9373716632443532,913,185,0.9373716632443532,0.6851851851851852,0.882636655948553,176,1076,6.113636363636363,0.003215434083601286,0.00482315112540193,0.00482315112540193,0.0,0.4764687548698769,0.3005817565395999,0.0,0.967741935483871,0.40309594306789254,0.3115060160286387,0.0,1.0,0.4318996415770609,0.28129251754126117,0.0,1.0,0.1784582619084723,0.2115287139333367,0.0,0.9032258064516129,13,0.17713365539452497,9.996779388083736,26
928,1245,1087,12.485705937215,97.12530120481928,9,6,4,2,939,0.7560386473429952,303,1070,0.8615136876006442,0.9020234291799787,847,223,0.9020234291799787,0.735973597359736,0.8615136876006442,168,1048,6.238095238095238,0.007246376811594203,0.004830917874396135,0.00322061191626409,0.001610305958132045,0.47659023189532324,0.3005727176058411,0.0,0.967741935483871,0.40233190827827436,0.3117045835374476,0.0,1.0,0.4317398626765125,0.2810475643421367,0.0,1.0,0.1766550071252753,0.20993895018112066,0.0,0.9032258064516129,13,0.17670682730923695,10.032128514056225,27
929,1244,1086,12.56480678942117,97.59405144694534,5,6,3,3,968,0.7775100401606426,277,1073,0.8618473895582329,0.8966942148760331,868,205,0.8966942148760331,0.740072202166065,0.8618473895582329,180,1052,5.844444444444444,0.004016064257028112,0.004819277108433735,0.0024096385542168677,0.0024096385542168677,0.47632507001348406,0.3003307414719213,0.0,0.967741935483871,0.4022922933305674,0.3111929900981575,0.0,1.0,0.4322165750440825,0.28154367184588014,0.0,1.0,0.1765117726376932,0.20995452808317713,0.0,0.9032258064516129,13,0.1760450160771704,10.037781350482316,27
930,1244,1085,12.531458160333505,97.23231511254019,11,11,8,3,960,0.7717041800643086,284,1071,0.8609324758842444,0.9083333333333333,872,199,0.9083333333333333,0.7007042253521126,0.8609324758842444,175,1045,5.9714285714285715,0.008842443729903537,0.008842443729903537,0.006430868167202572,0.002411575562700965,0.4759879680531065,0.3003039775039982,0.0,0.967741935483871,0.40288870449123537,0.3119620204349366,0.0,1.0,0.4316720257234727,0.2813436362299375,0.0,1.0,0.17516336479618297,0.20894992317290292,0.0,0.9032258064516129,13,0.17684887459807075,10.04823151125402,27
931,1248,1087,12.437788597961694,96.64182692307692,12,8,8,0,979,0.7869774919614148,265,1078,0.8665594855305466,0.9121552604698672,893,185,0.9121552604698672,0.6981132075471698,0.8665594855305466,177,1057,5.971751412429379,0.00964630225080386,0.006430868167202572,0.006430868167202572,0.0,0.47397125723738626,0.2997413280447151,0.0,0.967741935483871,0.4046474358974359,0.31312332924527825,0.0,1.0,0.4296164185277088,0.28093556229761024,0.0,1.0,0.17470533498759305,0.2084673636979845,0.0,0.9032258064516129,13,0.17868589743589744,10.04727564102564,27
932,1252,1089,12.360890940752276,95.84345047923323,15,11,9,2,942,0.7548076923076923,306,1063,0.8517628205128205,0.9150743099787686,862,201,0.9150743099787686,0.6568627450980392,0.8517628205128205,171,1036,6.058479532163743,0.01201923076923077,0.008814102564102564,0.007211538461538462,0.0016025641025641025,0.47405441615995053,0.2991698992924848,0.0,0.967741935483871,0.4032000412243636,0.31297801465309627,0.0,1.0,0.428965268473668,0.2808346266444269,0.0,1.0,0.17466247552303413,0.20813945234506306,0.0,0.9032258064516129,13,0.17731629392971246,10.055111821086262,28
933,1256,1096,12.325645927753254,95.99761146496816,11,7,3,4,976,0.7795527156549521,276,1101,0.8793929712460063,0.9252049180327869,903,198,0.9252049180327869,0.717391304347826,0.8793929712460063,175,1083,6.188571428571429,0.00878594249201278,0.005591054313099041,0.0023961661341853034,0.003194888178913738,0.4746507088555578,0.2992215185311633,0.0,0.967741935483871,0.40312307376207107,0.31304213201554565,0.0,1.0,0.42970515718101504,0.28125713141234593,0.0,1.0,0.1751592356687898,0.2087980691422197,0.0,0.9032258064516129,13,0.17595541401273884,10.061305732484076,28
934,1255,1095,12.348245436553269,95.92908366533865,8,9,6,3,980,0.7802547770700637,276,1120,0.89171974522293,0.9357142857142857,917,203,0.9357142857142857,0.7355072463768116,0.89171974522293,179,1098,6.134078212290503,0.006369426751592357,0.007165605095541401,0.004777070063694267,0.0023885350318471337,0.4752602493252795,0.2990264188028069,0.0,0.967741935483871,0.4040868782932785,0.3126273940041483,0.0,1.0,0.43066443901812107,0.28119236206722803,0.0,1.0,0.1752988047808765,0.20892984423002228,0.0,0.9032258064516129,13,0.17609561752988048,10.060557768924303,28
935,1256,1105,12.30200922635699,95.81847133757962,9,8,7,1,927,0.7386454183266933,328,1102,0.8780876494023905,0.9223300970873787,855,247,0.9223300970873787,0.7530487804878049,0.8780876494023905,174,1086,6.241379310344827,0.007171314741035857,0.006374501992031873,0.005577689243027889,0.0007968127490039841,0.47431682761454697,0.298658134744677,0.0,0.967741935483871,0.40425313334703106,0.3121048189814615,0.0,1.0,0.43217074173001846,0.28158546590087935,0.0,1.0,0.17477398808300804,0.20853943800547717,0.0,0.9032258064516129,13,0.17595541401273884,10.068471337579618,28
936,1267,1108,12.226263212267872,95.5982636148382,15,4,1,3,969,0.7714968152866242,287,1062,0.8455414012738853,0.913312693498452,885,177,0.913312693498452,0.6167247386759582,0.8455414012738853,168,1033,6.148809523809524,0.01194267515923567,0.0031847133757961785,0.0007961783439490446,0.0023885350318471337,0.4762838302314331,0.2992641466612563,0.0,0.967741935483871,0.405555414110039,0.31229646452667975,0.0,1.0,0.43300150215138633,0.2820493003536012,0.0,1.0,0.17564987142602542,0.20944655955466102,0.0,0.9032258064516129,13,0.17679558011049723,10.071033938437253,28
937,1275,1103,12.172604141912545,95.23372549019608,16,8,4,4,964,0.760852407261247,303,1114,0.8792423046566693,0.9253112033195021,892,222,0.9253112033195021,0.7326732673267327,0.8792423046566693,181,1090,6.0220994475138125,0.012628255722178374,0.006314127861089187,0.0031570639305445935,0.0031570639305445935,0.47736875395319417,0.2992788143975714,0.0,0.967741935483871,0.4053889943074004,0.312219453431933,0.0,1.0,0.4330170777988615,0.28186180786233744,0.0,1.0,0.1768247944339026,0.21151352332091716,0.0,0.9354838709677419,13,0.17568627450980392,10.08078431372549,28
938,1275,1099,12.218730878035307,95.08313725490196,10,10,6,4,939,0.7364705882352941,336,1092,0.8564705882352941,0.9041533546325878,849,243,0.9041533546325878,0.7232142857142857,0.8564705882352941,174,1062,6.103448275862069,0.00784313725490196,0.00784313725490196,0.004705882352941176,0.003137254901960784,0.4765338393421884,0.29864115784102346,0.0,0.967741935483871,0.40599620493358635,0.3121859001017834,0.0,1.0,0.4345098039215686,0.28241762899354284,0.0,1.0,0.17788741302972802,0.21186468099832115,0.0,0.9354838709677419,13,0.17490196078431372,10.07529411764706,28
939,1276,1096,12.216631930614517,95.16536050156739,8,7,6,1,961,0.7537254901960785,314,1126,0.8831372549019608,0.9334027055150884,897,229,0.9334027055150884,0.7292993630573248,0.8831372549019608,180,1103,6.127777777777778,0.006274509803921568,0.005490196078431373,0.004705882352941176,0.000784313725490196,0.47739913034685,0.2981750598771998,0.0,0.967741935483871,0.40514713317827894,0.3125402689084791,0.0,1.0,0.43419455961168973,0.2820112345467205,0.0,1.0,0.17746991606835877,0.21162084809796233,0.0,0.9354838709677419,13,0.17398119122257052,10.100313479623825,28
940,1270,1102,12.238092620402192,95.2251968503937,6,12,8,4,983,0.7703761755485894,293,1113,0.872257053291536,0.9267548321464903,911,202,0.9267548321464903,0.689419795221843,0.872257053291536,175,1094,6.251428571428572,0.004702194357366771,0.009404388714733543,0.006269592476489028,0.003134796238244514,0.4768859537719075,0.2980616307846208,0.0,0.967741935483871,0.40375920751841504,0.3122280248293033,0.0,1.0,0.43390906781813565,0.2817991817262031,0.0,1.0,0.17701295402590805,0.211683799357401,0.0,0.9354838709677419,13,0.17244094488188977,10.108661417322836,28
941,1272,1104,12.219969079527502,95.1501572327044,9,7,6,1,921,0.7251968503937007,349,1106,0.8708661417322835,0.9087947882736156,837,269,0.9087947882736156,0.7707736389684814,0.8708661417322835,176,1084,6.159090909090909,0.007086614173228346,0.005511811023622047,0.004724409448818898,0.0007874015748031496,0.47593325218096977,0.29812993083385037,0.0,0.967741935483871,0.40385980929194565,0.3128261276384255,0.0,1.0,0.43386082369649015,0.281281503221803,0.0,1.0,0.17653175086224387,0.21172942280671025,0.0,0.9354838709677419,13,0.17295597484276728,10.126572327044025,28
942,1271,1106,12.199106552760092,94.99527930763179,9,10,8,2,961,0.7555031446540881,311,1064,0.8364779874213837,0.9042663891779397,869,195,0.9042663891779397,0.6270096463022508,0.8364779874213837,170,1036,6.094117647058823,0.007075471698113208,0.007861635220125786,0.006289308176100629,0.0015723270440251573,0.4748102840029441,0.29826193707445275,0.0,0.967741935483871,0.40412679881221286,0.31298480875901863,0.0,1.0,0.43265399355346307,0.28158582495249546,0.0,1.0,0.1769244435420421,0.21208003320986965,0.0,0.9354838709677419,13,0.17309205350118018,10.132966168371361,28
943,1273,1107,12.179855370375828,94.9057344854674,10,8,5,3,945,0.7435090479937058,326,1072,0.8434303697875688,0.908994708994709,859,213,0.908994708994709,0.6533742331288344,0.8434303697875688,173,1046,6.046242774566474,0.007867820613690008,0.006294256490952006,0.003933910306845004,0.0023603461841070024,0.4752046220510351,0.2980267154390572,0.0,0.967741935483871,0.4050629703773154,0.31334121442914487,0.0,1.0,0.4325824189747358,0.28169551464261006,0.0,1.0,0.17555685072092847,0.21102151418554346,0.0,0.9354838709677419,13,0.17360565593087196,10.147682639434407,28
944,1275,1112,12.164267429065703,95.0478431372549,9,7,3,4,973,0.7643362136684996,300,1094,0.8593872741555381,0.9075025693730729,883,211,0.9075025693730729,0.7033333333333334,0.8593872741555381,176,1075,6.107954545454546,0.007069913589945012,0.0054988216810683424,0.002356637863315004,0.003142183817753339,0.4735989879822897,0.2983139618224398,0.0,0.967741935483871,0.4053889943074004,0.3126374145268927,0.0,1.0,0.4309930423782416,0.2816891010323915,0.0,1.0,0.17581277672359266,0.21094026837453758,0.0,0.9354838709677419,13,0.17490196078431372,10.142745098039216,28
945,1276,1114,12.126711772594971,94.69043887147335,10,9,8,1,963,0.7552941176470588,312,1120,0.8784313725490196,0.9356178608515057,901,219,0.9356178608515057,0.7019230769230769,0.8784313725490196,173,1095,6.329479768786127,0.00784313725490196,0.007058823529411765,0.006274509803921568,0.000784313725490196,0.47259581353018504,0.2983411231235972,0.0,0.967741935483871,0.4036050156739812,0.3130100424982736,0.0,1.0,0.4305794316917787,0.2814098963657244,0.0,1.0,0.17544746688239457,0.21040585365602216,0.0,0.9354838709677419,13,0.17476489028213166,10.161442006269592,28
946,1275,1121,12.151059276735824,94.97411764705882,5,6,4,2,939,0.7358934169278997,337,1101,0.8628526645768025,0.9211927582534611,865,236,0.9211927582534611,0.7002967359050445,0.8628526645768025,167,1075,6.437125748502994,0.003918495297805642,0.004702194357366771,0.003134796238244514,0.001567398119122257,0.4728905755850727,0.2978752911763659,0.0,0.967741935483871,0.4034661606578115,0.3124803042048484,0.0,1.0,0.43071473750790634,0.28117703033450525,0.0,1.0,0.17391524351676155,0.20973765514000467,0.0,0.9354838709677419,13,0.17411764705882352,10.172549019607843,28
947,1278,1119,12.126138718828718,94.84194053208138,10,7,6,1,987,0.7741176470588236,288,1106,0.8674509803921568,0.9189463019250254,907,199,0.9189463019250254,0.6909722222222222,0.8674509803921568,182,1086,5.967032967032967,0.00784313725490196,0.005490196078431373,0.004705882352941176,0.000784313725490196,0.4735978595587864,0.29774857792769316,0.0,0.967741935483871,0.4039073148568832,0.31178738968739106,0.0,1.0,0.43187440052501386,0.28229646323338703,0.0,1.0,0.17380988439598163,0.20909412068391015,0.0,0.9354838709677419,13,0.1729264475743349,10.172143974960877,28
948,1276,1126,12.13868680393094,95.13479623824452,6,8,5,3,959,0.7503912363067292,319,1137,0.8896713615023474,0.927007299270073,889,248,0.927007299270073,0.7774294670846394,0.8896713615023474,173,1117,6.456647398843931,0.004694835680751174,0.006259780907668232,0.003912363067292645,0.002347417840375587,0.4726210941450096,0.2980316692104872,0.0,0.967741935483871,0.40575386793406815,0.31152974535158307,0.0,1.0,0.4319698655071292,0.281856334241016,0.0,1.0,0.17291940539993933,0.20852919832313016,0.0,0.9354838709677419,13,0.17398119122257052,10.172413793103448,28
949,1273,1123,12.182042118719524,94.9732914375491,7,10,8,2,972,0.7617554858934169,304,1073,0.8409090909090909,0.9104938271604939,885,188,0.9104938271604939,0.618421052631579,0.8409090909090909,180,1050,5.833333333333333,0.0054858934169279,0.007836990595611285,0.006269592476489028,0.001567398119122257,0.47348148898968656,0.2982129344801231,0.0,0.967741935483871,0.4036692598129894,0.31139149218830064,0.0,1.0,0.43177153282821884,0.28091302843741284,0.0,1.0,0.1729468109368269,0.20880923783913963,0.0,0.9354838709677419,13,0.1743912018853103,10.197172034564023,28
950,1279,1129,12.116076541685013,94.83189992181391,11,5,3,2,979,0.7690494893951296,294,1103,0.8664571877454831,0.9111338100102145,892,211,0.9111338100102145,0.717687074829932,0.8664571877454831,176,1085,6.1647727272727275,0.00864100549882168,0.003927729772191673,0.002356637863315004,0.0015710919088766694,0.47284925218794926,0.29855780487469336,0.0,0.967741935483871,0.4030870892077984,0.3114785093082854,0.0,1.0,0.430149562410149,0.28001720983238476,0.0,1.0,0.17223637418345986,0.20850812282276893,0.0,0.9354838709677419,13,0.17591868647380765,10.218921032056294,29
951,1284,1130,12.101384532861964,94.97274143302181,9,4,3,1,992,0.7756059421422987,287,1093,0.854573885848319,0.9133064516129032,906,187,0.9133064516129032,0.6515679442508711,0.854573885848319,171,1065,6.228070175438597,0.007036747458952306,0.003127443315089914,0.0023455824863174357,0.0007818608287724785,0.4727414330218069,0.298482017265896,0.0,0.967741935483871,0.402095266807356,0.31069112990331615,0.0,1.0,0.4301326499849261,0.28042807419711974,0.0,1.0,0.1718420259270425,0.20824167898216078,0.0,0.9354838709677419,13,0.17523364485981308,10.225856697819315,29
952,1278,1136,12.124023493251412,95.23552425665102,6,12,8,4,973,0.7577881619937694,311,1110,0.8644859813084113,0.9085303186022611,884,226,0.9085303186022611,0.7266881028938906,0.8644859813084113,173,1089,6.294797687861272,0.004672897196261682,0.009345794392523364,0.006230529595015576,0.003115264797507788,0.471881468019587,0.2984738310014275,0.0,0.967741935483871,0.40279670856681304,0.31108717550651366,0.0,1.0,0.429350295320309,0.2800199312518018,0.0,1.0,0.17201776970064112,0.20834544308616212,0.0,0.9354838709677419,13,0.176056338028169,10.2339593114241,29
953,1280,1135,12.155575159769016,95.1859375,9,7,5,2,923,0.7222222222222222,355,1089,0.852112676056338,0.8970747562296858,828,261,0.8970747562296858,0.7352112676056338,0.852112676056338,177,1065,6.016949152542373,0.007042253521126761,0.005477308294209703,0.003912363067292645,0.001564945226917058,0.4695564516129032,0.2981880738834931,0.0,0.967741935483871,0.4024445564516129,0.31067658611051213,0.0,1.0,0.4298387096774194,0.2801110741112358,0.0,1.0,0.17280745967741934,0.20890801125375097,0.0,0.9354838709677419,13,0.1765625,10.215625,29
954,1277,1145,12.143614925415136,95.24980422866092,7,10,6,4,933,0.72890625,347,1061,0.82890625,0.8917470525187567,832,229,0.8917470525187567,0.659942363112392,0.82890625,172,1043,6.063953488372093,0.00546875,0.0078125,0.0046875,0.003125,0.4701038219617551,0.2983421585898628,0.0,0.967741935483871,0.40437517366812337,0.3101891974664272,0.0,1.0,0.4314800313234142,0.280705326594243,0.0,1.0,0.17227877838684416,0.208143667641873,0.0,0.9354838709677419,13,0.17697729052466718,10.221613155833985,29
955,1276,1145,12.123358754857543,95.14811912225706,9,10,8,2,988,0.7736883320281911,289,1093,0.855912294440094,0.9119433198380567,901,192,0.9119433198380567,0.6643598615916955,0.855912294440094,181,1074,5.933701657458563,0.007047768206734534,0.007830853563038372,0.006264682850430697,0.0015661707126076742,0.4702952775811508,0.2986865634443643,0.0,0.967741935483871,0.40400950551117404,0.3098828705736973,0.0,1.0,0.4320709879664274,0.28097082650859145,0.0,1.0,0.17193346142178176,0.2081062668831415,0.0,0.9354838709677419,13,0.17633228840125392,10.227272727272727,29
956,1270,1151,12.174206983354672,95.38346456692913,5,11,7,4,927,0.7264890282131662,349,1083,0.8487460815047022,0.918015102481122,851,232,0.918015102481122,0.664756446991404,0.8487460815047022,172,1061,6.1686046511627906,0.003918495297805642,0.008620689655172414,0.0054858934169279,0.003134796238244514,0.47096774193548385,0.2984974979225599,0.0,0.967741935483871,0.4053594107188214,0.3098794215843956,0.0,1.0,0.4325374650749302,0.2810224119384576,0.0,1.0,0.17218694437388876,0.2081686712756016,0.0,0.9354838709677419,13,0.17716535433070865,10.220472440944881,29
957,1268,1152,12.150612587022461,95.03627760252365,9,11,9,2,937,0.7377952755905511,333,1076,0.8472440944881889,0.9103521878335112,853,223,0.9103521878335112,0.6696696696696697,0.8472440944881889,176,1053,5.982954545454546,0.007086614173228346,0.008661417322834646,0.007086614173228346,0.0015748031496062992,0.47003154574132494,0.29864463483967707,0.0,0.967741935483871,0.4053373359112649,0.3094370853404968,0.0,1.0,0.43283809911468407,0.28097181821180695,0.0,1.0,0.1714663681693294,0.20696481968537,0.0,0.9354838709677419,13,0.17823343848580442,10.240536277602523,30
958,1269,1148,12.177633129939112,95.11426319936959,10,9,4,5,944,0.7444794952681388,324,1114,0.8785488958990536,0.9375,885,229,0.9375,0.7067901234567902,0.8785488958990536,172,1082,6.290697674418604,0.007886435331230283,0.007097791798107256,0.0031545741324921135,0.003943217665615142,0.46981367091181775,0.2986744157847258,0.0,0.967741935483871,0.40438241948193904,0.3091189699819335,0.0,1.0,0.4329799944075854,0.28082186922355884,0.0,1.0,0.17133124888787207,0.20702635666989877,0.0,0.9354838709677419,13,0.1765169424743893,10.233254531126871,30
959,1271,1147,12.180764528099955,95.14948859166012,9,7,4,3,973,0.7667454688731284,296,1096,0.863672182821119,0.9136690647482014,889,207,0.9136690647482014,0.6993243243243243,0.863672182821119,175,1070,6.114285714285714,0.0070921985815602835,0.005516154452324665,0.0031520882584712374,0.002364066193853428,0.4697088906372935,0.2981058448534694,0.0,0.967741935483871,0.4033653968173396,0.30952188270841974,0.0,1.0,0.4316134108271364,0.27992581195612376,0.0,1.0,0.17243217177229003,0.20801452334298068,0.0,0.9354838709677419,13,0.17702596380802518,10.247836349331235,30
960,1274,1158,12.13716841413254,95.33987441130299,7,4,3,1,969,0.7623918174665618,302,1098,0.8638867033831629,0.913312693498452,885,213,0.913312693498452,0.7052980132450332,0.8638867033831629,172,1081,6.284883720930233,0.0055074744295830055,0.003147128245476003,0.0023603461841070024,0.0007867820613690008,0.46898263027295284,0.2977705474007034,0.0,0.967741935483871,0.4035296500734289,0.3095963665986467,0.0,1.0,0.43115409935686433,0.279569881261778,0.0,1.0,0.1718742087405682,0.20717004103266484,0.0,0.9354838709677419,13,0.17660910518053374,10.248822605965463,30
961,1273,1159,12.176929182487724,95.5184603299293,8,9,5,4,917,0.7197802197802198,357,1070,0.8398744113029827,0.8931297709923665,819,251,0.8931297709923665,0.7030812324929971,0.8398744113029827,173,1044,6.034682080924855,0.006279434850863423,0.00706436420722135,0.003924646781789639,0.0031397174254317113,0.4687935534551352,0.29717355219938235,0.0,0.967741935483871,0.40316245597141626,0.3103637015890131,0.0,1.0,0.43070724476091526,0.2792040135874641,0.0,1.0,0.1720345640219953,0.2077712180461915,0.0,0.9354838709677419,13,0.1767478397486253,10.25923016496465,30
962,1269,1159,12.242318205745939,95.72892040977148,4,8,6,2,938,0.7368421052631579,335,1106,0.8688138256087982,0.9285714285714286,871,235,0.9285714285714286,0.7014925373134329,0.8688138256087982,181,1087,6.005524861878453,0.003142183817753339,0.006284367635506678,0.004713275726630008,0.0015710919088766694,0.46917816924680344,0.29704012087259557,0.0,0.967741935483871,0.4027046950863011,0.3095103947058477,0.0,1.0,0.4310989094791428,0.2792937549180515,0.0,1.0,0.17211927095248988,0.2079924218038188,0.0,0.9354838709677419,13,0.17494089834515367,10.264775413711584,30
963,1264,1162,12.260484025913643,95.63212025316456,7,12,8,4,968,0.7628053585500394,301,1103,0.8691883372734437,0.9276859504132231,898,205,0.9276859504132231,0.6810631229235881,0.8691883372734437,176,1082,6.1477272727272725,0.005516154452324665,0.009456264775413711,0.006304176516942475,0.0031520882584712374,0.4714934667211107,0.29692110086068796,0.0,0.967741935483871,0.4018221723152307,0.30952235180373816,0.0,1.0,0.43160473662719473,0.27942450060963,0.0,1.0,0.1711668027766435,0.2076069205507618,0.0,0.9354838709677419,13,0.17405063291139242,10.271360759493671,30
964,1265,1159,12.268074388292213,95.45928853754941,11,10,6,4,950,0.7515822784810127,314,1078,0.8528481012658228,0.9073684210526316,862,216,0.9073684210526316,0.6878980891719745,0.8528481012658228,181,1056,5.834254143646409,0.00870253164556962,0.007911392405063292,0.004746835443037975,0.0031645569620253164,0.4719877597857962,0.296275872280135,0.0,0.967741935483871,0.4020910365931404,0.30936951386174544,0.0,1.0,0.432793573887543,0.279734462893788,0.0,1.0,0.17141399974499555,0.20742948617068316,0.0,0.9354838709677419,13,0.17312252964426877,10.292490118577074,30
965,1274,1163,12.193307219077523,95.40580847723704,13,4,2,2,983,0.7770750988142292,282,1090,0.8616600790513834,0.9237029501525941,908,182,0.9237029501525941,0.6453900709219859,0.8616600790513834,174,1068,6.137931034482759,0.010276679841897233,0.0031620553359683794,0.0015810276679841897,0.0015810276679841897,0.4712867777383906,0.29579520883265725,0.0,0.967741935483871,0.40249151769889097,0.30935019240522516,0.0,1.0,0.4328252392768521,0.27983313463701,0.0,1.0,0.1717476072314782,0.2073045602510435,0.0,0.9354838709677419,13,0.17346938775510204,10.295918367346939,29
966,1273,1167,12.174204501925386,95.40062843676355,8,9,6,3,968,0.7598116169544741,306,1091,0.8563579277864992,0.9028925619834711,874,217,0.9028925619834711,0.7091503267973857,0.8563579277864992,182,1077,5.917582417582418,0.006279434850863423,0.00706436420722135,0.004709576138147566,0.002354788069073783,0.47234118034614697,0.2958467978651894,0.0,0.967741935483871,0.40273167270607907,0.3083445489502715,0.0,1.0,0.43369738742619673,0.2805970627076913,0.0,1.0,0.1714517396041862,0.20705770679673643,0.0,0.9354838709677419,13,0.1720345640219953,10.306362922230951,29
967,1271,1162,12.244916507230641,95.6420141620771,4,6,5,1,1003,0.7879025923016496,270,1109,0.8711704634721131,0.9122632103688934,915,194,0.9122632103688934,0.7185185185185186,0.8711704634721131,179,1083,6.050279329608938,0.003142183817753339,0.004713275726630008,0.003927729772191673,0.0007855459544383347,0.47272911855029065,0.2955937841368258,0.0,0.967741935483871,0.40323849648486076,0.308018499433307,0.0,1.0,0.43458287860714195,0.2808095999522783,0.0,1.0,0.17260983223776044,0.20766812876438526,0.0,0.9354838709677419,13,0.17151848937844216,10.29897718332022,29
968,1268,1168,12.197738172964309,95.3872239747634,9,12,9,3,1009,0.7938630999213218,262,1089,0.8568056648308419,0.8999008919722498,908,181,0.8999008919722498,0.6908396946564885,0.8568056648308419,173,1068,6.173410404624278,0.007081038552321007,0.00944138473642801,0.007081038552321007,0.0023603461841070024,0.4727790780502697,0.2953363331573712,0.0,0.967741935483871,0.40197924086699904,0.3068558527581349,0.0,1.0,0.435483870967742,0.28083236148780333,0.0,1.0,0.17207693090465045,0.2067950486676105,0.0,0.9354838709677419,13,0.17034700315457413,10.307570977917981,29
969,1264,1168,12.219886933516037,95.39873417721519,6,10,7,3,1000,0.7886435331230284,268,1092,0.861198738170347,0.928,928,164,0.928,0.6119402985074627,0.861198738170347,177,1069,6.03954802259887,0.00473186119873817,0.007886435331230283,0.005520504731861199,0.002365930599369085,0.4729736627194774,0.2948089685198506,0.0,0.967741935483871,0.4023581053491221,0.30654976486215374,0.0,1.0,0.4355604328297264,0.2809293125774014,0.0,1.0,0.17154961208656594,0.2065008712636941,0.0,0.9354838709677419,13,0.17088607594936708,10.318037974683545,29
970,1269,1181,12.202216695030494,95.7880220646178,8,3,1,2,936,0.740506329113924,328,1088,0.8607594936708861,0.9123931623931624,854,234,0.9123931623931624,0.7134146341463414,0.8607594936708861,170,1071,6.3,0.006329113924050633,0.0023734177215189874,0.0007911392405063291,0.0015822784810126582,0.47243193777167697,0.29472281301825937,0.0,0.967741935483871,0.4019420930882839,0.3060874753251427,0.0,1.0,0.4353694806680394,0.2809410235367619,0.0,1.0,0.17158544955387783,0.2066372244043344,0.0,0.9354838709677419,13,0.1702127659574468,10.306540583136329,29
971,1274,1177,12.18269460679318,95.5204081632653,11,6,5,1,941,0.7415287628053585,328,1088,0.8573680063041765,0.9192348565356004,865,223,0.9192348565356004,0.6798780487804879,0.8573680063041765,178,1062,5.966292134831461,0.008668242710795903,0.004728132387706856,0.003940110323089046,0.0007880220646178094,0.4722742695092925,0.29483303011625467,0.0,0.967741935483871,0.401807869549805,0.30583202306241564,0.0,1.0,0.4356611130804679,0.28074322618563347,0.0,1.0,0.17215273206056617,0.20682613396707736,0.0,0.9354838709677419,13,0.1695447409733124,10.321036106750393,29
972,1272,1184,12.15460328637063,95.28301886792453,8,10,8,2,973,0.7637362637362637,301,1115,0.8751962323390895,0.9177800616649537,893,222,0.9177800616649537,0.7375415282392026,0.8751962323390895,165,1087,6.587878787878788,0.006279434850863423,0.007849293563579277,0.006279434850863423,0.0015698587127158557,0.4714698721850274,0.2945064556322839,0.0,0.967741935483871,0.40162811929397446,0.3060146799682439,0.0,1.0,0.4339622641509434,0.2799907045625354,0.0,1.0,0.17277845404747413,0.20716867732465144,0.0,0.9354838709677419,13,0.17059748427672955,10.34433962264151,29
973,1271,1179,12.174209180790193,95.22423288749016,8,9,7,2,982,0.7720125786163522,290,1113,0.875,0.9093686354378818,893,220,0.9093686354378818,0.7586206896551724,0.875,178,1086,6.101123595505618,0.006289308176100629,0.007075471698113208,0.00550314465408805,0.0015723270440251573,0.4710286540950737,0.29434363802031327,0.0,0.967741935483871,0.4022994340245171,0.30601175697569716,0.0,1.0,0.43455749854064624,0.2800475271724477,0.0,1.0,0.17319357376716327,0.2077990584575213,0.0,0.9354838709677419,13,0.17073170731707318,10.35405192761605,29
974,1275,1181,12.181808633768897,95.24549019607844,11,7,2,5,934,0.7348544453186467,337,1059,0.8332022029897719,0.9100642398286938,850,209,0.9100642398286938,0.6201780415430267,0.8332022029897719,176,1037,5.892045454545454,0.00865460267505901,0.0055074744295830055,0.0015735641227380016,0.003933910306845004,0.47162555344718526,0.29412544819726344,0.0,0.967741935483871,0.40227703984819735,0.3055539929135242,0.0,1.0,0.43544592030360535,0.28030179323923965,0.0,1.0,0.1736369386464263,0.20827629052467062,0.0,0.9354838709677419,13,0.17019607843137255,10.364705882352942,29
975,1277,1180,12.138206880365447,95.00939702427564,10,8,6,2,955,0.7490196078431373,320,1109,0.8698039215686274,0.9183246073298429,877,232,0.9183246073298429,0.725,0.8698039215686274,180,1088,6.044444444444444,0.00784313725490196,0.006274509803921568,0.004705882352941176,0.001568627450980392,0.4705079950488797,0.2944982817247333,0.0,0.967741935483871,0.40126809306085326,0.30535051875045277,0.0,1.0,0.43506706747164475,0.27970997901082706,0.0,1.0,0.17243034329451587,0.20694200757976666,0.0,0.9354838709677419,13,0.16992952231793265,10.368050117462804,29
976,1281,1187,12.093509262981517,94.99453551912568,10,6,4,2,972,0.7611589663273297,305,1099,0.860610806577917,0.9084362139917695,883,216,0.9084362139917695,0.7081967213114754,0.860610806577917,172,1078,6.267441860465116,0.007830853563038372,0.004698512137823023,0.0031323414252153485,0.0015661707126076742,0.4703734481629775,0.29433615462114543,0.0,0.967741935483871,0.40051874795396736,0.30586919592305295,0.0,1.0,0.433355997078895,0.2787978854049946,0.0,1.0,0.17194228299463624,0.2068084961714267,0.0,0.9354838709677419,13,0.17096018735362997,10.373145979703358,29
977,1276,1193,12.126859522566585,95.1434169278997,5,10,6,4,971,0.7580015612802498,310,1081,0.843871975019516,0.9062821833161689,880,201,0.9062821833161689,0.6483870967741936,0.843871975019516,178,1065,5.98314606741573,0.0039032006245121,0.0078064012490242,0.00468384074941452,0.00312256049960968,0.46978966528465965,0.29439212788723346,0.0,0.967741935483871,0.39993932652442105,0.305738609219018,0.0,1.0,0.4339670340782688,0.2791355076188655,0.0,1.0,0.171807058347659,0.20692787210937313,0.0,0.9354838709677419,13,0.17084639498432602,10.370689655172415,29
978,1276,1202,12.180235122965405,95.73510971786834,5,5,2,3,919,0.7202194357366771,357,1062,0.8322884012539185,0.8879216539717084,816,246,0.8879216539717084,0.6890756302521008,0.8322884012539185,172,1043,6.063953488372093,0.003918495297805642,0.003918495297805642,0.001567398119122257,0.0023510971786833857,0.46920821114369504,0.29422934549517243,0.0,0.967741935483871,0.40006572959854386,0.3049921801579902,0.0,1.0,0.4352816260491455,0.2795803527134861,0.0,1.0,0.17198402265143087,0.20704291221641827,0.0,0.9354838709677419,13,0.16927899686520376,10.365203761755486,29
979,1269,1205,12.28109814454919,96.02836879432624,4,11,5,6,958,0.7507836990595611,318,1096,0.8589341692789969,0.9154488517745303,877,219,0.9154488517745303,0.6886792452830188,0.8589341692789969,173,1072,6.196531791907514,0.003134796238244514,0.008620689655172414,0.003918495297805642,0.004702194357366771,0.46800884618317695,0.2937009699690245,0.0,0.967741935483871,0.4012811713566689,0.30485184416865546,0.0,1.0,0.4362337629324589,0.2801918420530506,0.0,1.0,0.17308523348331173,0.20772682420772748,0.0,0.9354838709677419,13,0.169424743892829,10.357762017336485,29
980,1264,1208,12.322429255738344,96.09572784810126,6,11,7,4,969,0.7635933806146572,300,1081,0.8518518518518519,0.9205366357069144,892,189,0.9205366357069144,0.63,0.8518518518518519,172,1056,6.1395348837209305,0.004728132387706856,0.008668242710795903,0.005516154452324665,0.0031520882584712374,0.4671804818293181,0.2939264337036517,0.0,0.967741935483871,0.40169456921192326,0.3053605471154548,0.0,1.0,0.4362750102082483,0.28065847821385825,0.0,1.0,0.17254491629236424,0.20746535998140977,0.0,0.9354838709677419,13,0.16930379746835442,10.378955696202532,30
981,1260,1210,12.31465036571149,95.62857142857143,8,12,10,2,959,0.7587025316455697,305,1095,0.8662974683544303,0.9144942648592284,877,218,0.9144942648592284,0.7147540983606557,0.8662974683544303,186,1083,5.82258064516129,0.006329113924050633,0.00949367088607595,0.007911392405063292,0.0015822784810126582,0.4653609831029186,0.2937333579301334,0.0,0.967741935483871,0.4027905785970302,0.30532545744826395,0.0,1.0,0.43586789554531497,0.2806443100030221,0.0,1.0,0.17227342549923194,0.20675408213239344,0.0,0.9354838709677419,13,0.17063492063492064,10.401587301587302,30
982,1265,1208,12.327546183002488,95.79130434782608,9,4,2,2,923,0.7325396825396825,337,1052,0.834920634920635,0.9035752979414952,834,218,0.9035752979414952,0.6468842729970327,0.834920634920635,175,1025,5.857142857142857,0.007142857142857143,0.0031746031746031746,0.0015873015873015873,0.0015873015873015873,0.4652301415274767,0.29393754370924835,0.0,0.967741935483871,0.4018105316843045,0.30578998753791803,0.0,1.0,0.43483360958816786,0.2804133426522619,0.0,1.0,0.17177100599260486,0.20602297082912602,0.0,0.9354838709677419,13,0.1707509881422925,10.413438735177866,30
983,1268,1200,12.291225760948569,95.24369085173501,13,10,9,1,950,0.7509881422924901,315,1090,0.8616600790513834,0.9147368421052632,869,221,0.9147368421052632,0.7015873015873015,0.8616600790513834,180,1062,5.9,0.010276679841897233,0.007905138339920948,0.0071146245059288534,0.0007905138339920949,0.4634934364505953,0.2941515166432679,0.0,0.967741935483871,0.401190597333876,0.3055544765611172,0.0,1.0,0.435483870967742,0.2805253624948711,0.0,1.0,0.1719242902208202,0.20601175589601523,0.0,0.9354838709677419,13,0.1695583596214511,10.435331230283913,30
984,1263,1202,12.333502166927858,95.61361836896279,5,10,6,4,974,0.7681388012618297,294,1093,0.86198738170347,0.9229979466119097,899,194,0.9229979466119097,0.6598639455782312,0.86198738170347,166,1061,6.391566265060241,0.003943217665615142,0.007886435331230283,0.00473186119873817,0.0031545741324921135,0.4631573570352208,0.29379416254068097,0.0,0.967741935483871,0.4004546267208132,0.3049567579244403,0.0,1.0,0.435445559727224,0.28099323750093275,0.0,1.0,0.1715577350394606,0.2058632707204303,0.0,0.9354838709677419,13,0.16864608076009502,10.43151227236738,30
985,1266,1195,12.322256490498566,95.41706161137441,12,9,5,4,985,0.779889152810768,278,1117,0.8844022169437846,0.9411167512690355,927,190,0.9411167512690355,0.6834532374100719,0.8844022169437846,182,1092,6.0,0.009501187648456057,0.007125890736342043,0.00395882818685669,0.003167062549485352,0.465091983896448,0.29424266952406786,0.0,1.0,0.3985119502624471,0.30438336557015355,0.0,1.0,0.4355857921826429,0.28100362966318293,0.0,1.0,0.17189012893033687,0.20665444974076833,0.0,0.9354838709677419,13,0.1674565560821485,10.451026856240127,30
986,1264,1195,12.341372777482624,95.44620253164557,6,8,8,0,966,0.7630331753554502,300,1100,0.8688783570300158,0.9285714285714286,897,203,0.9285714285714286,0.6766666666666666,0.8688783570300158,174,1074,6.172413793103448,0.004739336492890996,0.00631911532385466,0.00631911532385466,0.0,0.4651388321763985,0.2942205891904614,0.0,1.0,0.39799407921600655,0.30480142889165546,0.0,1.0,0.4337484687627603,0.2806424944786182,0.0,1.0,0.17234075132707227,0.20708313987973406,0.0,0.9354838709677419,13,0.16772151898734178,10.46123417721519,30
987,1257,1186,12.380361964389845,95.11933174224343,7,14,11,3,990,0.7832278481012658,274,1114,0.8813291139240507,0.9272727272727272,918,196,0.9272727272727272,0.7153284671532847,0.8813291139240507,183,1088,5.945355191256831,0.005537974683544304,0.011075949367088608,0.00870253164556962,0.0023734177215189874,0.46421330869710264,0.29411895438011226,0.0,1.0,0.39859368183334615,0.30484290319383733,0.0,1.0,0.43313573023327434,0.28102432950151196,0.0,1.0,0.17276156748017554,0.20701087045940278,0.0,0.9354838709677419,13,0.16706443914081145,10.465393794749403,30
988,1264,1172,12.359202959689505,94.89161392405063,12,5,4,1,968,0.7700875099443119,289,1104,0.8782816229116945,0.9297520661157025,900,204,0.9297520661157025,0.7058823529411765,0.8782816229116945,172,1062,6.174418604651163,0.00954653937947494,0.003977724741447892,0.0031821797931583136,0.0007955449482895784,0.46304614128215593,0.2942142182302137,0.0,1.0,0.40113311555737036,0.3055755142203925,0.0,1.0,0.433110453246223,0.28085481765286924,0.0,1.0,0.17221314822376482,0.20659439117938233,0.0,0.9354838709677419,13,0.17009493670886075,10.475474683544304,30
989,1262,1168,12.375807969843063,94.7377179080824,7,9,9,0,948,0.75,316,1087,0.8599683544303798,0.9145569620253164,867,220,0.9145569620253164,0.6962025316455697,0.8599683544303798,181,1064,5.878453038674033,0.005537974683544304,0.007120253164556962,0.007120253164556962,0.0,0.46165840192219215,0.2946171911331246,0.0,1.0,0.40156433720157453,0.3050447476269193,0.0,1.0,0.43131741730995354,0.28047715263331896,0.0,1.0,0.1726905577424467,0.20675664329517757,0.0,0.9354838709677419,13,0.16957210776545167,10.486529318541997,30
990,1265,1169,12.406213685335862,94.88616600790513,9,6,3,3,925,0.7329635499207607,337,1052,0.8335974643423137,0.8918918918918919,825,227,0.8918918918918919,0.6735905044510386,0.8335974643423137,171,1024,5.988304093567251,0.0071315372424722665,0.004754358161648178,0.002377179080824089,0.002377179080824089,0.46224658931531304,0.2948302619615177,0.0,1.0,0.40204003570062474,0.30507456935517835,0.0,1.0,0.4309575417569807,0.2799694563695703,0.0,1.0,0.17325003187555782,0.20709751256631506,0.0,0.9354838709677419,13,0.16996047430830039,10.493280632411068,30
991,1264,1162,12.365484141699936,94.3132911392405,12,13,10,3,945,0.7470355731225297,320,1093,0.8640316205533597,0.91005291005291,860,233,0.91005291005291,0.728125,0.8640316205533597,178,1064,5.977528089887641,0.009486166007905139,0.010276679841897233,0.007905138339920948,0.0023715415019762848,0.4627654144548795,0.2945088547694208,0.0,1.0,0.40246018783176807,0.30512069415439663,0.0,1.0,0.4314516129032258,0.2799345096038451,0.0,1.0,0.1717792976725194,0.20644746569761885,0.0,0.9354838709677419,13,0.17088607594936708,10.522943037974683,30
992,1269,1161,12.350712853915171,94.1946414499606,11,6,4,2,939,0.742879746835443,325,1059,0.8378164556962026,0.8998935037273695,845,214,0.8998935037273695,0.6584615384615384,0.8378164556962026,169,1027,6.076923076923077,0.00870253164556962,0.004746835443037975,0.0031645569620253164,0.0015822784810126582,0.46350949439487527,0.2945042932271819,0.0,1.0,0.40138285162307125,0.3054463503887023,0.0,1.0,0.43186151147716006,0.2792400899596479,0.0,1.0,0.1728056127507054,0.20726237234207925,0.0,0.9354838709677419,13,0.169424743892829,10.512214342001576,30
993,1273,1159,12.32252777893943,94.07462686567165,11,7,4,3,963,0.7588652482269503,306,1081,0.8518518518518519,0.9127725856697819,879,202,0.9127725856697819,0.6601307189542484,0.8518518518518519,174,1053,6.051724137931035,0.008668242710795903,0.005516154452324665,0.0031520882584712374,0.002364066193853428,0.46397891696019056,0.29446837741742626,0.0,1.0,0.40121126118135975,0.3053922090103384,0.0,1.0,0.43052986341636473,0.27923019836949575,0.0,1.0,0.17241466690317514,0.20693711601211148,0.0,0.9354838709677419,13,0.16889238020424194,10.525530243519245,30
994,1271,1155,12.341238452756192,93.96380802517703,9,11,7,4,961,0.7549096622152396,312,1100,0.8641005498821681,0.927159209157128,891,209,0.927159209157128,0.6698717948717948,0.8641005498821681,180,1076,5.977777777777778,0.007069913589945012,0.00864100549882168,0.0054988216810683424,0.003142183817753339,0.46219639095454423,0.29414557399880636,0.0,1.0,0.4009796705667369,0.30572653857286425,0.0,1.0,0.42922768457653354,0.27893034633801467,0.0,1.0,0.17116316844750135,0.20643532014467006,0.0,0.9354838709677419,13,0.17073170731707318,10.52635719905586,30
995,1272,1165,12.35148768944528,94.4756289308176,4,3,3,0,957,0.7529504327301337,314,1111,0.8741148701809599,0.9320794148380356,892,219,0.9320794148380356,0.697452229299363,0.8741148701809599,171,1092,6.385964912280702,0.003147128245476003,0.0023603461841070024,0.0023603461841070024,0.0,0.4622387908297829,0.294156205955348,0.0,1.0,0.40081659565834854,0.30590241452003625,0.0,1.0,0.4297271251775208,0.2789549499924975,0.0,1.0,0.17113004666260906,0.20634167884254548,0.0,0.9354838709677419,13,0.16981132075471697,10.547169811320755,31
996,1270,1155,12.411354016911071,94.51102362204725,6,8,6,2,965,0.7586477987421384,307,1080,0.8490566037735849,0.9119170984455959,880,200,0.9119170984455959,0.6514657980456026,0.8490566037735849,181,1051,5.806629834254144,0.0047169811320754715,0.006289308176100629,0.0047169811320754715,0.0015723270440251573,0.4633731267462535,0.2943810890300457,0.0,1.0,0.3993649987299975,0.3055141307650483,0.0,1.0,0.4309626619253239,0.2793843727271779,0.0,1.0,0.17109474218948437,0.20653787630371034,0.0,0.9354838709677419,13,0.16850393700787403,10.562992125984252,31
997,1274,1155,12.417400316437709,94.7182103610675,8,4,3,1,955,0.7519685039370079,315,1075,0.8464566929133859,0.8973821989528796,857,218,0.8973821989528796,0.692063492063492,0.8464566929133859,171,1046,6.116959064327485,0.006299212598425197,0.0031496062992125984,0.002362204724409449,0.0007874015748031496,0.4632602420620853,0.2943263990964541,0.0,1.0,0.3979338633716514,0.3053591783271145,0.0,1.0,0.43130602116777234,0.2792652616720476,0.0,1.0,0.17139312300602622,0.2071053420229777,0.0,0.9354838709677419,13,0.16718995290423863,10.59497645211931,31
998,1284,1144,12.355640682606406,94.40654205607477,15,5,4,1,963,0.7558869701726845,311,1089,0.8547880690737834,0.9148494288681205,881,208,0.9148494288681205,0.6688102893890675,0.8547880690737834,172,1050,6.104651162790698,0.011773940345368918,0.003924646781789639,0.0031397174254317113,0.0007849293563579278,0.4630439151844035,0.29349830996331056,0.0,1.0,0.39792483167520853,0.3044528674959055,0.0,1.0,0.43357451512410816,0.28023848102885096,0.0,1.0,0.1711888252436941,0.20700526613884362,0.0,0.9354838709677419,13,0.1658878504672897,10.608255451713395,31
999,1288,1145,12.29102936880581,93.88354037267081,12,8,8,0,1015,0.7904984423676013,269,1098,0.8551401869158879,0.9192118226600985,933,165,0.9192118226600985,0.6133828996282528,0.8551401869158879,176,1075,6.107954545454546,0.009345794392523364,0.006230529595015576,0.006230529595015576,0.0,0.4632839110398718,0.2936035920273465,0.0,1.0,0.39616309356842316,0.30382812562096534,0.0,1.0,0.43295431777198956,0.2804512971762168,0.0,1.0,0.1716088960128231,0.20747383919701234,0.0,0.9354838709677419,13,0.16459627329192547,10.626552795031056,31
