step,population_size,food_count,average_energy,average_age,birth_count,death_count,age_death_count,energy_death_count,move_count,move_rate,non_move_count,eat_count,eat_rate,eat_per_move,eat_after_move_count,eat_without_move_count,eat_after_move_rate,eat_without_move_rate,total_eat_rate,shared_food_cell_count,shared_food_consumer_count,mean_consumers_per_shared_food,birth_rate,death_rate,age_death_rate,energy_death_rate,average_exploration_tendency,std_exploration_tendency,min_exploration_tendency,max_exploration_tendency,average_site_fidelity,std_site_fidelity,min_site_fidelity,max_site_fidelity,average_risk_tolerance,std_risk_tolerance,min_risk_tolerance,max_risk_tolerance,average_reproduction_timing,std_reproduction_timing,min_reproduction_timing,max_reproduction_timing,active_lineage_count,largest_lineage_share,average_generation,max_generation
0,100,492,9.839999999999998,1.0,0,0,0,0,52,0.52,48,8,0.08,0.11538461538461539,6,2,0.11538461538461539,0.041666666666666664,0.08,0,0,0.0,0.0,0.0,0.0,0.0,0.5341935483870968,0.2807126355668898,0.0,1.0,0.46645161290322584,0.3044388912434824,0.0,1.0,0.4848387096774194,0.3071962091662568,0.0,1.0,0.4654838709677419,0.31501631029904226,0.0,1.0,100,0.01,0.0,0
1,100,674,10.239999999999998,2.0,0,0,0,0,40,0.4,60,18,0.18,0.35,14,4,0.35,0.06666666666666667,0.18,0,0,0.0,0.0,0.0,0.0,0.0,0.5341935483870968,0.2807126355668898,0.0,1.0,0.46645161290322584,0.3044388912434824,0.0,1.0,0.4848387096774194,0.3071962091662568,0.0,1.0,0.4654838709677419,0.31501631029904226,0.0,1.0,100,0.01,0.0,0
2,101,856,10.470297029702968,2.9702970297029703,1,0,0,0,43,0.43,57,18,0.18,0.3023255813953488,13,5,0.3023255813953488,0.08771929824561403,0.18,0,0,0.0,0.01,0.0,0.0,0.0,0.5381667198977962,0.28213117348774236,0.0,1.0,0.4656659214308528,0.30302989252545154,0.0,1.0,0.48546790162887254,0.3057364021243922,0.0,1.0,0.4621526668795912,0.3152180837759735,0.0,1.0,100,0.019801980198019802,0.009900990099009901,1
3,104,1026,10.915384615384614,3.855769230769231,3,0,0,0,54,0.5346534653465347,47,31,0.3069306930693069,0.46296296296296297,25,6,0.46296296296296297,0.1276595744680851,0.3069306930693069,1,2,2.0,0.0297029702970297,0.0,0.0,0.0,0.5390818858560794,0.27827473144558373,0.0,1.0,0.4643300248138958,0.30182674009768695,0.0,1.0,0.48169975186104214,0.3021860778724063,0.0,1.0,0.45843672456575685,0.31139647314318397,0.0,1.0,100,0.019230769230769232,0.038461538461538464,1
4,105,1193,11.76190476190476,4.809523809523809,1,0,0,0,58,0.5576923076923077,46,33,0.3173076923076923,0.5172413793103449,30,3,0.5172413793103449,0.06521739130434782,0.3173076923076923,0,0,0.0,0.009615384615384616,0.0,0.0,0.0,0.5394777265745008,0.2769758623518635,0.0,1.0,0.46205837173579106,0.3012780282178061,0.0,1.0,0.4866359447004608,0.30492754777047026,0.0,1.0,0.4577572964669739,0.3099875315572069,0.0,1.0,100,0.01904761904761905,0.047619047619047616,1
5,108,1352,12.597222222222218,5.648148148148148,3,0,0,0,66,0.6285714285714286,39,42,0.4,0.5454545454545454,36,6,0.5454545454545454,0.15384615384615385,0.4,1,2,2.0,0.02857142857142857,0.0,0.0,0.0,0.540621266427718,0.27658561507423973,0.0,1.0,0.4560931899641577,0.29980718400385936,0.0,1.0,0.494026284348865,0.30478538875320743,0.0,1.0,0.45579450418160095,0.3093802272859512,0.0,1.0,100,0.027777777777777776,0.07407407407407407,1
6,115,1509,12.822608695652171,6.243478260869566,7,0,0,0,67,0.6203703703703703,41,43,0.39814814814814814,0.5522388059701493,37,6,0.5522388059701493,0.14634146341463414,0.39814814814814814,0,0,0.0,0.06481481481481481,0.0,0.0,0.0,0.5408134642356242,0.27243742338197136,0.0,1.0,0.4527349228611501,0.2990863777477211,0.0,1.0,0.49621318373071527,0.30666435691268773,0.0,1.0,0.45778401122019635,0.30832147195247295,0.0,1.0,100,0.034782608695652174,0.1391304347826087,2
7,116,1662,14.06120689655172,7.181034482758621,1,0,0,0,78,0.6782608695652174,37,52,0.45217391304347826,0.5897435897435898,46,6,0.5897435897435898,0.16216216216216217,0.45217391304347826,5,10,2.0,0.008695652173913044,0.0,0.0,0.0,0.5403225806451613,0.2713116560557006,0.0,1.0,0.4530033370411568,0.2978083327102712,0.0,1.0,0.49360400444938823,0.3066189996458345,0.0,1.0,0.45439377085650723,0.30913493471926684,0.0,1.0,100,0.034482758620689655,0.14655172413793102,2
8,125,1811,14.150399999999996,7.592,9,0,0,0,75,0.646551724137931,41,52,0.4482758620689655,0.5866666666666667,44,8,0.5866666666666667,0.1951219512195122,0.4482758620689655,1,2,2.0,0.07758620689655173,0.0,0.0,0.0,0.5483870967741935,0.26575633727391845,0.0,1.0,0.4498064516129032,0.2934541926150851,0.0,1.0,0.4949677419354838,0.30200451375226656,0.0,1.0,0.4503225806451613,0.30434659031166955,0.0,1.0,100,0.04,0.224,2
9,129,1955,15.106976744186042,8.325581395348838,4,0,0,0,85,0.68,40,62,0.496,0.6352941176470588,54,8,0.6352941176470588,0.2,0.496,6,12,2.0,0.032,0.0,0.0,0.0,0.544386096524131,0.26350870778730906,0.0,1.0,0.44836209052263065,0.29359234977540555,0.0,1.0,0.4943735933983496,0.3027450603352067,0.0,1.0,0.4543635908977244,0.30679114152743975,0.0,1.0,100,0.046511627906976744,0.26356589147286824,2
10,137,2088,15.74525547445255,8.781021897810218,8,0,0,0,96,0.7441860465116279,33,71,0.5503875968992248,0.6458333333333334,62,9,0.6458333333333334,0.2727272727272727,0.5503875968992248,4,8,2.0,0.06201550387596899,0.0,0.0,0.0,0.5521544619731575,0.25962167635709116,0.0,1.0,0.43842712502943254,0.2891705879803364,0.0,1.0,0.4866964916411584,0.3026444751005035,0.0,1.0,0.443607252178008,0.3019234948258048,0.0,1.0,100,0.051094890510948905,0.31386861313868614,2
11,146,2218,16.229452054794518,9.178082191780822,9,0,0,0,103,0.7518248175182481,34,81,0.5912408759124088,0.7475728155339806,77,4,0.7475728155339806,0.11764705882352941,0.5912408759124088,11,22,2.0,0.06569343065693431,0.0,0.0,0.0,0.547945205479452,0.2615753861270985,0.0,1.0,0.43548387096774194,0.2895913115669966,0.0,1.0,0.4907202828104286,0.3029889943195894,0.0,1.0,0.44432169686257184,0.3028139696252605,0.0,1.0,100,0.0547945205479452,0.3835616438356164,2
12,159,2341,16.306289308176098,9.345911949685535,13,0,0,0,106,0.726027397260274,40,86,0.589041095890411,0.6981132075471698,74,12,0.6981132075471698,0.3,0.589041095890411,8,17,2.125,0.08904109589041095,0.0,0.0,0.0,0.5548792858592007,0.25886920277854175,0.0,1.0,0.42909312233718805,0.289922284776517,0.0,1.0,0.4897545141002232,0.30307976924563024,0.0,1.0,0.44025157232704404,0.3000258141713281,0.0,1.0,100,0.05660377358490566,0.4591194968553459,2
13,171,2453,16.792397660818708,9.619883040935672,12,0,0,0,107,0.6729559748427673,52,98,0.6163522012578616,0.719626168224299,77,21,0.719626168224299,0.40384615384615385,0.6163522012578616,10,20,2.0,0.07547169811320754,0.0,0.0,0.0,0.5621580833804942,0.2547160170824909,0.0,1.0,0.42425957366534617,0.2835042346451522,0.0,1.0,0.4876438407847576,0.30135467690977413,0.0,1.0,0.42878702131673274,0.29537596312749903,0.0,1.0,100,0.06432748538011696,0.5263157894736842,2
14,190,2556,16.593157894736837,9.557894736842105,19,0,0,0,115,0.672514619883041,56,107,0.6257309941520468,0.7739130434782608,89,18,0.7739130434782608,0.32142857142857145,0.6257309941520468,9,19,2.111111111111111,0.1111111111111111,0.0,0.0,0.0,0.5728353140916809,0.2545695335173247,0.0,1.0,0.4290322580645161,0.28499065333845386,0.0,1.0,0.4932088285229202,0.30386342443180503,0.0,1.0,0.431748726655348,0.2951397436315115,0.0,1.0,100,0.06315789473684211,0.6105263157894737,3
15,217,2643,15.915668202764971,9.244239631336406,27,0,0,0,144,0.7578947368421053,46,124,0.6526315789473685,0.7569444444444444,109,15,0.7569444444444444,0.32608695652173914,0.6526315789473685,10,21,2.1,0.14210526315789473,0.0,0.0,0.0,0.5709826074030029,0.2567561036720193,0.0,1.0,0.41965214806005646,0.2833595197940427,0.0,1.0,0.4913037015014122,0.30079934669375574,0.0,1.0,0.41578712650512856,0.28895126992162695,0.0,1.0,100,0.07834101382488479,0.7511520737327189,3
16,237,2720,16.158649789029532,9.379746835443038,20,0,0,0,148,0.6820276497695853,69,143,0.6589861751152074,0.7364864864864865,109,34,0.7364864864864865,0.4927536231884058,0.6589861751152074,16,36,2.25,0.09216589861751152,0.0,0.0,0.0,0.5678508234653601,0.25275882901275953,0.0,1.0,0.4111882400979992,0.2818494203147786,0.0,1.0,0.48250986797332246,0.30023004054378394,0.0,1.0,0.40955492037566354,0.2886932075076254,0.0,1.0,100,0.0759493670886076,0.8270042194092827,3
17,261,2776,16.36206896551724,9.425287356321839,24,0,0,0,176,0.7426160337552743,61,166,0.70042194092827,0.8068181818181818,142,24,0.8068181818181818,0.39344262295081966,0.70042194092827,19,41,2.1578947368421053,0.10126582278481013,0.0,0.0,0.0,0.5697688790013595,0.2516215348743634,0.0,1.0,0.41453466814979606,0.28736995673752747,0.0,1.0,0.4792979854158942,0.2954325478940358,0.0,1.0,0.4131751328636757,0.29167499347148207,0.0,1.0,100,0.07662835249042145,0.8888888888888888,3
18,300,2824,15.538999999999996,9.07,39,0,0,0,191,0.7318007662835249,70,182,0.6973180076628352,0.7905759162303665,151,31,0.7905759162303665,0.44285714285714284,0.6973180076628352,26,56,2.1538461538461537,0.14942528735632185,0.0,0.0,0.0,0.5718279569892474,0.25152732668421873,0.0,1.0,0.4112903225806452,0.2831629121633609,0.0,1.0,0.48,0.2998651564221384,0.0,1.0,0.4188172043010753,0.29020855984798505,0.0,1.0,100,0.08,0.9766666666666667,3
19,329,2845,15.827355623100301,9.182370820668693,29,0,0,0,229,0.7633333333333333,71,221,0.7366666666666667,0.8209606986899564,188,33,0.8209606986899564,0.4647887323943662,0.7366666666666667,30,72,2.4,0.09666666666666666,0.0,0.0,0.0,0.5712324737719384,0.24690287530755195,0.0,1.0,0.41131483478772424,0.28491528523533177,0.0,1.0,0.4814197470340229,0.30090474555919705,0.0,1.0,0.4159231297185999,0.2926785937919205,0.0,1.0,100,0.0790273556231003,1.0486322188449848,3
20,356,2864,16.176966292134825,9.410112359550562,27,0,0,0,239,0.7264437689969605,90,228,0.6930091185410334,0.803347280334728,192,36,0.803347280334728,0.4,0.6930091185410334,37,84,2.27027027027027,0.08206686930091185,0.0,0.0,0.0,0.5713120695904312,0.24453239235585214,0.0,1.0,0.4092062341428054,0.2845812025837039,0.0,1.0,0.47834360275462123,0.2999615493332003,0.0,1.0,0.413102573396158,0.28741662325167455,0.0,1.0,100,0.08426966292134831,1.1151685393258426,4
21,390,2876,16.111025641025638,9.446153846153846,35,1,0,1,269,0.7556179775280899,87,248,0.6966292134831461,0.79182156133829,213,35,0.79182156133829,0.40229885057471265,0.6966292134831461,42,102,2.4285714285714284,0.09831460674157304,0.0028089887640449437,0.0,0.0028089887640449437,0.5760132340777502,0.24564815493016726,0.0,1.0,0.4016542597187759,0.2839319355113829,0.0,1.0,0.47808105872622,0.2998947488174843,0.0,1.0,0.40421836228287844,0.28540608104599013,0.0,1.0,99,0.08205128205128205,1.176923076923077,4
22,430,2876,15.85441860465116,9.446511627906977,41,1,0,1,288,0.7384615384615385,102,272,0.6974358974358974,0.7916666666666666,228,44,0.7916666666666666,0.43137254901960786,0.6974358974358974,49,121,2.4693877551020407,0.10512820512820513,0.002564102564102564,0.0,0.002564102564102564,0.5750937734433608,0.24410512577987575,0.0,1.0,0.40112528132033004,0.28323291838030007,0.0,1.0,0.48582145536384097,0.3011743179884115,0.0,1.0,0.4067516879219805,0.2823287352990182,0.0,1.0,99,0.08604651162790698,1.2627906976744185,4
23,462,2852,16.201082251082248,9.722943722943723,32,0,0,0,327,0.7604651162790698,103,309,0.7186046511627907,0.7828746177370031,256,53,0.7828746177370031,0.5145631067961165,0.7186046511627907,61,146,2.3934426229508197,0.07441860465116279,0.0,0.0,0.0,0.5745007680491552,0.2428634537534829,0.0,1.0,0.39743052646278454,0.28339970508378504,0.0,1.0,0.4823348694316436,0.30220136864991015,0.0,1.0,0.4084625052366988,0.2820403320656873,0.0,1.0,99,0.08874458874458875,1.3181818181818181,4
24,502,2823,16.153386454183263,9.850597609561753,41,1,0,1,355,0.7683982683982684,107,324,0.7012987012987013,0.7746478873239436,275,49,0.7746478873239436,0.45794392523364486,0.7012987012987013,65,160,2.4615384615384617,0.08874458874458875,0.0021645021645021645,0.0,0.0021645021645021645,0.5767253566379642,0.2421499612634372,0.0,1.0,0.3922375016064773,0.28239343879800877,0.0,1.0,0.48149338131345587,0.301936354760173,0.0,1.0,0.40862357023518825,0.2818063075562336,0.0,1.0,99,0.09163346613545817,1.3645418326693226,4
25,542,2774,16.23782287822878,10.031365313653136,41,1,0,1,396,0.7888446215139442,106,360,0.7171314741035857,0.7929292929292929,314,46,0.7929292929292929,0.4339622641509434,0.7171314741035857,69,180,2.608695652173913,0.08167330677290836,0.00199203187250996,0.0,0.00199203187250996,0.5820140459469111,0.2428247118434806,0.0,1.0,0.39215569575050585,0.2799317289484709,0.0,1.0,0.4790501130817759,0.30071371914710276,0.0,1.0,0.4081061778359719,0.28324336705536546,0.0,1.0,99,0.09040590405904059,1.429889298892989,4
26,585,2708,16.329572649572647,10.22051282051282,43,0,0,0,401,0.7398523985239852,141,395,0.7287822878228782,0.800498753117207,321,74,0.800498753117207,0.524822695035461,0.7287822878228782,85,214,2.5176470588235293,0.07933579335793357,0.0,0.0,0.0,0.5808657292528261,0.23928786619072878,0.0,1.0,0.39090157154673283,0.28050001646304823,0.0,1.0,0.4778604907637166,0.3011363833703652,0.0,1.0,0.4062310449407224,0.2809951981068582,0.0,1.0,99,0.09401709401709402,1.4786324786324787,4
27,641,2634,15.987207488299529,10.2402496099844,56,0,0,0,439,0.7504273504273504,146,415,0.7094017094017094,0.7927107061503417,348,67,0.7927107061503417,0.4589041095890411,0.7094017094017094,85,226,2.6588235294117646,0.09572649572649573,0.0,0.0,0.0,0.5857782698404711,0.24035185024964836,0.0,1.0,0.3866941774445171,0.2802069667600716,0.0,1.0,0.4819083085904081,0.3016904110240602,0.0,1.0,0.4089376478284938,0.2822108715908327,0.0,1.0,99,0.09516380655226209,1.5491419656786272,4
28,682,2542,16.239002932551315,10.564516129032258,41,0,0,0,471,0.734789391575663,170,457,0.7129485179407177,0.7983014861995754,376,81,0.7983014861995754,0.4764705882352941,0.7129485179407177,105,270,2.5714285714285716,0.06396255850234009,0.0,0.0,0.0,0.5836250118248038,0.23947820416903423,0.0,1.0,0.3870021757638823,0.2802736277656902,0.0,1.0,0.48401286538643457,0.30310367642635117,0.0,1.0,0.41145586983256077,0.2815124062611346,0.0,1.0,99,0.09530791788856305,1.5909090909090908,5
29,740,2446,15.948513513513511,10.617567567567567,59,1,0,1,507,0.7434017595307918,175,483,0.7082111436950147,0.7948717948717948,403,80,0.7948717948717948,0.45714285714285713,0.7082111436950147,105,292,2.780952380952381,0.08651026392961877,0.001466275659824047,0.0,0.001466275659824047,0.5876198779424585,0.23817597860533077,0.0,1.0,0.3832170880557977,0.2790162468657598,0.0,1.0,0.47894507410636444,0.30382193112604905,0.0,1.0,0.4081081081081081,0.2808941981185649,0.0,1.0,98,0.0918918918918919,1.6445945945945946,5
30,782,2358,16.02425404944586,10.976982097186701,43,1,0,1,548,0.7405405405405405,192,517,0.6986486486486486,0.781021897810219,428,89,0.781021897810219,0.4635416666666667,0.6986486486486486,125,354,2.832,0.05810810810810811,0.0013513513513513514,0.0,0.0013513513513513514,0.5897615708274895,0.23900556128385328,0.0,1.0,0.37690784588730303,0.2772232567669415,0.0,1.0,0.4799108984407227,0.30222953332890035,0.0,1.0,0.4102384291725105,0.27969279559849586,0.0,1.0,98,0.09462915601023018,1.680306905370844,5
31,839,2271,15.683988875645605,11.163289630512516,57,0,0,0,575,0.7352941176470589,207,528,0.6751918158567775,0.76,437,91,0.76,0.4396135265700483,0.6751918158567775,139,380,2.7338129496402876,0.07289002557544758,0.0,0.0,0.0,0.5896035987542774,0.23922000809748437,0.0,1.0,0.37583144296205157,0.2753781959472537,0.0,1.0,0.4831404513822139,0.3028339738691388,0.0,1.0,0.4112422622938213,0.2793162706920742,0.0,1.0,98,0.09654350417163289,1.7377830750893921,5
32,894,2185,15.38665175242356,11.398210290827741,56,1,0,1,604,0.7199046483909416,235,551,0.6567342073897497,0.7301324503311258,441,110,0.7301324503311258,0.46808510638297873,0.6567342073897497,129,394,3.054263565891473,0.066746126340882,0.0011918951132300357,0.0,0.0011918951132300357,0.5869957422241466,0.23914790417181958,0.0,1.0,0.38363282095691703,0.27851530701409255,0.0,1.0,0.4765822328065238,0.3025812305295732,0.0,1.0,0.4092516417695028,0.27914275658887067,0.0,1.0,98,0.09284116331096197,1.7852348993288591,5
33,936,2103,15.340669515669513,11.827991452991453,43,1,0,1,648,0.7248322147651006,246,596,0.6666666666666666,0.7438271604938271,482,114,0.7438271604938271,0.4634146341463415,0.6666666666666666,146,460,3.1506849315068495,0.04809843400447427,0.0011185682326621924,0.0,0.0011185682326621924,0.58767576509512,0.23846779277804053,0.0,1.0,0.3814102564102564,0.2765832577160822,0.0,1.0,0.4785980148883374,0.30272866341001914,0.0,1.0,0.41029087400055136,0.2788832900934869,0.0,1.0,98,0.09294871794871795,1.8205128205128205,5
34,966,2018,15.535265700483087,12.393374741200828,33,3,0,3,665,0.7104700854700855,271,625,0.6677350427350427,0.7533834586466165,501,124,0.7533834586466165,0.4575645756457565,0.6677350427350427,142,482,3.3943661971830985,0.035256410256410256,0.003205128205128205,0.0,0.003205128205128205,0.5893608495291526,0.23869235138516015,0.0,1.0,0.3790489547852801,0.27480842725415633,0.0,1.0,0.47912909904494755,0.3023031813086485,0.0,1.0,0.4094703800173646,0.279053036904241,0.0,1.0,98,0.09213250517598344,1.8519668737060042,5
35,1010,1937,15.39452145214521,12.79108910891089,46,2,0,2,690,0.7142857142857143,276,656,0.6790890269151139,0.7811594202898551,539,117,0.7811594202898551,0.42391304347826086,0.6790890269151139,158,533,3.3734177215189876,0.047619047619047616,0.002070393374741201,0.0,0.002070393374741201,0.5888214627914404,0.23850136549235998,0.0,1.0,0.3785052698818269,0.274743198394757,0.0,1.0,0.47860108591504313,0.30233163987934075,0.0,1.0,0.4081443628233791,0.27920628585726637,0.0,1.0,98,0.09108910891089109,1.885148514851485,5
36,1049,1851,15.330854782332375,13.15252621544328,47,8,0,8,723,0.7158415841584158,287,695,0.6881188118811881,0.7786998616874136,563,132,0.7786998616874136,0.45993031358885017,0.6881188118811881,151,560,3.7086092715231787,0.046534653465346534,0.007920792079207921,0.0,0.007920792079207921,0.5913773486269566,0.23892493983241223,0.0,1.0,0.3782404132968418,0.2750003603303484,0.0,1.0,0.4808573449368062,0.30179150709020935,0.0,1.0,0.4045327347089394,0.27780613643384194,0.0,1.0,97,0.09151572926596759,1.9275500476644423,5
37,1083,1748,15.430255463219446,13.660203139427516,39,5,0,5,757,0.7216396568160153,292,716,0.6825548141086749,0.7661822985468957,580,136,0.7661822985468957,0.4657534246575342,0.6825548141086749,149,562,3.771812080536913,0.037178265014299335,0.004766444232602479,0.0,0.004766444232602479,0.5911595627438716,0.238711410033017,0.0,1.0,0.37917374080362193,0.27513093007934597,0.0,1.0,0.48169660143567744,0.3022072569660892,0.0,1.0,0.404908706400977,0.27994506101260686,0.0,1.0,97,0.08956602031394276,1.9473684210526316,5
38,1125,1662,15.276770370370366,14.06311111111111,46,4,0,4,801,0.739612188365651,282,741,0.6842105263157895,0.7640449438202247,612,129,0.7640449438202247,0.4574468085106383,0.6842105263157895,163,618,3.791411042944785,0.04247460757156048,0.003693444136657433,0.0,0.003693444136657433,0.5892186379928316,0.23987805211917707,0.0,1.0,0.38222222222222224,0.27622533930195664,0.0,1.0,0.4801146953405018,0.3024909050311631,0.0,1.0,0.4059641577060932,0.28042737499676534,0.0,1.0,97,0.09155555555555556,1.9822222222222223,5
39,1162,1569,15.242139988525526,14.527538726333907,42,5,0,5,789,0.7013333333333334,336,757,0.6728888888888889,0.7743979721166033,611,146,0.7743979721166033,0.43452380952380953,0.6728888888888889,165,629,3.812121212121212,0.037333333333333336,0.0044444444444444444,0.0,0.0044444444444444444,0.591027705291211,0.2394485187041992,0.0,1.0,0.38226639275998003,0.2751576763854075,0.0,1.0,0.48389872855477206,0.3033832921308124,0.0,1.0,0.4064738215534951,0.27967495008723803,0.0,1.0,97,0.09036144578313253,2.0060240963855422,5
40,1190,1492,15.267366946778706,15.07563025210084,34,6,0,6,823,0.7082616179001722,339,774,0.6660929432013769,0.7436208991494532,612,162,0.7436208991494532,0.4778761061946903,0.6660929432013769,169,666,3.940828402366864,0.029259896729776247,0.0051635111876075735,0.0,0.0051635111876075735,0.5927622661968013,0.2391574366466899,0.0,1.0,0.38387096774193546,0.2745275659150156,0.0,1.0,0.4819192193006235,0.3016431530812557,0.0,1.0,0.4044998644619138,0.28015639927838126,0.0,1.0,97,0.08907563025210084,2.0218487394957982,5
41,1229,1416,15.08174667751559,15.503661513425548,45,6,0,6,866,0.7277310924369748,324,792,0.6655462184873949,0.75635103926097,655,137,0.75635103926097,0.4228395061728395,0.6655462184873949,160,676,4.225,0.037815126050420166,0.005042016806722689,0.0,0.005042016806722689,0.594451297934329,0.23923199184072325,0.0,1.0,0.38368461114464947,0.27493211144778246,0.0,1.0,0.48140371138350085,0.2998258139877692,0.0,1.0,0.40166408567153994,0.27998572655879767,0.0,1.0,97,0.09031733116354759,2.058584214808788,5
42,1257,1332,15.096791302041893,16.05807478122514,33,5,0,5,892,0.725793327908869,337,824,0.6704637917005696,0.7511210762331838,670,154,0.7511210762331838,0.456973293768546,0.6704637917005696,173,713,4.121387283236994,0.026851098454027666,0.0040683482506102524,0.0,0.0040683482506102524,0.5951959350219416,0.23973385303836608,0.0,1.0,0.3844535119460056,0.2752125941178776,0.0,1.0,0.48194626222188003,0.299625303935352,0.0,1.0,0.40041573639233197,0.27996646261019126,0.0,1.0,97,0.09069212410501193,2.0851233094669848,5
43,1287,1263,15.013183113183107,16.615384615384617,34,4,0,4,908,0.7223548130469372,349,819,0.6515513126491647,0.7466960352422908,678,141,0.7466960352422908,0.4040114613180516,0.6515513126491647,158,708,4.481012658227848,0.027048528241845664,0.0031821797931583136,0.0,0.0031821797931583136,0.5960598541243702,0.2399478366399444,0.0,1.0,0.3846404491565782,0.27608717845351927,0.0,1.0,0.4826428052234504,0.2997715082052627,0.0,1.0,0.40040604556733594,0.280404331888223,0.0,1.0,97,0.08935508935508936,2.1103341103341102,6
44,1318,1203,14.874329792615066,17.163125948406677,34,3,0,3,926,0.7195027195027195,361,850,0.6604506604506605,0.7473002159827213,692,158,0.7473002159827213,0.4376731301939058,0.6604506604506605,163,753,4.619631901840491,0.02641802641802642,0.002331002331002331,0.0,0.002331002331002331,0.5975329188898134,0.24041533103005627,0.0,1.0,0.3842576729159528,0.27472326707134914,0.0,1.0,0.4795144157814871,0.2990169421058076,0.0,1.0,0.3966909785109404,0.28099096192950784,0.0,1.0,97,0.08801213960546282,2.133535660091047,6
45,1331,1137,14.990358126721755,17.88129226145755,23,10,0,10,951,0.7215477996965098,367,863,0.6547799696509864,0.7539432176656151,717,146,0.7539432176656151,0.3978201634877384,0.6547799696509864,177,774,4.372881355932203,0.017450682852807285,0.007587253414264037,0.0,0.007587253414264037,0.5987978963185575,0.24078357192519992,0.0,1.0,0.38324325634376283,0.2750721286103688,0.0,1.0,0.4781270449092363,0.2988493336808225,0.0,1.0,0.39548241681006274,0.2815999738866156,0.0,1.0,97,0.0879038317054846,2.1510142749812173,6
46,1356,1099,14.827999016715822,18.457227138643066,32,7,0,7,956,0.7182569496619083,375,852,0.6401202103681443,0.7269874476987448,695,157,0.7269874476987448,0.4186666666666667,0.6401202103681443,160,774,4.8375,0.02404207362885049,0.005259203606311044,0.0,0.005259203606311044,0.6001284613188695,0.24178530958748398,0.0,1.0,0.38457512608240557,0.27455254867975876,0.0,1.0,0.47977923684460944,0.29894649516790567,0.0,1.0,0.3933295270720335,0.28294050092390644,0.0,1.0,97,0.08702064896755163,2.168141592920354,6
47,1383,1041,14.701831766690763,18.994215473608097,34,7,0,7,980,0.7227138643067846,376,847,0.6246312684365781,0.7061224489795919,692,155,0.7061224489795919,0.4122340425531915,0.6246312684365781,174,763,4.385057471264368,0.025073746312684365,0.005162241887905605,0.0,0.005162241887905605,0.6018006670865113,0.24111371277494825,0.0,1.0,0.3844610827327222,0.27377890193441007,0.0,1.0,0.47887948125860097,0.2984198113173369,0.0,1.0,0.3893126209968978,0.2826769809738013,0.0,1.0,97,0.08604483007953724,2.195227765726681,6
48,1394,1004,14.709241989478711,19.69010043041607,20,9,0,9,1003,0.725234996384671,380,887,0.6413593637020969,0.7068793619142573,709,178,0.7068793619142573,0.46842105263157896,0.6413593637020969,174,824,4.735632183908046,0.014461315979754157,0.006507592190889371,0.0,0.006507592190889371,0.6031610126347943,0.24218736117400377,0.0,1.0,0.3850835377423983,0.27377543239685503,0.0,1.0,0.48023788587031985,0.2986136550203838,0.0,1.0,0.388600916369695,0.2833664334147988,0.0,1.0,97,0.08536585365853659,2.2051649928263988,6
49,1406,966,14.702856804172587,20.34779516358464,23,11,0,11,986,0.7073170731707317,408,893,0.6406025824964132,0.7150101419878296,705,188,0.7150101419878296,0.46078431372549017,0.6406025824964132,153,808,5.281045751633987,0.01649928263988522,0.007890961262553802,0.0,0.007890961262553802,0.6057908502730235,0.2414641550167422,0.0,1.0,0.3862249346120314,0.2740497421332506,0.0,1.0,0.4795117698343505,0.29813579365775966,0.0,1.0,0.3865461386683798,0.2829660743194592,0.0,1.0,97,0.08534850640113797,2.228307254623044,6
50,1434,931,14.457914923291483,20.782426778242677,39,11,0,11,1004,0.7140825035561877,402,911,0.6479374110953058,0.7260956175298805,729,182,0.7260956175298805,0.4527363184079602,0.6479374110953058,167,843,5.047904191616767,0.027738264580369845,0.007823613086770981,0.0,0.007823613086770981,0.6073244252485716,0.24131473608835363,0.0,1.0,0.3870517838664687,0.27354372303846136,0.0,1.0,0.4799343141224637,0.29740422518052023,0.0,1.0,0.3832276060646961,0.2840094959628891,0.0,1.0,97,0.08507670850767085,2.2524407252440724,6
51,1450,906,14.332241379310338,21.382758620689657,26,10,0,10,1040,0.7252440725244073,394,932,0.6499302649930265,0.7355769230769231,765,167,0.7355769230769231,0.42385786802030456,0.6499302649930265,169,876,5.183431952662722,0.01813110181311018,0.00697350069735007,0.0,0.00697350069735007,0.607853170189099,0.24160446432749955,0.0,1.0,0.3876307007786429,0.27396981352652355,0.0,1.0,0.4788876529477197,0.2965097674111305,0.0,1.0,0.3803337041156841,0.2829622740192207,0.0,1.0,97,0.08551724137931034,2.2724137931034485,6
52,1459,871,14.327930089102114,22.125428375599725,19,10,0,10,1053,0.7262068965517241,397,948,0.6537931034482759,0.7407407407407407,780,168,0.7407407407407407,0.42317380352644834,0.6537931034482759,162,875,5.401234567901234,0.01310344827586207,0.006896551724137931,0.0,0.006896551724137931,0.6097857569258661,0.24139632531433622,0.0,1.0,0.3870525547768025,0.27345806088017083,0.0,1.0,0.47980278140131327,0.2968331089499055,0.0,1.0,0.37951314422162774,0.2826742739348722,0.0,1.0,97,0.0884167237834133,2.2844413982179574,6
53,1475,831,14.255084745762705,22.80677966101695,23,7,0,7,1054,0.7224126113776559,405,985,0.6751199451679233,0.7656546489563567,807,178,0.7656546489563567,0.43950617283950616,0.6751199451679233,175,920,5.257142857142857,0.015764222069910898,0.004797806716929404,0.0,0.004797806716929404,0.6101257517769273,0.2417098493453797,0.0,1.0,0.38591580098414435,0.2730168338003492,0.0,1.0,0.47960634226353194,0.29640695696682395,0.0,1.0,0.37815199562602514,0.2829718714927608,0.0,1.0,97,0.09084745762711864,2.301694915254237,6
54,1486,792,14.238257065948849,23.42462987886945,22,11,0,11,1026,0.6955932203389831,449,997,0.6759322033898305,0.7719298245614035,792,205,0.7719298245614035,0.45657015590200445,0.6759322033898305,168,926,5.511904761904762,0.014915254237288136,0.007457627118644068,0.0,0.007457627118644068,0.6113185429601007,0.24075445663174797,0.0,1.0,0.3838622845482568,0.2711381217492034,0.0,1.0,0.47863934355055787,0.29655570547761034,0.0,1.0,0.3774801371944601,0.28284921718159856,0.0,1.0,95,0.09286675639300135,2.323014804845222,6
55,1501,759,14.139640239840098,24.05929380413058,26,11,0,11,1056,0.7106325706594886,430,996,0.6702557200538358,0.740530303030303,782,214,0.740530303030303,0.49767441860465117,0.6702557200538358,176,939,5.3352272727272725,0.017496635262449527,0.007402422611036339,0.0,0.007402422611036339,0.6127957705615611,0.2411889269415617,0.0,1.0,0.3866454621650083,0.2724477926298524,0.0,1.0,0.4793148653585782,0.2969393218488277,0.0,1.0,0.3756635361371989,0.2834408245789588,0.0,1.0,95,0.09726848767488341,2.335109926715523,6
56,1502,717,14.228095872170432,24.75565912117177,14,13,0,13,1094,0.7288474350433045,407,1016,0.6768820786142572,0.7513711151736746,822,194,0.7513711151736746,0.47665847665847666,0.6768820786142572,174,948,5.448275862068965,0.009327115256495669,0.008660892738174551,0.0,0.008660892738174551,0.6133327606202483,0.24103785730139807,0.0,1.0,0.387526309007345,0.2725058840179754,0.0,1.0,0.4797259567887977,0.29609517240371575,0.0,1.0,0.3742536832610283,0.2838185337583371,0.0,1.0,95,0.10252996005326231,2.3581890812250332,6
57,1515,683,14.164884488448834,25.395379537953794,20,7,0,7,1064,0.7083888149134487,438,1035,0.689081225033289,0.7875939849624061,838,197,0.7875939849624061,0.4497716894977169,0.689081225033289,174,975,5.603448275862069,0.013315579227696404,0.004660452729693742,0.0,0.004660452729693742,0.6134568295539231,0.2413112409319262,0.0,1.0,0.388246566592143,0.2716508694741301,0.0,1.0,0.4792930905993825,0.2957737157901604,0.0,1.0,0.3744916427126584,0.2844716873779725,0.0,1.0,94,0.10495049504950495,2.372277227722772,6
58,1526,656,14.086762778505888,26.089121887287025,20,9,0,9,1093,0.7214521452145215,422,1035,0.6831683168316832,0.7685269899359561,840,195,0.7685269899359561,0.46208530805687204,0.6831683168316832,178,986,5.53932584269663,0.013201320132013201,0.005940594059405941,0.0,0.005940594059405941,0.615249651207035,0.2409518271209998,0.0,1.0,0.38902042024267536,0.27129345544614714,0.0,1.0,0.4796431742273707,0.29530362946666955,0.0,1.0,0.37377922462266944,0.28391236377840745,0.0,1.0,94,0.10747051114023591,2.3918741808650066,6
59,1532,642,14.023139686684065,26.78916449086162,17,11,0,11,1086,0.7116644823066841,440,1046,0.6854521625163827,0.7670349907918969,833,213,0.7670349907918969,0.48409090909090907,0.6854521625163827,168,1000,5.9523809523809526,0.011140235910878113,0.007208387942332897,0.0,0.007208387942332897,0.6153457424408322,0.24140177622652984,0.0,1.0,0.392002863640192,0.27194564524260734,0.0,1.0,0.4792175524298829,0.29457648771702,0.0,1.0,0.3735997641708077,0.28418510632833643,0.0,1.0,94,0.11031331592689295,2.406005221932115,6
60,1547,609,13.90826330532212,27.398190045248867,23,8,0,8,1121,0.7317232375979112,411,1050,0.685378590078329,0.7644959857270295,857,193,0.7644959857270295,0.46958637469586373,0.685378590078329,182,999,5.489010989010989,0.015013054830287207,0.005221932114882507,0.0,0.005221932114882507,0.6150509831724253,0.2416174793652041,0.0,1.0,0.3941656066893258,0.2726855588897514,0.0,1.0,0.4783243322142753,0.2943963576453788,0.0,1.0,0.3731050732948267,0.28396843254845044,0.0,1.0,94,0.11376858435681965,2.4221073044602455,6
61,1555,582,13.876709539121105,28.18070739549839,12,4,0,4,1099,0.7104072398190046,448,1074,0.6942469295410472,0.7834394904458599,861,213,0.7834394904458599,0.47544642857142855,0.6942469295410472,177,1024,5.785310734463277,0.007756948933419522,0.002585649644473174,0.0,0.002585649644473174,0.614708017840473,0.24156093467088477,0.0,1.0,0.3949797738823773,0.2733213560696889,0.0,1.0,0.4790789337205684,0.29495512758260894,0.0,1.0,0.3722227984648895,0.28452696470645866,0.0,1.0,94,0.11446945337620579,2.432797427652733,6
62,1559,554,13.881665597605291,28.946760744066708,13,9,0,9,1095,0.7041800643086816,460,1087,0.6990353697749196,0.7698630136986301,843,244,0.7698630136986301,0.5304347826086957,0.6990353697749196,179,1038,5.798882681564246,0.008360128617363344,0.005787781350482315,0.0,0.005787781350482315,0.6165449316145586,0.2415301160303027,0.0,1.0,0.3941939622173022,0.27254273433102977,0.0,1.0,0.4768151627387283,0.2941453589556866,0.0,1.0,0.3720333547145606,0.28396628405136287,0.0,1.0,94,0.11610006414368185,2.440025657472739,6
63,1556,525,13.948104113110528,29.688303341902312,11,14,0,14,1130,0.7248236048749198,429,1093,0.7010904425914047,0.7743362831858407,875,218,0.7743362831858407,0.5081585081585082,0.7010904425914047,177,1041,5.88135593220339,0.007055805003207184,0.008980115458627326,0.0,0.008980115458627326,0.6183348536362883,0.24171270434967476,0.0,1.0,0.3946637366282445,0.2727119817049844,0.0,1.0,0.47564060038145783,0.29432575238392494,0.0,1.0,0.3720872377477403,0.28402462826857755,0.0,1.0,93,0.11760925449871465,2.455012853470437,7
64,1560,503,13.910352564102553,30.28974358974359,18,14,0,14,1119,0.7191516709511568,437,1086,0.6979434447300771,0.7837354781054513,877,209,0.7837354781054513,0.4782608695652174,0.6979434447300771,179,1043,5.826815642458101,0.011568123393316195,0.008997429305912597,0.0,0.008997429305912597,0.6213606286186931,0.2408104093797812,0.0,1.0,0.3950992555831266,0.27216810691512394,0.0,1.0,0.4734077750206782,0.29318945047440426,0.0,1.0,0.3709677419354839,0.28372007042837805,0.0,1.0,91,0.12179487179487179,2.475,7
65,1563,488,13.856408615909563,30.992962252079334,16,13,0,13,1150,0.7371794871794872,410,1096,0.7025641025641025,0.7817391304347826,899,197,0.7817391304347826,0.48048780487804876,0.7025641025641025,166,1047,6.307228915662651,0.010256410256410256,0.008333333333333333,0.0,0.008333333333333333,0.6223556848905124,0.24130869624752316,0.0,1.0,0.3981590407198729,0.27266865852438305,0.0,1.0,0.4731801952407488,0.29318335388012107,0.0,1.0,0.3720306276185169,0.28459746877372283,0.0,1.0,91,0.12476007677543186,2.488163787587972,7
66,1564,465,13.865792838874668,31.696291560102303,14,13,0,13,1102,0.7050543825975688,461,1077,0.6890595009596929,0.7713248638838476,850,227,0.7713248638838476,0.4924078091106291,0.6890595009596929,172,1026,5.965116279069767,0.008957133717210493,0.008317338451695458,0.0,0.008317338451695458,0.6240409207161125,0.24111534254452788,0.0,1.0,0.3974919561092319,0.2719135634374298,0.0,1.0,0.473805791601353,0.29294815795189205,0.0,1.0,0.37072023760415806,0.2843682922902457,0.0,1.0,90,0.1272378516624041,2.497442455242967,7
67,1572,450,13.768469041560632,32.35750636132315,14,6,0,6,1158,0.7404092071611253,406,1104,0.7058823529411765,0.7910189982728842,916,188,0.7910189982728842,0.4630541871921182,0.7058823529411765,173,1062,6.138728323699422,0.008951406649616368,0.0038363171355498722,0.0,0.0038363171355498722,0.6257079537059838,0.24122210805317856,0.0,1.0,0.39809570713289005,0.2720002492067256,0.0,1.0,0.47367233029631456,0.29305926671466676,0.0,1.0,0.3689772633998194,0.2847456250899821,0.0,1.0,90,0.13104325699745548,2.517811704834606,8
68,1575,438,13.705354497354485,33.01777777777778,14,11,0,11,1157,0.7360050890585241,415,1107,0.7041984732824428,0.7960242005185826,921,186,0.7960242005185826,0.44819277108433736,0.7041984732824428,176,1071,6.0852272727272725,0.008905852417302799,0.006997455470737914,0.0,0.006997455470737914,0.6261341525857654,0.24068053076635432,0.0,1.0,0.39733742959549406,0.27032482898669896,0.0,1.0,0.471889400921659,0.29253603990836724,0.0,1.0,0.36958525345622123,0.2850750161336217,0.0,1.0,90,0.13206349206349208,2.533333333333333,8
69,1577,434,13.624212640033807,33.727964489537094,15,13,0,13,1155,0.7333333333333333,420,1110,0.7047619047619048,0.7982683982683982,922,188,0.7982683982683982,0.44761904761904764,0.7047619047619048,170,1076,6.329411764705882,0.009523809523809525,0.008253968253968255,0.0,0.008253968253968255,0.6263219260744165,0.24046486758910168,0.0,1.0,0.39842903021253095,0.27092422194817944,0.0,1.0,0.47323419313928033,0.2931155446177902,0.0,1.0,0.36786875856567186,0.2840067024966698,0.0,1.0,90,0.13126188966391883,2.5472415979708307,8
70,1576,413,13.623931895093051,34.28743654822335,17,18,0,18,1132,0.7178186429930248,445,1134,0.7190868738110336,0.7950530035335689,900,234,0.7950530035335689,0.5258426966292135,0.7190868738110336,176,1089,6.1875,0.01077996195307546,0.011414077362079899,0.0,0.011414077362079899,0.628950384804323,0.24036660388683082,0.0,1.0,0.3989274602914688,0.2698120557109605,0.0,1.0,0.47371868347797613,0.29331137457803497,0.0,1.0,0.36828639266415586,0.28389151793141276,0.0,1.0,90,0.1319796954314721,2.5678934010152283,8
71,1581,395,13.563952413810085,34.94307400379507,16,11,0,11,1134,0.7195431472081218,442,1141,0.7239847715736041,0.8218694885361552,932,209,0.8218694885361552,0.47285067873303166,0.7239847715736041,174,1097,6.304597701149425,0.01015228426395939,0.006979695431472081,0.0,0.006979695431472081,0.6280426842953623,0.2401010650026946,0.0,1.0,0.4005019281385811,0.27052848689989556,0.0,1.0,0.47464854828507885,0.2932277697664132,0.0,1.0,0.3683254779539287,0.2849054949651189,0.0,1.0,90,0.13282732447817835,2.5857052498418724,8
72,1580,384,13.548096265548782,35.65126582278481,12,13,0,13,1127,0.7128399746995573,454,1139,0.7204301075268817,0.7941437444543035,895,244,0.7941437444543035,0.5374449339207048,0.7204301075268817,173,1101,6.364161849710983,0.007590132827324478,0.008222643896268185,0.0,0.008222643896268185,0.6269906084115966,0.23999174391810513,0.0,1.0,0.4023070641077991,0.2705237062004005,0.0,1.0,0.4750918742343814,0.29317254429988676,0.0,1.0,0.3673744385463455,0.28510510124048677,0.0,1.0,90,0.13481012658227848,2.6063291139240508,9
73,1569,384,13.585298582693405,36.43849585723391,8,19,0,19,1164,0.7367088607594937,416,1158,0.7329113924050633,0.8127147766323024,946,212,0.8127147766323024,0.5096153846153846,0.7329113924050633,166,1124,6.771084337349397,0.005063291139240506,0.012025316455696202,0.0,0.012025316455696202,0.6278911984210201,0.24076766993973991,0.0,1.0,0.4022492238738461,0.26901016366466246,0.0,1.0,0.47505088509220994,0.2930065719465354,0.0,1.0,0.3686753428318839,0.2851402181555895,0.0,1.0,87,0.13639260675589548,2.617590822179732,9
74,1566,387,13.556598643835219,37.34099616858238,6,9,0,9,1144,0.7291268323773104,425,1149,0.7323135755258127,0.8190559440559441,937,212,0.8190559440559441,0.4988235294117647,0.7323135755258127,161,1113,6.913043478260869,0.0038240917782026767,0.0057361376673040155,0.0,0.0057361376673040155,0.6283318914019693,0.24058213579532348,0.0,1.0,0.4023606476331727,0.2686124217684015,0.0,1.0,0.47493099328471966,0.29328032078372046,0.0,1.0,0.36810447822683645,0.2851160255073083,0.0,1.0,87,0.13729246487867178,2.623882503192848,9
75,1567,383,13.504520884031669,38.10082961072112,10,9,0,9,1142,0.7292464878671775,424,1171,0.7477650063856961,0.8257443082311734,943,228,0.8257443082311734,0.5377358490566038,0.7477650063856961,173,1140,6.589595375722543,0.006385696040868455,0.005747126436781609,0.0,0.005747126436781609,0.6276221256973465,0.24049154382451962,0.0,1.0,0.4038330897338246,0.2691107018122837,0.0,1.0,0.47518372892521155,0.2936513928877931,0.0,1.0,0.36698437532165423,0.2849745830600725,0.0,1.0,87,0.13784301212507977,2.641352903637524,9
76,1556,371,13.572594698642858,38.92159383033419,9,20,0,20,1186,0.7568602425015954,381,1168,0.7453733248245055,0.8381112984822934,994,174,0.8381112984822934,0.4566929133858268,0.7453733248245055,180,1136,6.311111111111111,0.00574345883854499,0.012763241863433313,0.0,0.012763241863433313,0.627705448212953,0.24028706694786428,0.0,1.0,0.40548552948005634,0.2695523407964541,0.0,1.0,0.4759308400364872,0.2933391381923339,0.0,1.0,0.3661373248196368,0.2851466985787908,0.0,1.0,87,0.14010282776349614,2.653598971722365,9
77,1563,360,13.492005805681464,39.53870761356366,16,9,0,9,1084,0.6966580976863753,472,1170,0.7519280205655527,0.8450184501845018,916,254,0.8450184501845018,0.538135593220339,0.7519280205655527,175,1134,6.48,0.010282776349614395,0.005784061696658098,0.0,0.005784061696658098,0.6267310589643572,0.24052526332648844,0.0,1.0,0.40773533114564625,0.2702061466393998,0.0,1.0,0.4748106412399645,0.2936545861665758,0.0,1.0,0.3671392896208697,0.28532135960761096,0.0,1.0,86,0.13883557261676263,2.668586052463212,9
78,1564,355,13.434195908226991,40.22826086956522,9,8,0,8,1181,0.7555982085732565,382,1183,0.7568777991042867,0.8365791701947503,988,195,0.8365791701947503,0.5104712041884817,0.7568777991042867,170,1148,6.752941176470588,0.005758157389635317,0.005118362124120281,0.0,0.005118362124120281,0.6269078458873031,0.24028978097106754,0.0,1.0,0.4087740285454996,0.2706150315608968,0.0,1.0,0.4759920798613976,0.2933849912673374,0.0,1.0,0.3670282979952149,0.2854224363839055,0.0,1.0,85,0.14002557544757033,2.6835038363171355,9
79,1563,357,13.38265028820666,40.932181701855406,9,10,0,10,1145,0.7320971867007673,419,1162,0.7429667519181585,0.8218340611353712,941,221,0.8218340611353712,0.5274463007159904,0.7429667519181585,160,1124,7.025,0.005754475703324808,0.00639386189258312,0.0,0.00639386189258312,0.6281138422801478,0.2393692043906453,0.0,1.0,0.4080449094999278,0.26922578520297974,0.0,1.0,0.4750170268094855,0.293679017604896,0.0,1.0,0.36833632592409143,0.2850431037050638,0.0,1.0,85,0.1401151631477927,2.696097248880358,9
80,1565,349,13.343162343216408,41.66517571884984,10,8,0,8,1116,0.7140115163147792,447,1181,0.7555982085732565,0.850358422939068,949,232,0.850358422939068,0.5190156599552572,0.7555982085732565,175,1148,6.56,0.006397952655150352,0.005118362124120281,0.0,0.005118362124120281,0.6277646088838504,0.23924587384087076,0.0,1.0,0.40737916108420075,0.26822880461525517,0.0,1.0,0.47461609811398536,0.29287094992524604,0.0,1.0,0.3687725445738431,0.2850145173147241,0.0,1.0,85,0.1412140575079872,2.714376996805112,10
81,1566,342,13.28918297467574,42.22605363984675,14,13,0,13,1141,0.729073482428115,424,1193,0.7623003194888179,0.8326029798422436,950,243,0.8326029798422436,0.5731132075471698,0.7623003194888179,178,1164,6.53932584269663,0.008945686900958467,0.008306709265175719,0.0,0.008306709265175719,0.6291558521814361,0.23880613512501492,0.0,1.0,0.4075516005438141,0.2675602042062534,0.0,1.0,0.4738598442714127,0.29277855026509836,0.0,1.0,0.36643595764841597,0.2851806113049991,0.0,1.0,83,0.14495530012771393,2.73690932311622,10
82,1570,340,13.19676576301205,42.91656050955414,11,7,0,7,1156,0.7381864623243933,410,1212,0.7739463601532567,0.8460207612456747,978,234,0.8460207612456747,0.5707317073170731,0.7739463601532567,171,1181,6.906432748538012,0.0070242656449553,0.004469987228607918,0.0,0.004469987228607918,0.6281898500102733,0.23921479509818902,0.0,1.0,0.40990343127183065,0.26866854411027724,0.0,1.0,0.475056502979248,0.2934016757372697,0.0,1.0,0.3647010478734333,0.28480621894013053,0.0,1.0,83,0.14585987261146496,2.7643312101910826,10
83,1558,342,13.226156495216475,43.572528883183566,10,22,0,22,1175,0.7484076433121019,395,1187,0.7560509554140128,0.8161702127659575,959,228,0.8161702127659575,0.5772151898734177,0.7560509554140128,178,1167,6.556179775280899,0.006369426751592357,0.014012738853503185,0.0,0.014012738853503185,0.6282661807942358,0.23948978657110914,0.0,1.0,0.4102447306306679,0.2675561741689673,0.0,1.0,0.4761273758747774,0.2938329295969577,0.0,1.0,0.3654809722969895,0.28522637345067586,0.0,1.0,79,0.14634146341463414,2.7869062901155326,10
84,1558,340,13.171859027181558,44.28818998716303,9,9,0,9,1171,0.751604621309371,387,1212,0.7779204107830552,0.8462852263023057,991,221,0.8462852263023057,0.5710594315245479,0.7779204107830552,172,1182,6.872093023255814,0.005776636713735558,0.005776636713735558,0.0,0.005776636713735558,0.6283697047496791,0.2396824471765367,0.0,1.0,0.41096939831877094,0.26689131464026294,0.0,1.0,0.47560975609756095,0.29396995823627603,0.0,1.0,0.3663919831048905,0.2853337468824527,0.0,1.0,79,0.14634146341463414,2.802310654685494,10
85,1553,334,13.176572959867313,45.104314230521574,7,12,0,12,1177,0.7554557124518614,381,1230,0.7894736842105263,0.8479184367034834,998,232,0.8479184367034834,0.6089238845144357,0.7894736842105263,171,1195,6.988304093567251,0.004492939666238768,0.007702182284980745,0.0,0.007702182284980745,0.6282325571734209,0.2398954984617472,0.0,1.0,0.41229254512597885,0.2670395314534039,0.0,1.0,0.4760816733481503,0.29448789824422633,0.0,1.0,0.36528674989094984,0.2848226919312597,0.0,1.0,77,0.1468126207340631,2.81841596909208,10
86,1554,332,13.108148407394346,45.70978120978121,13,12,0,12,1151,0.7411461687057308,402,1228,0.7907276239536382,0.8505647263249348,979,249,0.8505647263249348,0.6194029850746269,0.7907276239536382,179,1205,6.731843575418995,0.008370895041854474,0.0077269800386349004,0.0,0.0077269800386349004,0.6278282891186117,0.239397763341799,0.0,1.0,0.4128575580188484,0.2668612657632618,0.0,1.0,0.4754639432058787,0.2945739040607106,0.0,1.0,0.3651139618881554,0.28504510574097514,0.0,1.0,75,0.148005148005148,2.8294723294723294,10
87,1548,333,13.101036475486717,46.583333333333336,8,14,0,14,1167,0.750965250965251,387,1241,0.7985842985842986,0.8560411311053985,999,242,0.8560411311053985,0.6253229974160207,0.7985842985842986,167,1209,7.2395209580838324,0.005148005148005148,0.009009009009009009,0.0,0.009009009009009009,0.6266149870801033,0.23924107071092865,0.0,1.0,0.4126656664166041,0.266907993894638,0.0,1.0,0.4752854880386763,0.29491057047079766,0.0,1.0,0.3643619238142869,0.2855555072750913,0.0,1.0,73,0.1479328165374677,2.839793281653747,10
88,1544,339,13.070021744465201,47.30829015544042,6,10,0,10,1159,0.7487080103359173,389,1199,0.774547803617571,0.8446937014667817,979,220,0.8446937014667817,0.5655526992287918,0.774547803617571,170,1175,6.911764705882353,0.003875968992248062,0.006459948320413436,0.0,0.006459948320413436,0.6272563931138225,0.23871233216156038,0.0,1.0,0.4140481363864282,0.2670640272170474,0.0,1.0,0.47486628781547724,0.2953885643075677,0.0,1.0,0.3652222965067692,0.2861642276186807,0.0,1.0,72,0.14766839378238342,2.849740932642487,10
89,1542,341,13.044700012854936,48.01880674448768,8,10,0,10,1107,0.7169689119170984,437,1206,0.7810880829015544,0.8509485094850948,942,264,0.8509485094850948,0.6041189931350115,0.7810880829015544,178,1186,6.662921348314606,0.0051813471502590676,0.006476683937823834,0.0,0.006476683937823834,0.6276097234425337,0.2388546308715859,0.0,1.0,0.4151918329776997,0.26685192458803325,0.0,1.0,0.47477093008660726,0.29647776673740883,0.0,1.0,0.36529852307434835,0.2862800442503704,0.0,1.0,71,0.14785992217898833,2.856679636835279,10
90,1539,345,13.025553879026843,48.8187134502924,4,7,0,7,1135,0.7360570687418937,407,1234,0.8002594033722439,0.8607929515418502,977,257,0.8607929515418502,0.6314496314496314,0.8002594033722439,177,1215,6.864406779661017,0.0025940337224383916,0.004539559014267186,0.0,0.004539559014267186,0.6284558469051961,0.23870772102581628,0.0,1.0,0.4157706093189964,0.2664943976244312,0.0,1.0,0.4749208744681297,0.29639069798105006,0.0,1.0,0.36531891257414745,0.2863862638094552,0.0,1.0,70,0.14879792072774528,2.865497076023392,10
91,1534,348,13.020475408023197,49.577574967405475,7,12,0,12,1129,0.7335932423651722,410,1257,0.8167641325536062,0.8742249778565102,987,270,0.8742249778565102,0.6585365853658537,0.8167641325536062,182,1242,6.824175824175824,0.004548408057179987,0.007797270955165692,0.0,0.007797270955165692,0.6284434537578332,0.23864878427207772,0.0,1.0,0.4155906968919544,0.26674546398736515,0.0,1.0,0.4739874668797578,0.29697325669195745,0.0,1.0,0.3654161584724734,0.28669236669859155,0.0,1.0,68,0.14928292046936115,2.878096479791395,10
92,1532,351,12.984872672959085,50.389686684073105,5,7,0,7,1164,0.758800521512386,370,1222,0.7966101694915254,0.8582474226804123,999,223,0.8582474226804123,0.6027027027027027,0.7966101694915254,168,1193,7.101190476190476,0.003259452411994785,0.0045632333767926985,0.0,0.0045632333767926985,0.6279373368146214,0.23864837186472926,0.0,1.0,0.4159647940705803,0.2668405841583882,0.0,1.0,0.47435357533900446,0.2970603307076342,0.0,1.0,0.3639981470563463,0.28663241156327385,0.0,1.0,68,0.15078328981723238,2.887075718015666,10
93,1528,355,12.969149423451375,51.34162303664922,3,7,0,7,1166,0.7610966057441253,366,1252,0.8172323759791122,0.8662092624356775,1010,242,0.8662092624356775,0.6612021857923497,0.8172323759791122,173,1229,7.104046242774566,0.0019582245430809398,0.0045691906005221935,0.0,0.0045691906005221935,0.6280822496199966,0.23866316346713864,0.0,1.0,0.4163781455835163,0.2670441866794915,0.0,1.0,0.47380087823002875,0.29686616671710875,0.0,1.0,0.3632832291842594,0.28669372560094347,0.0,1.0,68,0.1511780104712042,2.893979057591623,10
94,1527,363,12.912722322004171,52.060248853962015,7,8,0,8,1134,0.7421465968586387,394,1249,0.8174083769633508,0.8809523809523809,999,250,0.8809523809523809,0.6345177664974619,0.8174083769633508,174,1231,7.074712643678161,0.004581151832460733,0.005235602094240838,0.0,0.005235602094240838,0.6290639457506814,0.23831143427738383,0.0,1.0,0.4157213173627395,0.2665757271749905,0.0,1.0,0.4741111604030674,0.29685333337065656,0.0,1.0,0.3632465090732408,0.28680062590937966,0.0,1.0,65,0.15193189259986903,2.9017681728880156,10
95,1524,365,12.88561423908508,52.922572178477694,4,7,0,7,1188,0.7779960707269156,339,1258,0.8238375900458416,0.8914141414141414,1059,199,0.8914141414141414,0.5870206489675516,0.8238375900458416,178,1238,6.955056179775281,0.0026195153896529143,0.0045841519318926,0.0,0.0045841519318926,0.629497925662518,0.23804004525901692,0.0,1.0,0.4169630005926679,0.26623852678723003,0.0,1.0,0.4739014478028956,0.2964013275004905,0.0,1.0,0.36372872745745494,0.2869281186998791,0.0,1.0,65,0.15288713910761154,2.9028871391076114,10
96,1522,373,12.838736597779192,53.79566360052562,5,7,0,7,1154,0.7572178477690289,370,1258,0.8254593175853019,0.8804159445407279,1016,242,0.8804159445407279,0.654054054054054,0.8254593175853019,174,1240,7.126436781609195,0.0032808398950131233,0.004593175853018373,0.0,0.004593175853018373,0.6305582637446484,0.23795288435691614,0.0,1.0,0.41659955067610527,0.26579712610240563,0.0,1.0,0.4734008732143614,0.2962133691094398,0.0,1.0,0.3632953244881522,0.28668304014528473,0.0,1.0,65,0.1530880420499343,2.9027595269382394,10
97,1512,375,12.881689021357726,54.7010582010582,3,13,0,13,1170,0.7687253613666228,352,1280,0.8409986859395532,0.8923076923076924,1044,236,0.8923076923076924,0.6704545454545454,0.8409986859395532,180,1262,7.011111111111111,0.0019710906701708277,0.008541392904073587,0.0,0.008541392904073587,0.6302910052910053,0.23796262685007652,0.0,1.0,0.4176267281105991,0.26640838404967776,0.0,1.0,0.47286226318484387,0.296723432059461,0.0,1.0,0.3637139443591056,0.2871111867075242,0.0,1.0,62,0.15343915343915343,2.9067460317460316,10
98,1507,380,12.868158061793302,55.451227604512276,7,12,0,12,1149,0.7599206349206349,363,1209,0.7996031746031746,0.8703220191470844,1000,209,0.8703220191470844,0.5757575757575758,0.7996031746031746,174,1188,6.827586206896552,0.004629629629629629,0.007936507936507936,0.0,0.007936507936507936,0.6308624269537856,0.23779178563017786,0.0,1.0,0.4178778603078109,0.2666133327184032,0.0,1.0,0.47372476828563476,0.29646741509255436,0.0,1.0,0.3627373333047927,0.28652761500157237,0.0,1.0,61,0.15394824153948242,2.927670869276709,11
99,1505,386,12.822674670697843,56.1468438538206,8,10,0,10,1148,0.7617783676177837,359,1237,0.820836098208361,0.8736933797909407,1003,234,0.8736933797909407,0.6518105849582173,0.820836098208361,178,1221,6.859550561797753,0.0053085600530856005,0.006635700066357001,0.0,0.006635700066357001,0.6306719537027113,0.2377294688137227,0.0,1.0,0.4184117457935913,0.2672964410378472,0.0,1.0,0.4737970206837424,0.29710951802221697,0.0,1.0,0.3611188511413568,0.28647343880625886,0.0,1.0,59,0.15548172757475084,2.953488372093023,11
100,1503,380,12.81492917953276,56.91749833666001,7,9,0,9,1166,0.774750830564784,339,1274,0.8465116279069768,0.8979416809605489,1047,227,0.8979416809605489,0.6696165191740413,0.8465116279069768,185,1253,6.772972972972973,0.004651162790697674,0.005980066445182724,0.0,0.005980066445182724,0.6306097482454446,0.2380269429517051,0.0,1.0,0.41967677548129545,0.26747957754665863,0.0,1.0,0.47380507801601096,0.29701756664068113,0.0,1.0,0.36136329491554525,0.28686262019388403,0.0,1.0,58,0.15701929474384566,2.960079840319361,11
101,1500,386,12.794293886539908,57.702,5,8,0,8,1131,0.7524950099800399,372,1225,0.8150365934797072,0.8770999115826702,992,233,0.8770999115826702,0.6263440860215054,0.8150365934797072,180,1211,6.727777777777778,0.00332667997338656,0.0053226879574184965,0.0,0.0053226879574184965,0.6306881720430108,0.2385251354867857,0.0,1.0,0.4207096774193548,0.2673339993746477,0.0,1.0,0.4740645161290323,0.29715424006129054,0.0,1.0,0.36040860215053766,0.2870234040999068,0.0,1.0,57,0.158,2.9686666666666666,11
102,1497,387,12.787128433051867,58.51369405477622,6,9,0,9,1132,0.7546666666666667,368,1266,0.844,0.8931095406360424,1011,255,0.8931095406360424,0.6929347826086957,0.844,185,1252,6.767567567567568,0.004,0.006,0.0,0.006,0.6303143922253108,0.2388903906654141,0.0,1.0,0.42198375245113884,0.267234842163956,0.0,1.0,0.47471286659340184,0.29736882991476005,0.0,1.0,0.36035511883983024,0.2877821802132255,0.0,1.0,56,0.15898463593854376,2.9746158984635938,11
103,1489,394,12.80808921485821,59.360644728005376,2,10,0,10,1157,0.772879091516366,340,1260,0.8416833667334669,0.8971477960242005,1038,222,0.8971477960242005,0.6529411764705882,0.8416833667334669,173,1240,7.167630057803469,0.0013360053440213762,0.006680026720106881,0.0,0.006680026720106881,0.6317511211248077,0.23820271132975218,0.0,1.0,0.42256114733854716,0.2671698049790683,0.0,1.0,0.4759418531597305,0.2976031958384867,0.0,1.0,0.3603197642929873,0.2880158171751436,0.0,1.0,54,0.15983881799865682,2.9858965748824713,11
104,1486,398,12.794902304926346,59.95895020188425,7,10,0,10,1117,0.7501678979180658,372,1244,0.8354600402955004,0.8898836168307968,994,250,0.8898836168307968,0.6720430107526881,0.8354600402955004,181,1229,6.790055248618785,0.0047011417058428475,0.006715916722632639,0.0,0.006715916722632639,0.6317674640732861,0.23844178006042976,0.0,1.0,0.42387009942256765,0.26723975588203647,0.0,1.0,0.47629488125732644,0.29811375526187983,0.0,1.0,0.36026570572656624,0.28851026592941864,0.0,1.0,52,0.1601615074024226,3.0,11
105,1484,404,12.762427281922081,60.857816711590296,4,6,0,6,1159,0.7799461641991925,327,1239,0.8337819650067295,0.8843830888697153,1025,214,0.8843830888697153,0.654434250764526,0.8337819650067295,178,1223,6.870786516853933,0.0026917900403768506,0.004037685060565276,0.0,0.004037685060565276,0.6324015303017129,0.2386494086688676,0.0,1.0,0.4253977914963916,0.2676674971304661,0.0,1.0,0.4764368315798626,0.2982254140152956,0.0,1.0,0.3601425962959743,0.28901525957848195,0.0,1.0,52,0.1610512129380054,3.007412398921833,11
106,1480,414,12.732629856746627,61.608108108108105,5,9,0,9,1155,0.7783018867924528,329,1293,0.8712938005390836,0.9090909090909091,1050,243,0.9090909090909091,0.7386018237082067,0.8712938005390836,175,1278,7.3028571428571425,0.0033692722371967657,0.006064690026954178,0.0,0.006064690026954178,0.6323234524847429,0.23903314919662136,0.0,1.0,0.42648212728857887,0.2677833586769211,0.0,1.0,0.47652571926765475,0.2988553598405098,0.0,1.0,0.3600043591979076,0.28937781953338715,0.0,1.0,51,0.16148648648648647,3.0135135135135136,11
107,1483,420,12.646955483173448,62.23937963587323,9,6,0,6,1143,0.7722972972972973,337,1255,0.847972972972973,0.8941382327209099,1022,233,0.8941382327209099,0.6913946587537092,0.847972972972973,171,1232,7.204678362573099,0.006081081081081081,0.004054054054054054,0.0,0.004054054054054054,0.6314793465729885,0.23935714665527547,0.0,1.0,0.42859939529723967,0.2686854754067736,0.0,1.0,0.4772801426924499,0.29908927413839864,0.0,1.0,0.35999390946860116,0.2897517871862673,0.0,1.0,51,0.16183412002697237,3.026298044504383,11
108,1481,427,12.620381093786973,63.018230925050645,6,8,0,8,1112,0.7498314227916386,371,1248,0.8415374241402562,0.8857913669064749,985,263,0.8857913669064749,0.7088948787061995,0.8415374241402562,177,1232,6.96045197740113,0.004045853000674309,0.005394470667565745,0.0,0.005394470667565745,0.6320271830280325,0.23939439946667984,0.0,1.0,0.4283722855089194,0.26873492105234115,0.0,1.0,0.4775979612728976,0.29946119621558065,0.0,1.0,0.35963058961904554,0.29033264750709037,0.0,1.0,49,0.16272788656313303,3.0371370695476028,11
109,1477,431,12.630386883101187,63.890318212593094,4,8,0,8,1108,0.7481431465226198,373,1284,0.8669817690749494,0.9097472924187726,1008,276,0.9097472924187726,0.739946380697051,0.8669817690749494,177,1265,7.146892655367232,0.0027008777852802163,0.0054017555705604325,0.0,0.0054017555705604325,0.6327997029724595,0.23924708602985567,0.0,1.0,0.42857142857142855,0.2685812050953369,0.0,1.0,0.47760281302553126,0.2997785827840061,0.0,1.0,0.35988380981501294,0.29067893093749697,0.0,1.0,49,0.16316858496953285,3.034529451591063,10
110,1478,432,12.607478906499782,64.59675236806495,7,6,0,6,1079,0.7305348679756263,398,1282,0.8679756262694651,0.9193697868396663,992,290,0.9193697868396663,0.7286432160804021,0.8679756262694651,180,1263,7.016666666666667,0.004739336492890996,0.004062288422477996,0.0,0.004062288422477996,0.6325461608974638,0.23985818238603984,0.0,1.0,0.43063861364529227,0.26928987711231234,0.0,1.0,0.4774106246453359,0.3003195847154347,0.0,1.0,0.36027325505259944,0.29121732077953244,0.0,1.0,49,0.16373477672530445,3.044654939106901,10
111,1478,437,12.573350039741708,65.34100135317998,8,8,0,8,1088,0.7361299052774019,390,1294,0.8755074424898511,0.9126838235294118,993,301,0.9126838235294118,0.7717948717948718,0.8755074424898511,176,1275,7.244318181818182,0.005412719891745603,0.005412719891745603,0.0,0.005412719891745603,0.6328080666986774,0.2402530737696261,0.0,1.0,0.43234100135318,0.2697409060640582,0.0,1.0,0.4769522894932122,0.30058237479525035,0.0,1.0,0.36081889213846086,0.2916354515673529,0.0,1.0,47,0.16373477672530445,3.048037889039242,10
112,1474,445,12.577781350609698,66.23677069199458,3,7,0,7,1094,0.7401894451962111,384,1252,0.8470906630581867,0.8912248628884827,975,277,0.8912248628884827,0.7213541666666666,0.8470906630581867,172,1232,7.162790697674419,0.0020297699594046007,0.004736129905277402,0.0,0.004736129905277402,0.6324025036109774,0.24011646083772423,0.0,1.0,0.43347047752440143,0.26990178489027133,0.0,1.0,0.47697728366962844,0.30024160308358866,0.0,1.0,0.36037554164660573,0.29217634561192996,0.0,1.0,47,0.16417910447761194,3.0474898236092267,10
113,1471,451,12.563808199558267,67.06594153636982,5,8,0,8,1126,0.7639077340569878,348,1274,0.864314789687924,0.9147424511545293,1030,244,0.9147424511545293,0.7011494252873564,0.864314789687924,178,1258,7.067415730337078,0.0033921302578018998,0.005427408412483039,0.0,0.005427408412483039,0.6314993092256749,0.24006483689935734,0.0,1.0,0.4349904607355102,0.2706146136717766,0.0,1.0,0.4775114580820596,0.3009817219882838,0.0,1.0,0.3606280564022719,0.2932459316469958,0.0,1.0,47,0.16451393609789258,3.0584636301835486,10
114,1468,452,12.572607480189427,67.93460490463215,3,6,0,6,1130,0.7681849082256968,341,1258,0.8552005438477226,0.9,1017,241,0.9,0.7067448680351907,0.8552005438477226,177,1236,6.983050847457627,0.0020394289598912306,0.004078857919782461,0.0,0.004078857919782461,0.6303726817262899,0.2403473486090053,0.0,1.0,0.4362749406697724,0.27122403452346117,0.0,1.0,0.4765535729981542,0.3013416089763183,0.0,1.0,0.36127713808561135,0.2934607668595213,0.0,1.0,46,0.164850136239782,3.05858310626703,10
115,1464,459,12.568467662210681,68.81352459016394,4,8,0,8,1125,0.7663487738419619,343,1281,0.8726158038147139,0.9066666666666666,1020,261,0.9066666666666666,0.760932944606414,0.8726158038147139,175,1263,7.217142857142857,0.0027247956403269754,0.005449591280653951,0.0,0.005449591280653951,0.6300237969328398,0.24064320361081815,0.0,1.0,0.4363652388506963,0.2711081304288772,0.0,1.0,0.47640137493389745,0.30145256718543717,0.0,1.0,0.3620218579234973,0.29378989768725866,0.0,1.0,46,0.16325136612021857,3.0614754098360657,10
116,1462,468,12.533295487477913,69.55266757865937,4,6,0,6,1148,0.7841530054644809,316,1288,0.8797814207650273,0.912020905923345,1047,241,0.912020905923345,0.7626582278481012,0.8797814207650273,173,1270,7.341040462427745,0.00273224043715847,0.004098360655737705,0.0,0.004098360655737705,0.6285689069326156,0.24061345155968536,0.0,1.0,0.43731521115573013,0.27151887918831397,0.0,1.0,0.4776488239706986,0.301414507902775,0.0,1.0,0.3616345262786285,0.29426387096373025,0.0,1.0,44,0.16347469220246238,3.0690834473324213,10
117,1459,477,12.519743203764316,70.37902673063742,3,6,0,6,1119,0.7653898768809849,343,1240,0.8481532147742818,0.8900804289544236,996,244,0.8900804289544236,0.7113702623906706,0.8481532147742818,166,1215,7.319277108433735,0.002051983584131327,0.004103967168262654,0.0,0.004103967168262654,0.6286232284596166,0.24052781344096652,0.0,1.0,0.43715315394989934,0.2716745978546977,0.0,1.0,0.4781887726900882,0.3019323227708588,0.0,1.0,0.36127263481394684,0.2944328637499764,0.0,1.0,44,0.16381082933516106,3.074023303632625,10
118,1456,479,12.51996503568757,71.19917582417582,4,7,0,7,1142,0.7827278958190541,317,1274,0.8732008224811515,0.9185639229422067,1049,225,0.9185639229422067,0.7097791798107256,0.8732008224811515,177,1253,7.0790960451977405,0.0027416038382453737,0.004797806716929404,0.0,0.004797806716929404,0.6278358738036157,0.24001660940058345,0.0,1.0,0.43834190003544843,0.2719066730660971,0.0,1.0,0.47815490960652257,0.30240462325815415,0.0,1.0,0.3618176178660049,0.2947140822311716,0.0,1.0,43,0.16414835164835165,3.0831043956043955,10
119,1453,483,12.524203655838559,71.96627666896077,4,7,0,7,1113,0.7644230769230769,343,1234,0.8475274725274725,0.9056603773584906,1008,226,0.9056603773584906,0.6588921282798834,0.8475274725274725,174,1212,6.9655172413793105,0.0027472527472527475,0.004807692307692308,0.0,0.004807692307692308,0.6274226849898985,0.2399773976001968,0.0,1.0,0.4398907710410052,0.27281739641334346,0.0,1.0,0.4784983238239016,0.30263077224043644,0.0,1.0,0.36172102213440493,0.29479841255244194,0.0,1.0,40,0.16379903647625602,3.092911218169305,11
120,1445,483,12.587700837843615,72.81245674740484,2,10,0,10,1129,0.7770130763936682,324,1282,0.8823124569855472,0.9202834366696191,1039,243,0.9202834366696191,0.75,0.8823124569855472,184,1266,6.880434782608695,0.0013764624913971094,0.006882312456985547,0.0,0.006882312456985547,0.6273691260185288,0.2401881447991833,0.0,1.0,0.44129925214867727,0.2731212664769953,0.0,1.0,0.4784462551624065,0.30281221795847113,0.0,1.0,0.36169215314209174,0.2952915006669002,0.0,1.0,38,0.16401384083044981,3.1017301038062284,11
121,1445,489,12.560406300901713,73.60276816608996,5,5,0,5,1104,0.7640138408304499,341,1251,0.8657439446366783,0.9039855072463768,998,253,0.9039855072463768,0.7419354838709677,0.8657439446366783,172,1229,7.145348837209302,0.0034602076124567475,0.0034602076124567475,0.0,0.0034602076124567475,0.6271458868177252,0.24003953866245242,0.0,1.0,0.4418127023105257,0.27317048993440984,0.0,1.0,0.4784462551624065,0.303244728518501,0.0,1.0,0.3611117312200022,0.29507996541037124,0.0,1.0,36,0.16401384083044981,3.1038062283737022,11
122,1451,498,12.46495648996948,74.2039972432805,8,2,0,2,1091,0.7550173010380623,354,1203,0.8325259515570934,0.8799266727772685,960,243,0.8799266727772685,0.6864406779661016,0.8325259515570934,173,1185,6.8497109826589595,0.005536332179930796,0.001384083044982699,0.0,0.001384083044982699,0.6260865698850626,0.24045164313064074,0.0,1.0,0.4428536493186012,0.2739583999114557,0.0,1.0,0.4808697005402281,0.3041869587498637,0.0,1.0,0.3617972032636002,0.2960009298214488,0.0,1.0,36,0.1633356305995865,3.114403859407305,11
123,1448,505,12.46934156126586,75.08839779005525,2,5,0,5,1105,0.7615437629221227,346,1248,0.8600964851826327,0.9031674208144796,998,250,0.9031674208144796,0.7225433526011561,0.8600964851826327,170,1225,7.205882352941177,0.0013783597518952446,0.0034458993797381117,0.0,0.0034458993797381117,0.6263143824630191,0.2405229975830089,0.0,1.0,0.44383799679201563,0.27404789668250745,0.0,1.0,0.4802174300481198,0.3041299573214565,0.0,1.0,0.3606531812511139,0.2951415381471538,0.0,1.0,35,0.16367403314917128,3.1201657458563536,11
124,1447,507,12.457377228053241,75.83344851416724,5,6,0,6,1124,0.7762430939226519,324,1262,0.8715469613259669,0.9119217081850534,1025,237,0.9119217081850534,0.7314814814814815,0.8715469613259669,181,1245,6.878453038674033,0.003453038674033149,0.004143646408839779,0.0,0.004143646408839779,0.6263682368415187,0.24040898983637293,0.0,1.0,0.44423389883407266,0.2741509706203956,0.0,1.0,0.4814856098267829,0.304262993483897,0.0,1.0,0.36123681922553896,0.2961483537642994,0.0,1.0,35,0.16447823082239116,3.126468555632343,11
125,1441,517,12.47200482088734,76.78140180430256,3,9,0,9,1114,0.7698686938493434,333,1264,0.8735314443676572,0.921903052064632,1027,237,0.921903052064632,0.7117117117117117,0.8735314443676572,176,1250,7.1022727272727275,0.002073255010366275,0.006219765031098825,0.0,0.006219765031098825,0.6264019162320074,0.24074823640176815,0.0,1.0,0.444628506189698,0.27425437451637275,0.0,1.0,0.4825054285778245,0.30474573515653797,0.0,1.0,0.3614649325065479,0.2970817887354352,0.0,1.0,35,0.16446911866759195,3.128383067314365,11
126,1438,523,12.475039271474865,77.68497913769124,3,6,0,6,1115,0.7737682165163081,326,1285,0.8917418459403192,0.9273542600896861,1034,251,0.9273542600896861,0.7699386503067485,0.8917418459403192,176,1267,7.198863636363637,0.002081887578070784,0.004163775156141568,0.0,0.004163775156141568,0.6257346673246893,0.240818713842414,0.0,1.0,0.444389609224281,0.2745448513663404,0.0,1.0,0.48348961371079907,0.3051137160381177,0.0,1.0,0.3613217282067388,0.2966822527922493,0.0,1.0,34,0.16411682892906815,3.135605006954103,11
127,1430,526,12.56003962168906,78.68811188811189,1,9,0,9,1060,0.7371349095966621,378,1272,0.8845618915159944,0.9245283018867925,980,292,0.9245283018867925,0.7724867724867724,0.8845618915159944,175,1250,7.142857142857143,0.0006954102920723226,0.006258692628650904,0.0,0.006258692628650904,0.6255808707421611,0.24148032991563725,0.0,1.0,0.44531919693210015,0.2748311554398393,0.0,1.0,0.4837581773065644,0.3050992785143163,0.0,1.0,0.3614031130160162,0.2976685277440941,0.0,1.0,34,0.16503496503496504,3.137762237762238,11
128,1423,527,12.627592005720869,79.58889669711877,2,9,0,9,1099,0.7685314685314686,331,1271,0.8888111888111888,0.9262966333030027,1018,253,0.9262966333030027,0.7643504531722054,0.8888111888111888,178,1250,7.022471910112359,0.0013986013986013986,0.006293706293706294,0.0,0.006293706293706294,0.6265726656541156,0.24139948811613954,0.0,1.0,0.446285675424478,0.27502230487395235,0.0,1.0,0.4830322127264072,0.3042823669206097,0.0,1.0,0.36116337587559216,0.29748738466278923,0.0,1.0,32,0.16584680252986647,3.1447645818692904,11
129,1422,535,12.601808130721757,80.33192686357243,4,5,0,5,1127,0.791988756148981,296,1238,0.8699929725931131,0.9077196095829636,1023,215,0.9077196095829636,0.7263513513513513,0.8699929725931131,170,1216,7.152941176470589,0.0028109627547434997,0.0035137034434293743,0.0,0.0035137034434293743,0.6253119186969739,0.24146785076033836,0.0,1.0,0.44728006896238826,0.2755245231050459,0.0,1.0,0.48416587269180167,0.30480837287081713,0.0,1.0,0.36302799328524116,0.2981411129876996,0.0,1.0,32,0.16455696202531644,3.1526019690576654,11
130,1421,540,12.585120672393897,81.06755805770584,7,8,0,8,1103,0.7756680731364276,319,1272,0.8945147679324894,0.929283771532185,1025,247,0.929283771532185,0.774294670846395,0.8945147679324894,174,1251,7.189655172413793,0.004922644163150493,0.005625879043600563,0.0,0.005625879043600563,0.6237315838459967,0.24235528577989926,0.0,1.0,0.44925200335974214,0.2763763551467353,0.0,1.0,0.48600485800549365,0.30627536913108644,0.0,1.0,0.36469092642618783,0.3001063562309018,0.0,1.0,32,0.16396903589021816,3.1611541168191413,11
131,1421,550,12.562947863489256,81.88669950738917,3,3,0,3,1081,0.7607318789584799,340,1268,0.8923293455313159,0.9195189639222942,994,274,0.9195189639222942,0.8058823529411765,0.8923293455313159,172,1250,7.267441860465116,0.00211118930330753,0.00211118930330753,0.0,0.00211118930330753,0.6230051531179769,0.2429931462862679,0.0,1.0,0.45029624753127057,0.27677251114952633,0.0,1.0,0.4862999704887517,0.30665429293190305,0.0,1.0,0.3652811513927039,0.3010536233532301,0.0,1.0,32,0.16396903589021816,3.1653764954257566,11
132,1418,561,12.546568644855558,82.6459802538787,4,7,0,7,1121,0.788881069669247,300,1251,0.88036593947924,0.9063336306868867,1016,235,0.9063336306868867,0.7833333333333333,0.88036593947924,178,1240,6.966292134831461,0.0028149190710767065,0.0049261083743842365,0.0,0.0049261083743842365,0.6236407479867146,0.24311915816605756,0.0,1.0,0.4507711906820146,0.2774468037791295,0.0,1.0,0.48680558715137173,0.3070625499436514,0.0,1.0,0.3654624869193321,0.3015716536643051,0.0,1.0,32,0.16502115655853314,3.175599435825106,11
133,1416,566,12.560337592114442,83.24364406779661,6,8,0,8,1054,0.7433004231311706,364,1265,0.892101551480959,0.926944971537002,977,288,0.926944971537002,0.7912087912087912,0.892101551480959,179,1249,6.977653631284916,0.004231311706629055,0.005641748942172073,0.0,0.005641748942172073,0.6227902314561691,0.24315496713798082,0.0,1.0,0.4529569892473118,0.2784520949201801,0.0,1.0,0.4879943502824859,0.30759795342754304,0.0,1.0,0.3646345908511026,0.30216932243898786,0.0,1.0,32,0.1652542372881356,3.1920903954802258,11
134,1410,573,12.600212654650711,84.04609929078015,4,10,0,10,1084,0.7655367231638418,332,1244,0.8785310734463276,0.9095940959409594,986,258,0.9095940959409594,0.7771084337349398,0.8785310734463276,176,1227,6.971590909090909,0.002824858757062147,0.007062146892655367,0.0,0.007062146892655367,0.6231525966598033,0.24348797506795422,0.0,1.0,0.4540150995195607,0.27860538909900456,0.0,1.0,0.4871425303134294,0.3073485617337514,0.0,1.0,0.36474490963166323,0.3021388896416598,0.0,1.0,31,0.16595744680851063,3.198581560283688,11
135,1408,583,12.593448224237598,84.71661931818181,4,6,0,6,1086,0.7702127659574468,324,1244,0.8822695035460993,0.9069981583793738,985,259,0.9069981583793738,0.7993827160493827,0.8822695035460993,176,1230,6.988636363636363,0.0028368794326241137,0.00425531914893617,0.0,0.00425531914893617,0.6232587976539589,0.24326203058238416,0.0,1.0,0.4550494868035191,0.27861338219896714,0.0,1.0,0.4863223973607038,0.3077401773312813,0.0,1.0,0.36592741935483875,0.30293165918168125,0.0,1.0,31,0.16619318181818182,3.2052556818181817,11
136,1408,593,12.544880058035956,85.39630681818181,6,6,0,6,1134,0.8053977272727273,274,1244,0.8835227272727273,0.9135802469135802,1036,208,0.9135802469135802,0.7591240875912408,0.8835227272727273,174,1228,7.057471264367816,0.004261363636363636,0.004261363636363636,0.0,0.004261363636363636,0.6222278225806451,0.2433113243100518,0.0,1.0,0.45539314516129026,0.2788647939641618,0.0,1.0,0.4870097140762464,0.30889411640052766,0.0,1.0,0.36732496334310855,0.3037361906320476,0.0,1.0,31,0.16477272727272727,3.2109375,11
137,1403,600,12.578894804657567,86.1632216678546,3,8,0,8,1089,0.7734375,319,1229,0.8728693181818182,0.9081726354453628,989,240,0.9081726354453628,0.7523510971786834,0.8728693181818182,178,1214,6.820224719101123,0.002130681818181818,0.005681818181818182,0.0,0.005681818181818182,0.6221690846802934,0.24324173401702734,0.0,1.0,0.4566252040558251,0.2795025498958085,0.0,1.0,0.4865150713907985,0.3089185776233223,0.0,1.0,0.36702457866783156,0.3041986094006239,0.0,1.0,31,0.1646471846044191,3.22024233784747,11
138,1400,608,12.59104945155147,86.92,4,7,0,7,1084,0.7726300784034212,319,1230,0.8766928011404134,0.9160516605166051,993,237,0.9160516605166051,0.7429467084639498,0.8766928011404134,176,1214,6.8977272727272725,0.002851033499643621,0.004989308624376337,0.0,0.004989308624376337,0.622373271889401,0.24329318295555552,0.0,1.0,0.4568433179723503,0.27981788335553004,0.0,1.0,0.48638248847926263,0.30937546911722547,0.0,1.0,0.3674884792626728,0.30502422069877455,0.0,1.0,29,0.165,3.222142857142857,11
139,1400,609,12.606043240529475,87.795,2,2,0,2,1089,0.7778571428571428,311,1217,0.8692857142857143,0.9054178145087236,986,231,0.9054178145087236,0.7427652733118971,0.8692857142857143,188,1206,6.414893617021277,0.0014285714285714286,0.0014285714285714286,0.0,0.0014285714285714286,0.6225576036866359,0.2434386472415585,0.0,1.0,0.4571198156682028,0.2797939834451027,0.0,1.0,0.4862211981566821,0.30901014006865685,0.0,1.0,0.36767281105990784,0.3050725623527169,0.0,1.0,29,0.1657142857142857,3.225,11
140,1399,622,12.587329424566402,88.6554681915654,4,5,0,5,1070,0.7642857142857142,330,1194,0.8528571428571429,0.8906542056074767,953,241,0.8906542056074767,0.7303030303030303,0.8528571428571429,172,1179,6.854651162790698,0.002857142857142857,0.0035714285714285713,0.0,0.0035714285714285713,0.6224722728216007,0.24400819071593416,0.0,1.0,0.4583688809979478,0.2799968359617924,0.0,1.0,0.48700684820955065,0.3094502863137678,0.0,1.0,0.36851207083400583,0.3055399444737207,0.0,1.0,29,0.16654753395282346,3.2230164403145105,11
141,1401,626,12.568770719988311,89.36545324768022,5,3,0,3,1074,0.7676912080057183,325,1237,0.8842030021443888,0.9143389199255121,982,255,0.9143389199255121,0.7846153846153846,0.8842030021443888,180,1221,6.783333333333333,0.0035739814152966403,0.002144388849177984,0.0,0.002144388849177984,0.6221132370887155,0.24377897554588748,0.0,1.0,0.45835923649006466,0.27967754437906833,0.0,1.0,0.4865879210702033,0.30936534659313963,0.0,1.0,0.36856162648799246,0.3054492396650393,0.0,1.0,28,0.1655960028551035,3.230549607423269,11
142,1403,631,12.553490165838598,90.13542409123308,5,3,0,3,1053,0.7516059957173448,348,1245,0.8886509635974305,0.9278252611585945,977,268,0.9278252611585945,0.7701149425287356,0.8886509635974305,178,1228,6.898876404494382,0.0035688793718772305,0.0021413276231263384,0.0,0.0021413276231263384,0.6200308095555607,0.24451942726947162,0.0,1.0,0.4594302531441842,0.2803391388196581,0.0,1.0,0.4872508219713517,0.30977933230715343,0.0,1.0,0.36941576805462945,0.30598991136316306,0.0,1.0,28,0.16393442622950818,3.2344975053456877,11
143,1401,636,12.570039081787355,90.97787294789435,2,4,0,4,1094,0.7797576621525303,309,1204,0.8581610833927299,0.8994515539305301,984,220,0.8994515539305301,0.7119741100323624,0.8581610833927299,179,1188,6.636871508379889,0.0014255167498218105,0.002851033499643621,0.0,0.002851033499643621,0.6199719094655891,0.24463959302223004,0.0,1.0,0.4598788883516382,0.28020193394128134,0.0,1.0,0.48801547281895424,0.3097765953694539,0.0,1.0,0.3701733784623886,0.30613048839749757,0.0,1.0,27,0.16416845110635261,3.236973590292648,11
144,1398,640,12.60193979651221,92.00429184549357,0,3,0,3,1107,0.7901498929336188,294,1246,0.8893647394718058,0.926829268292683,1026,220,0.926829268292683,0.7482993197278912,0.8893647394718058,182,1232,6.769230769230769,0.0,0.0021413276231263384,0.0,0.0021413276231263384,0.6198024828095436,0.24461200551020448,0.0,1.0,0.4597812543264571,0.28013778179082627,0.0,1.0,0.4874705800913748,0.30976743536829865,0.0,1.0,0.37034473210577323,0.30602076353238755,0.0,1.0,27,0.16380543633762518,3.232474964234621,11
145,1399,647,12.585149711615784,92.77412437455325,3,2,0,2,1083,0.7746781115879828,315,1192,0.8526466380543634,0.9021237303785781,977,215,0.9021237303785781,0.6825396825396826,0.8526466380543634,178,1177,6.612359550561798,0.002145922746781116,0.001430615164520744,0.0,0.001430615164520744,0.6199358989139708,0.2446970615956437,0.0,1.0,0.46053632779174064,0.28026542318881786,0.0,1.0,0.4874910650464618,0.30962882691253074,0.0,1.0,0.3695035624524429,0.30566556401592543,0.0,1.0,27,0.16440314510364545,3.2408863473909935,11
146,1397,654,12.568682514768152,93.33070866141732,6,8,0,8,1131,0.8084345961401,268,1221,0.8727662616154396,0.9098143236074271,1029,192,0.9098143236074271,0.7164179104477612,0.8727662616154396,174,1202,6.908045977011494,0.004288777698355968,0.005718370264474625,0.0,0.005718370264474625,0.6190916018195672,0.24495135678283364,0.0,1.0,0.4610571039323897,0.28092944343887877,0.0,1.0,0.48888170503613737,0.310275490210153,0.0,1.0,0.3709561964578475,0.3062206160727162,0.0,1.0,27,0.1632068718682892,3.246957766642806,11
147,1400,658,12.52506034255879,93.97142857142858,6,3,0,3,1110,0.7945597709377237,287,1221,0.8740157480314961,0.9045045045045045,1004,217,0.9045045045045045,0.7560975609756098,0.8740157480314961,176,1201,6.823863636363637,0.004294917680744453,0.0021474588403722263,0.0,0.0021474588403722263,0.6189170506912443,0.24544360131450857,0.0,1.0,0.4618202764976958,0.2812256591622343,0.0,1.0,0.4882718894009217,0.31025884135981263,0.0,1.0,0.37050691244239636,0.30624018207895576,0.0,1.0,26,0.16428571428571428,3.250714285714286,11
148,1397,667,12.544882786880034,94.85612025769507,1,4,0,4,1081,0.7721428571428571,319,1224,0.8742857142857143,0.902867715078631,976,248,0.902867715078631,0.7774294670846394,0.8742857142857143,173,1206,6.971098265895954,0.0007142857142857143,0.002857142857142857,0.0,0.002857142857142857,0.6182834183850185,0.24566727870677246,0.0,1.0,0.4626734708014871,0.28150885611963317,0.0,1.0,0.4890202507677742,0.3105923493766924,0.0,1.0,0.37146419747384946,0.3067476043051841,0.0,1.0,26,0.1639226914817466,3.2526843235504654,11
149,1394,674,12.577759572285139,95.66355810616929,3,6,0,6,1048,0.7501789549033644,349,1144,0.8188976377952756,0.8893129770992366,932,212,0.8893129770992366,0.6074498567335244,0.8188976377952756,171,1122,6.56140350877193,0.0021474588403722263,0.004294917680744453,0.0,0.004294917680744453,0.6185726847780811,0.24610716725439324,0.0,1.0,0.4626741333827001,0.2813600610874381,0.0,1.0,0.48873050400333223,0.3102064597569108,0.0,1.0,0.3719859304854908,0.3072794308411623,0.0,1.0,25,0.1649928263988522,3.2532281205164995,11
150,1387,683,12.62034330279824,96.42970439798125,3,10,0,10,1105,0.7926829268292683,289,1236,0.8866571018651362,0.9158371040723982,1012,224,0.9158371040723982,0.7750865051903114,0.8866571018651362,181,1226,6.773480662983426,0.002152080344332855,0.007173601147776184,0.0,0.007173601147776184,0.6186245552015257,0.24623192999945484,0.0,1.0,0.4629392748331279,0.281283314547417,0.0,1.0,0.48868525711096117,0.31053166262666165,0.0,1.0,0.3732818568737354,0.3084171267354881,0.0,1.0,25,0.1651045421773612,3.2552271088680604,11
151,1383,686,12.652096119397454,97.13232104121475,5,9,1,8,1096,0.7901946647440519,291,1234,0.889689978370584,0.916970802919708,1005,229,0.916970802919708,0.7869415807560137,0.889689978370584,181,1218,6.7292817679558015,0.003604902667627974,0.006488824801730353,0.0007209805335255948,0.005767844268204758,0.617871387586593,0.24600094619899954,0.0,1.0,0.4617591491148275,0.2811419237108644,0.0,1.0,0.48818603783266856,0.3111958438877814,0.0,1.0,0.3745947332820189,0.30861991104223996,0.0,1.0,24,0.16341287057122197,3.2581344902386116,11
152,1381,698,12.669760039526873,98.07458363504706,1,3,0,3,1043,0.7541576283441793,340,1245,0.9002169197396963,0.9309683604985618,971,274,0.9309683604985618,0.8058823529411765,0.9002169197396963,180,1237,6.872222222222222,0.0007230657989877079,0.0021691973969631237,0.0,0.0021691973969631237,0.6175048468851463,0.2462229365686125,0.0,1.0,0.4623110882717058,0.2814685041851032,0.0,1.0,0.48868281516432693,0.3117028759406753,0.0,1.0,0.3750905141202028,0.30909501707094295,0.0,1.0,24,0.16292541636495295,3.2570601013758145,11
153,1381,703,12.670829958612453,98.82766111513396,4,4,0,4,1080,0.782041998551774,301,1228,0.889210716871832,0.9231481481481482,997,231,0.9231481481481482,0.7674418604651163,0.889210716871832,179,1212,6.770949720670391,0.002896451846488052,0.002896451846488052,0.0,0.002896451846488052,0.6174581299198805,0.24639817611677745,0.0,1.0,0.4625680315806685,0.28090525076185024,0.0,1.0,0.48835579640746535,0.3114538299247464,0.0,1.0,0.374927004741772,0.3092165810749839,0.0,1.0,24,0.16437364228819695,3.2548877624909487,11
154,1384,714,12.627007638757052,99.47037572254335,6,3,0,3,1048,0.7588703837798697,333,1209,0.8754525706010138,0.9198473282442748,964,245,0.9198473282442748,0.7357357357357357,0.8754525706010138,172,1192,6.930232558139535,0.004344677769732078,0.002172338884866039,0.0,0.002172338884866039,0.6163294797687862,0.24647580453316498,0.0,1.0,0.46315028901734107,0.28137158522897404,0.0,1.0,0.48946485176207344,0.31221503340934287,0.0,1.0,0.3749067685996644,0.30968461003361225,0.0,1.0,24,0.16401734104046242,3.2658959537572256,11
155,1382,722,12.637612763493541,100.3863965267728,2,4,0,4,1093,0.7897398843930635,291,1250,0.903179190751445,0.938700823421775,1026,224,0.938700823421775,0.7697594501718213,0.903179190751445,180,1238,6.877777777777778,0.001445086705202312,0.002890173410404624,0.0,0.002890173410404624,0.616894636104757,0.2466914109277283,0.0,1.0,0.4634470846365716,0.28133841145590605,0.0,1.0,0.4884926007189207,0.31245683344148695,0.0,1.0,0.3746790532654871,0.309908423289827,0.0,1.0,23,0.16425470332850942,3.2662807525325617,11
156,1383,725,12.645412852794067,101.21041214750542,3,2,0,2,1065,0.7706222865412445,317,1231,0.8907380607814761,0.9286384976525821,989,242,0.9286384976525821,0.7634069400630915,0.8907380607814761,178,1212,6.808988764044944,0.002170767004341534,0.001447178002894356,0.0,0.001447178002894356,0.6172182958971847,0.24662114148020167,0.0,1.0,0.4633452289319618,0.28156162314485156,0.0,1.0,0.4880460896135097,0.3122043420536422,0.0,1.0,0.37391831688941757,0.3095861714811621,0.0,1.0,23,0.1648590021691974,3.2682574114244396,11
157,1379,731,12.683165575118418,102.10587382160986,2,6,0,6,1089,0.7874186550976139,294,1235,0.8929862617498192,0.931129476584022,1014,221,0.931129476584022,0.7517006802721088,0.8929862617498192,175,1216,6.948571428571428,0.0014461315979754157,0.004338394793926247,0.0,0.004338394793926247,0.617043673536223,0.24699388282714804,0.0,1.0,0.46375353809445835,0.2820119789908167,0.0,1.0,0.4881985543521486,0.3123191634559057,0.0,1.0,0.3740672296427987,0.310134425751469,0.0,1.0,23,0.1660623640319072,3.26686004350979,11
158,1381,741,12.648814406582359,102.69876900796524,7,5,0,5,1049,0.7606961566352429,330,1197,0.868020304568528,0.899904671115348,944,253,0.899904671115348,0.7666666666666667,0.868020304568528,171,1178,6.888888888888889,0.005076142131979695,0.0036258158085569255,0.0,0.0036258158085569255,0.6163602812361308,0.24729358926341516,0.0,1.0,0.4652776155660928,0.28242136373672144,0.0,1.0,0.4875849664805774,0.3129085280169428,0.0,1.0,0.3753941743944313,0.31010328127601494,0.0,1.0,23,0.16509775524981898,3.268645908761767,11
159,1380,750,12.64515703872842,103.26739130434783,5,6,1,5,1049,0.7595944967414917,332,1212,0.8776249094858798,0.9170638703527169,962,250,0.9170638703527169,0.7530120481927711,0.8776249094858798,175,1196,6.8342857142857145,0.003620564808110065,0.004344677769732078,0.000724112961622013,0.003620564808110065,0.6155212716222533,0.24766765590269788,0.0,1.0,0.46622253389434315,0.2821774925485155,0.0,1.0,0.48828892005610103,0.313595186388618,0.0,1.0,0.3764142122487144,0.31088869699410016,0.0,1.0,22,0.16521739130434782,3.273913043478261,11
160,1374,757,12.71070914333425,104.25254730713246,2,8,0,8,1059,0.7673913043478261,321,1234,0.8942028985507247,0.9216241737488197,976,258,0.9216241737488197,0.8037383177570093,0.8942028985507247,178,1219,6.848314606741573,0.0014492753623188406,0.005797101449275362,0.0,0.005797101449275362,0.6155561816218247,0.24768367679884523,0.0,1.0,0.46626285392308775,0.2822550276585358,0.0,1.0,0.48880123961121286,0.31378088057079245,0.0,1.0,0.37636756350659717,0.3108480529818147,0.0,1.0,22,0.16448326055312956,3.2736535662299855,11
161,1374,765,12.707984016101642,104.96069868995633,4,4,0,4,1065,0.7751091703056768,309,1201,0.8740902474526928,0.9089201877934272,968,233,0.9089201877934272,0.7540453074433657,0.8740902474526928,177,1186,6.700564971751413,0.002911208151382824,0.002911208151382824,0.0,0.002911208151382824,0.6149927219796215,0.24801907384374547,0.0,1.0,0.4676010705733202,0.28245466868023494,0.0,1.0,0.4896699065596093,0.3138613557307564,0.0,1.0,0.3774005728506362,0.3110914236352649,0.0,1.0,22,0.16375545851528384,3.2787481804949055,11
162,1368,771,12.759591682347969,105.64035087719299,4,10,1,9,1049,0.7634643377001455,325,1231,0.895924308588064,0.9313632030505243,977,254,0.9313632030505243,0.7815384615384615,0.895924308588064,181,1218,6.7292817679558015,0.002911208151382824,0.00727802037845706,0.000727802037845706,0.006550218340611353,0.6160158460667798,0.24775013317668837,0.0,1.0,0.4688737973967176,0.2831658882828357,0.0,1.0,0.48903508771929827,0.3137126910835733,0.0,1.0,0.3757074136955292,0.3106505334561895,0.0,1.0,22,0.16447368421052633,3.293859649122807,11
163,1366,778,12.78265680540621,106.2796486090776,4,6,1,5,1043,0.7624269005847953,325,1199,0.8764619883040936,0.9050814956855225,944,255,0.9050814956855225,0.7846153846153846,0.8764619883040936,181,1187,6.558011049723757,0.0029239766081871343,0.0043859649122807015,0.0007309941520467836,0.003654970760233918,0.6149341142020498,0.24816993669551665,0.0,1.0,0.47012704859963156,0.2834399249756667,0.0,1.0,0.4902233977235158,0.3142843165574876,0.0,1.0,0.37665895243942754,0.31169829582226066,0.0,1.0,22,0.16398243045387995,3.2994143484626646,11
164,1365,785,12.808991312025247,107.21978021978022,2,3,0,3,1046,0.7657393850658858,320,1192,0.8726207906295754,0.9015296367112811,943,249,0.9015296367112811,0.778125,0.8726207906295754,173,1172,6.77456647398844,0.0014641288433382138,0.0021961932650073207,0.0,0.0021961932650073207,0.6142266335814722,0.24818883267329664,0.0,1.0,0.47040056717476075,0.28350063662115405,0.0,1.0,0.4912442396313364,0.31464986320979876,0.0,1.0,0.37691126078222853,0.3116705319866879,0.0,1.0,22,0.16263736263736264,3.306227106227106,11
165,1368,792,12.776608246893657,107.7046783625731,6,3,1,2,1045,0.7655677655677655,320,1174,0.8600732600732601,0.8909090909090909,931,243,0.8909090909090909,0.759375,0.8600732600732601,182,1163,6.3901098901098905,0.004395604395604396,0.002197802197802198,0.0007326007326007326,0.0014652014652014652,0.613657800415016,0.24806615151874126,0.0,1.0,0.4702886247877759,0.28342789042240535,0.0,1.0,0.4908036219581211,0.31479814069280604,0.0,1.0,0.3770986606300698,0.311970120584329,0.0,1.0,22,0.16228070175438597,3.3077485380116958,11
166,1367,798,12.779342115798071,108.41404535479151,3,4,2,2,1057,0.7726608187134503,311,1216,0.8888888888888888,0.9167455061494797,969,247,0.9167455061494797,0.7942122186495176,0.8888888888888888,182,1204,6.615384615384615,0.0021929824561403508,0.0029239766081871343,0.0014619883040935672,0.0014619883040935672,0.6134459730514195,0.247947212275647,0.0,1.0,0.46987752790428766,0.2833788489005259,0.0,1.0,0.49078509568869905,0.31498744137279877,0.0,1.0,0.3771857375463105,0.3121017362917989,0.0,1.0,22,0.1616678858814923,3.3094367227505486,11
167,1368,803,12.787720228037854,109.12426900584795,4,3,0,3,1042,0.7622531089978054,325,1138,0.8324798829553768,0.8800383877159309,917,221,0.8800383877159309,0.68,0.8324798829553768,180,1123,6.238888888888889,0.002926115581565472,0.0021945866861741038,0.0,0.0021945866861741038,0.6126674212412753,0.24791689058911415,0.0,1.0,0.4706659120920581,0.28381045629812185,0.0,1.0,0.4912516506319562,0.31528655082608864,0.0,1.0,0.37629692510847007,0.3121189143512331,0.0,1.0,22,0.1615497076023392,3.318713450292398,11
168,1365,807,12.814093035700113,109.58974358974359,5,8,1,7,1068,0.7807017543859649,300,1217,0.8896198830409356,0.9138576779026217,976,241,0.9138576779026217,0.8033333333333333,0.8896198830409356,183,1204,6.579234972677596,0.003654970760233918,0.005847953216374269,0.0007309941520467836,0.005116959064327485,0.6131631809051165,0.24741544616911407,0.0,1.0,0.4725274725274725,0.284693694590911,0.0,1.0,0.49197684036393713,0.31566111676051656,0.0,1.0,0.37691126078222853,0.3123570887719342,0.0,1.0,21,0.1619047619047619,3.32967032967033,11
169,1360,819,12.844630184075111,110.4014705882353,1,6,1,5,1085,0.7948717948717948,280,1218,0.8923076923076924,0.9207373271889401,999,219,0.9207373271889401,0.7821428571428571,0.8923076923076924,177,1207,6.8192090395480225,0.0007326007326007326,0.004395604395604396,0.0007326007326007326,0.003663003663003663,0.6126897533206831,0.24739095892740248,0.0,1.0,0.4727941176470588,0.2847889252208144,0.0,1.0,0.4922675521821632,0.31595648376720464,0.0,1.0,0.3769924098671727,0.3124678618042412,0.0,1.0,21,0.16176470588235295,3.3345588235294117,11
170,1359,832,12.84041736742306,111.36055923473143,2,3,0,3,1074,0.7897058823529411,286,1216,0.8941176470588236,0.925512104283054,994,222,0.925512104283054,0.7762237762237763,0.8941176470588236,175,1204,6.88,0.0014705882352941176,0.0022058823529411764,0.0,0.0022058823529411764,0.6129506990434143,0.24732575537143822,0.0,1.0,0.47292838662204184,0.284796884557505,0.0,1.0,0.49208383773647607,0.3158401233951523,0.0,1.0,0.37655771558783735,0.31237743443536387,0.0,1.0,21,0.16188373804267844,3.335540838852097,11
171,1356,837,12.85864161648967,112.08923303834808,3,6,3,3,1070,0.7873436350257542,289,1200,0.8830022075055187,0.9252336448598131,990,210,0.9252336448598131,0.726643598615917,0.8830022075055187,181,1186,6.552486187845304,0.002207505518763797,0.004415011037527594,0.002207505518763797,0.002207505518763797,0.6132838519364354,0.24715530469283126,0.0,1.0,0.47428394709296795,0.28526325824624366,0.0,1.0,0.49331525359215905,0.3166438773604331,0.0,1.0,0.3777000666095727,0.31331729638048317,0.0,1.0,21,0.16224188790560473,3.34070796460177,11
172,1355,844,12.845047441445624,112.71586715867159,4,5,3,2,1070,0.7890855457227138,286,1199,0.8842182890855457,0.9196261682242991,984,215,0.9196261682242991,0.7517482517482518,0.8842182890855457,179,1185,6.620111731843576,0.0029498525073746312,0.003687315634218289,0.0022123893805309734,0.0014749262536873156,0.6131889060826092,0.24722798030428786,0.0,1.0,0.47437209855969525,0.2855518141517692,0.0,1.0,0.49372693726937267,0.3170717664802726,0.0,1.0,0.37797881204618494,0.31360044207326404,0.0,1.0,21,0.16236162361623616,3.343911439114391,11
173,1356,852,12.835411531671957,113.49852507374631,3,2,1,1,1053,0.7771217712177122,302,1189,0.8774907749077491,0.9069325735992403,955,234,0.9069325735992403,0.7748344370860927,0.8774907749077491,175,1172,6.6971428571428575,0.002214022140221402,0.0014760147601476014,0.0007380073800738007,0.0007380073800738007,0.6128318584070797,0.2473495671001638,0.0,1.0,0.4750689884860595,0.28569041401017253,0.0,1.0,0.4941002949852507,0.31720911096102333,0.0,1.0,0.3779617470739366,0.3139575113822173,0.0,1.0,21,0.16224188790560473,3.3436578171091447,11
174,1354,861,12.799290436990626,114.01846381093057,4,6,3,3,1086,0.8008849557522124,270,1203,0.8871681415929203,0.9208103130755064,1000,203,0.9208103130755064,0.7518518518518519,0.8871681415929203,179,1191,6.653631284916201,0.0029498525073746312,0.004424778761061947,0.0022123893805309734,0.0022123893805309734,0.6124743889074189,0.24773199471390858,0.0,1.0,0.47665221327488444,0.2862400361846181,0.0,1.0,0.4944489445847429,0.31772009347092844,0.0,1.0,0.3785676847572307,0.3139961090633088,0.0,1.0,21,0.16248153618906944,3.3515509601181686,11
175,1353,869,12.795567445148752,114.53510716925351,5,6,1,5,1064,0.7858197932053176,290,1199,0.8855243722304283,0.9116541353383458,970,229,0.9116541353383458,0.7896551724137931,0.8855243722304283,176,1183,6.721590909090909,0.003692762186115214,0.004431314623338257,0.0007385524372230429,0.003692762186115214,0.6126409651193286,0.24811685619898288,0.0,1.0,0.4772429249219179,0.2864420495813139,0.0,1.0,0.4963402713206017,0.3181572542725484,0.0,1.0,0.37927663734115347,0.31457838361739826,0.0,1.0,21,0.16334072431633406,3.3569844789356984,11
176,1350,879,12.777352466700371,115.12666666666667,4,7,4,3,1045,0.7723577235772358,308,1176,0.8691796008869179,0.9062200956937799,947,229,0.9062200956937799,0.7435064935064936,0.8691796008869179,170,1156,6.8,0.0029563932002956393,0.005173688100517369,0.0029563932002956393,0.0022172949002217295,0.6108243727598567,0.2483558970200637,0.0,1.0,0.47844683393070486,0.2865422676821623,0.0,1.0,0.4966308243727599,0.31899896096604535,0.0,1.0,0.38131421744324967,0.31558070513567915,0.0,1.0,21,0.1637037037037037,3.3614814814814813,11
177,1337,890,12.841443746299289,116.10695587135378,0,13,5,8,1072,0.794074074074074,278,1221,0.9044444444444445,0.9263059701492538,993,228,0.9263059701492538,0.8201438848920863,0.9044444444444445,179,1211,6.76536312849162,0.0,0.00962962962962963,0.003703703703703704,0.005925925925925926,0.6106835235360822,0.24887376914586873,0.0,1.0,0.479214418413878,0.28675142536963977,0.0,1.0,0.4958380582430574,0.31872865286741414,0.0,1.0,0.3807271937655319,0.316240282588053,0.0,1.0,21,0.16454749439042632,3.3649962602842183,11
178,1338,894,12.808927344095986,116.46711509715993,6,5,3,2,1072,0.8017950635751683,265,1213,0.9072550486163051,0.9375,1005,208,0.9375,0.7849056603773585,0.9072550486163051,179,1196,6.681564245810056,0.004487658937920718,0.0037397157816005983,0.002243829468960359,0.0014958863126402393,0.61164954915859,0.24927466810422202,0.0,1.0,0.47931433531028494,0.28659969869700097,0.0,1.0,0.49594966006075514,0.3187698697730745,0.0,1.0,0.38128646511403635,0.3166993529743701,0.0,1.0,21,0.16591928251121077,3.3692077727952165,11
179,1333,900,12.819838051832296,116.97524381095273,3,8,5,3,1059,0.7914798206278026,279,1200,0.8968609865470852,0.927289896128423,982,218,0.927289896128423,0.7813620071684588,0.8968609865470852,177,1183,6.68361581920904,0.002242152466367713,0.005979073243647235,0.0037369207772795215,0.002242152466367713,0.6119352418749849,0.24962421349515926,0.0,1.0,0.4787890521017351,0.286413459926223,0.0,1.0,0.49633376085956976,0.3191576384955723,0.0,1.0,0.3813856689978946,0.3169883053196533,0.0,1.0,21,0.16654163540885222,3.380345086271568,11
180,1327,908,12.839934050056673,117.73700075357951,2,8,3,5,1055,0.7914478619654913,278,1205,0.9039759939984996,0.9327014218009478,984,221,0.9327014218009478,0.7949640287769785,0.9039759939984996,179,1192,6.659217877094972,0.0015003750937734434,0.006001500375093774,0.002250562640660165,0.0037509377344336083,0.6126844446605245,0.2494441978940272,0.0,1.0,0.4778180227046211,0.28618936133838513,0.0,1.0,0.497872961081265,0.31943427561444904,0.0,1.0,0.38014439555631185,0.3166758597160181,0.0,1.0,20,0.16729464958553128,3.3820648078372266,11
181,1322,918,12.85405946365883,118.321482602118,4,9,3,6,1069,0.8055764883195177,258,1156,0.8711379050489827,0.9045837231057062,967,189,0.9045837231057062,0.7325581395348837,0.8711379050489827,171,1137,6.649122807017544,0.003014318010550113,0.006782215523737754,0.002260738507912585,0.00452147701582517,0.6124396076326192,0.24964097246145703,0.0,1.0,0.47774632765604413,0.28619296054056836,0.0,1.0,0.4980235225220829,0.3202732579995194,0.0,1.0,0.38080132741203454,0.31698535322602683,0.0,1.0,20,0.1664145234493192,3.3804841149773073,11
182,1314,929,12.868196266382848,119.17123287671232,2,10,6,4,1012,0.7655068078668684,310,1192,0.9016641452344932,0.9347826086956522,946,246,0.9347826086956522,0.7935483870967742,0.9016641452344932,178,1181,6.634831460674158,0.0015128593040847202,0.007564296520423601,0.0045385779122541605,0.0030257186081694403,0.6112093091766092,0.2497008740034797,0.0,1.0,0.47896106446703,0.2868948159359657,0.0,1.0,0.49882162321402274,0.32024581771237975,0.0,1.0,0.3792163794373251,0.31695464933227496,0.0,1.0,20,0.16666666666666666,3.39117199391172,11
183,1308,936,12.942222114485332,120.02446483180428,1,7,3,4,1014,0.771689497716895,300,1179,0.8972602739726028,0.9309664694280079,944,235,0.9309664694280079,0.7833333333333333,0.8972602739726028,178,1164,6.53932584269663,0.00076103500761035,0.00532724505327245,0.00228310502283105,0.0030441400304414,0.6100177567327612,0.24952665063375773,0.0,1.0,0.47901252836144814,0.2870644199673648,0.0,1.0,0.49955608168097065,0.32050822931645506,0.0,1.0,0.38006806747558447,0.31721253733705573,0.0,1.0,20,0.1659021406727829,3.3952599388379205,11
184,1303,950,12.993980134501303,120.7789716039908,1,6,4,2,980,0.7492354740061162,328,1177,0.8998470948012233,0.9214285714285714,903,274,0.9214285714285714,0.8353658536585366,0.8998470948012233,174,1165,6.695402298850575,0.0007645259938837921,0.0045871559633027525,0.0030581039755351682,0.0015290519877675841,0.6093630084420568,0.24959696836437642,0.0,1.0,0.47993464214096504,0.2874650630715382,0.0,1.0,0.49899735102616793,0.32060456207679683,0.0,1.0,0.3803876909365484,0.31764178611674937,0.0,1.0,20,0.16653875671527243,3.3990790483499618,11
185,1303,951,13.046010873995609,121.34689178818113,5,5,1,4,998,0.7659247889485802,305,1158,0.88871834228703,0.9258517034068137,924,234,0.9258517034068137,0.7672131147540984,0.88871834228703,180,1139,6.3277777777777775,0.003837298541826554,0.003837298541826554,0.0007674597083653108,0.0030698388334612432,0.6086450622632634,0.2494433240754679,0.0,1.0,0.48050404773104255,0.2877624532606312,0.0,1.0,0.4996410269106033,0.32122059817777066,0.0,1.0,0.38113039388012776,0.31815901765911714,0.0,1.0,20,0.16500383729854182,3.4082885648503454,11
186,1296,958,13.105739392418885,121.7391975308642,5,12,6,6,959,0.735993860322333,344,1154,0.8856485034535687,0.9155370177267987,878,276,0.9155370177267987,0.8023255813953488,0.8856485034535687,177,1138,6.429378531073446,0.003837298541826554,0.00920951650038373,0.004604758250191865,0.004604758250191865,0.6079500199123855,0.24973239437167197,0.0,1.0,0.4829500199123855,0.288538735818448,0.0,1.0,0.5005973715651135,0.3220220616212294,0.0,1.0,0.3834627638391079,0.3198454736779879,0.0,1.0,20,0.16589506172839505,3.4089506172839505,11
187,1293,965,13.079913850680992,121.96133023975251,6,9,6,3,994,0.7669753086419753,302,1144,0.8827160493827161,0.9114688128772636,906,238,0.9114688128772636,0.7880794701986755,0.8827160493827161,177,1128,6.372881355932203,0.004629629629629629,0.006944444444444444,0.004629629629629629,0.0023148148148148147,0.6061672030536637,0.24942441260847278,0.0,1.0,0.48382107127710006,0.2883407436233807,0.0,1.0,0.5009106104832473,0.322920036569828,0.0,1.0,0.3832297981687997,0.31954817835384436,0.0,1.0,20,0.16550657385924208,3.4145398298530547,11
188,1285,970,13.153692596592006,122.34396887159534,3,11,7,4,1022,0.7904098994586234,271,1165,0.9010054137664346,0.9266144814090019,947,218,0.9266144814090019,0.8044280442804428,0.9010054137664346,180,1150,6.388888888888889,0.002320185614849188,0.008507347254447023,0.005413766434648105,0.0030935808197989174,0.6052968495042048,0.2494572401880775,0.0,1.0,0.48590435546629845,0.28867066142758346,0.0,1.0,0.5000125517760763,0.3237924393680147,0.0,1.0,0.3839839337266223,0.31999469865430236,0.0,1.0,20,0.16575875486381322,3.4233463035019454,11
189,1283,980,13.175265884440554,122.77708495713172,4,6,4,2,964,0.7501945525291829,321,1152,0.8964980544747082,0.9201244813278008,887,265,0.9201244813278008,0.8255451713395638,0.8964980544747082,178,1140,6.404494382022472,0.0031128404669260703,0.004669260700389105,0.0031128404669260703,0.0015564202334630351,0.6046815678978201,0.24938847877372392,0.0,1.0,0.4864858069544666,0.2886395253827873,0.0,1.0,0.49983657254921676,0.3241666653261082,0.0,1.0,0.38299851658160056,0.31971458473511954,0.0,1.0,20,0.1652377240841777,3.4333593141075602,11
190,1283,995,13.138418270989098,123.06936866718628,7,7,5,2,947,0.7381137957911146,336,1150,0.8963367108339828,0.925026399155227,876,274,0.925026399155227,0.8154761904761905,0.8963367108339828,166,1131,6.813253012048193,0.005455962587685113,0.005455962587685113,0.003897116134060795,0.001558846453624318,0.6048324240062354,0.24958520704361853,0.0,1.0,0.486812661856033,0.2882947679492151,0.0,1.0,0.4979508711940261,0.3236619456446532,0.0,1.0,0.3825459482563548,0.31926928538033056,0.0,1.0,20,0.1652377240841777,3.4380358534684334,11
191,1272,1003,13.258821496284337,123.91037735849056,1,12,5,7,970,0.7560405300077943,313,1120,0.872954014029618,0.9010309278350516,874,246,0.9010309278350516,0.7859424920127795,0.872954014029618,177,1105,6.242937853107344,0.000779423226812159,0.009353078721745909,0.003897116134060795,0.005455962587685113,0.6038496652465003,0.24955015556715204,0.0,1.0,0.4868888212619192,0.28864093785724726,0.0,1.0,0.49885879488740104,0.3241294831908424,0.0,1.0,0.3837999594238182,0.31959809279704254,0.0,1.0,20,0.16273584905660377,3.4394654088050314,11
192,1267,1007,13.248488109036396,124.0,6,11,8,3,1016,0.7987421383647799,256,1149,0.9033018867924528,0.937007874015748,952,197,0.937007874015748,0.76953125,0.9033018867924528,181,1134,6.265193370165746,0.0047169811320754715,0.008647798742138365,0.006289308176100629,0.0023584905660377358,0.6047814242431958,0.2494565256898729,0.0,1.0,0.4872062530233979,0.2886152002449409,0.0,1.0,0.4989434019909871,0.32368549581731343,0.0,1.0,0.38279400157853194,0.3193571375437233,0.0,1.0,20,0.164956590370955,3.4498816101026044,11
193,1263,1014,13.284061912290836,124.62866191607284,3,7,5,2,984,0.77663772691397,283,1149,0.9068666140489345,0.931910569105691,917,232,0.931910569105691,0.8197879858657244,0.9068666140489345,178,1134,6.370786516853933,0.0023677979479084454,0.0055248618784530384,0.003946329913180742,0.0015785319652722968,0.6042448854493908,0.2493450860881893,0.0,1.0,0.4873956018695886,0.28882018685977817,0.0,1.0,0.4986335657548591,0.3236865620740891,0.0,1.0,0.3822950987152964,0.3190417273151299,0.0,1.0,20,0.16389548693586697,3.456057007125891,11
194,1260,1022,13.318934732634604,125.14761904761905,3,6,5,1,989,0.7830562153602534,274,1133,0.897070467141726,0.9342770475227502,924,209,0.9342770475227502,0.7627737226277372,0.897070467141726,182,1123,6.170329670329671,0.0023752969121140144,0.004750593824228029,0.00395882818685669,0.000791765637371338,0.6039426523297491,0.24938484973726432,0.0,1.0,0.48737839221710194,0.2889397915971527,0.0,1.0,0.49851510496671786,0.32332266189546194,0.0,1.0,0.38243727598566307,0.3192372966502001,0.0,1.0,20,0.1626984126984127,3.4603174603174605,11
195,1253,1029,13.349646058639332,125.6999201915403,2,9,8,1,990,0.7857142857142857,270,1113,0.8833333333333333,0.9191919191919192,910,203,0.9191919191919192,0.7518518518518519,0.8833333333333333,179,1099,6.139664804469274,0.0015873015873015873,0.007142857142857143,0.006349206349206349,0.0007936507936507937,0.6041500399042299,0.24951691035013146,0.0,1.0,0.48814458203537314,0.2890482951388409,0.0,1.0,0.49962670236593465,0.32328666938481976,0.0,1.0,0.38202507530314345,0.3190784152926266,0.0,1.0,20,0.16280925778132482,3.461292897047087,11
196,1245,1036,13.35183003744759,125.8859437751004,5,13,11,2,986,0.7869114126097366,267,1085,0.8659217877094972,0.9158215010141988,903,182,0.9158215010141988,0.6816479400749064,0.8659217877094972,179,1071,5.983240223463687,0.0039904229848363925,0.010375099760574621,0.008778930566640064,0.0015961691939345571,0.6052856587640887,0.2492512656464131,0.0,1.0,0.48863842466640756,0.2892869300168825,0.0,1.0,0.499779764218163,0.3228903707643004,0.0,1.0,0.38103381267003494,0.31872028684469716,0.0,1.0,20,0.1646586345381526,3.4698795180722892,11
197,1245,1042,13.29456422720158,125.74698795180723,9,9,8,1,947,0.7606425702811245,298,1077,0.8650602409638555,0.91129883843717,863,214,0.91129883843717,0.7181208053691275,0.8650602409638555,175,1058,6.045714285714285,0.007228915662650603,0.007228915662650603,0.00642570281124498,0.0008032128514056225,0.6053633890400311,0.24897347537958822,0.0,1.0,0.4891307164140433,0.2889184573937087,0.0,1.0,0.4997538541261822,0.3224137118396499,0.0,1.0,0.37888327503562635,0.31831128096602546,0.0,1.0,20,0.1646586345381526,3.4891566265060243,11
198,1233,1050,13.365221173913278,126.06244931062449,3,15,12,3,976,0.7839357429718875,269,1095,0.8795180722891566,0.9200819672131147,898,197,0.9200819672131147,0.7323420074349443,0.8795180722891566,170,1073,6.311764705882353,0.0024096385542168677,0.012048192771084338,0.00963855421686747,0.0024096385542168677,0.6037202731339769,0.24878856734679677,0.0,1.0,0.4904115323234701,0.28915209173243217,0.0,1.0,0.4996991340292494,0.32271684687239566,0.0,1.0,0.3795620437956204,0.31812681537565946,0.0,1.0,20,0.16382806163828062,3.500405515004055,11
199,1232,1051,13.448334887728182,126.17857142857143,6,7,4,3,920,0.7461476074614761,313,1079,0.8751013787510138,0.907608695652174,835,244,0.907608695652174,0.7795527156549521,0.8751013787510138,176,1056,6.0,0.004866180048661801,0.0056772100567721,0.0032441200324412004,0.0024330900243309003,0.6029011311269376,0.24885298990072027,0.0,1.0,0.49175219941348974,0.289272556877967,0.0,1.0,0.49945014662756604,0.32283667317369436,0.0,1.0,0.3811269375785505,0.3189624869046914,0.0,1.0,20,0.16314935064935066,3.5137987012987013,11
200,1223,1066,13.517536992362903,126.83483237939492,2,11,8,3,981,0.7962662337662337,251,1066,0.8652597402597403,0.9041794087665648,887,179,0.9041794087665648,0.7131474103585658,0.8652597402597403,171,1052,6.152046783625731,0.0016233766233766235,0.008928571428571428,0.006493506493506494,0.002435064935064935,0.6018516076279904,0.24904354512381197,0.0,1.0,0.4917838208530055,0.2892882727639418,0.0,1.0,0.501200116055179,0.32314204470327995,0.0,1.0,0.3829557143987551,0.31915311108894406,0.0,1.0,20,0.16189697465249386,3.5208503679476695,11
201,1218,1068,13.522316218434264,126.7487684729064,8,13,10,3,962,0.7865903515944399,261,1105,0.9035159443990188,0.9303534303534303,895,210,0.9303534303534303,0.8045977011494253,0.9035159443990188,179,1086,6.067039106145251,0.006541291905151268,0.01062959934587081,0.008176614881439084,0.0024529844644317253,0.6026007733460459,0.24968649700281975,0.0,1.0,0.4914984903861433,0.2888000011370147,0.0,1.0,0.5021452407436835,0.3234707689642818,0.0,1.0,0.3826738704380529,0.31961145106192274,0.0,1.0,20,0.16338259441707717,3.5246305418719213,11
202,1206,1070,13.540394094590821,126.50995024875621,6,18,15,3,979,0.8037766830870279,239,1095,0.8990147783251231,0.9305413687436159,911,184,0.9305413687436159,0.7698744769874477,0.8990147783251231,185,1082,5.848648648648648,0.0049261083743842365,0.014778325123152709,0.012315270935960592,0.0024630541871921183,0.6033274487776173,0.2492747733134947,0.0,1.0,0.49069170277644036,0.28766396548620876,0.0,1.0,0.5037447172738458,0.32345845355025826,0.0,1.0,0.382068153854384,0.3190421303245301,0.0,1.0,20,0.16334991708126037,3.5356550580431176,11
203,1198,1078,13.597172780920927,126.62854757929883,4,12,11,1,932,0.7728026533996684,274,1064,0.8822553897180763,0.927038626609442,864,200,0.927038626609442,0.7299270072992701,0.8822553897180763,173,1045,6.040462427745664,0.003316749585406302,0.009950248756218905,0.00912106135986733,0.0008291873963515755,0.6030750175022888,0.249966849983882,0.0,1.0,0.49208358016048254,0.2879121423692211,0.0,1.0,0.5048737142549411,0.32367222492887593,0.0,1.0,0.38321934406807046,0.31957603774975907,0.0,1.0,20,0.1636060100166945,3.548414023372287,11
204,1190,1085,13.695987986375592,126.95042016806723,3,11,9,2,920,0.7679465776293823,278,1041,0.8689482470784641,0.9,828,213,0.9,0.7661870503597122,0.8689482470784641,167,1015,6.077844311377246,0.0025041736227045075,0.009181969949916527,0.007512520868113523,0.001669449081803005,0.6025210084033613,0.25044269853658085,0.0,1.0,0.49387367850365954,0.2880647407481808,0.0,1.0,0.5040932502033071,0.32329865807333,0.0,1.0,0.3826782325833559,0.32021451700898723,0.0,1.0,20,0.16470588235294117,3.561344537815126,11
205,1188,1091,13.661469065437512,126.3114478114478,11,13,10,3,903,0.7588235294117647,287,1044,0.8773109243697479,0.9191583610188261,830,214,0.9191583610188261,0.7456445993031359,0.8773109243697479,174,1024,5.885057471264368,0.009243697478991597,0.010924369747899159,0.008403361344537815,0.0025210084033613447,0.6015531660692951,0.25055065002181637,0.0,1.0,0.4948137286846965,0.28847676645545944,0.0,1.0,0.504127294449875,0.3234938093125672,0.0,1.0,0.3831595525143912,0.3210882472667734,0.0,1.0,20,0.1632996632996633,3.5824915824915826,11
206,1178,1101,13.71853127030637,126.24957555178268,6,16,13,3,943,0.7937710437710438,245,1016,0.8552188552188552,0.9045599151643691,853,163,0.9045599151643691,0.6653061224489796,0.8552188552188552,170,996,5.858823529411764,0.005050505050505051,0.013468013468013467,0.010942760942760943,0.0025252525252525255,0.6006900706500904,0.25067663956110564,0.0,1.0,0.49583766909469307,0.28890870264144713,0.0,1.0,0.5036694232980996,0.32422122007953735,0.0,1.0,0.38430363108603977,0.3214218301864553,0.0,1.0,20,0.16044142614601017,3.5891341256366722,11
207,1173,1101,13.862574621554575,126.87553282182438,2,7,6,1,920,0.7809847198641766,258,1037,0.8803056027164686,0.9130434782608695,840,197,0.9130434782608695,0.7635658914728682,0.8803056027164686,180,1017,5.65,0.001697792869269949,0.005942275042444821,0.0050933786078098476,0.0008488964346349745,0.5994004895085664,0.25124976677850513,0.0,1.0,0.49665869152710174,0.28897447083262207,0.0,1.0,0.5032038060666062,0.3241576274224924,0.0,1.0,0.3837417154800209,0.321541255343849,0.0,1.0,20,0.16027280477408354,3.59846547314578,11
208,1167,1114,13.936461074045452,127.18594687232219,4,10,7,3,923,0.7868712702472294,250,1032,0.8797953964194374,0.9187432286023836,848,184,0.9187432286023836,0.736,0.8797953964194374,165,1010,6.121212121212121,0.0034100596760443308,0.008525149190110827,0.005967604433077579,0.0025575447570332483,0.6009342952704757,0.25163427346395706,0.0,1.0,0.49691793128230644,0.2892581014559223,0.0,1.0,0.5054316278298366,0.32401574690757645,0.0,1.0,0.3836691820770103,0.32241589116620606,0.0,1.0,20,0.16195372750642673,3.6118251928020566,11
209,1169,1124,13.896396492262365,126.83746792130026,10,8,7,1,896,0.7677806341045416,271,1037,0.8886032562125107,0.9174107142857143,822,215,0.9174107142857143,0.7933579335793358,0.8886032562125107,173,1020,5.895953757225434,0.00856898029134533,0.006855184233076264,0.005998286203941731,0.000856898029134533,0.5993542868180689,0.2521338512645356,0.0,1.0,0.4971439609260741,0.28931221978480626,0.0,1.0,0.5059466320814593,0.32413396198959477,0.0,1.0,0.3847236402770496,0.32224336409342813,0.0,1.0,20,0.15911035072711718,3.6167664670658684,11
210,1166,1132,13.967993819792486,127.10120068610635,5,8,7,1,897,0.76732249786142,272,1000,0.8554319931565441,0.903010033444816,810,190,0.903010033444816,0.6985294117647058,0.8554319931565441,171,979,5.7251461988304095,0.00427715996578272,0.006843455945252352,0.005988023952095809,0.000855431993156544,0.5979361478448515,0.2521948869890104,0.0,1.0,0.49795274719194377,0.2895327353813618,0.0,1.0,0.5056437780113983,0.32439291839471973,0.0,1.0,0.38480053117910695,0.3228780399813009,0.0,1.0,20,0.16037735849056603,3.6260720411663807,11
211,1160,1134,14.06581061319957,127.22672413793103,4,10,10,0,902,0.7735849056603774,264,1015,0.8704974271012007,0.9124168514412417,823,192,0.9124168514412417,0.7272727272727273,0.8704974271012007,174,991,5.695402298850575,0.003430531732418525,0.008576329331046312,0.008576329331046312,0.0,0.5976362625139043,0.252326310207843,0.0,1.0,0.4984705228031146,0.28975254915312276,0.0,1.0,0.5065072302558398,0.3245197509839463,0.0,1.0,0.38548387096774195,0.3232738658184684,0.0,1.0,20,0.15948275862068967,3.6379310344827585,11
212,1155,1147,14.101406847517872,127.04588744588744,6,11,9,2,915,0.7887931034482759,245,1010,0.8706896551724138,0.9060109289617486,829,181,0.9060109289617486,0.7387755102040816,0.8706896551724138,173,996,5.757225433526012,0.005172413793103448,0.009482758620689655,0.007758620689655172,0.0017241379310344827,0.5969836614997905,0.251803502905682,0.0,1.0,0.4991202346041056,0.28914233699427616,0.0,1.0,0.5054042731462086,0.3245968723772356,0.0,1.0,0.3831308476469767,0.32262887782314503,0.0,1.0,20,0.15930735930735931,3.6554112554112552,11
213,1155,1147,14.141320755007554,126.87186147186148,10,10,7,3,898,0.7774891774891775,257,1035,0.8961038961038961,0.9276169265033407,833,202,0.9276169265033407,0.7859922178988327,0.8961038961038961,177,1012,5.7175141242937855,0.008658008658008658,0.008658008658008658,0.006060606060606061,0.0025974025974025974,0.5973746683424103,0.2519173423518937,0.0,1.0,0.49965088674766095,0.2891310008459786,0.0,1.0,0.5048177628822791,0.324497845550555,0.0,1.0,0.38357771260997064,0.32225686102782986,0.0,1.0,20,0.15930735930735931,3.6606060606060606,11
214,1151,1158,14.109996925340583,126.7167680278019,6,10,10,0,922,0.7982683982683982,233,1039,0.8995670995670996,0.9392624728850325,866,173,0.9392624728850325,0.7424892703862661,0.8995670995670996,173,1023,5.913294797687861,0.005194805194805195,0.008658008658008658,0.008658008658008658,0.0,0.5965920237661501,0.25244668808066395,0.0,1.0,0.5021439982063283,0.28938322213517015,0.0,1.0,0.5032370168997505,0.3247790338317864,0.0,1.0,0.38275272554020345,0.3233953541999104,0.0,1.0,20,0.16072980017376196,3.675933970460469,11
215,1145,1166,14.23230397406862,126.82270742358078,5,11,8,3,894,0.7767158992180713,257,1027,0.8922675933970461,0.9239373601789709,826,201,0.9239373601789709,0.7821011673151751,0.8922675933970461,168,1003,5.970238095238095,0.004344048653344918,0.009556907037358819,0.0069504778453518675,0.0026064291920069507,0.5953796309339344,0.25261917685957413,0.0,1.0,0.5018453303282152,0.28956326970848684,0.0,1.0,0.5043527257360192,0.32503559806690774,0.0,1.0,0.3840822651077616,0.3232181345276736,0.0,1.0,20,0.15807860262008733,3.6899563318777293,11
216,1145,1163,14.206350656956301,126.07772925764192,12,12,11,1,888,0.7755458515283843,257,990,0.8646288209606987,0.902027027027027,801,189,0.902027027027027,0.7354085603112841,0.8646288209606987,170,957,5.629411764705883,0.010480349344978166,0.010480349344978166,0.00960698689956332,0.0008733624454148472,0.5973235666995351,0.2523416687644154,0.0,1.0,0.5008874489364699,0.2900381812883118,0.0,1.0,0.5060994506268489,0.3253568570089254,0.0,1.0,0.3851810114100577,0.3226735484926649,0.0,1.0,20,0.15807860262008733,3.7039301310043666,11
217,1140,1173,14.338215047655867,126.26140350877193,6,11,8,3,846,0.7388646288209607,299,951,0.8305676855895197,0.8676122931442081,734,217,0.8676122931442081,0.725752508361204,0.8305676855895197,165,926,5.612121212121212,0.005240174672489083,0.00960698689956332,0.0069868995633187774,0.0026200873362445414,0.5964912280701754,0.25278793491287777,0.0,1.0,0.500679117147708,0.28984191917919705,0.0,1.0,0.5069043576683645,0.325724318849301,0.0,1.0,0.3873514431239389,0.32264986374986265,0.0,1.0,20,0.15526315789473685,3.7070175438596493,11
218,1135,1181,14.377027122275555,126.1964757709251,7,12,10,2,883,0.7745614035087719,257,1013,0.8885964912280702,0.9082672706681767,802,211,0.9082672706681767,0.8210116731517509,0.8885964912280702,171,992,5.8011695906432745,0.0061403508771929825,0.010526315789473684,0.008771929824561403,0.0017543859649122807,0.5967884041494955,0.25237029926243243,0.0,1.0,0.5017194827341196,0.29014177356622356,0.0,1.0,0.5062100326843825,0.3260544607275486,0.0,1.0,0.3865283501492113,0.3226796033761845,0.0,1.0,20,0.15418502202643172,3.7136563876651985,11
219,1133,1191,14.384185206765343,126.06178287731686,7,9,8,1,887,0.7814977973568282,248,997,0.8784140969162996,0.8974069898534386,796,201,0.8974069898534386,0.8104838709677419,0.8784140969162996,169,976,5.775147928994083,0.006167400881057269,0.007929515418502203,0.007048458149779736,0.000881057268722467,0.5959912308174131,0.25248171926795543,0.0,1.0,0.5018364034962846,0.2898707650317936,0.0,1.0,0.5060786379295619,0.3257721834360625,0.0,1.0,0.3872391310537255,0.32233139294816127,0.0,1.0,20,0.15357458075904679,3.7184466019417477,11
220,1126,1194,14.504288567973566,126.0373001776199,5,12,11,1,892,0.7872903795233892,241,986,0.8702559576345984,0.9035874439461884,806,180,0.9035874439461884,0.7468879668049793,0.8702559576345984,173,962,5.5606936416184976,0.00441306266548985,0.01059135039717564,0.009708737864077669,0.00088261253309797,0.595742852231708,0.25254501992498346,0.0,1.0,0.5040107717870853,0.28999786594423277,0.0,1.0,0.506474531599152,0.32604304015194774,0.0,1.0,0.3874405546324414,0.321943839604562,0.0,1.0,20,0.15364120781527532,3.730905861456483,11
221,1123,1205,14.618307414093385,126.3820124666073,4,7,5,2,871,0.7735346358792184,255,973,0.8641207815275311,0.8978185993111366,782,191,0.8978185993111366,0.7490196078431373,0.8641207815275311,172,956,5.558139534883721,0.003552397868561279,0.006216696269982238,0.004440497335701598,0.0017761989342806395,0.5948352626892253,0.2525344134419462,0.0,1.0,0.5042656478901559,0.29008328832124164,0.0,1.0,0.5075115617729009,0.32663674849129615,0.0,1.0,0.3878148967339787,0.3222852803621751,0.0,1.0,20,0.15316117542297417,3.739982190560997,11
222,1125,1204,14.656313062567493,125.77244444444445,11,9,8,1,885,0.7880676758682101,238,989,0.8806767586821015,0.9163841807909604,811,178,0.9163841807909604,0.7478991596638656,0.8806767586821015,174,962,5.528735632183908,0.009795191451469279,0.008014247551202136,0.007123775601068566,0.0008904719501335708,0.5947240143369175,0.25295059496728306,0.0,1.0,0.5054910394265233,0.28997454638008435,0.0,1.0,0.5074408602150537,0.32630309852259404,0.0,1.0,0.3886451612903226,0.32232162791024027,0.0,1.0,20,0.15288888888888888,3.7475555555555555,11
223,1135,1210,14.502393274837084,124.53744493392071,19,9,6,3,892,0.7928888888888889,233,998,0.8871111111111111,0.9181614349775785,819,179,0.9181614349775785,0.7682403433476395,0.8871111111111111,168,972,5.785714285714286,0.016888888888888887,0.008,0.005333333333333333,0.0026666666666666666,0.5942304959499787,0.2526479523571024,0.0,1.0,0.5074037231774904,0.2892832853215261,0.0,1.0,0.5050731845957084,0.3250377890567879,0.0,1.0,0.3859030837004405,0.321373962789541,0.0,1.0,20,0.15506607929515417,3.760352422907489,11
224,1125,1225,14.57982902819089,124.44977777777778,5,15,12,3,864,0.7612334801762115,271,1001,0.8819383259911894,0.9074074074074074,784,217,0.9074074074074074,0.8007380073800738,0.8819383259911894,170,986,5.8,0.004405286343612335,0.013215859030837005,0.010572687224669603,0.0026431718061674008,0.5933189964157706,0.2535051412062045,0.0,1.0,0.5091326164874552,0.28971673801556347,0.0,1.0,0.5051756272401434,0.32569150856177576,0.0,1.0,0.38701075268817203,0.3219994649863525,0.0,1.0,20,0.15644444444444444,3.7706666666666666,11
225,1129,1227,14.563223861002669,123.881310894597,12,8,6,2,861,0.7653333333333333,264,996,0.8853333333333333,0.9256678281068524,797,199,0.9256678281068524,0.7537878787878788,0.8853333333333333,166,964,5.807228915662651,0.010666666666666666,0.0071111111111111115,0.005333333333333333,0.0017777777777777779,0.5926455041572617,0.25337854552784506,0.0,1.0,0.5101574330695163,0.28937706163007204,0.0,1.0,0.5039001114317552,0.32502537520903807,0.0,1.0,0.3838395382725221,0.32100889830231205,0.0,1.0,20,0.15943312666076173,3.7803365810451726,11
226,1122,1237,14.673247779987692,124.12388591800357,4,11,8,3,895,0.7927369353410098,234,1003,0.8883968113374667,0.9217877094972067,825,178,0.9217877094972067,0.7606837606837606,0.8883968113374667,167,980,5.868263473053892,0.00354295837023915,0.00974313551815766,0.0070859167404783,0.002657218777679362,0.5926916221033868,0.25334679248326814,0.0,1.0,0.5103789316313035,0.29012181574745766,0.0,1.0,0.5036513138979932,0.32483560760206676,0.0,1.0,0.38335920878615376,0.3209332576995772,0.0,1.0,20,0.1586452762923351,3.7887700534759357,11
227,1119,1238,14.769513577376356,124.28775692582663,4,7,7,0,903,0.8048128342245989,219,1008,0.8983957219251337,0.9390919158361019,848,160,0.9390919158361019,0.730593607305936,0.8983957219251337,170,979,5.758823529411765,0.0035650623885918,0.006238859180035651,0.006238859180035651,0.0,0.5919744011069791,0.2532393906195746,0.0,1.0,0.5113724811900026,0.28964541614781597,0.0,1.0,0.5034160684943354,0.32424432050063834,0.0,1.0,0.38355098157917494,0.3204105272339613,0.0,1.0,20,0.1572832886505809,3.7917783735478103,11
228,1115,1251,14.690132692181868,123.18565022421525,11,15,13,2,877,0.7837354781054513,242,1002,0.8954423592493298,0.928164196123147,814,188,0.928164196123147,0.7768595041322314,0.8954423592493298,165,980,5.9393939393939394,0.009830205540661306,0.013404825737265416,0.01161751563896336,0.0017873100983020554,0.5911760451323593,0.2531190562158001,0.0,1.0,0.5110371763344423,0.2903502547751466,0.0,1.0,0.5031968754520469,0.3251536314148825,0.0,1.0,0.3845219152321713,0.32054019205293066,0.0,1.0,20,0.15605381165919283,3.807174887892377,11
229,1115,1258,14.634675701495444,122.26636771300448,11,11,11,0,897,0.8044843049327354,218,991,0.8887892376681614,0.9163879598662207,822,169,0.9163879598662207,0.7752293577981652,0.8887892376681614,172,970,5.6395348837209305,0.009865470852017937,0.009865470852017937,0.009865470852017937,0.0,0.5906263561406047,0.2532721721883778,0.0,1.0,0.5110371763344423,0.28946821075259555,0.0,1.0,0.5037465644438015,0.32480314862649573,0.0,1.0,0.38507160422392595,0.32015813268322224,0.0,1.0,20,0.15426008968609867,3.8170403587443946,11
230,1107,1265,14.624957245141651,121.25112917795845,10,18,15,3,882,0.7910313901345292,233,976,0.8753363228699551,0.9070294784580499,800,176,0.9070294784580499,0.7553648068669528,0.8753363228699551,174,957,5.5,0.008968609865470852,0.016143497757847534,0.013452914798206279,0.0026905829596412557,0.5921263513710406,0.2536146508763199,0.0,1.0,0.5119037211877495,0.28938048689351537,0.0,1.0,0.5026663169857506,0.32396356391980485,0.0,1.0,0.3827840428941924,0.3206841901839677,0.0,1.0,20,0.15627822944896116,3.834688346883469,11
231,1100,1276,14.64836562712482,121.0409090909091,6,13,11,2,893,0.8066847335140018,214,976,0.8816621499548328,0.9036954087346024,807,169,0.9036954087346024,0.7897196261682243,0.8816621499548328,172,959,5.575581395348837,0.005420054200542005,0.011743450767841012,0.00993676603432701,0.0018066847335140017,0.5907038123167155,0.2535977923473532,0.0,1.0,0.5116422287390029,0.28970236634198615,0.0,1.0,0.5033431085043988,0.32435463157108063,0.0,1.0,0.38173020527859236,0.3210588082464198,0.0,1.0,20,0.15545454545454546,3.840909090909091,11
232,1104,1279,14.663185346832249,120.58514492753623,10,6,5,1,846,0.769090909090909,254,967,0.8790909090909091,0.9125295508274232,772,195,0.9125295508274232,0.7677165354330708,0.8790909090909091,174,944,5.425287356321839,0.00909090909090909,0.005454545454545455,0.004545454545454545,0.0009090909090909091,0.5923036465638148,0.2538049811750382,0.0,1.0,0.5122720897615708,0.289874559170929,0.0,1.0,0.5025712949976625,0.32352157288132294,0.0,1.0,0.3802010285179991,0.32016031986573934,0.0,1.0,20,0.15760869565217392,3.8442028985507246,11
233,1105,1286,14.727911794915098,120.60814479638009,6,5,5,0,861,0.779891304347826,243,970,0.8786231884057971,0.9036004645760743,778,192,0.9036004645760743,0.7901234567901234,0.8786231884057971,174,951,5.4655172413793105,0.005434782608695652,0.004528985507246377,0.004528985507246377,0.0,0.5917092395270763,0.2536125403107571,0.0,1.0,0.5131805575828345,0.2897751343284034,0.0,1.0,0.5019121296161144,0.32336551345492204,0.0,1.0,0.38044081156035614,0.3197584260207333,0.0,1.0,20,0.15475113122171946,3.848868778280543,11
234,1103,1295,14.771555551821528,120.33000906618314,8,10,7,3,862,0.7800904977375566,243,946,0.8561085972850678,0.8909512761020881,768,178,0.8909512761020881,0.7325102880658436,0.8561085972850678,173,928,5.364161849710983,0.007239819004524887,0.00904977375565611,0.006334841628959276,0.0027149321266968325,0.5928406398970549,0.2533109802492888,0.0,1.0,0.5125902962594683,0.2892657403793311,0.0,1.0,0.5016523849910801,0.32208726614160477,0.0,1.0,0.3783230485771942,0.3190258382051086,0.0,1.0,20,0.15775158658204896,3.85947416137806,11
235,1095,1294,14.89365657686572,120.16986301369863,6,14,10,4,893,0.8096101541251133,210,945,0.85675430643699,0.8913773796192609,796,149,0.8913773796192609,0.7095238095238096,0.85675430643699,171,915,5.350877192982456,0.005439709882139619,0.012692656391659111,0.009066183136899365,0.003626473254759746,0.5919281190160554,0.2543872589446279,0.0,1.0,0.5135660627485639,0.2895475615873123,0.0,1.0,0.5031963470319635,0.3226528113219226,0.0,1.0,0.3789659743703049,0.32030487984607686,0.0,1.0,19,0.15707762557077626,3.8730593607305934,11
236,1091,1299,14.938908874516995,119.54995417048579,8,12,10,2,898,0.8200913242009132,197,993,0.9068493150684932,0.9387527839643652,843,150,0.9387527839643652,0.7614213197969543,0.9068493150684932,164,962,5.865853658536586,0.0073059360730593605,0.010958904109589041,0.0091324200913242,0.0018264840182648401,0.5929156441264303,0.25485710489126584,0.0,1.0,0.5117530528369947,0.2885677444882198,0.0,1.0,0.5022323408533159,0.3222012570549165,0.0,1.0,0.3787291919221785,0.3200658773196175,0.0,1.0,19,0.15948670944087992,3.8725939505041245,11
237,1087,1307,15.108508381907924,119.79944802207912,4,8,5,3,826,0.7571035747021082,265,933,0.8551787351054079,0.9007263922518159,744,189,0.9007263922518159,0.7132075471698113,0.8551787351054079,171,912,5.333333333333333,0.0036663611365719525,0.007332722273143905,0.00458295142071494,0.002749770852428964,0.5921298631925691,0.25494302100488136,0.0,1.0,0.5125975606137044,0.2888531402865572,0.0,1.0,0.5022702317713743,0.32224864380159823,0.0,1.0,0.37902483900643974,0.32026042957054585,0.0,1.0,19,0.16007359705611776,3.8776448942042316,11
238,1089,1307,15.121855734927788,118.722681359045,15,13,8,5,844,0.7764489420423183,243,968,0.890524379024839,0.9075829383886256,766,202,0.9075829383886256,0.831275720164609,0.890524379024839,170,938,5.517647058823529,0.013799448022079117,0.011959521619135235,0.007359705611775529,0.004599816007359705,0.5921087709944014,0.25462298168293335,0.0,1.0,0.5114784205693297,0.28865463693852783,0.0,1.0,0.5005776237447792,0.3212536776168201,0.0,1.0,0.37655143813501585,0.3189517462421905,0.0,1.0,19,0.15794306703397612,3.8907254361799817,11
239,1085,1313,15.199369479695854,118.60092165898618,7,11,9,2,889,0.8163452708907254,200,977,0.8971533516988063,0.9167604049493814,815,162,0.9167604049493814,0.81,0.8971533516988063,171,954,5.578947368421052,0.006427915518824609,0.010101010101010102,0.008264462809917356,0.0018365472910927456,0.5918834547346514,0.2548979006277385,0.0,1.0,0.5108963876913928,0.2886668852724956,0.0,1.0,0.49888508993607844,0.32110850933090934,0.0,1.0,0.37526386204846146,0.319206383066788,0.0,1.0,19,0.15944700460829492,3.8912442396313365,11
240,1081,1316,15.227510922020365,117.95004625346901,9,13,11,2,845,0.7788018433179723,240,954,0.8792626728110599,0.9124260355029585,771,183,0.9124260355029585,0.7625,0.8792626728110599,175,932,5.325714285714286,0.008294930875576038,0.011981566820276499,0.010138248847926268,0.0018433179723502304,0.5917161529050162,0.2547526900078085,0.0,1.0,0.5095043418578974,0.288532254945831,0.0,1.0,0.4985228730864492,0.32072514509164285,0.0,1.0,0.37301184685625616,0.3187349610972907,0.0,1.0,19,0.15818686401480112,3.902867715078631,11
241,1082,1325,15.164800915155606,116.97504621072089,12,11,10,1,836,0.7733580018501388,245,959,0.8871415356151712,0.9174641148325359,767,192,0.9174641148325359,0.7836734693877551,0.8871415356151712,171,939,5.491228070175438,0.011100832562442183,0.010175763182238668,0.009250693802035153,0.0009250693802035153,0.5905133862023731,0.2559573168020521,0.0,1.0,0.5118657205891122,0.28753339351038776,0.0,1.0,0.49743605032496574,0.31988568454921384,0.03225806451612903,1.0,0.3722795301413154,0.3191799621066715,0.0,1.0,19,0.1589648798521257,3.9149722735674675,11
242,1075,1335,15.214306770113224,116.33953488372093,9,16,12,4,857,0.7920517560073937,225,979,0.9048059149722736,0.9288214702450408,796,183,0.9288214702450408,0.8133333333333334,0.9048059149722736,167,956,5.724550898203593,0.00831792975970425,0.014787430683918669,0.011090573012939002,0.0036968576709796672,0.5903075768942236,0.2557842804199568,0.0,1.0,0.5094373593398349,0.28752800282612917,0.0,1.0,0.49704426106526634,0.31958962120099316,0.03225806451612903,1.0,0.37371342835708926,0.3195278833732625,0.0,1.0,19,0.15906976744186047,3.917209302325581,11
243,1065,1345,15.332085946229851,116.27605633802817,4,14,11,3,842,0.7832558139534884,233,967,0.8995348837209303,0.9311163895486936,784,183,0.9311163895486936,0.7854077253218884,0.8995348837209303,165,942,5.709090909090909,0.0037209302325581397,0.013023255813953489,0.010232558139534883,0.0027906976744186047,0.589641072239891,0.255844178915845,0.0,1.0,0.5099197334544904,0.2868803965310214,0.0,1.0,0.494987127063456,0.3196084969077742,0.03225806451612903,1.0,0.37370892018779345,0.31930880431686487,0.0,1.0,19,0.15868544600938966,3.923943661971831,11
244,1067,1352,15.257283632462055,114.90346766635426,13,11,11,0,823,0.7727699530516432,242,931,0.8741784037558685,0.9015795868772782,742,189,0.9015795868772782,0.78099173553719,0.8741784037558685,167,905,5.419161676646707,0.012206572769953052,0.010328638497652582,0.010328638497652582,0.0,0.5889893279317956,0.25616917304022757,0.0,1.0,0.5102336971309369,0.2867267698495476,0.0,1.0,0.4952081506787193,0.3197828992234359,0.03225806451612903,1.0,0.3737340145720591,0.3193735173635514,0.0,1.0,19,0.1583880037488285,3.9334582942830365,11
245,1068,1351,15.254339139831705,113.94475655430712,13,12,9,3,820,0.7685098406747891,247,936,0.8772258669165885,0.9073170731707317,744,192,0.9073170731707317,0.7773279352226721,0.8772258669165885,173,908,5.2485549132947975,0.01218369259606373,0.011246485473289597,0.008434864104967198,0.0028116213683223993,0.5896158028271113,0.25629225496300545,0.0,1.0,0.511417180137731,0.2867112142859389,0.0,1.0,0.49272079255769,0.31924489035889764,0.03225806451612903,1.0,0.37178325480246466,0.31859675586389397,0.0,1.0,19,0.15917602996254682,3.950374531835206,11
246,1072,1362,15.196627254419163,112.72294776119404,15,11,8,3,809,0.7574906367041199,259,941,0.8810861423220974,0.9122373300370828,738,203,0.9122373300370828,0.7837837837837838,0.8810861423220974,166,918,5.530120481927711,0.014044943820224719,0.010299625468164793,0.00749063670411985,0.0028089887640449437,0.5901540683678382,0.2562656421122839,0.0,1.0,0.5119764082811749,0.2859433993454731,0.0,1.0,0.49031054405392394,0.31807347119441665,0.03225806451612903,1.0,0.3712987481945113,0.3189916607796582,0.0,1.0,19,0.1623134328358209,3.962686567164179,11
247,1075,1374,15.044248293196649,111.16279069767442,15,12,11,1,844,0.7873134328358209,228,920,0.8582089552238806,0.8945497630331753,755,165,0.8945497630331753,0.7236842105263158,0.8582089552238806,162,894,5.518518518518518,0.013992537313432836,0.011194029850746268,0.010261194029850746,0.0009328358208955224,0.5922880720180045,0.2570496908033777,0.0,1.0,0.5117179294823706,0.2858332549206244,0.0,1.0,0.4883720930232558,0.3175528201643154,0.03225806451612903,1.0,0.37035258814703675,0.3186563383719614,0.0,1.0,19,0.16465116279069766,3.9786046511627906,11
248,1073,1379,15.002172661479012,109.86766076421249,13,15,12,3,823,0.7655813953488372,252,939,0.8734883720930232,0.9003645200486027,741,198,0.9003645200486027,0.7857142857142857,0.8734883720930232,177,921,5.203389830508475,0.012093023255813953,0.013953488372093023,0.011162790697674419,0.0027906976744186047,0.5897844451793284,0.25687779818491535,0.0,1.0,0.5105973604305084,0.28500858320892236,0.0,1.0,0.4878694044433755,0.3172339181212794,0.03225806451612903,1.0,0.36972010943089917,0.3178632380028771,0.0,1.0,19,0.16309412861137,3.993476234855545,11
249,1076,1385,15.006357413555161,108.95260223048327,11,8,8,0,845,0.7875116495806151,228,959,0.8937558247903076,0.9230769230769231,780,179,0.9230769230769231,0.7850877192982456,0.8937558247903076,176,941,5.346590909090909,0.010251630941286114,0.007455731593662628,0.007455731593662628,0.0,0.5895790862213695,0.2559978941378231,0.0,1.0,0.5086641084062836,0.28594144414568984,0.0,1.0,0.48989687012831273,0.3174941533918239,0.03225806451612903,1.0,0.36961865931166804,0.3165082580418064,0.0,1.0,19,0.16171003717472118,4.007434944237918,11
250,1080,1394,15.029099130236593,108.69444444444444,10,6,4,2,842,0.7825278810408922,234,931,0.8652416356877324,0.9014251781472684,759,172,0.9014251781472684,0.7350427350427351,0.8652416356877324,168,908,5.404761904761905,0.00929368029739777,0.0055762081784386614,0.0037174721189591076,0.0018587360594795538,0.5890681003584228,0.25583785249687163,0.0,1.0,0.5090203106332138,0.2860894626666151,0.0,1.0,0.48832138590203106,0.31686155396537596,0.03225806451612903,1.0,0.36860812425328554,0.3157829483718558,0.0,1.0,19,0.16111111111111112,4.023148148148148,11
251,1083,1405,15.050177739619201,108.4533702677747,9,6,4,2,815,0.7546296296296297,265,929,0.8601851851851852,0.8932515337423312,728,201,0.8932515337423312,0.7584905660377359,0.8601851851851852,162,902,5.567901234567901,0.008333333333333333,0.005555555555555556,0.003703703703703704,0.001851851851851852,0.5911893485836833,0.25599783083522915,0.0,1.0,0.5090995740624907,0.28528069118468347,0.0,1.0,0.48738569683972244,0.3165509545237063,0.03225806451612903,1.0,0.3678253358353439,0.3153669833851808,0.0,1.0,19,0.1634349030470914,4.022160664819944,11
252,1081,1404,15.068019869805461,107.527289546716,9,11,10,1,855,0.7894736842105263,228,948,0.8753462603878116,0.9111111111111111,779,169,0.9111111111111111,0.7412280701754386,0.8753462603878116,178,925,5.196629213483146,0.008310249307479225,0.010156971375807941,0.009233610341643583,0.0009233610341643582,0.5934767688221777,0.2558636016914005,0.0,1.0,0.5116528900957895,0.2856567333349249,0.0,1.0,0.48646713019605503,0.3164710409385745,0.03225806451612903,1.0,0.365193518546149,0.31513231611980125,0.0,1.0,19,0.16651248843663274,4.041628122109159,11
253,1075,1410,15.154147036218761,107.15348837209302,6,12,9,3,870,0.8048103607770583,211,943,0.8723404255319149,0.903448275862069,786,157,0.903448275862069,0.7440758293838863,0.8723404255319149,163,912,5.595092024539877,0.005550416281221091,0.011100832562442183,0.008325624421831638,0.0027752081406105457,0.5919879969992498,0.2559574230347024,0.0,1.0,0.5119579894973744,0.28567087254954987,0.0,1.0,0.4871117779444861,0.31679607163444606,0.03225806451612903,1.0,0.364861215303826,0.314986724668388,0.0,1.0,19,0.1655813953488372,4.049302325581396,11
254,1075,1412,15.166657167170497,106.31906976744186,10,10,9,1,838,0.7795348837209303,237,949,0.8827906976744186,0.9116945107398569,764,185,0.9116945107398569,0.7805907172995781,0.8827906976744186,180,931,5.1722222222222225,0.009302325581395349,0.009302325581395349,0.008372093023255815,0.0009302325581395349,0.5882970742685671,0.2564022073561142,0.0,1.0,0.514748687171793,0.2856590205786467,0.0,1.0,0.4866316579144786,0.3165683163015122,0.03225806451612903,1.0,0.3639909977494374,0.3157697563694315,0.0,1.0,19,0.16744186046511628,4.075348837209303,11
255,1078,1423,15.063122807004786,105.14842300556586,12,9,9,0,854,0.7944186046511628,221,936,0.8706976744186047,0.9016393442622951,770,166,0.9016393442622951,0.751131221719457,0.8706976744186047,172,919,5.343023255813954,0.011162790697674419,0.008372093023255815,0.008372093023255815,0.0,0.587796995631097,0.2564172018783084,0.0,1.0,0.5157400203483153,0.28625238736545516,0.0,1.0,0.48704291100604463,0.3165935159768869,0.03225806451612903,1.0,0.36243940391405827,0.31565390989812353,0.0,1.0,19,0.1679035250463822,4.111317254174397,11
256,1072,1428,15.13032993832342,104.54664179104478,7,13,11,2,852,0.7903525046382189,226,931,0.8636363636363636,0.903755868544601,770,161,0.903755868544601,0.7123893805309734,0.8636363636363636,161,897,5.571428571428571,0.006493506493506494,0.012059369202226345,0.01020408163265306,0.0018552875695732839,0.5878069330765527,0.25648582869601766,0.0,1.0,0.5162794896485315,0.28637884849772605,0.0,1.0,0.4862481945113144,0.3173859206072495,0.03225806451612903,1.0,0.3634448724121329,0.3159767231097655,0.0,1.0,19,0.16791044776119404,4.115671641791045,11
257,1074,1440,15.03154108015844,103.21415270018622,14,12,11,1,832,0.7761194029850746,240,951,0.8871268656716418,0.9098557692307693,757,194,0.9098557692307693,0.8083333333333333,0.8871268656716418,169,932,5.514792899408284,0.013059701492537313,0.011194029850746268,0.010261194029850746,0.0009328358208955224,0.5888748723493723,0.2567133201028102,0.0,1.0,0.5154081816543521,0.28603839194451225,0.0,1.0,0.48567309425121646,0.31792252835536045,0.03225806451612903,1.0,0.3635189523637893,0.3163224774871742,0.0,1.0,19,0.1685288640595903,4.118249534450651,11
258,1076,1447,15.06557769302579,102.58364312267658,10,8,7,1,803,0.7476722532588455,271,914,0.851024208566108,0.8816936488169365,708,206,0.8816936488169365,0.7601476014760148,0.851024208566108,172,893,5.191860465116279,0.00931098696461825,0.0074487895716946,0.006517690875232775,0.000931098696461825,0.5894891473797818,0.2571186530152657,0.0,1.0,0.51328096894112,0.2863794874120512,0.0,1.0,0.48450053963304957,0.31720943505755,0.03225806451612903,1.0,0.36332294040052765,0.3156997383789641,0.0,1.0,19,0.1691449814126394,4.128252788104089,11
259,1073,1457,15.115793106203952,101.97763280521902,8,11,9,2,817,0.7592936802973977,259,920,0.8550185873605948,0.8861689106487148,724,196,0.8861689106487148,0.7567567567567568,0.8550185873605948,172,902,5.244186046511628,0.007434944237918215,0.010223048327137546,0.008364312267657992,0.0018587360594795538,0.5882512100532122,0.25751404206216255,0.0,1.0,0.5147160508673301,0.28719237230287586,0.0,1.0,0.485434266301897,0.3173668176385355,0.03225806451612903,1.0,0.36184348976340075,0.31551410397861124,0.0,1.0,19,0.16961789375582478,4.150046598322461,11
260,1074,1460,15.090009493481448,100.78957169459963,13,12,10,2,827,0.7707362534948742,246,951,0.8863000931966449,0.9177750906892382,759,192,0.9177750906892382,0.7804878048780488,0.8863000931966449,173,927,5.358381502890174,0.012115563839701771,0.011183597390493943,0.009319664492078284,0.001863932898415657,0.5869826395146273,0.2569046941049209,0.0,1.0,0.5157085360725656,0.2862895378586505,0.0,1.0,0.4850723854147895,0.3176784205541017,0.0,1.0,0.361867003063615,0.31575191886352527,0.0,1.0,19,0.1685288640595903,4.172253258845438,11
261,1070,1470,15.074699999624443,99.84953271028037,7,11,11,0,846,0.7877094972067039,228,920,0.8566108007448789,0.900709219858156,762,158,0.900709219858156,0.6929824561403509,0.8566108007448789,166,896,5.397590361445783,0.006517690875232775,0.010242085661080074,0.010242085661080074,0.0,0.58516731986735,0.2566606599252219,0.0,1.0,0.5181790774796503,0.28582534691582506,0.0,1.0,0.4860416038589087,0.3178047959015131,0.0,1.0,0.36129032258064514,0.3166122570379433,0.0,1.0,19,0.17009345794392525,4.198130841121495,11
262,1069,1474,15.147192737663199,99.3666978484565,8,9,8,1,841,0.7859813084112149,229,951,0.888785046728972,0.9239001189060642,777,174,0.9239001189060642,0.759825327510917,0.888785046728972,166,921,5.548192771084337,0.007476635514018692,0.008411214953271028,0.007476635514018692,0.0009345794392523365,0.5855940130963517,0.2565035473159037,0.0,1.0,0.5171550137300462,0.28565118089046954,0.0,1.0,0.48531941217296837,0.3183522085189115,0.0,1.0,0.3617489966504722,0.31747359552897864,0.0,1.0,19,0.17025257249766138,4.198316183348925,11
263,1068,1480,15.084859151596484,97.85767790262172,13,14,13,1,815,0.7623947614593077,254,906,0.8475210477081384,0.8957055214723927,730,176,0.8957055214723927,0.6929133858267716,0.8475210477081384,167,879,5.263473053892215,0.01216089803554724,0.013096351730589336,0.01216089803554724,0.0009354536950420954,0.5866255889815151,0.25695456476204426,0.0,1.0,0.5158571946357375,0.28451037743607827,0.0,0.967741935483871,0.4832064757762475,0.3176215817144169,0.0,1.0,0.36097015826990453,0.31746642872843367,0.0,1.0,19,0.17228464419475656,4.213483146067416,11
264,1068,1492,15.128107332385701,97.17134831460675,8,8,8,0,795,0.7443820224719101,273,945,0.8848314606741573,0.9056603773584906,720,225,0.9056603773584906,0.8241758241758241,0.8848314606741573,167,924,5.532934131736527,0.00749063670411985,0.00749063670411985,0.00749063670411985,0.0,0.5865953848012565,0.25697991162098993,0.0,1.0,0.5170653618460795,0.2849230414043606,0.0,0.967741935483871,0.4836293342998671,0.3178644305676544,0.0,1.0,0.36130240425274857,0.31696071042851315,0.0,1.0,19,0.17134831460674158,4.22565543071161,11
265,1063,1506,15.10466222673789,96.08560677328316,9,14,13,1,829,0.7762172284644194,239,938,0.8782771535580525,0.8962605548854041,743,195,0.8962605548854041,0.8158995815899581,0.8782771535580525,164,916,5.585365853658536,0.008426966292134831,0.013108614232209739,0.012172284644194757,0.0009363295880149813,0.5830121688465391,0.25632565280794123,0.0,1.0,0.5183443085606774,0.28486112675246766,0.0,0.967741935483871,0.4852062027736473,0.31833177084349434,0.0,1.0,0.3604831123114739,0.31674918189560036,0.0,1.0,19,0.16933207902163688,4.241768579492004,11
266,1059,1511,15.122055747247238,95.01133144475921,8,12,12,0,818,0.7695202257761053,245,927,0.8720602069614299,0.9254278728606357,757,170,0.9254278728606357,0.6938775510204082,0.8720602069614299,171,903,5.280701754385965,0.007525870178739417,0.011288805268109126,0.011288805268109126,0.0,0.582777422400926,0.2567386762270622,0.0,1.0,0.5195406500350299,0.2846093669600378,0.0,0.967741935483871,0.48347497639282344,0.31728393916036,0.0,1.0,0.35751926650217797,0.3160114056699561,0.0,1.0,19,0.16997167138810199,4.26628895184136,11
267,1061,1517,15.18803310712652,94.49764373232799,11,9,6,3,779,0.7355996222851747,280,932,0.8800755429650614,0.9037227214377407,704,228,0.9037227214377407,0.8142857142857143,0.8800755429650614,173,911,5.265895953757226,0.010387157695939566,0.0084985835694051,0.0056657223796034,0.0028328611898017,0.5819525098051139,0.2571684476971974,0.0,1.0,0.5227265817396857,0.28467272557347034,0.0,0.967741935483871,0.48298926758079724,0.31755874407808016,0.0,1.0,0.3577270377914931,0.3163803098149414,0.0,1.0,19,0.1696512723845429,4.276154571159283,11
268,1074,1519,15.04926077037188,93.27932960893855,19,6,6,0,830,0.7822808671065034,231,919,0.8661639962299718,0.9060240963855422,752,167,0.9060240963855422,0.7229437229437229,0.8661639962299718,167,888,5.317365269461078,0.017907634307257305,0.005655042412818096,0.005655042412818096,0.0,0.5803448068721091,0.25604405737343006,0.0,1.0,0.5217456598786568,0.2858299603452075,0.0,0.967741935483871,0.4861836967621793,0.3182618924012253,0.0,1.0,0.3577221120922689,0.31692559073660537,0.0,1.0,19,0.16759776536312848,4.282122905027933,11
269,1075,1521,15.025191686588519,92.13023255813954,13,12,9,3,866,0.8063314711359404,208,920,0.8566108007448789,0.9041570438799076,783,137,0.9041570438799076,0.6586538461538461,0.8566108007448789,172,894,5.1976744186046515,0.012104283054003724,0.0111731843575419,0.008379888268156424,0.002793296089385475,0.5801050262565641,0.25579591491181186,0.0,1.0,0.5236009002250562,0.284972500756671,0.0,0.967741935483871,0.48360090022505625,0.31789077614311073,0.0,1.0,0.3564591147786947,0.3171688388680703,0.0,1.0,19,0.16744186046511628,4.306976744186047,11
270,1074,1533,15.090443971678964,91.92364990689013,5,6,6,0,831,0.7730232558139535,244,963,0.8958139534883721,0.9229843561973526,767,196,0.9229843561973526,0.8032786885245902,0.8958139534883721,167,942,5.640718562874252,0.004651162790697674,0.005581395348837209,0.005581395348837209,0.0,0.5796840271520395,0.2559364533978516,0.0,1.0,0.523998318015258,0.2850656488797707,0.0,0.967741935483871,0.48462185378746925,0.3183637666634184,0.0,1.0,0.3567609779539857,0.3173269943523185,0.0,1.0,19,0.1685288640595903,4.314711359404097,11
271,1075,1542,15.00699489090213,90.75441860465116,11,10,10,0,839,0.7811918063314711,235,950,0.8845437616387337,0.9189511323003575,771,179,0.9189511323003575,0.7617021276595745,0.8845437616387337,168,927,5.517857142857143,0.010242085661080074,0.00931098696461825,0.00931098696461825,0.0,0.5787246811702925,0.25559999059934935,0.0,1.0,0.5265116279069767,0.28536847775174673,0.0,0.967741935483871,0.48372093023255813,0.3173300771992769,0.0,1.0,0.35342835708927234,0.3154545909953049,0.0,1.0,19,0.16930232558139535,4.343255813953489,11
272,1073,1548,15.049416997609951,89.94780987884437,8,10,9,1,849,0.7897674418604651,226,967,0.8995348837209303,0.9305064782096584,790,177,0.9305064782096584,0.7831858407079646,0.8995348837209303,166,939,5.656626506024097,0.0074418604651162795,0.009302325581395349,0.008372093023255815,0.0009302325581395349,0.5776688813396267,0.2561556922838905,0.0,1.0,0.5266211706701139,0.28586313686415743,0.0,0.967741935483871,0.4815260199019932,0.3172489207768459,0.0,1.0,0.3536061088897574,0.3155494936707624,0.0,1.0,19,0.16961789375582478,4.364398881640261,11
273,1081,1555,14.98370270506148,89.21554116558742,13,5,5,0,836,0.7791239515377446,237,937,0.8732525629077353,0.9007177033492823,753,184,0.9007177033492823,0.7763713080168776,0.8732525629077353,167,911,5.455089820359281,0.012115563839701771,0.004659832246039142,0.004659832246039142,0.0,0.5786159768434246,0.2561432962833679,0.0,1.0,0.5275282742979917,0.28578446171986716,0.0,0.967741935483871,0.4800513264301274,0.3171559690458364,0.0,1.0,0.35227238817104833,0.3144956156757131,0.0,1.0,19,0.1711378353376503,4.3792784458834415,11
274,1081,1558,14.929096130030103,88.0027752081406,13,13,11,2,878,0.8122109158186864,203,947,0.876040703052729,0.8906605922551253,782,165,0.8906605922551253,0.812807881773399,0.876040703052729,173,923,5.335260115606936,0.012025901942645698,0.012025901942645698,0.010175763182238668,0.0018501387604070306,0.5786159768434246,0.2565826168232164,0.0,1.0,0.5268419324997762,0.28578575170876663,0.0,0.967741935483871,0.47912625704992384,0.3171905216574922,0.0,1.0,0.3518546149025693,0.314574561065338,0.0,1.0,19,0.17298797409805736,4.395929694727105,11
275,1079,1564,14.857110812331644,86.16682113067655,14,16,15,1,844,0.7807585568917669,237,972,0.8991674375578168,0.9253554502369669,781,191,0.9253554502369669,0.8059071729957806,0.8991674375578168,172,950,5.523255813953488,0.012950971322849213,0.014801110083256245,0.013876040703052728,0.0009250693802035153,0.5757720709139287,0.25639685134994145,0.0,1.0,0.5284761876289277,0.286022073765887,0.0,0.967741935483871,0.4785195372058956,0.31676010563024326,0.0,1.0,0.35343358545845915,0.3143574322018529,0.0,1.0,19,0.1686746987951807,4.413345690454125,11
276,1081,1569,14.818555036205495,84.93524514338576,12,10,10,0,815,0.7553290083410565,264,962,0.891566265060241,0.9251533742331288,754,208,0.9251533742331288,0.7878787878787878,0.891566265060241,174,941,5.408045977011494,0.011121408711770158,0.009267840593141797,0.009267840593141797,0.0,0.5732744471964429,0.2574418842211902,0.0,1.0,0.5265435230222911,0.28653682037260186,0.0,0.967741935483871,0.481334487183313,0.316279839802001,0.0,1.0,0.35352570797648536,0.3139335326766977,0.0,1.0,19,0.16743755781683625,4.4283071230342275,11
277,1083,1580,14.76610805985492,84.25300092336103,10,8,8,0,820,0.7585568917668826,261,934,0.8640148011100832,0.8963414634146342,735,199,0.8963414634146342,0.7624521072796935,0.8640148011100832,176,921,5.232954545454546,0.009250693802035153,0.0074005550416281225,0.0074005550416281225,0.0,0.5743305632502308,0.25744665196741706,0.0,1.0,0.5275072230661543,0.2863173174973686,0.0,0.967741935483871,0.4793137342507372,0.31610177558305935,0.0,1.0,0.34965597355017425,0.31248006414746204,0.0,1.0,19,0.1680517082179132,4.44506001846722,11
278,1082,1586,14.873442179460023,84.11090573012939,5,6,6,0,837,0.7728531855955678,246,981,0.9058171745152355,0.9342891278375149,782,199,0.9342891278375149,0.8089430894308943,0.9058171745152355,176,963,5.471590909090909,0.0046168051708217915,0.00554016620498615,0.00554016620498615,0.0,0.5729831256335342,0.2571048965470955,0.0,1.0,0.5279649394788624,0.2867047714578686,0.0,0.967741935483871,0.4781766143938942,0.31600124052985185,0.0,1.0,0.350068570747123,0.31201210485411285,0.0,1.0,19,0.16635859519408502,4.448243992606285,11
279,1090,1594,14.879567106053534,84.31926605504587,9,1,1,0,882,0.8151571164510166,200,958,0.8853974121996303,0.9240362811791383,815,143,0.9240362811791383,0.715,0.8853974121996303,162,928,5.728395061728395,0.00831792975970425,0.0009242144177449168,0.0009242144177449168,0.0,0.5740751701686889,0.25692777406933115,0.0,1.0,0.5279076649896419,0.28642724839885675,0.0,0.967741935483871,0.47869192068659366,0.3154810683535822,0.0,1.0,0.3482391240011838,0.31156904913509,0.0,1.0,19,0.16788990825688074,4.459633027522936,11
280,1086,1606,14.895595788635744,83.47145488029466,8,12,10,2,878,0.8055045871559633,212,950,0.8715596330275229,0.9145785876993167,803,147,0.9145785876993167,0.6933962264150944,0.8715596330275229,165,927,5.618181818181818,0.007339449541284404,0.011009174311926606,0.009174311926605505,0.001834862385321101,0.5727737182914513,0.2563627130438915,0.0,1.0,0.5266143884037308,0.28587633216984826,0.0,0.967741935483871,0.4775441097843522,0.3158224273495293,0.0,1.0,0.3484821481613497,0.31158997740187855,0.0,1.0,19,0.16482504604051565,4.470534069981584,11
281,1090,1615,14.845296495655777,82.56330275229358,12,8,8,0,841,0.7744014732965009,245,921,0.8480662983425414,0.89179548156956,750,171,0.89179548156956,0.6979591836734694,0.8480662983425414,162,892,5.506172839506172,0.011049723756906077,0.007366482504604052,0.007366482504604052,0.0,0.5728913879846109,0.2564484465515068,0.0,1.0,0.5247706422018349,0.28676551669783,0.0,0.967741935483871,0.4772713820656999,0.3162434293385333,0.0,1.0,0.3464042616158627,0.31080071755957706,0.0,1.0,19,0.163302752293578,4.488990825688074,11
282,1087,1622,14.812981662409829,81.15363385464582,11,14,13,1,822,0.7541284403669725,268,956,0.8770642201834863,0.9197080291970803,756,200,0.9197080291970803,0.746268656716418,0.8770642201834863,176,939,5.3352272727272725,0.010091743119266056,0.012844036697247707,0.011926605504587157,0.0009174311926605505,0.5740570377184913,0.2569132191346974,0.0,1.0,0.5226578033652848,0.287613482219714,0.0,0.967741935483871,0.4769564056147432,0.3157041587725872,0.0,1.0,0.3473306229041161,0.3114839368040952,0.0,1.0,19,0.16375344986200552,4.501379944802208,11
283,1093,1626,14.766711866328802,80.21591948764868,14,8,7,1,839,0.7718491260349586,248,956,0.8794848206071757,0.9261025029797377,777,179,0.9261025029797377,0.7217741935483871,0.8794848206071757,170,930,5.470588235294118,0.012879484820607176,0.007359705611775529,0.006439742410303588,0.0009199632014719411,0.5719682436620134,0.2566122822538129,0.0,1.0,0.5228580704187941,0.28809965146448907,0.0,0.967741935483871,0.4768467963285424,0.31581334656686444,0.0,1.0,0.3462208186996429,0.31123694682721337,0.0,1.0,19,0.16010978956999086,4.5224153705397985,12
284,1099,1634,14.695736561452199,79.49863512283895,14,8,7,1,872,0.797804208600183,221,990,0.9057639524245197,0.9311926605504587,812,178,0.9311926605504587,0.8054298642533937,0.9057639524245197,172,970,5.6395348837209305,0.012808783165599268,0.007319304666056725,0.006404391582799634,0.0009149130832570906,0.571663389004667,0.25605486934684385,0.0,1.0,0.5209721447650356,0.2881147726649597,0.0,0.967741935483871,0.4757697613666383,0.31557853782560563,0.0,1.0,0.34509378026945314,0.310455902494874,0.0,1.0,19,0.1592356687898089,4.531392174704276,12
285,1099,1643,14.667277393293013,78.76524112829846,10,10,8,2,864,0.7861692447679709,235,956,0.8698817106460418,0.9016203703703703,779,177,0.9016203703703703,0.7531914893617021,0.8698817106460418,167,932,5.580838323353293,0.009099181073703366,0.009099181073703366,0.007279344858962694,0.0018198362147406734,0.5708121752913206,0.2558441650002372,0.0,1.0,0.5220288238574657,0.28852857314788466,0.0,0.967741935483871,0.4770906102321759,0.31558117779216344,0.0,1.0,0.34430127095013063,0.30969253665820584,0.0,1.0,19,0.15741583257506825,4.545950864422202,12
286,1097,1648,14.775114360586945,78.51868732907931,7,9,7,2,844,0.7679708826205641,255,979,0.8908098271155596,0.9135071090047393,771,208,0.9135071090047393,0.8156862745098039,0.8908098271155596,180,964,5.355555555555555,0.006369426751592357,0.00818926296633303,0.006369426751592357,0.0018198362147406734,0.568618225659423,0.2556576651055305,0.0,1.0,0.5214808715852618,0.2889319621397864,0.0,0.967741935483871,0.47654894580527535,0.31567952741913946,0.0,1.0,0.34422324815479166,0.30952220770313266,0.0,1.0,19,0.15587967183226983,4.555150410209663,12
287,1101,1648,14.769230532487317,77.77384196185287,12,8,7,1,838,0.763901549680948,259,981,0.894257064721969,0.9224343675417661,773,208,0.9224343675417661,0.803088803088803,0.894257064721969,175,956,5.462857142857143,0.010938924339106655,0.007292616226071103,0.006381039197812215,0.0009115770282588879,0.5684568281034836,0.2564458392183568,0.0,1.0,0.5214907269051595,0.2889513830014176,0.0,0.967741935483871,0.4749934077524831,0.3155957810394901,0.0,1.0,0.34282616975769825,0.3097829393193983,0.0,1.0,19,0.15803814713896458,4.565849227974568,12
288,1108,1658,14.764387227415645,77.76714801444044,10,3,3,0,823,0.7475022706630337,278,974,0.8846503178928247,0.9258809234507898,762,212,0.9258809234507898,0.762589928057554,0.8846503178928247,173,957,5.531791907514451,0.009082652134423252,0.0027247956403269754,0.0027247956403269754,0.0,0.5708920461162221,0.2567761340308074,0.0,1.0,0.5198847094445092,0.28826435029789316,0.0,0.967741935483871,0.47248748107604516,0.3149902079859985,0.0,1.0,0.34205776173285196,0.30856208804241153,0.0,1.0,19,0.15703971119133575,4.5577617328519855,12
289,1115,1663,14.736164256605889,77.47354260089686,11,4,4,0,894,0.8068592057761733,214,979,0.8835740072202166,0.9217002237136466,824,155,0.9217002237136466,0.7242990654205608,0.8835740072202166,172,956,5.558139534883721,0.009927797833935019,0.0036101083032490976,0.0036101083032490976,0.0,0.5687545204686821,0.25692555936625994,0.0,1.0,0.519108925213366,0.28791208054451883,0.0,0.967741935483871,0.47247215391291764,0.31618242446690886,0.0,1.0,0.3423115868653262,0.30799492380778676,0.0,1.0,19,0.15336322869955157,4.564125560538117,12
290,1114,1668,14.663387787793852,76.82854578096948,11,12,10,2,895,0.8026905829596412,220,986,0.884304932735426,0.9262569832402234,829,157,0.9262569832402234,0.7136363636363636,0.884304932735426,167,958,5.736526946107785,0.009865470852017937,0.010762331838565023,0.008968609865470852,0.0017937219730941704,0.5708287484797591,0.2568996981036833,0.0,1.0,0.5176347946950831,0.2869334506270083,0.0,0.967741935483871,0.4709272021775642,0.314697263219054,0.0,1.0,0.3379857531707882,0.3064568540070352,0.0,1.0,19,0.15529622980251345,4.578096947935368,12
291,1118,1671,14.648669584453417,76.69409660107334,10,6,5,1,926,0.8312387791741472,188,1003,0.900359066427289,0.9395248380129589,870,133,0.9395248380129589,0.7074468085106383,0.900359066427289,168,974,5.7976190476190474,0.008976660682226212,0.005385996409335727,0.004488330341113106,0.0008976660682226212,0.572162271337065,0.25622339180783504,0.0,1.0,0.5157250851174332,0.2864136030348289,0.0,0.967741935483871,0.4702233250620348,0.3139756029394608,0.0,1.0,0.3361417277396272,0.3055831336205686,0.0,1.0,19,0.1556350626118068,4.59391771019678,12
292,1118,1677,14.78343084167796,77.32915921288014,2,2,2,0,880,0.7871198568872988,238,990,0.8855098389982111,0.925,814,176,0.925,0.7394957983193278,0.8855098389982111,173,969,5.601156069364162,0.0017889087656529517,0.0017889087656529517,0.0017889087656529517,0.0,0.5719602977667494,0.25593857417096805,0.0,1.0,0.5152634312424259,0.286402830623032,0.0,0.967741935483871,0.4699059380229673,0.3135270394706801,0.0,1.0,0.336228287841191,0.30540104481002434,0.0,1.0,19,0.1556350626118068,4.593023255813954,12
293,1121,1678,14.77474527095423,76.91168599464764,10,7,6,1,848,0.7584973166368515,270,973,0.870304114490161,0.9009433962264151,764,209,0.9009433962264151,0.774074074074074,0.870304114490161,178,952,5.348314606741573,0.008944543828264758,0.006261180679785331,0.005366726296958855,0.0008944543828264759,0.5712353601335214,0.25559887419458155,0.0,1.0,0.5144600155391212,0.28628178442027663,0.0,0.967741935483871,0.4693102356766712,0.3128538431582883,0.0,1.0,0.33446519524617996,0.3047636991510677,0.0,1.0,19,0.15611061552185548,4.612845673505799,12
294,1127,1680,14.673398096067155,75.73203194321206,16,10,8,2,878,0.7832292595896521,243,1008,0.8991971454058876,0.929384965831435,816,192,0.929384965831435,0.7901234567901234,0.8991971454058876,173,983,5.682080924855492,0.014272970561998216,0.008920606601248885,0.007136485280999108,0.001784121320249777,0.5702264075335604,0.2552267530016371,0.0,1.0,0.5160145404585397,0.28634373596916224,0.0,0.967741935483871,0.46789936170821766,0.3126940802492115,0.0,1.0,0.33468815296104415,0.3046452794588053,0.0,1.0,19,0.1543921916592724,4.625554569653948,12
295,1130,1690,14.685811435118003,75.48053097345132,10,7,5,2,860,0.7630878438331854,267,972,0.8624667258207631,0.9104651162790698,783,189,0.9104651162790698,0.7078651685393258,0.8624667258207631,164,946,5.7682926829268295,0.008873114463176575,0.006211180124223602,0.0044365572315882874,0.001774622892635315,0.5694547530687982,0.2550567190998916,0.0,1.0,0.5155866400228376,0.2866817101376023,0.0,0.967741935483871,0.469083642592064,0.3128779815249796,0.0,1.0,0.33519840137025403,0.3046260988944568,0.0,1.0,19,0.15221238938053097,4.634513274336284,12
296,1132,1695,14.770843258230204,75.62279151943463,6,4,4,0,873,0.772566371681416,257,1009,0.8929203539823009,0.9266895761741123,809,200,0.9266895761741123,0.7782101167315175,0.8929203539823009,182,996,5.472527472527473,0.005309734513274336,0.0035398230088495575,0.0035398230088495575,0.0,0.5697309928188761,0.25490957334376857,0.0,1.0,0.5163285079220336,0.2865860026785903,0.0,0.967741935483871,0.4682833694289297,0.3127486617012512,0.0,1.0,0.33323834492191956,0.3042682524281975,0.0,1.0,19,0.15371024734982333,4.646643109540636,12
297,1141,1706,14.722926673869953,75.43645924627519,13,4,2,2,855,0.7553003533568905,277,1017,0.8984098939929329,0.9251461988304094,791,226,0.9251461988304094,0.8158844765342961,0.8984098939929329,173,1001,5.786127167630058,0.011484098939929329,0.0035335689045936395,0.0017667844522968198,0.0017667844522968198,0.5680076899154675,0.25444487794314646,0.0,1.0,0.5158745865256849,0.2859769333502644,0.0,0.967741935483871,0.4682649628226513,0.3131425115582305,0.0,1.0,0.3339458878742473,0.30553530427020165,0.0,1.0,19,0.15074496056091147,4.654688869412796,12
298,1142,1706,14.778203998183997,75.14535901926445,7,6,6,0,906,0.7940403155127082,235,1006,0.8816827344434707,0.9238410596026491,837,169,0.9238410596026491,0.7191489361702128,0.8816827344434707,176,982,5.579545454545454,0.006134969325153374,0.0052585451358457495,0.0052585451358457495,0.0,0.5677080390938366,0.25443094515499026,0.0,1.0,0.5159313033161967,0.2866920445074659,0.0,0.967741935483871,0.46590588102367103,0.3125609010132093,0.0,1.0,0.33543302638269024,0.3055973887083029,0.0,1.0,19,0.14886164623467601,4.660245183887916,12
299,1156,1709,14.632934275275082,74.48010380622837,19,5,4,1,868,0.7600700525394045,274,1014,0.8879159369527145,0.9170506912442397,796,218,0.9170506912442397,0.7956204379562044,0.8879159369527145,169,986,5.834319526627219,0.016637478108581436,0.0043782837127845885,0.0035026269702276708,0.0008756567425569177,0.568478624846523,0.25468253053652096,0.0,1.0,0.5149291215537448,0.28580938526429506,0.0,0.967741935483871,0.46486773077352384,0.3114062764449714,0.0,1.0,0.33310079249916286,0.3041356418916834,0.0,1.0,19,0.15051903114186851,4.673875432525952,12
300,1162,1712,14.666641706802105,74.85111876075732,8,2,1,1,900,0.7785467128027682,256,1021,0.8832179930795848,0.9166666666666666,825,196,0.9166666666666666,0.765625,0.8832179930795848,173,997,5.763005780346821,0.006920415224913495,0.0017301038062283738,0.0008650519031141869,0.0008650519031141869,0.56923546721448,0.25476351437428024,0.0,1.0,0.514435622675032,0.285061740009851,0.0,0.967741935483871,0.46366109599689076,0.3106763305566977,0.0,1.0,0.33246349453111984,0.303081966709392,0.0,1.0,19,0.14974182444061962,4.676419965576592,12
301,1162,1724,14.690584114862592,74.73493975903614,6,6,6,0,864,0.7435456110154905,298,967,0.8321858864027539,0.8842592592592593,764,203,0.8842592592592593,0.6812080536912751,0.8321858864027539,172,951,5.52906976744186,0.0051635111876075735,0.0051635111876075735,0.0051635111876075735,0.0,0.5676808616956305,0.2542034530174651,0.0,1.0,0.5138526456054634,0.28528848785171584,0.0,0.967741935483871,0.4644661595691522,0.31121576538620715,0.0,1.0,0.33290766753650547,0.3038580182815772,0.0,1.0,19,0.14888123924268504,4.684165232358003,12
302,1164,1719,14.732942081308487,74.43041237113403,10,8,6,2,919,0.7908777969018933,243,1013,0.8717728055077453,0.9129488574537541,839,174,0.9129488574537541,0.7160493827160493,0.8717728055077453,173,981,5.670520231213873,0.008605851979345954,0.0068846815834767644,0.0051635111876075735,0.0017211703958691911,0.5662897683183682,0.2537035237291153,0.0,1.0,0.5128588848242989,0.2848547756128484,0.0,0.967741935483871,0.4631415585855227,0.31068483608009556,0.0,1.0,0.3327790710564239,0.3029760148323202,0.0,1.0,19,0.14604810996563575,4.695876288659794,12
303,1171,1722,14.668123526834398,73.87275832621691,13,6,6,0,896,0.7697594501718213,268,1001,0.8599656357388317,0.8962053571428571,803,198,0.8962053571428571,0.7388059701492538,0.8599656357388317,176,980,5.568181818181818,0.011168384879725086,0.005154639175257732,0.005154639175257732,0.0,0.5657970854797388,0.2537042870042647,0.0,1.0,0.5125203162447315,0.2849521886587354,0.0,0.967741935483871,0.4618881022561362,0.31056402155477775,0.0,1.0,0.3310101650092284,0.30220200551061266,0.0,1.0,19,0.14517506404782238,4.70196413321947,12
304,1176,1726,14.647259997673372,73.79931972789116,11,6,3,3,900,0.7685738684884714,271,991,0.8462852263023057,0.8966666666666666,807,184,0.8966666666666666,0.6789667896678967,0.8462852263023057,174,969,5.568965517241379,0.009393680614859094,0.005123825789923143,0.0025619128949615714,0.0025619128949615714,0.5680546412113232,0.25406268995401643,0.0,1.0,0.5105606758832565,0.2853919542436904,0.0,0.967741935483871,0.4606100504718016,0.309649354868269,0.0,1.0,0.32952051788457315,0.30112802433985797,0.0,1.0,19,0.14540816326530612,4.718537414965986,12
305,1182,1735,14.621253147989972,74.08375634517766,8,2,2,0,918,0.7806122448979592,258,1059,0.9005102040816326,0.9193899782135077,844,215,0.9193899782135077,0.8333333333333334,0.9005102040816326,166,1034,6.228915662650603,0.006802721088435374,0.0017006802721088435,0.0017006802721088435,0.0,0.567845641613449,0.25363417038598574,0.0,1.0,0.510397904044539,0.28547692530989505,0.0,0.967741935483871,0.46111020140822007,0.30951024922939674,0.0,1.0,0.3292396703236723,0.301037689277614,0.0,1.0,19,0.1446700507614213,4.729272419627749,12
306,1191,1742,14.565260875698927,74.04534005037783,12,3,2,1,942,0.7969543147208121,240,1046,0.8849407783417935,0.9171974522292994,864,182,0.9171974522292994,0.7583333333333333,0.8849407783417935,172,1025,5.959302325581396,0.01015228426395939,0.0025380710659898475,0.001692047377326565,0.0008460236886632825,0.5671569025757699,0.25352127436354366,0.0,1.0,0.5097911757536361,0.2852418833283513,0.0,0.967741935483871,0.4601446331356139,0.3091000974178455,0.0,1.0,0.3297310473714146,0.3011190092918336,0.0,1.0,19,0.14441645675902604,4.724601175482787,12
307,1203,1744,14.421681861500947,73.4305901911887,17,5,5,0,908,0.762384550797649,283,1043,0.8757346767422334,0.9063876651982379,823,220,0.9063876651982379,0.7773851590106007,0.8757346767422334,179,1024,5.720670391061453,0.014273719563392108,0.0041981528127623844,0.0041981528127623844,0.0,0.565977529295042,0.25318551882027945,0.0,1.0,0.5098007668999543,0.2851378501870929,0.0,0.967741935483871,0.460086343281581,0.3092448899861862,0.0,1.0,0.32939157482637493,0.30092253588110845,0.0,1.0,19,0.14214463840399003,4.745635910224439,12
308,1204,1748,14.44811376977961,73.59634551495017,6,5,4,1,909,0.7556109725685786,294,1036,0.8611803823773898,0.8987898789878987,817,219,0.8987898789878987,0.7448979591836735,0.8611803823773898,176,1016,5.7727272727272725,0.004987531172069825,0.004156275976724855,0.0033250207813798837,0.0008312551953449709,0.566659522023363,0.2530451823091032,0.0,1.0,0.507528667881256,0.2853826288206697,0.0,0.967741935483871,0.46155288822205554,0.3087159214056874,0.0,1.0,0.32919837102132676,0.30060491028812647,0.0,1.0,19,0.1420265780730897,4.750830564784053,12
309,1202,1748,14.444223847193177,73.2928452579035,9,11,8,3,879,0.7300664451827242,325,1042,0.8654485049833887,0.8816837315130831,775,267,0.8816837315130831,0.8215384615384616,0.8654485049833887,176,1018,5.784090909090909,0.007475083056478406,0.009136212624584718,0.006644518272425249,0.0024916943521594683,0.5648918469217971,0.25290782252113214,0.0,1.0,0.5079169126724277,0.2858300475542946,0.0,0.967741935483871,0.4603080886694219,0.3081112462662968,0.0,1.0,0.32963877408620046,0.3005628685512024,0.0,1.0,19,0.14226289517470883,4.7579034941763725,12
310,1205,1749,14.437487665540068,73.13941908713693,8,5,5,0,912,0.7587354409317804,290,1091,0.9076539101497504,0.9353070175438597,853,238,0.9353070175438597,0.8206896551724138,0.9076539101497504,178,1070,6.01123595505618,0.0066555740432612314,0.004159733777038269,0.004159733777038269,0.0,0.5654932405300495,0.25333325977689203,0.0,1.0,0.5084192209878196,0.28619768832803955,0.0,0.967741935483871,0.4602061303707669,0.3082501363355818,0.0,1.0,0.32809530183375724,0.29992850848929015,0.0,1.0,19,0.14190871369294605,4.774273858921162,12
311,1216,1748,14.383907868915568,73.26809210526316,13,2,1,1,950,0.7883817427385892,255,1085,0.9004149377593361,0.9273684210526316,881,204,0.9273684210526316,0.8,0.9004149377593361,173,1057,6.109826589595376,0.010788381742738589,0.0016597510373443983,0.0008298755186721991,0.0008298755186721991,0.5658160016977929,0.2534708025448706,0.0,1.0,0.5088073005093379,0.2868850610989882,0.0,0.967741935483871,0.460393675721562,0.3084069129152817,0.0,1.0,0.3284963921901528,0.3001230083437798,0.0,1.0,19,0.14226973684210525,4.777138157894737,12
312,1220,1746,14.378836852151023,73.46393442622951,9,5,4,1,918,0.7549342105263158,298,1022,0.8404605263157895,0.8932461873638344,820,202,0.8932461873638344,0.6778523489932886,0.8404605263157895,173,993,5.7398843930635834,0.007401315789473684,0.004111842105263158,0.003289473684210526,0.0008223684210526315,0.565732416710735,0.2534779916448682,0.0,1.0,0.5089635113696457,0.28660407645442953,0.0,0.967741935483871,0.4592808038075093,0.3077958571342951,0.0,1.0,0.3272607086197779,0.2999680423034085,0.0,1.0,19,0.14344262295081966,4.788524590163934,12
313,1224,1746,14.409700802145187,73.70751633986929,7,3,3,0,921,0.7549180327868853,299,1091,0.8942622950819672,0.9207383279044516,848,243,0.9207383279044516,0.8127090301003345,0.8942622950819672,179,1070,5.977653631284916,0.005737704918032787,0.002459016393442623,0.002459016393442623,0.0,0.5648323845667299,0.254137248856134,0.0,1.0,0.5105418511490618,0.2871711513044542,0.0,0.967741935483871,0.45917668142525825,0.30775506647353285,0.0,1.0,0.3271927050390049,0.3002778978409275,0.0,1.0,19,0.1437908496732026,4.788398692810458,12
314,1226,1746,14.411796154543632,73.90456769983687,8,6,4,2,964,0.7875816993464052,260,1089,0.8897058823529411,0.9232365145228216,890,199,0.9232365145228216,0.7653846153846153,0.8897058823529411,168,1057,6.291666666666667,0.006535947712418301,0.004901960784313725,0.0032679738562091504,0.0016339869281045752,0.564858180287323,0.2540944059004441,0.0,1.0,0.5099194863968847,0.2869801381663585,0.0,0.967741935483871,0.45958532863232127,0.3070293910617317,0.0,1.0,0.3271325580171552,0.29963176206232855,0.0,1.0,19,0.14437194127243066,4.791190864600326,12
315,1230,1746,14.381097256803253,73.9430894308943,8,4,4,0,946,0.7716150081566069,280,1078,0.8792822185970636,0.9090909090909091,860,218,0.9090909090909091,0.7785714285714286,0.8792822185970636,174,1052,6.045977011494253,0.0065252854812398045,0.0032626427406199023,0.0032626427406199023,0.0,0.5659323367427223,0.25415197145649693,0.0,1.0,0.5093364804615789,0.2871795108252028,0.0,0.967741935483871,0.4595856281143456,0.30774825419803553,0.0,1.0,0.32656700760555996,0.2993768591216386,0.0,1.0,19,0.14552845528455285,4.800813008130081,12
316,1234,1748,14.39853327478798,74.27552674230145,9,5,2,3,889,0.7227642276422764,341,1088,0.8845528455284553,0.906636670416198,806,282,0.906636670416198,0.8269794721407625,0.8845528455284553,172,1062,6.174418604651163,0.007317073170731708,0.0040650406504065045,0.0016260162601626016,0.0024390243902439024,0.5670518115752601,0.25400170679646267,0.0,1.0,0.507894599257594,0.28686971359126023,0.0,0.967741935483871,0.45812202645474986,0.3074354909329285,0.0,1.0,0.32556072567574634,0.2978543941386225,0.0,1.0,19,0.1458670988654781,4.799837925445705,12
317,1239,1744,14.363953780813798,74.26876513317191,11,6,4,2,953,0.7722852512155591,281,1079,0.8743922204213939,0.9118572927597062,869,210,0.9118572927597062,0.7473309608540926,0.8743922204213939,176,1051,5.971590909090909,0.008914100486223663,0.004862236628849271,0.0032414910858995136,0.0016207455429497568,0.5663776718998151,0.2536522091373402,0.0,1.0,0.5100106745814783,0.28735882069181357,0.0,0.967741935483871,0.45950167929391555,0.3077467500148499,0.0,1.0,0.32375224556744514,0.29710286000441466,0.0,1.0,19,0.14608555286521388,4.8208232445520585,12
318,1242,1744,14.41391720194749,74.71417069243157,6,3,2,1,918,0.7409200968523002,321,1082,0.8732849071832123,0.9019607843137255,828,254,0.9019607843137255,0.7912772585669782,0.8732849071832123,180,1062,5.9,0.004842615012106538,0.002421307506053269,0.0016142050040355124,0.0008071025020177562,0.5662303256973663,0.2538534148754645,0.0,1.0,0.5101812892836736,0.2872338377721255,0.0,0.967741935483871,0.45987221443041915,0.30740712033368545,0.0,1.0,0.3223209183938497,0.2965610273908283,0.0,1.0,19,0.1457326892109501,4.829307568438003,12
319,1248,1746,14.322948451264,74.4735576923077,11,5,5,0,964,0.7761674718196457,278,1114,0.8969404186795491,0.9221991701244814,889,225,0.9221991701244814,0.8093525179856115,0.8969404186795491,177,1093,6.175141242937853,0.008856682769726247,0.004025764895330112,0.004025764895330112,0.0,0.567178453267163,0.2534078597239743,0.0,1.0,0.5100547973531844,0.2868391522854994,0.0,0.967741935483871,0.45810070306038053,0.3074627956552979,0.0,1.0,0.32273573200992556,0.29660170926054374,0.0,1.0,19,0.14583333333333334,4.842948717948718,12
320,1247,1749,14.383813773621313,74.99679230152366,3,4,3,1,978,0.7836538461538461,270,1085,0.8693910256410257,0.9079754601226994,888,197,0.9079754601226994,0.7296296296296296,0.8693910256410257,170,1058,6.223529411764706,0.002403846153846154,0.003205128205128205,0.002403846153846154,0.0008012820512820513,0.5675298134878548,0.253521570733599,0.0,1.0,0.5100240577385726,0.28695208612164064,0.0,0.967741935483871,0.45751092945650207,0.3079111564305209,0.0,1.0,0.32291693613058436,0.2967640490774142,0.0,1.0,19,0.14514835605453089,4.844426623897354,12
321,1252,1743,14.362014070045637,75.00958466453675,9,4,4,0,950,0.7618283881315157,297,1093,0.8765036086607859,0.911578947368421,866,227,0.911578947368421,0.7643097643097643,0.8765036086607859,175,1062,6.0685714285714285,0.007217321571772253,0.0032076984763432237,0.0032076984763432237,0.0,0.5676337215294238,0.25371427713498923,0.0,1.0,0.5082706379470268,0.28588088726051913,0.0,0.967741935483871,0.45601875708543743,0.3066097496714014,0.0,1.0,0.32162733175306607,0.29605164471953016,0.0,1.0,19,0.14536741214057508,4.848242811501597,12
322,1256,1739,14.364363010299703,75.14808917197452,10,6,3,3,975,0.7787539936102237,277,1105,0.8825878594249201,0.9097435897435897,887,218,0.9097435897435897,0.7870036101083032,0.8825878594249201,178,1079,6.061797752808989,0.007987220447284345,0.004792332268370607,0.0023961661341853034,0.0023961661341853034,0.5679833573042942,0.2539504903115153,0.0,1.0,0.5084497637148141,0.28596341105040024,0.0,0.967741935483871,0.45502876515307167,0.306469072098541,0.0,1.0,0.321373536059174,0.29631237635164964,0.0,1.0,19,0.14570063694267515,4.865445859872612,12
323,1259,1733,14.407934841192144,75.43764892772042,7,4,3,1,965,0.768312101910828,291,1094,0.8710191082802548,0.8922279792746114,861,233,0.8922279792746114,0.8006872852233677,0.8710191082802548,179,1067,5.960893854748603,0.005573248407643312,0.0031847133757961785,0.0023885350318471337,0.0007961783439490446,0.5688078095774937,0.2541376418705947,0.0,1.0,0.5082374644495119,0.2854789836583409,0.0,0.967741935483871,0.45404699069922366,0.30586455231350895,0.0,1.0,0.32122268057085757,0.29622086813734694,0.0,1.0,19,0.14773629864972201,4.868943606036537,12
324,1259,1739,14.379643781326658,75.52343129467832,7,7,5,2,977,0.7760127084988085,282,1091,0.8665607625099285,0.8955987717502559,875,216,0.8955987717502559,0.7659574468085106,0.8665607625099285,174,1071,6.155172413793103,0.005559968228752979,0.005559968228752979,0.003971405877680699,0.0015885623510722795,0.5696020907530298,0.253777996077967,0.0,1.0,0.5076481590612109,0.2852897587114426,0.0,0.967741935483871,0.45502062568859053,0.3055118683333372,0.0,1.0,0.3215557662251146,0.2966529784610486,0.0,1.0,19,0.14932486100079428,4.866560762509929,12
325,1262,1740,14.337991003153942,75.68541996830427,9,6,4,2,992,0.7879269261318507,267,1096,0.8705321683876092,0.90625,899,197,0.90625,0.7378277153558053,0.8705321683876092,173,1070,6.184971098265896,0.007148530579825258,0.004765687053216839,0.003177124702144559,0.0015885623510722795,0.5693471703900619,0.25344322626689364,0.0,1.0,0.5066969991309238,0.2850302160374057,0.0,0.967741935483871,0.45312100608353356,0.30479608690736737,0.0,1.0,0.3197433669035325,0.29563782473498,0.0,1.0,19,0.14976228209191758,4.874801901743265,12
326,1276,1742,14.201229069431895,75.71238244514106,15,1,1,0,957,0.7583201267828843,305,1114,0.8827258320126783,0.9205851619644723,881,233,0.9205851619644723,0.7639344262295082,0.8827258320126783,175,1091,6.234285714285714,0.011885895404120444,0.000792393026941363,0.000792393026941363,0.0,0.5711143695014663,0.25410877238528135,0.0,1.0,0.5063959955506118,0.2846275107696936,0.0,0.967741935483871,0.4532814238042269,0.3052752517552582,0.0,1.0,0.3197997775305895,0.2956755821679894,0.0,1.0,19,0.15047021943573669,4.88871473354232,12
327,1274,1746,14.243877715642622,76.27708006279435,3,5,3,2,1012,0.7931034482758621,264,1135,0.8894984326018809,0.9140316205533597,925,210,0.9140316205533597,0.7954545454545454,0.8894984326018809,172,1111,6.459302325581396,0.0023510971786833857,0.003918495297805642,0.0023510971786833857,0.001567398119122257,0.5715551729376613,0.25402571693387904,0.0,1.0,0.5061021927381374,0.2840153006744835,0.0,0.967741935483871,0.45224591077125637,0.3052686164392989,0.0,1.0,0.3202511773940345,0.295889411264915,0.0,1.0,19,0.15070643642072212,4.883045525902669,12
328,1272,1744,14.324016839726008,76.73349056603773,5,7,3,4,975,0.7653061224489796,299,1113,0.8736263736263736,0.9148717948717948,892,221,0.9148717948717948,0.7391304347826086,0.8736263736263736,179,1090,6.089385474860335,0.003924646781789639,0.005494505494505495,0.002354788069073783,0.0031397174254317113,0.572149523229864,0.25420432298671625,0.0,1.0,0.5054524244268613,0.283922806560987,0.0,0.967741935483871,0.4518918644755528,0.3051258882234755,0.0,1.0,0.3199685534591195,0.2955098063475152,0.0,1.0,19,0.1509433962264151,4.885220125786163,12
329,1276,1740,14.278097216905543,76.75862068965517,9,5,4,1,1040,0.8176100628930818,232,1108,0.8710691823899371,0.9076923076923077,944,164,0.9076923076923077,0.7068965517241379,0.8710691823899371,179,1083,6.050279329608938,0.007075471698113208,0.003930817610062893,0.0031446540880503146,0.0007861635220125787,0.5712660531904136,0.2545536967742334,0.0,1.0,0.5046010718980686,0.2846879657626866,0.0,0.967741935483871,0.4532814238042269,0.3054568510247932,0.0,1.0,0.3202548285974315,0.29569605972504676,0.0,1.0,19,0.15047021943573669,4.894200626959248,12
330,1280,1733,14.241784664267865,76.86796875,9,5,4,1,1006,0.7884012539184952,270,1135,0.8894984326018809,0.9224652087475149,928,207,0.9224652087475149,0.7666666666666667,0.8894984326018809,179,1107,6.184357541899441,0.007053291536050157,0.003918495297805642,0.003134796238244514,0.0007836990595611285,0.5717237903225806,0.2550321095117072,0.0,1.0,0.5044354838709677,0.2845554545457855,0.0,0.967741935483871,0.4518649193548387,0.3049996400005445,0.0,1.0,0.3183719758064516,0.2948146151220569,0.0,1.0,19,0.15078125,4.90625,12
331,1283,1735,14.181820555045924,77.02416212003118,10,7,4,3,1012,0.790625,268,1115,0.87109375,0.8962450592885376,907,208,0.8962450592885376,0.7761194029850746,0.87109375,174,1091,6.2701149425287355,0.0078125,0.00546875,0.003125,0.00234375,0.5713675106227842,0.2545948728121519,0.0,1.0,0.5045633972795616,0.28436988879693464,0.0,0.967741935483871,0.4523671837678827,0.30486822897816185,0.0,1.0,0.318381816810399,0.29556946703120807,0.0,1.0,19,0.15120810600155885,4.9173811379579115,12
332,1289,1736,14.150601593023033,77.32350659425911,10,4,1,3,996,0.7763055339049104,287,1124,0.8760717069368668,0.9136546184738956,910,214,0.9136546184738956,0.7456445993031359,0.8760717069368668,172,1097,6.377906976744186,0.00779423226812159,0.003117692907248636,0.000779423226812159,0.002338269680436477,0.570609875122,0.2548636729003433,0.0,1.0,0.5040666683350434,0.28464003940077465,0.0,0.967741935483871,0.45348982707274954,0.3047085400933871,0.0,1.0,0.31947746440101105,0.2963265378770253,0.0,1.0,19,0.15128006206361522,4.917765709852599,12
333,1285,1732,14.207459786448748,77.82568093385214,3,7,5,2,1021,0.7920868890612878,268,1155,0.8960434445306439,0.9245837414299706,944,211,0.9245837414299706,0.7873134328358209,0.8960434445306439,174,1125,6.4655172413793105,0.0023273855702094647,0.005430566330488751,0.003878975950349108,0.0015515903801396431,0.5712815363373918,0.2548258054967863,0.0,1.0,0.5025229069913393,0.28436830966901533,0.0,0.967741935483871,0.452391113342538,0.3042225047949773,0.0,1.0,0.31838835195180115,0.29570111839048324,0.0,1.0,19,0.1517509727626459,4.9206225680933855,12
334,1293,1726,14.135336094504272,77.77184841453983,13,5,3,2,954,0.7424124513618677,331,1141,0.8879377431906614,0.9171907756813418,875,266,0.9171907756813418,0.8036253776435045,0.8879377431906614,176,1111,6.3125,0.010116731517509728,0.0038910505836575876,0.0023346303501945525,0.0015564202334630351,0.5739590350023701,0.2548865831484872,0.0,1.0,0.4998378364892847,0.2840343562003541,0.0,0.967741935483871,0.4506149739290971,0.3034079303432468,0.0,1.0,0.3170171893321358,0.2945271521325855,0.0,1.0,19,0.15390564578499613,4.928847641144625,12
335,1293,1720,14.199478286713001,78.45475638051045,6,6,1,5,1010,0.7811291569992266,283,1131,0.8747099767981439,0.8940594059405941,903,228,0.8940594059405941,0.8056537102473498,0.8747099767981439,171,1096,6.409356725146199,0.004640371229698376,0.004640371229698376,0.0007733952049497294,0.0038669760247486465,0.5727365716139011,0.2547773616782054,0.0,1.0,0.5002619564403862,0.2842297188038588,0.0,0.967741935483871,0.4498415787241474,0.3033022622358176,0.0,1.0,0.3161190529650974,0.2939508331005361,0.0,1.0,19,0.15390564578499613,4.929621036349575,12
336,1301,1715,14.130569826900734,78.5695618754804,12,4,2,2,1016,0.785769528228925,277,1130,0.8739365815931941,0.9015748031496063,916,214,0.9015748031496063,0.7725631768953068,0.8739365815931941,177,1102,6.2259887005649714,0.009280742459396751,0.0030935808197989174,0.0015467904098994587,0.0015467904098994587,0.5724132801071137,0.2546658208826577,0.0,1.0,0.5000619870571025,0.28465009747976033,0.0,0.967741935483871,0.450050829386824,0.3031777814993106,0.0,1.0,0.31662988767945255,0.2939403690803222,0.0,1.0,19,0.15449654112221367,4.931591083781706,12
337,1303,1713,14.157339674613532,79.0575594781274,6,4,2,2,989,0.760184473481937,312,1151,0.8847040737893928,0.916076845298281,906,245,0.916076845298281,0.7852564102564102,0.8847040737893928,176,1125,6.392045454545454,0.004611837048424289,0.0030745580322828594,0.0015372790161414297,0.0015372790161414297,0.5730943480305993,0.25476564647306377,0.0,1.0,0.4990468645557399,0.2850729135070334,0.0,0.967741935483871,0.44992944322035994,0.30321971104613255,0.0,1.0,0.31686183249572947,0.2939244185822492,0.0,1.0,19,0.15425940138142746,4.932463545663853,12
338,1305,1709,14.129275826554736,79.19310344827586,7,5,5,0,1004,0.7705295471987721,299,1096,0.8411358403683806,0.8824701195219123,886,210,0.8824701195219123,0.7023411371237458,0.8411358403683806,170,1062,6.247058823529412,0.005372217958557176,0.003837298541826554,0.003837298541826554,0.0,0.5743665801507848,0.254781619152657,0.0,1.0,0.4981584476578915,0.28495707569909956,0.0,0.967741935483871,0.44837473736250155,0.3027600640757109,0.0,1.0,0.3162773451983686,0.29275430388006346,0.0,1.0,19,0.1532567049808429,4.940996168582376,12
339,1303,1700,14.197610659905745,79.86032233307752,5,7,2,5,1025,0.7854406130268199,280,1130,0.8659003831417624,0.8926829268292683,915,215,0.8926829268292683,0.7678571428571429,0.8659003831417624,179,1100,6.145251396648045,0.0038314176245210726,0.0053639846743295016,0.0015325670498084292,0.0038314176245210726,0.5744312133290421,0.2552464302671205,0.0,1.0,0.4985517292600203,0.2846867737319947,0.0,0.967741935483871,0.44814695615576955,0.3031993073774,0.0,1.0,0.3163666972000099,0.2934765827051686,0.0,1.0,19,0.15272448196469685,4.9470452801227935,12
340,1308,1683,14.15530665198404,79.89678899082568,10,5,4,1,1036,0.795088257866462,267,1104,0.8472755180353031,0.8957528957528957,928,176,0.8957528957528957,0.6591760299625468,0.8472755180353031,182,1069,5.873626373626373,0.007674597083653108,0.003837298541826554,0.0030698388334612432,0.0007674597083653108,0.5758853704251751,0.25544088140239274,0.0,1.0,0.4969912202821347,0.2847860563259902,0.0,0.967741935483871,0.4475189898392029,0.30229831548607883,0.0,1.0,0.3149353852224524,0.29302357542761936,0.0,1.0,19,0.1551987767584098,4.951070336391437,12
341,1314,1675,14.120656990886548,80.11111111111111,11,5,2,3,1015,0.7759938837920489,293,1138,0.8700305810397554,0.9054187192118227,919,219,0.9054187192118227,0.7474402730375427,0.8700305810397554,172,1102,6.406976744186046,0.008409785932721712,0.00382262996941896,0.0015290519877675841,0.0022935779816513763,0.5763735454411548,0.25545049958551713,0.0,1.0,0.4958265822163303,0.2849184517594224,0.0,0.967741935483871,0.4473903864093877,0.3023868878863024,0.0,1.0,0.3143565571758236,0.2922956483930615,0.0,1.0,19,0.1552511415525114,4.961187214611872,12
342,1319,1670,14.096852998447535,80.4677786201668,7,2,2,0,1042,0.7929984779299848,272,1147,0.8729071537290716,0.8982725527831094,936,211,0.8982725527831094,0.7757352941176471,0.8729071537290716,179,1121,6.262569832402234,0.00532724505327245,0.0015220700152207,0.0015220700152207,0.0,0.5771968010956492,0.2551405792820203,0.0,1.0,0.4955856098217124,0.285096272561486,0.0,0.967741935483871,0.4474308493726919,0.30235295193448125,0.0,1.0,0.3146322971948446,0.29208073110053506,0.0,1.0,19,0.155420773313116,4.974222896133434,12
343,1325,1660,14.081370538384192,80.75169811320755,9,3,2,1,1021,0.7740712661106899,298,1149,0.8711144806671721,0.9030362389813908,922,227,0.9030362389813908,0.761744966442953,0.8711144806671721,173,1112,6.427745664739884,0.006823351023502654,0.002274450341167551,0.001516300227445034,0.000758150113722517,0.577650639074863,0.2549655406580463,0.0,1.0,0.49492391965916005,0.28518541572721384,0.0,0.967741935483871,0.4475958612294583,0.3024600901989329,0.0,1.0,0.31413268411442485,0.2917973300151208,0.0,1.0,19,0.15471698113207547,4.977358490566037,12
344,1327,1644,14.137061306594706,81.22984174830445,7,5,2,3,1022,0.7713207547169811,303,1105,0.8339622641509434,0.8737769080234834,893,212,0.8737769080234834,0.6996699669966997,0.8339622641509434,170,1059,6.229411764705882,0.005283018867924529,0.0037735849056603774,0.0015094339622641509,0.0022641509433962265,0.5768529547609208,0.25477037508551914,0.0,1.0,0.4954177504436395,0.2852406993858862,0.0,0.967741935483871,0.44806378685854586,0.30298031104516676,0.0,1.0,0.3142912706322775,0.2922479165623977,0.0,1.0,19,0.15373021853805577,4.985681989449887,12
345,1341,1634,14.026422045649012,81.2386278896346,15,1,1,0,1024,0.771665410700829,303,1120,0.8440090429540317,0.8935546875,915,205,0.8935546875,0.6765676567656765,0.8440090429540317,172,1082,6.290697674418604,0.011303692539562924,0.0007535795026375283,0.0007535795026375283,0.0,0.5777585335931298,0.2549870351333897,0.0,1.0,0.4960910249933848,0.2853276541098674,0.0,0.967741935483871,0.4472107959875875,0.30344486899743917,0.0,1.0,0.3137523754540425,0.2916739598339647,0.0,1.0,19,0.15361670395227442,5.01193139448173,12
346,1340,1623,14.048685056618451,81.49701492537314,5,6,5,1,1039,0.7747949291573453,302,1152,0.8590604026845637,0.9027911453320501,938,214,0.9027911453320501,0.7086092715231788,0.8590604026845637,186,1127,6.059139784946237,0.0037285607755406414,0.0044742729306487695,0.0037285607755406414,0.0007457121551081282,0.5771545498314877,0.25517354833231315,0.0,1.0,0.4962686567164179,0.2855177630387305,0.0,0.967741935483871,0.4470630717380838,0.3035712679572102,0.0,1.0,0.31417910447761194,0.2917981329821017,0.0,1.0,19,0.15298507462686567,5.019402985074627,12
347,1344,1630,14.000602451757816,82.10565476190476,5,1,1,0,1053,0.7858208955223881,287,1115,0.832089552238806,0.8746438746438746,921,194,0.8746438746438746,0.6759581881533101,0.832089552238806,170,1092,6.423529411764706,0.0037313432835820895,0.0007462686567164179,0.0007462686567164179,0.0,0.5772849462365591,0.2553400865602612,0.0,1.0,0.49668778801843316,0.2852157826633398,0.0,0.967741935483871,0.4469326036866359,0.30385183978745683,0.0,1.0,0.3140120967741935,0.29217568137479033,0.0,1.0,19,0.15252976190476192,5.023809523809524,12
348,1355,1608,13.945072184061331,82.24649446494465,13,2,1,1,1078,0.8020833333333334,266,1169,0.8697916666666666,0.9025974025974026,973,196,0.9025974025974026,0.7368421052631579,0.8697916666666666,186,1133,6.091397849462366,0.009672619047619048,0.001488095238095238,0.000744047619047619,0.000744047619047619,0.577740745149387,0.2558064155848757,0.0,1.0,0.4960123794786335,0.28586164539911224,0.0,0.967741935483871,0.44668491846208785,0.30401442493761394,0.0,1.0,0.3137007499107249,0.29223841383908583,0.0,1.0,19,0.15202952029520295,5.035424354243543,12
349,1356,1605,13.89803416521755,82.45058997050147,7,6,5,1,990,0.7306273062730627,365,1163,0.8583025830258303,0.8909090909090909,882,281,0.8909090909090909,0.7698630136986301,0.8583025830258303,169,1129,6.680473372781065,0.0051660516605166054,0.004428044280442804,0.0036900369003690036,0.0007380073800738007,0.5767199543248643,0.25541466310021793,0.0,1.0,0.49628889523265773,0.285773686644375,0.0,0.967741935483871,0.4475687505947283,0.3038812318921605,0.0,1.0,0.312446474450471,0.2914914040505972,0.0,1.0,19,0.15117994100294985,5.053097345132743,13
350,1360,1598,13.813510645266316,82.35367647058824,12,8,5,3,1042,0.7684365781710915,314,1155,0.8517699115044248,0.8925143953934741,930,225,0.8925143953934741,0.7165605095541401,0.8517699115044248,171,1119,6.543859649122807,0.008849557522123894,0.0058997050147492625,0.003687315634218289,0.0022123893805309734,0.5774667931688805,0.25552713240801583,0.0,1.0,0.4960626185958254,0.2863283886221214,0.0,0.967741935483871,0.4479601518026566,0.3043779860310065,0.0,1.0,0.3131641366223909,0.2917987862696844,0.0,1.0,19,0.1514705882352941,5.073529411764706,13
351,1366,1591,13.757205545121725,82.4809663250366,13,7,2,5,1035,0.7610294117647058,325,1109,0.8154411764705882,0.8618357487922705,892,217,0.8618357487922705,0.6676923076923077,0.8154411764705882,172,1074,6.244186046511628,0.009558823529411765,0.005147058823529412,0.0014705882352941176,0.003676470588235294,0.5774807537902046,0.25538634014698924,0.0,1.0,0.4967175175931611,0.28668586573727634,0.0,0.967741935483871,0.4490388702592925,0.3049500013161998,0.0,1.0,0.3136069522505077,0.29168418915695704,0.0,1.0,19,0.1500732064421669,5.081259150805271,13
352,1364,1578,13.755139254450123,82.78225806451613,6,8,5,3,1085,0.794289897510981,281,1186,0.8682284040995608,0.8986175115207373,975,211,0.8986175115207373,0.7508896797153025,0.8682284040995608,179,1152,6.435754189944134,0.004392386530014641,0.005856515373352855,0.0036603221083455345,0.0021961932650073207,0.5773105666445937,0.2554803098955286,0.0,1.0,0.49728029514710054,0.2869623707820963,0.0,0.967741935483871,0.44787626525399676,0.30462477201603577,0.0,1.0,0.3125768612241037,0.2916332531876744,0.0,1.0,19,0.15029325513196481,5.090175953079179,13
353,1376,1562,13.702863825218493,83.0203488372093,13,1,0,1,1026,0.7521994134897361,338,1164,0.8533724340175953,0.8840155945419104,907,257,0.8840155945419104,0.7603550295857988,0.8533724340175953,179,1127,6.29608938547486,0.009530791788856305,0.0007331378299120235,0.0,0.0007331378299120235,0.5782539384846211,0.2554112107160895,0.0,1.0,0.49634283570892723,0.2873302619865277,0.0,0.967741935483871,0.44781507876969245,0.3040023925238477,0.0,1.0,0.3125937734433608,0.2912823197589833,0.0,1.0,19,0.1504360465116279,5.107558139534884,13
354,1373,1551,13.744460653492716,83.45666423889294,6,9,5,4,1034,0.751453488372093,342,1149,0.8350290697674418,0.8694390715667312,899,250,0.8694390715667312,0.7309941520467836,0.8350290697674418,167,1105,6.616766467065868,0.00436046511627907,0.006540697674418605,0.003633720930232558,0.0029069767441860465,0.5787655945304607,0.2557566296121527,0.0,1.0,0.4956417545755703,0.2867175189702827,0.0,0.967741935483871,0.4468904917416536,0.30396884290652737,0.0,1.0,0.3129478655169983,0.2908345296683168,0.0,1.0,19,0.14930808448652585,5.104879825200292,13
355,1372,1535,13.79770231277299,83.74854227405248,6,7,4,3,1023,0.7450837581937363,350,1172,0.85360524399126,0.8875855327468231,908,264,0.8875855327468231,0.7542857142857143,0.85360524399126,183,1139,6.224043715846994,0.004369992716678805,0.005098324836125273,0.0029133284777858705,0.0021849963583394027,0.5793049938869557,0.25540372135469025,0.0,1.0,0.4954857519044484,0.28646471137301827,0.0,1.0,0.4470046082949308,0.3040651633214286,0.0,1.0,0.31338756700837017,0.2907057915587238,0.0,1.0,19,0.14795918367346939,5.110058309037901,13
356,1375,1529,13.72830588857262,83.976,11,8,4,4,1073,0.782069970845481,299,1169,0.8520408163265306,0.8881640260950606,953,216,0.8881640260950606,0.7224080267558528,0.8520408163265306,173,1136,6.566473988439307,0.008017492711370262,0.0058309037900874635,0.0029154518950437317,0.0029154518950437317,0.5793548387096774,0.2554423971787311,0.0,1.0,0.49489736070381235,0.2862911302514506,0.0,1.0,0.44595894428152494,0.30414257030663927,0.0,1.0,0.3141818181818182,0.2906661893873475,0.0,1.0,19,0.1461818181818182,5.111272727272727,13
357,1372,1527,13.701330185036968,84.2798833819242,4,7,6,1,1101,0.8007272727272727,274,1178,0.8567272727272728,0.8919164396003633,982,196,0.8919164396003633,0.7153284671532847,0.8567272727272728,180,1156,6.4222222222222225,0.002909090909090909,0.005090909090909091,0.004363636363636364,0.0007272727272727272,0.5797517163547447,0.25561197576653116,0.0,1.0,0.49416909620991256,0.2870070088503022,0.0,1.0,0.445687952600395,0.30453836357944236,0.0,1.0,0.31456315244992006,0.2908110135848231,0.0,1.0,19,0.14650145772594753,5.115160349854228,13
358,1381,1515,13.62866399473409,84.52932657494569,12,3,1,2,1072,0.7813411078717201,300,1171,0.8534985422740525,0.8861940298507462,950,221,0.8861940298507462,0.7366666666666667,0.8534985422740525,180,1139,6.3277777777777775,0.008746355685131196,0.002186588921282799,0.0007288629737609329,0.0014577259475218659,0.5791969353670785,0.2554072632864557,0.0,1.0,0.4951764733362921,0.28714579945497365,0.0,1.0,0.4463572446333886,0.3047442591486742,0.0,1.0,0.31442853472238447,0.29093419120847763,0.0,1.0,19,0.14482259232440262,5.137581462708183,13
359,1380,1512,13.627070005715488,85.05579710144927,5,6,3,3,1073,0.77697320782042,308,1140,0.8254887762490949,0.8741845293569431,938,202,0.8741845293569431,0.6558441558441559,0.8254887762490949,175,1112,6.354285714285714,0.003620564808110065,0.004344677769732078,0.002172338884866039,0.002172338884866039,0.5790556334735858,0.2559176850543859,0.0,1.0,0.49609630668536703,0.28662229543455114,0.0,1.0,0.4465871902758298,0.3047323931633843,0.0,1.0,0.31411874707807386,0.2919685311866129,0.0,1.0,19,0.14492753623188406,5.15072463768116,13
360,1385,1515,13.57986870695511,85.63176895306859,10,5,0,5,1038,0.7521739130434782,342,1098,0.7956521739130434,0.8439306358381503,876,222,0.8439306358381503,0.6491228070175439,0.7956521739130434,169,1070,6.331360946745562,0.007246376811594203,0.0036231884057971015,0.0,0.0036231884057971015,0.5798998486083614,0.2561141810877803,0.0,1.0,0.495865843717247,0.2866432247491854,0.0,1.0,0.44655875160125774,0.3043762825999234,0.0,1.0,0.31319436357284264,0.29208056591838727,0.0,1.0,19,0.14657039711191336,5.168231046931408,13
361,1387,1503,13.540996814533798,85.87022350396539,8,6,4,2,1090,0.7870036101083032,295,1148,0.8288808664259928,0.8605504587155963,938,210,0.8605504587155963,0.711864406779661,0.8288808664259928,175,1111,6.348571428571429,0.005776173285198556,0.004332129963898917,0.002888086642599278,0.001444043321299639,0.5801102402493197,0.25610434625985884,0.0,1.0,0.4955229434611717,0.2871722374863724,0.0,1.0,0.4467753564202153,0.3043315956972966,0.0,1.0,0.3137660767030258,0.29205196642917947,0.0,1.0,19,0.14563806777217014,5.177361211247296,13
362,1388,1496,13.578506797362257,86.61239193083574,6,5,1,4,1029,0.7418889689978371,358,1190,0.8579668348954578,0.8794946550048591,905,285,0.8794946550048591,0.7960893854748603,0.8579668348954578,178,1161,6.522471910112359,0.004325883201153569,0.003604902667627974,0.0007209805335255948,0.002883922134102379,0.5793204425025565,0.25687455035103157,0.0,1.0,0.4964441758854699,0.28745254709076795,0.0,1.0,0.44733661801617547,0.304789196943706,0.0,1.0,0.3135167797713117,0.2923996048073439,0.0,1.0,19,0.14481268011527376,5.185878962536023,13
363,1393,1493,13.49735248758687,86.92175161521895,9,4,2,2,1089,0.7845821325648416,299,1192,0.8587896253602305,0.891643709825528,971,221,0.891643709825528,0.7391304347826086,0.8587896253602305,176,1165,6.619318181818182,0.006484149855907781,0.002881844380403458,0.001440922190201729,0.001440922190201729,0.5788388949355071,0.2568627979102926,0.0,1.0,0.4967232475742769,0.28771062646886925,0.0,1.0,0.44776879790658364,0.30446089669606813,0.0,1.0,0.31181251881527455,0.2920756667367483,0.0,1.0,19,0.14501076812634603,5.193826274228284,13
364,1394,1479,13.487519070638587,87.43328550932569,9,8,2,6,1100,0.7896625987078248,293,1174,0.8427853553481695,0.8918181818181818,981,193,0.8918181818181818,0.658703071672355,0.8427853553481695,182,1142,6.274725274725275,0.006460875807609476,0.00574300071787509,0.0014357501794687725,0.004307250538406317,0.5788401906789467,0.2568462293264691,0.0,1.0,0.4969917156477067,0.28789601175044843,0.0,1.0,0.4458046003609942,0.30360218150502527,0.0,1.0,0.3107326329430277,0.2913312370769595,0.0,1.0,19,0.1449067431850789,5.20157819225251,13
365,1402,1469,13.446220816312547,87.91155492154066,9,1,0,1,1074,0.7704447632711621,320,1186,0.8507890961262554,0.8957169459962756,962,224,0.8957169459962756,0.7,0.8507890961262554,182,1158,6.362637362637362,0.006456241032998565,0.0007173601147776184,0.0,0.0007173601147776184,0.5791265933459113,0.2569156890061238,0.0,1.0,0.49631862316506375,0.2874530835406446,0.0,1.0,0.44618287239427545,0.3038951979812535,0.0,1.0,0.31052413602687406,0.29157277649347196,0.0,1.0,19,0.144793152639087,5.20756062767475,13
366,1406,1457,13.362707895517312,88.01280227596017,11,7,4,3,1102,0.7860199714693296,300,1182,0.8430813124108416,0.895644283121597,987,195,0.895644283121597,0.65,0.8430813124108416,175,1145,6.542857142857143,0.007845934379457917,0.004992867332382311,0.0028530670470756064,0.0021398002853067048,0.5807828201716148,0.25697524898052493,0.0,1.0,0.4955260863580049,0.28801200389831483,0.0,1.0,0.44651952461799654,0.30409686764350125,0.0,1.0,0.3097783692011196,0.29085303389782297,0.0,1.0,19,0.14509246088193456,5.2240398293029875,13
367,1405,1434,13.38618944979021,88.32241992882562,8,9,4,5,1126,0.8008534850640113,280,1177,0.837126600284495,0.8694493783303731,979,198,0.8694493783303731,0.7071428571428572,0.837126600284495,183,1137,6.213114754098361,0.005689900426742532,0.006401137980085348,0.002844950213371266,0.0035561877667140826,0.5808747560555619,0.25758756410950184,0.0,1.0,0.49560326024566637,0.2881205136245522,0.0,1.0,0.4475949948341178,0.30379364740881315,0.0,1.0,0.31048100103317644,0.2919384211646161,0.0,1.0,19,0.14519572953736654,5.234163701067616,13
368,1396,1424,13.526109058520754,89.63252148997135,1,10,0,10,1103,0.7850533807829182,302,1168,0.8313167259786477,0.8703535811423391,960,208,0.8703535811423391,0.6887417218543046,0.8313167259786477,176,1134,6.443181818181818,0.0007117437722419929,0.0071174377224199285,0.0,0.0071174377224199285,0.5795360014788797,0.25762849865590925,0.0,1.0,0.4967880580460301,0.288350668041595,0.0,1.0,0.4489324336814863,0.30439833565451113,0.0,1.0,0.3113966170625751,0.2926855838535861,0.0,1.0,19,0.14541547277936961,5.2277936962750715,13
369,1400,1406,13.545492026168343,90.06857142857143,10,6,1,5,1064,0.7621776504297995,332,1181,0.8459885386819485,0.8712406015037594,927,254,0.8712406015037594,0.7650602409638554,0.8459885386819485,177,1140,6.440677966101695,0.0071633237822349575,0.004297994269340974,0.0007163323782234957,0.0035816618911174787,0.5790322580645161,0.25844513981278444,0.0,1.0,0.49771889400921654,0.288469507608801,0.0,1.0,0.4491705069124424,0.3046612438904063,0.0,1.0,0.3122811059907834,0.2932371359536001,0.0,1.0,19,0.1457142857142857,5.234285714285714,13
370,1403,1396,13.5003666010474,90.38702779757662,7,4,3,1,1117,0.7978571428571428,283,1184,0.8457142857142858,0.8845120859444942,988,196,0.8845120859444942,0.6925795053003534,0.8457142857142858,174,1148,6.597701149425287,0.005,0.002857142857142857,0.002142857142857143,0.0007142857142857143,0.5792426367461431,0.2579902806138608,0.0,1.0,0.4963327432000552,0.2887364059040429,0.0,1.0,0.4489917917825857,0.30473082124419154,0.0,1.0,0.3126939967351068,0.2932397009477714,0.0,1.0,19,0.14682822523164646,5.239486813970064,13
371,1410,1390,13.412428291266764,90.66808510638297,10,3,1,2,1107,0.7890235210263721,296,1166,0.8310762651461154,0.8807588075880759,975,191,0.8807588075880759,0.6452702702702703,0.8310762651461154,176,1136,6.454545454545454,0.007127583749109052,0.0021382751247327157,0.0007127583749109052,0.0014255167498218105,0.5799816975520475,0.2578304869203959,0.0,1.0,0.4950354609929078,0.28884841874684525,0.0,1.0,0.4482955845344315,0.3041959497884426,0.0,1.0,0.3124685426675818,0.29244936951692035,0.0,1.0,19,0.14680851063829786,5.246099290780142,13
372,1411,1379,13.427980957972599,91.40822111977322,7,6,1,5,1095,0.776595744680851,315,1165,0.8262411347517731,0.8657534246575342,948,217,0.8657534246575342,0.6888888888888889,0.8262411347517731,180,1134,6.3,0.004964539007092199,0.00425531914893617,0.0007092198581560284,0.0035460992907801418,0.5794792071511854,0.2579947160846698,0.0,1.0,0.4943874168400357,0.28950734531524536,0.0,1.0,0.44843510665051095,0.30446044332731215,0.0,1.0,0.31316156466473105,0.29282746613257254,0.0,1.0,19,0.1467044649184975,5.2515946137491145,13
373,1409,1368,13.450904372056197,91.94889992902768,6,8,2,6,1066,0.7554925584691708,345,1196,0.8476257973068746,0.8761726078799249,934,262,0.8761726078799249,0.7594202898550725,0.8476257973068746,177,1162,6.564971751412429,0.004252303330970942,0.005669737774627924,0.001417434443656981,0.004252303330970942,0.5787220403397514,0.25800296919554194,0.0,1.0,0.4957760021978525,0.2888780335943424,0.0,1.0,0.4484305959385517,0.30472247768728566,0.0,1.0,0.31317108908170976,0.2929639035863941,0.0,1.0,19,0.14620298083747338,5.255500354861604,13
374,1411,1363,13.40935228066531,92.35790219702339,7,5,3,2,1055,0.7487579843860894,354,1117,0.7927608232789212,0.8530805687203792,900,217,0.8530805687203792,0.6129943502824858,0.7927608232789212,172,1084,6.3023255813953485,0.0049680624556423,0.0035486160397444995,0.0021291696238466998,0.0014194464158978,0.5794334834594546,0.2583201695618132,0.0,1.0,0.4953476143663839,0.28900426986184696,0.0,1.0,0.44806931711666403,0.3046017078210342,0.0,1.0,0.31494478864223496,0.2938723294636008,0.0,1.0,19,0.14599574769666904,5.2537207654146,13
375,1410,1348,13.416780719863837,92.81205673758865,8,9,4,5,1080,0.7654145995747696,331,1218,0.8632175761871014,0.8861111111111111,957,261,0.8861111111111111,0.7885196374622356,0.8632175761871014,178,1181,6.634831460674158,0.005669737774627924,0.0063784549964564135,0.002834868887313962,0.003543586109142452,0.5799816975520475,0.25866779683346275,0.0,1.0,0.4957218027911233,0.289061164797783,0.0,1.0,0.44925646305193323,0.3051616771290527,0.0,1.0,0.3151223976206818,0.2945429374282835,0.0,1.0,19,0.1475177304964539,5.266666666666667,13
376,1408,1343,13.389900556433831,93.2059659090909,9,11,4,7,1092,0.774468085106383,318,1192,0.8453900709219858,0.8717948717948718,952,240,0.8717948717948718,0.7547169811320755,0.8453900709219858,173,1160,6.705202312138728,0.006382978723404255,0.007801418439716312,0.0028368794326241137,0.004964539007092199,0.578399926686217,0.2586554745290071,0.0,1.0,0.4959677419354838,0.2899838158773975,0.0,1.0,0.45026118035190615,0.3061723720278926,0.0,1.0,0.318571297653959,0.29661991719908665,0.0,1.0,19,0.14488636363636365,5.276278409090909,13
377,1406,1341,13.376507323168521,93.8022759601707,7,9,3,6,1115,0.7919034090909091,293,1171,0.8316761363636364,0.8708520179372198,971,200,0.8708520179372198,0.6825938566552902,0.8316761363636364,178,1147,6.443820224719101,0.004971590909090909,0.006392045454545455,0.002130681818181818,0.004261363636363636,0.5782590740145919,0.2586064195958426,0.0,1.0,0.4971321066397467,0.2892939082811794,0.0,1.0,0.44908915706878355,0.3064104260102114,0.0,1.0,0.31739549396595235,0.2960648925067998,0.0,1.0,19,0.14438122332859174,5.280938833570413,13
378,1407,1336,13.383599128925484,94.32196162046908,5,4,3,1,1049,0.7460881934566145,357,1158,0.8236130867709816,0.8817921830314586,925,233,0.8817921830314586,0.6526610644257703,0.8236130867709816,170,1123,6.605882352941176,0.0035561877667140826,0.002844950213371266,0.0021337126600284497,0.0007112375533428165,0.5780315014787811,0.258509433922259,0.0,1.0,0.49668707155466907,0.2895751074144489,0.0,1.0,0.4484260724029621,0.30699596521933553,0.0,1.0,0.3173303986977555,0.2959822212558561,0.0,1.0,19,0.14285714285714285,5.28500355366027,13
379,1403,1328,13.40081922103782,94.84675694939416,6,10,4,6,1072,0.7619047619047619,335,1177,0.8365316275764036,0.8777985074626866,941,236,0.8777985074626866,0.7044776119402985,0.8365316275764036,169,1138,6.733727810650888,0.0042643923240938165,0.007107320540156361,0.0028429282160625444,0.0042643923240938165,0.5775871979398984,0.25867365400482895,0.0,1.0,0.49683857172418544,0.28948121917076525,0.0,1.0,0.4488078541374474,0.30718725657228435,0.0,1.0,0.3167866093394339,0.2958164936608021,0.0,1.0,19,0.14326443335709194,5.286528866714184,13
380,1402,1311,13.383038448172233,94.90156918687589,7,8,7,1,1071,0.7633642195295794,332,1192,0.849607982893799,0.8823529411764706,945,247,0.8823529411764706,0.7439759036144579,0.849607982893799,183,1158,6.327868852459017,0.004989308624376337,0.005702066999287242,0.004989308624376337,0.0007127583749109052,0.5785053610050158,0.2589299586765317,0.0,1.0,0.4966407436381206,0.2886834425685783,0.0,1.0,0.4473102940499747,0.30599298404452385,0.0,1.0,0.3172656573558511,0.29515373934532424,0.0,1.0,19,0.1433666191155492,5.286733238231099,13
381,1396,1300,13.442646206938624,95.55945558739255,6,12,3,9,1114,0.7945791726105563,288,1178,0.8402282453637661,0.8770197486535009,977,201,0.8770197486535009,0.6979166666666666,0.8402282453637661,172,1139,6.622093023255814,0.0042796005706134095,0.008559201141226819,0.0021398002853067048,0.006419400855920114,0.5781495517145763,0.2591621631412554,0.0,1.0,0.4967880580460301,0.28851606429576393,0.0,1.0,0.4465754690821702,0.3055807516807271,0.0,1.0,0.31754321101765415,0.295783585924857,0.0,1.0,19,0.14183381088825214,5.292263610315186,13
382,1395,1291,13.432205722633823,95.7168458781362,8,9,4,5,1125,0.8058739255014327,271,1134,0.8123209169054442,0.8586666666666667,966,168,0.8586666666666667,0.6199261992619927,0.8123209169054442,174,1099,6.316091954022989,0.0057306590257879654,0.0064469914040114614,0.0028653295128939827,0.0035816618911174787,0.5768065672332061,0.2593738414398239,0.0,1.0,0.4977685281535438,0.28885314924119415,0.0,1.0,0.4469418429876286,0.3059912197525579,0.0,1.0,0.31774771649901723,0.2961966453570455,0.0,1.0,19,0.14121863799283155,5.296057347670251,13
383,1401,1282,13.341503822932703,95.57458957887224,14,8,3,5,1094,0.7842293906810036,301,1160,0.8315412186379928,0.8537477148080439,934,226,0.8537477148080439,0.7508305647840532,0.8315412186379928,173,1124,6.497109826589595,0.01003584229390681,0.005734767025089606,0.002150537634408602,0.0035842293906810036,0.5756947802261058,0.25880601622513405,0.0,1.0,0.4981925352858557,0.2889105928970802,0.0,1.0,0.4464552969077387,0.30607805933848237,0.0,1.0,0.31772236420989614,0.29615359827237897,0.0,1.0,19,0.14204139900071378,5.302640970735189,13
384,1399,1271,13.347115516225427,95.94639027877055,6,8,5,3,1090,0.7780157030692363,311,1174,0.8379728765167738,0.8788990825688073,958,216,0.8788990825688073,0.6945337620578779,0.8379728765167738,182,1145,6.291208791208791,0.004282655246252677,0.005710206995003569,0.0035688793718772305,0.0021413276231263384,0.5756646452535221,0.2587821342880833,0.0,1.0,0.4977287924554405,0.2892314456711086,0.0,1.0,0.4468399086905393,0.3056771272006947,0.0,1.0,0.318084345961401,0.2960671514702102,0.0,1.0,19,0.14152966404574696,5.315225160829164,13
385,1398,1254,13.312924619863509,95.94849785407726,9,10,7,3,1090,0.7791279485346676,309,1167,0.8341672623302359,0.8706422018348624,949,218,0.8706422018348624,0.7055016181229773,0.8341672623302359,181,1131,6.248618784530387,0.006433166547533953,0.007147962830593281,0.005003573981415297,0.002144388849177984,0.5749919239466519,0.25846809503516177,0.0,1.0,0.4975541095574323,0.28951572931587577,0.0,1.0,0.44685956896949564,0.30571738543775007,0.0,1.0,0.31605057916839724,0.29502717180881577,0.0,1.0,19,0.14163090128755365,5.339771101573676,13
386,1399,1242,13.308786153130375,96.31236597569692,8,7,3,4,1111,0.7947067238912733,287,1180,0.844062947067239,0.8838883888388839,982,198,0.8838883888388839,0.6898954703832753,0.844062947067239,180,1148,6.377777777777778,0.005722460658082976,0.005007153075822604,0.002145922746781116,0.002861230329041488,0.5739814152966405,0.2580865636256909,0.0,1.0,0.49786714012312944,0.289815675516979,0.0,1.0,0.44702437224745784,0.3062658106979806,0.0,1.0,0.31787682445986765,0.2961053773759149,0.0,1.0,19,0.14081486776268765,5.343817012151537,13
387,1403,1235,13.29165153056394,96.73414112615824,9,5,1,4,1062,0.7591136526090064,337,1157,0.8270192994996426,0.8691148775894538,923,234,0.8691148775894538,0.6943620178041543,0.8270192994996426,175,1125,6.428571428571429,0.006433166547533953,0.0035739814152966403,0.0007147962830593281,0.0028591851322373124,0.5730577334283677,0.25809954900533016,0.0,1.0,0.4994136987561216,0.28964132258039527,0.0,1.0,0.4473133607706988,0.30665402939607705,0.0,1.0,0.3177982663876946,0.29636560472599455,0.0,1.0,19,0.14041339985744833,5.354953670705631,13
388,1405,1235,13.209799421140358,96.76583629893238,10,8,5,3,1055,0.751960085531005,348,1151,0.8203848895224519,0.8587677725118483,906,245,0.8587677725118483,0.7040229885057471,0.8203848895224519,170,1121,6.594117647058823,0.007127583749109052,0.005702066999287242,0.003563791874554526,0.0021382751247327157,0.5728159797956606,0.25791270606876077,0.0,1.0,0.4999196418321662,0.29043256285021973,0.0,1.0,0.44798530593502467,0.306959903317234,0.0,1.0,0.31633566754677994,0.29594967937527933,0.0,1.0,19,0.1402135231316726,5.37864768683274,13
389,1402,1227,13.214479452204227,97.08773181169758,5,8,5,3,1047,0.7451957295373666,358,1176,0.8370106761565836,0.8834765998089781,925,251,0.8834765998089781,0.7011173184357542,0.8370106761565836,178,1146,6.438202247191011,0.0035587188612099642,0.0056939501779359435,0.0035587188612099642,0.002135231316725979,0.5734434678569785,0.2580431200701531,0.0,1.0,0.500529197920022,0.29061914135370587,0.0,1.0,0.44823063825870874,0.3071714055944468,0.0,1.0,0.3158391238323133,0.2960285868739598,0.0,1.0,19,0.1405135520684736,5.39586305278174,13
390,1397,1211,13.274489149668312,97.50608446671438,6,11,5,6,1051,0.7496433666191156,351,1184,0.8445078459343794,0.8839200761179828,929,255,0.8839200761179828,0.7264957264957265,0.8445078459343794,182,1150,6.318681318681318,0.0042796005706134095,0.007845934379457917,0.003566333808844508,0.0042796005706134095,0.5717320525550142,0.25873234549780205,0.0,1.0,0.5009351836885492,0.2912691468895462,0.0,1.0,0.44946544438543423,0.3069610849468647,0.0,1.0,0.31660008774563003,0.29747225309650976,0.0,1.0,19,0.14101646385110952,5.402290622763064,13
391,1401,1212,13.144382129792291,97.45610278372591,11,7,6,1,1098,0.7859699355762347,299,1170,0.8375089477451683,0.8797814207650273,966,204,0.8797814207650273,0.6822742474916388,0.8375089477451683,171,1142,6.678362573099415,0.007874015748031496,0.005010737294201861,0.004294917680744453,0.0007158196134574087,0.5723791761644907,0.25882754252100043,0.0,1.0,0.4987451359627916,0.29246004354741856,0.0,0.967741935483871,0.4492183002924179,0.30649527227555035,0.0,1.0,0.31705463839193204,0.2966593546608506,0.0,1.0,19,0.13990007137758745,5.415417558886509,13
392,1399,1204,13.12953504144849,97.88205861329521,6,8,5,3,1117,0.7972876516773733,284,1174,0.8379728765167738,0.8845120859444942,988,186,0.8845120859444942,0.6549295774647887,0.8379728765167738,178,1144,6.426966292134831,0.004282655246252677,0.005710206995003569,0.0035688793718772305,0.0021413276231263384,0.5738430676289515,0.25896910053179006,0.0,1.0,0.4992736747446333,0.2922556268070632,0.0,0.967741935483871,0.44838479097973205,0.30604630172685215,0.0,1.0,0.3173464917337268,0.29716342616131414,0.0,1.0,19,0.14152966404574696,5.422444603288063,13
393,1399,1201,13.089035932634884,98.23802716225876,7,7,5,2,1078,0.7705503931379557,321,1176,0.8406004288777699,0.8831168831168831,952,224,0.8831168831168831,0.6978193146417445,0.8406004288777699,176,1149,6.528409090909091,0.005003573981415297,0.005003573981415297,0.0035739814152966403,0.0014295925661186562,0.5735894302381886,0.25861885246982447,0.0,1.0,0.500449629919989,0.29311260826840435,0.0,0.967741935483871,0.44803892181050975,0.3058394526334786,0.0,1.0,0.3184532730752381,0.2975735500250409,0.0,1.0,19,0.14081486776268765,5.431022158684775,13
394,1395,1194,13.113803559194329,98.6989247311828,5,9,5,4,1080,0.7719799857040743,319,1154,0.8248749106504646,0.8814814814814815,952,202,0.8814814814814815,0.6332288401253918,0.8248749106504646,177,1124,6.350282485875706,0.0035739814152966403,0.006433166547533953,0.0035739814152966403,0.0028591851322373124,0.5728986009943345,0.25890796373405195,0.0,1.0,0.5005665394843334,0.293376011048078,0.0,0.967741935483871,0.4480980460168806,0.306230866564495,0.0,1.0,0.3192276563764597,0.29768409818846553,0.0,1.0,19,0.14050179211469535,5.438709677419355,13
395,1393,1181,13.158074383610545,99.32878679109835,3,5,4,1,1090,0.7813620071684588,305,1177,0.8437275985663082,0.8862385321100917,966,211,0.8862385321100917,0.6918032786885245,0.8437275985663082,174,1138,6.540229885057471,0.002150537634408602,0.0035842293906810036,0.002867383512544803,0.0007168458781362007,0.5733274668272237,0.2588770927866973,0.0,1.0,0.5007294537202139,0.29362625602223064,0.0,0.967741935483871,0.44820878586480795,0.3065895959908025,0.0,1.0,0.3203112335872913,0.2976533524665541,0.0,1.0,19,0.13854989231873654,5.440775305096913,13
396,1387,1167,13.196619878202718,99.83633741888968,5,11,6,5,1009,0.7243359655419956,384,1183,0.8492462311557789,0.8771060455896927,885,298,0.8771060455896927,0.7760416666666666,0.8492462311557789,179,1148,6.41340782122905,0.003589375448671931,0.007896625987078248,0.004307250538406317,0.003589375448671931,0.5737842175035468,0.25892108562826016,0.0,1.0,0.4996162522966719,0.2945473751457207,0.0,0.967741935483871,0.4477521687559597,0.3058259399637558,0.0,1.0,0.318952485057097,0.29736865260691187,0.0,1.0,19,0.1391492429704398,5.457101658255227,13
397,1381,1160,13.257363505614075,100.26502534395365,7,13,4,9,1059,0.7635183850036049,328,1159,0.8356164383561644,0.8923512747875354,945,214,0.8923512747875354,0.6524390243902439,0.8356164383561644,168,1120,6.666666666666667,0.005046863734679163,0.009372746935832732,0.002883922134102379,0.006488824801730353,0.5722127490598211,0.25884967462653463,0.0,1.0,0.5006657167550396,0.2944147758677335,0.0,0.967741935483871,0.4495106397888393,0.3067230469615851,0.0,1.0,0.3215295134428067,0.2983337098746245,0.0,1.0,19,0.13613323678493844,5.4612599565532225,13
398,1387,1146,13.188169902006706,99.82047584715212,14,8,6,2,1034,0.7487328023171614,347,1160,0.8399710354815351,0.8800773694390716,910,250,0.8800773694390716,0.7204610951008645,0.8399710354815351,178,1124,6.314606741573034,0.010137581462708182,0.005792903692976104,0.004344677769732078,0.001448225923244026,0.5717143056492313,0.25874634775898064,0.0,1.0,0.5003837477033282,0.2948197882461822,0.0,0.967741935483871,0.45005465497592856,0.30702762771587117,0.0,1.0,0.3218364071911994,0.29866614882923914,0.0,1.0,19,0.13554434030281182,5.480894015861572,13
399,1389,1139,13.136891309245554,100.0280777537797,8,6,4,2,1108,0.798846431146359,279,1144,0.8248017303532804,0.8790613718411552,974,170,0.8790613718411552,0.6093189964157706,0.8248017303532804,168,1105,6.5773809523809526,0.005767844268204758,0.004325883201153569,0.002883922134102379,0.0014419610670511895,0.5705891915743514,0.259410922985386,0.0,1.0,0.5017766320629834,0.2957045660494363,0.0,0.967741935483871,0.4508000650270559,0.3074923175939872,0.0,1.0,0.3225574212127546,0.2995406498106659,0.0,1.0,19,0.13390928725701945,5.491720662347012,13
400,1382,1126,13.181023925501835,100.36903039073806,7,14,7,7,1073,0.7724982001439885,316,1139,0.8200143988480921,0.8667287977632805,930,209,0.8667287977632805,0.6613924050632911,0.8200143988480921,172,1098,6.383720930232558,0.005039596832253419,0.010079193664506839,0.005039596832253419,0.005039596832253419,0.5692778114933943,0.25983153261471537,0.0,1.0,0.5042481676859157,0.2957411185655014,0.0,0.967741935483871,0.4520563932589515,0.30815357250975495,0.0,1.0,0.3248214369077074,0.30158973101591363,0.0,1.0,19,0.13386396526772792,5.493487698986975,13
401,1383,1116,13.194058253301895,100.8647866955893,6,5,2,3,1076,0.7785817655571635,306,1157,0.837192474674385,0.8838289962825279,951,206,0.8838289962825279,0.673202614379085,0.837192474674385,180,1127,6.261111111111111,0.004341534008683068,0.00361794500723589,0.001447178002894356,0.002170767004341534,0.5692627061320644,0.25981638685215064,0.0,1.0,0.5038835630816598,0.29608199264349866,0.0,0.967741935483871,0.45191612436731743,0.30863772207556084,0.0,1.0,0.32619597415622886,0.30218401836287556,0.0,1.0,19,0.13232104121475055,5.497469269703543,13
402,1380,1104,13.240218599005688,101.29202898550724,7,10,3,7,1092,0.789587852494577,291,1158,0.8373101952277657,0.8882783882783882,970,188,0.8882783882783882,0.6460481099656358,0.8373101952277657,179,1125,6.284916201117318,0.005061460592913955,0.0072306579898770785,0.0021691973969631237,0.005061460592913955,0.5696119682094436,0.25980967062948435,0.0,1.0,0.503763440860215,0.2966255403798165,0.0,0.967741935483871,0.4508648901355774,0.30859252896870126,0.0,1.0,0.32545582047685834,0.3019614416420599,0.0,1.0,19,0.13333333333333333,5.501449275362319,13
403,1372,1091,13.300620459704085,101.68950437317784,7,15,6,9,1067,0.7731884057971015,313,1156,0.8376811594202899,0.880037488284911,939,217,0.880037488284911,0.6932907348242812,0.8376811594202899,184,1127,6.125,0.005072463768115942,0.010869565217391304,0.004347826086956522,0.006521739130434782,0.5690068654189786,0.2598575359486046,0.0,1.0,0.5053371579046365,0.2955697932831407,0.0,0.967741935483871,0.45165992664346843,0.30842887627298365,0.0,1.0,0.32432051161478415,0.30207315366395554,0.0,1.0,19,0.1348396501457726,5.512390670553936,13
404,1372,1071,13.359527967108148,102.12973760932945,5,5,3,2,1036,0.7551020408163265,336,1171,0.8534985422740525,0.9054054054054054,938,233,0.9054054054054054,0.6934523809523809,0.8534985422740525,181,1132,6.254143646408839,0.0036443148688046646,0.0036443148688046646,0.002186588921282799,0.0014577259475218659,0.5683485375717107,0.2598213774813588,0.0,1.0,0.5049374588545096,0.29563062092627085,0.0,0.967741935483871,0.4514483212639895,0.30842514734751125,0.0,1.0,0.3245556287030942,0.30210183606370516,0.0,1.0,19,0.13411078717201166,5.514577259475218,13
405,1373,1052,13.366559713904442,102.30152949745084,10,9,4,5,1050,0.7653061224489796,322,1168,0.8513119533527697,0.8857142857142857,930,238,0.8857142857142857,0.7391304347826086,0.8513119533527697,184,1133,6.157608695652174,0.007288629737609329,0.006559766763848397,0.0029154518950437317,0.0036443148688046646,0.568216526090736,0.259953589697588,0.0,1.0,0.503700397058478,0.2952821924587604,0.0,0.967741935483871,0.45123698987383404,0.308480963440831,0.0,1.0,0.32387284730869537,0.3022024611040306,0.0,1.0,19,0.13401310997815002,5.519300801165332,13
406,1370,1059,13.341017944861942,102.79124087591241,5,8,4,4,1046,0.7618353969410051,327,1095,0.797523670793882,0.8623326959847036,902,193,0.8623326959847036,0.5902140672782875,0.797523670793882,162,1064,6.567901234567901,0.003641660597232338,0.005826656955571741,0.0029133284777858705,0.0029133284777858705,0.5676477513538968,0.25964255619378535,0.0,1.0,0.5051094890510949,0.2957580915903456,0.0,0.967741935483871,0.4513068048033906,0.3089698334423977,0.0,1.0,0.32309865787614783,0.3022152083462625,0.0,1.0,19,0.1343065693430657,5.532116788321168,13
407,1376,1051,13.270189942581618,102.78997093023256,12,6,4,2,1060,0.7737226277372263,310,1145,0.8357664233576643,0.8886792452830189,942,203,0.8886792452830189,0.6548387096774193,0.8357664233576643,178,1115,6.264044943820225,0.008759124087591242,0.004379562043795621,0.00291970802919708,0.00145985401459854,0.5672824456114028,0.258819286132878,0.0,1.0,0.504571455363841,0.29583206582992444,0.0,0.967741935483871,0.4517535633908477,0.30883109778979506,0.0,1.0,0.3225337584396099,0.3016838982824612,0.0,1.0,19,0.13372093023255813,5.5457848837209305,13
408,1372,1034,13.349121459181683,103.31778425655976,7,11,4,7,1069,0.7768895348837209,307,1178,0.8561046511627907,0.8877455565949486,949,229,0.8877455565949486,0.745928338762215,0.8561046511627907,179,1140,6.368715083798882,0.005087209302325582,0.007994186046511628,0.0029069767441860465,0.005087209302325582,0.5669613467506819,0.2589024013809189,0.0,1.0,0.5040910373365937,0.29473399676774964,0.0,0.967741935483871,0.4531881877174833,0.3097560366128035,0.0,1.0,0.3232154612997273,0.3029462242163449,0.0,1.0,19,0.13411078717201166,5.55466472303207,13
409,1368,1027,13.3814590630319,103.50877192982456,6,10,5,5,1006,0.7332361516034985,366,1109,0.8083090379008746,0.8677932405566601,873,236,0.8677932405566601,0.644808743169399,0.8083090379008746,176,1078,6.125,0.004373177842565598,0.007288629737609329,0.0036443148688046646,0.0036443148688046646,0.5675344274665157,0.2592115487213187,0.0,1.0,0.5034663271080928,0.2952873144205606,0.0,0.967741935483871,0.45333427655159403,0.3095253673365279,0.0,1.0,0.321755329183173,0.3022781277889766,0.0,1.0,19,0.13523391812865498,5.565789473684211,13
410,1368,1015,13.35162282378374,103.62865497076024,9,9,6,3,1069,0.7814327485380117,299,1146,0.8377192982456141,0.8802619270346118,941,205,0.8802619270346118,0.68561872909699,0.8377192982456141,181,1115,6.1602209944751385,0.006578947368421052,0.006578947368421052,0.0043859649122807015,0.0021929824561403508,0.5666383701188454,0.2596924444271369,0.0,1.0,0.5059186945859272,0.295513584243745,0.0,0.967741935483871,0.4549849085078287,0.3096911398069316,0.0,1.0,0.32265138653084324,0.30390801110849547,0.0,1.0,19,0.13596491228070176,5.576023391812866,13
411,1366,1016,13.335661178757348,103.99341142020498,10,12,4,8,1038,0.7587719298245614,330,1127,0.8238304093567251,0.861271676300578,894,233,0.861271676300578,0.706060606060606,0.8238304093567251,167,1095,6.5568862275449105,0.007309941520467836,0.008771929824561403,0.0029239766081871343,0.005847953216374269,0.5647758938270439,0.2591741179372363,0.0,1.0,0.5066594247390545,0.29536555802078945,0.0,0.967741935483871,0.456288669531951,0.3100790319792256,0.0,1.0,0.3221791904784395,0.3042929192153632,0.0,1.0,19,0.13616398243045388,5.5790629575402635,13
412,1359,1003,13.357767445062688,104.24724061810154,8,15,8,7,1100,0.8052708638360175,266,1170,0.8565153733528551,0.8963636363636364,986,184,0.8963636363636364,0.6917293233082706,0.8565153733528551,182,1139,6.258241758241758,0.005856515373352855,0.010980966325036604,0.005856515373352855,0.005124450951683748,0.5630800636141375,0.25881566110954385,0.0,1.0,0.5070616439981961,0.2948546906735354,0.0,0.967741935483871,0.45690616914714327,0.3109912329784531,0.0,1.0,0.32087160863063446,0.3036509310512544,0.0,1.0,19,0.1368653421633554,5.593818984547461,13
413,1350,994,13.429645516013794,104.72592592592592,3,12,7,5,1036,0.7623252391464312,323,1160,0.8535688005886681,0.890926640926641,923,237,0.890926640926641,0.7337461300309598,0.8535688005886681,181,1132,6.254143646408839,0.002207505518763797,0.008830022075055188,0.0051508462104488595,0.003679175864606328,0.5624850657108722,0.25903959774242463,0.0,1.0,0.5086021505376345,0.2947903931297708,0.0,0.967741935483871,0.4579689366786141,0.3114811916286252,0.0,1.0,0.32133811230585424,0.3042586404003134,0.0,1.0,19,0.13777777777777778,5.604444444444445,13
414,1348,984,13.453630965254483,105.06824925816024,6,8,5,3,1064,0.7881481481481482,286,1138,0.8429629629629629,0.8900375939849624,947,191,0.8900375939849624,0.6678321678321678,0.8429629629629629,184,1112,6.043478260869565,0.0044444444444444444,0.005925925925925926,0.003703703703703704,0.0022222222222222222,0.5625777735234996,0.2591512558698384,0.0,1.0,0.5092610318751795,0.29455910374727656,0.0,0.967741935483871,0.45883985833253566,0.3121486606304599,0.0,1.0,0.3219584569732938,0.3053039556632949,0.0,1.0,19,0.13798219584569732,5.615727002967359,13
415,1343,977,13.407171273084067,104.81608339538347,8,13,10,3,1035,0.7678041543026706,313,1092,0.8100890207715133,0.8734299516908213,904,188,0.8734299516908213,0.6006389776357828,0.8100890207715133,171,1056,6.175438596491228,0.005934718100890208,0.009643916913946587,0.00741839762611276,0.002225519287833828,0.5632791295366656,0.25926535744825246,0.0,1.0,0.5097398698148103,0.29506414335070513,0.0,0.967741935483871,0.4581942209305119,0.31144284054920507,0.0,1.0,0.32113948070040593,0.3047142178902939,0.0,1.0,19,0.13626209977661952,5.63216679076694,13
416,1345,968,13.417667714717444,105.18289962825278,8,6,3,3,999,0.7438570364854803,344,1138,0.8473566641846612,0.8768768768768769,876,262,0.8768768768768769,0.7616279069767442,0.8473566641846612,178,1107,6.219101123595506,0.005956813104988831,0.004467609828741623,0.0022338049143708115,0.0022338049143708115,0.5636647079985609,0.2589583289291934,0.0,1.0,0.5092217292241276,0.29468853667356604,0.0,0.967741935483871,0.4585681736419235,0.3107402118476211,0.0,1.0,0.3192708957908622,0.3039567353869653,0.0,1.0,19,0.137546468401487,5.649814126394052,13
417,1333,962,13.39512061068428,104.79294823705926,7,19,16,3,1004,0.7464684014869889,341,1114,0.8282527881040892,0.8605577689243028,864,250,0.8605577689243028,0.7331378299120235,0.8282527881040892,170,1078,6.341176470588235,0.0052044609665427505,0.01412639405204461,0.011895910780669145,0.0022304832713754648,0.5618420734215812,0.25909711921611694,0.0,1.0,0.5104421266606974,0.29487217959862505,0.0,0.967741935483871,0.45722721002831357,0.31048596882128615,0.0,1.0,0.31810371947825666,0.3036084397905088,0.0,1.0,19,0.13728432108027006,5.671417854463616,13
418,1333,947,13.455438204849008,105.16729182295573,7,7,3,4,1045,0.7839459864966242,288,1123,0.8424606151537885,0.8688995215311005,908,215,0.8688995215311005,0.7465277777777778,0.8424606151537885,182,1090,5.989010989010989,0.005251312828207052,0.005251312828207052,0.002250562640660165,0.003000750187546887,0.5610192870798345,0.25894567080528047,0.0,1.0,0.5112407134041576,0.29505719630176847,0.0,0.967741935483871,0.459090579096387,0.3105836933089769,0.0,1.0,0.3192411005977301,0.30463567392167357,0.0,1.0,19,0.13653413353338334,5.675918979744936,13
419,1331,937,13.433630064039454,105.08189331329827,8,10,8,2,977,0.732933233308327,356,1088,0.8162040510127532,0.8618219037871033,842,246,0.8618219037871033,0.6910112359550562,0.8162040510127532,176,1054,5.988636363636363,0.006001500375093774,0.007501875468867217,0.006001500375093774,0.0015003750937734434,0.5623470104941712,0.2594765358470836,0.0,1.0,0.5101669857734907,0.29486698250543264,0.0,0.967741935483871,0.4598531300744044,0.3099728914960159,0.0,1.0,0.3178788686653256,0.30363620389030843,0.0,1.0,19,0.13673929376408714,5.692712246431254,13
420,1335,930,13.420873301801524,104.98951310861423,10,6,5,1,954,0.7167543200601052,377,1121,0.8422238918106687,0.8794549266247379,839,282,0.8794549266247379,0.7480106100795756,0.8422238918106687,179,1093,6.106145251396648,0.007513148009015778,0.004507888805409466,0.003756574004507889,0.0007513148009015778,0.5625226531351939,0.2598564278247402,0.0,1.0,0.5102815029600097,0.29452760220932944,0.0,0.967741935483871,0.4594901534372357,0.3100884174478364,0.0,1.0,0.31733719946840644,0.3033429083773731,0.0,1.0,19,0.13707865168539327,5.699625468164794,13
421,1338,920,13.352222399497828,104.73467862481316,12,9,7,2,1045,0.7827715355805244,290,1125,0.8426966292134831,0.8861244019138756,926,199,0.8861244019138756,0.6862068965517242,0.8426966292134831,175,1090,6.228571428571429,0.008988764044943821,0.006741573033707865,0.0052434456928838954,0.00149812734082397,0.5637928540431072,0.26082207708164284,0.0,1.0,0.5089927190317759,0.2951373279870627,0.0,0.967741935483871,0.4598341289358214,0.31054515502047103,0.0,1.0,0.3171560827426588,0.3032328386511281,0.0,1.0,19,0.1375186846038864,5.72272047832586,13
422,1339,900,13.382760173818415,104.71994025392084,9,8,6,2,1038,0.7757847533632287,300,1118,0.8355754857997011,0.8805394990366089,914,204,0.8805394990366089,0.68,0.8355754857997011,175,1073,6.131428571428572,0.006726457399103139,0.005979073243647235,0.004484304932735426,0.0014947683109118087,0.5633717988869884,0.2612119029677024,0.0,1.0,0.5075043966368739,0.29513477081065476,0.0,0.967741935483871,0.45944253053554657,0.310123633201045,0.0,1.0,0.3180755980630706,0.30257264802551453,0.0,1.0,19,0.13741598207617625,5.72218073188947,13
423,1338,892,13.39937217873219,104.92825112107623,11,12,5,7,1012,0.7557879014189693,327,1107,0.8267363704256908,0.8626482213438735,873,234,0.8626482213438735,0.7155963302752294,0.8267363704256908,180,1079,5.9944444444444445,0.008215085884988798,0.008961911874533234,0.0037341299477221808,0.005227781926811053,0.5634071073822268,0.2613747483720118,0.0,1.0,0.5084623173730652,0.294546348869308,0.0,0.967741935483871,0.4593519456097208,0.3096195378692279,0.0,1.0,0.3167944452480833,0.3011402067495782,0.0,1.0,19,0.14050822122571002,5.726457399103139,13
424,1340,881,13.37903833983543,104.92985074626866,9,7,5,2,1019,0.7615844544095666,319,1122,0.8385650224215246,0.8842001962708538,901,221,0.8842001962708538,0.6927899686520376,0.8385650224215246,178,1089,6.117977528089888,0.006726457399103139,0.00523168908819133,0.0037369207772795215,0.0014947683109118087,0.5631439576311988,0.261075024641222,0.0,1.0,0.5081848820414059,0.29449567447956265,0.0,0.967741935483871,0.4601829561868079,0.3100245567991439,0.0,1.0,0.316345690900337,0.30074758860339124,0.0,1.0,19,0.14029850746268657,5.7432835820895525,13
425,1341,866,13.402277518075769,104.80909768829233,12,11,6,5,981,0.732089552238806,359,1086,0.8104477611940298,0.8664627930682977,850,236,0.8664627930682977,0.6573816155988857,0.8104477611940298,178,1049,5.893258426966292,0.008955223880597015,0.008208955223880597,0.004477611940298508,0.0037313432835820895,0.5627961800293474,0.2611959076488851,0.0,1.0,0.5074932043972962,0.29424896181974564,0.0,0.967741935483871,0.4594067980082269,0.30952096836509646,0.0,1.0,0.3163022299198961,0.30140524776112576,0.0,1.0,19,0.14168530947054436,5.75689783743475,13
426,1342,861,13.410334532965711,105.22950819672131,7,6,2,4,1065,0.7941834451901566,276,1118,0.8337061894108874,0.8910798122065727,949,169,0.8910798122065727,0.6123188405797102,0.8337061894108874,173,1086,6.277456647398844,0.005219985085756898,0.0044742729306487695,0.0014914243102162564,0.002982848620432513,0.5635786741022066,0.2612157467566928,0.0,1.0,0.507643863275804,0.2942938211535301,0.0,0.967741935483871,0.460098072208067,0.309468808931359,0.0,1.0,0.31556175183885393,0.3013601742260205,0.0,1.0,19,0.14232488822652756,5.7675111773472425,13
427,1342,857,13.403712271754536,105.42995529061103,9,9,5,4,1048,0.7809239940387481,294,1118,0.8330849478390462,0.875,917,201,0.875,0.6836734693877551,0.8330849478390462,175,1089,6.222857142857142,0.0067064083457526085,0.0067064083457526085,0.0037257824143070045,0.0029806259314456036,0.5626892937839527,0.2612466600275026,0.0,1.0,0.5077880871111965,0.29447968465915964,0.0,0.967741935483871,0.46014614681986443,0.30928703235818245,0.0,1.0,0.31387914042594106,0.3011309451475643,0.0,1.0,19,0.14307004470938897,5.791356184798808,13
428,1341,849,13.337813337932841,105.35645041014169,11,12,7,5,1087,0.8099850968703428,255,1119,0.8338301043219076,0.8804047838086476,957,162,0.8804047838086476,0.6352941176470588,0.8338301043219076,181,1092,6.033149171270718,0.00819672131147541,0.00894187779433681,0.005216095380029807,0.0037257824143070045,0.5625796829520578,0.2617256381991865,0.0,1.0,0.5086959659377931,0.294036472559201,0.0,0.967741935483871,0.45981573693199584,0.3083839140253941,0.0,1.0,0.3124293377594958,0.3002328452283811,0.0,1.0,19,0.14392244593586875,5.7979120059656974,13
429,1343,843,13.284624239652299,105.21072226358898,12,10,6,4,1007,0.7509321401938852,334,1109,0.8269947800149142,0.8649453823237339,871,238,0.8649453823237339,0.7125748502994012,0.8269947800149142,181,1084,5.988950276243094,0.008948545861297539,0.007457121551081283,0.0044742729306487695,0.002982848620432513,0.5627026637523119,0.2618875684381337,0.0,1.0,0.5073619484543511,0.2949886189566667,0.0,0.967741935483871,0.46059616169865253,0.30794237095936683,0.0,1.0,0.3123483774890111,0.3004397786441746,0.0,1.0,19,0.14370811615785556,5.8153387937453465,13
430,1336,844,13.266007612895121,105.12350299401197,8,15,11,4,1033,0.7691734921816828,310,1085,0.8078927773641102,0.8596321393998064,888,197,0.8596321393998064,0.635483870967742,0.8078927773641102,172,1058,6.151162790697675,0.005956813104988831,0.011169024571854059,0.008190618019359643,0.0029784065524944155,0.5612082287038825,0.2612381387927057,0.0,1.0,0.5095856673749275,0.29501713457158574,0.0,0.967741935483871,0.4621402356577168,0.30867219092338083,0.0,1.0,0.31210160324512265,0.3005037391105934,0.0,1.0,19,0.14296407185628743,5.832335329341317,13
431,1332,834,13.299195596262425,105.21396396396396,8,12,7,5,1051,0.7866766467065869,285,1110,0.8308383233532934,0.8639391056137012,908,202,0.8639391056137012,0.7087719298245614,0.8308383233532934,174,1074,6.172413793103448,0.005988023952095809,0.008982035928143712,0.005239520958083832,0.0037425149700598802,0.5607865930446576,0.2609293109818581,0.0,1.0,0.5094449287997675,0.2950877555094725,0.0,0.967741935483871,0.46367335077012495,0.30932238875019386,0.0,1.0,0.31192482805386035,0.3006632693128435,0.0,1.0,19,0.14189189189189189,5.841591591591592,13
432,1333,816,13.259740536612608,104.6834208552138,12,11,8,3,1008,0.7567567567567568,324,1119,0.8400900900900901,0.876984126984127,884,235,0.876984126984127,0.7253086419753086,0.8400900900900901,177,1078,6.090395480225989,0.009009009009009009,0.008258258258258258,0.006006006006006006,0.0022522522522522522,0.5614790794472813,0.2610501646844218,0.0,1.0,0.5076591728577305,0.2955920852102085,0.0,0.967741935483871,0.4633739079931273,0.30979528010458224,0.0,1.0,0.31244101347917624,0.30098474682675336,0.0,1.0,19,0.1417854463615904,5.847711927981996,13
433,1330,805,13.243694892938642,104.10977443609022,13,16,9,7,993,0.7449362340585146,340,1117,0.8379594898724682,0.8731117824773413,867,250,0.8731117824773413,0.7352941176470589,0.8379594898724682,177,1083,6.11864406779661,0.009752438109527382,0.012003000750187547,0.006751687921980495,0.005251312828207052,0.561387339316032,0.2603854941210676,0.0,1.0,0.5092165898617511,0.2958192681921282,0.0,0.967741935483871,0.46347319912684937,0.3087189186755983,0.0,1.0,0.31105990783410137,0.301256574061624,0.0,1.0,19,0.1406015037593985,5.878947368421053,13
434,1326,797,13.217449620538247,103.8604826546003,9,13,9,4,979,0.7360902255639098,351,1113,0.8368421052631579,0.8733401430030644,855,258,0.8733401430030644,0.7350427350427351,0.8368421052631579,178,1083,6.084269662921348,0.006766917293233083,0.009774436090225564,0.006766917293233083,0.0030075187969924814,0.561742811268428,0.26007539403310104,0.0,1.0,0.5084659173843235,0.295636998088959,0.0,0.967741935483871,0.46192769911934994,0.30768970722467853,0.0,1.0,0.30929791271347246,0.30044362841000893,0.0,1.0,19,0.14102564102564102,5.901960784313726,13
435,1326,795,13.189254785525208,103.88989441930619,8,8,7,1,1024,0.7722473604826546,302,1085,0.8182503770739065,0.8681640625,889,196,0.8681640625,0.6490066225165563,0.8182503770739065,177,1060,5.988700564971752,0.006033182503770739,0.006033182503770739,0.005279034690799397,0.0007541478129713424,0.5614508830827617,0.25987288954302395,0.0,1.0,0.5086605361747677,0.29541095524757915,0.0,0.967741935483871,0.4615871162360726,0.3078692148329872,0.0,1.0,0.3091762759694448,0.3000370118694144,0.0,1.0,19,0.14177978883861236,5.906485671191554,13
436,1324,789,13.222910937473225,104.29758308157099,6,8,5,3,1022,0.770739064856712,304,1078,0.8129713423831071,0.8571428571428571,876,202,0.8571428571428571,0.6644736842105263,0.8129713423831071,176,1048,5.954545454545454,0.004524886877828055,0.006033182503770739,0.003770739064856712,0.0022624434389140274,0.5622502680050677,0.25986191188637486,0.0,1.0,0.508746710846896,0.29562034682500454,0.0,0.967741935483871,0.46250365461456,0.3088289025960141,0.0,1.0,0.3099356787837443,0.30032833629514755,0.0,1.0,19,0.1404833836858006,5.908610271903323,13
437,1328,783,13.191591513347552,104.47816265060241,10,6,3,3,1027,0.775679758308157,297,1089,0.8225075528700906,0.8646543330087634,888,201,0.8646543330087634,0.6767676767676768,0.8225075528700906,183,1066,5.825136612021858,0.0075528700906344415,0.004531722054380665,0.0022658610271903325,0.0022658610271903325,0.5631315584920327,0.26009927259079124,0.0,1.0,0.5075301204819277,0.2958800514468154,0.0,0.967741935483871,0.46227652545666537,0.3085130701717696,0.0,1.0,0.30834628837932376,0.2993707836118474,0.0,1.0,19,0.1408132530120482,5.919427710843373,13
438,1331,775,13.176168606729552,104.37791134485349,11,8,5,3,984,0.7409638554216867,344,1094,0.8237951807228916,0.8719512195121951,858,236,0.8719512195121951,0.686046511627907,0.8237951807228916,180,1066,5.9222222222222225,0.008283132530120483,0.006024096385542169,0.0037650602409638554,0.002259036144578313,0.5627590218366011,0.2602107753991177,0.0,1.0,0.5069193669566904,0.296264893741216,0.0,0.967741935483871,0.46297956908460774,0.3091123827514015,0.0,1.0,0.30879038317054847,0.2994255575365589,0.0,1.0,19,0.14049586776859505,5.917355371900826,13
439,1328,771,13.201837610226027,104.8012048192771,7,10,5,5,1038,0.7798647633358378,293,1075,0.8076634109691961,0.8583815028901735,891,184,0.8583815028901735,0.6279863481228669,0.8076634109691961,183,1054,5.759562841530054,0.005259203606311044,0.007513148009015778,0.003756574004507889,0.003756574004507889,0.5633258841818889,0.26043140679966026,0.0,1.0,0.506922852701127,0.2966618496547186,0.0,0.967741935483871,0.46244656043528953,0.30920862556352996,0.0,1.0,0.3077876020209872,0.2988996791351989,0.0,1.0,19,0.14006024096385541,5.911897590361446,13
440,1333,763,13.177927493031747,104.9542385596399,9,4,3,1,1056,0.7951807228915663,272,1105,0.8320783132530121,0.8768939393939394,926,179,0.8768939393939394,0.6580882352941176,0.8320783132530121,177,1074,6.067796610169491,0.00677710843373494,0.0030120481927710845,0.002259036144578313,0.0007530120481927711,0.5630036541393413,0.2599967585245114,0.0,1.0,0.5064733925416838,0.2965484851209887,0.0,0.967741935483871,0.4616315369164872,0.30930429496268064,0.0,1.0,0.3071897006509692,0.2979626343028459,0.0,1.0,19,0.14028507126781695,5.924231057764441,13
441,1328,760,13.172033409828268,104.84713855421687,9,14,9,5,989,0.7419354838709677,344,1067,0.800450112528132,0.8483316481294236,839,228,0.8483316481294236,0.6627906976744186,0.800450112528132,174,1038,5.9655172413793105,0.006751687921980495,0.010502625656414103,0.006751687921980495,0.0037509377344336083,0.5639088612514574,0.26076717276446215,0.0,1.0,0.5064613291877187,0.2954892847230334,0.0,0.967741935483871,0.46011465215701514,0.3086982664426551,0.0,1.0,0.30701029926156237,0.2973962309434095,0.0,1.0,19,0.14006024096385541,5.928463855421687,13
442,1325,755,13.231728220739658,105.17358490566038,5,8,5,3,979,0.7371987951807228,349,1064,0.8012048192771084,0.8529111338100103,835,229,0.8529111338100103,0.6561604584527221,0.8012048192771084,173,1032,5.965317919075145,0.0037650602409638554,0.006024096385542169,0.0037650602409638554,0.002259036144578313,0.5647230675593427,0.2612150887258468,0.0,1.0,0.5062690200852099,0.2956596175094757,0.0,0.967741935483871,0.4600365185636031,0.3090169060387569,0.0,1.0,0.3072671941570298,0.2977337724626028,0.0,1.0,19,0.13962264150943396,5.935094339622641,13
443,1322,750,13.291515434963127,105.52874432677761,7,10,5,5,990,0.7471698113207547,335,1059,0.7992452830188679,0.8616161616161616,853,206,0.8616161616161616,0.6149253731343284,0.7992452830188679,174,1028,5.908045977011494,0.005283018867924529,0.007547169811320755,0.0037735849056603774,0.0037735849056603774,0.5646625347713631,0.2615794386314606,0.0,1.0,0.5066858620857938,0.2959849272063473,0.0,0.967741935483871,0.45978722365916747,0.30909301108871556,0.0,1.0,0.30728124542482066,0.2975629216267018,0.0,1.0,19,0.14069591527987896,5.941754916792738,13
444,1311,739,13.3637568132901,105.81235697940504,6,17,9,8,996,0.7534039334341907,326,1090,0.8245083207261724,0.8694779116465864,866,224,0.8694779116465864,0.6871165644171779,0.8245083207261724,175,1054,6.022857142857143,0.0045385779122541605,0.012859304084720122,0.00680786686838124,0.006051437216338881,0.5645776432666518,0.26134960529870693,0.0,1.0,0.5073940109741394,0.2959383366247905,0.0,0.967741935483871,0.4595359366157329,0.3091504505140591,0.0,1.0,0.3056519278561059,0.2969665695428447,0.0,1.0,19,0.14187643020594964,5.952707856598017,13
445,1310,736,13.37168628093093,105.98015267175573,9,10,6,4,972,0.7414187643020596,339,1075,0.8199847444698704,0.8683127572016461,844,231,0.8683127572016461,0.6814159292035398,0.8199847444698704,181,1053,5.81767955801105,0.006864988558352402,0.007627765064836003,0.004576659038901602,0.0030511060259344014,0.5639743905442008,0.26139371054045213,0.0,1.0,0.5076089633095296,0.29520722383151454,0.0,0.967741935483871,0.4594188623491751,0.30834932684997174,0.0,1.0,0.3047525240088648,0.29670120197112454,0.0,1.0,19,0.1435114503816794,5.969465648854962,13
446,1312,723,13.39370437790211,105.85594512195122,12,10,5,5,966,0.7374045801526717,344,1034,0.7893129770992366,0.8488612836438924,820,214,0.8488612836438924,0.622093023255814,0.7893129770992366,178,999,5.612359550561798,0.00916030534351145,0.007633587786259542,0.003816793893129771,0.003816793893129771,0.5656225413060583,0.2612267781878292,0.0,1.0,0.5068843430369787,0.29523964092108185,0.0,0.967741935483871,0.45844807238394963,0.30806891151152344,0.0,1.0,0.3053697875688434,0.29711987219165353,0.0,1.0,19,0.1448170731707317,5.96875,13
447,1309,715,13.348614642421927,105.24369747899159,12,15,11,4,984,0.75,328,1086,0.8277439024390244,0.8638211382113821,850,236,0.8638211382113821,0.7195121951219512,0.8277439024390244,181,1059,5.850828729281768,0.009146341463414634,0.011432926829268292,0.008384146341463415,0.003048780487804878,0.5658838315384805,0.2618152250410915,0.0,1.0,0.5068138692427118,0.29546559578977166,0.0,0.967741935483871,0.4607555632223564,0.3083995056413033,0.0,1.0,0.30542891643460907,0.297576926841157,0.0,1.0,19,0.1443850267379679,5.986249045072574,13
448,1309,710,13.335698997162336,105.20473644003056,11,11,6,5,961,0.73414820473644,348,1055,0.8059587471352178,0.8605619146722164,827,228,0.8605619146722164,0.6551724137931034,0.8059587471352178,175,1025,5.857142857142857,0.008403361344537815,0.008403361344537815,0.004583651642475172,0.0038197097020626434,0.5648488134256635,0.2618034043833009,0.0,1.0,0.5086128292959412,0.2957789909441269,0.0,0.967741935483871,0.46218487394957986,0.30901823288727986,0.0,1.0,0.3058478523374159,0.298940031347258,0.0,1.0,19,0.1443850267379679,6.001527883880825,13
449,1299,702,13.36332024043103,105.2247882986913,5,15,11,4,1034,0.7899159663865546,275,1060,0.8097784568372803,0.8588007736943907,888,172,0.8588007736943907,0.6254545454545455,0.8097784568372803,184,1036,5.630434782608695,0.0038197097020626434,0.01145912910618793,0.008403361344537815,0.0030557677616501145,0.5651990364796742,0.2616407813300286,0.0,1.0,0.5073629839330502,0.29600893512910265,0.0,0.967741935483871,0.46323474633092454,0.3088894569768749,0.0,1.0,0.3050485485112618,0.29871257387246336,0.0,1.0,19,0.14395688991531946,6.003849114703618,13
450,1301,700,13.307244923722815,104.91698693312836,12,10,7,3,968,0.7451886066204773,331,1072,0.8252501924557352,0.8667355371900827,839,233,0.8667355371900827,0.7039274924471299,0.8252501924557352,174,1044,6.0,0.009237875288683603,0.007698229407236336,0.005388760585065435,0.0023094688221709007,0.5654459348887952,0.2619744361768635,0.0,1.0,0.5060623341846222,0.2955841632681705,0.0,0.967741935483871,0.46279536832709334,0.3084928772535034,0.0,1.0,0.30569537080657555,0.29799511122106725,0.0,1.0,19,0.14219830899308225,6.009992313604919,13
451,1296,694,13.321685014981236,104.6520061728395,11,16,9,7,972,0.7471176018447349,329,1050,0.8070714834742506,0.8611111111111112,837,213,0.8611111111111112,0.6474164133738601,0.8070714834742506,176,1020,5.795454545454546,0.008455034588777863,0.012298232129131437,0.006917755572636433,0.005380476556495004,0.5647650338510554,0.2619614466053638,0.0,1.0,0.5058243727598566,0.2953073191636718,0.0,1.0,0.4624900438072481,0.3083708781894905,0.0,1.0,0.3039625647152529,0.29844263633099627,0.0,1.0,19,0.1427469135802469,6.037037037037037,14
452,1287,681,13.41111558035453,104.998445998446,7,16,7,9,1026,0.7916666666666666,270,1071,0.8263888888888888,0.8771929824561403,900,171,0.8771929824561403,0.6333333333333333,0.8263888888888888,172,1030,5.988372093023256,0.005401234567901234,0.012345679012345678,0.005401234567901234,0.006944444444444444,0.5630749179136275,0.26189166084494175,0.0,1.0,0.5063037321101838,0.29499105635594525,0.0,1.0,0.4612126225029451,0.3084073618557045,0.0,1.0,0.3027295285359802,0.2974068557220738,0.0,1.0,19,0.14219114219114218,6.048951048951049,14
453,1282,684,13.407882514091911,105.05304212168487,7,12,8,4,977,0.7591297591297591,310,1046,0.8127428127428128,0.8761514841351075,856,190,0.8761514841351075,0.6129032258064516,0.8127428127428128,170,1019,5.9941176470588236,0.005439005439005439,0.009324009324009324,0.006216006216006216,0.003108003108003108,0.5633335010819787,0.26089668175868824,0.0,1.0,0.5075235267475215,0.29499696012103716,0.0,1.0,0.46140103668662874,0.3089187969061445,0.0,1.0,0.302023048663882,0.2972194752312145,0.0,1.0,19,0.1435257410296412,6.059282371294851,14
454,1280,677,13.384718439595469,104.71796875,11,13,9,4,1010,0.7878315132605305,272,1074,0.8377535101404057,0.8782178217821782,887,187,0.8782178217821782,0.6875,0.8377535101404057,173,1040,6.011560693641618,0.00858034321372855,0.01014040561622465,0.0070202808112324495,0.0031201248049922,0.563054435483871,0.2619903193780416,0.0,1.0,0.5080645161290323,0.29453430234005473,0.0,1.0,0.4612147177419355,0.30932648883996383,0.0,1.0,0.30221774193548384,0.2969586969207992,0.0,1.0,19,0.14375,6.06171875,14
455,1274,670,13.446370460382743,104.87048665620094,5,11,8,3,998,0.7796875,282,1074,0.8390625,0.8927855711422845,891,183,0.8927855711422845,0.648936170212766,0.8390625,174,1041,5.982758620689655,0.00390625,0.00859375,0.00625,0.00234375,0.5626677469995442,0.26183863063991525,0.0,1.0,0.5081784574872132,0.29424965791314206,0.0,1.0,0.45989264192029167,0.30840248706659856,0.03225806451612903,1.0,0.3023497240087102,0.29725892958713335,0.0,1.0,19,0.14364207221350078,6.067503924646782,14
456,1277,667,13.408221996121968,104.50039154267816,12,9,6,3,969,0.7605965463108321,305,1032,0.8100470957613815,0.8596491228070176,833,199,0.8596491228070176,0.6524590163934426,0.8100470957613815,172,1001,5.819767441860465,0.009419152276295133,0.00706436420722135,0.004709576138147566,0.002354788069073783,0.5612195922903983,0.261860320692239,0.0,1.0,0.5081466137873544,0.294675236026272,0.0,1.0,0.46063101523227323,0.30871400532261284,0.03225806451612903,1.0,0.3031045545254755,0.29712848738618297,0.0,1.0,19,0.14095536413469067,6.083790133124511,14
457,1269,666,13.452759019155204,104.59022852639873,4,12,10,2,938,0.7345340642129993,339,1024,0.8018794048551292,0.8539445628997868,801,223,0.8539445628997868,0.6578171091445427,0.8018794048551292,179,1002,5.597765363128492,0.0031323414252153485,0.009397024275646046,0.007830853563038372,0.0015661707126076742,0.5616309514730929,0.2620643445947767,0.0,1.0,0.5084013320114898,0.29461532583458194,0.0,1.0,0.4591880830727777,0.3079474391182505,0.03225806451612903,1.0,0.30176161061541984,0.2969955219136833,0.0,1.0,19,0.14184397163120568,6.102442868400315,14
458,1261,664,13.446179478953784,104.20618556701031,7,15,12,3,974,0.7675334909377463,295,1058,0.8337273443656422,0.8860369609856262,863,195,0.8860369609856262,0.6610169491525424,0.8337273443656422,180,1036,5.7555555555555555,0.005516154452324665,0.01182033096926714,0.009456264775413711,0.002364066193853428,0.5622265994730246,0.26202937968585815,0.0,1.0,0.5081476554705686,0.2944289115347813,0.0,1.0,0.45826405054871966,0.30839386953587045,0.03225806451612903,1.0,0.3017062751016858,0.2969200296323145,0.0,1.0,19,0.14195083267248215,6.118160190325138,14
459,1264,666,13.450221686484394,104.29272151898734,10,7,3,4,940,0.7454401268834259,321,1035,0.8207771609833465,0.8723404255319149,820,215,0.8723404255319149,0.6697819314641744,0.8207771609833465,165,1002,6.072727272727272,0.007930214115781126,0.0055511498810467885,0.0023790642347343376,0.0031720856463124504,0.5639801959983667,0.26215001046738273,0.0,1.0,0.5062780726827276,0.2944811888913833,0.0,1.0,0.45870763576970186,0.30820197292284823,0.03225806451612903,1.0,0.3027000816659861,0.2970292128914098,0.0,1.0,19,0.14161392405063292,6.1210443037974684,14
460,1259,660,13.53376480859415,104.57982525814138,5,10,6,4,959,0.7587025316455697,305,1033,0.817246835443038,0.862356621480709,827,206,0.862356621480709,0.6754098360655738,0.817246835443038,177,1004,5.672316384180791,0.003955696202531646,0.007911392405063292,0.004746835443037975,0.0031645569620253164,0.562812267800866,0.2619131234692875,0.0,1.0,0.5090573675984524,0.294439165690328,0.0,1.0,0.459632580901381,0.3086344300968614,0.03225806451612903,1.0,0.3018780906505419,0.29766917089567607,0.0,1.0,19,0.14297061159650518,6.128673550436854,14
461,1255,669,13.488960998379763,104.45099601593625,11,15,8,7,1023,0.812549642573471,236,1067,0.8474980142970612,0.8885630498533724,909,158,0.8885630498533724,0.6694915254237288,0.8474980142970612,166,1042,6.27710843373494,0.008737092930897538,0.011914217633042097,0.006354249404289118,0.005559968228752979,0.5628068371674593,0.26211040375791583,0.0,1.0,0.5078781647603136,0.29312205471742253,0.0,1.0,0.4600436961830099,0.30865222994760294,0.03225806451612903,1.0,0.30163218095360494,0.2969285666733092,0.0,1.0,19,0.14262948207171314,6.137848605577689,14
462,1254,669,13.45342678850089,104.07177033492823,12,13,9,4,979,0.7800796812749003,276,1026,0.8175298804780876,0.8794688457609806,861,165,0.8794688457609806,0.5978260869565217,0.8175298804780876,169,995,5.887573964497041,0.009561752988047808,0.010358565737051793,0.007171314741035857,0.0031872509960159364,0.5620208879971189,0.26219870594019035,0.0,1.0,0.5076915161804805,0.29370448167252283,0.0,1.0,0.4614652466944487,0.30978911581209656,0.03225806451612903,1.0,0.3024643720738797,0.29788465866716074,0.0,1.0,19,0.1419457735247209,6.146730462519936,14
463,1249,668,13.474906132112915,104.00640512409927,8,13,8,5,937,0.7472089314194578,317,1042,0.8309409888357256,0.8858057630736392,830,212,0.8858057630736392,0.668769716088328,0.8309409888357256,180,1021,5.6722222222222225,0.006379585326953748,0.01036682615629984,0.006379585326953748,0.003987240829346092,0.561223172086056,0.26209314877711626,0.0,1.0,0.507967664454144,0.2938098925210713,0.0,1.0,0.4610656266949043,0.31033170027363105,0.03225806451612903,1.0,0.30067925307988325,0.29813666930774335,0.0,1.0,19,0.14251401120896717,6.164931945556445,14
464,1242,675,13.408228606375461,103.35507246376811,10,17,13,4,964,0.7718174539631706,285,1045,0.8366693354683747,0.8838174273858921,852,193,0.8838174273858921,0.6771929824561403,0.8366693354683747,174,1026,5.896551724137931,0.008006405124099279,0.013610888710968775,0.010408326661329063,0.0032025620496397116,0.5607760635811126,0.2623306606355104,0.0,1.0,0.5098436444860007,0.29397737490029047,0.0,1.0,0.4607033400862293,0.3105482394434942,0.03225806451612903,1.0,0.3000363617474417,0.2977557187235507,0.0,1.0,19,0.14412238325281804,6.179549114331723,14
465,1240,680,13.394456506493281,103.24596774193549,8,10,7,3,978,0.7874396135265701,264,1025,0.8252818035426731,0.8721881390593047,853,172,0.8721881390593047,0.6515151515151515,0.8252818035426731,174,1004,5.7701149425287355,0.00644122383252818,0.008051529790660225,0.005636070853462158,0.0024154589371980675,0.559573361082206,0.26231042616151184,0.0,1.0,0.5124349635796045,0.29381032942269114,0.0,1.0,0.46157648283038505,0.31097583551735414,0.03225806451612903,1.0,0.30036420395421437,0.29829194131353315,0.0,1.0,19,0.1443548387096774,6.188709677419355,14
466,1234,677,13.469764305750743,103.20745542949757,6,12,8,4,938,0.7564516129032258,302,1024,0.8258064516129032,0.8635394456289979,810,214,0.8635394456289979,0.7086092715231788,0.8258064516129032,179,1000,5.58659217877095,0.004838709677419355,0.00967741935483871,0.0064516129032258064,0.0032258064516129032,0.5585298269462017,0.26212689016482843,0.0,1.0,0.5132796570293302,0.2933268685968576,0.0,1.0,0.4619647618549695,0.31137395674652835,0.03225806451612903,1.0,0.300282323417159,0.29830405624517436,0.0,1.0,19,0.14424635332252836,6.189627228525121,14
467,1229,680,13.458175463297266,103.02685109845403,9,14,9,5,956,0.7747163695299838,278,1003,0.8128038897893031,0.8640167364016736,826,177,0.8640167364016736,0.6366906474820144,0.8128038897893031,168,974,5.7976190476190474,0.007293354943273906,0.011345218800648298,0.007293354943273906,0.004051863857374392,0.5592797711226016,0.2618764660417392,0.0,1.0,0.5124281477204126,0.29305956693937185,0.0,1.0,0.46224310349353004,0.31173605346087485,0.03225806451612903,1.0,0.30055906979185804,0.2978587416140858,0.0,1.0,19,0.14483319772172498,6.19853539462978,14
468,1225,679,13.48708052578225,102.58775510204082,10,14,9,5,904,0.7355573637103336,325,1047,0.8519121236777868,0.8960176991150443,810,237,0.8960176991150443,0.7292307692307692,0.8519121236777868,177,1023,5.779661016949152,0.008136696501220505,0.011391375101708706,0.007323026851098454,0.0040683482506102524,0.5598946675444372,0.2622651974196144,0.0,1.0,0.5132060566161948,0.2929033737718568,0.0,1.0,0.45969716919025677,0.3112916863611891,0.03225806451612903,1.0,0.3001974983541804,0.29816801249368036,0.0,1.0,19,0.14530612244897959,6.216326530612245,14
469,1223,682,13.514436042136671,102.60016353229763,8,10,6,4,948,0.7738775510204081,277,1038,0.8473469387755102,0.9040084388185654,857,181,0.9040084388185654,0.6534296028880866,0.8473469387755102,168,1009,6.005952380952381,0.006530612244897959,0.00816326530612245,0.004897959183673469,0.0032653061224489797,0.5587793105267322,0.26318520582831495,0.0,1.0,0.5133859098462269,0.29215165740794163,0.0,1.0,0.4610028222509429,0.311751298347947,0.03225806451612903,1.0,0.3000290137947406,0.29833338649457386,0.0,1.0,19,0.1455437448896157,6.225674570727719,14
470,1219,681,13.531039976011048,102.58408531583265,7,11,8,3,978,0.7996729354047425,245,1047,0.8560915780866721,0.8977505112474438,878,169,0.8977505112474438,0.689795918367347,0.8560915780866721,179,1025,5.726256983240224,0.005723630417007359,0.008994276369582993,0.006541291905151268,0.0024529844644317253,0.5578078276747201,0.26272946462977725,0.0,1.0,0.5130858186244674,0.2918345914612367,0.0,1.0,0.462965413215486,0.31183239885212716,0.03225806451612903,1.0,0.2977056815475403,0.2975053089130709,0.0,1.0,19,0.14520098441345364,6.246923707957342,14
471,1218,687,13.581447953713877,102.688013136289,9,10,5,5,892,0.7317473338802297,327,1034,0.8482362592288761,0.8923766816143498,796,238,0.8923766816143498,0.72782874617737,0.8482362592288761,163,1003,6.153374233128834,0.007383100902378999,0.008203445447087777,0.004101722723543888,0.004101722723543888,0.5569415752953016,0.2629044265512668,0.0,1.0,0.5132687112664865,0.29129561274402993,0.0,1.0,0.4633984850892526,0.3124644200727196,0.03225806451612903,1.0,0.297870649928492,0.29752573553751765,0.0,1.0,19,0.1444991789819376,6.2430213464696225,14
472,1222,683,13.566432582711661,101.86661211129297,14,10,7,3,919,0.7545155993431856,299,992,0.8144499178981938,0.8607181719260065,791,201,0.8607181719260065,0.6722408026755853,0.8144499178981938,169,957,5.662721893491124,0.011494252873563218,0.008210180623973728,0.005747126436781609,0.0024630541871921183,0.5559896520775038,0.2623095441675855,0.0,1.0,0.51375323372578,0.29109496585072586,0.0,1.0,0.4619608257219788,0.3120888319757932,0.03225806451612903,1.0,0.29771395385671295,0.29769634234473025,0.0,1.0,19,0.14238952536824878,6.260229132569558,14
473,1218,686,13.593309155416641,101.87192118226601,10,14,7,7,903,0.7389525368248773,319,1009,0.82569558101473,0.8770764119601329,792,217,0.8770764119601329,0.6802507836990596,0.82569558101473,177,989,5.5875706214689265,0.008183306055646482,0.011456628477905073,0.0057283142389525366,0.0057283142389525366,0.5555114147995127,0.2631744058711167,0.0,1.0,0.5156258276391757,0.29129309040184115,0.0,1.0,0.461173790984692,0.3120233384054979,0.03225806451612903,1.0,0.2984797923618836,0.29891773121572246,0.0,1.0,19,0.14285714285714285,6.269293924466338,14
474,1219,690,13.63728664573191,102.00984413453651,7,6,4,2,920,0.7553366174055829,298,1016,0.8341543513957307,0.8891304347826087,818,198,0.8891304347826087,0.6644295302013423,0.8341543513957307,169,989,5.85207100591716,0.005747126436781609,0.0049261083743842365,0.003284072249589491,0.0016420361247947454,0.5545529122231337,0.2634310362097565,0.0,1.0,0.51721400407526,0.29164655139508816,0.0,1.0,0.46193336685278785,0.3121213469383201,0.03225806451612903,1.0,0.2984466379105031,0.29921986226808645,0.0,1.0,19,0.14273995077932733,6.277276456111567,14
475,1208,694,13.689259271339697,101.91639072847683,4,15,12,3,957,0.7850697292863003,262,1032,0.8465955701394585,0.8913270637408568,853,179,0.8913270637408568,0.683206106870229,0.8465955701394585,172,1008,5.8604651162790695,0.003281378178835111,0.012305168170631665,0.009844134536505332,0.002461033634126333,0.5555436872463149,0.2631720307212731,0.0,1.0,0.5192800683614612,0.29109073990943396,0.0,1.0,0.4617603076265755,0.31236006863029936,0.03225806451612903,1.0,0.298787652211066,0.2995228213346586,0.0,1.0,19,0.14403973509933773,6.281456953642384,14
476,1208,699,13.730370518760889,102.05794701986756,7,7,3,4,927,0.7673841059602649,281,1012,0.8377483443708609,0.8705501618122977,807,205,0.8705501618122977,0.7295373665480427,0.8377483443708609,168,985,5.863095238095238,0.005794701986754967,0.005794701986754967,0.0024834437086092716,0.0033112582781456954,0.554689168980987,0.26272215833280277,0.0,1.0,0.5198942533646657,0.2909487630688157,0.0,1.0,0.46261482589190345,0.31236423261546314,0.03225806451612903,1.0,0.29833368938261057,0.29909930287876485,0.0,1.0,19,0.14403973509933773,6.292218543046357,14
477,1203,707,13.730246985391291,101.47630922693267,7,12,10,2,908,0.7516556291390728,300,1017,0.8418874172185431,0.8766519823788547,796,221,0.8766519823788547,0.7366666666666667,0.8418874172185431,170,995,5.852941176470588,0.005794701986754967,0.009933774834437087,0.008278145695364239,0.0016556291390728477,0.5547421768160244,0.2629723784056071,0.0,1.0,0.5205802697557183,0.2906294375675331,0.0,1.0,0.4620706298769206,0.31183336530425804,0.03225806451612903,1.0,0.29836698576140297,0.2997168951454524,0.0,1.0,19,0.14463840399002495,6.3192019950124685,14
478,1203,694,13.801788113862832,101.22443890274315,9,9,6,3,913,0.7589359933499584,290,1042,0.8661679135494597,0.895947426067908,818,224,0.895947426067908,0.7724137931034483,0.8661679135494597,182,1011,5.554945054945055,0.007481296758104738,0.007481296758104738,0.004987531172069825,0.0024937655860349127,0.5554125439090446,0.2625586399226104,0.0,1.0,0.5210629340626928,0.289930310321375,0.0,1.0,0.4611589306304132,0.31150737990669297,0.03225806451612903,1.0,0.2967581047381546,0.29943816717899346,0.0,1.0,19,0.14546965918536992,6.332502078137988,14
479,1207,685,13.82637283491326,100.97265948632975,12,8,5,3,915,0.7605985037406484,288,1010,0.8395677472984207,0.9005464480874317,824,186,0.9005464480874317,0.6458333333333334,0.8395677472984207,169,970,5.739644970414201,0.00997506234413965,0.006650041562759767,0.004156275976724855,0.0024937655860349127,0.55474784189005,0.2634357484075013,0.0,1.0,0.5212603896624529,0.28972874647770075,0.0,1.0,0.4612074725392201,0.3108432296337323,0.03225806451612903,1.0,0.29681695486009035,0.29957531620361416,0.0,1.0,19,0.14664457332228667,6.338856669428335,14
480,1214,689,13.735034354179078,100.2998352553542,15,8,6,2,895,0.7415078707539354,312,1012,0.8384424192212097,0.8715083798882681,780,232,0.8715083798882681,0.7435897435897436,0.8384424192212097,167,983,5.88622754491018,0.012427506213753107,0.006628003314001657,0.004971002485501243,0.0016570008285004142,0.555348886645055,0.2639453495271934,0.0,1.0,0.5208853696125844,0.28902446539421434,0.0,1.0,0.46030185470585105,0.31162085497041153,0.03225806451612903,1.0,0.2961949301163841,0.2992274376311563,0.0,1.0,19,0.1457990115321252,6.365733113673806,14
481,1215,684,13.737163929500143,100.0082304526749,10,9,7,2,953,0.78500823723229,261,1022,0.841845140032949,0.8919202518363064,850,172,0.8919202518363064,0.6590038314176245,0.841845140032949,175,992,5.668571428571428,0.008237232289950576,0.007413509060955519,0.005766062602965404,0.0016474464579901153,0.5557679543342626,0.26419505622860984,0.0,1.0,0.5198725607327758,0.28931731062273286,0.0,1.0,0.46125049780963756,0.311299553878166,0.03225806451612903,1.0,0.29696004247975577,0.2996360887248421,0.0,1.0,19,0.14732510288065845,6.378600823045267,14
482,1217,684,13.70699723476591,99.60230073952341,12,10,7,3,927,0.762962962962963,288,1033,0.8502057613168724,0.8802588996763754,816,217,0.8802588996763754,0.7534722222222222,0.8502057613168724,172,1005,5.843023255813954,0.009876543209876543,0.00823045267489712,0.005761316872427984,0.0024691358024691358,0.555040156916797,0.26415732857338686,0.0,1.0,0.5184615792403319,0.28834353258156425,0.0,1.0,0.46144670925331993,0.3106108831145516,0.03225806451612903,1.0,0.2959949108065842,0.298520038472558,0.0,1.0,19,0.14626129827444537,6.391125718981101,14
483,1220,680,13.646070588467303,98.77213114754099,13,10,9,1,954,0.7838948233360723,263,1049,0.8619556285949055,0.8962264150943396,855,194,0.8962264150943396,0.7376425855513308,0.8619556285949055,173,1018,5.884393063583815,0.010682004930156122,0.008216926869350863,0.007395234182415777,0.0008216926869350862,0.554865150713908,0.2638494248205221,0.0,1.0,0.5178741406663141,0.2879011031213962,0.0,1.0,0.4612903225806451,0.31057264178374416,0.03225806451612903,1.0,0.2968799576943416,0.2979513402915433,0.0,1.0,19,0.14508196721311475,6.405737704918033,14
484,1217,680,13.611462155803988,98.39030402629416,9,12,10,2,930,0.7622950819672131,290,1029,0.8434426229508196,0.8913978494623656,829,200,0.8913978494623656,0.6896551724137931,0.8434426229508196,170,999,5.876470588235295,0.007377049180327869,0.009836065573770493,0.00819672131147541,0.001639344262295082,0.5553847377209955,0.2635667494028616,0.0,1.0,0.5179049487104725,0.28796620391842187,0.0,1.0,0.46038646062501654,0.31057932535311805,0.03225806451612903,1.0,0.295941898375169,0.2977409455107907,0.0,1.0,19,0.14543960558751026,6.413311421528348,14
485,1217,687,13.65864892879363,98.51109285127362,8,8,4,4,936,0.7691043549712407,281,1016,0.8348397699260477,0.8878205128205128,831,185,0.8878205128205128,0.6583629893238434,0.8348397699260477,167,990,5.92814371257485,0.00657354149548069,0.00657354149548069,0.003286770747740345,0.003286770747740345,0.5542449704455695,0.263323550288475,0.0,1.0,0.5176133803376891,0.2880049672655316,0.0,1.0,0.46043947305643174,0.3101535623406851,0.03225806451612903,1.0,0.29655154133644335,0.2973250433352628,0.0,1.0,19,0.14461791290057519,6.411668036154478,14
486,1216,686,13.67986627669855,98.47944078947368,8,9,6,3,949,0.7797863599013969,268,1013,0.8323746918652424,0.8872497365648051,842,171,0.8872497365648051,0.6380597014925373,0.8323746918652424,174,986,5.666666666666667,0.00657354149548069,0.007395234182415777,0.0049301561216105174,0.0024650780608052587,0.5554435483870968,0.2627014255986886,0.0,1.0,0.5163412563667232,0.28846549771527646,0.0,1.0,0.46047325976230896,0.3099007542544709,0.03225806451612903,1.0,0.2966362478777589,0.2968393209845611,0.0,1.0,19,0.14391447368421054,6.423519736842105,14
487,1219,687,13.68946463510445,98.49712879409351,9,6,4,2,955,0.7853618421052632,261,1036,0.8519736842105263,0.8963350785340314,856,180,0.8963350785340314,0.6896551724137931,0.8519736842105263,176,1013,5.755681818181818,0.007401315789473684,0.004934210526315789,0.003289473684210526,0.001644736842105263,0.5562200640398,0.2633300124744847,0.0,1.0,0.5166053613485406,0.2875465027039091,0.0,1.0,0.4592341686734234,0.3091655453116475,0.03225806451612903,1.0,0.2955357379131493,0.2966548042949428,0.0,1.0,19,0.14602132895816242,6.4191960623461854,14
488,1213,688,13.745608454070778,98.2712283594394,5,11,10,1,929,0.7621000820344545,290,1035,0.8490566037735849,0.8945102260495156,831,204,0.8945102260495156,0.7034482758620689,0.8490566037735849,177,1013,5.72316384180791,0.004101722723543888,0.009023789991796555,0.008203445447087777,0.0008203445447087777,0.5553812195835438,0.26298720976404755,0.0,1.0,0.5164481557322554,0.2874553420042967,0.0,1.0,0.45956439645772945,0.30909405070431234,0.03225806451612903,1.0,0.29694439273462225,0.29761354752016306,0.0,1.0,19,0.14591920857378401,6.425391591096455,14
489,1221,700,13.642130908595249,98.04176904176904,11,3,3,0,928,0.765045342126958,285,1038,0.8557295960428689,0.9051724137931034,840,198,0.9051724137931034,0.6947368421052632,0.8557295960428689,172,1022,5.941860465116279,0.009068425391591096,0.00247320692497939,0.00247320692497939,0.0,0.5563393305328789,0.2624472584926123,0.0,1.0,0.515415708964096,0.2878778929061576,0.0,1.0,0.45895749121555574,0.3083637699282813,0.03225806451612903,1.0,0.29544794060923096,0.2964893824291459,0.0,1.0,19,0.1466011466011466,6.437346437346437,14
490,1215,705,13.706045718162825,97.79670781893005,5,11,9,2,899,0.7362817362817363,322,1022,0.8370188370188371,0.8787541713014461,790,232,0.8787541713014461,0.7204968944099379,0.8370188370188371,173,1000,5.780346820809249,0.004095004095004095,0.009009009009009009,0.007371007371007371,0.001638001638001638,0.5569626974644896,0.2626454111533671,0.0,1.0,0.5160759325633877,0.2874632365209347,0.0,1.0,0.4598433559007036,0.3089027787475582,0.03225806451612903,1.0,0.29512810301340764,0.2968123366105609,0.0,1.0,19,0.14732510288065845,6.441975308641975,14
491,1216,706,13.756634219302558,97.79934210526316,8,7,5,2,917,0.7547325102880659,298,1034,0.8510288065843621,0.8985823336968375,824,210,0.8985823336968375,0.7046979865771812,0.8510288065843621,173,1008,5.826589595375722,0.006584362139917695,0.005761316872427984,0.00411522633744856,0.0016460905349794238,0.5565577249575552,0.2620853250113032,0.0,1.0,0.5158372241086587,0.2873910254741235,0.0,1.0,0.4585101867572156,0.30877781875079385,0.03225806451612903,1.0,0.29658319185059423,0.2967424121058991,0.0,1.0,19,0.14638157894736842,6.4449013157894735,14
492,1222,717,13.691007215742607,97.60720130932897,11,5,4,1,896,0.7368421052631579,320,1003,0.8248355263157895,0.8783482142857143,787,216,0.8783482142857143,0.675,0.8248355263157895,174,988,5.67816091954023,0.009046052631578948,0.004111842105263158,0.003289473684210526,0.0008223684210526315,0.5566759938757193,0.26196389418175875,0.0,1.0,0.516656987487461,0.287658367727355,0.0,1.0,0.4584235256850219,0.3085065669126564,0.03225806451612903,1.0,0.2950213821867905,0.29623425840829287,0.0,1.0,19,0.14648117839607203,6.453355155482815,14
493,1219,717,13.66496576744024,96.79327317473339,11,14,11,3,965,0.7896890343698855,257,1028,0.8412438625204582,0.8901554404145078,859,169,0.8901554404145078,0.6575875486381323,0.8412438625204582,175,1003,5.731428571428571,0.00900163666121113,0.011456628477905073,0.00900163666121113,0.0024549918166939444,0.5554791076768372,0.26234423889687325,0.0,1.0,0.5180343486199688,0.287386168237922,0.0,1.0,0.45952525867315885,0.30941629356903794,0.03225806451612903,1.0,0.29614438063986875,0.29787400512257617,0.0,1.0,19,0.14848236259228875,6.474159146841673,14
494,1219,718,13.652822307787925,96.17719442165709,10,10,9,1,951,0.7801476620180475,268,1026,0.8416735028712059,0.8801261829652997,837,189,0.8801261829652997,0.7052238805970149,0.8416735028712059,170,997,5.864705882352941,0.008203445447087777,0.008203445447087777,0.007383100902378999,0.0008203445447087777,0.5548704649501177,0.26248522289465853,0.0,1.0,0.517293392257006,0.28736933253502706,0.0,1.0,0.4580168832199847,0.3092870097624213,0.03225806451612903,1.0,0.2963560824578581,0.29708065090013164,0.0,1.0,19,0.14930270713699753,6.480721903199344,14
495,1219,720,13.62661929560325,95.77850697292862,11,11,8,3,926,0.7596390484003281,293,1049,0.8605414273995078,0.906047516198704,839,210,0.906047516198704,0.7167235494880546,0.8605414273995078,172,1023,5.9476744186046515,0.009023789991796555,0.009023789991796555,0.006562756357670222,0.002461033634126333,0.554050120405409,0.26288602284942353,0.0,1.0,0.5176638704384874,0.28728440551355,0.0,1.0,0.4575670168567572,0.30956773129946724,0.03225806451612903,1.0,0.2967265606393395,0.29738020025760964,0.0,1.0,19,0.14930270713699753,6.487284659557014,14
496,1222,729,13.604206016042388,95.71603927986907,8,5,5,0,906,0.7432321575061526,313,1050,0.8613617719442166,0.9094922737306843,824,226,0.9094922737306843,0.7220447284345048,0.8613617719442166,171,1030,6.023391812865497,0.006562756357670222,0.004101722723543888,0.004101722723543888,0.0,0.5534554669764005,0.2626010780830601,0.0,1.0,0.517422522570086,0.2873642090216975,0.0,1.0,0.4576051950794573,0.3093463247532178,0.03225806451612903,1.0,0.29665804339791985,0.29754902398089406,0.0,1.0,19,0.1497545008183306,6.4926350245499185,14
497,1217,735,13.56967717408679,95.2013147082991,8,13,11,2,924,0.7561374795417348,298,1017,0.8322422258592471,0.8831168831168831,816,201,0.8831168831168831,0.674496644295302,0.8322422258592471,175,998,5.702857142857143,0.006546644844517185,0.010638297872340425,0.00900163666121113,0.0016366612111292963,0.5529726720916055,0.26333254437558873,0.0,1.0,0.5184350730246242,0.28795650799651934,0.0,1.0,0.4613406843904896,0.30925414476843477,0.03225806451612903,1.0,0.2971611842977178,0.29764362735438327,0.0,1.0,19,0.14626129827444537,6.493837304847987,14
498,1215,737,13.518873823641178,94.46666666666667,10,12,10,2,956,0.7855382087099425,261,1041,0.8553820870994249,0.9048117154811716,865,176,0.9048117154811716,0.6743295019157088,0.8553820870994249,177,1020,5.762711864406779,0.008216926869350863,0.009860312243221035,0.008216926869350863,0.0016433853738701725,0.5502721359352184,0.2634328968128176,0.0,1.0,0.5202973582901899,0.28842501654654995,0.0,1.0,0.4610115491835922,0.31010642667111576,0.03225806451612903,1.0,0.2974379397318465,0.2986545535837411,0.0,1.0,19,0.14650205761316873,6.510288065843621,14
499,1206,744,13.557051757817153,94.2587064676617,5,14,10,4,891,0.7333333333333333,324,1045,0.8600823045267489,0.9034792368125701,805,240,0.9034792368125701,0.7407407407407407,0.8600823045267489,167,1019,6.1017964071856285,0.00411522633744856,0.011522633744855968,0.00823045267489712,0.0032921810699588477,0.5504466912748088,0.2635269589454342,0.0,1.0,0.5214251324025037,0.28824588872149365,0.0,1.0,0.45982453324773975,0.30949331890652515,0.03225806451612903,1.0,0.2965548601080618,0.2984732695708419,0.0,1.0,19,0.14759535655058043,6.519071310116086,14
500,1201,754,13.633853282899048,94.78434637801831,3,8,5,3,906,0.7512437810945274,300,1045,0.8665008291873963,0.9050772626931567,820,225,0.9050772626931567,0.75,0.8665008291873963,173,1028,5.942196531791907,0.0024875621890547263,0.006633499170812604,0.0041459369817578775,0.0024875621890547263,0.5502941097472536,0.2631327978981507,0.0,1.0,0.5222798205796245,0.28825651393481777,0.0,1.0,0.4601541725981037,0.30950340052586445,0.03225806451612903,1.0,0.29663452499261367,0.2982832056229524,0.0,1.0,19,0.14737718567860117,6.510407993338884,14
501,1196,758,13.639245347436887,94.1638795986622,8,13,11,2,910,0.7577019150707743,291,1046,0.8709408825978351,0.8989010989010989,818,228,0.8989010989010989,0.7835051546391752,0.8709408825978351,172,1022,5.941860465116279,0.006661115736885929,0.010824313072439634,0.009159034138218152,0.0016652789342214821,0.5499514510734708,0.2637257770765562,0.0,1.0,0.5223325062034739,0.28845820324121146,0.0,1.0,0.461026000647319,0.30968556650347,0.03225806451612903,1.0,0.29620239508037544,0.2988118005978498,0.0,1.0,19,0.1488294314381271,6.516722408026756,14
502,1188,762,13.720863664146172,93.98232323232324,4,12,9,3,922,0.7709030100334449,274,1045,0.8737458193979933,0.9121475054229935,841,204,0.9121475054229935,0.7445255474452555,0.8737458193979933,176,1025,5.823863636363637,0.0033444816053511705,0.010033444816053512,0.007525083612040134,0.002508361204013378,0.5501249049636147,0.26429986130443667,0.0,1.0,0.5212881503204083,0.2893761240105168,0.0,1.0,0.46092646899098516,0.31000519051589803,0.03225806451612903,1.0,0.2956717714782231,0.2977436524758659,0.0,1.0,19,0.14814814814814814,6.521885521885522,14
503,1194,775,13.637744983264412,93.38358458961474,13,7,5,2,900,0.7575757575757576,288,1011,0.851010101010101,0.89,801,210,0.89,0.7291666666666666,0.851010101010101,167,991,5.934131736526946,0.010942760942760943,0.005892255892255892,0.004208754208754209,0.0016835016835016834,0.5494407521478359,0.2640431858315348,0.0,1.0,0.520046468903658,0.2886538364682422,0.0,1.0,0.46185227211325447,0.31034600750776364,0.03225806451612903,1.0,0.29529367266439727,0.29815922143136453,0.0,1.0,19,0.1507537688442211,6.532663316582915,14
504,1196,773,13.662540974969742,93.19816053511705,8,6,6,0,908,0.7604690117252931,286,1011,0.8467336683417085,0.9008810572687225,818,193,0.9008810572687225,0.6748251748251748,0.8467336683417085,176,985,5.596590909090909,0.006700167504187605,0.005025125628140704,0.005025125628140704,0.0,0.5492771604272305,0.26441587009103706,0.0,1.0,0.5209030100334449,0.28928502396696926,0.0,1.0,0.46199697917790483,0.31027205892061593,0.03225806451612903,1.0,0.2955011328082857,0.2986208962033114,0.0,1.0,19,0.14715719063545152,6.532608695652174,14
505,1200,779,13.598190578303969,92.59583333333333,13,9,6,3,899,0.7516722408026756,297,1051,0.8787625418060201,0.9221357063403782,829,222,0.9221357063403782,0.7474747474747475,0.8787625418060201,169,1026,6.071005917159764,0.010869565217391304,0.007525083612040134,0.005016722408026756,0.002508361204013378,0.5485752688172043,0.2650515155633268,0.0,1.0,0.5210752688172042,0.28957757856670446,0.0,1.0,0.4625268817204301,0.3106456590995613,0.03225806451612903,1.0,0.2946774193548387,0.29886206022854644,0.0,1.0,19,0.1475,6.5475,14
506,1202,782,13.626803708528957,92.64059900166389,9,7,3,4,946,0.7883333333333333,254,1046,0.8716666666666667,0.9154334038054969,866,180,0.9154334038054969,0.7086614173228346,0.8716666666666667,176,1025,5.823863636363637,0.0075,0.005833333333333334,0.0025,0.0033333333333333335,0.5481724008373141,0.2653778729635037,0.0,1.0,0.5212012237668402,0.28951527799178783,0.0,1.0,0.4617841232354678,0.31100688019004485,0.03225806451612903,1.0,0.29467017336696905,0.2990189704029962,0.0,1.0,19,0.14725457570715475,6.544925124792013,14
507,1203,783,13.570128325589572,92.00415627597673,11,10,9,1,902,0.7504159733777038,300,1060,0.8818635607321131,0.9235033259423503,833,227,0.9235033259423503,0.7566666666666667,0.8818635607321131,178,1039,5.837078651685394,0.009151414309484194,0.008319467554076539,0.0074875207986688855,0.0008319467554076539,0.5490306491834929,0.2655894836818073,0.0,1.0,0.5196953851929316,0.2897041353523142,0.0,1.0,0.4618024830397125,0.311100754860975,0.03225806451612903,1.0,0.29587322017536805,0.29888195225721853,0.0,1.0,19,0.14463840399002495,6.561097256857855,14
508,1203,793,13.50808570071984,91.18536990856192,12,12,9,3,907,0.7539484621778886,296,1019,0.8470490440565254,0.9095920617420066,825,194,0.9095920617420066,0.6554054054054054,0.8470490440565254,166,995,5.993975903614458,0.00997506234413965,0.00997506234413965,0.007481296758104738,0.0024937655860349127,0.5466709570160619,0.26602404047700895,0.0,1.0,0.5214115249510632,0.29018808847911515,0.0,1.0,0.4631432172257528,0.312197550701491,0.03225806451612903,1.0,0.29756254524977876,0.300167086072852,0.0,1.0,19,0.14380714879467996,6.56525353283458,14
509,1202,791,13.449356658991865,90.27371048252911,11,12,10,2,942,0.7830423940149626,261,1050,0.8728179551122195,0.9203821656050956,867,183,0.9203821656050956,0.7011494252873564,0.8728179551122195,178,1026,5.764044943820225,0.00914380714879468,0.00997506234413965,0.00831255195344971,0.0016625103906899418,0.5451934947131126,0.2658395131251372,0.0,1.0,0.5235092050882937,0.28988403716792005,0.0,1.0,0.4634480167462831,0.31274966692374345,0.03225806451612903,1.0,0.2959851859803553,0.30007066372002406,0.0,1.0,19,0.14559068219633944,6.584858569051581,14
510,1195,800,13.47765901379193,90.15230125523013,5,12,9,3,927,0.7712146422628952,275,1043,0.867720465890183,0.9093851132686084,843,200,0.9093851132686084,0.7272727272727273,0.867720465890183,173,1025,5.92485549132948,0.004159733777038269,0.009983361064891847,0.0074875207986688855,0.0024958402662229617,0.5463895262518558,0.2657176336867346,0.0,1.0,0.5226616277500338,0.28961084977233204,0.0,1.0,0.46305844243487654,0.3124576571544245,0.03225806451612903,1.0,0.2962882980159266,0.29939940035342455,0.0,1.0,19,0.14560669456066946,6.577405857740586,14
511,1188,804,13.507799238174268,89.82239057239057,6,13,10,3,949,0.7941422594142259,246,1034,0.8652719665271966,0.9135932560590094,867,167,0.9135932560590094,0.6788617886178862,0.8652719665271966,176,1014,5.761363636363637,0.00502092050209205,0.010878661087866108,0.008368200836820083,0.002510460251046025,0.5472195068969262,0.2658379112807869,0.0,1.0,0.5233246442923862,0.2894491768699457,0.0,1.0,0.4639404800695123,0.3129614202902699,0.03225806451612903,1.0,0.2967579015966113,0.2991046499168983,0.0,1.0,19,0.1447811447811448,6.585858585858586,14
512,1185,810,13.521346256993134,89.51308016877637,8,11,8,3,878,0.7390572390572391,310,1023,0.8611111111111112,0.9043280182232346,794,229,0.9043280182232346,0.7387096774193549,0.8611111111111112,175,1004,5.7371428571428575,0.006734006734006734,0.009259259259259259,0.006734006734006734,0.0025252525252525255,0.5461821151490405,0.2662797842218597,0.0,1.0,0.5247039608003267,0.29028668444477407,0.0,1.0,0.4627466993330611,0.31330594282800983,0.03225806451612903,1.0,0.2960391996733361,0.29803553804075744,0.0,1.0,19,0.14430379746835442,6.592405063291139,14
513,1185,820,13.523266190004376,89.4506329113924,8,8,5,3,908,0.7662447257383966,277,1003,0.8464135021097047,0.9185022026431718,834,169,0.9185022026431718,0.6101083032490975,0.8464135021097047,169,982,5.810650887573964,0.006751054852320675,0.006751054852320675,0.004219409282700422,0.002531645569620253,0.5447393493943106,0.26661163620998984,0.0,1.0,0.525575064652239,0.2905257505297194,0.0,1.0,0.4625017013747108,0.31347286623526893,0.03225806451612903,1.0,0.2939975500204165,0.2976505430778949,0.0,1.0,19,0.1451476793248945,6.60506329113924,14
514,1187,822,13.512428111375886,88.92417860151643,11,9,7,2,913,0.770464135021097,272,1020,0.8607594936708861,0.9069003285870756,828,192,0.9069003285870756,0.7058823529411765,0.8607594936708861,172,994,5.77906976744186,0.009282700421940928,0.007594936708860759,0.00590717299578059,0.0016877637130801688,0.5444737342718156,0.2664456405856034,0.0,1.0,0.5274071255808898,0.29116518774564026,0.0,1.0,0.4627822920346768,0.3136613629847736,0.03225806451612903,1.0,0.29295866510856866,0.29699771174614004,0.0,1.0,19,0.14658803706823925,6.619208087615839,14
515,1182,827,13.543534105279285,88.60236886632826,6,11,9,2,918,0.7733782645324347,269,1010,0.8508845829823083,0.8921568627450981,819,191,0.8921568627450981,0.7100371747211895,0.8508845829823083,168,983,5.851190476190476,0.005054759898904802,0.009267059814658803,0.007582139848357203,0.0016849199663016006,0.5451121663664648,0.26643970840218295,0.0,1.0,0.5276185797718465,0.2920384404376923,0.0,1.0,0.46121936575514433,0.31336822747585913,0.03225806451612903,1.0,0.2932700180121172,0.29752915482112124,0.0,1.0,19,0.14720812182741116,6.6209813874788495,14
516,1179,836,13.613875908998095,89.14927905004241,3,6,4,2,910,0.7698815566835872,272,1005,0.850253807106599,0.8923076923076924,812,193,0.8923076923076924,0.7095588235294118,0.850253807106599,177,991,5.598870056497175,0.0025380710659898475,0.005076142131979695,0.00338409475465313,0.001692047377326565,0.5457878464527073,0.2664565894386616,0.0,1.0,0.5283318285041998,0.2918269839534851,0.0,1.0,0.4602314700812608,0.3133636858470472,0.03225806451612903,1.0,0.2908697912391584,0.29603438953427963,0.0,1.0,19,0.1475826972010178,6.626802374893978,14
517,1180,836,13.677780759349575,89.14237288135594,6,5,5,0,901,0.7642069550466497,278,1036,0.8787107718405428,0.9178690344062154,827,209,0.9178690344062154,0.7517985611510791,0.8787107718405428,179,1015,5.670391061452514,0.005089058524173028,0.004240882103477523,0.004240882103477523,0.0,0.5453253143794423,0.266806830242807,0.0,1.0,0.5276107162383816,0.2916114221588651,0.0,1.0,0.46016949152542375,0.3128268063802631,0.03225806451612903,1.0,0.2905686167304538,0.29582736283192584,0.0,1.0,19,0.14661016949152542,6.63135593220339,14
518,1171,841,13.685453531773868,88.21007685738685,10,19,13,6,916,0.7762711864406779,264,1017,0.861864406779661,0.9148471615720524,838,179,0.9148471615720524,0.678030303030303,0.861864406779661,176,998,5.670454545454546,0.00847457627118644,0.016101694915254237,0.011016949152542373,0.005084745762711864,0.5484421916751605,0.26735633633239386,0.0,1.0,0.5263766838379108,0.291158245141377,0.0,1.0,0.4579212693865183,0.31166372969997186,0.03225806451612903,1.0,0.2889452081209884,0.29471359460789537,0.0,1.0,18,0.14944491887275832,6.630230572160547,14
519,1175,852,13.684729359884937,88.43914893617021,8,4,2,2,921,0.7865072587532024,250,1019,0.8701964133219471,0.9011943539630836,830,189,0.9011943539630836,0.756,0.8701964133219471,166,996,6.0,0.006831767719897523,0.0034158838599487617,0.0017079419299743809,0.0017079419299743809,0.5495126973232669,0.2673742327298049,0.0,1.0,0.5275772134522992,0.29141563374186186,0.0,1.0,0.45913520933424845,0.3120534925101867,0.03225806451612903,1.0,0.28878517501715856,0.29398789164486755,0.0,1.0,18,0.15063829787234043,6.633191489361702,14
520,1176,859,13.676132140777199,88.22448979591837,9,8,6,2,898,0.7642553191489362,277,1012,0.8612765957446809,0.910913140311804,818,194,0.910913140311804,0.7003610108303249,0.8612765957446809,171,990,5.7894736842105265,0.007659574468085106,0.006808510638297872,0.005106382978723404,0.001702127659574468,0.548963133640553,0.26725565487437075,0.0,1.0,0.526799429449199,0.2911660960668938,0.0,1.0,0.4584979152951504,0.3112922664624856,0.03225806451612903,1.0,0.28766183892912006,0.2930995719371795,0.0,1.0,18,0.15051020408163265,6.645408163265306,14
521,1181,856,13.671719390811209,87.66553767993226,13,8,6,2,868,0.7380952380952381,308,1010,0.858843537414966,0.9112903225806451,791,219,0.9112903225806451,0.711038961038961,0.858843537414966,171,978,5.719298245614035,0.011054421768707483,0.006802721088435374,0.00510204081632653,0.0017006802721088435,0.5495342929720576,0.26633867941280037,0.0,1.0,0.5260440851110322,0.2903687469329439,0.0,1.0,0.45865996558411404,0.3110467560505194,0.03225806451612903,1.0,0.2884379011772418,0.29352491196450714,0.0,1.0,18,0.14987298899237933,6.657917019475021,14
522,1185,853,13.686263347729225,87.39831223628693,11,7,5,2,877,0.7425910245554614,304,1024,0.8670618120237087,0.9122006841505131,800,224,0.9122006841505131,0.7368421052631579,0.8670618120237087,174,995,5.718390804597701,0.009314140558848433,0.0059271803556308214,0.004233700254022015,0.001693480101608806,0.5485776507417993,0.2670166325992977,0.0,1.0,0.5265278344902681,0.28978044353803845,0.0,1.0,0.45931672791615624,0.31100422171147,0.03225806451612903,1.0,0.2873281611542126,0.2935871819036884,0.0,1.0,18,0.15105485232067511,6.664135021097047,14
523,1180,863,13.797865743562213,87.96271186440678,3,8,4,4,904,0.7628691983122363,281,1012,0.8540084388185654,0.911504424778761,824,188,0.911504424778761,0.6690391459074733,0.8540084388185654,174,996,5.724137931034483,0.002531645569620253,0.006751054852320675,0.0033755274261603376,0.0033755274261603376,0.5487971569163478,0.2668852177767539,0.0,1.0,0.5250136686714051,0.2900878208979897,0.0,1.0,0.4608255877528704,0.3109476453398929,0.03225806451612903,1.0,0.2863039912520503,0.2927736387409704,0.0,1.0,18,0.15,6.667796610169492,14
524,1183,872,13.851329794005155,88.42265426880812,8,5,1,4,890,0.7542372881355932,290,1044,0.8847457627118644,0.9235955056179775,822,222,0.9235955056179775,0.7655172413793103,0.8847457627118644,176,1029,5.846590909090909,0.006779661016949152,0.00423728813559322,0.000847457627118644,0.003389830508474576,0.5478690044446868,0.26727801808279605,0.0,1.0,0.5255092302238704,0.29023617296519544,0.0,1.0,0.46202928585062586,0.3113817653692429,0.03225806451612903,1.0,0.2853325334714913,0.29263372543748317,0.0,1.0,18,0.15046491969568893,6.672020287404902,14
525,1187,871,13.89396912678634,88.67059814658803,9,5,2,3,943,0.7971259509721048,240,1037,0.8765849535080305,0.9236479321314952,871,166,0.9236479321314952,0.6916666666666667,0.8765849535080305,171,1007,5.888888888888889,0.0076077768385460695,0.00422654268808115,0.0016906170752324597,0.00253592561284869,0.5480881593608175,0.2673134344266699,0.0,1.0,0.5247710411174824,0.29007155655380407,0.0,1.0,0.4630812294480528,0.31136010510765133,0.03225806451612903,1.0,0.28627333750033973,0.2936541258171691,0.0,1.0,18,0.15080033698399326,6.669755686604886,14
526,1193,874,13.841774990028918,88.31098072087175,14,8,4,4,933,0.7860151642796968,254,1031,0.8685762426284751,0.9206859592711683,859,172,0.9206859592711683,0.6771653543307087,0.8685762426284751,175,1009,5.765714285714286,0.011794439764111205,0.006739679865206402,0.003369839932603201,0.003369839932603201,0.5477922288619095,0.26693903520564977,0.0,1.0,0.5263769840196847,0.2899160986666122,0.0,1.0,0.4636454587242787,0.3109873731026071,0.03225806451612903,1.0,0.282886731741611,0.2918277945420937,0.0,1.0,18,0.15255658005029338,6.700754400670578,14
527,1202,880,13.763403147954367,88.03494176372712,13,4,4,0,904,0.757753562447611,289,1052,0.8818105616093881,0.9236725663716814,835,217,0.9236725663716814,0.7508650519031141,0.8818105616093881,167,1025,6.137724550898204,0.010896898575020955,0.003352891869237217,0.003352891869237217,0.0,0.5487896516558424,0.2665965413509687,0.0,1.0,0.5253072835596586,0.2894157022862297,0.0,1.0,0.4623745370618861,0.310407450553754,0.03225806451612903,1.0,0.28235199398851374,0.2909177738431379,0.0,1.0,18,0.15224625623960067,6.702995008319467,14
528,1201,888,13.825366704681313,88.57119067443797,6,7,3,4,941,0.7828618968386023,261,1030,0.8569051580698835,0.9075451647183846,854,176,0.9075451647183846,0.6743295019157088,0.8569051580698835,173,1011,5.84393063583815,0.004991680532445923,0.005823627287853577,0.0024958402662229617,0.0033277870216306157,0.5480110660471113,0.2663808607011012,0.0,1.0,0.5245091456044694,0.28989243431261497,0.0,1.0,0.46203432623351504,0.3110265281312196,0.03225806451612903,1.0,0.2834465902070855,0.2921291179787908,0.0,1.0,18,0.15070774354704414,6.701915070774355,14
529,1197,884,13.97512972414509,88.8939014202172,4,8,5,3,902,0.7510407993338885,299,1063,0.8850957535387177,0.9223946784922394,832,231,0.9223946784922394,0.7725752508361204,0.8850957535387177,183,1042,5.693989071038251,0.0033305578684429643,0.006661115736885929,0.004163197335553705,0.002497918401332223,0.5470935403023688,0.26660758160385667,0.0,1.0,0.5239981674616649,0.2900016620380466,0.0,1.0,0.4613415258576549,0.3106256522265593,0.03225806451612903,1.0,0.2848519147330692,0.2924758722748086,0.0,1.0,18,0.15037593984962405,6.692564745196324,14
530,1199,891,13.936097127093046,88.91326105087573,7,5,5,0,937,0.7827903091060986,260,1051,0.8780284043441938,0.9263607257203842,868,183,0.9263607257203842,0.7038461538461539,0.8780284043441938,175,1033,5.902857142857143,0.005847953216374269,0.004177109440267335,0.004177109440267335,0.0,0.5472302187306627,0.2666544005796994,0.0,1.0,0.5232855336436277,0.29005040360891965,0.0,1.0,0.4607334068713175,0.30920246697711656,0.03225806451612903,1.0,0.2832198875406925,0.29164812820087277,0.0,1.0,18,0.15262718932443703,6.7039199332777315,14
531,1194,895,14.046716747378737,89.05527638190955,2,7,6,1,922,0.7689741451209341,277,1044,0.8707256046705588,0.9164859002169198,845,199,0.9164859002169198,0.7184115523465704,0.8707256046705588,170,1018,5.988235294117647,0.0016680567139282735,0.005838198498748957,0.0050041701417848205,0.0008340283569641367,0.5463068028313611,0.26656325451117635,0.0,1.0,0.52326146863349,0.289678909398027,0.0,1.0,0.4616631544820879,0.3092649420953506,0.03225806451612903,1.0,0.2835413627276166,0.29187375714705505,0.0,1.0,18,0.15326633165829145,6.71356783919598,14
532,1196,895,13.99800949041152,88.23996655518394,13,11,9,2,901,0.7546063651591289,293,1063,0.890284757118928,0.9178690344062154,827,236,0.9178690344062154,0.8054607508532423,0.890284757118928,178,1041,5.848314606741573,0.010887772194304857,0.009212730318257957,0.007537688442211055,0.0016750418760469012,0.5468766857266155,0.266146404567112,0.0,1.0,0.5220358183191283,0.28971493155829414,0.0,1.0,0.45956953285144025,0.3092147303380312,0.03225806451612903,1.0,0.28352573093106054,0.29104228502573426,0.0,1.0,18,0.15468227424749165,6.722408026755853,14
533,1193,902,14.073524762389914,88.1081307627829,5,8,7,1,897,0.75,299,986,0.8244147157190636,0.8907469342251951,799,187,0.8907469342251951,0.6254180602006689,0.8244147157190636,161,954,5.925465838509317,0.004180602006688963,0.006688963210702341,0.005852842809364548,0.0008361204013377926,0.5463320985317578,0.26603822308197805,0.0,1.0,0.522023632479788,0.2897649788500262,0.0,1.0,0.4596706594921991,0.30924431974040667,0.03225806451612903,1.0,0.2849687694346051,0.29159685485054704,0.0,1.0,18,0.15423302598491198,6.730930427493713,14
534,1202,910,13.993085336671417,87.77870216306157,13,4,3,1,906,0.7594300083822296,287,1026,0.8600167644593462,0.9072847682119205,822,204,0.9072847682119205,0.710801393728223,0.8600167644593462,169,1003,5.93491124260355,0.010896898575020955,0.003352891869237217,0.002514668901927913,0.0008382229673093043,0.5456497235789812,0.26658441516364856,0.0,1.0,0.5221136814985776,0.290199742797259,0.0,1.0,0.45931511996135477,0.3091320270755924,0.03225806451612903,1.0,0.2842842574204283,0.29017774805598084,0.0,1.0,18,0.15307820299500832,6.739600665557404,14
535,1206,916,13.943280263078165,87.575456053068,11,7,4,3,950,0.7903494176372712,252,1055,0.8777038269550749,0.9157894736842105,870,185,0.9157894736842105,0.7341269841269841,0.8777038269550749,173,1034,5.976878612716763,0.009151414309484194,0.005823627287853577,0.0033277870216306157,0.0024958402662229617,0.5451773391108972,0.26617228703840673,0.0,1.0,0.5227625314288772,0.29062408433219356,0.0,1.0,0.45886160594875086,0.30952294418435883,0.03225806451612903,1.0,0.28414379714331567,0.28971082460098296,0.0,1.0,18,0.15257048092868988,6.744610281923714,14
536,1210,930,13.895934820135713,87.61818181818182,9,5,4,1,939,0.7786069651741293,267,1022,0.8474295190713101,0.8839190628328009,830,192,0.8839190628328009,0.7191011235955056,0.8474295190713101,163,999,6.128834355828221,0.007462686567164179,0.0041459369817578775,0.003316749585406302,0.0008291873963515755,0.5436950146627566,0.26564512527482814,0.0,1.0,0.523487070114636,0.2911287196957791,0.0,1.0,0.45827779258864304,0.3097117792680567,0.03225806451612903,1.0,0.2850439882697947,0.2897319149143397,0.0,1.0,18,0.15041322314049588,6.754545454545455,14
537,1212,934,13.90621453969807,87.61056105610561,8,6,5,1,937,0.7743801652892562,273,1056,0.8727272727272727,0.9167556029882604,859,197,0.9167556029882604,0.7216117216117216,0.8727272727272727,177,1037,5.858757062146893,0.006611570247933884,0.0049586776859504135,0.004132231404958678,0.0008264462809917355,0.5422921324390504,0.2651108244949027,0.0,1.0,0.5213456829553923,0.2910879575338051,0.0,1.0,0.4583200255509422,0.31025865127614444,0.03225806451612903,1.0,0.2869424039178111,0.2900084834676184,0.0,1.0,18,0.14686468646864687,6.754125412541254,14
538,1212,941,13.909729924009667,87.79207920792079,7,7,5,2,962,0.7937293729372937,250,1056,0.8712871287128713,0.9106029106029107,876,180,0.9106029106029107,0.72,0.8712871287128713,171,1034,6.046783625730995,0.005775577557755775,0.005775577557755775,0.004125412541254125,0.0016501650165016502,0.542345363568615,0.2655294814117699,0.0,1.0,0.520760140530182,0.29136318794750066,0.0,1.0,0.45706909400617485,0.30947275275750025,0.03225806451612903,1.0,0.2877674864260619,0.28955918305280975,0.0,1.0,18,0.14603960396039603,6.75990099009901,14
539,1212,945,13.912708492357693,87.33168316831683,8,8,8,0,936,0.7722772277227723,276,1074,0.8861386138613861,0.9273504273504274,868,206,0.9273504273504274,0.7463768115942029,0.8861386138613861,174,1052,6.045977011494253,0.006600660066006601,0.006600660066006601,0.006600660066006601,0.0,0.5412541254125413,0.2654425772065724,0.0,1.0,0.5213190673906101,0.2909630523615041,0.0,1.0,0.45712232513573936,0.3101867523863473,0.03225806451612903,1.0,0.28883210901735334,0.28983927226393547,0.0,1.0,18,0.1443894389438944,6.764851485148514,14
540,1213,957,13.864654669247363,87.37840065952184,7,6,5,1,936,0.7722772277227723,276,1055,0.8704620462046204,0.9166666666666666,858,197,0.9166666666666666,0.7137681159420289,0.8704620462046204,167,1034,6.191616766467066,0.005775577557755775,0.0049504950495049506,0.004125412541254125,0.0008250825082508251,0.5415525357019386,0.2649154277300243,0.0,1.0,0.5207829162566817,0.29112629855974703,0.0,1.0,0.4570645959099008,0.3103557480493645,0.03225806451612903,1.0,0.28832805893146823,0.2887572600928482,0.0,1.0,18,0.1442704039571311,6.7765869744435285,14
541,1215,951,13.96790504727961,87.95802469135802,7,5,1,4,916,0.7551525144270403,297,1062,0.875515251442704,0.9246724890829694,847,215,0.9246724890829694,0.7239057239057239,0.875515251442704,180,1036,5.7555555555555555,0.005770816158285243,0.004122011541632316,0.0008244023083264633,0.0032976092333058533,0.5399707951679278,0.2647033573803857,0.0,1.0,0.5200584096641444,0.2912694149523016,0.0,1.0,0.45639187574671447,0.3098750051847658,0.03225806451612903,1.0,0.2870834992698792,0.2878350440006506,0.0,1.0,18,0.145679012345679,6.768724279835391,14
542,1218,956,13.908287413965905,87.41379310344827,13,10,6,4,916,0.7539094650205761,299,1057,0.8699588477366255,0.915938864628821,839,218,0.915938864628821,0.7290969899665551,0.8699588477366255,178,1040,5.842696629213483,0.010699588477366255,0.00823045267489712,0.0049382716049382715,0.0032921810699588477,0.5402034006038455,0.26465543993570045,0.0,1.0,0.5208167805498173,0.29133792343370934,0.0,1.0,0.45728057630171093,0.3099221943675469,0.03225806451612903,1.0,0.2868796016738175,0.2884273538810565,0.0,1.0,18,0.14614121510673234,6.778325123152709,14
543,1223,959,13.890315555891847,87.40719542109566,10,5,3,2,953,0.7824302134646962,265,1061,0.8711001642036125,0.9213011542497377,878,183,0.9213011542497377,0.690566037735849,0.8711001642036125,172,1036,6.023255813953488,0.008210180623973728,0.004105090311986864,0.0024630541871921183,0.0016420361247947454,0.5396565821749796,0.2646076195497109,0.0,1.0,0.5218526626750719,0.2918185012331032,0.0,1.0,0.45804869042281016,0.3108561141517038,0.03225806451612903,1.0,0.2881069817740617,0.2906875595572463,0.0,1.0,18,0.1455437448896157,6.772690106295993,14
544,1228,963,13.808472290575265,86.84120521172639,12,7,7,0,940,0.7686017988552739,283,1062,0.8683565004088307,0.9180851063829787,863,199,0.9180851063829787,0.7031802120141343,0.8683565004088307,178,1044,5.865168539325842,0.009811937857726901,0.005723630417007359,0.005723630417007359,0.0,0.5405589996847746,0.2646842023110396,0.0,1.0,0.5188872543868865,0.29144416638168774,0.0,1.0,0.45610486497845965,0.31033714133357126,0.03225806451612903,1.0,0.2876168960806977,0.28998433465935225,0.0,1.0,18,0.1473941368078176,6.780130293159609,14
545,1231,965,13.818799154766861,86.89033306255077,9,6,3,3,912,0.742671009771987,316,1052,0.8566775244299675,0.9133771929824561,833,219,0.9133771929824561,0.6930379746835443,0.8566775244299675,173,1027,5.936416184971098,0.007328990228013029,0.004885993485342019,0.0024429967426710096,0.0024429967426710096,0.5411545819029899,0.26455715644355043,0.0,1.0,0.5185398705484656,0.2914444870841282,0.0,1.0,0.456486989334661,0.3101560180434488,0.03225806451612903,1.0,0.2862346374570897,0.2890930565299221,0.0,1.0,18,0.14703493095044678,6.7887896019496345,14
546,1230,967,13.76426339353322,86.37154471544716,11,12,9,3,948,0.7701056051990252,283,1063,0.8635255889520714,0.919831223628692,872,191,0.919831223628692,0.6749116607773852,0.8635255889520714,175,1040,5.942857142857143,0.008935824532900082,0.00974817221770918,0.007311129163281885,0.002437043054427295,0.5418568056648309,0.26398370402495225,0.0,1.0,0.5201940729084711,0.2912005076538712,0.0,1.0,0.45704169944925255,0.31139016730467195,0.03225806451612903,1.0,0.28610018358248096,0.28919255268154354,0.0,1.0,18,0.14634146341463414,6.788617886178862,14
547,1235,972,13.675192062973306,85.88421052631578,13,8,6,2,956,0.7772357723577236,274,1068,0.8682926829268293,0.9163179916317992,876,192,0.9163179916317992,0.7007299270072993,0.8682926829268293,172,1045,6.075581395348837,0.01056910569105691,0.0065040650406504065,0.004878048780487805,0.0016260162601626016,0.5420922032127465,0.2645966597650824,0.0,1.0,0.5201253754734231,0.29132074190599294,0.0,1.0,0.4579861564581429,0.3114547197310677,0.03225806451612903,1.0,0.28893822645944883,0.2902902562157882,0.0,1.0,18,0.14493927125506073,6.792712550607288,14
548,1231,978,13.716617918013009,86.20308692120227,4,8,6,2,985,0.7975708502024291,250,1063,0.8607287449392712,0.9065989847715736,893,170,0.9065989847715736,0.68,0.8607287449392712,175,1044,5.965714285714285,0.0032388663967611335,0.006477732793522267,0.004858299595141701,0.0016194331983805667,0.5430937344409213,0.2644624564939846,0.0,1.0,0.5200335420979534,0.2907531333201961,0.0,1.0,0.4568014465029743,0.3111359820076751,0.03225806451612903,1.0,0.289719871072561,0.29051115042206754,0.0,1.0,18,0.1437855402112104,6.786352558895207,14
549,1234,986,13.690101514262853,86.32333873581848,8,5,4,1,953,0.7741673436230707,278,1074,0.8724614134849715,0.9275970619097587,884,190,0.9275970619097587,0.6834532374100719,0.8724614134849715,170,1052,6.188235294117647,0.006498781478472786,0.004061738424045491,0.003249390739236393,0.0008123476848090983,0.5418779735452501,0.264060812755439,0.0,1.0,0.5195273696868301,0.29038110849401355,0.0,1.0,0.45720708945469757,0.31128994762360296,0.03225806451612903,1.0,0.2889371046165107,0.29016964954682695,0.0,1.0,18,0.14505672609400325,6.80064829821718,14
550,1238,992,13.672384684552615,86.218901453958,10,6,4,2,881,0.7139384116693679,353,1065,0.8630470016207455,0.9091940976163451,801,264,0.9091940976163451,0.7478753541076487,0.8630470016207455,177,1048,5.9209039548022595,0.008103727714748784,0.004862236628849271,0.0032414910858995136,0.0016207455429497568,0.5428891552451925,0.26373314199571896,0.0,1.0,0.518734691750482,0.29012263231167995,0.0,1.0,0.45703267497003486,0.31092206995499044,0.03225806451612903,1.0,0.28875918494971076,0.2902778352499582,0.0,1.0,18,0.14458804523424879,6.804523424878837,14
551,1239,1005,13.663878195793606,86.54560129136401,7,6,4,2,935,0.7552504038772213,303,1012,0.8174474959612278,0.8855614973262033,828,184,0.8855614973262033,0.6072607260726073,0.8174474959612278,168,993,5.910714285714286,0.005654281098546042,0.004846526655896607,0.0032310177705977385,0.0016155088852988692,0.5435705173266683,0.2637100477162712,0.0,1.0,0.5193574422661356,0.2898573138846004,0.0,1.0,0.45702830065869976,0.31142290577572124,0.03225806451612903,1.0,0.2884480199953136,0.2903584727635367,0.0,1.0,18,0.14527845036319612,6.821630347054076,14
552,1240,1002,13.66227345005207,86.29032258064517,8,7,7,0,963,0.7772397094430993,276,1094,0.8829701372074253,0.9221183800623053,888,206,0.9221183800623053,0.7463768115942029,0.8829701372074253,185,1076,5.816216216216216,0.00645682001614205,0.005649717514124294,0.005649717514124294,0.0,0.5434443288241415,0.26324930633986704,0.0,1.0,0.518522372528616,0.2891106253181834,0.0,1.0,0.4550988553590011,0.3106988651894543,0.03225806451612903,1.0,0.28779916753381896,0.28968511947309156,0.0,1.0,18,0.14758064516129032,6.818548387096774,14
553,1239,1010,13.70799297830686,86.74172719935432,5,6,3,3,925,0.7459677419354839,315,1078,0.8693548387096774,0.9145945945945946,846,232,0.9145945945945946,0.7365079365079366,0.8693548387096774,176,1062,6.034090909090909,0.004032258064516129,0.004838709677419355,0.0024193548387096775,0.0024193548387096775,0.5429716993413002,0.2631931373164395,0.0,1.0,0.518107735166237,0.288541401798238,0.0,1.0,0.4541123174256034,0.3105553115985696,0.03225806451612903,1.0,0.28800541539743285,0.2898558896940631,0.0,1.0,18,0.14850686037126715,6.808716707021792,14
554,1242,1022,13.649828407430574,86.6682769726248,10,7,5,2,949,0.7659402744148507,290,1080,0.8716707021791767,0.9230769230769231,876,204,0.9230769230769231,0.7034482758620689,0.8716707021791767,177,1069,6.03954802259887,0.008071025020177562,0.005649717514124294,0.004035512510088781,0.0016142050040355124,0.542205599709106,0.26283573266306565,0.0,1.0,0.5176354475092203,0.28866902726825633,0.0,1.0,0.4525738922653369,0.3098548183964392,0.03225806451612903,1.0,0.2880629577684276,0.28897305777432847,0.0,1.0,18,0.14895330112721417,6.823671497584541,14
555,1237,1031,13.677638685928198,86.81083265966046,6,11,7,4,935,0.7528180354267311,307,1067,0.8590982286634461,0.9026737967914439,844,223,0.9026737967914439,0.7263843648208469,0.8590982286634461,170,1046,6.152941176470589,0.004830917874396135,0.008856682769726247,0.005636070853462158,0.00322061191626409,0.5403812553785172,0.2624070835985329,0.0,1.0,0.5192844290296503,0.2892981873810717,0.0,1.0,0.4547943776566616,0.31040192149045964,0.03225806451612903,1.0,0.2870628732364983,0.28847586883937354,0.0,1.0,18,0.14955537590945836,6.842360549717057,14
556,1227,1043,13.747222307292796,86.95680521597392,4,14,8,6,927,0.7493936944219887,310,1088,0.8795472918350848,0.919093851132686,852,236,0.919093851132686,0.7612903225806451,0.8795472918350848,167,1067,6.389221556886228,0.0032336297493936943,0.01131770412287793,0.0064672594987873885,0.004850444624090542,0.5416830980361227,0.2629896585694707,0.0,1.0,0.5180745064016615,0.28875046043978747,0.0,1.0,0.4543207929121645,0.30987457918226574,0.03225806451612903,1.0,0.28643163235796726,0.28831929176593485,0.0,1.0,18,0.15158924205378974,6.8288508557457215,14
557,1225,1040,13.85105846668331,87.57469387755103,2,4,3,1,960,0.78239608801956,267,1082,0.8818255908720456,0.9145833333333333,878,204,0.9145833333333333,0.7640449438202247,0.8818255908720456,185,1064,5.751351351351351,0.0016299918500407497,0.0032599837000814994,0.0024449877750611247,0.0008149959250203749,0.5418301514154049,0.26321455483764505,0.0,1.0,0.5179986833443054,0.28859096628274455,0.0,1.0,0.4541145490454246,0.3098112951968981,0.03225806451612903,1.0,0.2859512837393022,0.2881942398827,0.0,1.0,18,0.15183673469387754,6.830204081632653,14
558,1222,1051,13.844818494962206,87.45171849427169,7,10,7,3,925,0.7551020408163265,300,1072,0.8751020408163265,0.918918918918919,850,222,0.918918918918919,0.74,0.8751020408163265,177,1060,5.988700564971752,0.005714285714285714,0.00816326530612245,0.005714285714285714,0.0024489795918367346,0.5428699646269997,0.263454829200197,0.0,1.0,0.5186104218362283,0.2886824145161156,0.0,1.0,0.4540678950425004,0.30923494384500577,0.03225806451612903,1.0,0.2844622775988596,0.28752215913296497,0.0,1.0,18,0.15057283142389524,6.842880523731588,14
559,1220,1055,13.878543438303916,87.54098360655738,8,10,6,4,966,0.79050736497545,256,1084,0.8870703764320785,0.9202898550724637,889,195,0.9202898550724637,0.76171875,0.8870703764320785,173,1061,6.132947976878612,0.006546644844517185,0.008183306055646482,0.004909983633387889,0.0032733224222585926,0.5427551560021152,0.26383004932009513,0.0,1.0,0.5176890534108938,0.28833881672582445,0.0,1.0,0.4542570068746695,0.309085515436401,0.03225806451612903,1.0,0.28521946060285563,0.28737333311611113,0.0,1.0,18,0.15163934426229508,6.836065573770492,14
560,1227,1059,13.850339442455613,87.64547677261614,10,3,2,1,944,0.7737704918032787,276,1055,0.8647540983606558,0.9004237288135594,850,205,0.9004237288135594,0.7427536231884058,0.8647540983606558,180,1039,5.772222222222222,0.00819672131147541,0.002459016393442623,0.001639344262295082,0.000819672131147541,0.5420511607119384,0.26414104227045043,0.0,1.0,0.5173646712411599,0.28827082963055556,0.0,1.0,0.4534006362226254,0.30890131266041226,0.03225806451612903,1.0,0.2849068012724452,0.2873636061612482,0.0,1.0,18,0.15240423797881011,6.840260798696007,14
561,1230,1068,13.811866086436265,87.74878048780488,8,5,4,1,949,0.7734311328443357,278,1078,0.8785656071719642,0.9220231822971549,875,203,0.9220231822971549,0.7302158273381295,0.8785656071719642,174,1061,6.097701149425287,0.006519967400162999,0.004074979625101874,0.0032599837000814994,0.0008149959250203749,0.5408339889850512,0.2631812534829376,0.0,1.0,0.5182008916863362,0.28811105999366154,0.0,1.0,0.4536323105166536,0.3092610460241507,0.03225806451612903,1.0,0.284788880146866,0.28737143317448377,0.0,1.0,18,0.15447154471544716,6.8479674796747965,14
562,1233,1073,13.817413752189427,88.04947283049472,6,3,3,0,960,0.7804878048780488,270,1095,0.8902439024390244,0.9302083333333333,893,202,0.9302083333333333,0.7481481481481481,0.8902439024390244,173,1073,6.202312138728324,0.004878048780487805,0.0024390243902439024,0.0024390243902439024,0.0,0.5404599325013735,0.2635470204530456,0.0,1.0,0.5184313109907648,0.2881615574900113,0.0,1.0,0.4530779896920702,0.30924404436189873,0.03225806451612903,1.0,0.28461920833006304,0.28723714391442856,0.0,1.0,18,0.154095701540957,6.850770478507704,14
563,1233,1082,13.830980425292404,88.53122465531224,5,5,3,2,950,0.7704785077047851,283,1080,0.8759124087591241,0.9252631578947368,879,201,0.9252631578947368,0.7102473498233216,0.8759124087591241,169,1058,6.260355029585799,0.0040551500405515,0.0040551500405515,0.0024330900243309003,0.0016220600162206002,0.5399366873348508,0.26349873553217357,0.0,1.0,0.5193469900321795,0.2882216053830695,0.0,1.0,0.4528686916254611,0.30901564019625544,0.03225806451612903,1.0,0.28336341993040837,0.2871477489755338,0.0,1.0,18,0.1549067315490673,6.86374695863747,14
564,1232,1090,13.882492331984702,89.05113636363636,3,4,4,0,924,0.7493917274939172,309,1061,0.8605028386050284,0.9177489177489178,848,213,0.9177489177489178,0.6893203883495146,0.8605028386050284,168,1037,6.1726190476190474,0.0024330900243309003,0.0032441200324412004,0.0032441200324412004,0.0,0.5400083787180561,0.2630098065502969,0.0,1.0,0.519271051529116,0.28798327850353206,0.0,1.0,0.45245077503142017,0.3087651749142619,0.03225806451612903,1.0,0.2828079178885631,0.2866012461701239,0.0,1.0,18,0.15584415584415584,6.872564935064935,14
565,1236,1096,13.891309075901994,89.26132686084142,8,4,3,1,907,0.7362012987012987,325,999,0.8108766233766234,0.8820286659316428,800,199,0.8820286659316428,0.6123076923076923,0.8108766233766234,168,973,5.791666666666667,0.006493506493506494,0.003246753246753247,0.002435064935064935,0.0008116883116883117,0.5405052719490552,0.26299927787680505,0.0,1.0,0.5202787347322267,0.28815780439871197,0.0,1.0,0.4529178411107631,0.3089482660600874,0.03225806451612903,1.0,0.2815533980582524,0.2864819155351939,0.0,1.0,18,0.15614886731391586,6.881877022653722,14
566,1245,1100,13.708927613516215,88.62489959839357,17,8,6,2,975,0.7888349514563107,261,1074,0.8689320388349514,0.9076923076923077,885,189,0.9076923076923077,0.7241379310344828,0.8689320388349514,168,1046,6.226190476190476,0.013754045307443365,0.006472491909385114,0.0048543689320388345,0.0016181229773462784,0.5393444746728852,0.26276832419414037,0.0,1.0,0.52037828734292,0.28802098546261384,0.0,1.0,0.45200155460551883,0.3088526219753764,0.03225806451612903,1.0,0.28205726130327763,0.2862728946041345,0.0,1.0,18,0.157429718875502,6.891566265060241,14
567,1249,1106,13.660553074382062,88.91593274619696,8,4,3,1,973,0.7815261044176707,272,1104,0.8867469879518072,0.934224049331963,909,195,0.934224049331963,0.7169117647058824,0.8867469879518072,180,1090,6.055555555555555,0.00642570281124498,0.00321285140562249,0.0024096385542168677,0.0008032128514056225,0.538805237738578,0.2632723048205936,0.0,1.0,0.5213202820320773,0.28834387056431876,0.0,1.0,0.4526201606446448,0.30903907686722065,0.03225806451612903,1.0,0.2812572638756166,0.28599930267907875,0.0,1.0,18,0.15692554043234588,6.907926341072859,14
568,1253,1108,13.660236281755072,88.83479648842777,9,5,4,1,948,0.7590072057646117,301,1104,0.8839071257005604,0.9251054852320675,877,227,0.9251054852320675,0.7541528239202658,0.8839071257005604,181,1087,6.005524861878453,0.007205764611689352,0.0040032025620496394,0.0032025620496397116,0.0008006405124099279,0.5406894421131221,0.26341171703535254,0.0,1.0,0.520814561182195,0.288011471680804,0.0,1.0,0.45140694591046004,0.3084756394107856,0.03225806451612903,1.0,0.28030790618644286,0.285329856753796,0.0,1.0,18,0.1564245810055866,6.913806863527534,14
569,1256,1114,13.606556493768343,89.0437898089172,8,5,3,2,988,0.7885075818036712,265,1113,0.888268156424581,0.9321862348178138,921,192,0.9321862348178138,0.7245283018867924,0.888268156424581,174,1093,6.281609195402299,0.006384676775738229,0.0039904229848363925,0.0023942537909018356,0.0015961691939345571,0.5408362440928703,0.26371582957271694,0.0,1.0,0.520520854735977,0.2878172483676977,0.0,1.0,0.45045716046846107,0.3082353059057115,0.03225806451612903,1.0,0.2789963016231765,0.2841240653659617,0.0,1.0,18,0.15605095541401273,6.917993630573249,14
570,1249,1120,13.62220389099406,88.91433146517214,5,12,10,2,968,0.7707006369426752,288,1126,0.8964968152866242,0.9287190082644629,899,227,0.9287190082644629,0.7881944444444444,0.8964968152866242,173,1105,6.38728323699422,0.003980891719745223,0.009554140127388535,0.007961783439490446,0.0015923566878980893,0.5404065187633978,0.26387880802228786,0.0,1.0,0.5201580619334176,0.287176893247486,0.0,1.0,0.4500116222009866,0.3079793152201052,0.03225806451612903,1.0,0.27864872543195846,0.28352424115658986,0.0,1.0,18,0.1577261809447558,6.925540432345877,14
571,1246,1134,13.640096085829303,89.50321027287319,2,5,4,1,944,0.755804643714972,305,1105,0.8847077662129704,0.9205508474576272,869,236,0.9205508474576272,0.7737704918032787,0.8847077662129704,167,1086,6.502994011976048,0.0016012810248198558,0.0040032025620496394,0.0032025620496397116,0.0008006405124099279,0.5399730751307409,0.26388264351233115,0.0,1.0,0.5213586703256874,0.28688666239334554,0.0,1.0,0.4487650805157148,0.30776884849027614,0.03225806451612903,1.0,0.2781546108838606,0.2831529152802712,0.0,1.0,18,0.1581059390048154,6.931781701444622,14
572,1250,1145,13.632717725332338,89.8928,6,2,2,0,958,0.7688603531300161,288,1023,0.8210272873194222,0.8810020876826722,844,179,0.8810020876826722,0.6215277777777778,0.8210272873194222,174,1008,5.793103448275862,0.004815409309791332,0.0016051364365971107,0.0016051364365971107,0.0,0.5390193548387097,0.2639231509249856,0.0,1.0,0.5222967741935484,0.2871095367949773,0.0,1.0,0.44846451612903226,0.3076521040187764,0.03225806451612903,1.0,0.27721290322580644,0.28306564477304635,0.0,1.0,18,0.1592,6.9464,14
573,1249,1145,13.69904606744546,90.37950360288231,4,5,3,2,967,0.7736,283,1132,0.9056,0.9265770423991727,896,236,0.9265770423991727,0.833922261484099,0.9056,185,1117,6.037837837837838,0.0032,0.004,0.0024,0.0016,0.5372556109403652,0.2635276741989339,0.0,1.0,0.5227407732637723,0.28776378871094044,0.0,1.0,0.4487977478757199,0.3081883060198119,0.03225806451612903,1.0,0.278106356052584,0.283476409635758,0.0,1.0,18,0.15932746196957567,6.949559647718175,14
574,1258,1153,13.619560193249878,90.4220985691574,11,2,2,0,949,0.7598078462770216,300,1061,0.8494795836669335,0.9135932560590094,867,194,0.9135932560590094,0.6466666666666666,0.8494795836669335,176,1045,5.9375,0.008807045636509208,0.0016012810248198558,0.0016012810248198558,0.0,0.5381045181804195,0.26378534050824526,0.0,1.0,0.5220011282629878,0.28757628023581816,0.0,1.0,0.446997281911893,0.3079940249665785,0.03225806451612903,1.0,0.27809118416329043,0.28335563432789374,0.0,1.0,18,0.1589825119236884,6.955484896661368,14
575,1257,1151,13.710521919416168,90.91964996022276,5,6,3,3,940,0.7472178060413355,318,1106,0.8791732909379968,0.925531914893617,870,236,0.925531914893617,0.7421383647798742,0.8791732909379968,179,1083,6.050279329608938,0.00397456279809221,0.0047694753577106515,0.0023847376788553257,0.0023847376788553257,0.536274283367978,0.26356000577077304,0.0,1.0,0.5237765288577514,0.28749784550253615,0.0,1.0,0.44809710780917184,0.308481456282905,0.03225806451612903,1.0,0.27808145353760877,0.28335127421540224,0.0,1.0,18,0.15910898965791567,6.961018297533811,14
576,1260,1157,13.721989138418879,91.46984126984127,7,4,1,3,977,0.7772474144789181,280,1118,0.8894192521877486,0.9242579324462641,903,215,0.9242579324462641,0.7678571428571429,0.8894192521877486,176,1100,6.25,0.005568814638027049,0.0031821797931583136,0.0007955449482895784,0.002386634844868735,0.5371223758320532,0.26390652784693225,0.0,1.0,0.5234511008704557,0.28768656308200846,0.0,1.0,0.4483870967741936,0.3084961576087608,0.03225806451612903,1.0,0.27734254992319507,0.2832573093777866,0.0,1.0,18,0.15873015873015872,6.96984126984127,14
577,1260,1164,13.704221109856164,91.54761904761905,6,6,6,0,946,0.7507936507936508,314,1108,0.8793650793650793,0.912262156448203,863,245,0.912262156448203,0.7802547770700637,0.8793650793650793,181,1096,6.05524861878453,0.004761904761904762,0.004761904761904762,0.004761904761904762,0.0,0.5372759856630824,0.2638754857212884,0.0,1.0,0.5239631336405529,0.28772761559482435,0.0,1.0,0.44956477214541735,0.308369668736139,0.03225806451612903,1.0,0.2777521761392729,0.28331951084110474,0.0,1.0,18,0.15793650793650793,6.970634920634921,14
578,1258,1175,13.708676054452326,91.7893481717011,6,8,5,3,971,0.7706349206349207,289,1101,0.8738095238095238,0.9042224510813595,878,223,0.9042224510813595,0.7716262975778547,0.8738095238095238,168,1080,6.428571428571429,0.004761904761904762,0.006349206349206349,0.003968253968253968,0.002380952380952381,0.5372070362582696,0.26425796965645904,0.0,1.0,0.5229242525257706,0.28751855065027326,0.0,1.0,0.4502282168316324,0.3083744003824267,0.03225806451612903,1.0,0.2769116364941792,0.28258308580172886,0.0,1.0,18,0.1573926868044515,6.973767885532592,14
579,1259,1181,13.704217984174047,92.11834789515488,5,4,4,0,989,0.7861685214626392,269,1094,0.8696343402225755,0.916076845298281,906,188,0.916076845298281,0.6988847583643123,0.8696343402225755,175,1075,6.142857142857143,0.00397456279809221,0.003179650238473768,0.003179650238473768,0.0,0.5363447692741294,0.2643401276503965,0.0,1.0,0.522380793768736,0.28734902783001837,0.0,1.0,0.4500755848215429,0.308374497511435,0.03225806451612903,1.0,0.2773066181557304,0.28253733342801085,0.0,1.0,18,0.15647339158061954,6.976965845909452,14
580,1261,1187,13.716409498050913,92.53053132434576,7,5,2,3,955,0.7585385226370135,304,1071,0.8506751389992058,0.9141361256544502,873,198,0.9141361256544502,0.6513157894736842,0.8506751389992058,177,1054,5.954802259887006,0.005559968228752979,0.003971405877680699,0.0015885623510722795,0.0023828435266084196,0.53592898621166,0.26469276830342514,0.0,1.0,0.52237087820726,0.28731079680250377,0.0,1.0,0.451791972576808,0.3086968493852145,0.03225806451612903,1.0,0.27643191527461564,0.2821584491931431,0.0,1.0,18,0.1570182394924663,7.001586042823156,14
581,1256,1196,13.624915211075407,92.10509554140127,8,13,12,1,972,0.7708168120539255,289,1106,0.8770816812053925,0.9218106995884774,896,210,0.9218106995884774,0.726643598615917,0.8770816812053925,177,1092,6.169491525423729,0.006344171292624901,0.010309278350515464,0.00951625693893735,0.0007930214115781126,0.5363673720978015,0.264613484533381,0.0,1.0,0.5211115677008424,0.2870740841358053,0.0,1.0,0.450791041709472,0.3083425282974569,0.03225806451612903,1.0,0.27511814259297307,0.2816004964105213,0.0,1.0,18,0.15843949044585987,7.012738853503185,14
582,1263,1207,13.566864943618153,92.30720506730007,9,2,2,0,954,0.7595541401273885,302,1103,0.8781847133757962,0.9245283018867925,882,221,0.9245283018867925,0.7317880794701986,0.8781847133757962,177,1091,6.163841807909605,0.007165605095541401,0.0015923566878980893,0.0015923566878980893,0.0,0.535769928230276,0.26460746949983316,0.0,1.0,0.5213904426225321,0.2869908185134807,0.0,1.0,0.4506168109723393,0.3078759620737542,0.03225806451612903,1.0,0.2740786146655429,0.28045025521541916,0.0,1.0,18,0.15914489311163896,7.026920031670626,14
583,1263,1208,13.548236985463257,92.22723673792558,9,9,6,3,984,0.7790973871733967,279,1137,0.9002375296912114,0.9380081300813008,923,214,0.9380081300813008,0.7670250896057348,0.9002375296912114,180,1118,6.211111111111111,0.007125890736342043,0.007125890736342043,0.004750593824228029,0.0023752969121140144,0.5366638571756953,0.26451935280033195,0.0,1.0,0.5223099123949633,0.2871963389451538,0.0,1.0,0.45005491277807574,0.3073191814109968,0.03225806451612903,1.0,0.2722907567747043,0.27925146579980603,0.0,1.0,18,0.1583531274742676,7.046714172604909,14
584,1260,1214,13.584457346668318,92.47539682539683,6,9,5,4,950,0.7521773555027712,313,1097,0.8685669041963578,0.9189473684210526,873,224,0.9189473684210526,0.7156549520766773,0.8685669041963578,182,1085,5.961538461538462,0.004750593824228029,0.007125890736342043,0.00395882818685669,0.003167062549485352,0.5376600102406555,0.26535351616205033,0.0,1.0,0.5232974910394266,0.286600389237338,0.0,1.0,0.45002560163850486,0.30742286759763116,0.03225806451612903,1.0,0.2728110599078341,0.27911265592213264,0.0,1.0,18,0.15714285714285714,7.050793650793651,14
585,1257,1228,13.557356272860963,92.50835322195704,6,9,6,3,952,0.7555555555555555,308,1108,0.8793650793650793,0.9296218487394958,885,223,0.9296218487394958,0.724025974025974,0.8793650793650793,175,1097,6.268571428571429,0.004761904761904762,0.007142857142857143,0.004761904761904762,0.002380952380952381,0.5381476634074986,0.26552143187184396,0.0,1.0,0.5240844817409602,0.28670807829018957,0.0,1.0,0.4489953037185311,0.307475699788767,0.03225806451612903,1.0,0.27323119562706905,0.27871351501948466,0.0,1.0,18,0.15672235481304694,7.046141607000796,14
586,1259,1237,13.500173348977482,92.52422557585385,7,5,5,0,952,0.7573587907716786,305,1099,0.8743038981702467,0.9201680672268907,876,223,0.9201680672268907,0.7311475409836066,0.8743038981702467,176,1084,6.159090909090909,0.005568814638027049,0.003977724741447892,0.003977724741447892,0.0,0.5361397934868943,0.26534498153584274,0.0,1.0,0.5255066745240718,0.2866476227118218,0.0,1.0,0.4491531937789849,0.30781857096606186,0.03225806451612903,1.0,0.2737451638525199,0.27931792162133784,0.0,1.0,18,0.1572676727561557,7.048451151707704,14
587,1261,1248,13.468228001647605,92.74226804123711,7,5,4,1,962,0.7640984908657665,297,1099,0.8729150119142176,0.9241164241164241,889,210,0.9241164241164241,0.7070707070707071,0.8729150119142176,175,1085,6.2,0.005559968228752979,0.003971405877680699,0.003177124702144559,0.0007942811755361397,0.534854570105651,0.2655738305300081,0.0,1.0,0.5261057532424342,0.28709328396308487,0.0,1.0,0.4506663937990842,0.308976008658309,0.03225806451612903,1.0,0.27476912844388734,0.280008962361444,0.0,1.0,18,0.15543219666931007,7.0539254559873115,14
588,1258,1251,13.446871315265374,92.77662957074722,6,9,7,2,950,0.753370340999207,311,1102,0.8739095955590801,0.9147368421052632,869,233,0.9147368421052632,0.7491961414790996,0.8739095955590801,176,1081,6.142045454545454,0.004758128469468675,0.007137192704203013,0.0055511498810467885,0.0015860428231562252,0.5351043643263756,0.2659394925472327,0.0,1.0,0.5260782604236114,0.2873302704254673,0.0,1.0,0.4513564798194779,0.30888662625709484,0.03225806451612903,1.0,0.2725011539053285,0.2793112678512124,0.0,1.0,18,0.15580286168521462,7.0675675675675675,14
589,1256,1261,13.417672060927401,92.8781847133758,5,7,7,0,969,0.7702702702702703,289,1117,0.8879173290937997,0.9071207430340558,879,238,0.9071207430340558,0.8235294117647058,0.8879173290937997,181,1108,6.121546961325967,0.00397456279809221,0.005564387917329093,0.005564387917329093,0.0,0.5351859461680706,0.2657164630941333,0.0,1.0,0.5242705979042531,0.2866884862424381,0.0,1.0,0.4486593384014793,0.3083523163337499,0.03225806451612903,1.0,0.2718306965276351,0.2780182330277092,0.0,1.0,18,0.15843949044585987,7.067675159235669,14
590,1251,1262,13.451046627397155,93.26298960831335,3,8,6,2,980,0.7802547770700637,276,1118,0.8901273885350318,0.9285714285714286,910,208,0.9285714285714286,0.7536231884057971,0.8901273885350318,181,1100,6.077348066298343,0.0023885350318471337,0.006369426751592357,0.004777070063694267,0.0015923566878980893,0.5359067584641963,0.2657764823597176,0.0,1.0,0.5229107036951084,0.2865689820588947,0.0,1.0,0.4479771021892163,0.30753319455749456,0.03225806451612903,1.0,0.2706737835538021,0.27674074165706747,0.0,1.0,18,0.15987210231814547,7.073541167066347,14
591,1256,1268,13.399922788528608,93.1592356687898,10,5,5,0,951,0.7601918465227818,300,1130,0.903277378097522,0.9369085173501577,891,239,0.9369085173501577,0.7966666666666666,0.903277378097522,175,1111,6.348571428571429,0.007993605115907274,0.003996802557953637,0.003996802557953637,0.0,0.536341688925416,0.26590381510621486,0.0,1.0,0.5223443599753441,0.2867266006328958,0.0,1.0,0.4484538730223957,0.30731140756632097,0.03225806451612903,1.0,0.26969899321964247,0.2765846758116961,0.0,1.0,18,0.160828025477707,7.086783439490445,14
592,1255,1266,13.3932529983445,92.89322709163346,10,11,7,4,937,0.7460191082802548,319,1090,0.8678343949044586,0.9252934898612594,867,223,0.9252934898612594,0.6990595611285266,0.8678343949044586,174,1062,6.103448275862069,0.007961783439490446,0.00875796178343949,0.005573248407643312,0.0031847133757961785,0.536203572805552,0.2663229661041779,0.0,1.0,0.5204215396478602,0.2864870772249071,0.0,1.0,0.44786017221436836,0.30739883660928274,0.03225806451612903,1.0,0.26986248554170417,0.2758838360512991,0.0,1.0,18,0.1609561752988048,7.092430278884462,14
593,1259,1272,13.385832188289339,93.27799841143765,6,2,2,0,960,0.7649402390438247,295,1111,0.8852589641434263,0.9302083333333333,893,218,0.9302083333333333,0.7389830508474576,0.8852589641434263,174,1091,6.2701149425287355,0.004780876494023904,0.0015936254980079682,0.0015936254980079682,0.0,0.535524866125189,0.26577653622366293,0.0,1.0,0.5206897435240462,0.2863147340410031,0.0,1.0,0.4478720951087653,0.30785131261048804,0.03225806451612903,1.0,0.26987624586845677,0.2763485519074548,0.0,1.0,18,0.16282764098490865,7.104050833995235,14
594,1256,1276,13.354066001780115,92.75,10,13,10,3,955,0.7585385226370135,304,1072,0.8514694201747418,0.9172774869109948,876,196,0.9172774869109948,0.6447368421052632,0.8514694201747418,179,1055,5.893854748603352,0.007942811755361398,0.010325655281969817,0.007942811755361398,0.0023828435266084196,0.5363673720978015,0.265772525583976,0.0,1.0,0.5204181220464351,0.2858692000522317,0.0,1.0,0.4468615163344976,0.30760619555182434,0.03225806451612903,1.0,0.2688514485309225,0.2753266362697584,0.0,1.0,18,0.16480891719745222,7.1130573248407645,14
595,1258,1286,13.358295883932074,93.26152623211446,5,3,2,1,979,0.7794585987261147,277,1113,0.8861464968152867,0.9305413687436159,911,202,0.9305413687436159,0.7292418772563177,0.8861464968152867,175,1098,6.274285714285714,0.003980891719745223,0.0023885350318471337,0.0015923566878980893,0.0007961783439490446,0.5356684958202985,0.26555933937704773,0.0,1.0,0.5200779527155238,0.28578423952469006,0.0,1.0,0.4472280629775886,0.3075149454957441,0.03225806451612903,1.0,0.2687830145135648,0.27518819016471624,0.0,1.0,18,0.16534181240063592,7.12241653418124,15
596,1261,1293,13.31302444858193,93.09040444091991,11,8,6,2,936,0.7440381558028617,322,1109,0.8815580286168522,0.9188034188034188,860,249,0.9188034188034188,0.7732919254658385,0.8815580286168522,172,1088,6.325581395348837,0.008744038155802861,0.006359300476947536,0.0047694753577106515,0.001589825119236884,0.5329615512522063,0.2651222274802443,0.0,1.0,0.522447622214832,0.285738047938665,0.0,1.0,0.45020592975365176,0.3087070607479911,0.03225806451612903,1.0,0.26847611982297714,0.2759640598599133,0.0,1.0,18,0.16574147501982553,7.145122918318795,15
597,1261,1296,13.362602271633246,93.70816812053926,6,6,2,4,934,0.7406819984139572,327,1094,0.8675654242664552,0.9186295503211992,858,236,0.9186295503211992,0.7217125382262997,0.8675654242664552,175,1072,6.1257142857142854,0.004758128469468675,0.004758128469468675,0.0015860428231562252,0.0031720856463124504,0.5325522498784886,0.26482090967754546,0.0,1.0,0.5213476247729656,0.28529928621184447,0.0,1.0,0.44854314292292347,0.30784509208173755,0.03225806451612903,1.0,0.2674784477245402,0.2751809494142639,0.0,1.0,18,0.16732751784298175,7.147501982553529,15
598,1262,1300,13.370218739969582,94.0824088748019,7,6,3,3,973,0.7716098334655036,288,1098,0.8707375099127677,0.9116135662898253,887,211,0.9116135662898253,0.7326388888888888,0.8707375099127677,170,1072,6.305882352941176,0.0055511498810467885,0.004758128469468675,0.0023790642347343376,0.0023790642347343376,0.5324881141045958,0.2642737424325058,0.0,1.0,0.5208578293543275,0.2855977687869929,0.0,1.0,0.4486222585757374,0.3082258671532575,0.03225806451612903,1.0,0.2675476713869434,0.2742874079384186,0.0,1.0,18,0.1664025356576862,7.152139461172742,15
599,1268,1304,13.35309198179197,94.33438485804416,9,3,1,2,948,0.751188589540412,314,1088,0.8621236133122029,0.9187763713080169,871,217,0.9187763713080169,0.6910828025477707,0.8621236133122029,175,1067,6.097142857142857,0.0071315372424722665,0.002377179080824089,0.000792393026941363,0.001584786053882726,0.5319019029205251,0.26489517176566324,0.0,1.0,0.5197160883280757,0.2851738089119268,0.0,1.0,0.4473135239645874,0.3084448249315543,0.03225806451612903,1.0,0.2673247176147349,0.27439177177916485,0.0,1.0,18,0.167192429022082,7.155362776025236,15
600,1277,1308,13.293431923241307,94.52623335943618,11,2,1,1,971,0.7657728706624606,297,1123,0.8856466876971609,0.9207003089598352,894,229,0.9207003089598352,0.7710437710437711,0.8856466876971609,176,1103,6.267045454545454,0.008675078864353312,0.0015772870662460567,0.0007886435331230284,0.0007886435331230284,0.5316644352944148,0.2647275846728042,0.0,1.0,0.5195645034986233,0.2852235566604264,0.0,1.0,0.44800060625963073,0.30826203497454185,0.03225806451612903,1.0,0.26857301639427084,0.27450130857720345,0.0,1.0,18,0.16601409553641347,7.156617071260768,15
601,1281,1314,13.267606707711053,94.88914910226386,8,4,2,2,1008,0.7893500391542678,269,1108,0.8676585747846516,0.9146825396825397,922,186,0.9146825396825397,0.6914498141263941,0.8676585747846516,172,1086,6.313953488372093,0.006264682850430697,0.0031323414252153485,0.0015661707126076742,0.0015661707126076742,0.5318677444536779,0.26477645351229046,0.0,1.0,0.5198559593059857,0.28519602341508943,0.0,1.0,0.44939689254866405,0.30841442840219213,0.03225806451612903,1.0,0.26886756818010127,0.27485205077291736,0.0,1.0,18,0.16549570647931303,7.167056986729118,15
602,1283,1319,13.23769831671095,94.98285268901013,9,7,4,3,960,0.7494145199063232,321,1112,0.868071818891491,0.9010416666666666,865,247,0.9010416666666666,0.7694704049844237,0.868071818891491,176,1093,6.2102272727272725,0.00702576112412178,0.00546448087431694,0.00312256049960968,0.00234192037470726,0.5328237749226863,0.2653754644901037,0.0,1.0,0.5213838533678625,0.28571842051726953,0.0,1.0,0.4498026299248234,0.3088364587528915,0.03225806451612903,1.0,0.2688255851959872,0.27470254385405163,0.0,1.0,18,0.16289945440374123,7.180826188620421,15
603,1276,1319,13.286041126589998,95.37774294670847,4,11,6,5,1028,0.8012470771628994,255,1149,0.8955572876071707,0.9250972762645915,951,198,0.9250972762645915,0.7764705882352941,0.8955572876071707,175,1124,6.422857142857143,0.003117692907248636,0.00857365549493375,0.004676539360872954,0.003897116134060795,0.5320052583678835,0.2653820858154044,0.0,1.0,0.5215896450601678,0.2851979650697176,0.0,1.0,0.4482758620689655,0.3086383609778405,0.03225806451612903,1.0,0.26817676205885327,0.2744307982260866,0.0,1.0,18,0.16379310344827586,7.1880877742946705,15
604,1273,1324,13.256141761143004,95.27886881382561,9,12,7,5,995,0.7797805642633229,281,1145,0.8973354231974922,0.9386934673366835,934,211,0.9386934673366835,0.7508896797153025,0.8973354231974922,168,1118,6.654761904761905,0.007053291536050157,0.009404388714733543,0.0054858934169279,0.003918495297805642,0.530674302511213,0.26497411416306416,0.0,1.0,0.5212984314421103,0.2856052006817278,0.0,1.0,0.4483186782555812,0.3082182990443411,0.03225806451612903,1.0,0.2676937891189215,0.27297498417557736,0.0,1.0,18,0.1633935585231736,7.191673212882954,15
605,1283,1321,13.11710697122234,94.54871395167577,16,6,6,0,975,0.7659073055773763,298,1136,0.8923802042419482,0.9302564102564103,907,229,0.9302564102564103,0.7684563758389261,0.8923802042419482,178,1111,6.241573033707865,0.012568735271013355,0.004713275726630008,0.004713275726630008,0.0,0.532471777336384,0.2654645977536728,0.0,1.0,0.5201518618158048,0.2851886529616901,0.0,1.0,0.44718779071229225,0.3078051464857371,0.03225806451612903,1.0,0.2671661680034194,0.2716693042704318,0.0,1.0,18,0.1636788776305534,7.198752922837101,15
606,1284,1325,13.137424422846022,94.94314641744548,5,4,3,1,969,0.7552611067809821,314,1144,0.8916601714731099,0.9298245614035088,901,243,0.9298245614035088,0.7738853503184714,0.8916601714731099,172,1120,6.511627906976744,0.003897116134060795,0.003117692907248636,0.002338269680436477,0.000779423226812159,0.5322078183097176,0.26541357998685716,0.0,1.0,0.5210280373831776,0.2856276120494657,0.0,1.0,0.44781931464174457,0.30824234191606975,0.03225806451612903,1.0,0.2666817405285901,0.27153888956942684,0.0,1.0,18,0.16355140186915887,7.2087227414330215,15
607,1287,1326,13.174689817090417,95.52913752913753,5,2,1,1,973,0.7577881619937694,311,1134,0.883177570093458,0.9280575539568345,903,231,0.9280575539568345,0.7427652733118971,0.883177570093458,171,1106,6.4678362573099415,0.003894080996884735,0.001557632398753894,0.000778816199376947,0.000778816199376947,0.5319196932100159,0.2654676776406539,0.0,1.0,0.5214677795322956,0.2856632183370184,0.0,1.0,0.4470511567285761,0.3079367328081382,0.03225806451612903,1.0,0.2670626864175251,0.27206677054776823,0.0,1.0,18,0.16472416472416473,7.206682206682206,15
608,1292,1320,13.106083459817114,95.33281733746131,11,6,5,1,1007,0.7824397824397824,280,1171,0.9098679098679099,0.9314796425024826,938,233,0.9314796425024826,0.8321428571428572,0.9098679098679099,182,1147,6.302197802197802,0.008547008547008548,0.004662004662004662,0.003885003885003885,0.000777000777000777,0.5344302406871068,0.2660509278342093,0.0,1.0,0.5199240986717267,0.2854012653249655,0.0,1.0,0.44609507640067914,0.3072524154672404,0.03225806451612903,1.0,0.2660041945470888,0.27114930608028964,0.0,1.0,18,0.163312693498452,7.205108359133127,15
609,1294,1325,13.13077361096105,95.88098918083462,6,4,1,3,962,0.7445820433436533,330,1093,0.8459752321981424,0.895010395010395,861,232,0.895010395010395,0.703030303030303,0.8459752321981424,177,1075,6.073446327683616,0.0046439628482972135,0.0030959752321981426,0.0007739938080495357,0.0023219814241486067,0.5333549384254873,0.2654257544974974,0.0,1.0,0.5194944408435958,0.2855480885646247,0.0,1.0,0.4464027521563544,0.3076298563379961,0.03225806451612903,1.0,0.2658672782569676,0.271120017717531,0.0,1.0,18,0.16306027820710975,7.214064914992272,15
610,1304,1330,13.02066936398946,95.81671779141104,12,2,2,0,1022,0.7897990726429676,272,1142,0.8825347758887172,0.9266144814090019,947,195,0.9266144814090019,0.7169117647058824,0.8825347758887172,176,1123,6.380681818181818,0.00927357032457496,0.0015455950540958269,0.0015455950540958269,0.0,0.532554917870572,0.265532241951153,0.0,1.0,0.5199386503067485,0.28544651431359863,0.0,1.0,0.4461458539481496,0.3078772878134897,0.03225806451612903,1.0,0.265461112210568,0.2710151532653579,0.0,1.0,18,0.1633435582822086,7.2315950920245395,15
611,1303,1333,13.028764820605586,96.02379125095932,6,7,4,3,986,0.7561349693251533,318,1130,0.8665644171779141,0.9087221095334685,896,234,0.9087221095334685,0.7358490566037735,0.8665644171779141,176,1109,6.301136363636363,0.004601226993865031,0.005368098159509203,0.003067484662576687,0.0023006134969325155,0.5324932537815958,0.2653480380493374,0.0,1.0,0.5205852499195405,0.28542640264203467,0.0,1.0,0.44705765850518653,0.3083277319053502,0.03225806451612903,1.0,0.2666303567449806,0.2723647294287447,0.0,1.0,18,0.16193399846508058,7.244819646968534,15
612,1301,1331,13.024453187507703,96.25518831667948,6,8,6,2,1025,0.7866462010744436,278,1124,0.8626247122026094,0.8985365853658537,921,203,0.8985365853658537,0.7302158273381295,0.8626247122026094,177,1099,6.209039548022599,0.004604758250191865,0.0061396776669224865,0.004604758250191865,0.0015349194167306216,0.5331630755498252,0.26541716523710684,0.0,1.0,0.5195011281644393,0.28495696506031687,0.0,1.0,0.4460092732637425,0.3073656888352818,0.03225806451612903,1.0,0.26592447496962635,0.2718977232407902,0.0,1.0,18,0.16218293620292082,7.2567255956956185,15
613,1298,1338,13.01231205175821,96.36671802773498,5,8,6,2,997,0.7663335895465027,304,1156,0.8885472713297463,0.9207622868605817,918,238,0.9207622868605817,0.7828947368421053,0.8885472713297463,172,1135,6.598837209302325,0.003843197540353574,0.006149116064565719,0.004611837048424289,0.0015372790161414297,0.5336249316566429,0.2652858033520617,0.0,1.0,0.5191112878373676,0.28490241436474895,0.0,1.0,0.4453998707689249,0.3075501342357158,0.03225806451612903,1.0,0.2655947114667727,0.27149000447732013,0.0,1.0,18,0.16409861325115563,7.266563944530046,15
614,1302,1338,13.028180814911247,96.74116743471582,7,3,2,1,962,0.7411402157164869,336,1138,0.8767334360554699,0.9168399168399168,882,256,0.9168399168399168,0.7619047619047619,0.8767334360554699,170,1108,6.517647058823529,0.00539291217257319,0.0023112480739599386,0.0015408320493066256,0.0007704160246533128,0.5340419206184035,0.26550085317237027,0.0,1.0,0.518011991477132,0.28455525486505673,0.0,1.0,0.44492344284227736,0.30685624617788676,0.03225806451612903,1.0,0.2653238194341212,0.2708408008502806,0.0,1.0,18,0.16359447004608296,7.267281105990784,15
615,1298,1336,13.046497665663969,96.8020030816641,8,12,7,5,1003,0.7703533026113671,299,1122,0.8617511520737328,0.9062811565304087,909,213,0.9062811565304087,0.7123745819397993,0.8617511520737328,178,1098,6.168539325842697,0.006144393241167435,0.009216589861751152,0.005376344086021506,0.0038402457757296467,0.5348675381480192,0.2650436897301325,0.0,1.0,0.5168994482827178,0.28447629018119425,0.0,1.0,0.44425667279685865,0.30684376303839395,0.03225806451612903,1.0,0.26569411998608283,0.27093742812681676,0.0,1.0,18,0.1633281972265023,7.278120184899846,15
616,1303,1336,13.046128746688334,97.25786646201074,7,2,1,1,1007,0.775808936825886,291,1116,0.8597842835130971,0.9106256206554121,917,199,0.9106256206554121,0.6838487972508591,0.8597842835130971,179,1095,6.11731843575419,0.00539291217257319,0.0015408320493066256,0.0007704160246533128,0.0007704160246533128,0.5338548758448246,0.26432712085867704,0.0,1.0,0.5187284925605922,0.28467192706158145,0.0,1.0,0.44453246849701683,0.30736166871767606,0.03225806451612903,1.0,0.2652439779169658,0.27081116415039685,0.0,1.0,18,0.1634689178818112,7.2947045280122795,15
617,1295,1342,13.082631086790668,97.85405405405406,3,11,6,5,986,0.7567152724481965,317,1117,0.8572524942440521,0.8985801217038539,886,231,0.8985801217038539,0.7287066246056783,0.8572524942440521,171,1094,6.39766081871345,0.0023023791250959325,0.00844205679201842,0.004604758250191865,0.003837298541826554,0.5323950678789389,0.2640417002492018,0.0,1.0,0.5183958151700087,0.28493302919916946,0.0,1.0,0.44570930377381995,0.3077179181663564,0.03225806451612903,1.0,0.26441649022294184,0.2709493372584459,0.0,1.0,18,0.16525096525096525,7.308108108108108,15
618,1299,1339,13.122484416777453,98.53271747498076,5,1,0,1,995,0.7683397683397684,300,1125,0.8687258687258688,0.9165829145728643,912,213,0.9165829145728643,0.71,0.8687258687258688,175,1097,6.268571428571429,0.003861003861003861,0.0007722007722007722,0.0,0.0007722007722007722,0.5325684769922272,0.26391865935664377,0.0,1.0,0.5183640020859719,0.2846560784399746,0.0,1.0,0.44490799374208445,0.3071137163881987,0.03225806451612903,1.0,0.26397476967394273,0.2706615231210654,0.0,1.0,18,0.16628175519630484,7.305619707467282,15
619,1294,1343,13.069480278861624,98.30602782071098,7,12,10,2,1007,0.775211701308699,292,1132,0.8714395688991532,0.9185700099304865,925,207,0.9185700099304865,0.708904109589041,0.8714395688991532,179,1115,6.229050279329609,0.005388760585065435,0.009237875288683603,0.007698229407236336,0.001539645881447267,0.5325322829934687,0.2642558376920041,0.0,1.0,0.5182479932193249,0.28474787240983696,0.0,1.0,0.4442588622426086,0.3073376025024878,0.03225806451612903,1.0,0.26315002243605723,0.27063396213245905,0.0,1.0,18,0.16769706336939721,7.323802163833076,15
620,1299,1352,13.023580981422798,98.80369515011547,6,1,1,0,1021,0.7890262751159196,273,1119,0.8647604327666152,0.9098922624877571,929,190,0.9098922624877571,0.6959706959706959,0.8647604327666152,169,1097,6.491124260355029,0.00463678516228748,0.0007727975270479134,0.0007727975270479134,0.0,0.5319476520400308,0.26453712982117006,0.0,1.0,0.5188109960515532,0.28500096339814346,0.0,1.0,0.44490799374208445,0.30747345996556896,0.03225806451612903,1.0,0.2629566167523405,0.2703368464134799,0.0,1.0,18,0.16705157813702848,7.327174749807544,15
621,1299,1353,13.037335239096974,99.14626635873749,6,6,4,2,1012,0.7790608160123171,287,1146,0.8822170900692841,0.9258893280632411,937,209,0.9258893280632411,0.7282229965156795,0.8822170900692841,179,1126,6.290502793296089,0.004618937644341801,0.004618937644341801,0.003079291762894534,0.001539645881447267,0.5318234870495915,0.2646308117898012,0.0,1.0,0.5195808189922769,0.2849744083213319,0.0,1.0,0.4449576597382602,0.3071826064260615,0.03225806451612903,1.0,0.26250962278675904,0.2700421579224033,0.0,1.0,18,0.16782140107775212,7.336412625096228,15
622,1298,1357,13.096009912246664,99.96610169491525,4,5,1,4,988,0.76058506543495,311,1132,0.8714395688991532,0.917004048582996,906,226,0.917004048582996,0.7266881028938906,0.8714395688991532,176,1112,6.318181818181818,0.003079291762894534,0.003849114703618168,0.0007698229407236335,0.003079291762894534,0.5317361697897509,0.26479880772209896,0.0,1.0,0.5188627665390924,0.28465999658611507,0.0,1.0,0.4448531239127193,0.30694107259895004,0.03225806451612903,1.0,0.26281127292608975,0.26996293935751026,0.0,1.0,18,0.1679506933744222,7.337442218798151,15
623,1295,1362,13.13036125681099,100.58532818532818,6,9,3,6,1005,0.7742681047765794,293,1146,0.8828967642526965,0.9124378109452737,917,229,0.9124378109452737,0.7815699658703071,0.8828967642526965,175,1126,6.434285714285714,0.004622496147919877,0.006933744221879815,0.0023112480739599386,0.004622496147919877,0.5323203387719517,0.2644583218379889,0.0,1.0,0.51809689874206,0.28412756422067786,0.0,1.0,0.4439407149084568,0.30704493297059476,0.03225806451612903,1.0,0.2620002490970233,0.2698169651547738,0.0,1.0,18,0.16833976833976835,7.337451737451738,15
624,1292,1367,13.154200881791825,101.0123839009288,6,9,5,4,948,0.7320463320463321,347,1112,0.8586872586872587,0.9177215189873418,870,242,0.9177215189873418,0.6974063400576369,0.8586872586872587,174,1091,6.2701149425287355,0.004633204633204633,0.0069498069498069494,0.003861003861003861,0.003088803088803089,0.5335314091680815,0.26446878822692726,0.0,1.0,0.518426046140018,0.28443921763926816,0.0,1.0,0.44369819234994506,0.3073572825320886,0.03225806451612903,1.0,0.26151003695196245,0.26968921127605,0.0,1.0,18,0.16795665634674922,7.3467492260061915,15
625,1284,1375,13.165429306534119,101.1721183800623,5,13,9,4,960,0.7430340557275542,332,1148,0.8885448916408669,0.925,888,260,0.925,0.7831325301204819,0.8885448916408669,176,1132,6.431818181818182,0.003869969040247678,0.010061919504643963,0.00696594427244582,0.0030959752321981426,0.5327102803738317,0.26472528451040395,0.0,1.0,0.5193447894683951,0.2848745174874054,0.0,1.0,0.4443020801929454,0.3080737747944576,0.03225806451612903,1.0,0.262385689880414,0.27091078950432584,0.0,1.0,18,0.16666666666666666,7.35202492211838,15
626,1280,1379,13.203016358541905,101.6125,3,7,5,2,959,0.7468847352024922,325,1107,0.8621495327102804,0.9144942648592284,877,230,0.9144942648592284,0.7076923076923077,0.8621495327102804,182,1093,6.0054945054945055,0.002336448598130841,0.005451713395638629,0.003894080996884735,0.001557632398753894,0.5340473790322581,0.2652233822163309,0.0,1.0,0.5192540322580645,0.2848041666746274,0.0,1.0,0.4429435483870968,0.3074574299230388,0.03225806451612903,1.0,0.2613155241935484,0.2698421309573295,0.0,1.0,18,0.16484375,7.36328125,15
627,1283,1385,13.18070680452038,101.81449727201871,10,7,2,5,985,0.76953125,295,1114,0.8703125,0.9116751269035533,898,216,0.9116751269035533,0.7322033898305085,0.8703125,172,1092,6.348837209302325,0.0078125,0.00546875,0.0015625,0.00390625,0.5327986322379504,0.2650697155445653,0.0,1.0,0.5195735800668796,0.2848419447586914,0.0,1.0,0.4424106806124758,0.30715327187490965,0.03225806451612903,1.0,0.2607799260805069,0.2692418103815249,0.0,1.0,18,0.1652377240841777,7.370226032735776,15
628,1285,1390,13.145226382067639,101.89571984435797,8,6,5,1,1021,0.7957911145752143,262,1127,0.8784099766173032,0.931439764936337,951,176,0.931439764936337,0.6717557251908397,0.8784099766173032,178,1110,6.235955056179775,0.006235385814497272,0.004676539360872954,0.003897116134060795,0.000779423226812159,0.5336262081084474,0.26522777360379224,0.0,1.0,0.519819254424501,0.28428969376998975,0.0,1.0,0.44337893811974394,0.3075476387588182,0.03225806451612903,1.0,0.26140328856533196,0.26974512174473514,0.0,1.0,18,0.16342412451361868,7.385992217898833,15
629,1278,1392,13.122096529837357,101.93818466353677,6,13,10,3,984,0.7657587548638133,301,1133,0.8817120622568093,0.9288617886178862,914,219,0.9288617886178862,0.7275747508305648,0.8817120622568093,173,1108,6.404624277456647,0.004669260700389105,0.010116731517509728,0.007782101167315175,0.0023346303501945525,0.5329648139734464,0.2653584646904002,0.0,1.0,0.5216063405522742,0.2849500286168441,0.0,1.0,0.4445201676005856,0.30836887090225806,0.03225806451612903,1.0,0.26051289817759604,0.26960000775856696,0.0,1.0,18,0.1619718309859155,7.413928012519562,15
630,1273,1399,13.16383123968724,102.33542812254517,4,9,6,3,953,0.7456964006259781,325,1117,0.8740219092331768,0.9171038824763903,874,243,0.9171038824763903,0.7476923076923077,0.8740219092331768,177,1101,6.220338983050848,0.003129890453834116,0.007042253521126761,0.004694835680751174,0.002347417840375587,0.5316118896181233,0.2645890789464996,0.0,1.0,0.5221599979727847,0.28504109218929957,0.0,1.0,0.4453792159744571,0.3082895495725975,0.03225806451612903,1.0,0.2601930922636394,0.26982741277838673,0.0,1.0,18,0.16182246661429694,7.426551453260016,15
631,1270,1403,13.180089834669856,102.34645669291339,7,10,7,3,959,0.753338570306363,314,1114,0.8750981932443048,0.9030239833159541,866,248,0.9030239833159541,0.7898089171974523,0.8750981932443048,168,1086,6.464285714285714,0.0054988216810683424,0.007855459544383346,0.0054988216810683424,0.002356637863315004,0.5322834645669291,0.2638907641538503,0.0,1.0,0.5239268478536957,0.2849972866794503,0.0,1.0,0.44371348742697486,0.30780065050324834,0.03225806451612903,1.0,0.2585217170434341,0.2682547165539573,0.0,1.0,18,0.16299212598425197,7.435433070866142,15
632,1267,1403,13.189225317522103,102.14522494080505,11,14,7,7,973,0.7661417322834646,297,1112,0.8755905511811024,0.9146968139773896,890,222,0.9146968139773896,0.7474747474747475,0.8755905511811024,175,1087,6.211428571428572,0.008661417322834646,0.011023622047244094,0.005511811023622047,0.005511811023622047,0.5329836800162945,0.2633414653549586,0.0,1.0,0.5231560455228251,0.2852583360062269,0.0,1.0,0.44285459683784406,0.3082737703970101,0.03225806451612903,1.0,0.2595412073223515,0.26822266307801496,0.0,1.0,18,0.16101026045777428,7.429360694554065,15
633,1265,1408,13.189966151804724,102.25138339920949,6,8,7,1,956,0.7545382794001578,311,1099,0.8674033149171271,0.9069037656903766,867,232,0.9069037656903766,0.7459807073954984,0.8674033149171271,175,1079,6.1657142857142855,0.004735595895816891,0.006314127861089187,0.0055248618784530384,0.0007892659826361484,0.5338518424072421,0.2638943099915424,0.0,1.0,0.5220196353436185,0.2849024664963107,0.0,1.0,0.4421012367716435,0.3080963621382479,0.03225806451612903,1.0,0.2588295295167666,0.26808188722744686,0.0,1.0,18,0.16126482213438736,7.437154150197628,15
634,1261,1417,13.217118518110246,102.50039651070578,4,8,6,2,964,0.7620553359683795,301,1103,0.8719367588932806,0.91701244813278,884,219,0.91701244813278,0.7275747508305648,0.8719367588932806,176,1088,6.181818181818182,0.0031620553359683794,0.006324110671936759,0.0047430830039525695,0.0015810276679841897,0.5340359673582155,0.2646498973066298,0.0,1.0,0.5209639047351052,0.2842904714492309,0.0,1.0,0.43984548873142154,0.3076166433109448,0.03225806451612903,1.0,0.25783428410631604,0.2672616941082991,0.0,1.0,18,0.1625693893735131,7.434575733544806,15
635,1260,1423,13.215172792687499,102.71825396825396,7,8,5,3,998,0.7914353687549563,263,1105,0.8762886597938144,0.9148296593186372,913,192,0.9148296593186372,0.7300380228136882,0.8762886597938144,173,1084,6.265895953757226,0.0055511498810467885,0.006344171292624901,0.003965107057890563,0.0023790642347343376,0.5346390168970814,0.26520170125830866,0.0,1.0,0.5200972862263185,0.28431215503298185,0.0,1.0,0.4396825396825397,0.307340524954193,0.03225806451612903,1.0,0.2574500768049155,0.26743352470329623,0.0,1.0,18,0.16111111111111112,7.442857142857143,15
636,1259,1431,13.273413639112349,103.25178713264495,4,5,3,2,939,0.7452380952380953,321,1093,0.8674603174603175,0.9169329073482428,861,232,0.9169329073482428,0.7227414330218068,0.8674603174603175,179,1080,6.033519553072626,0.0031746031746031746,0.003968253968253968,0.002380952380952381,0.0015873015873015873,0.5347049629762485,0.2654679693906979,0.0,1.0,0.5206897435240462,0.28490832575664055,0.0,1.0,0.43974992953957315,0.30756345157568876,0.03225806451612903,1.0,0.25660406364498195,0.26711749652294964,0.0,1.0,18,0.16044479745830023,7.450357426528991,15
637,1254,1437,13.279462872541503,103.11642743221691,5,10,9,1,946,0.7513899920571883,313,1114,0.8848292295472597,0.9207188160676533,871,243,0.9207188160676533,0.7763578274760383,0.8848292295472597,175,1095,6.257142857142857,0.003971405877680699,0.007942811755361398,0.007148530579825258,0.0007942811755361397,0.5353964089108402,0.2652158267350055,0.0,1.0,0.521299583269023,0.2855803089874386,0.0,1.0,0.44088593918814634,0.3081485425020636,0.03225806451612903,1.0,0.25736996450069455,0.2683090613167947,0.0,1.0,18,0.1594896331738437,7.461722488038277,15
638,1257,1440,13.228155929314532,103.13365155131265,9,6,5,1,954,0.7607655502392344,300,1092,0.8708133971291866,0.9192872117400419,877,215,0.9192872117400419,0.7166666666666667,0.8708133971291866,173,1068,6.173410404624278,0.007177033492822967,0.004784688995215311,0.003987240829346092,0.0007974481658692185,0.5339389740036441,0.26496040502280727,0.0,1.0,0.5218261605974286,0.28548011557473507,0.0,1.0,0.4421690148074011,0.3088866711922041,0.03225806451612903,1.0,0.2574742731028819,0.269074087474382,0.0,1.0,18,0.15990453460620524,7.4677804295942725,15
639,1260,1446,13.19484056241712,103.02619047619048,10,7,5,2,939,0.747016706443914,318,1094,0.8703261734287987,0.9073482428115016,852,242,0.9073482428115016,0.7610062893081762,0.8703261734287987,173,1073,6.202312138728324,0.007955449482895784,0.005568814638027049,0.003977724741447892,0.0015910898965791568,0.5343830005120328,0.26493593212476524,0.0,1.0,0.5205325140809012,0.2858570502965924,0.0,1.0,0.4428827444956477,0.3095401981619977,0.03225806451612903,1.0,0.2572452636968766,0.2683270297495147,0.0,1.0,18,0.15793650793650793,7.48015873015873,15
640,1258,1447,13.256164306561356,103.26788553259142,4,6,6,0,931,0.7388888888888889,329,1080,0.8571428571428571,0.916219119226638,853,227,0.916219119226638,0.6899696048632219,0.8571428571428571,182,1063,5.84065934065934,0.0031746031746031746,0.004761904761904762,0.004761904761904762,0.0,0.5349248679419457,0.26493168108386556,0.0,1.0,0.519872813990461,0.2858593504605873,0.0,1.0,0.4423816605979794,0.3097037274555051,0.03225806451612903,1.0,0.2583978665572593,0.2687121854006076,0.0,1.0,18,0.15659777424483307,7.479332273449921,15
641,1261,1457,13.203138077470085,103.14908802537668,9,6,5,1,939,0.746422893481717,319,1079,0.8577106518282989,0.9020234291799787,847,232,0.9020234291799787,0.7272727272727273,0.8577106518282989,167,1056,6.323353293413174,0.007154213036565978,0.0047694753577106515,0.00397456279809221,0.000794912559618442,0.5352127088076539,0.264595716967086,0.0,1.0,0.5194546059195211,0.28565714340771475,0.0,1.0,0.4411757181960042,0.3096324228911802,0.03225806451612903,1.0,0.2589087002123251,0.2679727559330775,0.0,1.0,18,0.1570182394924663,7.4750198255352895,15
642,1262,1463,13.160885011108256,102.9175911251981,9,8,6,2,957,0.7589214908802537,304,1078,0.8548770816812054,0.9017763845350052,863,215,0.9017763845350052,0.7072368421052632,0.8548770816812054,171,1055,6.169590643274854,0.007137192704203013,0.006344171292624901,0.004758128469468675,0.0015860428231562252,0.5360666632585246,0.26495688982177157,0.0,1.0,0.5190941158427483,0.2851259976171802,0.0,1.0,0.43972700782168594,0.3090747431015598,0.03225806451612903,1.0,0.2578600276059506,0.26684235204079354,0.0,1.0,18,0.15689381933438987,7.486529318541997,15
643,1261,1462,13.188914304753805,103.17922283901666,9,10,4,6,986,0.7812995245641838,276,1097,0.8692551505546752,0.9178498985801217,905,192,0.9178498985801217,0.6956521739130435,0.8692551505546752,183,1079,5.896174863387978,0.0071315372424722665,0.00792393026941363,0.003169572107765452,0.004754358161648178,0.5349057327773656,0.2643649609074922,0.0,1.0,0.5210406487426773,0.28529316642582353,0.0,1.0,0.443017574377734,0.31070789982843044,0.03225806451612903,1.0,0.259190094906756,0.26785005599277595,0.0,1.0,18,0.15543219666931007,7.5035685963521015,15
644,1261,1464,13.133694262869918,102.96669310071371,10,10,8,2,961,0.7620935765265662,300,1092,0.865979381443299,0.9021852237252862,867,225,0.9021852237252862,0.75,0.865979381443299,169,1063,6.289940828402367,0.007930214115781126,0.007930214115781126,0.006344171292624901,0.0015860428231562252,0.5356220101813717,0.26440051492974176,0.0,1.0,0.5212452994295362,0.2855931223197063,0.0,1.0,0.4414059502187204,0.3100462507171813,0.03225806451612903,1.0,0.2568877746795938,0.26661155411519194,0.0,1.0,18,0.15543219666931007,7.530531324345757,15
645,1267,1465,13.07345292651419,102.93212312549329,10,4,3,1,977,0.774781919111816,284,1087,0.8620142743854085,0.9201637666325486,899,188,0.9201637666325486,0.6619718309859155,0.8620142743854085,176,1064,6.045454545454546,0.007930214115781126,0.0031720856463124504,0.0023790642347343376,0.0007930214115781126,0.5361407439468391,0.26427587850626577,0.0,1.0,0.5204063446800927,0.28525523643394984,0.0,1.0,0.4415815871884309,0.3099064200714901,0.03225806451612903,1.0,0.25765715304122006,0.26736462556007046,0.0,1.0,18,0.15469613259668508,7.541436464088398,15
646,1269,1466,13.044326145555132,102.82033096926713,10,8,5,3,960,0.7576953433307024,307,1117,0.8816101026045777,0.9239583333333333,887,230,0.9239583333333333,0.749185667752443,0.8816101026045777,181,1099,6.071823204419889,0.007892659826361484,0.006314127861089187,0.003946329913180742,0.0023677979479084454,0.5368718066041333,0.26365560977747354,0.0,1.0,0.5188235593177254,0.28484246894951487,0.0,1.0,0.43943669132413127,0.3088171791148581,0.03225806451612903,1.0,0.25747985459721906,0.2668971052766189,0.0,1.0,18,0.15602836879432624,7.549251379038613,15
647,1273,1470,12.925193467206258,102.37863315003928,14,10,7,3,980,0.7722616233254531,289,1099,0.8660362490149724,0.9051020408163265,887,212,0.9051020408163265,0.7335640138408305,0.8660362490149724,169,1072,6.34319526627219,0.01103230890464933,0.007880220646178092,0.005516154452324665,0.002364066193853428,0.5362998251526747,0.2633326059841063,0.0,1.0,0.5202341433748068,0.2847540017686021,0.0,1.0,0.44018447659833265,0.30919867288271424,0.03225806451612903,1.0,0.2566454653726275,0.26787709972952284,0.0,1.0,18,0.15789473684210525,7.568735271013354,15
648,1277,1471,12.913860045133646,102.59671104150353,7,3,3,0,984,0.7729772191673213,289,1101,0.8648860958366065,0.9115853658536586,897,204,0.9115853658536586,0.7058823529411765,0.8648860958366065,172,1074,6.244186046511628,0.0054988216810683424,0.002356637863315004,0.002356637863315004,0.0,0.5358577310733321,0.2638960014347352,0.0,1.0,0.5203728496728725,0.284617789097755,0.0,1.0,0.4391340591608356,0.30858952879514323,0.03225806451612903,1.0,0.256978300957385,0.26796252992483144,0.0,1.0,18,0.1581832419733751,7.570869224745497,15
649,1278,1476,12.873249929618636,102.43114241001565,9,8,6,2,964,0.754894283476899,313,1117,0.874706342991386,0.9076763485477178,875,242,0.9076763485477178,0.7731629392971247,0.874706342991386,175,1097,6.268571428571429,0.007047768206734534,0.006264682850430697,0.004698512137823023,0.0015661707126076742,0.5339239739512343,0.2637506663188186,0.0,1.0,0.5200918774294512,0.28502082529627576,0.0,1.0,0.4407087687414812,0.3088421442539177,0.03225806451612903,1.0,0.2578373466606088,0.268451874454808,0.0,1.0,18,0.1572769953051643,7.586071987480438,15
650,1276,1477,12.917502624951984,102.68808777429467,7,9,5,4,960,0.7511737089201878,318,1111,0.8693270735524257,0.9,864,247,0.9,0.7767295597484277,0.8693270735524257,172,1084,6.3023255813953485,0.005477308294209703,0.007042253521126761,0.003912363067292645,0.003129890453834116,0.5355192638284964,0.2640250418930765,0.0,1.0,0.5195671958742036,0.2844765748787018,0.0,1.0,0.43960461118414396,0.3086275712037651,0.03225806451612903,1.0,0.25862068965517243,0.26896961773002914,0.0,1.0,18,0.15673981191222572,7.579937304075235,15
651,1272,1481,12.91140905387765,102.90172955974843,5,9,7,2,976,0.7648902821316614,300,1144,0.896551724137931,0.9211065573770492,899,245,0.9211065573770492,0.8166666666666667,0.896551724137931,176,1124,6.386363636363637,0.003918495297805642,0.007053291536050157,0.0054858934169279,0.001567398119122257,0.5352505579224995,0.26393681003717967,0.0,1.0,0.5196287279367012,0.2845493303009516,0.0,1.0,0.44096165550821664,0.3081517913584936,0.03225806451612903,1.0,0.2576587543112193,0.26832446025979906,0.0,1.0,18,0.15644654088050314,7.59433962264151,15
652,1270,1488,12.892177559895872,102.87952755905512,6,8,8,0,983,0.7727987421383647,289,1102,0.8663522012578616,0.8972533062054934,882,220,0.8972533062054934,0.7612456747404844,0.8663522012578616,179,1088,6.078212290502793,0.0047169811320754715,0.006289308176100629,0.006289308176100629,0.0,0.5348488696977394,0.26388736217985337,0.0,1.0,0.5207010414020827,0.2844068765904971,0.0,1.0,0.4403606807213614,0.30811677227272405,0.03225806451612903,1.0,0.25750571501143,0.2687153426650825,0.0,1.0,18,0.15748031496062992,7.599212598425197,15
653,1265,1491,12.9091661640566,102.76916996047431,7,12,9,3,955,0.7519685039370079,315,1107,0.8716535433070867,0.9057591623036649,865,242,0.9057591623036649,0.7682539682539683,0.8716535433070867,180,1090,6.055555555555555,0.005511811023622047,0.009448818897637795,0.007086614173228346,0.002362204724409449,0.5350248629351013,0.2635976750901296,0.0,1.0,0.5220196353436185,0.28391909197532095,0.0,1.0,0.4403417059798546,0.30831594612942187,0.03225806451612903,1.0,0.2589825321943134,0.269791219291472,0.0,1.0,18,0.15810276679841898,7.6,15
654,1261,1492,12.941793759052064,102.63600317208565,8,12,8,4,940,0.7430830039525692,325,1104,0.8727272727272727,0.9170212765957447,862,242,0.9170212765957447,0.7446153846153846,0.8727272727272727,176,1081,6.142045454545454,0.006324110671936759,0.009486166007905139,0.006324110671936759,0.0031620553359683794,0.5331406206032079,0.26315347987530613,0.0,1.0,0.5219359954976849,0.28416485039906725,0.0,1.0,0.44053618479957024,0.30928353233239475,0.03225806451612903,1.0,0.25944590826532965,0.2704121907500034,0.0,1.0,18,0.1586042823156225,7.607454401268834,15
655,1255,1497,12.952974988865424,102.4796812749004,5,11,10,1,981,0.7779540047581285,280,1098,0.8707375099127677,0.9113149847094801,894,204,0.9113149847094801,0.7285714285714285,0.8707375099127677,172,1075,6.25,0.003965107057890563,0.008723235527359239,0.007930214115781126,0.0007930214115781126,0.5332990618172471,0.2632250426302141,0.0,1.0,0.5218609433234802,0.284128143629304,0.0,1.0,0.44053463565094464,0.3092784658496601,0.03225806451612903,1.0,0.25991517799768665,0.27032602718448384,0.0,1.0,18,0.15697211155378485,7.620717131474104,15
656,1247,1501,12.932329785574623,102.18684843624699,7,15,11,4,936,0.7458167330677291,319,1111,0.8852589641434263,0.9316239316239316,872,239,0.9316239316239316,0.7492163009404389,0.8852589641434263,176,1091,6.198863636363637,0.005577689243027889,0.01195219123505976,0.008764940239043825,0.0031872509960159364,0.5340041907028481,0.2635613969252093,0.0,1.0,0.5234498279742349,0.2845684066221066,0.0,1.0,0.43898905760922985,0.30875651316730085,0.03225806451612903,1.0,0.2581679902734304,0.26869419446687753,0.0,1.0,18,0.15477145148356056,7.623897353648757,15
657,1249,1502,12.937568356592207,102.1529223378703,10,8,4,4,947,0.7594226142742582,300,1090,0.8740978348035284,0.91129883843717,863,227,0.91129883843717,0.7566666666666667,0.8740978348035284,176,1067,6.0625,0.00801924619085806,0.006415396952686447,0.0032076984763432237,0.0032076984763432237,0.5333557168315297,0.2643586688130115,0.0,1.0,0.5250135592344843,0.2846457443027441,0.0,1.0,0.4400940106924249,0.3090511508990387,0.03225806451612903,1.0,0.25762545520287194,0.2690598554510552,0.0,1.0,18,0.15372297838270615,7.642113690952762,15
658,1253,1505,12.89457352817205,102.21308858739026,9,5,4,1,1002,0.8022417934347478,247,1093,0.8751000800640513,0.9291417165668663,931,162,0.9291417165668663,0.6558704453441295,0.8751000800640513,168,1064,6.333333333333333,0.007205764611689352,0.0040032025620496394,0.0032025620496397116,0.0008006405124099279,0.5338413613778544,0.2644666937851443,0.0,1.0,0.5240583888989007,0.28448462262365526,0.0,1.0,0.43889503900316656,0.30887824808899145,0.03225806451612903,1.0,0.2575753675050846,0.2684227481231536,0.0,1.0,18,0.15323224261771748,7.636871508379889,15
659,1259,1510,12.859942808345092,102.16521048451152,9,3,3,0,963,0.7685554668794893,290,1077,0.859537110933759,0.9190031152647975,885,192,0.9190031152647975,0.6620689655172414,0.859537110933759,174,1056,6.068965517241379,0.007182761372705506,0.0023942537909018356,0.0023942537909018356,0.0,0.5334238643060288,0.26477838309402735,0.0,1.0,0.5234312946783162,0.2846959676606621,0.0,1.0,0.43941684388531604,0.30887916676277144,0.03225806451612903,1.0,0.2579620282354147,0.26827772793215393,0.0,1.0,18,0.15329626687847497,7.6481334392374904,15
660,1259,1509,12.848293318850843,102.05877680698967,9,9,7,2,951,0.7553613979348689,308,1076,0.8546465448768864,0.9053627760252366,861,215,0.9053627760252366,0.698051948051948,0.8546465448768864,174,1049,6.028735632183908,0.007148530579825258,0.007148530579825258,0.005559968228752979,0.0015885623510722795,0.5328601808911322,0.2645429235071314,0.0,1.0,0.5225345256091625,0.2850178509405045,0.0,1.0,0.44167157754490255,0.30933157745787176,0.03225806451612903,1.0,0.2583207358630762,0.2684500956789162,0.0,1.0,18,0.15329626687847497,7.657664813343923,15
661,1264,1508,12.768203719717258,101.48496835443038,14,9,7,2,913,0.7251787132644957,346,1077,0.8554408260524226,0.9069003285870756,828,249,0.9069003285870756,0.7196531791907514,0.8554408260524226,177,1053,5.9491525423728815,0.011119936457505957,0.007148530579825258,0.005559968228752979,0.0015885623510722795,0.5342231523070641,0.26449426339192306,0.0,1.0,0.5211565945283789,0.2849479491794352,0.0,1.0,0.442246835443038,0.3086178330528149,0.03225806451612903,1.0,0.2565332788893426,0.2672344118434429,0.0,1.0,18,0.1518987341772152,7.674841772151899,15
662,1264,1499,12.768396722418935,101.06645569620254,10,10,8,2,965,0.7634493670886076,299,1081,0.8552215189873418,0.8994818652849741,868,213,0.8994818652849741,0.7123745819397993,0.8552215189873418,180,1052,5.844444444444444,0.007911392405063292,0.007911392405063292,0.006329113924050633,0.0015822784810126582,0.5354991833401388,0.26510040348043834,0.0,1.0,0.5210545120457329,0.2852558113138112,0.0,1.0,0.44275724785626785,0.30876090923458943,0.03225806451612903,1.0,0.2558442221314822,0.26697221541223826,0.0,1.0,18,0.1495253164556962,7.685126582278481,15
663,1263,1508,12.777949686174328,100.99049881235155,9,10,6,4,930,0.7357594936708861,334,1047,0.8283227848101266,0.8838709677419355,822,225,0.8838709677419355,0.6736526946107785,0.8283227848101266,164,1020,6.219512195121951,0.007120253164556962,0.007911392405063292,0.004746835443037975,0.0031645569620253164,0.5349526217658928,0.26539119520165394,0.0,1.0,0.521518146757592,0.28508595371432,0.0,1.0,0.4418052256532066,0.3083164675062261,0.03225806451612903,1.0,0.25492299440655886,0.2665776833015836,0.0,1.0,18,0.15122723673792557,7.679334916864608,15
664,1253,1498,12.783291398319095,100.48204309656823,9,19,14,5,954,0.7553444180522565,309,1086,0.8598574821852731,0.909853249475891,868,218,0.909853249475891,0.7055016181229773,0.8598574821852731,180,1056,5.866666666666666,0.007125890736342043,0.015043547110055424,0.011084718923198733,0.00395882818685669,0.534484977988312,0.2659151345701153,0.0,1.0,0.5207630718533584,0.28456321402330514,0.0,1.0,0.44121205880081354,0.30723445649440445,0.03225806451612903,1.0,0.25355919985582986,0.26549831473801433,0.0,1.0,18,0.1516360734237829,7.695929768555467,15
665,1254,1495,12.862452593533094,100.9090909090909,6,5,3,2,917,0.7318435754189944,336,1098,0.8762968874700718,0.9280261723009815,851,247,0.9280261723009815,0.7351190476190477,0.8762968874700718,180,1075,5.972222222222222,0.004788507581803671,0.0039904229848363925,0.0023942537909018356,0.0015961691939345571,0.5353964089108402,0.2660499083080977,0.0,1.0,0.5203992385656223,0.2843941260263818,0.0,1.0,0.4403457323661059,0.30648886237313444,0.03225806451612903,1.0,0.2535627926120286,0.2653768294096051,0.0,1.0,18,0.1507177033492823,7.696172248803828,15
666,1250,1502,12.889456669327684,101.1008,4,8,6,2,958,0.7639553429027113,296,1067,0.8508771929824561,0.9008350730688935,863,204,0.9008350730688935,0.6891891891891891,0.8508771929824561,176,1050,5.965909090909091,0.003189792663476874,0.006379585326953748,0.004784688995215311,0.001594896331738437,0.5361032258064516,0.2659547647609711,0.0,1.0,0.521058064516129,0.2845151272018058,0.0,1.0,0.4397419354838709,0.3061665499291611,0.03225806451612903,1.0,0.2526193548387097,0.26503078681628267,0.0,1.0,18,0.1512,7.708,15
667,1254,1505,12.851893501943799,100.93141945773525,11,7,5,2,940,0.752,310,1073,0.8584,0.8936170212765957,840,233,0.8936170212765957,0.7516129032258064,0.8584,178,1054,5.921348314606742,0.0088,0.0056,0.004,0.0016,0.536476822554921,0.26669852716497155,0.0,1.0,0.5222513762411894,0.28486467842910135,0.0,1.0,0.43975407727529975,0.3055812063943427,0.03225806451612903,1.0,0.25351134434326283,0.2660255570730187,0.0,1.0,18,0.15311004784688995,7.71451355661882,15
668,1253,1504,12.805815593802766,100.37190742218675,11,12,10,2,955,0.7615629984051037,299,1063,0.8476874003189793,0.8827225130890053,843,220,0.8827225130890053,0.7357859531772575,0.8476874003189793,164,1026,6.2560975609756095,0.008771929824561403,0.009569377990430622,0.007974481658692184,0.001594896331738437,0.5358237005380635,0.2661128492031838,0.0,1.0,0.5236207296037896,0.28457966659715694,0.0,1.0,0.44043971886826455,0.3059775796491222,0.03225806451612903,1.0,0.2525036686146796,0.26553929733121184,0.0,1.0,18,0.1524341580207502,7.7390263367917,15
669,1254,1508,12.778619583892945,100.2488038277512,9,8,6,2,953,0.7605746209098164,300,1070,0.8539505187549881,0.9045120671563484,862,208,0.9045120671563484,0.6933333333333334,0.8539505187549881,175,1049,5.994285714285715,0.007182761372705506,0.006384676775738229,0.004788507581803671,0.0015961691939345571,0.5357565467922004,0.2663166360085486,0.0,1.0,0.5234346864228019,0.28490961034846735,0.0,1.0,0.4414775942789525,0.30590781956379326,0.03225806451612903,1.0,0.2521736893553532,0.2655215705899628,0.0,1.0,18,0.1507177033492823,7.762360446570973,15
670,1254,1501,12.79907456316726,100.29824561403508,7,7,6,1,953,0.7599681020733652,301,1102,0.8787878787878788,0.9171038824763903,874,228,0.9171038824763903,0.7574750830564784,0.8787878787878788,178,1073,6.02808988764045,0.005582137161084529,0.005582137161084529,0.004784688995215311,0.0007974481658692185,0.536065236404795,0.26663937387514663,0.0,1.0,0.5220970314348923,0.28438399026150474,0.0,1.0,0.44032000823172296,0.3053663191973538,0.03225806451612903,1.0,0.25153058599578126,0.2653455172687826,0.0,1.0,18,0.15231259968102073,7.773524720893142,15
671,1256,1503,12.789943274345477,100.27866242038216,9,7,5,2,957,0.7631578947368421,297,1084,0.8644338118022329,0.9070010449320794,868,216,0.9070010449320794,0.7272727272727273,0.8644338118022329,175,1061,6.062857142857143,0.007177033492822967,0.005582137161084529,0.003987240829346092,0.001594896331738437,0.5364444216149579,0.2665153168707609,0.0,1.0,0.521830696527635,0.2838419576220181,0.0,1.0,0.44000410930758166,0.30521814634745215,0.03225806451612903,1.0,0.25220875282514893,0.2658644597436032,0.0,1.0,18,0.15286624203821655,7.774681528662421,15
672,1248,1497,12.821975752311829,100.0488782051282,6,14,11,3,971,0.7730891719745223,285,1077,0.857484076433121,0.9052523171987642,879,198,0.9052523171987642,0.6947368421052632,0.857484076433121,183,1054,5.759562841530054,0.004777070063694267,0.011146496815286623,0.00875796178343949,0.0023885350318471337,0.5352305624483044,0.26568596574816417,0.0,1.0,0.5218672456575683,0.2844510542983398,0.0,1.0,0.4387665425971878,0.3059002540297437,0.03225806451612903,1.0,0.25111145574855254,0.2657700828107752,0.0,1.0,18,0.1530448717948718,7.785256410256411,15
673,1247,1496,12.883620706859608,99.93344025661588,7,8,7,1,924,0.7403846153846154,324,1081,0.8661858974358975,0.9004329004329005,832,249,0.9004329004329005,0.7685185185185185,0.8661858974358975,182,1062,5.835164835164835,0.005608974358974359,0.00641025641025641,0.005608974358974359,0.0008012820512820513,0.5348837209302325,0.2655821753203715,0.0,1.0,0.5218718472721628,0.28480539744404104,0.0,1.0,0.43992032490881344,0.30636775141808364,0.03225806451612903,1.0,0.2519336730734408,0.2665614211533892,0.0,1.0,18,0.15316760224538895,7.7971130713712915,15
674,1246,1500,12.905244689578215,100.07223113964687,6,7,6,1,948,0.7602245388933441,299,1069,0.8572574178027266,0.8997890295358649,853,216,0.8997890295358649,0.7224080267558528,0.8572574178027266,175,1048,5.988571428571428,0.0048115477145148355,0.0056134723336006415,0.0048115477145148355,0.0008019246190858059,0.5354165587945943,0.2656416782761579,0.0,1.0,0.5214104489204162,0.28488173444170906,0.0,1.0,0.4397297157355149,0.306572061841762,0.03225806451612903,1.0,0.2524724278983068,0.2669165967291625,0.0,1.0,18,0.15248796147672553,7.799357945425361,15
675,1245,1499,12.977747165840846,100.40401606425702,7,8,4,4,946,0.7592295345104334,300,1052,0.8443017656500803,0.9069767441860465,858,194,0.9069767441860465,0.6466666666666666,0.8443017656500803,176,1027,5.8352272727272725,0.0056179775280898875,0.006420545746388443,0.0032102728731942215,0.0032102728731942215,0.5346547480243554,0.2652806004313349,0.0,1.0,0.5212592304702682,0.2845557446899327,0.0,1.0,0.4392019691669905,0.3063935961339306,0.03225806451612903,1.0,0.2531415986526752,0.26780585088644143,0.0,1.0,18,0.15261044176706828,7.813654618473896,15
676,1241,1497,13.025488253025545,100.40451248992748,8,12,8,4,970,0.7791164658634538,275,1031,0.8281124497991967,0.8793814432989691,853,178,0.8793814432989691,0.6472727272727272,0.8281124497991967,173,1002,5.791907514450867,0.00642570281124498,0.00963855421686747,0.00642570281124498,0.00321285140562249,0.5348184346650724,0.2648037914248242,0.0,1.0,0.5227574016791869,0.2849022851196902,0.0,1.0,0.44072158249070725,0.3077993354487367,0.03225806451612903,1.0,0.25380156481505545,0.2678387475369165,0.0,1.0,18,0.1514907332796132,7.8331990330378725,15
677,1245,1494,13.026251024603926,100.38072289156626,10,6,3,3,958,0.7719580983078163,283,1059,0.8533440773569702,0.9008350730688935,863,196,0.9008350730688935,0.6925795053003534,0.8533440773569702,175,1031,5.8914285714285715,0.008058017727639,0.004834810636583401,0.0024174053182917004,0.0024174053182917004,0.5343438269205856,0.26509412200573584,0.0,1.0,0.5222956341495012,0.28503703375536843,0.0,1.0,0.4404974737660318,0.3079723429963782,0.03225806451612903,1.0,0.25355616012436843,0.2679473142646451,0.0,1.0,18,0.15261044176706828,7.840963855421687,15
678,1248,1492,13.049319905796912,100.58814102564102,9,6,3,3,966,0.7759036144578313,279,1094,0.878714859437751,0.9244306418219461,893,201,0.9244306418219461,0.7204301075268817,0.878714859437751,186,1078,5.795698924731183,0.007228915662650603,0.004819277108433735,0.0024096385542168677,0.0024096385542168677,0.5348428453267163,0.26544198350362525,0.0,1.0,0.5201871381306865,0.284616240902552,0.0,1.0,0.4404466501240694,0.3076823019264825,0.03225806451612903,1.0,0.2556348221670802,0.26897883871773637,0.0,1.0,18,0.15224358974358973,7.8381410256410255,15
679,1247,1491,13.08499135671225,100.53007217321571,6,7,7,0,926,0.7419871794871795,322,1088,0.8717948717948718,0.906047516198704,839,249,0.906047516198704,0.7732919254658385,0.8717948717948718,177,1064,6.011299435028248,0.004807692307692308,0.005608974358974359,0.005608974358974359,0.0,0.5338231109501513,0.2648984149260478,0.0,1.0,0.5215096877667692,0.28526624098346515,0.0,1.0,0.44121375171379057,0.30774592226837055,0.03225806451612903,1.0,0.2550378974053858,0.2688370709622604,0.0,1.0,18,0.15396952686447474,7.852445870088212,15
680,1248,1496,13.04216315393438,100.54166666666667,9,8,6,2,950,0.7618283881315157,297,1066,0.8548516439454691,0.9147368421052632,869,197,0.9147368421052632,0.6632996632996633,0.8548516439454691,175,1046,5.977142857142857,0.007217321571772253,0.006415396952686447,0.0048115477145148355,0.0016038492381716118,0.5335504549214226,0.26444121777315266,0.0,1.0,0.5227719189412737,0.2852027597670983,0.0,1.0,0.4427471050454921,0.3089105264842546,0.03225806451612903,1.0,0.255893300248139,0.27039088511035075,0.0,1.0,18,0.15384615384615385,7.858974358974359,15
681,1246,1494,13.088602752736879,100.47592295345105,7,9,6,3,945,0.7572115384615384,303,1072,0.8589743589743589,0.891005291005291,842,230,0.891005291005291,0.759075907590759,0.8589743589743589,172,1042,6.058139534883721,0.005608974358974359,0.007211538461538462,0.004807692307692308,0.002403846153846154,0.5334230828975302,0.2643721750448203,0.0,1.0,0.5215916740019676,0.2854274557744983,0.0,1.0,0.44296587790607356,0.3083844470363367,0.03225806451612903,1.0,0.255346139905763,0.2697822414790797,0.0,1.0,18,0.15329052969502407,7.861958266452649,15
682,1253,1495,13.011830153803132,99.87629688747008,15,8,6,2,939,0.7536115569823435,307,1078,0.8651685393258427,0.898828541001065,844,234,0.898828541001065,0.762214983713355,0.8651685393258427,182,1061,5.829670329670329,0.012038523274478331,0.006420545746388443,0.004815409309791332,0.0016051364365971107,0.5326313621501944,0.2651642296496574,0.0,1.0,0.5218958370877635,0.2855883763516119,0.0,1.0,0.4437865252426435,0.3086886458595259,0.03225806451612903,1.0,0.257266431532065,0.2714156859585881,0.0,1.0,18,0.15083798882681565,7.87390263367917,15
683,1249,1495,13.039089593849594,99.84947958366693,6,10,7,3,950,0.7581803671189146,303,1062,0.8475658419792498,0.8989473684210526,854,208,0.8989473684210526,0.6864686468646864,0.8475658419792498,172,1034,6.011627906976744,0.004788507581803671,0.007980845969672785,0.00558659217877095,0.0023942537909018356,0.531857744259924,0.2653766268472488,0.0,1.0,0.5223791936775226,0.2852069470303828,0.0,1.0,0.4438389421214391,0.30892674460938624,0.03225806451612903,1.0,0.2578578992226039,0.27134644216283316,0.0,1.0,18,0.1521216973578863,7.875100080064051,15
684,1251,1492,13.03013241976115,99.85051958433253,8,6,5,1,982,0.7862289831865492,267,1063,0.8510808646917534,0.9012219959266803,885,178,0.9012219959266803,0.6666666666666666,0.8510808646917534,172,1032,6.0,0.006405124099279423,0.004803843074459567,0.0040032025620496394,0.0008006405124099279,0.5319357417291973,0.26486084498613904,0.0,1.0,0.5218792707769269,0.2850140966690225,0.0,1.0,0.4440060854542173,0.3088857437779228,0.03225806451612903,1.0,0.25798715866016864,0.27113718900072414,0.0,1.0,18,0.15267785771382894,7.8792965627498,15
685,1252,1490,12.982399294925235,99.41773162939297,10,9,8,1,942,0.7529976019184652,309,1052,0.8409272581934453,0.8895966029723992,838,214,0.8895966029723992,0.6925566343042071,0.8409272581934453,172,1022,5.941860465116279,0.007993605115907274,0.007194244604316547,0.006394884092725819,0.0007993605115907274,0.5320261774708853,0.2646048082968986,0.0,1.0,0.5219777388436566,0.2845245389056416,0.0,1.0,0.4432134391425332,0.3081880363266656,0.03225806451612903,1.0,0.25731732453880246,0.27066269439678703,0.0,1.0,18,0.15335463258785942,7.89297124600639,15
686,1254,1492,12.966929056401606,99.54545454545455,7,5,4,1,979,0.7819488817891374,273,1083,0.8650159744408946,0.9101123595505618,891,192,0.9101123595505618,0.7032967032967034,0.8650159744408946,180,1065,5.916666666666667,0.005591054313099041,0.003993610223642172,0.003194888178913738,0.0007987220447284345,0.5325410299943406,0.2648084125417286,0.0,1.0,0.5217626176879148,0.28473345286648843,0.0,1.0,0.44278952513247927,0.30742714542869787,0.03225806451612903,1.0,0.25688120594741987,0.2705019684484826,0.0,1.0,18,0.15311004784688995,7.9035087719298245,15
687,1256,1487,13.026169047023416,99.62898089171975,9,7,4,3,920,0.733652312599681,334,1076,0.8580542264752791,0.8934782608695652,822,254,0.8934782608695652,0.7604790419161677,0.8580542264752791,175,1046,5.977142857142857,0.007177033492822967,0.005582137161084529,0.003189792663476874,0.0023923444976076554,0.5329258269981508,0.26468837224754765,0.0,1.0,0.521548181631395,0.2848570551670462,0.0,1.0,0.4432658722005342,0.30794961112987185,0.03225806451612903,1.0,0.256009862338196,0.27033952558097174,0.0,1.0,18,0.15445859872611464,7.922770700636943,15
688,1246,1490,13.062782260717226,99.5064205457464,3,13,10,3,955,0.7603503184713376,301,1062,0.8455414012738853,0.900523560209424,860,202,0.900523560209424,0.6710963455149501,0.8455414012738853,171,1036,6.058479532163743,0.0023885350318471337,0.010350318471337579,0.007961783439490446,0.0023885350318471337,0.5326205146792315,0.26457343083224466,0.0,1.0,0.5210997773520426,0.28518617770347704,0.0,1.0,0.4424998705535132,0.3074705820229417,0.03225806451612903,1.0,0.2559674830425102,0.26985587994054683,0.0,1.0,18,0.1548956661316212,7.943017656500802,15
689,1253,1473,13.019033223427419,98.71029529130088,16,9,8,1,981,0.7873194221508828,265,1086,0.8715890850722311,0.90927624872579,892,194,0.90927624872579,0.7320754716981132,0.8715890850722311,178,1047,5.882022471910112,0.012841091492776886,0.0072231139646869984,0.006420545746388443,0.0008025682182985554,0.532863064129959,0.26510742159102235,0.0,1.0,0.5205056252091753,0.2856683044283573,0.0,1.0,0.4427309940014932,0.3079799588858821,0.03225806451612903,1.0,0.2564168576062611,0.2700790915047462,0.0,1.0,18,0.15323224261771748,7.944932162809258,15
690,1258,1465,13.038999488859568,98.7106518282989,11,6,4,2,920,0.7342378292098962,333,1073,0.8563447725458898,0.9065217391304348,834,239,0.9065217391304348,0.7177177177177178,0.8563447725458898,170,1035,6.088235294117647,0.008778930566640064,0.004788507581803671,0.0031923383878691143,0.0015961691939345571,0.5330786194163804,0.2657263153244089,0.0,1.0,0.5205138725062823,0.2860454956488583,0.0,1.0,0.44225344889481516,0.30754095778332324,0.03225806451612903,1.0,0.2558079901533412,0.2697368064228833,0.0,1.0,18,0.1518282988871224,7.955484896661368,15
691,1262,1452,13.060914021838643,98.51267828843106,11,7,5,2,959,0.7623211446740858,299,1065,0.8465818759936407,0.8842544316996872,848,217,0.8842544316996872,0.725752508361204,0.8465818759936407,174,1026,5.896551724137931,0.008744038155802861,0.005564387917329093,0.00397456279809221,0.001589825119236884,0.5327692858238332,0.26560537972657916,0.0,1.0,0.5215224170543428,0.2866321372750047,0.0,1.0,0.44256428607944376,0.308009836659983,0.0,1.0,0.2565052911405347,0.2702750821604962,0.0,1.0,18,0.15055467511885895,7.959587955625991,15
692,1260,1448,13.09666667816599,98.16031746031746,8,10,9,1,916,0.7258320126782885,346,1054,0.8351822503961965,0.8951965065502183,820,234,0.8951965065502183,0.6763005780346821,0.8351822503961965,173,1023,5.913294797687861,0.006339144215530904,0.00792393026941363,0.0071315372424722665,0.000792393026941363,0.5328469022017409,0.2657778721833838,0.0,1.0,0.5198412698412699,0.28641091478354985,0.0,1.0,0.4414746543778802,0.3073538109574043,0.0,1.0,0.25814132104454685,0.271085655800803,0.0,1.0,18,0.15158730158730158,7.948412698412699,15
693,1262,1436,13.117671734305254,97.94136291600634,11,9,6,3,950,0.753968253968254,310,1102,0.8746031746031746,0.9073684210526316,862,240,0.9073684210526316,0.7741935483870968,0.8746031746031746,187,1077,5.759358288770054,0.00873015873015873,0.007142857142857143,0.004761904761904762,0.002380952380952381,0.5315167936199581,0.2658406689726412,0.0,1.0,0.5198609478043045,0.2859371324716481,0.0,1.0,0.4437400950871632,0.3085770180070151,0.0,1.0,0.2573999284290169,0.27089887706413546,0.0,1.0,18,0.1537242472266244,7.9659270998415215,15
694,1279,1426,13.011338333614724,97.60125097732603,18,1,0,1,989,0.783676703645008,273,1115,0.8835182250396196,0.9191102123356926,909,206,0.9191102123356926,0.7545787545787546,0.8835182250396196,174,1079,6.2011494252873565,0.014263074484944533,0.000792393026941363,0.0,0.000792393026941363,0.5315896996141138,0.26574242726883934,0.0,1.0,0.5186007213296678,0.28585413273229326,0.0,1.0,0.44545890186385534,0.30928941315682584,0.0,1.0,0.25912381144543367,0.2708752191487243,0.0,1.0,18,0.15168100078186084,7.975762314308053,15
695,1279,1419,12.988167932502362,97.0992963252541,11,11,9,2,975,0.7623143080531666,304,1119,0.8749022673964034,0.9076923076923077,885,234,0.9076923076923077,0.7697368421052632,0.8749022673964034,173,1085,6.271676300578035,0.008600469116497263,0.008600469116497263,0.007036747458952306,0.001563721657544957,0.5316653635652854,0.26596906684262306,0.0,1.0,0.518197180256753,0.2859512444604138,0.0,1.0,0.44649297586319964,0.3101921111583285,0.0,1.0,0.2580392948119751,0.26998527076813716,0.0,1.0,18,0.15011727912431588,7.99061767005473,16
696,1279,1422,12.952498581391268,96.93041438623925,10,10,6,4,983,0.7685691946833464,296,1089,0.8514464425332291,0.8921668362156663,877,212,0.8921668362156663,0.7162162162162162,0.8514464425332291,166,1058,6.373493975903615,0.007818608287724784,0.007818608287724784,0.004691164972634871,0.003127443315089914,0.5319427980529143,0.2658349119694449,0.0,1.0,0.5175918686473807,0.2855050907400659,0.0,1.0,0.4469217382531716,0.31000080682227926,0.0,1.0,0.25912381144543367,0.27100434159609194,0.0,1.0,18,0.15011727912431588,7.997654417513683,16
697,1277,1418,12.94523266504912,96.5512920908379,10,12,8,4,965,0.7544956997654417,314,1068,0.835027365129007,0.8766839378238342,846,222,0.8766839378238342,0.7070063694267515,0.835027365129007,174,1038,5.9655172413793105,0.007818608287724784,0.009382329945269743,0.006254886630179828,0.003127443315089914,0.5317149569303053,0.26641222455214014,0.0,1.0,0.51706368252204,0.2851012706410589,0.0,1.0,0.4463586530931872,0.31010839608333635,0.0,1.0,0.2589991663930078,0.2716027404408349,0.0,1.0,18,0.15113547376664058,8.000783085356304,16
698,1285,1420,12.856441021862382,96.5136186770428,14,6,3,3,966,0.7564604541895067,311,1101,0.8621769772905247,0.9078674948240165,877,224,0.9078674948240165,0.7202572347266881,0.8621769772905247,168,1071,6.375,0.01096319498825372,0.004698512137823023,0.0023492560689115116,0.0023492560689115116,0.5321953056357475,0.2660665439091031,0.0,1.0,0.5162545500188277,0.2854307770452126,0.0,1.0,0.4480481988201331,0.31079552681122696,0.0,1.0,0.2598970754361742,0.2722159398142281,0.0,1.0,18,0.15019455252918287,8.010894941634241,16
699,1283,1405,12.883377303366924,96.166017147311,9,11,9,2,992,0.7719844357976654,293,1116,0.8684824902723736,0.9163306451612904,909,207,0.9163306451612904,0.7064846416382252,0.8684824902723736,178,1079,6.061797752808989,0.007003891050583658,0.008560311284046693,0.007003891050583658,0.0015564202334630351,0.5330500590853091,0.2660281210444285,0.0,1.0,0.5158021773564981,0.28505043543749936,0.0,1.0,0.44814321273225555,0.3109083743168741,0.0,1.0,0.25891936741005206,0.27135451207389,0.0,1.0,18,0.15120810600155885,8.02494154325799,16
700,1284,1405,12.909632948630101,96.54595015576324,7,6,3,3,989,0.7708495713172252,294,1106,0.8620420888542478,0.897876643073812,888,218,0.897876643073812,0.7414965986394558,0.8620420888542478,176,1082,6.1477272727272725,0.005455962587685113,0.004676539360872954,0.002338269680436477,0.002338269680436477,0.5327102803738317,0.2658311913270717,0.0,1.0,0.5149984926138077,0.2853892290370012,0.0,1.0,0.44711586775198475,0.31079104758798826,0.0,1.0,0.25901919405084917,0.2711229752798516,0.0,1.0,18,0.15186915887850466,8.021028037383177,16
701,1277,1402,12.923873209081702,96.3672670321065,5,12,11,1,1007,0.7842679127725857,277,1096,0.8535825545171339,0.8987090367428004,905,191,0.8987090367428004,0.6895306859205776,0.8535825545171339,177,1070,6.045197740112994,0.003894080996884735,0.009345794392523364,0.008566978193146417,0.000778816199376947,0.5332558668249678,0.2654518170925685,0.0,1.0,0.5143607750018946,0.28489574475611595,0.0,1.0,0.44716699926743625,0.31123837081050326,0.0,1.0,0.2584434283982115,0.2713489479349942,0.0,1.0,18,0.15426781519185592,8.03680501174628,16
702,1276,1394,12.922945455020818,96.32680250783699,11,12,7,5,976,0.7642913077525451,301,1113,0.8715740015661707,0.9006147540983607,879,234,0.9006147540983607,0.7774086378737541,0.8715740015661707,175,1080,6.171428571428572,0.008613938919342208,0.009397024275646046,0.00548159749412686,0.003915426781519186,0.5326878349681464,0.2655845951273759,0.0,1.0,0.5141571443017494,0.28495165638113157,0.0,1.0,0.4476438466983517,0.3118627004135504,0.0,1.0,0.2580897967438568,0.27113087200127023,0.0,1.0,18,0.15203761755485892,8.037617554858935,16
703,1276,1386,12.932283208231288,96.43181818181819,10,10,5,5,1020,0.799373040752351,256,1125,0.8816614420062696,0.8970588235294118,915,210,0.8970588235294118,0.8203125,0.8816614420062696,185,1102,5.956756756756757,0.007836990595611285,0.007836990595611285,0.003918495297805642,0.003918495297805642,0.5327383961977955,0.26497275459731723,0.0,1.0,0.5136515320052584,0.2850335542198517,0.0,1.0,0.4475932854687026,0.31196663329330304,0.0,1.0,0.25844372535140053,0.2716054229247163,0.0,1.0,18,0.15203761755485892,8.052507836990596,16
704,1280,1384,12.896077187469135,96.34765625,10,6,5,1,947,0.7421630094043887,329,1087,0.8518808777429467,0.9017951425554382,854,233,0.9017951425554382,0.7082066869300911,0.8518808777429467,171,1056,6.175438596491228,0.007836990595611285,0.004702194357366771,0.003918495297805642,0.0007836990595611285,0.5329637096774194,0.26538781722627736,0.0,1.0,0.5131048387096774,0.2852587474639167,0.0,1.0,0.445539314516129,0.31059333038426096,0.0,1.0,0.25826612903225804,0.27051606159554636,0.0,1.0,18,0.15234375,8.05859375,16
705,1285,1373,12.877792730779989,96.48015564202335,10,5,3,2,1012,0.790625,268,1101,0.86015625,0.8972332015810277,908,193,0.8972332015810277,0.7201492537313433,0.86015625,179,1069,5.972067039106145,0.0078125,0.00390625,0.00234375,0.0015625,0.5344295217773315,0.2654146986768005,0.0,1.0,0.5115099786619807,0.2849547031612169,0.0,1.0,0.4463662608259069,0.3110178291285341,0.0,1.0,0.2579389983682691,0.2694563883056789,0.0,1.0,18,0.1517509727626459,8.066147859922179,16
706,1280,1362,12.958461627902457,96.659375,5,10,6,4,957,0.7447470817120623,328,1076,0.8373540856031129,0.877742946708464,840,236,0.877742946708464,0.7195121951219512,0.8373540856031129,175,1040,5.942857142857143,0.0038910505836575876,0.007782101167315175,0.004669260700389105,0.0031128404669260703,0.5348034274193548,0.2647078844759964,0.0,1.0,0.5115675403225806,0.28461773663410916,0.0,1.0,0.4464969758064516,0.31073880070024296,0.0,1.0,0.2582157258064516,0.2693415160455333,0.0,1.0,18,0.1515625,8.06953125,16
707,1276,1360,13.05997397847614,97.25313479623824,2,6,4,2,980,0.765625,300,1070,0.8359375,0.8857142857142857,868,202,0.8857142857142857,0.6733333333333333,0.8359375,181,1049,5.795580110497237,0.0015625,0.0046875,0.003125,0.0015625,0.5333704115684094,0.26418795998267736,0.0,1.0,0.5120588532713115,0.2847762447311022,0.0,1.0,0.4461775710385277,0.3106116739734604,0.0,1.0,0.259379108099909,0.26993849265482445,0.0,1.0,18,0.15282131661442006,8.06347962382445,16
708,1274,1360,13.03575744925585,96.97880690737834,11,13,8,5,974,0.7633228840125392,302,1054,0.8260188087774295,0.8613963039014374,839,215,0.8613963039014374,0.7119205298013245,0.8260188087774295,175,1029,5.88,0.008620689655172414,0.01018808777429467,0.006269592476489028,0.003918495297805642,0.5329163923633969,0.26395386754579775,0.0,1.0,0.5112422140071909,0.2841918969100234,0.0,1.0,0.4470046082949309,0.3114187802084337,0.0,1.0,0.2585962424672102,0.2702361034907339,0.0,1.0,18,0.1554160125588697,8.077708006279435,16
709,1281,1359,12.99973636495977,97.07338017174082,11,4,2,2,940,0.7378335949764521,334,1051,0.8249607535321821,0.8712765957446809,819,232,0.8712765957446809,0.6946107784431138,0.8249607535321821,164,1014,6.182926829268292,0.008634222919937205,0.0031397174254317113,0.0015698587127158557,0.0015698587127158557,0.5322706554858856,0.26320126557675766,0.0,1.0,0.5118732844803707,0.2842371061420546,0.0,1.0,0.44627433204905437,0.310993990270145,0.0,1.0,0.25834151746367506,0.2701684538016625,0.0,1.0,18,0.15690866510538642,8.074941451990632,16
710,1281,1350,12.966859413822764,96.38485558157689,11,11,11,0,971,0.7580015612802498,310,1080,0.8430913348946136,0.9001029866117405,874,206,0.9001029866117405,0.6645161290322581,0.8430913348946136,172,1043,6.063953488372093,0.00858704137392662,0.00858704137392662,0.00858704137392662,0.0,0.5312633779053663,0.26463984784505135,0.0,1.0,0.5117473747828057,0.283850542936955,0.0,1.0,0.4476089748432424,0.31110152099601956,0.0,1.0,0.2588199743144217,0.2697808982127564,0.0,1.0,18,0.15690866510538642,8.101483216237314,16
711,1280,1346,12.951599485547124,96.2390625,10,11,7,4,1013,0.7907884465261514,268,1107,0.8641686182669789,0.8983218163869694,910,197,0.8983218163869694,0.7350746268656716,0.8641686182669789,178,1081,6.073033707865169,0.0078064012490242,0.00858704137392662,0.00546448087431694,0.00312256049960968,0.5310987903225806,0.2647605744942951,0.0,1.0,0.510710685483871,0.2837559430614786,0.0,1.0,0.4470010080645161,0.31093760927914194,0.0,1.0,0.25970262096774194,0.27058179121745773,0.0,1.0,18,0.1578125,8.1125,16
712,1278,1342,12.97976210174487,96.29890453834116,7,9,6,3,1004,0.784375,276,1088,0.85,0.8804780876494024,884,204,0.8804780876494024,0.7391304347826086,0.85,179,1063,5.93854748603352,0.00546875,0.00703125,0.0046875,0.00234375,0.5305416729769297,0.2643886030389772,0.0,1.0,0.5109293755363724,0.284164064380855,0.0,1.0,0.4483820485637841,0.311591794052243,0.0,1.0,0.2592760866272906,0.2698483889616161,0.0,1.0,18,0.1572769953051643,8.12206572769953,16
713,1277,1335,13.0014826562645,96.25763508222396,6,7,7,0,996,0.7793427230046949,282,1075,0.8411580594679187,0.892570281124498,889,186,0.892570281124498,0.6595744680851063,0.8411580594679187,175,1043,5.96,0.004694835680751174,0.005477308294209703,0.005477308294209703,0.0,0.5312602622072903,0.2642426597524881,0.0,1.0,0.5104200874024301,0.28454062743720687,0.0,1.0,0.44903629979538734,0.31200990882675667,0.0,1.0,0.2590244272109531,0.26915999784104694,0.0,1.0,18,0.15661707126076743,8.133907595927957,16
714,1280,1321,13.020861777827264,96.21796875,10,7,5,2,955,0.7478465152701644,322,1084,0.8488645262333594,0.9047120418848168,864,220,0.9047120418848168,0.6832298136645962,0.8488645262333594,174,1044,6.0,0.007830853563038372,0.00548159749412686,0.003915426781519186,0.0015661707126076742,0.5301663306451613,0.26380124737110994,0.0,1.0,0.5115927419354839,0.28493929216215863,0.0,1.0,0.4514364919354839,0.3118567282954064,0.0,1.0,0.2583921370967742,0.2688836967023599,0.0,1.0,18,0.15703125,8.1578125,16
715,1283,1313,13.015615831984652,95.79267342166797,13,10,6,4,944,0.7375,336,1048,0.81875,0.8601694915254238,812,236,0.8601694915254238,0.7023809523809523,0.81875,167,1007,6.029940119760479,0.01015625,0.0078125,0.0046875,0.003125,0.5293289417443995,0.26362120892042284,0.0,1.0,0.5127599125034571,0.2849239855353352,0.0,1.0,0.4512609056395042,0.3122160724130601,0.0,1.0,0.25751137706484295,0.2686095468997275,0.0,1.0,18,0.15744349181605613,8.175370226032737,16
716,1292,1307,12.92300796802949,95.28637770897832,19,10,5,5,947,0.7381137957911146,336,1060,0.8261886204208886,0.8648363252375924,819,241,0.8648363252375924,0.7172619047619048,0.8261886204208886,170,1024,6.023529411764706,0.014809041309431021,0.00779423226812159,0.003897116134060795,0.003897116134060795,0.5292120243683212,0.2638750258156361,0.0,1.0,0.5115100369519624,0.28460773166581355,0.0,1.0,0.4509138120443424,0.3111416761247719,0.0,1.0,0.2578148407070808,0.26889164777095553,0.0,1.0,18,0.16021671826625386,8.186532507739939,16
717,1292,1303,12.876356633905985,94.69659442724458,12,12,9,3,987,0.7639318885448917,305,1035,0.8010835913312694,0.8551165146909828,844,191,0.8551165146909828,0.6262295081967213,0.8010835913312694,169,1000,5.9171597633136095,0.009287925696594427,0.009287925696594427,0.00696594427244582,0.0023219814241486067,0.5277389393788076,0.26347207436660697,0.0,1.0,0.5110606211924498,0.28473023104838374,0.0,1.0,0.4504394287426346,0.31109235660512946,0.0,1.0,0.2585638669729352,0.269307322036925,0.0,1.0,18,0.16021671826625386,8.205882352941176,16
718,1289,1297,12.866720070384268,94.54150504266873,9,12,8,4,966,0.7476780185758514,326,1034,0.8003095975232198,0.8509316770186336,822,212,0.8509316770186336,0.6503067484662577,0.8003095975232198,174,1002,5.758620689655173,0.00696594427244582,0.009287925696594427,0.006191950464396285,0.0030959752321981426,0.5263144723341424,0.26307802146744125,0.0,1.0,0.5120248254460822,0.2854378196487071,0.0,1.0,0.449936184589204,0.31201123142941467,0.0,1.0,0.2567381566105258,0.2680908774310993,0.0,1.0,18,0.1613653995345229,8.205585725368502,16
719,1292,1285,12.798346605644712,93.88622291021672,14,11,9,2,997,0.773467804499612,292,1052,0.8161365399534523,0.8736208625877633,871,181,0.8736208625877633,0.6198630136986302,0.8161365399534523,174,1014,5.827586206896552,0.010861132660977503,0.008533747090768037,0.0069821567106283944,0.0015515903801396431,0.5281134525117348,0.2639821247131573,0.0,1.0,0.5106861080595225,0.28472756110627184,0.0,1.0,0.4485668630779986,0.31175596164128655,0.0,1.0,0.25606711275342053,0.2673523485587363,0.0,1.0,18,0.16176470588235295,8.219814241486068,16
720,1292,1281,12.813845143551395,94.03482972136223,10,10,5,5,987,0.7639318885448917,305,1073,0.8304953560371517,0.8763931104356636,865,208,0.8763931104356636,0.6819672131147541,0.8304953560371517,173,1042,6.023121387283237,0.007739938080495356,0.007739938080495356,0.003869969040247678,0.003869969040247678,0.5275641665834415,0.26413458725648387,0.0,1.0,0.5101867572156197,0.28442606332712744,0.0,1.0,0.44869170078897436,0.3118643505380256,0.0,1.0,0.2567412363926895,0.26709582894031814,0.0,1.0,18,0.16253869969040247,8.225232198142415,16
721,1288,1280,12.83978685138377,94.11878881987577,8,12,7,5,1006,0.7786377708978328,286,1087,0.8413312693498453,0.8916500994035785,897,190,0.8916500994035785,0.6643356643356644,0.8413312693498453,181,1067,5.895027624309392,0.006191950464396285,0.009287925696594427,0.005417956656346749,0.003869969040247678,0.5281506712081747,0.26473594269363443,0.0,1.0,0.508390102183931,0.284576119575127,0.0,1.0,0.4488328992185935,0.310596142412573,0.0,1.0,0.257588659587257,0.26683273344069847,0.0,1.0,18,0.16071428571428573,8.238354037267081,16
722,1279,1266,12.951712267774068,94.06567630961689,4,13,9,4,997,0.7740683229813664,291,1069,0.8299689440993789,0.8786359077231695,876,193,0.8786359077231695,0.6632302405498282,0.8299689440993789,177,1032,5.830508474576271,0.003105590062111801,0.010093167701863354,0.006987577639751553,0.003105590062111801,0.5285883628843098,0.2648254288476342,0.0,1.0,0.5079321042144821,0.2849360833783893,0.0,1.0,0.4493429846906606,0.3106414577251151,0.0,1.0,0.2588463769578047,0.26733738780018773,0.0,1.0,18,0.1594996090695856,8.240813135261924,16
723,1287,1249,12.967616631772065,94.08624708624708,13,5,1,4,993,0.7763878029710711,286,1087,0.8498827208756842,0.892245720040282,886,201,0.892245720040282,0.7027972027972028,0.8498827208756842,186,1056,5.67741935483871,0.010164190774042221,0.003909304143862392,0.0007818608287724785,0.003127443315089914,0.5285359801488834,0.2645722667070361,0.0,1.0,0.5068551520164423,0.2842045126941724,0.0,1.0,0.4475775120936411,0.31020820137606264,0.0,1.0,0.2594430658946788,0.26734486569814525,0.0,1.0,18,0.16317016317016317,8.234654234654235,16
724,1291,1243,12.954770114617235,94.0549961270333,12,8,4,4,961,0.7466977466977467,326,1055,0.8197358197358198,0.8657648283038502,832,223,0.8657648283038502,0.6840490797546013,0.8197358197358198,176,1025,5.823863636363637,0.009324009324009324,0.006216006216006216,0.003108003108003108,0.003108003108003108,0.5284725519102471,0.26494867514529474,0.0,1.0,0.5068588990779841,0.28416802020281334,0.0,1.0,0.4479148447065291,0.3102449257617395,0.0,1.0,0.2589640438769646,0.26672548768590154,0.0,1.0,18,0.16266460108443068,8.251742835011619,16
725,1298,1239,12.891238186851066,93.90446841294299,14,7,4,3,969,0.750580945003873,322,1081,0.8373353989155693,0.8823529411764706,855,226,0.8823529411764706,0.7018633540372671,0.8373353989155693,172,1049,6.098837209302325,0.010844306738962044,0.005422153369481022,0.003098373353989156,0.0023237800154918666,0.5284059843928625,0.264843959985926,0.0,1.0,0.5074059346886028,0.2842984470120526,0.0,1.0,0.44781052736219495,0.31008525038999013,0.0,1.0,0.25823848103782493,0.26564636873534503,0.0,1.0,18,0.1617873651771957,8.26271186440678,16
726,1290,1232,12.876639531595393,93.57674418604651,7,15,12,3,996,0.7673343605546995,302,1095,0.8436055469953775,0.8895582329317269,886,209,0.8895582329317269,0.6920529801324503,0.8436055469953775,179,1067,5.960893854748603,0.00539291217257319,0.011556240369799691,0.009244992295839754,0.0023112480739599386,0.527931982995749,0.26527088027508966,0.0,1.0,0.5074018504626157,0.28453084976390675,0.0,1.0,0.44713678419604896,0.3089938927722661,0.0,1.0,0.2580895223805951,0.2657291990266731,0.0,1.0,18,0.16279069767441862,8.264341085271317,16
727,1297,1229,12.851034357364242,93.46029298380878,12,5,3,2,914,0.7085271317829457,376,1081,0.837984496124031,0.8927789934354485,816,265,0.8927789934354485,0.7047872340425532,0.837984496124031,172,1050,6.104651162790698,0.009302325581395349,0.003875968992248062,0.002325581395348837,0.0015503875968992248,0.5272216280747133,0.2661434591305395,0.0,1.0,0.5092894272141667,0.28457526913809517,0.0,1.0,0.44735991245305545,0.30917042652545584,0.0,1.0,0.2578406745094138,0.2653710743589821,0.0,1.0,18,0.16191210485736315,8.268311488049344,16
728,1297,1221,12.851042237735568,93.40015420200463,11,11,6,5,1005,0.7748650732459522,292,1100,0.8481110254433307,0.8925373134328358,897,203,0.8925373134328358,0.6952054794520548,0.8481110254433307,169,1061,6.27810650887574,0.008481110254433308,0.008481110254433308,0.004626060138781804,0.0038550501156515036,0.5260526773944835,0.2655090782196775,0.0,1.0,0.5087920013927922,0.28401538636496954,0.0,1.0,0.44740965503519287,0.30915294123965076,0.0,1.0,0.25789041709155125,0.2650080658587237,0.0,1.0,18,0.16345412490362374,8.270624518118735,16
729,1299,1225,12.844084338329806,93.67128560431101,9,7,3,4,977,0.7532767925983038,320,1077,0.8303777949113339,0.8628454452405322,843,234,0.8628454452405322,0.73125,0.8303777949113339,170,1051,6.182352941176471,0.006939090208172706,0.005397070161912105,0.002313030069390902,0.0030840400925212026,0.5266582234473168,0.2656898283382307,0.0,1.0,0.5085549678412675,0.28404421988041906,0.0,1.0,0.4482604484839454,0.3081281164630828,0.0,1.0,0.2571456951997814,0.2644634083390896,0.0,1.0,18,0.1624326404926867,8.277136258660509,16
730,1302,1221,12.785211717639251,93.39554531490015,12,9,6,3,1027,0.7906081601231717,272,1073,0.8260200153964589,0.8675754625121713,891,182,0.8675754625121713,0.6691176470588235,0.8260200153964589,172,1041,6.0523255813953485,0.009237875288683603,0.006928406466512702,0.004618937644341801,0.0023094688221709007,0.5278479758188395,0.2655665383501775,0.0,1.0,0.5074822853178732,0.2850125402993234,0.0,1.0,0.4493583073187652,0.3077387366712583,0.0,1.0,0.2570982607403003,0.2645846339489597,0.0,1.0,18,0.16129032258064516,8.302611367127497,17
731,1306,1220,12.75018907909116,93.3989280245023,11,7,4,3,956,0.7342549923195084,346,1050,0.8064516129032258,0.8441422594142259,807,243,0.8441422594142259,0.7023121387283237,0.8064516129032258,181,1030,5.69060773480663,0.008448540706605223,0.005376344086021506,0.0030721966205837174,0.002304147465437788,0.5276144840191671,0.2655772966869749,0.0,1.0,0.5065454725090154,0.2849636440933273,0.0,1.0,0.44998271007261764,0.3074900630864767,0.0,1.0,0.25806451612903225,0.26516379876246726,0.0,1.0,18,0.16156202143950996,8.30781010719755,17
732,1305,1218,12.688596408728863,92.95402298850574,12,13,9,4,984,0.7534456355283308,322,1093,0.836906584992343,0.8871951219512195,873,220,0.8871951219512195,0.6832298136645962,0.836906584992343,177,1068,6.033898305084746,0.009188361408882083,0.009954058192955589,0.006891271056661562,0.0030627871362940277,0.5279446298356198,0.2656332261230548,0.0,1.0,0.5061179087875417,0.2853000934825115,0.0,1.0,0.4492398961809418,0.30711010172662595,0.0,1.0,0.2590285502410085,0.26598858026812944,0.0,1.0,18,0.16091954022988506,8.329501915708812,17
733,1307,1203,12.734926328044523,93.06579954093344,10,8,3,5,1003,0.7685823754789272,302,1083,0.8298850574712644,0.8833499501495513,886,197,0.8833499501495513,0.652317880794702,0.8298850574712644,185,1053,5.691891891891892,0.007662835249042145,0.006130268199233717,0.0022988505747126436,0.0038314176245210726,0.527284843399067,0.2646229653045572,0.0,1.0,0.5056396080657501,0.2848882484011214,0.0,1.0,0.4483303304785646,0.306943170650904,0.0,1.0,0.25932324703210996,0.2657268356025861,0.0,1.0,18,0.16143840856924255,8.328997704667177,17
734,1308,1200,12.685336720596501,92.81804281345566,13,12,7,5,992,0.7589900535577658,315,1067,0.8163733741392502,0.8709677419354839,864,203,0.8709677419354839,0.6444444444444445,0.8163733741392502,178,1042,5.853932584269663,0.009946442234123947,0.009181331293037491,0.005355776587605203,0.0038255547054322878,0.5279668540988458,0.26529684639371726,0.0,1.0,0.5049077636381573,0.28544052643271867,0.0,1.0,0.45018249975337876,0.3078327316342907,0.0,1.0,0.25845911019039164,0.26595268337468414,0.0,1.0,18,0.1620795107033639,8.353975535168196,17
735,1303,1190,12.7501697529495,92.92632386799693,4,9,7,2,1007,0.7698776758409785,301,1068,0.8165137614678899,0.8709036742800397,877,191,0.8709036742800397,0.6345514950166113,0.8165137614678899,180,1038,5.766666666666667,0.0030581039755351682,0.006880733944954129,0.005351681957186544,0.0015290519877675841,0.5260564949372416,0.2642803391042073,0.0,1.0,0.5053845963409501,0.2853064998884101,0.0,1.0,0.4492362538063526,0.3073690765588111,0.0,1.0,0.25903002995568536,0.26526699373135704,0.0,1.0,18,0.1634689178818112,8.347659247889485,17
736,1299,1178,12.78280517282136,92.97844495765973,6,10,7,3,1006,0.7720644666155027,297,1098,0.8426707597851113,0.8876739562624254,893,205,0.8876739562624254,0.6902356902356902,0.8426707597851113,184,1070,5.815217391304348,0.004604758250191865,0.007674597083653108,0.005372217958557176,0.0023023791250959325,0.525565571531451,0.26425870600116225,0.0,1.0,0.5055253420745486,0.28507068682768216,0.0,1.0,0.448334947478209,0.3075030375645273,0.0,1.0,0.2580396831309444,0.2649673401844588,0.0,1.0,18,0.16474210931485758,8.361046959199385,17
737,1298,1171,12.818572279112335,93.01386748844376,8,9,6,3,1003,0.7721324095458044,296,1093,0.8414164742109315,0.8873379860418744,890,203,0.8873379860418744,0.6858108108108109,0.8414164742109315,176,1062,6.034090909090909,0.006158583525789068,0.006928406466512702,0.004618937644341801,0.0023094688221709007,0.5255479894626969,0.2647112624629205,0.0,1.0,0.5055917292111934,0.2852435222724916,0.0,1.0,0.4482330135692629,0.307649043252429,0.0,1.0,0.25871067150454796,0.26545393650342225,0.0,1.0,18,0.16486902927580893,8.379815100154083,17
738,1295,1161,12.832369945100629,92.66640926640926,10,13,9,4,995,0.7665639445300462,303,1073,0.8266563944530047,0.8804020100502512,876,197,0.8804020100502512,0.6501650165016502,0.8266563944530047,175,1038,5.9314285714285715,0.007704160246533128,0.010015408320493066,0.006933744221879815,0.0030816640986132513,0.5244488728359696,0.26505638574011126,0.0,1.0,0.505916054303151,0.28502831512426174,0.0,1.0,0.44862373894631963,0.3078840215545343,0.0,1.0,0.25950927886411757,0.2663349706356934,0.0,1.0,18,0.16525096525096525,8.392277992277993,17
739,1292,1158,12.833566067271908,92.4907120743034,11,14,7,7,1015,0.7837837837837838,280,1094,0.8447876447876448,0.8926108374384236,906,188,0.8926108374384236,0.6714285714285714,0.8447876447876448,172,1063,6.180232558139535,0.008494208494208495,0.010810810810810811,0.005405405405405406,0.005405405405405406,0.5235443922900229,0.26481837841462724,0.0,1.0,0.5060671127534205,0.2849934461067857,0.0,1.0,0.44866673324677914,0.307257691523387,0.0,1.0,0.2605113352641566,0.2669566927118189,0.0,1.0,18,0.16486068111455107,8.39860681114551,18
740,1295,1151,12.85904988933098,92.96833976833977,8,5,2,3,1019,0.7886996904024768,273,1111,0.8599071207430341,0.8900883218842002,907,204,0.8900883218842002,0.7472527472527473,0.8599071207430341,178,1082,6.078651685393258,0.006191950464396285,0.003869969040247678,0.0015479876160990713,0.0023219814241486067,0.5234275750404783,0.26433213929837585,0.0,1.0,0.5055424087682152,0.2849230400009003,0.0,1.0,0.44827500311371277,0.30839155542616475,0.0,1.0,0.2615269647527712,0.26754007625859244,0.0,1.0,18,0.16525096525096525,8.394594594594595,18
741,1292,1142,12.893628118069579,92.79334365325077,10,13,8,5,991,0.7652509652509653,304,1111,0.857915057915058,0.8990918264379415,891,220,0.8990918264379415,0.7236842105263158,0.857915057915058,172,1074,6.244186046511628,0.007722007722007722,0.010038610038610039,0.006177606177606178,0.003861003861003861,0.5240187755917307,0.264032522495064,0.0,1.0,0.5040697093778088,0.28479999315919924,0.0,1.0,0.4468940377509238,0.3079595589733075,0.0,1.0,0.2625337061819634,0.2675919686041605,0.0,1.0,18,0.16563467492260062,8.394736842105264,18
742,1291,1132,12.917451290987692,92.68164213787762,9,10,6,4,1011,0.7825077399380805,281,1092,0.8452012383900929,0.8911968348170128,901,191,0.8911968348170128,0.6797153024911032,0.8452012383900929,171,1053,6.157894736842105,0.00696594427244582,0.007739938080495356,0.0046439628482972135,0.0030959752321981426,0.5241997951075685,0.263825570571059,0.0,1.0,0.5030608930311586,0.285448264217453,0.0,1.0,0.4480147922340771,0.30876428359061026,0.0,1.0,0.26401139401814044,0.2678941224537433,0.0,1.0,18,0.16498838109992253,8.398915569326103,18
743,1299,1112,12.87476210557779,92.20708237105465,16,8,5,3,997,0.772269558481797,294,1121,0.8683191324554609,0.8966900702106319,894,227,0.8966900702106319,0.7721088435374149,0.8683191324554609,183,1084,5.923497267759563,0.012393493415956624,0.006196746707978312,0.0038729666924864447,0.0023237800154918666,0.5251434105639574,0.2630444673643174,0.0,1.0,0.5032158732523777,0.2857179521045375,0.0,1.0,0.44853361146291193,0.30907712477214205,0.0,1.0,0.26414860066055773,0.2687880856035932,0.0,1.0,18,0.16628175519630484,8.438029253271747,18
744,1301,1105,12.880572585643984,92.34050730207532,11,9,3,6,978,0.7528868360277137,321,1093,0.8414164742109315,0.8865030674846626,867,226,0.8865030674846626,0.7040498442367601,0.8414164742109315,172,1058,6.151162790697675,0.008468052347959968,0.006928406466512702,0.0023094688221709007,0.004618937644341801,0.5259229872802559,0.26332485683795753,0.0,1.0,0.5036324415462051,0.2860285303967357,0.0,1.0,0.44853834519352354,0.3091138851427972,0.0,1.0,0.26401527361087007,0.26996400432239515,0.0,1.0,18,0.1660261337432744,8.463489623366641,18
745,1301,1098,12.9393990497053,92.73097617217525,6,6,4,2,986,0.7578785549577248,315,1074,0.8255188316679477,0.8772819472616633,865,209,0.8772819472616633,0.6634920634920635,0.8255188316679477,173,1040,6.011560693641618,0.004611837048424289,0.004611837048424289,0.0030745580322828594,0.0015372790161414297,0.5264684733827576,0.26310343932684277,0.0,1.0,0.5021695469985866,0.2860713277457587,0.0,1.0,0.4485631400163646,0.30895754732188574,0.0,1.0,0.2633458133941633,0.2691664436652402,0.0,1.0,18,0.1660261337432744,8.470407378939278,18
746,1295,1082,12.983801286120158,92.44092664092665,6,12,10,2,994,0.7640276710222905,307,1086,0.8347425057647964,0.8843058350100603,879,207,0.8843058350100603,0.6742671009771987,0.8347425057647964,186,1056,5.67741935483871,0.004611837048424289,0.009223674096848577,0.007686395080707148,0.0015372790161414297,0.5261676422966746,0.2631818988970724,0.0,1.0,0.5024785153817413,0.28594013852360506,0.0,1.0,0.44959521733715285,0.3090966000319077,0.0,1.0,0.26242371403661724,0.26848340003291765,0.0,1.0,18,0.1667953667953668,8.482625482625483,18
747,1297,1078,12.935296689937239,92.09791827293755,12,10,7,3,948,0.7320463320463321,347,1073,0.8285714285714286,0.8713080168776371,826,247,0.8713080168776371,0.7118155619596542,0.8285714285714286,182,1051,5.774725274725275,0.009266409266409266,0.007722007722007722,0.005405405405405406,0.0023166023166023165,0.5260029348123462,0.26283226344272054,0.0,1.0,0.5043151690004228,0.2866376447376477,0.0,1.0,0.45131444773298185,0.30991874391986274,0.0,1.0,0.2616957246250653,0.268473941448367,0.0,1.0,18,0.16576715497301464,8.51040863531226,18
748,1298,1072,12.873864015944884,91.7442218798151,12,11,8,3,981,0.756360832690825,316,1073,0.8272937548188126,0.8674821610601428,851,222,0.8674821610601428,0.7025316455696202,0.8272937548188126,176,1043,5.926136363636363,0.009252120277563608,0.008481110254433308,0.006168080185042405,0.002313030069390902,0.5250260947363189,0.26220530452723034,0.0,1.0,0.5032307768775783,0.287044970936618,0.0,1.0,0.45245787563994233,0.3098863001786225,0.0,1.0,0.261171032357473,0.26729203673268,0.0,1.0,18,0.16563944530046226,8.535439137134052,18
749,1296,1063,12.893442165040467,91.47993827160494,12,14,7,7,1014,0.7812018489984591,284,1080,0.8320493066255779,0.8777120315581854,890,190,0.8777120315581854,0.6690140845070423,0.8320493066255779,182,1053,5.785714285714286,0.009244992295839754,0.01078582434514638,0.00539291217257319,0.00539291217257319,0.5246415770609318,0.2614457496779507,0.0,1.0,0.5049780963759458,0.2865522690924598,0.0,1.0,0.45161290322580644,0.3097223226770655,0.0,1.0,0.2606282357626443,0.2665809222984849,0.0,1.0,18,0.16512345679012347,8.549382716049383,18
750,1290,1055,12.943609037344222,91.31937984496125,6,12,9,3,975,0.7523148148148148,321,1054,0.8132716049382716,0.877948717948718,856,198,0.877948717948718,0.616822429906542,0.8132716049382716,177,1023,5.779661016949152,0.004629629629629629,0.009259259259259259,0.006944444444444444,0.0023148148148148147,0.5255813953488372,0.2615777937720697,0.0,1.0,0.5054263565891473,0.2867075041900803,0.0,1.0,0.4514628657164291,0.31062876409615164,0.0,1.0,0.26164041010252564,0.2672731067973852,0.0,1.0,18,0.16511627906976745,8.544961240310078,18
751,1285,1053,12.992544103896922,91.31284046692608,9,14,6,8,947,0.734108527131783,343,1027,0.796124031007752,0.8447729672650475,800,227,0.8447729672650475,0.6618075801749271,0.796124031007752,181,1006,5.558011049723757,0.0069767441860465115,0.010852713178294573,0.004651162790697674,0.006201550387596899,0.5242625831555164,0.2613018771102402,0.0,1.0,0.5058867829797916,0.286630436900679,0.0,1.0,0.45206476716455374,0.31054717076369337,0.0,1.0,0.2613530814610267,0.26749682946378006,0.0,1.0,18,0.1642023346303502,8.566536964980545,18
752,1288,1049,13.008247394589754,91.61801242236025,9,6,3,3,977,0.7603112840466926,308,1067,0.8303501945525292,0.8802456499488229,860,207,0.8802456499488229,0.672077922077922,0.8303501945525292,180,1043,5.794444444444444,0.007003891050583658,0.004669260700389105,0.0023346303501945525,0.0023346303501945525,0.5251452614706471,0.2617007687295662,0.0,1.0,0.5055600080144259,0.2860498043254834,0.0,1.0,0.45223903025445805,0.31030868780104837,0.0,1.0,0.2612702865157283,0.2670272866862736,0.0,1.0,18,0.1638198757763975,8.579192546583851,18
753,1285,1043,13.048008784727621,91.5260700389105,7,10,8,2,971,0.7538819875776398,317,1070,0.8307453416149069,0.8877445932028837,862,208,0.8877445932028837,0.6561514195583596,0.8307453416149069,175,1039,5.937142857142857,0.005434782608695652,0.007763975155279503,0.006211180124223602,0.0015527950310559005,0.5236349943517008,0.26152974608111046,0.0,1.0,0.5047571231329233,0.2865412144436459,0.0,1.0,0.45131166059997485,0.3099287293764492,0.0,1.0,0.26265846617296346,0.26702611490385,0.0,1.0,18,0.16186770428015565,8.583657587548638,18
754,1287,1032,13.01631275858236,91.02020202020202,12,10,8,2,990,0.7704280155642024,295,1069,0.8319066147859923,0.8828282828282829,874,195,0.8828282828282829,0.6610169491525424,0.8319066147859923,175,1033,5.902857142857143,0.00933852140077821,0.007782101167315175,0.0062256809338521405,0.0015564202334630351,0.5230719101686844,0.26102610079285177,0.0,1.0,0.5041732461087299,0.28703613383416976,0.0,1.0,0.4505100634132892,0.30964161640846727,0.0,1.0,0.2635787151916184,0.26820803699843854,0.0,1.0,18,0.16161616161616163,8.607614607614607,18
755,1291,1030,12.88248776510742,90.1742835011619,16,12,9,3,1007,0.7824397824397824,280,1046,0.8127428127428128,0.8709036742800397,877,169,0.8709036742800397,0.6035714285714285,0.8127428127428128,175,1019,5.822857142857143,0.012432012432012432,0.009324009324009324,0.006993006993006993,0.002331002331002331,0.5235251492966193,0.26067823407720025,0.0,1.0,0.5044851452987181,0.2861429965545659,0.0,1.0,0.450363559131456,0.3093251948962778,0.0,1.0,0.2631618400339822,0.26653619931699774,0.0,1.0,18,0.1611154144074361,8.610379550735864,18
756,1288,1023,12.918456275776432,90.3136645962733,6,9,6,3,1011,0.7831138652207591,280,1050,0.8133230054221534,0.8625123639960435,872,178,0.8625123639960435,0.6357142857142857,0.8133230054221534,175,1018,5.817142857142857,0.004647560030983733,0.006971340046475601,0.004647560030983733,0.0023237800154918666,0.523893007413344,0.2608937964583539,0.0,1.0,0.5049839711480665,0.2858824376191933,0.0,1.0,0.45028551392506516,0.30920320737983026,0.0,1.0,0.26152073732718895,0.2664031943089877,0.0,1.0,18,0.16149068322981366,8.613354037267081,18
757,1285,1023,12.969446780516218,90.65914396887159,7,10,4,6,991,0.7694099378881988,297,1047,0.812888198757764,0.875882946518668,868,179,0.875882946518668,0.6026936026936027,0.812888198757764,164,1011,6.164634146341464,0.005434782608695652,0.007763975155279503,0.003105590062111801,0.004658385093167702,0.5230827162043429,0.2612352109322014,0.0,1.0,0.5058867829797916,0.28527678875290086,0.0,1.0,0.44855026986318564,0.3083524870128944,0.0,1.0,0.26062507844860044,0.266192302427148,0.0,1.0,18,0.16186770428015565,8.596108949416342,18
758,1283,1026,12.998904174857254,90.84801247077164,6,8,5,3,961,0.7478599221789883,324,1031,0.8023346303501946,0.8511966701352758,818,213,0.8511966701352758,0.6574074074074074,0.8023346303501946,170,1004,5.905882352941177,0.004669260700389105,0.0062256809338521405,0.0038910505836575876,0.0023346303501945525,0.5219118497473161,0.2610001491412011,0.0,1.0,0.5063485278958088,0.28499379212654335,0.0,1.0,0.44874663716591656,0.30852892809648175,0.0,1.0,0.2620370603173007,0.26747624916683893,0.0,1.0,18,0.16134060795011693,8.597817614964926,18
759,1282,1031,12.976313904004035,90.71684867394696,7,8,7,1,976,0.7607170693686672,307,1075,0.8378799688230709,0.8842213114754098,863,212,0.8842213114754098,0.6905537459283387,0.8378799688230709,170,1050,6.176470588235294,0.005455962587685113,0.006235385814497272,0.005455962587685113,0.000779423226812159,0.5225705802425645,0.26080037870697437,0.0,1.0,0.5053344069246641,0.28488047157992663,0.0,1.0,0.4495244325902068,0.30886973933988526,0.0,1.0,0.2626692164460772,0.2676963022482816,0.0,1.0,18,0.16146645865834633,8.612324492979718,18
760,1278,1028,13.002265312973602,90.7339593114241,7,11,7,4,950,0.7410296411856474,332,1014,0.7909516380655226,0.8463157894736842,804,210,0.8463157894736842,0.6325301204819277,0.7909516380655226,174,985,5.660919540229885,0.00546021840873635,0.00858034321372855,0.00546021840873635,0.0031201248049922,0.5221364026452622,0.26125619448264004,0.0,1.0,0.5060830935433389,0.28494416946398,0.0,1.0,0.4487354232924428,0.30867318359277734,0.0,1.0,0.26086627290625475,0.26700183504429653,0.0,1.0,18,0.162754303599374,8.619718309859154,18
761,1276,1030,12.968363844713013,90.48040752351098,10,12,8,4,950,0.7433489827856025,328,1060,0.8294209702660407,0.8842105263157894,840,220,0.8842105263157894,0.6707317073170732,0.8294209702660407,175,1037,5.925714285714286,0.00782472613458529,0.009389671361502348,0.006259780907668232,0.003129890453834116,0.5221710992011326,0.26136814146315024,0.0,1.0,0.507407220143594,0.28565265875627505,0.0,1.0,0.4462534128830013,0.3071477388567265,0.0,1.0,0.2602133683891192,0.26690254872004754,0.0,1.0,18,0.16300940438871472,8.633228840125392,18
762,1277,1026,12.966734924227444,89.92325763508222,11,10,7,3,965,0.7562695924764891,311,1025,0.8032915360501567,0.8746113989637305,844,181,0.8746113989637305,0.5819935691318328,0.8032915360501567,181,1002,5.535911602209945,0.008620689655172414,0.007836990595611285,0.0054858934169279,0.0023510971786833857,0.5212317174830121,0.26071285990842963,0.0,1.0,0.5077171798822846,0.28531303381391904,0.0,1.0,0.445903958370172,0.3068007487069383,0.0,1.0,0.2611715967363023,0.267456644704562,0.0,1.0,18,0.16366483946750196,8.640563821456539,18
763,1278,1021,12.997485999460967,90.20892018779342,9,8,3,5,1002,0.7846515270164448,275,1071,0.8386844166014096,0.8802395209580839,882,189,0.8802395209580839,0.6872727272727273,0.8386844166014096,175,1041,5.948571428571428,0.007047768206734534,0.006264682850430697,0.0023492560689115116,0.003915426781519186,0.5220606794891212,0.26076035865868746,0.0,1.0,0.5074965924579736,0.285384492159687,0.0,1.0,0.4462113180877379,0.3072485471461739,0.0,1.0,0.2607653086980665,0.2674903517379344,0.0,1.0,18,0.1643192488262911,8.650234741784038,18
764,1272,1023,13.06491783313817,90.437893081761,6,12,6,6,961,0.7519561815336463,317,1051,0.8223787167449139,0.882414151925078,848,203,0.882414151925078,0.6403785488958991,0.8223787167449139,163,1016,6.233128834355829,0.004694835680751174,0.009389671361502348,0.004694835680751174,0.004694835680751174,0.5232552241834044,0.26075282999329724,0.0,1.0,0.5062132278352607,0.28483924062320076,0.0,1.0,0.44575471698113206,0.30703707186593626,0.0,1.0,0.25973828362751067,0.2673084697177683,0.0,1.0,18,0.16430817610062892,8.654088050314465,18
765,1270,1015,13.086164989499439,90.19606299212599,10,12,7,5,966,0.7594339622641509,306,1084,0.8522012578616353,0.901656314699793,871,213,0.901656314699793,0.696078431372549,0.8522012578616353,176,1052,5.9772727272727275,0.007861635220125786,0.009433962264150943,0.00550314465408805,0.003930817610062893,0.524485648971298,0.26087774911894596,0.0,1.0,0.5052324104648209,0.28424780133075267,0.0,1.0,0.4461772923545847,0.30684498122216924,0.0,1.0,0.2590297180594361,0.26605126286070274,0.0,1.0,18,0.16377952755905512,8.668503937007873,18
766,1259,1007,13.257787081649422,90.62509928514694,3,14,7,7,954,0.7511811023622047,316,1090,0.8582677165354331,0.9035639412997903,862,228,0.9035639412997903,0.7215189873417721,0.8582677165354331,183,1065,5.819672131147541,0.002362204724409449,0.011023622047244094,0.005511811023622047,0.005511811023622047,0.5243280637474699,0.26033594136391935,0.0,1.0,0.5048041200133234,0.28444958902224876,0.0,1.0,0.4466422403853545,0.3069385242385463,0.0,1.0,0.25962745650670016,0.26677943466170734,0.0,1.0,18,0.16441620333598095,8.67275615567911,18
767,1264,1012,13.190199054464333,90.09572784810126,13,8,7,1,944,0.749801429706116,315,1033,0.8204924543288324,0.8728813559322034,824,209,0.8728813559322034,0.6634920634920635,0.8204924543288324,169,1007,5.958579881656805,0.010325655281969817,0.006354249404289118,0.005559968228752979,0.0007942811755361397,0.525188852592895,0.26118988542775834,0.0,1.0,0.5027562270314414,0.2842746781167208,0.0,1.0,0.44650877909350756,0.3071524330954036,0.0,1.0,0.2612801143323806,0.26654390598251837,0.0,1.0,18,0.16139240506329114,8.67879746835443,18
768,1264,1014,13.140552017694393,89.66693037974683,11,11,8,3,964,0.7626582278481012,300,1030,0.814873417721519,0.8703319502074689,839,191,0.8703319502074689,0.6366666666666667,0.814873417721519,167,999,5.982035928143713,0.00870253164556962,0.00870253164556962,0.006329113924050633,0.0023734177215189874,0.525341976316864,0.2619336237867572,0.0,1.0,0.501914046549612,0.2847908150959264,0.0,1.0,0.4450796243364639,0.3066747053612359,0.0,1.0,0.26199469171090245,0.2663582129083888,0.0,1.0,18,0.15822784810126583,8.681962025316455,18
769,1262,1012,13.163714460732631,89.60618066561014,6,8,7,1,924,0.7310126582278481,340,1057,0.8362341772151899,0.8701298701298701,804,253,0.8701298701298701,0.7441176470588236,0.8362341772151899,177,1032,5.830508474576271,0.004746835443037975,0.006329113924050633,0.005537974683544304,0.0007911392405063291,0.5253310157967385,0.2620646629882428,0.0,1.0,0.5018403967077347,0.2850306286468755,0.0,1.0,0.44632176269106894,0.3071524583712837,0.0,1.0,0.26056950053678235,0.2657717350883436,0.0,1.0,18,0.15847860538827258,8.707606973058637,18
770,1257,1014,13.196424068593432,89.75894988066825,6,11,7,4,958,0.7591125198098256,304,1065,0.8438985736925515,0.8903966597077244,853,212,0.8903966597077244,0.6973684210526315,0.8438985736925515,173,1040,6.011560693641618,0.004754358161648178,0.008716323296354992,0.005546751188589541,0.003169572107765452,0.525649908897272,0.2615938701747194,0.0,1.0,0.5027844073190135,0.2852539767500875,0.0,1.0,0.445761798444838,0.3070943906648458,0.0,1.0,0.26073344111684243,0.26611166328216374,0.0,1.0,18,0.15910898965791567,8.721559268098648,18
771,1262,1001,13.23680345180487,89.86687797147385,10,5,2,3,940,0.7478122513922036,317,1058,0.841686555290374,0.8851063829787233,832,226,0.8851063829787233,0.7129337539432177,0.841686555290374,177,1022,5.7740112994350286,0.007955449482895784,0.003977724741447892,0.0015910898965791568,0.002386634844868735,0.5253310157967385,0.26149455120036785,0.0,1.0,0.503604110219314,0.28582268103551234,0.0,1.0,0.44535044220643116,0.3072979101689605,0.0,1.0,0.2607484279944788,0.2668366579535107,0.0,1.0,18,0.15847860538827258,8.727416798732172,18
772,1269,1006,13.167052605234758,89.77777777777777,12,5,3,2,983,0.7789223454833597,279,1063,0.8423137876386688,0.9053916581892166,890,173,0.9053916581892166,0.6200716845878136,0.8423137876386688,171,1039,6.076023391812866,0.009508716323296355,0.003961965134706815,0.002377179080824089,0.001584786053882726,0.5252294161010702,0.262036034025178,0.0,1.0,0.5038765601565875,0.28622063509996115,0.0,1.0,0.44401230331223474,0.30710287873970765,0.0,1.0,0.2600981214570782,0.2668884618738074,0.0,1.0,18,0.15839243498817968,8.721040189125295,18
773,1274,1002,13.13704143467744,89.64678178963894,13,8,4,4,992,0.7817178881008668,277,1073,0.8455476753349094,0.8810483870967742,874,199,0.8810483870967742,0.7184115523465704,0.8455476753349094,173,1042,6.023121387283237,0.01024428684003152,0.006304176516942475,0.0031520882584712374,0.0031520882584712374,0.5231933964652858,0.2617162947074291,0.0,1.0,0.5039499670836076,0.28624751267676707,0.0,1.0,0.4442193750949511,0.3069982754335225,0.0,1.0,0.25935585152175017,0.2666645677940456,0.0,1.0,18,0.15855572998430142,8.733908948194662,18
774,1281,995,13.120651942797105,89.58782201405153,11,4,3,1,962,0.7551020408163265,312,1031,0.8092621664050236,0.8773388773388774,844,187,0.8773388773388774,0.5993589743589743,0.8092621664050236,175,999,5.708571428571428,0.008634222919937205,0.0031397174254317113,0.002354788069073783,0.0007849293563579278,0.5233562488982901,0.2622155809606704,0.0,1.0,0.504721613658684,0.2861598291072291,0.0,1.0,0.44295031603334084,0.3070942345238458,0.0,1.0,0.25866888267734384,0.2667867468476887,0.0,1.0,18,0.15846994535519127,8.733021077283372,18
775,1282,993,13.091714747866313,89.48595943837753,8,7,6,1,1011,0.7892271662763466,270,1103,0.8610460577673692,0.9010880316518298,911,192,0.9010880316518298,0.7111111111111111,0.8610460577673692,175,1076,6.148571428571429,0.00624512099921936,0.00546448087431694,0.00468384074941452,0.00078064012490242,0.5232499622565547,0.2618806715564606,0.0,1.0,0.5039504805998691,0.2854352879789583,0.0,1.0,0.4425293140757889,0.3071538238128519,0.0,1.0,0.2577374062704444,0.26631919612211946,0.0,1.0,18,0.1606864274570983,8.736349453978159,18
776,1286,992,13.016979770176357,89.17262830482115,12,8,6,2,1014,0.7909516380655226,268,1092,0.8517940717628705,0.893491124260355,906,186,0.893491124260355,0.6940298507462687,0.8517940717628705,170,1061,6.241176470588235,0.0093603744149766,0.0062402496099844,0.0046801872074883,0.0015600624024961,0.5231525610796167,0.2625701524458377,0.0,1.0,0.5041137811669091,0.28575279610319493,0.0,1.0,0.4426077359153163,0.30660377116039766,0.0,1.0,0.2563838860181608,0.2656072812165203,0.0,1.0,18,0.1594090202177294,8.755054432348366,18
777,1288,982,13.031080264345695,88.82686335403727,11,9,7,2,938,0.7293934681181959,348,1058,0.8227060653188181,0.8816631130063965,827,231,0.8816631130063965,0.6637931034482759,0.8227060653188181,176,1024,5.818181818181818,0.008553654743390357,0.006998444790046656,0.005443234836702955,0.0015552099533437014,0.5222400320577039,0.26251819671363186,0.0,1.0,0.5053846924464035,0.28620845370778586,0.0,1.0,0.44254658385093165,0.30669966677284394,0.0,1.0,0.25535964736525746,0.26556749695516446,0.0,1.0,18,0.16071428571428573,8.766304347826088,18
778,1291,974,13.031249782463457,88.97753679318357,10,7,4,3,987,0.7663043478260869,301,1108,0.860248447204969,0.9088145896656535,897,211,0.9088145896656535,0.7009966777408638,0.860248447204969,179,1079,6.027932960893855,0.007763975155279503,0.005434782608695652,0.003105590062111801,0.002329192546583851,0.5209265135803703,0.2623907218977826,0.0,1.0,0.5050098698183454,0.2864749397318872,0.0,1.0,0.4433172584393194,0.30726310034658977,0.0,1.0,0.25489118212938205,0.26508483248764764,0.0,1.0,18,0.1611154144074361,8.779240898528272,18
779,1294,975,13.004702209588316,89.22720247295209,9,6,3,3,988,0.7652982184353214,303,1068,0.8272656855151046,0.8825910931174089,872,196,0.8825910931174089,0.6468646864686468,0.8272656855151046,170,1039,6.1117647058823525,0.006971340046475601,0.004647560030983733,0.0023237800154918666,0.0023237800154918666,0.5196689435109937,0.2622075098461266,0.0,1.0,0.5057087301191604,0.2868967599314281,0.0,1.0,0.4428379119509398,0.3076259402887323,0.0,1.0,0.25412574163633644,0.26399902863800756,0.0,1.0,18,0.16228748068006182,8.787480680061824,18
780,1290,969,13.030211430341431,89.03720930232558,8,12,8,4,966,0.7465224111282844,328,1092,0.8438948995363215,0.8819875776397516,852,240,0.8819875776397516,0.7317073170731707,0.8438948995363215,176,1062,6.034090909090909,0.0061823802163833074,0.00927357032457496,0.0061823802163833074,0.0030911901081916537,0.5197299324831208,0.26213334898808194,0.0,1.0,0.5055513878469617,0.2870228632672602,0.0,1.0,0.4415853963490873,0.3078538195129646,0.0,1.0,0.2543635908977244,0.26424064258673857,0.0,1.0,18,0.16511627906976745,8.803875968992248,18
781,1297,968,12.954761278890652,88.90516576715497,11,4,4,0,1004,0.7782945736434108,286,1074,0.8325581395348837,0.8854581673306773,889,185,0.8854581673306773,0.6468531468531469,0.8325581395348837,173,1046,6.046242774566474,0.008527131782945736,0.0031007751937984496,0.0031007751937984496,0.0,0.5203322804486781,0.26151561643485993,0.0,1.0,0.5042902977093541,0.28629073174181435,0.0,1.0,0.44183848583579977,0.30744964122006885,0.0,1.0,0.25483124829009873,0.2643138813758091,0.0,1.0,18,0.16499614494988435,8.807247494217425,18
782,1290,958,13.012595769798859,88.91705426356589,5,12,8,4,1021,0.787201233616037,276,1096,0.8450269853508096,0.8942213516160626,913,183,0.8942213516160626,0.6630434782608695,0.8450269853508096,173,1059,6.121387283236994,0.0038550501156515036,0.009252120277563608,0.006168080185042405,0.0030840400925212026,0.5196049012253063,0.26072649084408356,0.0,1.0,0.502975743935984,0.28653234592508325,0.0,1.0,0.44288572143035765,0.3082050370460121,0.0,1.0,0.25456364091022754,0.26467649583098557,0.0,1.0,18,0.16511627906976745,8.811627906976744,18
783,1293,954,13.021872580137682,89.18561484918793,8,5,3,2,983,0.762015503875969,307,1074,0.8325581395348837,0.8891149542217701,874,200,0.8891149542217701,0.6514657980456026,0.8325581395348837,174,1044,6.0,0.006201550387596899,0.003875968992248062,0.002325581395348837,0.0015503875968992248,0.5195968365641295,0.26060616445751084,0.0,1.0,0.502432452660729,0.28655436364967835,0.0,1.0,0.4421325749070678,0.3077763523557478,0.0,1.0,0.253973006012524,0.2645707033845898,0.0,1.0,18,0.16473317865429235,8.809744779582367,18
784,1296,948,13.002014759933793,89.11882716049382,13,10,5,5,978,0.7563805104408353,315,1068,0.8259860788863109,0.8875255623721882,868,200,0.8875255623721882,0.6349206349206349,0.8259860788863109,176,1038,5.8977272727272725,0.010054137664346482,0.007733952049497293,0.0038669760247486465,0.0038669760247486465,0.5217293906810035,0.2612094582539207,0.0,1.0,0.5005973715651135,0.2861827552357175,0.0,1.0,0.44232875348466744,0.3082120088922223,0.0,1.0,0.25515232974910396,0.26505194208747496,0.0,1.0,18,0.16435185185185186,8.814814814814815,19
785,1296,943,12.968154674673194,89.20138888888889,7,7,6,1,1017,0.7847222222222222,279,1075,0.8294753086419753,0.8859390363815143,901,174,0.8859390363815143,0.6236559139784946,0.8294753086419753,178,1048,5.887640449438202,0.005401234567901234,0.005401234567901234,0.004629629629629629,0.0007716049382716049,0.5212813620071685,0.26151666263427564,0.0,1.0,0.5001244524093986,0.28592511905209284,0.0,1.0,0.44277678215850264,0.3079358908267587,0.0,1.0,0.25455495818399043,0.2644411733567583,0.0,1.0,18,0.16358024691358025,8.820216049382717,19
786,1303,926,12.96989081073083,88.95165003837299,15,8,4,4,945,0.7291666666666666,351,1084,0.8364197530864198,0.8857142857142857,837,247,0.8857142857142857,0.7037037037037037,0.8364197530864198,175,1042,5.954285714285715,0.011574074074074073,0.006172839506172839,0.0030864197530864196,0.0030864197530864196,0.5201396281533929,0.2612781407266091,0.0,1.0,0.5005570272076845,0.28645450992285343,0.0,1.0,0.4433193870225039,0.30844019369523207,0.0,1.0,0.2547223528829252,0.26508506323624603,0.0,1.0,18,0.1627014581734459,8.835763622409823,19
787,1305,921,12.96303276908578,89.21149425287356,8,6,4,2,1026,0.7874136607828089,277,1109,0.8511128165771297,0.8927875243664717,916,193,0.8927875243664717,0.6967509025270758,0.8511128165771297,171,1075,6.286549707602339,0.0061396776669224865,0.004604758250191865,0.0030698388334612432,0.0015349194167306216,0.5195649487084415,0.2611943969081236,0.0,1.0,0.5004820170559882,0.28660879961536423,0.0,1.0,0.44523544679273264,0.3089352138382215,0.0,1.0,0.2545297243851193,0.26492748350012385,0.0,1.0,18,0.16168582375478927,8.85287356321839,19
788,1306,912,12.9773436124821,89.20903522205207,8,7,5,2,973,0.7455938697318008,332,1053,0.8068965517241379,0.8746145940390545,851,202,0.8746145940390545,0.608433734939759,0.8068965517241379,168,1012,6.023809523809524,0.006130268199233717,0.0053639846743295016,0.0038314176245210726,0.0015325670498084292,0.5206491132737243,0.2611083606175204,0.0,1.0,0.4993331028009682,0.2867853335784759,0.0,1.0,0.44605542656720837,0.30839251597722583,0.0,1.0,0.25354443511337255,0.2638041717047665,0.0,1.0,18,0.16079632465543645,8.865237366003063,19
789,1305,900,13.028731961740812,89.34636015325671,7,8,5,3,1013,0.7756508422664625,293,1101,0.8430321592649311,0.8825271470878578,894,207,0.8825271470878578,0.7064846416382252,0.8430321592649311,167,1056,6.323353293413174,0.005359877488514548,0.006125574272588055,0.0038284839203675345,0.002297090352220521,0.5207761710542578,0.2611435957278526,0.0,1.0,0.500135953528612,0.2867232169685567,0.0,1.0,0.4468174514893091,0.308697880417363,0.0,1.0,0.2533185020393029,0.26327357930677364,0.0,1.0,18,0.16091954022988506,8.865900383141762,19
790,1303,897,13.0242540929339,89.23407521105142,10,12,6,6,968,0.7417624521072796,337,1085,0.8314176245210728,0.8842975206611571,856,229,0.8842975206611571,0.6795252225519288,0.8314176245210728,174,1056,6.068965517241379,0.007662835249042145,0.009195402298850575,0.004597701149425287,0.004597701149425287,0.5193969252098135,0.26120289178906003,0.0,1.0,0.499987621617607,0.2862263529262407,0.0,1.0,0.44698338821082856,0.309225385118175,0.0,1.0,0.2531626767014087,0.26340304239901374,0.0,1.0,18,0.16116653875671527,8.885648503453568,19
791,1307,888,12.999385129807385,89.08798775822494,13,9,5,4,990,0.7597851112816577,313,1069,0.8204144282425173,0.8888888888888888,880,189,0.8888888888888888,0.6038338658146964,0.8204144282425173,173,1033,5.971098265895954,0.009976976208749041,0.006907137375287797,0.003837298541826554,0.0030698388334612432,0.519609052990103,0.26075275805308606,0.0,1.0,0.5006046844534393,0.287460963327943,0.0,1.0,0.44810820149566843,0.30927796239329364,0.0,1.0,0.25258533455092924,0.2637287956650996,0.0,1.0,18,0.16067329762815608,8.918898240244836,19
792,1309,884,12.969092976483262,89.31016042780749,6,4,4,0,1029,0.7872991583779648,278,1086,0.8309104820198929,0.8833819241982507,909,177,0.8833819241982507,0.6366906474820144,0.8309104820198929,182,1064,5.846153846153846,0.0045906656465187455,0.00306044376434583,0.00306044376434583,0.0,0.5195051627689199,0.26075914813335105,0.0,1.0,0.5009980531802163,0.28778279201770857,0.0,1.0,0.44752211735133934,0.309314628111992,0.0,1.0,0.25261834939254296,0.26324866378784595,0.0,1.0,18,0.16042780748663102,8.926661573720397,19
793,1312,884,12.965749474211323,89.53506097560975,9,6,3,3,952,0.7272727272727273,357,1063,0.812070282658518,0.8813025210084033,839,224,0.8813025210084033,0.6274509803921569,0.812070282658518,168,1031,6.136904761904762,0.006875477463712758,0.004583651642475172,0.002291825821237586,0.002291825821237586,0.517751770259638,0.2614820301954801,0.0,1.0,0.5031225413060583,0.2879438933888932,0.0,1.0,0.4466709284028324,0.3096521738840951,0.0,1.0,0.25295043273013373,0.26377770663126543,0.0,1.0,18,0.15929878048780488,8.922256097560975,19
794,1314,880,12.897543480761847,89.28767123287672,13,11,7,4,987,0.7522865853658537,325,1060,0.8079268292682927,0.8662613981762918,855,205,0.8662613981762918,0.6307692307692307,0.8079268292682927,175,1031,5.8914285714285715,0.009908536585365854,0.008384146341463415,0.005335365853658537,0.003048780487804878,0.5177493003387834,0.2618158582818422,0.0,1.0,0.5028968429321942,0.2884149579603903,0.0,1.0,0.4482250699661217,0.310488622186526,0.0,1.0,0.25295821672313057,0.26331243180557334,0.0,1.0,18,0.15753424657534246,8.937595129375952,19
795,1320,874,12.815763919592538,88.64545454545454,15,9,8,1,975,0.7420091324200914,339,1125,0.8561643835616438,0.8882051282051282,866,259,0.8882051282051282,0.7640117994100295,0.8561643835616438,177,1096,6.192090395480226,0.01141552511415525,0.00684931506849315,0.0060882800608828,0.00076103500761035,0.5174975562072337,0.2623628234510542,0.0,1.0,0.5012707722385141,0.2886067897666039,0.0,1.0,0.44816715542521995,0.30965799394867544,0.0,1.0,0.2531036168132942,0.2631041712977622,0.0,1.0,18,0.1553030303030303,8.956060606060607,19
796,1320,872,12.837368813034688,88.83560606060605,8,8,3,5,990,0.75,330,1120,0.8484848484848485,0.8929292929292929,884,236,0.8929292929292929,0.7151515151515152,0.8484848484848485,170,1088,6.4,0.006060606060606061,0.006060606060606061,0.0022727272727272726,0.003787878787878788,0.5159579667644183,0.2619618990943224,0.0,1.0,0.5017350928641251,0.2886644583337154,0.0,1.0,0.44860703812316716,0.31000606064391156,0.0,1.0,0.25254154447702837,0.2631603820326286,0.0,1.0,18,0.15378787878787878,8.978787878787879,20
797,1322,873,12.827795487060733,89.17473524962179,7,5,3,2,988,0.7484848484848485,332,1110,0.8409090909090909,0.8785425101214575,868,242,0.8785425101214575,0.7289156626506024,0.8409090909090909,178,1089,6.117977528089888,0.005303030303030303,0.003787878787878788,0.0022727272727272726,0.0015151515151515152,0.5159094236494071,0.2617846803059519,0.0,1.0,0.5016592650431897,0.2885180830627631,0.0,1.0,0.4498560343565468,0.3106576996178882,0.0,1.0,0.2516714655214484,0.2628516204175686,0.0,1.0,18,0.15279878971255673,8.978063540090771,20
798,1328,863,12.846530337330952,89.51280120481928,11,5,1,4,964,0.7291981845688351,358,1109,0.8388804841149773,0.8962655601659751,864,245,0.8962655601659751,0.6843575418994413,0.8388804841149773,177,1076,6.0790960451977405,0.00832072617246596,0.0037821482602118004,0.0007564296520423601,0.0030257186081694403,0.5169306257287214,0.26181474552315026,0.0,1.0,0.500923047026817,0.2880749686303969,0.0,1.0,0.4491109599689079,0.3105800867660557,0.0,1.0,0.2525262339681306,0.2626762785714396,0.0,1.0,18,0.15286144578313254,8.974397590361447,20
799,1330,863,12.820987032560023,89.69473684210526,9,7,4,3,993,0.7477409638554217,335,1123,0.8456325301204819,0.9023162134944612,896,227,0.9023162134944612,0.6776119402985075,0.8456325301204819,178,1101,6.185393258426966,0.00677710843373494,0.005271084337349397,0.0030120481927710845,0.002259036144578313,0.5174872665534804,0.2619398001620298,0.0,1.0,0.5007761338830948,0.28765548036039235,0.0,1.0,0.4481203007518797,0.3098486785706234,0.0,1.0,0.25204947853504733,0.26248600757615015,0.0,1.0,18,0.15263157894736842,8.985714285714286,20
800,1328,858,12.855570197026989,90.01731927710843,8,10,5,5,991,0.7451127819548872,339,1147,0.862406015037594,0.9091826437941474,901,246,0.9091826437941474,0.7256637168141593,0.862406015037594,179,1121,6.262569832402234,0.006015037593984963,0.007518796992481203,0.0037593984962406013,0.0037593984962406013,0.5173678585308977,0.26245273358107324,0.0,1.0,0.502939176059075,0.2882980093978157,0.0,1.0,0.4480664593859308,0.31025059098292707,0.0,1.0,0.2524290711232025,0.26327312306368617,0.0,1.0,18,0.15210843373493976,8.987951807228916,20
801,1329,860,12.826394234121578,90.14597441685478,9,8,4,4,1003,0.7552710843373494,325,1129,0.8501506024096386,0.9022931206380858,905,224,0.9022931206380858,0.6892307692307692,0.8501506024096386,177,1108,6.259887005649717,0.00677710843373494,0.006024096385542169,0.0030120481927710845,0.0030120481927710845,0.5171970193451297,0.26262169466778806,0.0,1.0,0.5029733731401248,0.28866456800511,0.0,1.0,0.44646714726085585,0.3092264607479721,0.0,1.0,0.2508313308575451,0.2626435125341157,0.0,1.0,18,0.15349887133182843,8.996990218209179,20
802,1329,856,12.839731411907229,90.39277652370203,7,7,5,2,982,0.7389014296463506,347,1083,0.8148984198645598,0.8879837067209776,872,211,0.8879837067209776,0.6080691642651297,0.8148984198645598,176,1055,5.994318181818182,0.005267118133935289,0.005267118133935289,0.003762227238525207,0.0015048908954100827,0.5170756571761451,0.26208645246341955,0.0,1.0,0.5006674919294157,0.28820406766134754,0.0,1.0,0.44510789096822734,0.30806430499457693,0.0,1.0,0.249714798902886,0.2617742273331307,0.0,1.0,18,0.15349887133182843,9.000752445447706,20
803,1333,855,12.757816137912272,90.29107276819205,14,10,5,5,1026,0.7720090293453724,303,1121,0.8434913468773514,0.8908382066276803,914,207,0.8908382066276803,0.6831683168316832,0.8434913468773514,175,1095,6.257142857142857,0.010534236267870579,0.007524454477050414,0.003762227238525207,0.003762227238525207,0.5160322338649178,0.26242889479841636,0.0,1.0,0.5011978801151901,0.28830757504300025,0.0,1.0,0.44524840887641265,0.308059673355503,0.0,1.0,0.2483604772160782,0.26111435180298975,0.0,1.0,18,0.15603900975243812,8.996249062265566,20
804,1338,853,12.720109143307234,90.39910313901345,12,7,3,4,1001,0.7509377344336085,332,1084,0.8132033008252063,0.8741258741258742,875,209,0.8741258741258742,0.6295180722891566,0.8132033008252063,177,1059,5.983050847457627,0.00900225056264066,0.005251312828207052,0.002250562640660165,0.003000750187546887,0.5152128839384734,0.2627931818189612,0.0,1.0,0.5002169824967453,0.28782921832318237,0.0,1.0,0.44447658999951783,0.3075384267468085,0.0,1.0,0.2489512512657312,0.2610446965879209,0.0,1.0,18,0.15695067264573992,8.98355754857997,20
805,1336,850,12.734293410921724,90.58607784431138,6,8,6,2,965,0.7212257100149477,373,1104,0.8251121076233184,0.877720207253886,847,257,0.877720207253886,0.6890080428954424,0.8251121076233184,180,1081,6.0055555555555555,0.004484304932735426,0.005979073243647235,0.004484304932735426,0.0014947683109118087,0.5150907861695962,0.26305598686415477,0.0,1.0,0.4997826926791578,0.2879844078577843,0.0,1.0,0.4438622754491018,0.3074258802002061,0.0,1.0,0.24896175391153177,0.26113773964447456,0.0,1.0,18,0.156437125748503,8.982784431137725,20
806,1333,852,12.741425210507995,90.94448612153039,5,8,5,3,1007,0.7537425149700598,329,1107,0.8285928143712575,0.887785501489573,894,213,0.887785501489573,0.6474164133738601,0.8285928143712575,172,1081,6.284883720930233,0.0037425149700598802,0.005988023952095809,0.0037425149700598802,0.002245508982035928,0.5159596350700578,0.2633212210466907,0.0,1.0,0.49952810783340995,0.28817697358716005,0.0,1.0,0.4423444570820124,0.30678475675700945,0.0,1.0,0.24838467681436485,0.26134385496236484,0.0,1.0,18,0.15753938484621155,8.97974493623406,20
807,1334,850,12.727843770277548,91.19940029985007,10,9,4,5,990,0.7426856714178545,343,1111,0.8334583645911477,0.8888888888888888,880,231,0.8888888888888888,0.673469387755102,0.8334583645911477,176,1085,6.1647727272727275,0.007501875468867217,0.006751687921980495,0.003000750187546887,0.0037509377344336083,0.5157663103931904,0.263370441967353,0.0,1.0,0.500628717899115,0.28755945353493984,0.0,1.0,0.4422304976543986,0.3075817918139331,0.0,1.0,0.24810175557382597,0.2613873522508688,0.0,1.0,18,0.15667166416791603,8.986506746626686,20
808,1332,859,12.700897275047165,91.48798798798799,6,8,5,3,1010,0.7571214392803598,324,1100,0.8245877061469266,0.8960396039603961,905,195,0.8960396039603961,0.6018518518518519,0.8245877061469266,167,1076,6.4431137724550895,0.004497751124437781,0.005997001499250375,0.0037481259370314842,0.0022488755622188904,0.5147970551196358,0.26357683355043354,0.0,1.0,0.5008960573476702,0.2874316170598628,0.0,1.0,0.4418289256998934,0.3075159396665248,0.0,1.0,0.2481110142400465,0.26131971476643123,0.0,1.0,18,0.1569069069069069,8.991741741741741,20
809,1327,854,12.69821350183505,91.33006782215524,8,13,9,4,1013,0.7605105105105106,319,1119,0.8400900900900901,0.8993089832181639,911,208,0.8993089832181639,0.6520376175548589,0.8400900900900901,179,1093,6.106145251396648,0.006006006006006006,0.00975975975975976,0.006756756756756757,0.003003003003003003,0.515399761771641,0.2639044974603636,0.0,1.0,0.4997204463135377,0.2880102962568751,0.0,1.0,0.44162189756180564,0.30759323157166973,0.0,1.0,0.24814643751367382,0.26108629649349907,0.0,1.0,18,0.15599095704596835,8.982667671439337,20
810,1329,859,12.6253203407674,91.23325808878856,10,8,5,3,1034,0.7792012057272042,293,1137,0.8568198944988696,0.902321083172147,933,204,0.902321083172147,0.6962457337883959,0.8568198944988696,176,1118,6.3522727272727275,0.007535795026375283,0.006028636021100226,0.0037678975131876413,0.002260738507912585,0.5163232117284401,0.26412510095345204,0.0,1.0,0.4994538702395689,0.28832926702636796,0.0,1.0,0.44285055462511225,0.30742695033160633,0.0,1.0,0.24804000097089735,0.2606346928907315,0.0,1.0,18,0.15500376222723852,8.997742663656885,20
811,1323,857,12.688250947286258,91.45578231292517,5,11,7,4,979,0.7366440933032355,350,1119,0.8419864559819413,0.8804902962206334,862,257,0.8804902962206334,0.7342857142857143,0.8419864559819413,176,1093,6.2102272727272725,0.003762227238525207,0.008276899924755455,0.005267118133935289,0.0030097817908201654,0.5142028137419842,0.2637832856564585,0.0,1.0,0.500768049155146,0.28759928538484275,0.0,1.0,0.44225001828688465,0.3074558030222831,0.0,1.0,0.24750688805988344,0.2600399923503057,0.0,1.0,18,0.15570672713529857,8.996220710506424,20
812,1322,857,12.647486265751857,91.44629349470499,8,9,7,2,1002,0.7573696145124716,321,1107,0.8367346938775511,0.8892215568862275,891,216,0.8892215568862275,0.6728971962616822,0.8367346938775511,171,1078,6.304093567251462,0.006046863189720333,0.006802721088435374,0.005291005291005291,0.0015117157974300832,0.5141525547801474,0.2639959919291805,0.0,1.0,0.5010492411302523,0.28719748773674203,0.0,1.0,0.4415841100971158,0.3065835078375751,0.0,1.0,0.24666926943536188,0.2598730474208616,0.0,1.0,18,0.15658093797276854,8.993948562783661,20
813,1322,853,12.624539037776744,91.5196671709531,10,10,6,4,1022,0.773071104387292,300,1126,0.8517397881996974,0.901174168297456,921,205,0.901174168297456,0.6833333333333333,0.8517397881996974,174,1096,6.2988505747126435,0.007564296520423601,0.007564296520423601,0.0045385779122541605,0.0030257186081694403,0.5142501586062174,0.26442570376008623,0.0,1.0,0.5013908545214972,0.286499044600694,0.0,1.0,0.44087648235810845,0.30706110163896455,0.0,1.0,0.24725489239178175,0.25951011499457455,0.0,1.0,18,0.15658093797276854,8.978819969742814,20
814,1316,847,12.599456772540332,91.43313069908815,9,15,9,6,1022,0.773071104387292,300,1115,0.8434190620272315,0.8923679060665362,912,203,0.8923679060665362,0.6766666666666666,0.8434190620272315,179,1088,6.078212290502793,0.00680786686838124,0.0113464447806354,0.00680786686838124,0.0045385779122541605,0.5132365918227277,0.2635691887282315,0.0,1.0,0.5015932934601431,0.286249204044372,0.0,1.0,0.4396754583782724,0.30664994329833045,0.0,1.0,0.24512207079125403,0.25841076091782145,0.0,1.0,18,0.15881458966565348,8.990121580547113,20
815,1312,847,12.63798672131353,91.75533536585365,5,9,5,4,977,0.7424012158054711,339,1115,0.8472644376899696,0.901740020470829,881,234,0.901740020470829,0.6902654867256637,0.8472644376899696,179,1094,6.111731843575419,0.003799392097264438,0.006838905775075988,0.003799392097264438,0.00303951367781155,0.5128343823760818,0.2634998666468455,0.0,1.0,0.5015489771833201,0.28607758361636354,0.0,1.0,0.44017997639653816,0.30664073727468266,0.0,1.0,0.24498426435877263,0.2579911759104194,0.0,1.0,18,0.15853658536585366,8.990091463414634,20
816,1304,852,12.662284321291501,91.73466257668711,5,13,8,5,989,0.7538109756097561,323,1096,0.8353658536585366,0.9029322548028311,893,203,0.9029322548028311,0.628482972136223,0.8353658536585366,172,1073,6.238372093023256,0.0038109756097560975,0.009908536585365854,0.006097560975609756,0.0038109756097560975,0.5117009697209578,0.26390825183824884,0.0,1.0,0.5020532357015633,0.28586680796909764,0.0,1.0,0.4394913912527212,0.30664408299751406,0.0,1.0,0.2443350484860479,0.2580069704250662,0.0,1.0,18,0.15874233128834356,8.985429447852761,20
817,1302,858,12.705312044158763,92.45238095238095,6,8,2,6,993,0.7615030674846626,311,1061,0.8136503067484663,0.8721047331319235,866,195,0.8721047331319235,0.6270096463022508,0.8136503067484663,182,1049,5.763736263736264,0.004601226993865031,0.006134969325153374,0.0015337423312883436,0.004601226993865031,0.5113473068728012,0.2642529986328041,0.0,1.0,0.5017590803230761,0.28590870900057963,0.0,1.0,0.43994351122342795,0.3067814946405322,0.0,1.0,0.24438828601159507,0.2581697489195791,0.0,1.0,18,0.15898617511520738,8.986175115207374,20
818,1301,861,12.736013129293081,92.83551114527286,6,7,4,3,959,0.7365591397849462,343,1102,0.8463901689708141,0.8915537017726799,855,247,0.8915537017726799,0.7201166180758017,0.8463901689708141,178,1083,6.084269662921348,0.004608294930875576,0.005376344086021506,0.0030721966205837174,0.002304147465437788,0.5111948625127073,0.2645695248982333,0.0,1.0,0.5019215987701768,0.28566180712526984,0.0,1.0,0.43968659343928984,0.30643584402736634,0.0,1.0,0.2449728496689891,0.25855949716355703,0.0,1.0,18,0.15987701767870868,8.991544965411222,20
819,1301,864,12.724828590869464,93.0053804765565,7,7,5,2,1016,0.7809377401998463,285,1092,0.8393543428132206,0.8966535433070866,911,181,0.8966535433070866,0.6350877192982456,0.8393543428132206,178,1073,6.02808988764045,0.005380476556495004,0.005380476556495004,0.003843197540353574,0.0015372790161414297,0.5103518385361137,0.26447686461939995,0.0,1.0,0.5033101088492722,0.2855538742998651,0.0,1.0,0.4390171332225831,0.3068537974331834,0.0,1.0,0.24437777392080534,0.2588038806992372,0.0,1.0,18,0.1606456571867794,8.996156802459646,20
820,1301,862,12.761448507431828,93.51729438893159,4,4,3,1,997,0.7663335895465027,304,1136,0.8731744811683321,0.9197592778335005,917,219,0.9197592778335005,0.7203947368421053,0.8731744811683321,177,1111,6.27683615819209,0.0030745580322828594,0.0030745580322828594,0.0023059185242121443,0.0007686395080707148,0.5109965039299794,0.2646171404326256,0.0,1.0,0.5019959832386998,0.2857816689019401,0.0,1.0,0.43869480052565024,0.307263689307898,0.0,1.0,0.24452654285785128,0.2588302471754542,0.0,1.0,18,0.15987701767870868,8.996156802459646,20
821,1297,868,12.772324138677082,93.4579799537394,7,11,8,3,984,0.7563412759415834,317,1120,0.8608762490392006,0.9126016260162602,898,222,0.9126016260162602,0.7003154574132492,0.8608762490392006,184,1110,6.032608695652174,0.005380476556495004,0.008455034588777863,0.006149116064565719,0.0023059185242121443,0.5102842788569155,0.2646922031079907,0.0,1.0,0.5033451886487428,0.28685205409002257,0.0,1.0,0.43935135672892783,0.3082311012969219,0.0,1.0,0.24562887059467256,0.26072023637372915,0.0,1.0,17,0.15882806476484193,8.993831919814957,20
822,1295,879,12.787203924913044,94.20772200772201,4,6,2,4,996,0.7679259830377795,301,1075,0.8288357748650732,0.8855421686746988,882,193,0.8855421686746988,0.6411960132890365,0.8288357748650732,172,1058,6.151162790697675,0.0030840400925212026,0.004626060138781804,0.0015420200462606013,0.0030840400925212026,0.5107734462573172,0.2648553897314931,0.0,1.0,0.5020052310374892,0.2866931715562299,0.0,1.0,0.4387345871216839,0.3077296334323935,0.0,1.0,0.24551002615518744,0.2601451939157119,0.0,1.0,17,0.15907335907335907,8.986100386100386,20
823,1295,880,12.709824203730335,93.73359073359073,11,11,9,2,993,0.7667953667953668,302,1102,0.850965250965251,0.9083585095669687,902,200,0.9083585095669687,0.6622516556291391,0.850965250965251,175,1078,6.16,0.008494208494208495,0.008494208494208495,0.0069498069498069494,0.0015444015444015444,0.5099514260804583,0.26442301500605847,0.0,1.0,0.5026030638933865,0.2863658598826764,0.0,1.0,0.43806202515879933,0.30753749311852213,0.0,1.0,0.24508656121559347,0.25992200030278617,0.0,1.0,17,0.1613899613899614,8.998455598455598,20
824,1291,884,12.743144634012658,94.16498838109992,4,8,5,3,972,0.7505791505791506,323,1121,0.8656370656370657,0.918724279835391,893,228,0.918724279835391,0.7058823529411765,0.8656370656370657,178,1103,6.196629213483146,0.003088803088803089,0.006177606177606178,0.003861003861003861,0.0023166023166023165,0.5095824692036681,0.2643423656162792,0.0,1.0,0.5016366407635992,0.2863818161526445,0.0,1.0,0.4387196721721096,0.30731967690905315,0.0,1.0,0.24554608830364058,0.2601093623414501,0.0,1.0,17,0.1611154144074361,9.004647560030984,20
825,1290,889,12.738976493126234,94.56666666666666,7,8,3,5,999,0.7738187451587917,292,1085,0.8404337722695585,0.8958958958958959,895,190,0.8958958958958959,0.6506849315068494,0.8404337722695585,175,1065,6.085714285714285,0.005422153369481022,0.006196746707978312,0.0023237800154918666,0.0038729666924864447,0.5100275068767192,0.2645043088345404,0.0,1.0,0.5008502125531383,0.28579674229943275,0.0,1.0,0.4379094773693423,0.30710464134524096,0.0,1.0,0.2439109777444361,0.25817961614165225,0.0,1.0,17,0.162015503875969,8.99922480620155,20
826,1295,890,12.659886389076966,94.25405405405405,14,9,5,4,968,0.7503875968992249,322,1121,0.8689922480620155,0.9111570247933884,882,239,0.9111570247933884,0.7422360248447205,0.8689922480620155,175,1097,6.268571428571429,0.010852713178294573,0.0069767441860465115,0.003875968992248062,0.0031007751937984496,0.5094781417362062,0.26418199216021526,0.0,1.0,0.5001120936604807,0.2863580268475142,0.0,1.0,0.43783783783783786,0.3058204906590857,0.0,1.0,0.24316851413625606,0.2567187758650409,0.0,1.0,17,0.16061776061776062,9.003861003861005,20
827,1292,886,12.67781709571751,94.20278637770897,8,11,8,3,981,0.7575289575289575,314,1124,0.8679536679536679,0.9184505606523955,901,223,0.9184505606523955,0.7101910828025477,0.8679536679536679,177,1097,6.19774011299435,0.006177606177606178,0.008494208494208495,0.006177606177606178,0.0023166023166023165,0.5099121142514731,0.2643957270345862,0.0,1.0,0.5008988315190253,0.28679177940449196,0.0,1.0,0.4388045540796964,0.30577583590138124,0.0,1.0,0.24365824428243285,0.2572319333888871,0.0,1.0,17,0.1586687306501548,9.026315789473685,20
828,1286,883,12.707459700607036,94.25583203732504,6,12,8,4,980,0.7585139318885449,312,1138,0.8808049535603715,0.9255102040816326,907,231,0.9255102040816326,0.7403846153846154,0.8808049535603715,177,1112,6.2824858757062145,0.0046439628482972135,0.009287925696594427,0.006191950464396285,0.0030959752321981426,0.5103346209802839,0.26489039060388886,0.0,1.0,0.5009531931972107,0.28634936414505535,0.0,1.0,0.4380173581498018,0.3053142089854937,0.0,1.0,0.24283850900516732,0.25671033260401316,0.0,1.0,17,0.1594090202177294,9.030326594090202,20
829,1288,882,12.68765017519051,93.91614906832298,11,9,5,4,985,0.7659409020217729,301,1103,0.8576982892690513,0.9279187817258884,914,189,0.9279187817258884,0.627906976744186,0.8576982892690513,169,1071,6.337278106508876,0.008553654743390357,0.006998444790046656,0.0038880248833592537,0.003110419906687403,0.5107192947305149,0.2645934770884756,0.0,1.0,0.5001753155680224,0.28603600127909634,0.0,1.0,0.4380384692446404,0.30536341285491353,0.0,1.0,0.24261170106191146,0.25601746777727413,0.0,1.0,16,0.15993788819875776,9.042701863354038,20
830,1290,887,12.64723277634898,94.00697674418605,10,8,4,4,967,0.7507763975155279,321,1099,0.8532608695652174,0.9069286452947259,877,222,0.9069286452947259,0.6915887850467289,0.8532608695652174,167,1071,6.413173652694611,0.007763975155279503,0.006211180124223602,0.003105590062111801,0.003105590062111801,0.5100525131282821,0.2653984540128766,0.0,1.0,0.4994248562140535,0.28502019345663404,0.0,1.0,0.43715928982245555,0.3058647467011515,0.0,1.0,0.2406851712928232,0.25475902859357075,0.0,1.0,16,0.16124031007751938,9.048837209302325,20
831,1289,882,12.695479201122359,94.21955003878976,7,8,5,3,968,0.7503875968992249,322,1068,0.827906976744186,0.9018595041322314,873,195,0.9018595041322314,0.6055900621118012,0.827906976744186,186,1049,5.639784946236559,0.005426356589147287,0.006201550387596899,0.003875968992248062,0.002325581395348837,0.5094221577116544,0.2648393107591507,0.0,1.0,0.49948697414850224,0.2848132179015588,0.0,1.0,0.43727320503516104,0.3061432918546057,0.0,1.0,0.2414725093220551,0.2550563944892325,0.0,1.0,16,0.15981380915438323,9.040341349883631,20
832,1288,884,12.664340481246986,94.22593167701864,6,7,7,0,1001,0.7765709852598914,288,1114,0.8642358417377812,0.9070929070929071,908,206,0.9070929070929071,0.7152777777777778,0.8642358417377812,176,1092,6.204545454545454,0.004654771140418929,0.005430566330488751,0.005430566330488751,0.0,0.5094419955920657,0.2645688580238508,0.0,1.0,0.5001001803245843,0.2848359362369236,0.0,1.0,0.43681126026848327,0.30610054221769945,0.0,1.0,0.24178521338409137,0.25522501790020535,0.0,1.0,16,0.16071428571428573,9.048136645962733,20
833,1294,885,12.627964252445484,94.14296754250387,10,4,3,1,993,0.7709627329192547,295,1106,0.8586956521739131,0.9133937562940584,907,199,0.9133937562940584,0.6745762711864407,0.8586956521739131,176,1083,6.153409090909091,0.007763975155279503,0.003105590062111801,0.002329192546583851,0.0007763975155279503,0.5101959415665354,0.26475871886331,0.0,1.0,0.4993767761878645,0.2851113865989161,0.0,1.0,0.4358079473500523,0.3058183791441035,0.0,1.0,0.24238420501570523,0.254700947257927,0.0,1.0,16,0.15996908809891808,9.053323029366306,20
834,1288,890,12.60717560557105,94.18788819875776,9,15,7,8,1008,0.7789799072642968,286,1088,0.8408037094281299,0.8888888888888888,896,192,0.8888888888888888,0.6713286713286714,0.8408037094281299,178,1071,6.01685393258427,0.006955177743431221,0.011591962905718702,0.005409582689335394,0.0061823802163833074,0.5110699258665597,0.2653565528091271,0.0,1.0,0.4989981967541575,0.2850156643875505,0.0,1.0,0.4356341414546183,0.3059212158721816,0.0,1.0,0.24098377078741734,0.253858479394019,0.0,1.0,16,0.16071428571428573,9.06832298136646,20
835,1295,883,12.629635034205403,94.4972972972973,8,1,1,0,953,0.7399068322981367,335,1090,0.8462732919254659,0.8992654774396642,857,233,0.8992654774396642,0.6955223880597015,0.8462732919254659,179,1062,5.932960893854749,0.006211180124223602,0.0007763975155279503,0.0007763975155279503,0.0,0.511520737327189,0.26530897013982957,0.0,1.0,0.49906588616266034,0.285538788894908,0.0,1.0,0.43671690123303025,0.30568252164136794,0.0,1.0,0.24052808568937603,0.253448067576726,0.0,1.0,16,0.15907335907335907,9.07953667953668,20
836,1294,885,12.627122188726695,94.68778979907265,6,7,4,3,1011,0.7806949806949807,284,1093,0.844015444015444,0.8951533135509396,905,188,0.8951533135509396,0.6619718309859155,0.844015444015444,169,1064,6.295857988165681,0.004633204633204633,0.005405405405405406,0.003088803088803089,0.0023166023166023165,0.5109188811886125,0.26475115242197667,0.0,1.0,0.49877848132821456,0.2859093594318391,0.0,1.0,0.437403400309119,0.3059308350479227,0.0,1.0,0.24056439148426983,0.25329510150255535,0.0,1.0,16,0.15919629057187018,9.082689335394127,20
837,1291,886,12.639451251828222,94.46320681642138,9,12,8,4,954,0.7372488408037094,340,1097,0.847758887171561,0.8941299790356394,853,244,0.8941299790356394,0.7176470588235294,0.847758887171561,176,1074,6.1022727272727275,0.006955177743431221,0.00927357032457496,0.0061823802163833074,0.0030911901081916537,0.5107318657704705,0.2646913152566782,0.0,1.0,0.5011618900077459,0.2864769992600662,0.0,1.0,0.4382948951800305,0.3074261254134698,0.0,1.0,0.23982409235151547,0.25384029792064283,0.0,1.0,16,0.15801704105344694,9.099147947327653,20
838,1289,894,12.633293453879741,94.41660201706749,8,10,7,3,958,0.7420604182804028,333,1065,0.8249419054996127,0.8778705636743215,841,224,0.8778705636743215,0.6726726726726727,0.8249419054996127,167,1040,6.227544910179641,0.006196746707978312,0.0077459333849728895,0.005422153369481022,0.0023237800154918666,0.5120498510973748,0.2656004287270827,0.0,1.0,0.502440001001026,0.28695781318677127,0.0,1.0,0.4376235641532571,0.30728860364409694,0.0,1.0,0.23932030331089368,0.25414288310301403,0.0,1.0,16,0.15748642358417378,9.100853374709077,20
839,1283,899,12.623780310813851,94.44427123928293,7,13,7,6,1021,0.7920868890612878,268,1111,0.8619084561675717,0.9089128305582762,928,183,0.9089128305582762,0.6828358208955224,0.8619084561675717,176,1092,6.204545454545454,0.005430566330488751,0.01008533747090768,0.005430566330488751,0.004654771140418929,0.513388479621854,0.2667067664118968,0.0,1.0,0.5033816910969754,0.2872128873715512,0.0,1.0,0.4349181605611847,0.3066098458045382,0.0,1.0,0.2381263671334825,0.25311879608548216,0.0,1.0,16,0.15666406858924395,9.102104442712394,20
840,1286,897,12.651631605120073,94.8615863141524,6,3,2,1,980,0.7638347622759158,303,1086,0.8464536243180046,0.9040816326530612,886,200,0.9040816326530612,0.6600660066006601,0.8464536243180046,179,1063,5.93854748603352,0.004676539360872954,0.002338269680436477,0.001558846453624318,0.000779423226812159,0.5113881503035168,0.2666375973683172,0.0,1.0,0.5027341594341043,0.2869561018449368,0.0,1.0,0.43611097175538055,0.30691269866675663,0.0,1.0,0.23847388752320273,0.2526918584111863,0.0,1.0,16,0.15629860031104198,9.105754276827371,20
841,1283,902,12.690170110693403,95.35463756819954,5,8,4,4,967,0.7519440124416796,319,1114,0.8662519440124417,0.9203722854188211,890,224,0.9203722854188211,0.7021943573667712,0.8662519440124417,177,1096,6.192090395480226,0.0038880248833592537,0.006220839813374806,0.003110419906687403,0.003110419906687403,0.5112010660498328,0.26666467266450616,0.0,1.0,0.5035828325748624,0.2870889951634089,0.0,1.0,0.43582329721167623,0.3068666598142547,0.0,1.0,0.23840293666557716,0.25294651496755266,0.0,1.0,16,0.1558846453624318,9.10132501948558,20
842,1286,902,12.704076361166829,95.66407465007777,7,4,3,1,994,0.774746687451286,289,1087,0.8472330475448169,0.9114688128772636,906,181,0.9114688128772636,0.6262975778546713,0.8472330475448169,175,1062,6.0685714285714285,0.005455962587685113,0.003117692907248636,0.002338269680436477,0.000779423226812159,0.5100085285707119,0.2658177009999794,0.0,1.0,0.5034866803792706,0.28671097608266016,0.0,1.0,0.4361611398183916,0.3064614260495855,0.0,1.0,0.23774645060954197,0.25277689707587275,0.0,1.0,16,0.15629860031104198,9.105754276827371,20
843,1288,901,12.725407430085973,96.02018633540372,6,4,3,1,949,0.7379471228615864,337,1098,0.8538102643856921,0.9178082191780822,871,227,0.9178082191780822,0.6735905044510386,0.8538102643856921,177,1074,6.067796610169491,0.004665629860031105,0.003110419906687403,0.0023328149300155523,0.0007776049766718507,0.5100681226207173,0.266456740509668,0.0,1.0,0.5055600080144259,0.28692683386057743,0.0,1.0,0.436686034862753,0.30683918586551295,0.0,1.0,0.2372270086155079,0.25313131782956944,0.0,1.0,16,0.15605590062111802,9.10947204968944,20
844,1281,908,12.700741361533069,95.967993754879,6,13,9,4,1028,0.7981366459627329,260,1104,0.8571428571428571,0.9075875486381323,933,171,0.9075875486381323,0.6576923076923077,0.8571428571428571,173,1084,6.265895953757226,0.004658385093167702,0.010093167701863354,0.006987577639751553,0.003105590062111801,0.5089773614363778,0.26650569232225163,0.0,1.0,0.5038906096547556,0.2874016334210685,0.0,1.0,0.43683110473168646,0.3057507078668545,0.0,1.0,0.23610586487371257,0.2520135158715478,0.0,1.0,16,0.15456674473067916,9.123341139734583,20
845,1283,917,12.712794888866075,96.37412314886984,8,6,1,5,945,0.7377049180327869,336,1071,0.8360655737704918,0.9037037037037037,854,217,0.9037037037037037,0.6458333333333334,0.8360655737704918,179,1059,5.916201117318436,0.00624512099921936,0.00468384074941452,0.00078064012490242,0.0039032006245121,0.5084856560983582,0.2662170648246026,0.0,1.0,0.5054182485605814,0.28746396636583543,0.0,1.0,0.43793528272948984,0.3061531835272426,0.0,1.0,0.23538581449727203,0.25154220067726524,0.0,1.0,16,0.15510522213561964,9.120810600155885,20
846,1277,917,12.778041422135427,96.5097885669538,5,11,7,4,973,0.7583787996882307,310,1125,0.8768511301636789,0.9146968139773896,890,235,0.9146968139773896,0.7580645161290323,0.8768511301636789,179,1104,6.167597765363128,0.003897116134060795,0.00857365549493375,0.005455962587685113,0.003117692907248636,0.5097380453179073,0.26625310742073266,0.0,1.0,0.5048121858185768,0.2873884900990792,0.0,1.0,0.4357743703741127,0.3054900555868993,0.0,1.0,0.23596130042690783,0.25193456298807465,0.0,1.0,16,0.15505090054815976,9.119812059514487,20
847,1279,918,12.736436387541396,96.53713838936669,8,6,5,1,1014,0.7940485512920908,263,1080,0.845732184808144,0.8984220907297831,911,169,0.8984220907297831,0.6425855513307985,0.845732184808144,174,1055,6.063218390804598,0.006264682850430697,0.004698512137823023,0.003915426781519186,0.0007830853563038371,0.5098993669449419,0.2665038199648626,0.0,1.0,0.5058639562157936,0.2872977595892068,0.0,1.0,0.4358748013821282,0.3056299053839492,0.0,1.0,0.23619763424046006,0.2534058360182921,0.0,1.0,16,0.15559030492572323,9.12900703674746,20
848,1275,919,12.777317341820524,96.92235294117647,7,11,5,6,989,0.7732603596559813,290,1117,0.8733385457388585,0.910010111223458,900,217,0.910010111223458,0.7482758620689656,0.8733385457388585,173,1091,6.30635838150289,0.00547302580140735,0.008600469116497263,0.003909304143862392,0.004691164972634871,0.509753320683112,0.266613907383912,0.0,1.0,0.5075774826059456,0.2873889264821686,0.0,1.0,0.4355724225173941,0.3059531755185573,0.0,1.0,0.23585072738772928,0.2542497699924959,0.0,1.0,16,0.15764705882352942,9.130196078431373,20
849,1278,925,12.728791897748776,96.92097026604068,9,6,5,1,946,0.7419607843137255,329,1072,0.8407843137254902,0.9027484143763214,854,218,0.9027484143763214,0.662613981762918,0.8407843137254902,171,1049,6.1345029239766085,0.007058823529411765,0.004705882352941176,0.00392156862745098,0.000784313725490196,0.5089100913726085,0.2661873432097243,0.0,1.0,0.5095411176737846,0.28806693985778603,0.0,1.0,0.4356605583320713,0.30586647370869663,0.0,1.0,0.23615528295219346,0.25432776324510775,0.0,1.0,16,0.1564945226917058,9.140845070422536,20
850,1282,927,12.686446009945,96.8034321372855,12,8,5,3,970,0.758998435054773,308,1087,0.8505477308294209,0.9030927835051547,876,211,0.9030927835051547,0.685064935064935,0.8505477308294209,175,1064,6.08,0.009389671361502348,0.006259780907668232,0.003912363067292645,0.002347417840375587,0.5082532333551407,0.266294375147642,0.0,1.0,0.5090835891500176,0.28847544730773034,0.0,1.0,0.43636455135624774,0.306066048794664,0.0,1.0,0.23660107694630364,0.2555763026189794,0.0,1.0,16,0.15834633385335414,9.15210608424337,20
851,1281,928,12.736555929556658,97.18501170960188,4,5,4,1,966,0.7535101404056163,316,1122,0.875195007800312,0.9109730848861284,880,242,0.9109730848861284,0.7658227848101266,0.875195007800312,175,1098,6.274285714285714,0.0031201248049922,0.0039001560062402497,0.0031201248049922,0.00078003120124805,0.5081967213114754,0.2661007636230284,0.0,1.0,0.5089269975573518,0.28818423921211733,0.0,1.0,0.43592455490921905,0.3058835131536959,0.0,1.0,0.23706277857520586,0.25611027114856744,0.0,1.0,16,0.15846994535519127,9.156128024980484,20
852,1282,929,12.754587566305963,97.2792511700468,10,9,4,5,947,0.7392661982825918,334,1108,0.8649492583918813,0.9218585005279831,873,235,0.9218585005279831,0.7035928143712575,0.8649492583918813,177,1086,6.135593220338983,0.0078064012490242,0.00702576112412178,0.00312256049960968,0.0039032006245121,0.5070454431080469,0.2663778252995306,0.0,1.0,0.509159076040461,0.28780825275893596,0.0,1.0,0.435433546374113,0.3058842697573472,0.0,1.0,0.23798500327109862,0.25676423877608584,0.0,1.0,16,0.15912636505460218,9.159126365054602,20
853,1288,923,12.726419440607721,97.15916149068323,11,5,4,1,968,0.7550702028081123,314,1122,0.875195007800312,0.9266528925619835,897,225,0.9266528925619835,0.7165605095541401,0.875195007800312,180,1096,6.088888888888889,0.00858034321372855,0.0039001560062402497,0.0031201248049922,0.00078003120124805,0.5077639751552795,0.26710610392640566,0.0,1.0,0.50954217591665,0.287873552324681,0.0,1.0,0.4336054898817872,0.3055878334247955,0.0,1.0,0.23695151272290121,0.2566475416228321,0.0,1.0,16,0.15916149068322982,9.159937888198758,20
854,1286,928,12.76604621206906,97.51944012441679,3,5,5,0,939,0.7290372670807453,349,1134,0.8804347826086957,0.9201277955271565,864,270,0.9201277955271565,0.7736389684813754,0.8804347826086957,176,1115,6.3352272727272725,0.002329192546583851,0.0038819875776397515,0.0038819875776397515,0.0,0.5073496212311243,0.2672219241734844,0.0,1.0,0.5095319319721066,0.28764183987668407,0.0,1.0,0.434054081171926,0.30562599332747237,0.0,1.0,0.23696884563287013,0.25676788649849797,0.0,1.0,16,0.1594090202177294,9.173405909797824,20
855,1285,940,12.763990034488783,97.89416342412451,5,6,4,2,974,0.7573872472783826,312,1091,0.8483670295489891,0.9086242299794661,885,206,0.9086242299794661,0.6602564102564102,0.8483670295489891,172,1075,6.25,0.0038880248833592537,0.004665629860031105,0.003110419906687403,0.0015552099533437014,0.5069411321702021,0.26699095765567876,0.0,1.0,0.5095016944897703,0.2878558046560233,0.0,1.0,0.43409062382327096,0.3056917546918247,0.0,1.0,0.23805698506338646,0.2578458247622339,0.0,1.0,16,0.15953307392996108,9.185992217898832,20
856,1277,941,12.853999092528218,98.58809710258419,3,11,4,7,993,0.7727626459143969,292,1087,0.8459143968871595,0.8892245720040282,883,204,0.8892245720040282,0.6986301369863014,0.8459143968871595,179,1067,5.960893854748603,0.0023346303501945525,0.008560311284046693,0.0031128404669260703,0.005447470817120622,0.505014272362139,0.266640771725649,0.0,1.0,0.5092075681410564,0.28778004547944613,0.0,1.0,0.4341071563897239,0.3055937700885987,0.0,1.0,0.2385884254932175,0.2581142466635204,0.0,1.0,16,0.16053249804228661,9.186374314800313,20
857,1272,949,12.87936445690487,98.92845911949685,4,9,6,3,1013,0.793265465935787,264,1089,0.8527799530148786,0.9022704837117473,914,175,0.9022704837117473,0.6628787878787878,0.8527799530148786,174,1071,6.155172413793103,0.0031323414252153485,0.007047768206734534,0.004698512137823023,0.0023492560689115116,0.5057313856766078,0.2662309848423439,0.0,1.0,0.5088760397646581,0.28794547531041426,0.0,1.0,0.43431730574152977,0.305042001124552,0.0,1.0,0.23889227023737067,0.25795779018582027,0.0,1.0,16,0.16037735849056603,9.195754716981131,20
858,1272,942,12.921719897870135,99.07232704402516,6,6,5,1,956,0.7515723270440252,316,1102,0.8663522012578616,0.9267782426778243,886,216,0.9267782426778243,0.6835443037974683,0.8663522012578616,184,1079,5.864130434782608,0.0047169811320754715,0.0047169811320754715,0.003930817610062893,0.0007861635220125787,0.5050466626090484,0.266075797036278,0.0,1.0,0.5087492391965917,0.28772482839427543,0.0,1.0,0.4331761006289308,0.304522832436898,0.0,1.0,0.23894299046459727,0.2584558009773462,0.0,1.0,16,0.16037735849056603,9.202044025157234,20
859,1278,947,12.872355948026154,99.16823161189359,11,5,2,3,955,0.7507861635220126,317,1070,0.8411949685534591,0.8942408376963351,854,216,0.8942408376963351,0.6813880126182965,0.8411949685534591,175,1050,6.0,0.008647798742138365,0.003930817610062893,0.0015723270440251573,0.0023584905660377358,0.5033823009743047,0.26663883378146813,0.0,1.0,0.5090362966328437,0.2870610873389268,0.0,1.0,0.43391892574082486,0.30512957376644184,0.0,1.0,0.2396637891867333,0.2586462377629658,0.0,1.0,16,0.16040688575899845,9.21205007824726,20
860,1276,951,12.872749716685137,99.23119122257053,7,9,6,3,944,0.7386541471048513,334,1087,0.8505477308294209,0.902542372881356,852,235,0.902542372881356,0.7035928143712575,0.8505477308294209,168,1059,6.303571428571429,0.005477308294209703,0.007042253521126761,0.004694835680751174,0.002347417840375587,0.5030589543937708,0.2666246466953172,0.0,1.0,0.5088229345737688,0.2874396822748217,0.0,1.0,0.43495297805642635,0.3053528027570642,0.0,1.0,0.2395085448478107,0.25864181280970033,0.0,1.0,16,0.1614420062695925,9.22257053291536,20
861,1270,950,12.899828518526116,99.01811023622047,6,12,9,3,981,0.7688087774294671,295,1074,0.841692789968652,0.9021406727828746,885,189,0.9021406727828746,0.6406779661016949,0.841692789968652,177,1050,5.932203389830509,0.004702194357366771,0.009404388714733543,0.007053291536050157,0.0023510971786833857,0.5011430022860046,0.26546091195824145,0.0,1.0,0.5085852171704344,0.2871978487385436,0.0,1.0,0.4350520701041402,0.3053155585720262,0.0,1.0,0.23947167894335789,0.25799480157314086,0.0,1.0,16,0.16141732283464566,9.222047244094489,20
862,1273,959,12.830958900583441,98.84917517674783,11,8,6,2,960,0.7559055118110236,310,1084,0.8535433070866142,0.9125,876,208,0.9125,0.6709677419354839,0.8535433070866142,169,1062,6.284023668639053,0.008661417322834646,0.006299212598425197,0.004724409448818898,0.0015748031496062992,0.500772875858399,0.2651411685308305,0.0,1.0,0.5083495932899171,0.28674440484679115,0.0,1.0,0.43369738742619673,0.3050267096377998,0.0,1.0,0.23992093860071462,0.25855704771432064,0.0,1.0,16,0.16182246661429694,9.221523959151611,20
863,1271,963,12.87165392950824,99.22895357985838,5,7,4,3,943,0.7407698350353495,330,1089,0.8554595443833464,0.9109225874867445,859,230,0.9109225874867445,0.696969696969697,0.8554595443833464,178,1071,6.01685393258427,0.003927729772191673,0.0054988216810683424,0.003142183817753339,0.002356637863315004,0.5006725717621381,0.2649323402891131,0.0,1.0,0.5077789903809548,0.286491474444262,0.0,1.0,0.43278089388594204,0.30451537693333935,0.0,1.0,0.23854724499378188,0.2576989869801957,0.0,1.0,16,0.16365066876475218,9.217938630999214,20
864,1278,969,12.788834423052869,98.6283255086072,16,9,5,4,923,0.7261998426435877,348,1102,0.8670338316286389,0.9263271939328277,855,247,0.9263271939328277,0.7097701149425287,0.8670338316286389,172,1080,6.27906976744186,0.012588512981904013,0.007081038552321007,0.003933910306845004,0.003147128245476003,0.5003281336766117,0.2659048167873806,0.0,1.0,0.5058559240749154,0.28709252599954344,0.0,1.0,0.4330859710232723,0.30400132372834093,0.0,1.0,0.2393608965621687,0.25781412829507605,0.0,1.0,16,0.16118935837245696,9.226134585289515,20
865,1280,974,12.749995933119447,98.65546875,10,8,5,3,960,0.7511737089201878,318,1095,0.8568075117370892,0.8947916666666667,859,236,0.8947916666666667,0.7421383647798742,0.8568075117370892,174,1074,6.172413793103448,0.00782472613458529,0.006259780907668232,0.003912363067292645,0.002347417840375587,0.4991179435483871,0.26551285425482346,0.0,1.0,0.5069304435483871,0.2872894282258377,0.0,1.0,0.4357610887096774,0.30501294499654275,0.0,1.0,0.2394405241935484,0.2579074984905729,0.0,1.0,16,0.16015625,9.24375,20
866,1280,981,12.742137259432328,99.021875,6,6,4,2,984,0.76875,296,1130,0.8828125,0.9339430894308943,919,211,0.9339430894308943,0.7128378378378378,0.8828125,172,1109,6.4476744186046515,0.0046875,0.0046875,0.003125,0.0015625,0.4981098790322581,0.2653360703943221,0.0,1.0,0.5071824596774193,0.28772999974220675,0.0,1.0,0.4355090725806452,0.3051676189237523,0.0,1.0,0.23853326612903225,0.25808934123089294,0.0,1.0,16,0.159375,9.24453125,20
867,1276,984,12.778742422328474,99.11050156739812,8,12,7,5,939,0.73359375,341,1089,0.85078125,0.9126730564430245,857,232,0.9126730564430245,0.6803519061583577,0.85078125,177,1069,6.03954802259887,0.00625,0.009375,0.00546875,0.00390625,0.49663767822833454,0.2652010516377512,0.0,1.0,0.5060926281727172,0.2878478502338496,0.0,1.0,0.4353069066639701,0.3047303069214494,0.0,1.0,0.23852260086965316,0.25788546265315754,0.0,1.0,16,0.15987460815047022,9.242163009404388,20
868,1274,988,12.768444735768764,99.39089481946625,6,8,6,2,1014,0.7946708463949843,262,1109,0.8691222570532915,0.9161735700197239,929,180,0.9161735700197239,0.6870229007633588,0.8691222570532915,174,1087,6.247126436781609,0.004702194357366771,0.006269592476489028,0.004702194357366771,0.001567398119122257,0.49769585253456217,0.2650686461902929,0.0,1.0,0.5042031701017876,0.2877721321724832,0.0,1.0,0.43355952802957415,0.3040775894403107,0.0,1.0,0.23628905656555424,0.25590877186280925,0.0,1.0,16,0.16012558869701726,9.24646781789639,20
869,1272,997,12.725925100519053,99.18553459119497,10,12,7,5,998,0.783359497645212,276,1104,0.8665620094191523,0.9168336673346693,915,189,0.9168336673346693,0.6847826086956522,0.8665620094191523,173,1086,6.277456647398844,0.007849293563579277,0.009419152276295133,0.005494505494505495,0.003924646781789639,0.4978443903428687,0.26564724578271015,0.0,1.0,0.5057313856766078,0.2869610026683529,0.0,1.0,0.4325928180158247,0.3035114628687247,0.0,1.0,0.23605193751268005,0.25581299580499667,0.0,1.0,16,0.15959119496855345,9.255503144654089,20
870,1273,1007,12.699509162106356,99.3770620581304,8,7,4,3,958,0.7531446540880503,314,1086,0.8537735849056604,0.907098121085595,869,217,0.907098121085595,0.6910828025477707,0.8537735849056604,169,1065,6.3017751479289945,0.006289308176100629,0.00550314465408805,0.0031446540880503146,0.0023584905660377358,0.4978080733851963,0.26499754450979485,0.0,1.0,0.5058155740820515,0.28685258606952324,0.0,1.0,0.430580543800522,0.302651816515265,0.0,1.0,0.23576514709981503,0.25573805193072247,0.0,1.0,16,0.1610369206598586,9.252945797329144,20
871,1274,1013,12.649576403326359,99.42700156985872,8,7,5,2,991,0.7784760408483896,282,1081,0.8491751767478397,0.8950554994954592,887,194,0.8950554994954592,0.6879432624113475,0.8491751767478397,185,1072,5.794594594594595,0.006284367635506678,0.0054988216810683424,0.003927729772191673,0.0015710919088766694,0.49751861042183626,0.26548886566327495,0.0,1.0,0.5062541145490455,0.2867652456369376,0.0,1.0,0.43074897452777633,0.3024171881630492,0.0,1.0,0.23509900238010836,0.2551285082689776,0.0,1.0,16,0.1609105180533752,9.259026687598116,20
872,1278,1014,12.646053380917918,99.40219092331769,10,6,4,2,931,0.7307692307692307,343,1107,0.868916797488226,0.9140708915145005,851,256,0.9140708915145005,0.7463556851311953,0.868916797488226,177,1085,6.129943502824859,0.007849293563579277,0.004709576138147566,0.0031397174254317113,0.0015698587127158557,0.4970972790145893,0.26534046060401695,0.0,1.0,0.5043919430561866,0.286829250183348,0.0,1.0,0.43134433843202585,0.30222306499877505,0.0,1.0,0.23522136402645263,0.2543592463606104,0.0,1.0,16,0.16040688575899845,9.264475743348983,20
873,1277,1015,12.699121619897394,99.73923257635082,7,8,3,5,963,0.7535211267605634,315,1089,0.852112676056338,0.90134994807892,868,221,0.90134994807892,0.7015873015873015,0.852112676056338,177,1067,6.028248587570621,0.005477308294209703,0.006259780907668232,0.002347417840375587,0.003912363067292645,0.4968802889837573,0.2649621704340192,0.0,1.0,0.5034228408315862,0.2863033714270678,0.0,1.0,0.4294086442519009,0.3012769277574614,0.0,1.0,0.23558238815772853,0.2543108002847647,0.0,1.0,16,0.16131558339859045,9.26311667971809,20
874,1278,1024,12.650937505049214,99.84585289514867,8,7,5,2,945,0.7400156617071261,332,1108,0.8676585747846516,0.9153439153439153,865,243,0.9153439153439153,0.7319277108433735,0.8676585747846516,166,1083,6.524096385542169,0.006264682850430697,0.00548159749412686,0.003915426781519186,0.0015661707126076742,0.4974001716391539,0.26522389969854687,0.0,1.0,0.5038871220152457,0.28666048559018525,0.0,1.0,0.4297793932051088,0.3012692934408953,0.0,1.0,0.2356252208592054,0.25504090209025265,0.0,1.0,16,0.16118935837245696,9.269170579029733,20
875,1277,1033,12.684106175125244,100.37901331245105,3,4,3,1,960,0.7511737089201878,318,1129,0.8834115805946792,0.921875,885,244,0.921875,0.7672955974842768,0.8834115805946792,173,1111,6.421965317919075,0.002347417840375587,0.003129890453834116,0.002347417840375587,0.000782472613458529,0.49645085507868747,0.2653378496781432,0.0,1.0,0.5042817086417258,0.2866303214832364,0.0,1.0,0.42966125243135367,0.30137115619825633,0.0,1.0,0.23593603960896256,0.2552277316616111,0.0,1.0,16,0.1620986687548943,9.277212216131558,20
876,1276,1041,12.71232357867117,100.70689655172414,6,7,3,4,974,0.7627251370399374,303,1102,0.8629600626468285,0.9137577002053389,890,212,0.9137577002053389,0.6996699669966997,0.8629600626468285,173,1083,6.2601156069364166,0.004698512137823023,0.00548159749412686,0.0023492560689115116,0.0031323414252153485,0.4967893619172818,0.26576199530563,0.0,1.0,0.5039184952978056,0.28647432645021975,0.0,1.0,0.42827889574274447,0.30142118825654246,0.0,1.0,0.2339215289715846,0.2541996318074523,0.0,1.0,16,0.16300940438871472,9.262539184952978,20
877,1272,1047,12.750168677945094,100.88915094339623,5,9,5,4,978,0.7664576802507836,298,1115,0.8738244514106583,0.9130879345603272,893,222,0.9130879345603272,0.7449664429530202,0.8738244514106583,180,1101,6.116666666666666,0.003918495297805642,0.007053291536050157,0.003918495297805642,0.003134796238244514,0.49627206329884355,0.2660206714728737,0.0,1.0,0.5041844187461959,0.28662833651320346,0.0,1.0,0.4285605599513086,0.3016861105067563,0.0,1.0,0.23549401501318726,0.25497311473564654,0.0,1.0,16,0.1619496855345912,9.265723270440251,20
878,1264,1053,12.785202856275268,101.11471518987342,1,9,9,0,987,0.7759433962264151,285,1123,0.8828616352201258,0.9270516717325228,915,208,0.9270516717325228,0.7298245614035088,0.8828616352201258,171,1100,6.432748538011696,0.0007861635220125787,0.007075471698113208,0.007075471698113208,0.0,0.4961463862801143,0.26641186888593693,0.0,1.0,0.5037770518579011,0.28661927180091346,0.0,1.0,0.42841465904450793,0.3010654964020326,0.0,1.0,0.23542772560228664,0.25450950097696884,0.0,1.0,16,0.16139240506329114,9.272943037974683,20
879,1264,1058,12.828985113732163,101.57357594936708,7,7,2,5,944,0.7468354430379747,320,1095,0.8662974683544303,0.9152542372881356,864,231,0.9152542372881356,0.721875,0.8662974683544303,171,1071,6.2631578947368425,0.005537974683544304,0.005537974683544304,0.0015822784810126582,0.003955696202531646,0.4971672111065741,0.26627941043436454,0.0,1.0,0.5034197631686402,0.2864513725031856,0.0,1.0,0.4285422621478154,0.3007182568719345,0.0,1.0,0.23540220498162517,0.25458970042712414,0.0,1.0,16,0.1606012658227848,9.272151898734178,20
880,1263,1062,12.801262540641508,101.31908155186065,9,10,8,2,968,0.7658227848101266,296,1100,0.870253164556962,0.9183884297520661,889,211,0.9183884297520661,0.7128378378378378,0.870253164556962,179,1083,6.050279329608938,0.007120253164556962,0.007911392405063292,0.006329113924050633,0.0015822784810126582,0.4978418001174878,0.26579626576600557,0.0,1.0,0.5040226802543867,0.2866313232024649,0.0,1.0,0.42913697545526525,0.30036502094615436,0.0,1.0,0.2337496488136286,0.25321800114534043,0.0,1.0,16,0.15914489311163896,9.296120348376881,20
881,1263,1061,12.827091616727188,101.35391923990498,8,8,5,3,930,0.7363420427553444,333,1085,0.8590657165479019,0.9075268817204301,844,241,0.9075268817204301,0.7237237237237237,0.8590657165479019,171,1055,6.169590643274854,0.006334125098970704,0.006334125098970704,0.00395882818685669,0.0023752969121140144,0.49796950425254766,0.2649403674575907,0.0,1.0,0.5043802518325543,0.28579991872385824,0.0,1.0,0.4285239956069778,0.3003048059982458,0.0,1.0,0.2327535565601614,0.2518362895916001,0.0,1.0,16,0.15993665874901028,9.308788598574822,20
882,1259,1060,12.841590473832854,100.88959491660047,7,11,10,1,951,0.7529691211401425,312,1092,0.8646080760095012,0.9137749737118822,869,223,0.9137749737118822,0.7147435897435898,0.8646080760095012,186,1077,5.790322580645161,0.0055423594615993665,0.00870942201108472,0.00791765637371338,0.000791765637371338,0.49657946655051377,0.26465581645991715,0.0,1.0,0.5052653155346025,0.2863585705637227,0.0,1.0,0.42865561505547156,0.30067619301720766,0.0,1.0,0.23210945707038358,0.25188601216951034,0.0,1.0,16,0.1596505162827641,9.324066719618745,20
883,1257,1068,12.850778336654304,100.8472553699284,9,11,6,5,956,0.7593328038125496,303,1085,0.8617950754567116,0.9173640167364017,877,208,0.9173640167364017,0.6864686468646864,0.8617950754567116,179,1072,5.988826815642458,0.007148530579825258,0.008737092930897538,0.004765687053216839,0.003971405877680699,0.49736956912259095,0.2642832025275122,0.0,1.0,0.5059922498524392,0.2864008815823378,0.0,1.0,0.4278748684784562,0.300171562728847,0.0,1.0,0.2332999717709857,0.2532857654218887,0.0,1.0,16,0.15990453460620524,9.316626889419252,20
884,1254,1074,12.82159480298761,100.32695374800637,10,13,9,4,956,0.7605409705648369,301,1095,0.8711217183770883,0.9194560669456067,879,216,0.9194560669456067,0.717607973421927,0.8711217183770883,171,1072,6.269005847953216,0.007955449482895784,0.010342084327764518,0.007159904534606206,0.0031821797931583136,0.4975304830992437,0.2644207297468154,0.0,1.0,0.5048875855327468,0.2860476423994652,0.0,1.0,0.4270463548901579,0.29974160643032355,0.0,1.0,0.23529865720018522,0.2545687541604383,0.0,1.0,16,0.16028708133971292,9.314992025518341,20
885,1251,1076,12.810954344099573,100.03197442046363,7,10,9,1,978,0.7799043062200957,276,1108,0.8835725677830941,0.9406952965235174,920,188,0.9406952965235174,0.6811594202898551,0.8835725677830941,179,1089,6.083798882681564,0.005582137161084529,0.007974481658692184,0.007177033492822967,0.0007974481658692185,0.4973053815012506,0.2642310432928593,0.0,1.0,0.5038549805317036,0.28545973994294005,0.0,1.0,0.42608493850081225,0.29900512033177334,0.0,1.0,0.23526984863721925,0.2549568807899941,0.0,1.0,16,0.16147082334132695,9.322941646682654,20
886,1248,1078,12.851502951163317,100.0536858974359,6,9,8,1,949,0.7585931254996003,302,1089,0.8705035971223022,0.9114857744994731,865,224,0.9114857744994731,0.7417218543046358,0.8705035971223022,180,1071,5.95,0.004796163069544364,0.007194244604316547,0.006394884092725819,0.0007993605115907274,0.4956317204301075,0.26365986562229277,0.0,1.0,0.5044199751861042,0.2846562566258346,0.0,1.0,0.4256358560794045,0.29902588094374105,0.0,1.0,0.23477564102564102,0.2546076734814714,0.0,1.0,16,0.1642628205128205,9.319711538461538,20
887,1252,1084,12.834144346315083,100.0870607028754,9,5,3,2,965,0.7732371794871795,283,1074,0.8605769230769231,0.9098445595854923,878,196,0.9098445595854923,0.6925795053003534,0.8605769230769231,173,1053,6.086705202312139,0.007211538461538462,0.004006410256410256,0.002403846153846154,0.0016025641025641025,0.49466659795939405,0.26435315391799374,0.0,1.0,0.5049211584046172,0.2845420932096849,0.0,1.0,0.4256415541585077,0.2986685672059028,0.0,1.0,0.23454086365041737,0.25436845186785684,0.0,1.0,16,0.16293929712460065,9.3258785942492,20
888,1247,1090,12.864634236299562,99.95028067361667,7,12,8,4,893,0.713258785942492,359,1069,0.8538338658146964,0.8868980963045913,792,277,0.8868980963045913,0.7715877437325905,0.8538338658146964,176,1051,5.971590909090909,0.005591054313099041,0.009584664536741214,0.006389776357827476,0.003194888178913738,0.49414077657345373,0.2643051997429022,0.0,1.0,0.5054453268489536,0.28483431260704667,0.0,1.0,0.42520112786817393,0.2986199673109611,0.0,1.0,0.23374809219546266,0.2548880669870346,0.0,1.0,16,0.1635926222935044,9.331194867682438,20
889,1246,1096,12.889541445992718,99.91412520064206,6,7,7,0,917,0.7353648757016841,330,1072,0.859663191659984,0.9073064340239912,832,240,0.9073064340239912,0.7272727272727273,0.859663191659984,179,1057,5.905027932960894,0.0048115477145148355,0.0056134723336006415,0.0056134723336006415,0.0,0.4950292549060218,0.2646784779192358,0.0,1.0,0.5051260808781649,0.2846932273251159,0.0,1.0,0.42435147310102006,0.29793646483775443,0.0,1.0,0.23315901206441256,0.25432763413356263,0.0,1.0,16,0.16211878009630817,9.336276083467094,20
890,1242,1099,12.942656401236087,100.14170692431561,5,9,5,4,961,0.7712680577849117,285,1090,0.8747993579454254,0.9281997918834547,892,198,0.9281997918834547,0.6947368421052632,0.8747993579454254,174,1067,6.132183908045977,0.0040128410914927765,0.0072231139646869984,0.0040128410914927765,0.0032102728731942215,0.4943639291465378,0.26467208722829927,0.0,1.0,0.5045971637836996,0.2848768007264853,0.0,1.0,0.42543244506778866,0.29840855932183896,0.0,1.0,0.23331255519193805,0.25422404800210857,0.0,1.0,16,0.16022544283413848,9.33816425120773,20
891,1248,1109,12.883441885269187,100.06169871794872,10,4,4,0,958,0.7713365539452496,284,1046,0.8421900161030595,0.894572025052192,857,189,0.894572025052192,0.6654929577464789,0.8421900161030595,180,1036,5.7555555555555555,0.008051529790660225,0.00322061191626409,0.00322061191626409,0.0,0.49418424317617865,0.2641974338871257,0.0,1.0,0.5046009098428453,0.2845537802028224,0.0,1.0,0.4251705955334988,0.2984799040503003,0.0,1.0,0.23294044665012406,0.253939454109326,0.0,1.0,16,0.16346153846153846,9.345352564102564,20
892,1250,1121,12.891616565286704,100.3496,6,4,2,2,963,0.7716346153846154,285,1064,0.8525641025641025,0.8982346832814122,865,199,0.8982346832814122,0.6982456140350877,0.8525641025641025,165,1041,6.3090909090909095,0.004807692307692308,0.003205128205128205,0.0016025641025641025,0.0016025641025641025,0.4944258064516129,0.26474447295937836,0.0,1.0,0.5052387096774194,0.2844327766135098,0.0,1.0,0.42438709677419356,0.2977439695173943,0.0,1.0,0.23305806451612904,0.2539639231386681,0.0,1.0,16,0.1632,9.3384,20
893,1244,1123,12.912531846308791,100.20498392282958,6,12,11,1,912,0.7296,338,1074,0.8592,0.9067982456140351,827,247,0.9067982456140351,0.7307692307692307,0.8592,177,1053,5.9491525423728815,0.0048,0.0096,0.0088,0.0008,0.49359506275282644,0.26525728012197985,0.0,1.0,0.5071050720879577,0.28431158331829615,0.0,1.0,0.4231148221138886,0.29788536561257145,0.0,1.0,0.23226325070013484,0.254456220517493,0.0,1.0,16,0.16559485530546625,9.344051446945338,20
894,1249,1128,12.914185041607531,100.48598879103282,7,2,2,0,931,0.7483922829581994,313,1080,0.8681672025723473,0.9108485499462943,848,232,0.9108485499462943,0.7412140575079872,0.8681672025723473,173,1058,6.115606936416185,0.005627009646302251,0.001607717041800643,0.001607717041800643,0.0,0.4938144063638007,0.26520118025216877,0.0,1.0,0.5079160102275369,0.2841356837949319,0.0,1.0,0.42276401766574545,0.2980888709400032,0.0,1.0,0.23236653839200394,0.25471486616424216,0.0,1.0,16,0.16493194555644516,9.353883106485188,20
895,1251,1138,12.843211387964615,100.22941646682654,10,8,5,3,971,0.7774219375500401,278,1075,0.8606885508406725,0.9145211122554068,888,187,0.9145211122554068,0.6726618705035972,0.8606885508406725,172,1057,6.145348837209302,0.008006405124099279,0.006405124099279423,0.0040032025620496394,0.0024019215372297837,0.493024934890797,0.26550330000211375,0.0,1.0,0.5072587091617029,0.28406131885420244,0.0,1.0,0.4236094994971764,0.29765660306623676,0.0,1.0,0.23031897062994766,0.25295757737603414,0.0,1.0,16,0.16466826538768986,9.366906474820144,20
896,1249,1146,12.848142347489103,100.25860688550841,8,10,7,3,938,0.7498001598721024,313,1094,0.8745003996802558,0.9221748400852878,865,229,0.9221748400852878,0.731629392971246,0.8745003996802558,178,1080,6.067415730337078,0.006394884092725819,0.007993605115907274,0.005595523581135092,0.002398081534772182,0.4929879387380873,0.2658082234384767,0.0,1.0,0.5084067253803043,0.2841391817123479,0.0,1.0,0.4240812004442263,0.2976695313648425,0.0,1.0,0.22957721015522095,0.2524455649809314,0.0,1.0,16,0.16413130504403523,9.373899119295436,20
897,1242,1158,12.82603202091743,100.31561996779388,5,12,8,4,945,0.7566052842273819,304,1108,0.8871096877502002,0.9365079365079365,885,223,0.9365079365079365,0.7335526315789473,0.8871096877502002,175,1095,6.257142857142857,0.0040032025620496394,0.009607686148919135,0.006405124099279423,0.0032025620496397116,0.4938704482884006,0.26537243710527764,0.0,1.0,0.507584021609267,0.28405296817617587,0.0,1.0,0.42208196976780427,0.2964680707415409,0.0,1.0,0.2267934133291777,0.2503570157685593,0.0,1.0,16,0.16505636070853463,9.385668276972625,20
898,1246,1171,12.786370456220881,100.46227929373997,9,5,3,2,953,0.7673107890499195,289,1101,0.8864734299516909,0.9307450157397692,887,214,0.9307450157397692,0.740484429065744,0.8864734299516909,161,1075,6.6770186335403725,0.007246376811594203,0.004025764895330112,0.0024154589371980675,0.001610305958132045,0.49479625122974163,0.26580749761608335,0.0,1.0,0.5075855641277897,0.28350351424380094,0.0,1.0,0.42140009320147054,0.29705061762525564,0.0,1.0,0.22611712318127686,0.2502270703350429,0.0,1.0,16,0.1653290529695024,9.390850722311397,20
899,1247,1179,12.798500617456034,100.7177225340818,8,7,3,4,958,0.7688603531300161,288,1051,0.8434991974317817,0.8956158663883089,858,193,0.8956158663883089,0.6701388888888888,0.8434991974317817,178,1037,5.825842696629214,0.006420545746388443,0.0056179775280898875,0.002407704654895666,0.0032102728731942215,0.4943477248622501,0.26510096998520405,0.0,1.0,0.5091962645833873,0.2833011742828431,0.0,1.0,0.42108803062834677,0.29702900193793685,0.0,1.0,0.2252632123548128,0.24856511660448002,0.0,1.0,16,0.16680032076984763,9.39214113873296,20
900,1253,1191,12.6815315456977,100.24980047885076,12,6,5,1,939,0.7530072173215717,308,1087,0.871692060946271,0.9265175718849841,870,217,0.9265175718849841,0.7045454545454546,0.871692060946271,171,1070,6.257309941520468,0.009623095429029671,0.0048115477145148355,0.00400962309542903,0.0008019246190858059,0.49445202481785644,0.2656697165742997,0.0,1.0,0.5079679736374636,0.28309534665906644,0.0,1.0,0.4193033493808408,0.29541399237106075,0.0,1.0,0.22361815513734778,0.24661688446338648,0.0,1.0,16,0.16679968076616122,9.39904229848364,20
901,1250,1194,12.711901591954307,100.4176,7,10,6,4,958,0.7645650438946529,295,1068,0.8523543495610535,0.8987473903966597,861,207,0.8987473903966597,0.7016949152542373,0.8523543495610535,170,1041,6.123529411764705,0.00558659217877095,0.007980845969672785,0.004788507581803671,0.0031923383878691143,0.49447741935483874,0.2663631239457274,0.0,1.0,0.5073806451612903,0.282573373304578,0.0,1.0,0.41945806451612905,0.29502991922212274,0.0,1.0,0.2234064516129032,0.24630984066143144,0.0,1.0,16,0.1672,9.3944,20
902,1250,1202,12.688223257165204,100.1776,10,10,7,3,939,0.7512,311,1068,0.8544,0.9116080937167199,856,212,0.9116080937167199,0.6816720257234726,0.8544,175,1051,6.005714285714285,0.008,0.008,0.0056,0.0024,0.4934709677419355,0.2662027937662357,0.0,1.0,0.5081806451612904,0.28178427893393626,0.0,1.0,0.4188903225806452,0.29510574594596184,0.0,1.0,0.22209032258064518,0.24581815432306273,0.0,1.0,16,0.1688,9.4128,20
903,1251,1206,12.646361295407536,100.01518784972022,9,8,6,2,948,0.7584,302,1093,0.8744,0.930379746835443,882,211,0.930379746835443,0.6986754966887417,0.8744,177,1074,6.067796610169491,0.0072,0.0064,0.0048,0.0016,0.49196771614966095,0.2656676110353985,0.0,1.0,0.5090637167685207,0.28154739623494646,0.0,1.0,0.4184781207292231,0.29526868133464906,0.0,1.0,0.22116500348108611,0.2447611830101978,0.0,1.0,16,0.16946442845723422,9.422062350119903,20
904,1248,1210,12.705273956744463,100.43429487179488,3,6,4,2,967,0.7729816147082335,284,1094,0.8745003996802558,0.9245087900723888,894,200,0.9245087900723888,0.704225352112676,0.8745003996802558,179,1077,6.016759776536313,0.002398081534772182,0.004796163069544364,0.0031974420463629096,0.0015987210231814548,0.49172870140612074,0.26579977614120637,0.0,1.0,0.5094086021505376,0.2817107912752607,0.0,1.0,0.4186052522746071,0.29513112752751053,0.0,1.0,0.22136062861869313,0.24492959616413365,0.0,1.0,16,0.16826923076923078,9.427884615384615,20
905,1238,1221,12.786415765172114,100.56946688206786,3,13,10,3,902,0.7227564102564102,346,1107,0.8870192307692307,0.9223946784922394,832,275,0.9223946784922394,0.7947976878612717,0.8870192307692307,174,1092,6.275862068965517,0.002403846153846154,0.010416666666666666,0.008012820512820512,0.002403846153846154,0.4914273802699463,0.26584572183700916,0.0,1.0,0.5095888269320965,0.28209979804199253,0.0,1.0,0.4186252540518005,0.29549842634731427,0.0,1.0,0.2225754338423055,0.2457754224181237,0.0,1.0,16,0.16639741518578352,9.421647819063004,20
906,1239,1228,12.766119027296371,100.54156577885391,8,7,5,2,964,0.778675282714055,274,1090,0.8804523424878837,0.9232365145228216,890,200,0.9232365145228216,0.7299270072992701,0.8804523424878837,172,1069,6.215116279069767,0.006462035541195477,0.005654281098546042,0.004038772213247173,0.0016155088852988692,0.49118696138925777,0.26544307025995656,0.0,1.0,0.5087870030461611,0.2816457557474907,0.0,1.0,0.41883412741805304,0.295291438966421,0.0,1.0,0.22197922361946418,0.2452176702301642,0.0,1.0,16,0.1678773204196933,9.426150121065374,20
907,1236,1241,12.6942186862323,100.20873786407768,10,13,9,4,942,0.7602905569007264,297,1045,0.8434221146085553,0.9246284501061571,871,174,0.9246284501061571,0.5858585858585859,0.8434221146085553,175,1033,5.902857142857143,0.008071025020177562,0.010492332526230832,0.007263922518159807,0.003228410008071025,0.4932143229982253,0.26603894852740984,0.0,1.0,0.5082994049483245,0.28222217191744914,0.0,1.0,0.4197724188328636,0.2960538345210674,0.0,1.0,0.22204823050422798,0.2448827395509621,0.0,1.0,16,0.16423948220064724,9.443365695792881,20
908,1234,1239,12.753174395970015,100.48541329011346,6,8,5,3,939,0.7597087378640777,297,1106,0.8948220064724919,0.9361022364217252,879,227,0.9361022364217252,0.7643097643097643,0.8948220064724919,182,1086,5.967032967032967,0.0048543689320388345,0.006472491909385114,0.0040453074433656954,0.0024271844660194173,0.4942751084853871,0.2661488491531145,0.0,1.0,0.5069535212003974,0.2829310088749138,0.0,1.0,0.4178909395095937,0.29599134262387794,0.0,1.0,0.2214147540126523,0.24501211715403262,0.0,1.0,16,0.16369529983792544,9.448136142625607,20
909,1234,1249,12.721493220671974,100.53808752025932,7,7,6,1,936,0.7585089141004863,298,1097,0.8889789303079416,0.9305555555555556,871,226,0.9305555555555556,0.7583892617449665,0.8889789303079416,171,1078,6.304093567251462,0.005672609400324149,0.005672609400324149,0.004862236628849271,0.0008103727714748784,0.49341245359962355,0.26673025191342575,0.0,1.0,0.508495843571914,0.28264435826170276,0.0,1.0,0.4176818110524389,0.2959360995402766,0.0,1.0,0.221989857269828,0.2454927929339141,0.0,1.0,15,0.16288492706645058,9.450567260940032,20
910,1232,1258,12.673895679466298,100.01298701298701,10,12,10,2,936,0.7585089141004863,298,1081,0.8760129659643436,0.936965811965812,877,204,0.936965811965812,0.6845637583892618,0.8760129659643436,167,1057,6.3293413173652695,0.008103727714748784,0.009724473257698542,0.008103727714748784,0.0016207455429497568,0.49473711772098866,0.2661420554196944,0.0,1.0,0.5070957268537913,0.2817120051572791,0.0,1.0,0.4161342689568496,0.2950991873692168,0.0,1.0,0.22059593632174276,0.2439153321412823,0.0,1.0,15,0.16558441558441558,9.459415584415584,20
911,1231,1261,12.686703330305313,100.15434606011372,6,7,6,1,916,0.7435064935064936,316,1089,0.8839285714285714,0.9268558951965066,849,240,0.9268558951965066,0.759493670886076,0.8839285714285714,179,1071,5.983240223463687,0.00487012987012987,0.005681818181818182,0.00487012987012987,0.0008116883116883117,0.4951652210371845,0.2661626357321753,0.0,1.0,0.5064070648043815,0.28150648480122603,0.0,1.0,0.41618406226251936,0.29532550257287804,0.0,1.0,0.22038206545950056,0.24301349014810986,0.0,1.0,15,0.16653127538586515,9.469536961819658,20
912,1230,1267,12.67770737411454,99.69430894308942,9,10,8,2,920,0.7473598700243704,311,1094,0.8887083671811535,0.9271739130434783,853,241,0.9271739130434783,0.77491961414791,0.8887083671811535,173,1073,6.202312138728324,0.007311129163281885,0.008123476848090982,0.006498781478472786,0.0016246953696181965,0.4954104379753475,0.266312911427018,0.0,1.0,0.5072908471020194,0.28225325758100045,0.0,1.0,0.41518489378442175,0.295453174481902,0.0,1.0,0.2194335169158143,0.24263992676389295,0.0,1.0,15,0.16666666666666666,9.487804878048781,20
913,1231,1267,12.725016691188902,100.02437043054427,8,7,2,5,985,0.8008130081300813,245,1100,0.8943089430894309,0.9401015228426396,926,174,0.9401015228426396,0.710204081632653,0.8943089430894309,184,1084,5.891304347826087,0.0065040650406504065,0.005691056910569106,0.0016260162601626016,0.0040650406504065045,0.495794135373811,0.2663225376443214,0.0,1.0,0.5081889887581562,0.2825124829730805,0.0,1.0,0.4145855716569272,0.29583739261334463,0.0,1.0,0.21839050339351693,0.24281121675864953,0.0,1.0,15,0.16571892770105606,9.506904955320877,20
914,1227,1276,12.757595530519946,100.14099429502852,4,8,7,1,955,0.7757920389926889,276,1069,0.8683996750609261,0.9298429319371728,888,181,0.9298429319371728,0.6557971014492754,0.8683996750609261,171,1049,6.1345029239766085,0.003249390739236393,0.006498781478472786,0.005686433793663688,0.0008123476848090983,0.49528091069222074,0.2668987842961339,0.0,1.0,0.5081893945368983,0.2818694256541141,0.0,1.0,0.41220390672240187,0.2948568507052382,0.0,1.0,0.21839261771433077,0.24309026447934143,0.0,1.0,15,0.16707416462917685,9.511817440912795,20
915,1223,1285,12.827392064769938,100.43908421913328,4,8,6,2,920,0.7497962510187449,307,1097,0.8940505297473512,0.9271739130434783,853,244,0.9271739130434783,0.7947882736156352,0.8940505297473512,176,1082,6.1477272727272725,0.0032599837000814994,0.006519967400162999,0.004889975550122249,0.0016299918500407497,0.4952127238678026,0.26684801381185036,0.0,1.0,0.5096932450610608,0.2821063715966977,0.0,1.0,0.41223327090971434,0.2952474326916273,0.0,1.0,0.21987181177960063,0.24428362399196427,0.0,1.0,15,0.16598528209321342,9.511038430089943,20
916,1224,1293,12.801088083285656,100.3374183006536,11,10,6,4,905,0.7399836467702371,318,1032,0.8438266557645135,0.9005524861878453,815,217,0.9005524861878453,0.6823899371069182,0.8438266557645135,171,1011,5.912280701754386,0.008994276369582993,0.008176614881439084,0.004905968928863451,0.003270645952575634,0.4954933586337761,0.26800337005641756,0.0,1.0,0.5091187012439384,0.2821642156115401,0.0,1.0,0.4132142104153489,0.2947841728166147,0.0,1.0,0.21953405017921146,0.24415268071069787,0.0,1.0,15,0.16339869281045752,9.531862745098039,20
917,1227,1298,12.729516705210802,99.81092094539527,11,8,8,0,922,0.7532679738562091,302,1107,0.9044117647058824,0.9446854663774403,871,236,0.9446854663774403,0.7814569536423841,0.9044117647058824,177,1089,6.1525423728813555,0.008986928104575163,0.006535947712418301,0.006535947712418301,0.0,0.494833977443016,0.26854093305084786,0.0,1.0,0.5106080921208297,0.2823960485530644,0.0,1.0,0.4131766437942004,0.2942958707111519,0.0,1.0,0.21805084522964482,0.2426413535369794,0.0,1.0,15,0.16381418092909536,9.548492257538712,20
918,1229,1312,12.699052149396191,100.10008136696501,7,5,4,1,951,0.7750611246943765,276,1094,0.8916055419722901,0.9337539432176656,888,206,0.9337539432176656,0.7463768115942029,0.8916055419722901,170,1078,6.341176470588235,0.0057049714751426246,0.004074979625101874,0.0032599837000814994,0.0008149959250203749,0.4927425916690727,0.2693518377254073,0.0,1.0,0.5109845402766476,0.2822182099878594,0.0,1.0,0.4133704296700701,0.29415665666138757,0.0,1.0,0.21853591957794166,0.24233641842974274,0.0,1.0,15,0.16273393002441008,9.55573637103336,20
919,1222,1319,12.77806460176193,100.31996726677578,5,12,7,5,920,0.7485760781122864,309,1092,0.8885272579332791,0.9217391304347826,848,244,0.9217391304347826,0.7896440129449838,0.8885272579332791,171,1070,6.257309941520468,0.0040683482506102524,0.009764035801464606,0.005695687550854353,0.0040683482506102524,0.49226545588934056,0.2692225837037813,0.0,1.0,0.5115358217623146,0.2830080455679485,0.0,1.0,0.41341534237896627,0.2946974172029336,0.0,1.0,0.21828308959400244,0.24204638377695364,0.0,1.0,15,0.16121112929623568,9.563829787234043,20
920,1223,1323,12.707944527019666,99.31234668847097,13,12,11,1,937,0.7667757774140753,285,1065,0.8715220949263502,0.9167556029882604,859,206,0.9167556029882604,0.7228070175438597,0.8715220949263502,173,1042,6.023121387283237,0.010638297872340425,0.009819967266775777,0.00900163666121113,0.0008183306055646482,0.49080790230264026,0.2687695451035264,0.0,1.0,0.512040724817345,0.28287747851268163,0.0,1.0,0.4142906127185926,0.29550303184278565,0.0,1.0,0.21881676469812467,0.2414810874898658,0.0,1.0,15,0.16189697465249386,9.568274734260017,20
921,1225,1326,12.718031765238553,99.36489795918368,7,5,4,1,920,0.7522485690923958,303,1086,0.8879803761242846,0.9358695652173913,861,225,0.9358695652173913,0.7425742574257426,0.8879803761242846,181,1070,5.911602209944752,0.005723630417007359,0.004088307440719542,0.003270645952575634,0.0008176614881439084,0.48976958525345626,0.26855732182113323,0.0,1.0,0.5127057274522712,0.28354491431242945,0.0,1.0,0.41506254114549046,0.29610267074904545,0.0,1.0,0.21917050691244241,0.24247542995783522,0.0,1.0,15,0.16244897959183674,9.573061224489797,20
922,1224,1328,12.771720799716539,99.58088235294117,6,7,5,2,930,0.7591836734693878,295,1065,0.8693877551020408,0.9182795698924732,854,211,0.9182795698924732,0.7152542372881356,0.8693877551020408,179,1046,5.843575418994414,0.004897959183673469,0.005714285714285714,0.004081632653061225,0.0016326530612244899,0.4902224330592452,0.2682022507548545,0.0,1.0,0.5111743622180055,0.28373701297286535,0.0,1.0,0.41469006957621757,0.2959653282320423,0.0,1.0,0.21871705671515917,0.24241270232725057,0.0,1.0,15,0.16339869281045752,9.572712418300654,20
923,1224,1337,12.718029113045857,99.0531045751634,9,9,9,0,898,0.7336601307189542,326,1032,0.8431372549019608,0.8942093541202673,803,229,0.8942093541202673,0.7024539877300614,0.8431372549019608,173,1014,5.861271676300578,0.007352941176470588,0.007352941176470588,0.007352941176470588,0.0,0.4900379506641366,0.2678433731805604,0.0,1.0,0.5110425890786422,0.2838170671268627,0.0,1.0,0.41592873708623235,0.2957825665306375,0.0,1.0,0.21940227703984821,0.2431321123013989,0.0,1.0,15,0.16258169934640523,9.592320261437909,20
924,1225,1341,12.700937035203053,98.93306122448979,7,6,6,0,925,0.755718954248366,299,1064,0.869281045751634,0.9210810810810811,852,212,0.9210810810810811,0.7090301003344481,0.869281045751634,178,1046,5.876404494382022,0.005718954248366013,0.004901960784313725,0.004901960784313725,0.0,0.4902435813034891,0.2677830859864859,0.0,1.0,0.5105464121132324,0.2838669444630928,0.0,1.0,0.41651086240947993,0.29625921826117135,0.0,1.0,0.2182488479262673,0.24253077520244695,0.0,1.0,15,0.16244897959183674,9.602448979591836,20
925,1227,1340,12.734027087737418,98.9405052974735,8,6,5,1,892,0.7281632653061224,333,1060,0.8653061224489796,0.92152466367713,822,238,0.92152466367713,0.7147147147147147,0.8653061224489796,170,1029,6.052941176470588,0.006530612244897959,0.004897959183673469,0.004081632653061225,0.0008163265306122449,0.49036464495096876,0.26818699097168064,0.0,1.0,0.5096353550490311,0.28354573595280946,0.0,1.0,0.4162788863475037,0.29575306827670456,0.0,1.0,0.21860293924336832,0.24286273809689077,0.0,1.0,15,0.16299918500407498,9.612061939690301,20
926,1235,1341,12.691684469367333,98.6663967611336,12,4,4,0,925,0.7538712306438468,302,1072,0.8736756316218419,0.9275675675675675,858,214,0.9275675675675675,0.7086092715231788,0.8736756316218419,179,1052,5.877094972067039,0.009779951100244499,0.0032599837000814994,0.0032599837000814994,0.0,0.489121065691524,0.2684100490225834,0.0,1.0,0.5108005746375865,0.2835203630425988,0.0,1.0,0.4160376126420269,0.29596043710980435,0.0,1.0,0.2180227243045579,0.24247007921112057,0.0,1.0,15,0.1651821862348178,9.621862348178137,20
927,1232,1344,12.66736485762915,98.33685064935065,8,11,10,1,954,0.7724696356275303,281,1091,0.8834008097165992,0.9245283018867925,882,209,0.9245283018867925,0.7437722419928826,0.8834008097165992,174,1068,6.137931034482759,0.006477732793522267,0.008906882591093117,0.008097165991902834,0.0008097165991902834,0.48874109761206536,0.2681161906717177,0.0,1.0,0.5112850858818601,0.28408681019825816,0.0,1.0,0.41746962714704655,0.2962376758359967,0.0,1.0,0.22009844993715963,0.24453191551950756,0.0,1.0,15,0.16314935064935066,9.626623376623376,20
928,1227,1340,12.747469972322904,98.44335778321108,5,10,8,2,903,0.7329545454545454,329,1050,0.8522727272727273,0.9224806201550387,833,217,0.9224806201550387,0.6595744680851063,0.8522727272727273,179,1025,5.726256983240224,0.004058441558441558,0.008116883116883116,0.006493506493506494,0.0016233766233766235,0.48805110813155617,0.26849847722281733,0.0,1.0,0.5113179272813313,0.2848861446379982,0.0,1.0,0.4186450035491758,0.2960719946171272,0.0,1.0,0.21944422535951835,0.244136512985806,0.0,1.0,15,0.16136919315403422,9.63162184189079,20
929,1225,1346,12.692578242546228,97.95673469387755,10,12,9,3,949,0.7734311328443357,278,1097,0.8940505297473512,0.9315068493150684,884,213,0.9315068493150684,0.7661870503597122,0.8940505297473512,179,1082,6.044692737430168,0.008149959250203748,0.009779951100244499,0.007334963325183374,0.0024449877750611247,0.48697827518104014,0.26875271576251053,0.0,1.0,0.5105727452271231,0.2847205198957131,0.0,1.0,0.4188018433179723,0.2956049899674436,0.0,1.0,0.2197761685319289,0.24439815917829136,0.0,1.0,15,0.16244897959183674,9.653061224489797,20
930,1225,1354,12.721526634146764,98.16408163265307,5,5,5,0,923,0.7534693877551021,302,1074,0.876734693877551,0.9252437703141928,854,220,0.9252437703141928,0.7284768211920529,0.876734693877551,175,1057,6.04,0.004081632653061225,0.004081632653061225,0.004081632653061225,0.0,0.4874259381171824,0.26898570133593236,0.0,1.0,0.509098090849243,0.2845834688946027,0.0,1.0,0.4188018433179723,0.295544637866443,0.0,1.0,0.2202238314680711,0.24501106069035195,0.0,1.0,15,0.16244897959183674,9.668571428571429,20
931,1227,1354,12.711504337043008,97.86878565607172,9,7,6,1,966,0.7885714285714286,259,1069,0.8726530612244898,0.9285714285714286,897,172,0.9285714285714286,0.6640926640926641,0.8726530612244898,176,1045,5.9375,0.007346938775510204,0.005714285714285714,0.004897959183673469,0.0008163265306122449,0.4876304650734811,0.26844467835768676,0.0,1.0,0.5083997160659357,0.28480850965669424,0.0,1.0,0.4172516234193022,0.2953383390492825,0.0,1.0,0.220574703578095,0.2449834303390054,0.0,1.0,15,0.16381418092909536,9.67237163814181,20
932,1232,1364,12.707519088261028,98.13555194805195,7,2,2,0,933,0.7603911980440098,294,1066,0.8687856560717196,0.9228295819935691,861,205,0.9228295819935691,0.6972789115646258,0.8687856560717196,175,1051,6.005714285714285,0.0057049714751426246,0.0016299918500407497,0.0016299918500407497,0.0,0.4874057394218685,0.26859819713369754,0.0,1.0,0.5089547549224969,0.2846865154714813,0.0,1.0,0.4177052785923754,0.295749701382632,0.0,1.0,0.22038646837033932,0.24482670562682293,0.0,1.0,15,0.16396103896103897,9.675324675324676,20
933,1240,1376,12.600785454848328,97.79193548387097,13,5,4,1,914,0.7418831168831169,318,1063,0.8628246753246753,0.9190371991247265,840,223,0.9190371991247265,0.7012578616352201,0.8628246753246753,170,1045,6.147058823529412,0.010551948051948052,0.004058441558441558,0.003246753246753247,0.0008116883116883117,0.48688865764828304,0.26810768930211415,0.0,1.0,0.5090270551508844,0.2849999072010616,0.0,1.0,0.4178199791883455,0.2956559951616443,0.0,1.0,0.22083766909469302,0.24539595921139185,0.0,1.0,15,0.16532258064516128,9.699193548387097,20
934,1242,1382,12.611715932443833,97.9645732689211,9,7,4,3,923,0.7443548387096774,317,1049,0.8459677419354839,0.9079089924160346,838,211,0.9079089924160346,0.6656151419558359,0.8459677419354839,170,1025,6.029411764705882,0.007258064516129033,0.00564516129032258,0.0032258064516129032,0.0024193548387096775,0.4863123993558776,0.2686845327403855,0.0,1.0,0.5103630980208821,0.28567423540920944,0.0,1.0,0.4181341229027064,0.29660524036389535,0.0,1.0,0.22110539712222743,0.24620600654291827,0.0,1.0,15,0.16505636070853463,9.695652173913043,20
935,1245,1379,12.683965086301138,98.38795180722892,8,5,1,4,931,0.749597423510467,311,1070,0.8615136876006442,0.9140708915145005,851,219,0.9140708915145005,0.7041800643086816,0.8615136876006442,175,1042,5.954285714285715,0.00644122383252818,0.004025764895330112,0.0008051529790660225,0.00322061191626409,0.48529602280088097,0.2683102933190108,0.0,1.0,0.5120870579090555,0.28600005522193495,0.0,1.0,0.41953620935354324,0.2973961734554604,0.0,1.0,0.2213758258841819,0.24654208026311553,0.0,1.0,15,0.1646586345381526,9.706024096385542,20
936,1246,1382,12.692123409297956,98.08988764044943,10,9,6,3,909,0.7301204819277108,336,1099,0.8827309236947791,0.9306930693069307,846,253,0.9306930693069307,0.7529761904761905,0.8827309236947791,175,1077,6.154285714285714,0.008032128514056224,0.007228915662650603,0.004819277108433735,0.0024096385542168677,0.48511365401543005,0.26730365912106824,0.0,1.0,0.5125821985191321,0.2862085851057392,0.0,1.0,0.42093408584891007,0.2977835297003154,0.0,1.0,0.2220007249003262,0.24602959439097463,0.0,1.0,15,0.16452648475120385,9.715890850722312,20
937,1244,1383,12.596473125631846,97.30787781350482,12,14,12,2,926,0.7431781701444623,320,1071,0.8595505617977528,0.9125269978401728,845,226,0.9125269978401728,0.70625,0.8595505617977528,167,1039,6.221556886227545,0.009630818619582664,0.011235955056179775,0.009630818619582664,0.0016051364365971107,0.48451924074266156,0.2674533181027439,0.0,1.0,0.5131988382947826,0.28665866703398957,0.0,1.0,0.4205476610310134,0.29808214615714984,0.0,1.0,0.22072399128721085,0.24472362069765335,0.0,1.0,15,0.1647909967845659,9.72668810289389,20
938,1245,1378,12.63963526250899,97.37429718875502,8,7,4,3,967,0.7773311897106109,277,1091,0.8770096463022508,0.9327817993795243,902,189,0.9327817993795243,0.6823104693140795,0.8770096463022508,179,1065,5.949720670391062,0.006430868167202572,0.005627009646302251,0.003215434083601286,0.002411575562700965,0.4854255732607851,0.26781849734033203,0.0,1.0,0.5120611478170748,0.2862874009020545,0.0,1.0,0.4206762534006996,0.29812031132309735,0.0,1.0,0.22062443321673791,0.24519311588306528,0.0,1.0,15,0.1646586345381526,9.749397590361445,20
939,1245,1379,12.652013679518362,97.15100401606426,8,8,8,0,950,0.7630522088353414,295,1078,0.8658634538152611,0.911578947368421,866,212,0.911578947368421,0.7186440677966102,0.8658634538152611,165,1044,6.327272727272727,0.00642570281124498,0.00642570281124498,0.00642570281124498,0.0,0.4870060888716155,0.2680370700758509,0.0,1.0,0.51097292395388,0.2864274874439567,0.0,1.0,0.42000259100919807,0.29761184779626065,0.0,1.0,0.21997668091721725,0.244664980186582,0.0,1.0,15,0.1646586345381526,9.769477911646586,20
940,1248,1375,12.680725261370204,97.28205128205128,9,6,3,3,951,0.763855421686747,294,1109,0.8907630522088353,0.9295478443743428,884,225,0.9295478443743428,0.7653061224489796,0.8907630522088353,170,1075,6.323529411764706,0.007228915662650603,0.004819277108433735,0.0024096385542168677,0.0024096385542168677,0.48686931348221674,0.26800728581677047,0.0,1.0,0.5109336228287841,0.2863705886558036,0.0,1.0,0.4200268817204301,0.2975356404206796,0.0,1.0,0.21906017369727046,0.24455845825611872,0.0,1.0,15,0.1642628205128205,9.78125,20
941,1241,1380,12.682175793062992,96.9975825946817,8,15,10,5,937,0.750801282051282,311,1080,0.8653846153846154,0.9178228388473852,860,220,0.9178228388473852,0.707395498392283,0.8653846153846154,170,1055,6.205882352941177,0.00641025641025641,0.01201923076923077,0.008012820512820512,0.004006410256410256,0.48579449455433965,0.2674679188531471,0.0,1.0,0.5113722024382003,0.2864014128974021,0.0,1.0,0.4203945829325986,0.2978916100722893,0.0,1.0,0.22000987757011772,0.24583204798412903,0.0,1.0,15,0.1651893634165995,9.81627719580983,20
942,1238,1379,12.748234432982478,96.94184168012924,8,11,8,3,927,0.7469782433521354,314,1078,0.8686543110394843,0.9277238403451996,860,218,0.9277238403451996,0.6942675159235668,0.8686543110394843,177,1054,5.954802259887006,0.0064464141821112,0.008863819500402902,0.0064464141821112,0.0024174053182917004,0.4844181562353432,0.26738510500790624,0.0,1.0,0.5131325238417843,0.2866020593971279,0.0,1.0,0.42065766845588615,0.29882003430908216,0.0,1.0,0.22187190577935276,0.24669878376238183,0.0,1.0,15,0.16720516962843296,9.810177705977383,20
943,1232,1379,12.824207744405397,96.85957792207792,5,11,9,2,922,0.7447495961227787,316,1070,0.864297253634895,0.9154013015184381,844,226,0.9154013015184381,0.7151898734177216,0.864297253634895,177,1047,5.915254237288136,0.004038772213247173,0.008885298869143781,0.007269789983844911,0.0016155088852988692,0.4848659405111018,0.26770778107345033,0.0,1.0,0.513353581901969,0.28687333302373164,0.0,1.0,0.41922392124005026,0.2981916893586039,0.0,1.0,0.22190511101801424,0.24699872132402423,0.0,1.0,15,0.1680194805194805,9.80762987012987,20
944,1232,1382,12.76178630572722,95.95373376623377,12,12,11,1,931,0.7556818181818182,301,1073,0.8709415584415584,0.9301825993555317,866,207,0.9301825993555317,0.6877076411960132,0.8709415584415584,168,1044,6.214285714285714,0.00974025974025974,0.00974025974025974,0.008928571428571428,0.0008116883116883117,0.48442082111436946,0.2678052763452677,0.0,1.0,0.5127513615416841,0.28761229195804877,0.0,1.0,0.419878508588186,0.2986709823322102,0.0,1.0,0.22266443234185168,0.2482732093415277,0.0,1.0,15,0.1672077922077922,9.823863636363637,21
945,1230,1380,12.778491209242095,95.36341463414634,9,11,11,0,902,0.7321428571428571,330,1050,0.8522727272727273,0.9079822616407982,819,231,0.9079822616407982,0.7,0.8522727272727273,170,1018,5.988235294117647,0.007305194805194805,0.008928571428571428,0.008928571428571428,0.0,0.48347757671125097,0.26758092389915544,0.0,1.0,0.511539470233412,0.28733506971232825,0.0,1.0,0.4203514293207448,0.29845931748568727,0.0,1.0,0.22381327039076845,0.2489460777182408,0.0,1.0,15,0.16666666666666666,9.840650406504064,21
946,1228,1387,12.795595982267868,95.66205211726384,8,10,5,5,948,0.7707317073170732,282,1039,0.8447154471544716,0.8997890295358649,853,186,0.8997890295358649,0.6595744680851063,0.8447154471544716,170,1016,5.976470588235294,0.0065040650406504065,0.008130081300813009,0.0040650406504065045,0.0040650406504065045,0.4818482715141326,0.26704990604127904,0.0,1.0,0.5116896080697699,0.287645034858233,0.0,1.0,0.4207996217295366,0.2984521037147324,0.0,1.0,0.22333718608805295,0.24864740436473434,0.0,1.0,15,0.16775244299674266,9.854234527687296,21
947,1226,1387,12.878141665065941,96.01957585644372,6,8,4,4,900,0.7328990228013029,328,1051,0.8558631921824105,0.9088888888888889,818,233,0.9088888888888889,0.7103658536585366,0.8558631921824105,172,1023,5.9476744186046515,0.004885993485342019,0.006514657980456026,0.003257328990228013,0.003257328990228013,0.4809240646213756,0.26741621543972044,0.0,1.0,0.5110508867020996,0.28739987420029706,0.0,1.0,0.4199600063147924,0.2978959357639441,0.0,1.0,0.2232805346524233,0.2479372437507891,0.0,1.0,15,0.16721044045676997,9.85562805872757,21
948,1228,1390,12.836604549218768,95.15390879478828,14,12,8,4,898,0.732463295269168,328,1034,0.8433931484502447,0.9075723830734966,815,219,0.9075723830734966,0.6676829268292683,0.8433931484502447,167,1004,6.0119760479041915,0.011419249592169658,0.009787928221859706,0.0065252854812398045,0.0032626427406199023,0.4807449826626038,0.2679073274707009,0.0,1.0,0.5114269202479773,0.2870008741412693,0.0,1.0,0.41791005568981826,0.297339884638398,0.0,1.0,0.22307449826626038,0.24693134788848595,0.0,1.0,15,0.16938110749185667,9.86156351791531,21
949,1230,1390,12.872002721645341,95.37154471544716,6,4,4,0,917,0.746742671009772,311,1084,0.8827361563517915,0.9312977099236641,854,230,0.9312977099236641,0.7395498392282959,0.8827361563517915,187,1071,5.7272727272727275,0.004885993485342019,0.003257328990228013,0.003257328990228013,0.0,0.4813008130081301,0.2682241428651253,0.0,1.0,0.5103592971413585,0.2866696941677441,0.0,1.0,0.4179124049305009,0.2975987994442567,0.0,1.0,0.22289535798583796,0.2469700535711179,0.0,1.0,15,0.16910569105691056,9.86829268292683,21
950,1230,1393,12.930065467500038,95.76341463414634,7,7,3,4,945,0.7682926829268293,285,1064,0.865040650406504,0.9164021164021164,866,198,0.9164021164021164,0.6947368421052632,0.865040650406504,172,1039,6.040697674418604,0.005691056910569106,0.005691056910569106,0.0024390243902439024,0.0032520325203252032,0.48012063991607656,0.26797514291818764,0.0,1.0,0.5099134539732494,0.2865201559638698,0.0,1.0,0.418095987411487,0.29780566089427435,0.0,1.0,0.22378704432205612,0.24687617075819313,0.0,1.0,15,0.16910569105691056,9.869918699186991,21
951,1233,1394,12.884096659854075,95.31873479318735,11,8,8,0,919,0.7471544715447155,311,1079,0.8772357723577235,0.9173014145810664,843,236,0.9173014145810664,0.7588424437299035,0.8772357723577235,183,1063,5.808743169398907,0.00894308943089431,0.0065040650406504065,0.0065040650406504065,0.0,0.4792402480182089,0.2673637675816326,0.0,1.0,0.5109750673678152,0.28608612387566396,0.0,1.0,0.4212385213091594,0.298880565868722,0.0,1.0,0.22538785547968498,0.2477223354576551,0.0,1.0,15,0.16869424168694241,9.883211678832117,21
952,1242,1398,12.77627757817738,94.75925925925925,15,6,5,1,961,0.7793998377939984,272,1078,0.8742903487429035,0.9219562955254943,886,192,0.9219562955254943,0.7058823529411765,0.8742903487429035,168,1050,6.25,0.012165450121654502,0.004866180048661801,0.0040551500405515,0.0008110300081103001,0.4772219624954548,0.2667792996184206,0.0,1.0,0.5115318684743649,0.2853976203792706,0.0,1.0,0.42286115007012626,0.2995636574093496,0.0,1.0,0.22562464287569478,0.2484929559608785,0.0,1.0,15,0.17149758454106281,9.898550724637682,21
953,1243,1390,12.770386379242911,94.23732904263878,12,11,6,5,967,0.7785829307568438,275,1082,0.8711755233494364,0.921406411582213,891,191,0.921406411582213,0.6945454545454546,0.8711755233494364,176,1050,5.965909090909091,0.00966183574879227,0.008856682769726247,0.004830917874396135,0.004025764895330112,0.47821347935535774,0.26750654110645167,0.0,1.0,0.5108608205953339,0.285614303334777,0.0,1.0,0.4242856772117406,0.2994859478203798,0.0,1.0,0.22489813925726002,0.2480102479893307,0.0,1.0,15,0.16975060337892195,9.923572003218021,21
954,1240,1391,12.886390872683352,94.84112903225807,2,5,4,1,905,0.7280772325020113,338,1068,0.8592115848753017,0.9160220994475138,829,239,0.9160220994475138,0.7071005917159763,0.8592115848753017,179,1048,5.854748603351955,0.0016090104585679806,0.004022526146419952,0.003218020917135961,0.0008045052292839903,0.4787460978147763,0.2680365567102171,0.0,1.0,0.5106139438085328,0.2857010979149275,0.0,1.0,0.42434963579604584,0.29996736947811714,0.0,1.0,0.2240634755463059,0.24766944286893927,0.0,1.0,15,0.17016129032258065,9.925,21
955,1239,1390,12.922224428684096,94.48506860371268,9,10,7,3,908,0.7322580645161291,332,1061,0.8556451612903225,0.9030837004405287,820,241,0.9030837004405287,0.7259036144578314,0.8556451612903225,179,1039,5.804469273743017,0.007258064516129033,0.008064516129032258,0.00564516129032258,0.0024193548387096775,0.47863781926111065,0.2684369080938654,0.0,1.0,0.5096982478065036,0.28599262913192963,0.0,1.0,0.42430159598010886,0.2994139824149798,0.0,1.0,0.22395792652763677,0.24734793222865897,0.0,1.0,15,0.17029862792574657,9.937853107344633,21
956,1231,1391,13.009625421819141,94.64581640942323,3,11,8,3,934,0.7538337368845843,305,1088,0.8781275221953188,0.9218415417558886,861,227,0.9218415417558886,0.7442622950819672,0.8781275221953188,175,1064,6.08,0.002421307506053269,0.00887812752219532,0.00645682001614205,0.002421307506053269,0.478236943476324,0.26842910115429197,0.0,1.0,0.5090799507350436,0.2859353909439335,0.0,1.0,0.42341657713372294,0.29912847293415157,0.0,1.0,0.22315977044626711,0.24690692136481496,0.0,1.0,15,0.17059301380991065,9.938261575954508,21
957,1235,1388,13.018010793078131,94.78785425101215,8,4,3,1,947,0.7692932575142161,284,1090,0.8854589764419172,0.9292502639915523,880,210,0.9292502639915523,0.7394366197183099,0.8854589764419172,174,1061,6.097701149425287,0.006498781478472786,0.003249390739236393,0.002437043054427295,0.0008123476848090983,0.47851639023116105,0.26832007402822494,0.0,1.0,0.5080579861564581,0.28688735342163113,0.0,1.0,0.42251534543554914,0.2986093259677005,0.0,1.0,0.22350790126681466,0.24692854635736222,0.0,1.0,15,0.16923076923076924,9.94251012145749,21
958,1242,1391,13.002123437282167,94.914653784219,9,2,2,0,920,0.7449392712550608,315,1056,0.8550607287449393,0.907608695652174,835,221,0.907608695652174,0.7015873015873015,0.8550607287449393,173,1032,5.965317919075145,0.0072874493927125505,0.0016194331983805667,0.0016194331983805667,0.0,0.47909199522102747,0.26762512799490523,0.0,1.0,0.5064671965092722,0.2869913462012331,0.0,1.0,0.42377019375616853,0.2993879720206446,0.0,1.0,0.2227676484338476,0.2464634007164874,0.0,1.0,15,0.16908212560386474,9.950080515297907,21
959,1247,1391,12.968070074637726,94.51483560545309,12,7,6,1,931,0.749597423510467,311,1086,0.8743961352657005,0.920515574650913,857,229,0.920515574650913,0.7363344051446945,0.8743961352657005,176,1062,6.034090909090909,0.00966183574879227,0.005636070853462158,0.004830917874396135,0.0008051529790660225,0.4782833639444343,0.26754668993728764,0.0,1.0,0.5079028377784102,0.2869107455622384,0.0,1.0,0.42292469669141425,0.29884858506742634,0.0,1.0,0.22293504410585405,0.24719915707270604,0.0,1.0,15,0.16920609462710506,9.967923015236568,21
960,1248,1386,13.02202861756445,94.62820512820512,8,7,4,3,910,0.7297514033680834,337,1062,0.8516439454691259,0.910989010989011,829,233,0.910989010989011,0.6913946587537092,0.8516439454691259,179,1036,5.787709497206704,0.006415396952686447,0.0056134723336006415,0.0032076984763432237,0.0024057738572574178,0.4774348635235732,0.2678518435153854,0.0,1.0,0.5073407775020679,0.2869069068822287,0.0,1.0,0.42361972704714634,0.29923145391610934,0.0,1.0,0.22285980148883375,0.2480741521298811,0.0,1.0,15,0.16907051282051283,9.975961538461538,21
961,1250,1385,13.040003002710318,94.6176,8,6,5,1,927,0.7427884615384616,321,1053,0.84375,0.9018338727076591,836,217,0.9018338727076591,0.67601246105919,0.84375,170,1022,6.011764705882353,0.00641025641025641,0.004807692307692308,0.004006410256410256,0.0008012820512820513,0.47687741935483874,0.26751447345286533,0.0,1.0,0.5066580645161289,0.2874021555260861,0.0,1.0,0.424,0.2994411443997256,0.0,1.0,0.223458064516129,0.2478567865500515,0.0,1.0,15,0.1688,9.9792,21
962,1256,1385,13.000912530365694,94.24761146496816,12,6,6,0,914,0.7312,336,1087,0.8696,0.9168490153172867,838,249,0.9168490153172867,0.7410714285714286,0.8696,175,1062,6.0685714285714285,0.0096,0.0048,0.0048,0.0,0.4763714814053832,0.2676649904066994,0.0,1.0,0.5067546743373742,0.2878938216407718,0.0,1.0,0.42528765153071707,0.30042923036138436,0.0,1.0,0.22447092664885968,0.24872642843587786,0.0,1.0,15,0.16719745222929935,9.99124203821656,21
963,1257,1379,13.029266777341757,94.24502784407319,8,7,6,1,946,0.7531847133757962,310,1100,0.8757961783439491,0.9207188160676533,871,229,0.9207188160676533,0.7387096774193549,0.8757961783439491,175,1069,6.1085714285714285,0.006369426751592357,0.005573248407643312,0.004777070063694267,0.0007961783439490446,0.47588985551877233,0.26713109016585157,0.0,1.0,0.5067621320604614,0.2870535818851789,0.0,1.0,0.42523160623091333,0.300682667341306,0.0,1.0,0.22465162830086996,0.24854012458371477,0.0,1.0,15,0.16865552903739062,9.99920445505171,21
964,1252,1386,13.070616826450218,94.23562300319489,5,10,8,2,920,0.7319013524264121,337,1041,0.8281622911694511,0.9065217391304348,834,207,0.9065217391304348,0.6142433234421365,0.8281622911694511,177,1025,5.790960451977401,0.003977724741447892,0.007955449482895784,0.006364359586316627,0.0015910898965791568,0.4767597650211275,0.2674264772433766,0.0,1.0,0.5063124806760796,0.2879756973861063,0.0,1.0,0.4263114500669896,0.3010430541899135,0.0,1.0,0.225110790477172,0.24878386174137868,0.0,1.0,15,0.1645367412140575,10.003993610223642,21
965,1255,1384,12.969871679005097,93.71553784860558,12,9,8,1,971,0.7755591054313099,281,1061,0.847444089456869,0.8918640576725025,866,195,0.8918640576725025,0.693950177935943,0.847444089456869,171,1030,6.023391812865497,0.009584664536741214,0.00718849840255591,0.006389776357827476,0.0007987220447284345,0.47508032386582705,0.26722403523061666,0.0,1.0,0.5072612774707621,0.28811964538920476,0.0,1.0,0.4262948207171315,0.3011543906101306,0.0,1.0,0.22431564066315382,0.2483309588976759,0.0,1.0,15,0.1649402390438247,10.018326693227092,21
966,1252,1390,12.977116048793931,93.814696485623,6,9,6,3,952,0.7585657370517929,303,1080,0.8605577689243028,0.9212184873949579,877,203,0.9212184873949579,0.66996699669967,0.8605577689243028,176,1062,6.034090909090909,0.004780876494023904,0.007171314741035857,0.004780876494023904,0.002390438247011952,0.47462125115943526,0.2668024638638254,0.0,1.0,0.507446150675049,0.28792552223729406,0.0,1.0,0.42636298052148813,0.30213868572357055,0.0,1.0,0.22433783365969287,0.24850305497606764,0.0,1.0,15,0.16693290734824281,10.023162939297125,21
967,1250,1390,12.994113039600364,93.7632,8,10,8,2,956,0.7635782747603834,296,1069,0.8538338658146964,0.9100418410041841,870,199,0.9100418410041841,0.6722972972972973,0.8538338658146964,177,1046,5.909604519774011,0.006389776357827476,0.007987220447284345,0.006389776357827476,0.001597444089456869,0.47504516129032254,0.26720650512061284,0.0,1.0,0.5076903225806452,0.28865104007164655,0.0,1.0,0.4257806451612903,0.30200908835412743,0.0,1.0,0.22330322580645162,0.24815065881295342,0.0,1.0,15,0.1672,10.0264,21
968,1247,1388,13.057436292389026,93.98957497995188,7,10,5,5,972,0.7776,278,1098,0.8784,0.9218106995884774,896,202,0.9218106995884774,0.7266187050359713,0.8784,171,1067,6.239766081871345,0.0056,0.008,0.004,0.004,0.4740926610963086,0.2671297217449194,0.0,1.0,0.5086271567891973,0.28974363774422973,0.0,1.0,0.4271153995395401,0.3027891762749661,0.0,1.0,0.2232713350751481,0.2488363131273611,0.0,1.0,15,0.16519647153167602,10.038492381716118,21
969,1250,1389,12.997388555556117,93.2976,12,9,9,0,913,0.7321571772253408,334,1061,0.8508420208500401,0.9244249726177437,844,217,0.9244249726177437,0.6497005988023952,0.8508420208500401,180,1042,5.788888888888889,0.009623095429029671,0.007217321571772253,0.007217321571772253,0.0,0.4733677419354839,0.2667669473603396,0.0,1.0,0.5083096774193548,0.29021008974787077,0.0,1.0,0.4273290322580645,0.3028558006090341,0.0,1.0,0.22425806451612904,0.24981178346749214,0.0,1.0,15,0.1664,10.06,21
970,1248,1389,13.017287839183867,93.04727564102564,8,10,8,2,954,0.7632,296,1051,0.8408,0.9035639412997903,862,189,0.9035639412997903,0.6385135135135135,0.8408,162,1013,6.253086419753086,0.0064,0.008,0.0064,0.0016,0.4738937138130686,0.26685274584840624,0.0,1.0,0.5083488420181969,0.29023124172743875,0.0,1.0,0.42553246484698104,0.30228937097372005,0.0,1.0,0.2244106699751861,0.24975251140968285,0.0,1.0,15,0.16666666666666666,10.065705128205128,21
971,1250,1383,13.051595528881302,93.2304,9,7,3,4,946,0.7580128205128205,302,1060,0.8493589743589743,0.9164904862579282,867,193,0.9164904862579282,0.6390728476821192,0.8493589743589743,176,1030,5.8522727272727275,0.007211538461538462,0.005608974358974359,0.002403846153846154,0.003205128205128205,0.47458064516129034,0.2673651760362966,0.0,1.0,0.5073806451612903,0.2906049711928513,0.0,1.0,0.4258322580645161,0.303265061563373,0.0,1.0,0.22193548387096776,0.2476982488363349,0.0,1.0,15,0.1664,10.0712,21
972,1255,1381,13.01811715380893,93.200796812749,9,4,4,0,945,0.756,305,1049,0.8392,0.8952380952380953,846,203,0.8952380952380953,0.6655737704918033,0.8392,166,1013,6.102409638554217,0.0072,0.0032,0.0032,0.0,0.4740521783832412,0.2671820263451288,0.0,1.0,0.5076211283896671,0.2909768583176386,0.0,1.0,0.4273229661997172,0.3037580421618536,0.0,1.0,0.22138542603778433,0.2474095651310678,0.0,1.0,15,0.1657370517928287,10.099601593625499,21
973,1254,1379,13.093033099881673,93.41068580542264,5,6,5,1,927,0.7386454183266933,328,1045,0.8326693227091634,0.9050701186623517,839,206,0.9050701186623517,0.6280487804878049,0.8326693227091634,173,1016,5.872832369942197,0.00398406374501992,0.004780876494023904,0.00398406374501992,0.0007968127490039841,0.47440448628903636,0.26726723970806493,0.0,1.0,0.5081288264649894,0.29101326669240707,0.0,1.0,0.42725214796522093,0.3039370400540015,0.0,1.0,0.22169059011164274,0.24703360249950904,0.0,1.0,15,0.16507177033492823,10.110047846889952,21
974,1260,1371,13.067333667943563,93.05238095238096,13,7,5,2,934,0.74481658692185,320,1083,0.8636363636363636,0.8961456102783726,837,246,0.8961456102783726,0.76875,0.8636363636363636,180,1055,5.861111111111111,0.01036682615629984,0.005582137161084529,0.003987240829346092,0.001594896331738437,0.4739375320020481,0.26769739207588406,0.0,1.0,0.5083973374295955,0.2913584748920917,0.0,1.0,0.42788018433179725,0.30357067801013093,0.0,1.0,0.22206861239119305,0.2468992125642772,0.0,1.0,15,0.1634920634920635,10.115873015873015,21
975,1262,1373,13.060994571311872,93.15451664025356,9,7,4,3,954,0.7571428571428571,306,1076,0.8539682539682539,0.9140461215932913,872,204,0.9140461215932913,0.6666666666666666,0.8539682539682539,172,1050,6.104651162790698,0.007142857142857143,0.005555555555555556,0.0031746031746031746,0.002380952380952381,0.4737999079801646,0.26790789558629924,0.0,1.0,0.5078983692040284,0.2909181695379272,0.0,1.0,0.4272276468483206,0.3027502566441504,0.0,1.0,0.22171668115127038,0.2467479958055656,0.0,1.0,15,0.16402535657686212,10.110935023771791,21
976,1264,1380,13.006752832656188,92.88291139240506,10,8,6,2,941,0.7456418383518225,321,1084,0.8589540412044374,0.9011689691817216,848,236,0.9011689691817216,0.735202492211838,0.8589540412044374,169,1060,6.272189349112426,0.00792393026941363,0.006339144215530904,0.004754358161648178,0.001584786053882726,0.47402000816659856,0.2686247287585156,0.0,1.0,0.5074775418538179,0.29076188560950567,0.0,1.0,0.428210494079216,0.3022123828507202,0.0,1.0,0.2226929358922009,0.24753993298832913,0.0,1.0,15,0.1629746835443038,10.13132911392405,21
977,1267,1366,13.069821474960815,93.1333859510655,9,6,3,3,944,0.7468354430379747,320,1095,0.8662974683544303,0.8972457627118644,847,248,0.8972457627118644,0.775,0.8662974683544303,178,1059,5.949438202247191,0.007120253164556962,0.004746835443037975,0.0023734177215189874,0.0023734177215189874,0.47411971382743084,0.26856520174683185,0.0,1.0,0.5072179647121725,0.2906877258884553,0.0,1.0,0.42882603050131124,0.3021902707340092,0.0,1.0,0.22257300710339384,0.2481089288156707,0.0,1.0,15,0.1633780584056827,10.132596685082873,21
978,1265,1365,13.094294100337173,93.12727272727273,7,9,7,2,982,0.7750591949486977,285,1102,0.8697711128650355,0.905295315682281,889,213,0.905295315682281,0.7473684210526316,0.8697711128650355,174,1075,6.17816091954023,0.0055248618784530384,0.007103393843725336,0.0055248618784530384,0.0015785319652722968,0.4741297972714522,0.2685744674023732,0.0,1.0,0.5070763738365421,0.2912340311813797,0.0,1.0,0.4298865230141527,0.30236021824234294,0.0,1.0,0.22323090654086444,0.2482928364729084,0.0,1.0,15,0.16126482213438736,10.141501976284585,21
979,1268,1365,13.04619218762137,92.79416403785488,11,8,7,1,962,0.7604743083003953,303,1094,0.8648221343873518,0.9106029106029107,876,218,0.9106029106029107,0.7194719471947195,0.8648221343873518,174,1068,6.137931034482759,0.008695652173913044,0.006324110671936759,0.005533596837944664,0.0007905138339920949,0.4733133204436756,0.2686975383741779,0.0,1.0,0.5061565075811539,0.2914944378159169,0.0,1.0,0.4292256029307011,0.30171021901878015,0.0,1.0,0.22351684135544928,0.2482580322852309,0.0,1.0,15,0.1608832807570978,10.141955835962145,21
980,1279,1368,12.958317452640706,92.64894448788115,15,4,2,2,962,0.7586750788643533,306,1086,0.8564668769716088,0.9012474012474012,867,219,0.9012474012474012,0.7156862745098039,0.8564668769716088,172,1061,6.1686046511627906,0.011829652996845425,0.0031545741324921135,0.0015772870662460567,0.0015772870662460567,0.47320235062674976,0.26914940285158445,0.0,1.0,0.5063683825569371,0.29202270592234686,0.0,1.0,0.4322177104088375,0.30300866170219626,0.0,1.0,0.22298166410249942,0.24837445686776619,0.0,1.0,15,0.1594996090695856,10.159499609069586,21
981,1280,1366,12.941175365129695,92.671875,9,8,4,4,988,0.7724784988272088,291,1097,0.8577013291634089,0.9190283400809717,908,189,0.9190283400809717,0.6494845360824743,0.8577013291634089,178,1073,6.02808988764045,0.007036747458952306,0.006254886630179828,0.003127443315089914,0.003127443315089914,0.4735887096774194,0.2691784451154592,0.0,1.0,0.5062247983870968,0.29222931312240946,0.0,1.0,0.4322832661290323,0.3033231109141184,0.0,1.0,0.22263104838709674,0.24870828638285897,0.0,1.0,15,0.16171875,10.1703125,21
982,1278,1363,12.963628773659941,92.63223787167449,7,9,7,2,954,0.7453125,326,1121,0.87578125,0.9266247379454927,884,237,0.9266247379454927,0.7269938650306749,0.87578125,176,1094,6.215909090909091,0.00546875,0.00703125,0.00546875,0.0015625,0.47339593114241,0.269295710200506,0.0,1.0,0.5064869503760916,0.2927326590296387,0.0,1.0,0.43121813317179064,0.30337757970120094,0.0,1.0,0.22090968751577564,0.24797360388253512,0.0,1.0,15,0.1619718309859155,10.185446009389672,21
983,1290,1368,12.796168165125698,92.04806201550387,17,5,4,1,978,0.7652582159624414,300,1101,0.8615023474178404,0.918200408997955,898,203,0.918200408997955,0.6766666666666666,0.8615023474178404,172,1078,6.267441860465116,0.013302034428794992,0.003912363067292645,0.003129890453834116,0.000782472613458529,0.4740435108777194,0.2697457413191302,0.0,1.0,0.5058264566141535,0.29254024432295994,0.0,1.0,0.4315078769692423,0.30376336649504126,0.0,1.0,0.22218054513628407,0.24890065793763944,0.0,1.0,15,0.16124031007751938,10.193798449612403,21
984,1292,1367,12.827329883356816,92.56114551083591,6,4,1,3,1002,0.7767441860465116,288,1121,0.8689922480620155,0.9181636726546906,920,201,0.9181636726546906,0.6979166666666666,0.8689922480620155,176,1096,6.2272727272727275,0.004651162790697674,0.0031007751937984496,0.0007751937984496124,0.002325581395348837,0.4737091780685109,0.2697123977773131,0.0,1.0,0.5060171776690302,0.2930754414108022,0.0,1.0,0.4318136422650554,0.3038826905558524,0.0,1.0,0.2208379107160691,0.24791269667558088,0.0,1.0,15,0.1609907120743034,10.202786377708978,21
985,1294,1354,12.879714815834715,92.45904173106646,11,9,4,5,963,0.7453560371517027,329,1120,0.8668730650154799,0.9169262720664589,883,237,0.9169262720664589,0.7203647416413373,0.8668730650154799,183,1090,5.956284153005464,0.008513931888544891,0.00696594427244582,0.0030959752321981426,0.003869969040247678,0.47315151817320633,0.2692685359826408,0.0,1.0,0.5074786857456249,0.29258499824425627,0.0,1.0,0.4311711621877648,0.30338028807580053,0.0,1.0,0.22149374283292617,0.24781438333024314,0.0,1.0,15,0.16306027820710975,10.207882534775889,21
986,1299,1354,12.791409098124403,92.3448806774442,11,6,5,1,1023,0.7905718701700154,271,1093,0.8446676970633694,0.8914956011730205,912,181,0.8914956011730205,0.6678966789667896,0.8446676970633694,168,1061,6.315476190476191,0.008500772797527048,0.00463678516228748,0.0038639876352395673,0.0007727975270479134,0.47277061759666245,0.2690180517377017,0.0,1.0,0.5074623159254016,0.2925602875494779,0.0,1.0,0.4330626536541756,0.30362154454115525,0.0,1.0,0.22203183590354864,0.2481685089273543,0.0,1.0,15,0.1624326404926867,10.227097767513472,21
987,1300,1347,12.823181596934427,92.36923076923077,12,11,4,7,960,0.7390300230946882,339,1127,0.867590454195535,0.9239583333333333,887,240,0.9239583333333333,0.7079646017699115,0.867590454195535,176,1096,6.2272727272727275,0.009237875288683603,0.008468052347959968,0.003079291762894534,0.005388760585065435,0.4733498759305211,0.269964037866453,0.0,1.0,0.5076674937965261,0.2930060065470794,0.0,1.0,0.4329776674937965,0.3036520327833588,0.0,1.0,0.22295285359801487,0.24912048431884842,0.0,1.0,15,0.16230769230769232,10.243846153846153,21
988,1306,1337,12.84594004321815,92.5260336906585,12,6,1,5,955,0.7346153846153847,345,1101,0.8469230769230769,0.9089005235602095,868,233,0.9089005235602095,0.6753623188405797,0.8469230769230769,177,1068,6.033898305084746,0.009230769230769232,0.004615384615384616,0.0007692307692307692,0.0038461538461538464,0.4730771130761251,0.27002724265670836,0.0,1.0,0.509237761201403,0.29401424480736554,0.0,1.0,0.43410067677715747,0.3046858113524912,0.0,1.0,0.22237316603270268,0.2490749602239752,0.0,1.0,15,0.16003062787136293,10.264931087289433,21
989,1309,1328,12.836423044502249,92.57448433919022,8,5,5,0,1003,0.7679938744257274,303,1139,0.8721286370597243,0.9142572283150548,917,222,0.9142572283150548,0.7326732673267327,0.8721286370597243,179,1109,6.195530726256983,0.006125574272588055,0.0038284839203675345,0.0038284839203675345,0.0,0.47320042386456046,0.26927369073078383,0.0,1.0,0.5084896128539392,0.2947729807761641,0.0,1.0,0.43529904630473887,0.3048259764307255,0.0,1.0,0.22307104660045837,0.24958911306300025,0.0,1.0,15,0.15889992360580596,10.295645530939648,22
990,1312,1321,12.800548541556337,92.32545731707317,10,7,6,1,1014,0.774637127578304,295,1112,0.8495034377387318,0.9003944773175543,913,199,0.9003944773175543,0.6745762711864407,0.8495034377387318,176,1081,6.142045454545454,0.007639419404125287,0.0053475935828877,0.004583651642475172,0.0007639419404125286,0.47359362706530295,0.26875481769770926,0.0,1.0,0.5077694728560188,0.2950322414669907,0.0,1.0,0.43531176239181746,0.30555736572010744,0.0,1.0,0.22351986624704956,0.24979434920904742,0.0,1.0,15,0.15929878048780488,10.310975609756097,22
991,1309,1321,12.728065429933276,91.97097020626433,11,14,9,5,999,0.7614329268292683,313,1130,0.8612804878048781,0.9049049049049049,904,226,0.9049049049049049,0.7220447284345048,0.8612804878048781,171,1101,6.43859649122807,0.008384146341463415,0.010670731707317074,0.006859756097560976,0.0038109756097560975,0.47361935976736735,0.2683599547049829,0.0,1.0,0.5068877991079129,0.29498188944259823,0.0,1.0,0.4333275832327066,0.3042467332175498,0.0,1.0,0.2223317479484462,0.2487216394669679,0.0,1.0,15,0.16042780748663102,10.318563789152025,22
992,1304,1321,12.799193827900575,92.11963190184049,9,14,6,8,941,0.7188693659281895,368,1065,0.813598166539343,0.8841657810839533,832,233,0.8841657810839533,0.6331521739130435,0.813598166539343,178,1043,5.859550561797753,0.006875477463712758,0.0106951871657754,0.004583651642475172,0.006111535523300229,0.4730110825252325,0.26729844573688993,0.0,1.0,0.5058133781911736,0.2957548187131484,0.0,1.0,0.43536018207005744,0.30500557311600507,0.0,1.0,0.22271422917078965,0.24923838079990612,0.0,1.0,15,0.15950920245398773,10.316717791411042,22
993,1303,1315,12.837190425306074,92.02532617037606,9,10,6,4,967,0.7415644171779141,337,1112,0.852760736196319,0.8934850051706308,864,248,0.8934850051706308,0.7359050445103857,0.852760736196319,180,1086,6.033333333333333,0.006901840490797546,0.007668711656441718,0.004601226993865031,0.003067484662576687,0.47228480182209787,0.26692975240123956,0.0,1.0,0.5061768128141014,0.2957229346631337,0.0,1.0,0.4364617631767881,0.30554182279698644,0.0,1.0,0.22117693659792537,0.247703403968719,0.0,1.0,15,0.15963161933998465,10.329240214888719,22
994,1306,1321,12.785360202054786,92.15084226646248,7,4,4,0,1006,0.7720644666155027,297,1089,0.8357636224098235,0.9055666003976143,911,178,0.9055666003976143,0.5993265993265994,0.8357636224098235,165,1060,6.424242424242424,0.005372217958557176,0.0030698388334612432,0.0030698388334612432,0.0,0.47191621795188465,0.2665941902446923,0.0,1.0,0.5054092772810354,0.29572519343826803,0.0,1.0,0.43723756360223287,0.30587926298425655,0.0,1.0,0.2201748752655239,0.2467060754234279,0.0,1.0,15,0.16003062787136293,10.345329249617151,22
995,1309,1317,12.748972833468562,91.91902215431627,11,8,6,2,982,0.7519142419601837,324,1094,0.8376722817764165,0.8828920570264766,867,227,0.8828920570264766,0.7006172839506173,0.8376722817764165,175,1065,6.085714285714285,0.008422664624808576,0.006125574272588055,0.004594180704441042,0.0015313935681470138,0.47066216515931886,0.26711102545604026,0.0,1.0,0.5046206165750757,0.29614221406520796,0.0,1.0,0.4381823110475862,0.3068519218033756,0.0,1.0,0.220853150644422,0.2479731382033832,0.0,1.0,15,0.15966386554621848,10.358288770053475,22
996,1315,1313,12.704819785561375,91.81216730038022,11,5,4,1,980,0.7486631016042781,329,1089,0.8319327731092437,0.8877551020408163,870,219,0.8877551020408163,0.6656534954407295,0.8319327731092437,180,1065,5.916666666666667,0.008403361344537815,0.0038197097020626434,0.0030557677616501145,0.0007639419404125286,0.47020728566171965,0.26701791602594555,0.0,1.0,0.5051637434073347,0.2966881284453885,0.0,1.0,0.43949466454065983,0.3079452214725517,0.0,1.0,0.22070403532442048,0.24844562879457574,0.0,1.0,15,0.1596958174904943,10.380988593155893,22
997,1315,1306,12.722088633807621,92.01749049429658,7,7,5,2,973,0.7399239543726236,342,1089,0.8281368821292776,0.8715313463514902,848,241,0.8715313463514902,0.7046783625730995,0.8281368821292776,176,1058,6.011363636363637,0.00532319391634981,0.00532319391634981,0.0038022813688212928,0.001520912547528517,0.4706488409174537,0.2674665185324996,0.0,1.0,0.5042806328958666,0.29711795149258147,0.0,1.0,0.43856249233411015,0.30758570918772465,0.0,1.0,0.22087575125720593,0.24852074884792352,0.0,1.0,15,0.1596958174904943,10.403041825095057,22
998,1307,1302,12.804964977415285,92.23641928079572,5,13,7,6,967,0.7353612167300381,348,1069,0.8129277566539924,0.8924508790072389,863,206,0.8924508790072389,0.5919540229885057,0.8129277566539924,171,1036,6.058479532163743,0.0038022813688212928,0.00988593155893536,0.00532319391634981,0.0045627376425855515,0.4706913147567688,0.26617410719862494,0.0,1.0,0.5035664042253869,0.29723297831956164,0.0,1.0,0.4382851642520424,0.30776357903913915,0.0,1.0,0.22030258903670064,0.24720298694945878,0.0,1.0,15,0.16067329762815608,10.407039020657995,22
999,1314,1293,12.721510568952478,91.6392694063927,18,11,7,4,985,0.7536342769701607,322,1088,0.8324407039020658,0.8934010152284264,880,208,0.8934010152284264,0.6459627329192547,0.8324407039020658,178,1057,5.938202247191011,0.013771996939556235,0.008416220351951033,0.005355776587605203,0.00306044376434583,0.4709333726125595,0.26644057446954406,0.0,1.0,0.5028477438994452,0.29709862954602634,0.0,1.0,0.43744783227770406,0.3069591471522149,0.0,1.0,0.22047920655963077,0.24720799952865888,0.0,1.0,15,0.15905631659056316,10.409436834094368,22
