step,population_size,food_count,average_energy,average_age,birth_count,death_count,age_death_count,energy_death_count,move_count,move_rate,non_move_count,eat_count,eat_rate,eat_per_move,eat_after_move_count,eat_without_move_count,eat_after_move_rate,eat_without_move_rate,total_eat_rate,shared_food_cell_count,shared_food_consumer_count,mean_consumers_per_shared_food,birth_rate,death_rate,age_death_rate,energy_death_rate,average_exploration_tendency,std_exploration_tendency,min_exploration_tendency,max_exploration_tendency,average_site_fidelity,std_site_fidelity,min_site_fidelity,max_site_fidelity,average_risk_tolerance,std_risk_tolerance,min_risk_tolerance,max_risk_tolerance,average_reproduction_timing,std_reproduction_timing,min_reproduction_timing,max_reproduction_timing,active_lineage_count,largest_lineage_share,average_generation,max_generation
0,100,490,9.93,1.0,0,0,0,0,54,0.54,46,10,0.1,0.18518518518518517,10,0,0.18518518518518517,0.0,0.1,0,0,0.0,0.0,0.0,0.0,0.0,0.5119354838709678,0.2941912492836026,0.0,1.0,0.52,0.2891474424862823,0.0,1.0,0.5016129032258064,0.287382061951921,0.0,1.0,0.5454838709677419,0.2972329903835046,0.0,1.0,100,0.01,0.0,0
1,100,669,10.459999999999997,2.0,0,0,0,0,44,0.44,56,23,0.23,0.45454545454545453,20,3,0.45454545454545453,0.05357142857142857,0.23,2,4,2.0,0.0,0.0,0.0,0.0,0.5119354838709678,0.2941912492836026,0.0,1.0,0.52,0.2891474424862823,0.0,1.0,0.5016129032258064,0.287382061951921,0.0,1.0,0.5454838709677419,0.2972329903835046,0.0,1.0,100,0.01,0.0,0
2,102,841,10.985294117647056,2.9411764705882355,2,0,0,0,51,0.51,49,28,0.28,0.47058823529411764,24,4,0.47058823529411764,0.08163265306122448,0.28,0,0,0.0,0.02,0.0,0.0,0.0,0.5177103099304238,0.2941756215263773,0.0,1.0,0.5186590765338394,0.29335287865989146,0.0,1.0,0.5069576217583808,0.28736910276474553,0.0,1.0,0.5357368753953194,0.3022754450002192,0.0,1.0,100,0.0196078431372549,0.0196078431372549,1
3,102,1019,11.503921568627447,3.9411764705882355,0,0,0,0,53,0.5196078431372549,49,24,0.23529411764705882,0.3584905660377358,19,5,0.3584905660377358,0.10204081632653061,0.23529411764705882,2,4,2.0,0.0,0.0,0.0,0.0,0.5177103099304238,0.2941756215263773,0.0,1.0,0.5186590765338394,0.29335287865989146,0.0,1.0,0.5069576217583808,0.28736910276474553,0.0,1.0,0.5357368753953194,0.3022754450002192,0.0,1.0,100,0.0196078431372549,0.0196078431372549,1
4,107,1181,11.942056074766352,4.710280373831775,5,0,0,0,60,0.5882352941176471,42,39,0.38235294117647056,0.5333333333333333,32,7,0.5333333333333333,0.16666666666666666,0.38235294117647056,1,2,2.0,0.049019607843137254,0.0,0.0,0.0,0.5260777811275249,0.2952356606581409,0.0,1.0,0.514018691588785,0.2938773770595131,0.0,1.0,0.5091950557732892,0.28551024602306246,0.0,1.0,0.5227615315043714,0.30324114669299446,0.0,1.0,100,0.028037383177570093,0.06542056074766354,1
5,110,1342,12.665454545454542,5.554545454545455,3,0,0,0,65,0.6074766355140186,42,40,0.37383177570093457,0.5230769230769231,34,6,0.5230769230769231,0.14285714285714285,0.37383177570093457,1,2,2.0,0.028037383177570093,0.0,0.0,0.0,0.5252199413489737,0.29221060311903957,0.0,1.0,0.5164222873900293,0.2944797012975796,0.0,1.0,0.5082111436950146,0.28290245216145177,0.0,1.0,0.5190615835777126,0.3016852816553168,0.0,1.0,100,0.02727272727272727,0.09090909090909091,1
6,118,1499,12.722033898305082,6.110169491525424,8,0,0,0,68,0.6181818181818182,42,43,0.39090909090909093,0.5294117647058824,36,7,0.5294117647058824,0.16666666666666666,0.39090909090909093,0,0,0.0,0.07272727272727272,0.0,0.0,0.0,0.5317113176599234,0.29191994348735234,0.0,1.0,0.5207763805358119,0.2953001231190673,0.0,1.0,0.5123018042646255,0.2823824451881784,0.0,1.0,0.5139420448332422,0.30329817818680077,0.0,1.0,100,0.0423728813559322,0.16101694915254236,2
7,124,1651,13.212096774193544,6.766129032258065,6,0,0,0,75,0.635593220338983,43,49,0.4152542372881356,0.5733333333333334,43,6,0.5733333333333334,0.13953488372093023,0.4152542372881356,1,2,2.0,0.05084745762711865,0.0,0.0,0.0,0.5288761706555671,0.28676917050936435,0.0,1.0,0.5145681581685744,0.2972594446742599,0.0,1.0,0.5080645161290323,0.28192339308815795,0.0,1.0,0.5101456815816857,0.30419418662568704,0.0,1.0,100,0.04032258064516129,0.20161290322580644,2
8,132,1790,13.807575757575753,7.295454545454546,8,0,0,0,87,0.7016129032258065,37,62,0.5,0.6666666666666666,58,4,0.6666666666666666,0.10810810810810811,0.5,1,2,2.0,0.06451612903225806,0.0,0.0,0.0,0.5298142717497556,0.2862514935771446,0.0,1.0,0.5129521016617791,0.2971888134043355,0.0,1.0,0.510019550342131,0.28024017069446017,0.0,1.0,0.5070869990224829,0.30461492077642627,0.0,1.0,100,0.045454545454545456,0.26515151515151514,2
9,141,1921,14.443262411347515,7.76595744680851,9,0,0,0,93,0.7045454545454546,39,73,0.553030303030303,0.7096774193548387,66,7,0.7096774193548387,0.1794871794871795,0.553030303030303,4,8,2.0,0.06818181818181818,0.0,0.0,0.0,0.5287119652253489,0.28486372675158933,0.0,1.0,0.5197895218485473,0.3018038427443059,0.0,1.0,0.5200183024479524,0.27989022645314554,0.0,1.0,0.49462365591397844,0.31004388697940016,0.0,1.0,100,0.05673758865248227,0.3191489361702128,2
10,151,2043,15.12715231788079,8.185430463576159,10,0,0,0,100,0.7092198581560284,41,79,0.5602836879432624,0.65,65,14,0.65,0.34146341463414637,0.5602836879432624,1,2,2.0,0.07092198581560284,0.0,0.0,0.0,0.5370647297585985,0.2833480325294699,0.0,1.0,0.5184789574877163,0.3022223447218452,0.0,1.0,0.5229651783806879,0.27983402047587763,0.0,1.0,0.4806665242469558,0.30989264237626857,0.0,1.0,100,0.06622516556291391,0.3973509933774834,3
11,164,2155,15.606097560975606,8.457317073170731,13,0,0,0,109,0.7218543046357616,42,92,0.609271523178808,0.7339449541284404,80,12,0.7339449541284404,0.2857142857142857,0.609271523178808,4,8,2.0,0.08609271523178808,0.0,0.0,0.0,0.540912667191188,0.2790357271828028,0.0,1.0,0.5230133752950433,0.30448383183082156,0.0,1.0,0.5265538945712038,0.2785427270742155,0.0,1.0,0.4765932336742722,0.3094151750617869,0.0,1.0,100,0.07317073170731707,0.4695121951219512,3
12,181,2258,15.738674033149168,8.569060773480663,17,0,0,0,123,0.75,41,102,0.6219512195121951,0.7235772357723578,89,13,0.7235772357723578,0.3170731707317073,0.6219512195121951,5,10,2.0,0.10365853658536585,0.0,0.0,0.0,0.5448226697558367,0.27805101124619047,0.0,1.0,0.5148814828016396,0.30558252964701016,0.0,1.0,0.5275351987168063,0.2771976310502637,0.0,1.0,0.45767242915701306,0.3063236726024715,0.0,1.0,100,0.07734806629834254,0.5911602209944752,3
13,199,2353,15.90904522613065,8.703517587939698,18,0,0,0,127,0.7016574585635359,54,113,0.6243093922651933,0.7559055118110236,96,17,0.7559055118110236,0.3148148148148148,0.6243093922651933,8,16,2.0,0.09944751381215469,0.0,0.0,0.0,0.5490355000810504,0.27444297102872445,0.0,1.0,0.5167774355649214,0.3038311798638097,0.0,1.0,0.530718106662344,0.2768462876873554,0.0,1.0,0.44237315610309613,0.30783847540005443,0.0,1.0,100,0.09547738693467336,0.6834170854271356,3
14,221,2431,15.976018099547506,8.737556561085972,22,0,0,0,151,0.7587939698492462,48,139,0.6984924623115578,0.8013245033112583,121,18,0.8013245033112583,0.375,0.6984924623115578,16,33,2.0625,0.11055276381909548,0.0,0.0,0.0,0.5545175886731863,0.2749375406035877,0.0,1.0,0.5149613195153993,0.30528521742869735,0.0,1.0,0.5200700627645599,0.2797899797807808,0.0,1.0,0.43584878119982484,0.30599010889911465,0.0,1.0,100,0.09049773755656108,0.7647058823529411,3
15,240,2502,16.39958333333333,8.966666666666667,19,0,0,0,157,0.7104072398190046,64,145,0.6561085972850679,0.7707006369426752,121,24,0.7707006369426752,0.375,0.6561085972850679,13,29,2.230769230769231,0.08597285067873303,0.0,0.0,0.0,0.5588709677419355,0.2717367001354172,0.0,1.0,0.5255376344086021,0.30508739453260597,0.0,1.0,0.5241935483870968,0.27949492377791146,0.0,1.0,0.42862903225806454,0.30789953993299,0.0,1.0,100,0.10416666666666667,0.8541666666666666,4
16,273,2559,15.825641025641021,8.761904761904763,33,0,0,0,187,0.7791666666666667,53,160,0.6666666666666666,0.7807486631016043,146,14,0.7807486631016043,0.2641509433962264,0.6666666666666666,15,32,2.1333333333333333,0.1375,0.0,0.0,0.0,0.5606758832565284,0.2708657448882416,0.0,1.0,0.5229823939501359,0.3117995011341931,0.0,1.0,0.5383433770530545,0.27617625136231444,0.0,1.0,0.41770057899090157,0.31044944220329346,0.0,1.0,100,0.10989010989010989,0.967032967032967,4
17,295,2599,16.3593220338983,9.033898305084746,22,0,0,0,205,0.7509157509157509,68,185,0.6776556776556777,0.7658536585365854,157,28,0.7658536585365854,0.4117647058823529,0.6776556776556777,24,49,2.0416666666666665,0.08058608058608059,0.0,0.0,0.0,0.5661016949152542,0.2672968382518783,0.0,1.0,0.5153635866593768,0.312171216263292,0.0,1.0,0.532750136686714,0.2752331711327647,0.0,1.0,0.4144341170038272,0.30754537391398384,0.0,1.0,100,0.10847457627118644,1.0576271186440678,4
18,337,2618,15.772997032640946,8.783382789317507,42,0,0,0,234,0.7932203389830509,61,214,0.7254237288135593,0.8205128205128205,192,22,0.8205128205128205,0.36065573770491804,0.7254237288135593,26,59,2.269230769230769,0.1423728813559322,0.0,0.0,0.0,0.5698286589451517,0.26894543263162085,0.0,1.0,0.5165119172968317,0.31368982827339875,0.0,1.0,0.5338374653010434,0.27483015606612,0.0,1.0,0.40231645448454106,0.3048237165022143,0.0,1.0,100,0.11869436201780416,1.1691394658753709,4
19,378,2611,15.649206349206345,8.722222222222221,41,0,0,0,258,0.7655786350148368,79,246,0.7299703264094956,0.8023255813953488,207,39,0.8023255813953488,0.4936708860759494,0.7299703264094956,33,72,2.1818181818181817,0.12166172106824925,0.0,0.0,0.0,0.5759515275644308,0.2657738497510944,0.0,1.0,0.5099846390168971,0.31568969245998385,0.0,1.0,0.534220856801502,0.2719687281787972,0.0,1.0,0.3936678614097969,0.30660794430955435,0.0,1.0,100,0.12433862433862433,1.2777777777777777,4
20,415,2593,15.821686746987947,8.855421686746988,37,0,0,0,282,0.746031746031746,96,272,0.7195767195767195,0.7907801418439716,223,49,0.7907801418439716,0.5104166666666666,0.7195767195767195,43,97,2.255813953488372,0.09788359788359788,0.0,0.0,0.0,0.5806451612903226,0.2635921792837411,0.0,1.0,0.50470268169452,0.3180361193470601,0.0,1.0,0.5365720948309367,0.27007759937571446,0.0,1.0,0.3835211815001943,0.30355433330064246,0.0,1.0,100,0.12771084337349398,1.3759036144578314,5
21,450,2576,15.972444444444442,9.04,36,1,0,1,318,0.7662650602409639,97,302,0.727710843373494,0.7955974842767296,253,49,0.7955974842767296,0.5051546391752577,0.727710843373494,62,147,2.370967741935484,0.08674698795180723,0.0024096385542168677,0.0,0.0024096385542168677,0.5802867383512544,0.26307389163115213,0.0,1.0,0.5040143369175627,0.3195033545946029,0.0,1.0,0.5392114695340502,0.2692366238178519,0.0,1.0,0.3833691756272401,0.30259215081987645,0.0,1.0,99,0.12666666666666668,1.44,5
22,502,2543,15.500398406374497,8.97609561752988,53,1,0,1,344,0.7644444444444445,106,321,0.7133333333333334,0.7906976744186046,272,49,0.7906976744186046,0.46226415094339623,0.7133333333333334,66,154,2.3333333333333335,0.11777777777777777,0.0022222222222222222,0.0,0.0022222222222222222,0.5734481429122221,0.2657768812409231,0.0,1.0,0.5034057319110654,0.322200985880989,0.0,1.0,0.542539519341987,0.26861429854839464,0.0,1.0,0.3804780876494024,0.30222316485523165,0.0,1.0,99,0.13346613545816732,1.5338645418326693,5
23,543,2502,15.544383057090236,9.222836095764272,41,0,0,0,380,0.7569721115537849,122,367,0.7310756972111554,0.7973684210526316,303,64,0.7973684210526316,0.5245901639344263,0.7310756972111554,90,216,2.4,0.08167330677290836,0.0,0.0,0.0,0.5728034218499376,0.26494536522917034,0.0,1.0,0.49682171924196517,0.3230273115665601,0.0,1.0,0.544169191469138,0.26678271187009206,0.0,1.0,0.37622527178756016,0.30033599214636436,0.0,1.0,99,0.13259668508287292,1.6040515653775322,5
24,595,2429,15.417983193277307,9.329411764705883,52,0,0,0,418,0.7697974217311234,125,402,0.7403314917127072,0.8110047846889952,339,63,0.8110047846889952,0.504,0.7403314917127072,95,224,2.357894736842105,0.09576427255985268,0.0,0.0,0.0,0.5814583898075358,0.26414833983253255,0.0,1.0,0.4997018162103551,0.32373525855624674,0.0,1.0,0.542260775277853,0.2668979486337671,0.0,1.0,0.3685551640010843,0.29767627773285577,0.0,1.0,99,0.13781512605042018,1.6991596638655462,5
25,645,2355,15.327751937984493,9.514728682170542,51,1,0,1,449,0.7546218487394958,146,436,0.7327731092436974,0.7973273942093542,358,78,0.7973273942093542,0.5342465753424658,0.7327731092436974,99,261,2.6363636363636362,0.08571428571428572,0.0016806722689075631,0.0,0.0016806722689075631,0.5818454613653413,0.2652570663677917,0.0,1.0,0.4976244061015254,0.3232494989766487,0.0,1.0,0.5460865216304075,0.2683157695263246,0.0,1.0,0.36664166041510377,0.2983650285829172,0.0,1.0,99,0.13953488372093023,1.7596899224806202,5
26,695,2279,15.217841726618701,9.758273381294964,50,0,0,0,493,0.7643410852713178,152,474,0.7348837209302326,0.7768762677484787,383,91,0.7768762677484787,0.5986842105263158,0.7348837209302326,110,308,2.8,0.07751937984496124,0.0,0.0,0.0,0.5824089115804131,0.265098844487528,0.0,1.0,0.4989556741703411,0.32411106347708263,0.0,1.0,0.5473195637038756,0.26737733033135613,0.0,1.0,0.3618937108377814,0.2961832251416135,0.0,1.0,99,0.1410071942446043,1.8201438848920863,5
27,739,2202,15.250067658998644,10.093369418132612,45,1,0,1,517,0.7438848920863309,178,510,0.7338129496402878,0.8085106382978723,418,92,0.8085106382978723,0.5168539325842697,0.7338129496402878,121,354,2.925619834710744,0.06474820143884892,0.0014388489208633094,0.0,0.0014388489208633094,0.580426906455978,0.2653362574952154,0.0,1.0,0.4917281417783404,0.3258772513397447,0.0,1.0,0.5476886813042909,0.26696229743434263,0.0,1.0,0.3565410973853071,0.2944735572104277,0.0,1.0,99,0.13802435723951287,1.8755074424898512,5
28,788,2130,15.0739847715736,10.379441624365482,51,2,0,2,551,0.7456021650879567,188,540,0.7307171853856563,0.7822141560798548,431,109,0.7822141560798548,0.5797872340425532,0.7307171853856563,131,399,3.045801526717557,0.06901217861975643,0.0027063599458728013,0.0,0.0027063599458728013,0.5823644997543802,0.26601615079576074,0.0,1.0,0.4902570820370067,0.32581706406133204,0.0,1.0,0.5455624692975274,0.2654426648324293,0.0,1.0,0.35455215326674305,0.29274803715978154,0.0,1.0,99,0.1383248730964467,1.9340101522842639,5
29,828,2052,15.14359903381642,10.829710144927537,40,0,0,0,586,0.7436548223350253,202,584,0.7411167512690355,0.8071672354948806,473,111,0.8071672354948806,0.5495049504950495,0.7411167512690355,138,444,3.217391304347826,0.050761421319796954,0.0,0.0,0.0,0.5869175627240143,0.26520171372322476,0.0,1.0,0.4873383200872682,0.3247926217519872,0.0,1.0,0.5434782608695652,0.2656967699632285,0.0,1.0,0.3521894966495247,0.2899899733166308,0.0,1.0,99,0.1388888888888889,1.9830917874396135,5
30,870,1998,14.989655172413789,11.24712643678161,43,1,0,1,610,0.7367149758454107,218,602,0.7270531400966184,0.8049180327868852,491,111,0.8049180327868852,0.5091743119266054,0.7270531400966184,150,498,3.32,0.051932367149758456,0.0012077294685990338,0.0,0.0012077294685990338,0.5902855024100853,0.2670082976113432,0.0,1.0,0.48439006303299964,0.32516167050787403,0.0,1.0,0.5471264367816092,0.2662240620085378,0.0,1.0,0.34979606970708194,0.2880783780519099,0.0,1.0,99,0.1425287356321839,2.024137931034483,6
31,903,1943,15.01273532668881,11.777408637873755,35,2,0,2,649,0.7459770114942529,221,621,0.7137931034482758,0.8012326656394453,520,101,0.8012326656394453,0.45701357466063347,0.7137931034482758,144,510,3.5416666666666665,0.040229885057471264,0.0022988505747126436,0.0,0.0022988505747126436,0.5871467866966742,0.2672328213346772,0.0,1.0,0.4832636730611224,0.32609220038243986,0.0,1.0,0.5470653377630121,0.2656241988680235,0.0,1.0,0.3508734326438752,0.2875153648572679,0.0,1.0,99,0.1450719822812846,2.0575858250276853,6
32,942,1885,14.891613588110399,12.199575371549894,43,4,0,4,668,0.7397563676633444,235,651,0.7209302325581395,0.8008982035928144,535,116,0.8008982035928144,0.49361702127659574,0.7209302325581395,153,546,3.5686274509803924,0.047619047619047616,0.004429678848283499,0.0,0.004429678848283499,0.589171974522293,0.2672563028620302,0.0,1.0,0.4806862543661393,0.32736642124657933,0.0,1.0,0.5478391890966372,0.2659730263507634,0.0,1.0,0.35100335593452503,0.2877172395198334,0.0,1.0,99,0.14968152866242038,2.083864118895966,6
33,968,1829,15.004786501377405,12.78305785123967,30,4,0,4,706,0.7494692144373672,236,678,0.7197452229299363,0.7875354107648725,556,122,0.7875354107648725,0.5169491525423728,0.7197452229299363,161,583,3.62111801242236,0.03184713375796178,0.004246284501061571,0.0,0.004246284501061571,0.5899093575046654,0.26828870344323164,0.0,1.0,0.48063849640095974,0.3290364398618049,0.0,1.0,0.5502532657957878,0.26476480825191,0.0,1.0,0.34874033591042386,0.2875291495623437,0.0,1.0,99,0.15392561983471073,2.12396694214876,6
34,1002,1776,14.938157019294739,13.29940119760479,35,1,0,1,714,0.737603305785124,254,689,0.7117768595041323,0.788515406162465,563,126,0.788515406162465,0.49606299212598426,0.7117768595041323,150,586,3.9066666666666667,0.03615702479338843,0.0010330578512396695,0.0,0.0010330578512396695,0.5902388770845406,0.26841133468136485,0.0,1.0,0.4809091494430494,0.3283647819620341,0.0,1.0,0.5511879466872706,0.26277303850141637,0.0,1.0,0.34720880819007144,0.2868950825108633,0.0,1.0,99,0.156686626746507,2.147704590818363,6
35,1033,1730,14.871861890932554,13.851887705711519,33,2,0,2,741,0.7395209580838323,261,714,0.7125748502994012,0.8002699055330634,593,121,0.8002699055330634,0.46360153256704983,0.7125748502994012,157,625,3.9808917197452227,0.03293413173652695,0.001996007984031936,0.0,0.001996007984031936,0.5898260625175654,0.2687351522852688,0.0,1.0,0.47962402023545575,0.3277112752130399,0.0,1.0,0.5524466789495049,0.2612835948523515,0.0,1.0,0.34681322799238046,0.2875650354478773,0.0,1.0,99,0.15972894482090996,2.1771539206195545,6
36,1062,1665,14.925549278091646,14.433145009416195,30,1,0,1,754,0.7299128751210068,279,734,0.7105517909002904,0.7824933687002652,590,144,0.7824933687002652,0.5161290322580645,0.7105517909002904,154,623,4.045454545454546,0.02904162633107454,0.000968054211035818,0.0,0.000968054211035818,0.5894842354656461,0.2704149034641125,0.0,1.0,0.4780997509264322,0.32897496903461204,0.0,1.0,0.551789077212806,0.2606301830710132,0.0,1.0,0.3456047627726141,0.2868986880782928,0.0,1.0,99,0.1638418079096045,2.2015065913371,6
37,1093,1606,14.873813154416991,14.925892040256176,35,4,0,4,793,0.7467043314500942,269,741,0.6977401129943502,0.7566204287515763,600,141,0.7566204287515763,0.5241635687732342,0.6977401129943502,155,637,4.109677419354838,0.03295668549905838,0.003766478342749529,0.0,0.003766478342749529,0.5873741994510522,0.27030703103961856,0.0,1.0,0.4768467963285424,0.3289345250212439,0.0,1.0,0.552135289083021,0.25985903852877723,0.0,1.0,0.3451288256647877,0.2855163444383626,0.0,1.0,99,0.1637694419030192,2.2223238792314732,6
38,1113,1557,14.96404113007886,15.513027852650493,27,7,0,7,773,0.707227813357731,320,769,0.7035681610247027,0.7852522639068564,607,162,0.7852522639068564,0.50625,0.7035681610247027,167,687,4.11377245508982,0.024702653247941447,0.006404391582799634,0.0,0.006404391582799634,0.5869924354403965,0.2701844631402516,0.0,1.0,0.4719879430774136,0.32829612878035624,0.0,1.0,0.5490826884618729,0.2601635544262698,0.0,1.0,0.3463756774773208,0.285170043824913,0.0,1.0,99,0.16621743036837378,2.2353998203054806,6
39,1143,1517,14.813978808204526,15.973753280839896,37,7,0,7,812,0.7295597484276729,301,780,0.7008086253369272,0.7586206896551724,616,164,0.7586206896551724,0.5448504983388704,0.7008086253369272,166,706,4.253012048192771,0.03324348607367475,0.006289308176100629,0.0,0.006289308176100629,0.5864025061383457,0.27069463868239035,0.0,1.0,0.47165072107921996,0.32965594325348707,0.0,1.0,0.5505602122315355,0.2602037403023434,0.0,1.0,0.34555357999604885,0.28668626030758915,0.0,1.0,98,0.1714785651793526,2.269466316710411,6
40,1166,1465,14.83171336001524,16.556603773584907,30,7,0,7,815,0.7130358705161854,328,818,0.715660542432196,0.7901840490797546,644,174,0.7901840490797546,0.5304878048780488,0.715660542432196,169,735,4.349112426035503,0.026246719160104987,0.006124234470691163,0.0,0.006124234470691163,0.5857632933104632,0.2710083933102604,0.0,1.0,0.4698445194489017,0.3291107786769864,0.0,1.0,0.5525369335472805,0.25908044243675477,0.0,1.0,0.34308083882033974,0.28490818261846423,0.0,1.0,98,0.1758147512864494,2.304459691252144,6
41,1181,1434,14.871192021827069,17.195596951735816,24,9,0,9,838,0.7186963979416809,328,817,0.7006861063464837,0.7768496420047732,651,166,0.7768496420047732,0.5060975609756098,0.7006861063464837,163,749,4.595092024539877,0.02058319039451115,0.007718696397941681,0.0,0.007718696397941681,0.5841960066646635,0.2714458552242766,0.0,1.0,0.47070552566168633,0.32893589709994947,0.0,1.0,0.5527300538089644,0.2582515396107999,0.0,1.0,0.3432574909180301,0.2851610166561925,0.0,1.0,96,0.17527519051651144,2.320914479254869,6
42,1200,1391,14.894759259259251,17.831666666666667,25,6,0,6,855,0.7239627434377646,326,824,0.6977138018628282,0.7730994152046784,661,163,0.7730994152046784,0.5,0.6977138018628282,162,743,4.58641975308642,0.021168501270110076,0.005080440304826418,0.0,0.005080440304826418,0.5839247311827958,0.27136043719948494,0.0,1.0,0.4711290322580645,0.33046122604869915,0.0,1.0,0.5547580645161291,0.25805139835611896,0.0,1.0,0.3429032258064516,0.28637356051793317,0.0,1.0,96,0.1775,2.339166666666667,6
43,1219,1339,14.919041108376623,18.372436423297785,30,11,0,11,884,0.7366666666666667,316,848,0.7066666666666667,0.7918552036199095,700,148,0.7918552036199095,0.46835443037974683,0.7066666666666667,169,765,4.5266272189349115,0.025,0.009166666666666667,0.0,0.009166666666666667,0.5858053931038133,0.27216092521336765,0.0,1.0,0.470904231390087,0.3298824749598907,0.0,1.0,0.5543147476778957,0.2578938385948335,0.0,1.0,0.3437508269602265,0.2854956099979378,0.0,1.0,96,0.17883511074651354,2.3560295324036096,6
44,1244,1300,14.805073240443006,18.876205787781352,31,6,0,6,889,0.7292863002461034,330,853,0.6997538966365874,0.7772778402699663,691,162,0.7772778402699663,0.4909090909090909,0.6997538966365874,160,774,4.8375,0.02543068088597211,0.004922067268252666,0.0,0.004922067268252666,0.5870760294575252,0.27292696273148265,0.0,1.0,0.47137226428793694,0.330029195420068,0.0,1.0,0.5548698267814542,0.25768785206438294,0.0,1.0,0.3439217923451924,0.28496086673596566,0.0,1.0,95,0.17926045016077172,2.3657556270096465,6
45,1262,1255,14.803336855080113,19.442155309033282,26,8,0,8,921,0.7403536977491961,323,897,0.7210610932475884,0.7969598262757872,734,163,0.7969598262757872,0.5046439628482973,0.7210610932475884,168,820,4.880952380952381,0.02090032154340836,0.006430868167202572,0.0,0.006430868167202572,0.5867542559173866,0.27318162466391244,0.0,1.0,0.46771637441848574,0.329023511061447,0.0,1.0,0.5528858442819897,0.25785587719337555,0.0,1.0,0.34497213843873015,0.2844841437463475,0.0,1.0,95,0.179080824088748,2.3851030110935025,6
46,1273,1216,14.869922318233387,20.069913589945013,21,10,0,10,934,0.7400950871632329,328,911,0.7218700475435816,0.7773019271948608,726,185,0.7773019271948608,0.5640243902439024,0.7218700475435816,172,844,4.906976744186046,0.01664025356576862,0.00792393026941363,0.0,0.00792393026941363,0.5862200035476269,0.2741842015364036,0.0,1.0,0.4657527304056965,0.32859035788082497,0.0,1.0,0.5522134657780706,0.25848717505356267,0.0,1.0,0.3452854572637661,0.2841792468383278,0.0,1.0,94,0.1814611154752553,2.400628436763551,6
47,1292,1173,14.82949776401788,20.6640866873065,26,7,0,7,950,0.746268656716418,323,916,0.7195600942655145,0.7905263157894736,751,165,0.7905263157894736,0.5108359133126935,0.7195600942655145,169,842,4.982248520710059,0.0204241948153967,0.0054988216810683424,0.0,0.0054988216810683424,0.5848896434634974,0.2741474743763041,0.0,1.0,0.46509537601118545,0.329167622109626,0.0,1.0,0.5511834615000499,0.25909904963320346,0.0,1.0,0.3450014980525317,0.28369410882434737,0.0,1.0,94,0.18111455108359134,2.411764705882353,6
48,1314,1128,14.767588364620318,21.183409436834093,26,4,0,4,929,0.7190402476780186,363,952,0.7368421052631579,0.8008611410118407,744,208,0.8008611410118407,0.5730027548209367,0.7368421052631579,165,872,5.284848484848485,0.020123839009287926,0.0030959752321981426,0.0,0.0030959752321981426,0.5859969558599696,0.2742041370710955,0.0,1.0,0.46715274709088234,0.3290003681942007,0.0,1.0,0.5517994795502528,0.25900228550221926,0.0,1.0,0.3448470565129867,0.2833638676230981,0.0,1.0,93,0.1796042617960426,2.4292237442922375,6
49,1331,1087,14.743434343434336,21.827197595792637,22,5,0,5,967,0.7359208523592086,347,955,0.7267884322678844,0.796277145811789,770,185,0.796277145811789,0.5331412103746398,0.7267884322678844,172,886,5.151162790697675,0.0167427701674277,0.00380517503805175,0.0,0.00380517503805175,0.5852984658636484,0.2741159160728395,0.0,1.0,0.46494268195147964,0.32899125310143645,0.0,1.0,0.5511742323259252,0.25883447077452204,0.0,1.0,0.34473231380722713,0.2831066638790019,0.0,1.0,93,0.18181818181818182,2.444778362133734,6
50,1344,1043,14.776521164021155,22.448660714285715,21,8,0,8,965,0.7250187828700225,366,974,0.7317806160781367,0.7917098445595855,764,210,0.7917098445595855,0.5737704918032787,0.7317806160781367,165,895,5.424242424242424,0.015777610818933134,0.006010518407212622,0.0,0.006010518407212622,0.586717549923195,0.2746328118529885,0.0,1.0,0.4648377496159754,0.3292314415845079,0.0,1.0,0.5514832949308756,0.25888917881432477,0.0,1.0,0.3454061059907834,0.2831509940468871,0.0,1.0,91,0.18229166666666666,2.4642857142857144,6
51,1366,997,14.67253131608914,22.962664714494874,29,7,0,7,1000,0.7440476190476191,344,989,0.7358630952380952,0.81,810,179,0.81,0.5203488372093024,0.7358630952380952,178,921,5.174157303370786,0.021577380952380952,0.005208333333333333,0.0,0.005208333333333333,0.5851320077457138,0.27500092621038774,0.0,1.0,0.46582912199499366,0.3290276935409541,0.0,1.0,0.553039248098994,0.25869925792621573,0.0,1.0,0.3484390497331507,0.28450651427487483,0.0,1.0,91,0.1815519765739385,2.4714494875549047,6
52,1387,966,14.562997676840494,23.599855803893295,21,0,0,0,968,0.7086383601756955,398,985,0.7210834553440703,0.7768595041322314,752,233,0.7768595041322314,0.585427135678392,0.7210834553440703,177,931,5.259887005649717,0.015373352855051245,0.0,0.0,0.0,0.5849943019280415,0.2753581034498793,0.0,1.0,0.4664278903179292,0.32825034478699266,0.0,1.0,0.552154801497779,0.25874836508031823,0.0,1.0,0.3489080633532572,0.2845900309360129,0.0,1.0,91,0.1809661139149243,2.4808940158615718,6
53,1412,934,14.37470097576329,24.13172804532578,28,3,0,3,1014,0.7310742609949531,373,995,0.7173756308579669,0.7751479289940828,786,209,0.7751479289940828,0.5603217158176944,0.7173756308579669,160,923,5.76875,0.020187454938716654,0.0021629416005767843,0.0,0.0021629416005767843,0.58434615736087,0.2744761695808013,0.0,1.0,0.46639404185323946,0.32781836451574586,0.0,1.0,0.5515626427853422,0.25872237008005333,0.0,1.0,0.35074933747601206,0.285030389918909,0.0,1.0,91,0.1791784702549575,2.48371104815864,6
54,1417,907,14.418050654747894,24.93860268172195,12,7,0,7,1038,0.7351274787535411,374,995,0.7046742209631728,0.7822736030828517,812,183,0.7822736030828517,0.4893048128342246,0.7046742209631728,165,933,5.654545454545454,0.0084985835694051,0.004957507082152974,0.0,0.004957507082152974,0.5847656338925945,0.2747094679416307,0.0,1.0,0.4670020716188221,0.328040735409195,0.0,1.0,0.5515514376124023,0.25879107100827403,0.0,1.0,0.3529719762332962,0.2861009113828594,0.0,1.0,91,0.17854622441778406,2.4862385321100917,6
55,1428,873,14.395502645502635,25.623249299719888,19,8,0,8,1052,0.7424135497529993,365,1041,0.7346506704304869,0.8231939163498099,866,175,0.8231939163498099,0.4794520547945205,0.7346506704304869,185,992,5.3621621621621625,0.013408609738884969,0.0056457304163726185,0.0,0.0056457304163726185,0.584282099936749,0.2747694429478076,0.0,1.0,0.4679904219752417,0.3283536411127532,0.0,1.0,0.5522951115930242,0.2588061445762523,0.0,1.0,0.3521279479533749,0.2856795632217821,0.0,1.0,91,0.1792717086834734,2.4985994397759104,6
56,1431,842,14.477003689687118,26.388539482879107,11,8,0,8,1026,0.7184873949579832,402,1041,0.7289915966386554,0.7884990253411306,809,232,0.7884990253411306,0.5771144278606966,0.7289915966386554,177,987,5.576271186440678,0.007703081232492998,0.0056022408963585435,0.0,0.0056022408963585435,0.5844097292666982,0.27496389217424616,0.0,1.0,0.46597236311174234,0.32815392830527895,0.0,1.0,0.553368950204008,0.2583192163590723,0.0,1.0,0.35044295665111247,0.28475308674870276,0.0,1.0,90,0.18029350104821804,2.5080363382250175,6
57,1432,823,14.530208761598415,27.201117318435752,11,10,0,10,1046,0.7309573724668065,385,1005,0.7023060796645703,0.7724665391969407,808,197,0.7724665391969407,0.5116883116883116,0.7023060796645703,168,954,5.678571428571429,0.007686932215234102,0.0069881201956673656,0.0,0.0069881201956673656,0.5826049738691655,0.2747306316755403,0.0,1.0,0.4654892773472698,0.3286651535226577,0.0,1.0,0.5542214813479907,0.25800277989452297,0.0,1.0,0.35091908451973325,0.2852279937456147,0.0,1.0,90,0.18156424581005587,2.5104748603351954,6
58,1442,806,14.466129643972907,27.85991678224688,18,8,0,8,1031,0.7199720670391061,401,1026,0.7164804469273743,0.7963142580019399,821,205,0.7963142580019399,0.5112219451371571,0.7164804469273743,179,988,5.5195530726256985,0.012569832402234637,0.00558659217877095,0.0,0.00558659217877095,0.5836875307592501,0.27491197672970713,0.0,1.0,0.46693660238915485,0.3278941397678135,0.0,1.0,0.5552100577155384,0.2579281451797935,0.0,1.0,0.35141604402487586,0.2860516920946582,0.0,1.0,88,0.18030513176144244,2.5194174757281553,6
59,1444,796,14.463960489341366,28.655124653739612,14,12,0,12,1050,0.7281553398058253,392,1044,0.723994452149792,0.7933333333333333,833,211,0.7933333333333333,0.5382653061224489,0.723994452149792,180,1014,5.633333333333334,0.009708737864077669,0.008321775312066574,0.0,0.008321775312066574,0.5831471718345098,0.2754447384617842,0.0,1.0,0.46870252881780006,0.3278693871292887,0.0,1.0,0.5553123045304262,0.25756341633989416,0.0,1.0,0.351376105799303,0.28525744942132575,0.0,1.0,88,0.1814404432132964,2.5304709141274238,6
60,1450,784,14.435213066626847,29.438620689655174,10,4,0,4,1065,0.7375346260387812,379,1047,0.7250692520775623,0.7887323943661971,840,207,0.7887323943661971,0.5461741424802111,0.7250692520775623,179,1014,5.664804469273743,0.006925207756232687,0.002770083102493075,0.0,0.002770083102493075,0.5826918798665184,0.2757277795785518,0.0,1.0,0.4686095661846496,0.3288833127453175,0.0,1.0,0.5561290322580645,0.2570816656481826,0.0,1.0,0.35152391546162404,0.28541104249502247,0.0,1.0,87,0.18344827586206897,2.5386206896551724,6
61,1457,768,14.395785138372634,30.24296499656829,12,5,0,5,1086,0.7489655172413793,364,1060,0.7310344827586207,0.7900552486187845,858,202,0.7900552486187845,0.554945054945055,0.7310344827586207,173,1017,5.878612716763006,0.008275862068965517,0.0034482758620689655,0.0,0.0034482758620689655,0.5812429428565102,0.2760939375921442,0.0,1.0,0.46768658533885354,0.32808229998099725,0.0,1.0,0.5540106715079594,0.2573352437966634,0.0,1.0,0.3514291407443487,0.28530599488533676,0.0,1.0,87,0.1832532601235415,2.5470144131777626,6
62,1458,751,14.452646739786644,31.102880658436213,8,7,0,7,1025,0.7035003431708992,432,1089,0.7474262182566919,0.8146341463414634,835,254,0.8146341463414634,0.5879629629629629,0.7474262182566919,175,1047,5.982857142857143,0.00549073438572409,0.004804392587508579,0.0,0.004804392587508579,0.5816850303110758,0.2759927550470982,0.0,1.0,0.46796318421169075,0.32848313707523896,0.0,1.0,0.5542059383158546,0.25694139062315047,0.0,1.0,0.35118810566839237,0.2852664421195439,0.0,1.0,87,0.18381344307270234,2.5486968449931413,6
63,1471,727,14.344863807542243,31.738273283480627,19,6,0,6,1121,0.7688614540466392,337,1086,0.7448559670781894,0.8135593220338984,912,174,0.8135593220338984,0.516320474777448,0.7448559670781894,173,1035,5.982658959537572,0.013031550068587106,0.00411522633744856,0.0,0.00411522633744856,0.5817854871603693,0.2764678788987888,0.0,1.0,0.46827920440341225,0.3286434295394563,0.0,1.0,0.554878182495998,0.256999344731572,0.0,1.0,0.35233876450077845,0.28544765142213796,0.0,1.0,87,0.18218898708361658,2.555404486743712,6
64,1477,702,14.324844049353176,32.51658767772512,13,7,0,7,1131,0.7688647178789939,340,1092,0.7423521414004078,0.8090185676392573,915,177,0.8090185676392573,0.5205882352941177,0.7423521414004078,174,1041,5.982758620689655,0.008837525492861998,0.004758667573079538,0.0,0.004758667573079538,0.5802520366042763,0.2767721034892142,0.0,1.0,0.4689103894118418,0.32855038326494457,0.0,1.0,0.5546334112302618,0.25701763680043943,0.0,1.0,0.35350645379692924,0.28552600377213927,0.0,1.0,87,0.18280297901150983,2.5633039945836154,6
65,1483,686,14.295144136226389,33.26635198921106,13,7,0,7,1063,0.7197020988490183,414,1075,0.7278266756939743,0.7855126999059266,835,240,0.7855126999059266,0.5797101449275363,0.7278266756939743,174,1033,5.936781609195402,0.008801624915368992,0.004739336492890996,0.0,0.004739336492890996,0.5796880777847867,0.2768699732188201,0.0,1.0,0.4702325277880495,0.32932704511215855,0.0,1.0,0.5528679877319296,0.2574675313708046,0.0,1.0,0.35477345398386007,0.2850173926859297,0.0,1.0,87,0.1820633850303439,2.565070802427512,6
66,1494,670,14.195380692117626,33.92904953145917,15,4,0,4,1106,0.7457855697909642,377,1121,0.75590020229265,0.8245931283905967,912,209,0.8245931283905967,0.5543766578249337,0.75590020229265,180,1085,6.027777777777778,0.010114632501685773,0.0026972353337828725,0.0,0.0026972353337828725,0.5796951245843589,0.2771335741725233,0.0,1.0,0.4697715593557024,0.32986083062800986,0.0,1.0,0.5541520922399275,0.2574988444638777,0.0,1.0,0.3553137280304012,0.28496356161901,0.0,1.0,87,0.1827309236947791,2.576305220883534,6
67,1502,651,14.14360769242592,34.64647137150466,13,5,0,5,1095,0.7329317269076305,399,1090,0.7295850066934404,0.7926940639269406,868,222,0.7926940639269406,0.556390977443609,0.7295850066934404,174,1045,6.005747126436781,0.008701472556894244,0.0033467202141900937,0.0,0.0033467202141900937,0.5786263476654783,0.2770272485583254,0.0,1.0,0.47072720243975774,0.32981938291656526,0.0,1.0,0.5540999097976891,0.2574152254363345,0.0,1.0,0.35803874404020447,0.2857941129363469,0.0,1.0,87,0.18175765645805592,2.577896138482024,6
68,1505,638,14.11842663611765,35.37541528239203,13,10,0,10,1097,0.7303595206391478,405,1098,0.7310252996005326,0.7976298997265269,875,223,0.7976298997265269,0.5506172839506173,0.7310252996005326,182,1067,5.862637362637362,0.008655126498002663,0.006657789613848202,0.0,0.006657789613848202,0.5779230521916193,0.2773376983109846,0.0,1.0,0.47124638302432753,0.33012974427221786,0.0,1.0,0.5527810524059587,0.25757250871159343,0.0,1.0,0.3573679134069232,0.2857300560205842,0.0,1.0,86,0.1813953488372093,2.5893687707641195,6
69,1511,631,14.039994763307124,36.0,14,8,0,8,1098,0.7295681063122924,407,1116,0.7415282392026578,0.8051001821493625,884,232,0.8051001821493625,0.5700245700245701,0.7415282392026578,171,1080,6.315789473684211,0.009302325581395349,0.0053156146179402,0.0,0.0053156146179402,0.5782754424542601,0.27771867979225445,0.0,1.0,0.47014367754744774,0.3301448417794318,0.0,1.0,0.5515894195256292,0.25794054204849265,0.0,1.0,0.35795563715548345,0.28624585755080734,0.0,1.0,85,0.1813368630046327,2.600264725347452,6
70,1509,621,14.056703393432999,36.82239893969516,9,11,0,11,1115,0.7379219060225016,396,1100,0.727994705493051,0.7937219730941704,885,215,0.7937219730941704,0.5429292929292929,0.727994705493051,168,1058,6.2976190476190474,0.005956320317670417,0.00727994705493051,0.0,0.00727994705493051,0.5794480429252442,0.2775315393856575,0.0,1.0,0.47155775027255825,0.33074611122726866,0.0,1.0,0.5514226469142136,0.2582256459339859,0.0,1.0,0.35738258620321084,0.2858953714465915,0.0,1.0,85,0.18091451292246521,2.603711066931743,6
71,1514,603,14.011266305406304,37.58256274768824,10,5,0,5,1176,0.7793240556660039,333,1143,0.757455268389662,0.8256802721088435,971,172,0.8256802721088435,0.5165165165165165,0.757455268389662,172,1097,6.377906976744186,0.0066269052352551355,0.0033134526176275677,0.0,0.0033134526176275677,0.5778327012400393,0.2778885084184343,0.0,1.0,0.4707035411428815,0.3299742227344038,0.0,1.0,0.5504325222653087,0.25863372157730347,0.0,1.0,0.35841820428687093,0.285927824393424,0.0,1.0,85,0.18163804491413474,2.608322324966975,6
72,1528,586,13.873532190042631,38.17801047120419,16,2,0,2,1133,0.7483487450462352,381,1138,0.7516512549537648,0.8084730803177406,916,222,0.8084730803177406,0.5826771653543307,0.7516512549537648,181,1102,6.088397790055248,0.010568031704095112,0.001321003963011889,0.0,0.001321003963011889,0.5778162472555312,0.27719264553438827,0.0,1.0,0.4713730788718122,0.32948678781895735,0.0,1.0,0.5500971119743286,0.258463615024794,0.0,1.0,0.359187637223442,0.2857740905782901,0.0,1.0,85,0.1799738219895288,2.6158376963350785,6
73,1534,569,13.812358009377537,38.90677966101695,12,6,0,6,1157,0.7571989528795812,371,1161,0.7598167539267016,0.8228176318063959,952,209,0.8228176318063959,0.5633423180592992,0.7598167539267016,181,1125,6.2154696132596685,0.007853403141361256,0.003926701570680628,0.0,0.003926701570680628,0.5777221684821466,0.2771866756774068,0.0,1.0,0.47127476132396856,0.33002831710148667,0.0,1.0,0.5489969298061151,0.25873190891361714,0.0,1.0,0.3593598856037347,0.28625998939211605,0.0,1.0,84,0.18057366362451108,2.6258148631029985,7
74,1526,556,13.891707132389723,39.73394495412844,6,14,0,14,1135,0.7398956975228161,399,1145,0.7464146023468058,0.8096916299559471,919,226,0.8096916299559471,0.5664160401002506,0.7464146023468058,175,1107,6.325714285714286,0.003911342894393742,0.009126466753585397,0.0,0.009126466753585397,0.5767978691920687,0.27726609625810306,0.0,1.0,0.4710184754576586,0.33042481077649405,0.0,1.0,0.5507546611423497,0.25765433174232505,0.0,1.0,0.35900308628926564,0.28619172584588026,0.0,1.0,83,0.182175622542595,2.6363040629095673,7
75,1536,549,13.783297580746558,40.401041666666664,13,3,0,3,1081,0.7083879423328965,445,1156,0.7575360419397117,0.8149861239592969,881,275,0.8149861239592969,0.6179775280898876,0.7575360419397117,178,1127,6.331460674157303,0.00851900393184797,0.001965923984272608,0.0,0.001965923984272608,0.5767599126344086,0.2778416952938913,0.0,1.0,0.4695690524193548,0.32972912737541077,0.0,1.0,0.5503402217741935,0.25787723318672384,0.0,1.0,0.3598370295698925,0.2867479900394459,0.0,1.0,83,0.18229166666666666,2.6393229166666665,7
76,1532,537,13.827251793690833,41.31266318537859,2,6,0,6,1157,0.7532552083333334,379,1161,0.755859375,0.8159031979256698,944,217,0.8159031979256698,0.5725593667546174,0.755859375,179,1128,6.301675977653631,0.0013020833333333333,0.00390625,0.0,0.00390625,0.5763707571801566,0.277763607063989,0.0,1.0,0.46925798029141746,0.3302688799297345,0.0,1.0,0.5506611639855133,0.25795708939459205,0.0,1.0,0.36062915859513184,0.2870327899052339,0.0,1.0,82,0.1821148825065274,2.6429503916449084,7
77,1531,517,13.841595742173542,41.99869366427172,13,14,0,14,1145,0.7473890339425587,387,1169,0.7630548302872062,0.8192139737991266,938,231,0.8192139737991266,0.5968992248062015,0.7630548302872062,180,1129,6.272222222222222,0.008485639686684074,0.009138381201044387,0.0,0.009138381201044387,0.5742399022355197,0.27775097967020823,0.0,1.0,0.4681317292092455,0.3295392875877981,0.0,1.0,0.5512104675417712,0.2587644998246258,0.0,1.0,0.36162322749204606,0.2873662563598443,0.0,1.0,82,0.18288700195950358,2.651208360548661,7
78,1531,503,13.826990877193104,42.622468974526456,12,12,0,12,1150,0.7511430437622469,381,1180,0.7707380796864794,0.8217391304347826,945,235,0.8217391304347826,0.6167979002624672,0.7707380796864794,182,1148,6.3076923076923075,0.007838014369693011,0.007838014369693011,0.0,0.007838014369693011,0.5748509302374581,0.2778928333611563,0.0,1.0,0.46794209982933355,0.3297930472821912,0.0,1.0,0.5509576283685552,0.2583097040198259,0.0,1.0,0.3622553254250859,0.2882598457792019,0.0,1.0,81,0.18419333768778576,2.666884389288047,7
79,1529,495,13.828158780542173,43.484630477436234,7,9,0,9,1148,0.7498367080339647,383,1180,0.7707380796864794,0.8310104529616724,954,226,0.8310104529616724,0.5900783289817232,0.7707380796864794,173,1145,6.618497109826589,0.0045721750489875895,0.005878510777269758,0.0,0.005878510777269758,0.5731977467879069,0.2780890822933124,0.0,1.0,0.4682377265343151,0.32983456566169855,0.0,1.0,0.5515517205004324,0.2582006704525817,0.0,1.0,0.36369965611088845,0.28837228340298554,0.0,1.0,81,0.18378024852844996,2.667756703727927,7
80,1527,482,13.839579041895758,44.41322855271775,5,7,0,7,1186,0.7756703727926749,343,1179,0.7710922171353826,0.8372681281618887,993,186,0.8372681281618887,0.5422740524781341,0.7710922171353826,182,1148,6.3076923076923075,0.0032701111837802484,0.004578155657292348,0.0,0.004578155657292348,0.5718782347846294,0.2779093363506234,0.0,1.0,0.4680693749075776,0.3294963859011097,0.0,1.0,0.5525909964721042,0.2579629187999745,0.0,1.0,0.3637112618036631,0.28825136092202197,0.0,1.0,81,0.18402095612311722,2.670595939751146,7
81,1528,477,13.78870798429248,45.07329842931937,10,9,0,9,1167,0.7642436149312377,360,1168,0.7648984937786509,0.8149100257069408,951,217,0.8149100257069408,0.6027777777777777,0.7648984937786509,171,1134,6.631578947368421,0.006548788474132285,0.005893909626719057,0.0,0.005893909626719057,0.5710184090525249,0.27781311561198796,0.0,1.0,0.46729859820976183,0.32930802928442443,0.0,1.0,0.5524826887350109,0.2573978165900612,0.0,1.0,0.36378990035466985,0.28778558232766555,0.0,1.0,80,0.18390052356020942,2.681937172774869,7
82,1530,463,13.76556277674515,45.801307189542484,9,7,0,7,1153,0.7545811518324608,375,1205,0.7886125654450262,0.8516912402428447,982,223,0.8516912402428447,0.5946666666666667,0.7886125654450262,180,1171,6.5055555555555555,0.0058900523560209425,0.004581151832460733,0.0,0.004581151832460733,0.5697870546067889,0.2774375577222871,0.0,1.0,0.46647691334598357,0.32946702584675863,0.0,1.0,0.5523297491039426,0.2569263119585283,0.0,1.0,0.3635884461311406,0.2874981909689142,0.0,1.0,80,0.18562091503267975,2.6915032679738564,7
83,1529,449,13.76322791795716,46.330935251798564,12,13,0,13,1143,0.7470588235294118,387,1203,0.7862745098039216,0.8381452318460193,958,245,0.8381452318460193,0.6330749354005168,0.7862745098039216,174,1163,6.683908045977011,0.00784313725490196,0.00849673202614379,0.0,0.00849673202614379,0.5685141036730733,0.2774266209869926,0.0,1.0,0.4652418827401422,0.3293050741671252,0.0,1.0,0.5519103778560729,0.25705879044174623,0.0,1.0,0.36331990126373975,0.28824915485116986,0.0,1.0,80,0.18705035971223022,2.7030739045127534,7
84,1532,438,13.748156322817556,47.12206266318538,8,5,0,5,1079,0.7056899934597777,450,1204,0.7874427730542839,0.8461538461538461,913,291,0.8461538461538461,0.6466666666666666,0.7874427730542839,174,1167,6.706896551724138,0.005232177894048398,0.0032701111837802484,0.0,0.0032701111837802484,0.5683904657626547,0.27749791359881154,0.0,1.0,0.46536258738313824,0.328558550596005,0.0,1.0,0.5527246694180072,0.25735592447178157,0.0,1.0,0.36368230438810745,0.2877173038910081,0.0,1.0,80,0.1860313315926893,2.7095300261096606,7
85,1541,425,13.647624037126734,47.73718364698248,13,4,0,4,1146,0.7480417754569191,386,1227,0.8009138381201044,0.8551483420593369,980,247,0.8551483420593369,0.6398963730569949,0.8009138381201044,171,1185,6.9298245614035086,0.008485639686684074,0.0026109660574412533,0.0,0.0026109660574412533,0.5675828431475163,0.2776054549362152,0.0,1.0,0.4646961545707647,0.32805996421195055,0.0,1.0,0.5516108099055912,0.2578244707319036,0.0,1.0,0.3647610474974357,0.2880285433139276,0.0,1.0,79,0.1862426995457495,2.7118754055807917,7
86,1535,404,13.722948982177844,48.545276872964166,6,12,0,12,1165,0.7560025957170668,376,1245,0.8079169370538611,0.8497854077253219,990,255,0.8497854077253219,0.6781914893617021,0.8079169370538611,175,1199,6.851428571428571,0.003893575600259572,0.007787151200519144,0.0,0.007787151200519144,0.5675738152779237,0.27784343440840864,0.0,1.0,0.4646632342124619,0.3275541447763845,0.0,1.0,0.5502364190396133,0.2576530225763878,0.0,1.0,0.36416938110749186,0.2878681259407174,0.0,1.0,77,0.18631921824104233,2.7185667752442995,7
87,1534,407,13.677387210518088,49.235332464146026,10,11,0,11,1123,0.7315960912052117,412,1228,0.8,0.8521816562778273,957,271,0.8521816562778273,0.6577669902912622,0.8,168,1199,7.136904761904762,0.006514657980456026,0.0071661237785016286,0.0,0.0071661237785016286,0.5650208184379862,0.277786484368662,0.0,1.0,0.46364133406232916,0.32693647431973594,0.0,1.0,0.5522563822181099,0.2577356402065195,0.0,1.0,0.36335534339908315,0.28718882941265733,0.0,1.0,76,0.18709256844850064,2.7340286831812257,7
88,1528,394,13.735520103389009,50.074607329842934,4,10,0,10,1161,0.7568448500651891,373,1234,0.8044328552803129,0.8647717484926787,1004,230,0.8647717484926787,0.6166219839142091,0.8044328552803129,171,1192,6.970760233918129,0.002607561929595828,0.00651890482398957,0.0,0.00651890482398957,0.5636505657828069,0.2777898070137763,0.0,1.0,0.4642163485897653,0.3271523575990648,0.0,1.0,0.5521660192535044,0.25790881391483117,0.0,1.0,0.36402212464110795,0.28758296804506134,0.0,1.0,74,0.18717277486910994,2.7408376963350785,7
89,1526,383,13.757434776406432,50.77850589777195,9,11,0,11,1095,0.7166230366492147,433,1205,0.7886125654450262,0.8438356164383561,924,281,0.8438356164383561,0.648960739030023,0.7886125654450262,171,1165,6.812865497076023,0.0058900523560209425,0.007198952879581152,0.0,0.007198952879581152,0.5636494313617723,0.2768379628457778,0.0,1.0,0.4631336405529954,0.3267146815628828,0.0,1.0,0.5524457785481757,0.2581699816281223,0.0,1.0,0.36392846573373355,0.2875908270179888,0.0,1.0,73,0.1874180865006553,2.749672346002621,7
90,1527,373,13.729872188208342,51.57563850687623,9,8,0,8,1155,0.7568807339449541,371,1220,0.799475753604194,0.8588744588744589,992,228,0.8588744588744589,0.6145552560646901,0.799475753604194,177,1187,6.706214689265536,0.005897771952817824,0.005242463958060288,0.0,0.005242463958060288,0.5636183112575787,0.2774066390956902,0.0,1.0,0.46245009189428987,0.3267852980101818,0.0,1.0,0.553140249698967,0.2576811361523314,0.0,1.0,0.36345776031434185,0.2877337570168694,0.0,1.0,73,0.18860510805500982,2.7544204322200394,7
91,1522,375,13.713154759465683,52.340341655716166,6,11,0,11,1197,0.7838899803536346,330,1199,0.785199738048461,0.8521303258145363,1020,179,0.8521303258145363,0.5424242424242425,0.785199738048461,174,1175,6.752873563218391,0.003929273084479371,0.007203667321545514,0.0,0.007203667321545514,0.5636683480988512,0.2775700522561626,0.0,1.0,0.46225255394006187,0.3264324586867689,0.0,1.0,0.5537493111779915,0.25769725062722854,0.0,1.0,0.3628290449747785,0.2873324331495518,0.0,1.0,72,0.1885676741130092,2.764126149802891,7
92,1526,360,13.685608361198959,52.964613368283096,10,6,0,6,1114,0.7319316688567674,408,1276,0.8383705650459922,0.8931777378815081,995,281,0.8931777378815081,0.6887254901960784,0.8383705650459922,179,1240,6.927374301675978,0.006570302233902759,0.003942181340341655,0.0,0.003942181340341655,0.562972984399442,0.27762458237970544,0.0,1.0,0.4609774658605674,0.32536782255249375,0.0,1.0,0.5532279203483702,0.2581049874638617,0.0,1.0,0.3635056863822771,0.28796167353163793,0.0,1.0,70,0.18807339449541285,2.77391874180865,7
93,1535,358,13.539124091407258,53.519218241042346,14,5,0,5,1171,0.7673656618610747,355,1207,0.790956749672346,0.852263023057216,998,209,0.852263023057216,0.5887323943661972,0.790956749672346,172,1177,6.843023255813954,0.009174311926605505,0.00327653997378768,0.0,0.00327653997378768,0.5615004728380792,0.2780195091910881,0.0,1.0,0.46029210885783334,0.3249298510058963,0.0,1.0,0.5522748765367238,0.2581100931475467,0.0,1.0,0.3644425764421561,0.2878273470252669,0.0,1.0,69,0.18827361563517916,2.7811074918566776,7
94,1530,352,13.569549681908352,54.38235294117647,6,11,0,11,1127,0.7342019543973941,408,1250,0.8143322475570033,0.865128660159716,975,275,0.865128660159716,0.6740196078431373,0.8143322475570033,173,1217,7.034682080924855,0.003908794788273616,0.0071661237785016286,0.0,0.0071661237785016286,0.5617330803289058,0.2775202339822005,0.0,1.0,0.46021505376344085,0.32479442774377076,0.0,1.0,0.5526460046384145,0.2582875521522361,0.0,1.0,0.36369386464263126,0.2877420700724957,0.0,1.0,68,0.18758169934640523,2.7869281045751633,7
95,1533,345,13.5187035693434,55.089367253750815,8,5,0,5,1148,0.7503267973856209,382,1256,0.8209150326797385,0.8763066202090593,1006,250,0.8763066202090593,0.6544502617801047,0.8209150326797385,180,1229,6.8277777777777775,0.00522875816993464,0.0032679738562091504,0.0,0.0032679738562091504,0.5610125623382362,0.2782335380274377,0.0,1.0,0.4603244744649959,0.3243226700836049,0.0,1.0,0.5537529196389117,0.2582519666857646,0.0,1.0,0.3627927529827662,0.28734476046971874,0.0,1.0,68,0.18786692759295498,2.7990867579908674,7
96,1532,351,13.455293201173342,55.8009138381201,7,8,0,8,1175,0.766470971950424,358,1210,0.7893020221787345,0.8612765957446809,1012,198,0.8612765957446809,0.553072625698324,0.7893020221787345,175,1191,6.805714285714286,0.0045662100456621,0.005218525766470972,0.0,0.005218525766470972,0.5592099722058452,0.2779487166292231,0.0,1.0,0.4601617114461383,0.32377065590629106,0.0,1.0,0.5532300176871894,0.2580085400710318,0.0,1.0,0.3634296302535164,0.28700877668347596,0.0,1.0,67,0.18798955613577023,2.7963446475195823,7
97,1537,350,13.364414390323484,56.47885491216656,9,4,0,4,1147,0.7486945169712794,385,1192,0.7780678851174935,0.8631211857018308,990,202,0.8631211857018308,0.5246753246753246,0.7780678851174935,171,1162,6.795321637426901,0.00587467362924282,0.0026109660574412533,0.0,0.0026109660574412533,0.5576426637563751,0.27789233017155657,0.0,1.0,0.4597141477952442,0.3227538105401011,0.0,1.0,0.5531722878670221,0.2577182209007277,0.0,1.0,0.36472390706655194,0.28696102518689165,0.0,1.0,66,0.1873780091086532,2.8054651919323357,7
98,1536,346,13.32945515288118,57.279296875,7,8,0,8,1185,0.7709824333116461,352,1252,0.8145738451528952,0.8683544303797468,1029,223,0.8683544303797468,0.6335227272727273,0.8145738451528952,179,1227,6.854748603351955,0.004554326610279766,0.00520494469746259,0.0,0.00520494469746259,0.5571236559139785,0.27756189943554577,0.0,1.0,0.45921538978494625,0.32190441226743693,0.0,1.0,0.5541624663978494,0.2578383440782035,0.0,1.0,0.3655493951612903,0.2864756235075768,0.0,1.0,65,0.18684895833333334,2.8079427083333335,7
99,1537,346,13.27147472914562,57.999349381912815,8,7,0,7,1156,0.7526041666666666,380,1215,0.791015625,0.8589965397923875,993,222,0.8589965397923875,0.5842105263157895,0.791015625,177,1192,6.734463276836158,0.005208333333333333,0.004557291666666667,0.0,0.004557291666666667,0.5551241421285705,0.2776918651905552,0.0,1.0,0.45956723403362226,0.32112453336005814,0.0,1.0,0.5543895733204609,0.25798945069992923,0.0,1.0,0.3659411925199908,0.2864300070487825,0.0,1.0,65,0.1867273910214704,2.8145738451528954,7
100,1530,351,13.284188683096865,58.96209150326797,4,11,0,11,1140,0.741704619388419,397,1214,0.789850357839948,0.8482456140350877,967,247,0.8482456140350877,0.6221662468513854,0.789850357839948,182,1201,6.5989010989010985,0.002602472348731295,0.0071567989590110605,0.0,0.0071567989590110605,0.5537845245625131,0.2775962618075022,0.0,1.0,0.45831752055660974,0.3208131059295945,0.0,1.0,0.5559350621969217,0.2572756135283665,0.0,1.0,0.3655703141471643,0.2861765783708735,0.0,1.0,65,0.1869281045751634,2.819607843137255,7
101,1526,346,13.297828693364202,59.6605504587156,8,12,0,12,1123,0.7339869281045751,407,1213,0.7928104575163398,0.8691006233303651,976,237,0.8691006233303651,0.5823095823095823,0.7928104575163398,184,1192,6.478260869565218,0.00522875816993464,0.00784313725490196,0.0,0.00784313725490196,0.5534181710565256,0.2772914109032847,0.0,1.0,0.4571090347947406,0.32033601710387005,0.0,1.0,0.5563142096140025,0.2570357025274797,0.0,1.0,0.3661057793937344,0.2862456479394032,0.0,1.0,64,0.18676277850589776,2.8269986893840104,7
102,1529,346,13.243440104255793,60.36886854153041,7,4,0,4,1102,0.7221494102228048,424,1259,0.8250327653997379,0.8711433756805808,960,299,0.8711433756805808,0.7051886792452831,0.8250327653997379,184,1243,6.755434782608695,0.0045871559633027525,0.002621231979030144,0.0,0.002621231979030144,0.5533661047701428,0.2775870213512906,0.0,1.0,0.4567606911538218,0.3202483909280381,0.0,1.0,0.5567838983944808,0.2570530191986148,0.0,1.0,0.36587269773623915,0.28604235274056217,0.0,1.0,64,0.18705035971223022,2.8345323741007196,7
103,1530,353,13.171489695604734,61.17124183006536,7,6,0,6,1141,0.7462393721386528,388,1248,0.81621975147155,0.8729184925503944,996,252,0.8729184925503944,0.6494845360824743,0.81621975147155,179,1234,6.893854748603352,0.004578155657292348,0.003924133420536298,0.0,0.003924133420536298,0.5527092557453088,0.27800801081040405,0.0,1.0,0.4567151591819523,0.3198532421378624,0.0,1.0,0.5561248155176048,0.256739387153686,0.0,1.0,0.3673413451402066,0.2860428625900913,0.0,1.0,64,0.18627450980392157,2.83202614379085,7
104,1520,360,13.220829931925032,62.011842105263156,3,13,0,13,1102,0.7202614379084967,428,1226,0.8013071895424837,0.8602540834845736,948,278,0.8602540834845736,0.6495327102803738,0.8013071895424837,184,1217,6.614130434782608,0.00196078431372549,0.00849673202614379,0.0,0.00849673202614379,0.5528862478777589,0.27774642096680324,0.0,1.0,0.45662139219015285,0.3203566777678081,0.0,1.0,0.556090831918506,0.2565697236163679,0.0,1.0,0.3666383701188455,0.2856569802301889,0.0,1.0,61,0.1868421052631579,2.843421052631579,7
105,1513,372,13.233860984176161,62.93522802379379,2,9,0,9,1098,0.7223684210526315,422,1232,0.8105263157894737,0.855191256830601,939,293,0.855191256830601,0.6943127962085308,0.8105263157894737,169,1213,7.177514792899408,0.0013157894736842105,0.0059210526315789476,0.0,0.0059210526315789476,0.5517131100356054,0.2775933797141306,0.0,1.0,0.4553013666503209,0.31987567974281345,0.0,1.0,0.555636100036245,0.2563150885398639,0.0,1.0,0.3667356032663156,0.2856238840938732,0.0,1.0,59,0.1877065432914739,2.8460013218770652,7
106,1508,377,13.234981886528388,63.72347480106101,6,11,0,11,1117,0.7382683410442828,396,1232,0.8142762723066754,0.8675022381378693,969,263,0.8675022381378693,0.6641414141414141,0.8142762723066754,173,1210,6.994219653179191,0.0039656311962987445,0.007270323859881031,0.0,0.007270323859881031,0.5519166595362368,0.27733634706066873,0.0,1.0,0.456875160434671,0.3198393296536952,0.0,1.0,0.5562163087190896,0.2557993578086017,0.0,1.0,0.3656627021476854,0.2854474730653652,0.0,1.0,58,0.1876657824933687,2.8547745358090184,7
107,1505,375,13.243555779377965,64.64983388704319,5,8,0,8,1125,0.7460212201591512,383,1225,0.8123342175066313,0.8764444444444445,986,239,0.8764444444444445,0.6240208877284595,0.8123342175066313,180,1203,6.683333333333334,0.0033156498673740055,0.005305039787798408,0.0,0.005305039787798408,0.5508091308541422,0.2770486436229598,0.0,1.0,0.45679991426428035,0.3197529985944391,0.0,1.0,0.5561890472618154,0.2564491868009924,0.0,1.0,0.3649769585253456,0.28511426619458763,0.0,1.0,58,0.18737541528239202,2.8611295681063122,7
108,1504,383,13.210406547848294,65.49534574468085,3,4,0,4,1115,0.7408637873754153,390,1275,0.8471760797342193,0.8914798206278027,994,281,0.8914798206278027,0.7205128205128205,0.8471760797342193,175,1258,7.188571428571429,0.0019933554817275745,0.0026578073089701,0.0,0.0026578073089701,0.5505962594371997,0.27653771324659315,0.0,1.0,0.4569106039807825,0.3192826818068773,0.0,1.0,0.5567947838023335,0.25599427763269716,0.0,1.0,0.36434025394646535,0.28486699375138225,0.0,1.0,57,0.18816489361702127,2.8656914893617023,7
109,1496,392,13.23633340707704,66.32754010695187,5,13,0,13,1098,0.7300531914893617,406,1257,0.8357712765957447,0.8870673952641166,974,283,0.8870673952641166,0.6970443349753694,0.8357712765957447,178,1244,6.98876404494382,0.003324468085106383,0.008643617021276596,0.0,0.008643617021276596,0.5506511988959807,0.27683889465728934,0.0,1.0,0.45818958081766437,0.3193568615988743,0.0,1.0,0.5575297567707435,0.2555289727104535,0.0,1.0,0.36426168707952394,0.2849996806753702,0.0,1.0,55,0.18783422459893048,2.8709893048128343,7
110,1496,400,13.175507538512194,67.03475935828877,8,8,0,8,1129,0.7546791443850267,367,1247,0.8335561497326203,0.8804251550044287,994,253,0.8804251550044287,0.6893732970027248,0.8335561497326203,169,1224,7.242603550295858,0.0053475935828877,0.0053475935828877,0.0,0.0053475935828877,0.5501552527169226,0.276909080643001,0.0,1.0,0.4579955149215111,0.31904809903321585,0.0,1.0,0.5580688287045024,0.25543968717091925,0.0,1.0,0.3655985854752459,0.28558873680961455,0.0,1.0,55,0.18716577540106952,2.871657754010695,7
111,1491,408,13.17913857722639,67.7699530516432,6,11,0,11,1088,0.7272727272727273,408,1253,0.8375668449197861,0.8814338235294118,959,294,0.8814338235294118,0.7205882352941176,0.8375668449197861,168,1229,7.315476190476191,0.004010695187165776,0.007352941176470588,0.0,0.007352941176470588,0.5497068432097965,0.27641394246482387,0.0,1.0,0.4585145280283853,0.3187706348974077,0.0,1.0,0.5584474589472318,0.25538129833093454,0.0,1.0,0.3658077497241513,0.28504074167114696,0.0,1.0,54,0.18645204560697518,2.8832997987927564,7
112,1488,409,13.164439669588873,68.57190860215054,6,9,0,9,1162,0.7793427230046949,329,1242,0.8329979879275654,0.8898450946643718,1034,208,0.8898450946643718,0.6322188449848024,0.8329979879275654,179,1222,6.826815642458101,0.004024144869215292,0.006036217303822937,0.0,0.006036217303822937,0.5483437391605965,0.2764743609429983,0.0,1.0,0.4584200485605272,0.3181293419594219,0.0,1.0,0.5595083246618106,0.2549924169846733,0.0,1.0,0.3668704474505723,0.28468923983394456,0.0,1.0,53,0.1868279569892473,2.883736559139785,7
113,1485,408,13.174271372884556,69.44175084175085,5,8,0,8,1120,0.7526881720430108,368,1274,0.8561827956989247,0.9098214285714286,1019,255,0.9098214285714286,0.6929347826086957,0.8561827956989247,182,1255,6.895604395604396,0.003360215053763441,0.005376344086021506,0.0,0.005376344086021506,0.5477571413055283,0.27712598711357433,0.0,1.0,0.4581948517432388,0.31765013955090843,0.0,1.0,0.5605517541001411,0.2545305181960472,0.0,1.0,0.36554795264472684,0.284407269397673,0.0,1.0,52,0.18787878787878787,2.8895622895622894,7
114,1481,412,13.152817709852888,70.19446320054017,7,11,0,11,1173,0.7898989898989899,312,1292,0.87003367003367,0.9096334185848253,1067,225,0.9096334185848253,0.7211538461538461,0.87003367003367,181,1277,7.05524861878453,0.0047138047138047135,0.007407407407407408,0.0,0.007407407407407408,0.5465792511598527,0.2771375601278919,0.0,1.0,0.4577552220600728,0.31763575487939233,0.0,1.0,0.5607806408050359,0.25405611214242546,0.0,1.0,0.36535906427653503,0.28403779140075475,0.0,1.0,50,0.18838622552329506,2.898717083051992,7
115,1484,418,13.08647755728726,70.99460916442048,4,1,0,1,1130,0.7629979743416611,351,1275,0.8609047940580689,0.9097345132743363,1028,247,0.9097345132743363,0.7037037037037037,0.8609047940580689,182,1263,6.93956043956044,0.0027008777852802163,0.0006752194463200541,0.0,0.0006752194463200541,0.546930701678115,0.2772718753082217,0.0,1.0,0.45806886357708027,0.31749927947128126,0.0,1.0,0.5613424919572211,0.25416395659616353,0.0,1.0,0.36492478914876963,0.28398946263642577,0.0,1.0,50,0.18800539083557952,2.9002695417789757,7
116,1480,428,13.078478618370355,71.88851351351352,3,7,0,7,1110,0.7479784366576819,374,1198,0.807277628032345,0.8873873873873874,985,213,0.8873873873873874,0.56951871657754,0.807277628032345,173,1181,6.826589595375722,0.0020215633423180594,0.0047169811320754715,0.0,0.0047169811320754715,0.547079337401918,0.27695360373975875,0.0,1.0,0.4576939843068875,0.3176258586360405,0.0,1.0,0.5609851787271142,0.2536931803362329,0.0,1.0,0.3642327811682651,0.2838019624295259,0.0,1.0,50,0.1891891891891892,2.906756756756757,7
117,1480,432,13.038378606321816,72.59797297297297,6,6,0,6,1133,0.7655405405405405,347,1257,0.8493243243243244,0.8993821712268314,1019,238,0.8993821712268314,0.6858789625360231,0.8493243243243244,177,1238,6.994350282485875,0.004054054054054054,0.004054054054054054,0.0,0.004054054054054054,0.5469485614646905,0.2769783410375486,0.0,1.0,0.45802092414995643,0.31753419416435424,0.0,1.0,0.5617698343504794,0.2542980273074778,0.0,1.0,0.36309938971229294,0.2835150058636098,0.0,1.0,48,0.1885135135135135,2.9108108108108106,7
118,1474,438,13.053934211794527,73.43554952510176,3,9,0,9,1137,0.7682432432432432,343,1254,0.8472972972972973,0.9067722075637643,1031,223,0.9067722075637643,0.6501457725947521,0.8472972972972973,174,1234,7.091954022988506,0.002027027027027027,0.006081081081081081,0.0,0.006081081081081081,0.5469208211143695,0.2771149834399378,0.0,1.0,0.45863789556615747,0.31752404602217155,0.0,1.0,0.5619775025167418,0.254016055704152,0.0,1.0,0.3628485140281,0.2837124592272843,0.0,1.0,48,0.18860244233378562,2.9138398914518318,7
119,1472,440,13.067612023445237,74.28872282608695,2,4,0,4,1090,0.7394843962008141,384,1264,0.8575305291723202,0.9009174311926605,982,282,0.9009174311926605,0.734375,0.8575305291723202,185,1251,6.762162162162162,0.0013568521031207597,0.0027137042062415195,0.0,0.0027137042062415195,0.5467873422159888,0.27736616867432135,0.0,1.0,0.4580557503506311,0.3171854217780489,0.0,1.0,0.5621055399719495,0.2536295198680312,0.0,1.0,0.3629251402524544,0.2837873061312981,0.0,1.0,47,0.18885869565217392,2.917798913043478,7
120,1473,445,13.031277058724411,75.1398506449423,4,3,0,3,1109,0.7533967391304348,363,1257,0.8539402173913043,0.8863841298467088,983,274,0.8863841298467088,0.7548209366391184,0.8539402173913043,181,1243,6.867403314917127,0.002717391304347826,0.0020380434782608695,0.0,0.0020380434782608695,0.5458248472505092,0.2774328847764991,0.0,1.0,0.4578104811335217,0.31726187907518943,0.0,1.0,0.5624466198015899,0.25364705049457653,0.0,1.0,0.36307294746293495,0.2838272918198177,0.0,1.0,47,0.1894093686354379,2.9178547182620505,7
121,1475,456,12.962140677971398,75.65762711864407,8,6,0,6,1080,0.7331975560081466,393,1256,0.8526816021724372,0.8851851851851852,956,300,0.8851851851851852,0.7633587786259542,0.8526816021724372,175,1242,7.097142857142857,0.005431093007467753,0.004073319755600814,0.0,0.004073319755600814,0.5453471842536906,0.2775120333157412,0.0,1.0,0.4585456533624932,0.3168845057012869,0.0,1.0,0.5640677966101695,0.2538008432745568,0.0,1.0,0.3632804811372335,0.2836882280777582,0.0,1.0,46,0.18847457627118644,2.930847457627119,7
122,1475,457,12.942417844159356,76.47593220338983,5,5,0,5,1114,0.7552542372881356,361,1281,0.8684745762711864,0.9228007181328546,1028,253,0.9228007181328546,0.7008310249307479,0.8684745762711864,185,1267,6.848648648648648,0.003389830508474576,0.003389830508474576,0.0,0.003389830508474576,0.5454127938764353,0.2771349774397802,0.0,1.0,0.45802077638053584,0.3164656014976327,0.0,1.0,0.564024056861673,0.2539174811198125,0.0,1.0,0.3631711317659923,0.2830927572486817,0.0,1.0,46,0.1871186440677966,2.9328813559322033,7
123,1473,467,12.901967613106375,77.25118805159538,5,7,0,7,1139,0.7722033898305085,336,1241,0.8413559322033898,0.8937664618086041,1018,223,0.8937664618086041,0.6636904761904762,0.8413559322033898,172,1223,7.1104651162790695,0.003389830508474576,0.0047457627118644066,0.0,0.0047457627118644066,0.5442699778814357,0.2771530268323949,0.0,1.0,0.4573505901933732,0.31655163326151475,0.0,1.0,0.5640014891706633,0.2538665451938699,0.0,1.0,0.3620436677397455,0.28166045480504864,0.0,1.0,45,0.18805159538357094,2.938900203665988,7
124,1471,470,12.87477405660136,78.01019714479946,7,9,0,9,1151,0.781398506449423,322,1277,0.86693822131704,0.9061685490877498,1043,234,0.9061685490877498,0.7267080745341615,0.86693822131704,180,1260,7.0,0.0047522063815342835,0.006109979633401222,0.0,0.006109979633401222,0.5447029670401965,0.2770642458244574,0.0,1.0,0.4557356198328984,0.31623545312253354,0.0,1.0,0.5644393763294664,0.25391911546229684,0.0,1.0,0.36187802899059235,0.2811072653258429,0.0,1.0,43,0.18830727396329028,2.948334466349422,7
125,1470,489,12.799044374946133,78.84829931972789,5,6,0,6,1129,0.7675050985723997,342,1255,0.8531611148878314,0.9140832595217007,1032,223,0.9140832595217007,0.652046783625731,0.8531611148878314,172,1246,7.244186046511628,0.003399048266485384,0.004078857919782461,0.0,0.004078857919782461,0.5452051788457318,0.27690535396077753,0.0,1.0,0.4557603686635945,0.3166144562564037,0.0,1.0,0.56495501426377,0.2536868492560069,0.0,1.0,0.3612025455343428,0.2809306560990529,0.0,1.0,43,0.1891156462585034,2.9517006802721086,7
126,1468,488,12.819342694980403,79.56811989100818,4,6,0,6,1083,0.736734693877551,387,1267,0.861904761904762,0.9159741458910434,992,275,0.9159741458910434,0.710594315245478,0.861904761904762,180,1246,6.9222222222222225,0.0027210884353741495,0.004081632653061225,0.0,0.004081632653061225,0.5455963786586974,0.2772260336270624,0.0,1.0,0.4553265359936714,0.31637874873094574,0.0,1.0,0.5653731212094577,0.25318960094255766,0.0,1.0,0.3604201459084117,0.28034080794709215,0.0,1.0,41,0.1893732970027248,2.956403269754768,7
127,1461,495,12.851775567374945,80.57357973990418,0,7,0,7,1136,0.773841961852861,332,1234,0.840599455040872,0.886443661971831,1007,227,0.886443661971831,0.6837349397590361,0.840599455040872,171,1212,7.087719298245614,0.0,0.004768392370572207,0.0,0.004768392370572207,0.546068755381864,0.2773884082598551,0.0,1.0,0.45587423549932654,0.31584848134013965,0.0,1.0,0.5649687575898081,0.2534064416597726,0.0,1.0,0.3605793645536641,0.28017607641726383,0.0,1.0,41,0.18754277891854895,2.954140999315537,7
128,1457,495,12.875571648007494,81.44063143445436,2,6,0,6,1140,0.7802874743326489,321,1293,0.8850102669404517,0.9192982456140351,1048,245,0.9192982456140351,0.7632398753894081,0.8850102669404517,186,1279,6.876344086021505,0.0013689253935660506,0.004106776180698152,0.0,0.004106776180698152,0.5448004073770674,0.27705904582431923,0.0,1.0,0.45446897070870323,0.3158728477172841,0.0,1.0,0.5653463812075187,0.25295674264970663,0.0,1.0,0.35997520313503223,0.2799606929487657,0.0,1.0,41,0.18874399450926563,2.9588194921070694,7
129,1455,502,12.87354922775344,82.3257731958763,3,5,0,5,1085,0.7446808510638298,372,1283,0.880576527110501,0.9161290322580645,994,289,0.9161290322580645,0.7768817204301075,0.880576527110501,182,1272,6.989010989010989,0.002059025394646534,0.0034317089910775567,0.0,0.0034317089910775567,0.5453497394967298,0.27691400073395395,0.0,1.0,0.4546059195211174,0.31592567048831316,0.0,1.0,0.5660126371799135,0.2528978111669519,0.0,1.0,0.35967187673206963,0.27964492626363896,0.0,1.0,39,0.18762886597938144,2.96426116838488,7
130,1452,516,12.833708943110985,83.25964187327824,3,6,0,6,1153,0.7924398625429553,302,1257,0.8639175257731959,0.9071986123156982,1046,211,0.9071986123156982,0.6986754966887417,0.8639175257731959,177,1248,7.0508474576271185,0.002061855670103093,0.004123711340206186,0.0,0.004123711340206186,0.5450546520927753,0.2768149609898706,0.0,1.0,0.45503421309872927,0.31576790939263066,0.0,1.0,0.5659601883942059,0.25324309809410794,0.0,1.0,0.3591042388696347,0.2789042494325078,0.0,1.0,39,0.18732782369146006,2.963498622589532,7
131,1449,515,12.862837521347037,84.13871635610766,2,5,0,5,1117,0.7692837465564738,335,1258,0.8663911845730028,0.900626678603402,1006,252,0.900626678603402,0.7522388059701492,0.8663911845730028,178,1235,6.938202247191011,0.0013774104683195593,0.003443526170798898,0.0,0.003443526170798898,0.5444911952625838,0.2770746248319443,0.0,1.0,0.4546850998463902,0.3159005307477635,0.0,1.0,0.5671987355016808,0.2530119224117907,0.0,1.0,0.35862329971726886,0.27881115955964597,0.0,1.0,38,0.18840579710144928,2.966183574879227,7
132,1446,522,12.881211234902365,85.08852005532503,2,5,0,5,1067,0.7363699102829537,382,1237,0.8536922015182885,0.9062792877225867,967,270,0.9062792877225867,0.7068062827225131,0.8536922015182885,180,1224,6.8,0.0013802622498274672,0.003450655624568668,0.0,0.003450655624568668,0.5440369428456698,0.2768279950763548,0.0,1.0,0.45437915495471376,0.31624684294181954,0.0,1.0,0.5665015839021996,0.2532284879027247,0.0,1.0,0.3592557890509972,0.2794028137544734,0.0,1.0,37,0.18810511756569848,2.964038727524205,7
133,1440,531,12.915912391455647,86.19930555555555,1,7,0,7,1089,0.7531120331950207,357,1241,0.8582295988934993,0.90633608815427,987,254,0.90633608815427,0.711484593837535,0.8582295988934993,178,1228,6.898876404494382,0.0006915629322268327,0.004840940525587829,0.0,0.004840940525587829,0.543929211469534,0.2769958780553859,0.0,1.0,0.4539650537634409,0.31621559023420787,0.0,1.0,0.5661962365591398,0.2533252289668627,0.0,1.0,0.35945340501792117,0.27967911761549064,0.0,1.0,37,0.18819444444444444,2.9618055555555554,7
134,1440,541,12.886723966995495,87.04583333333333,3,3,0,3,1092,0.7583333333333333,348,1260,0.875,0.9175824175824175,1002,258,0.9175824175824175,0.7413793103448276,0.875,177,1247,7.045197740112994,0.0020833333333333333,0.0020833333333333333,0.0,0.0020833333333333333,0.5442876344086022,0.2773116817048608,0.0,1.0,0.4539874551971326,0.3158964715203857,0.0,1.0,0.5653449820788531,0.2529869106113094,0.0,1.0,0.3601478494623656,0.279616406580821,0.0,1.0,37,0.1875,2.9618055555555554,7
135,1444,547,12.810742791069988,87.5803324099723,8,4,0,4,1114,0.7736111111111111,326,1255,0.8715277777777778,0.9120287253141831,1016,239,0.9120287253141831,0.7331288343558282,0.8715277777777778,179,1240,6.927374301675978,0.005555555555555556,0.002777777777777778,0.0,0.002777777777777778,0.5434724332052542,0.27707397303739967,0.0,1.0,0.4537798230721115,0.31547724043309666,0.0,1.0,0.5665266732195514,0.25320090547236807,0.0,1.0,0.36057993030113483,0.2794214017385184,0.0,1.0,37,0.18698060941828254,2.9695290858725762,7
136,1439,551,12.836828463580936,88.41556636553162,4,9,0,9,1111,0.7693905817174516,333,1250,0.8656509695290858,0.90999099909991,1011,239,0.90999099909991,0.7177177177177178,0.8656509695290858,182,1236,6.791208791208791,0.002770083102493075,0.006232686980609419,0.0,0.006232686980609419,0.5442847855813849,0.2769436121191903,0.0,1.0,0.4540787733417023,0.31529992433609866,0.0,1.0,0.5672173776592168,0.25365220145771555,0.0,1.0,0.3602636239323903,0.2793038831353777,0.0,1.0,35,0.18693537178596248,2.9701181375955525,7
137,1434,564,12.8378107071435,89.36401673640168,3,8,0,8,1106,0.768589298123697,333,1268,0.8811674774148714,0.9249547920433996,1023,245,0.9249547920433996,0.7357357357357357,0.8811674774148714,174,1255,7.212643678160919,0.0020847810979847115,0.005559416261292564,0.0,0.005559416261292564,0.5430782381787915,0.27665257075397753,0.0,1.0,0.4517253790435056,0.3151377166810706,0.0,1.0,0.5674180051288973,0.25359839383298266,0.0,1.0,0.3599676069645027,0.279713152927737,0.0,1.0,35,0.18898186889818688,2.9721059972106,7
138,1429,570,12.878512578646179,90.4408677396781,1,6,0,6,1084,0.7559274755927475,350,1257,0.8765690376569037,0.9243542435424354,1002,255,0.9243542435424354,0.7285714285714285,0.8765690376569037,177,1240,7.005649717514125,0.000697350069735007,0.0041841004184100415,0.0,0.0041841004184100415,0.5431048104923362,0.27602577954060376,0.0,1.0,0.4512742951308156,0.31522672748280756,0.0,1.0,0.5668976726336937,0.253772895957202,0.0,1.0,0.36014356983227613,0.28003129023472106,0.0,1.0,34,0.18824352694191743,2.965710286913926,7
139,1429,572,12.877121258292586,91.17214835549335,4,4,0,4,1089,0.762071378586424,340,1283,0.8978306508047585,0.9348025711662076,1018,265,0.9348025711662076,0.7794117647058824,0.8978306508047585,184,1269,6.896739130434782,0.0027991602519244225,0.0027991602519244225,0.0,0.0027991602519244225,0.5424275943023544,0.2758272490643855,0.0,1.0,0.4510034086548229,0.3149004342105309,0.0,1.0,0.5668976726336937,0.2537470695641157,0.0,1.0,0.35985010948328405,0.2789306689472642,0.0,1.0,33,0.18754373687893633,2.972708187543737,7
140,1435,579,12.7890236342134,91.56794425087108,10,4,0,4,1073,0.7508747375787264,356,1207,0.8446466060181945,0.8956197576887233,961,246,0.8956197576887233,0.6910112359550562,0.8446466060181945,174,1188,6.827586206896552,0.006997900629811057,0.0027991602519244225,0.0,0.0027991602519244225,0.5424749915701922,0.27586785072767794,0.0,1.0,0.45215241092503095,0.3153047020251604,0.0,1.0,0.5667528380352927,0.25415415897829036,0.0,1.0,0.3604585815443408,0.27958286311566166,0.0,1.0,33,0.1867595818815331,2.9735191637630662,7
141,1431,592,12.790529265726867,92.35429769392033,5,9,0,9,1065,0.7421602787456446,370,1252,0.8724738675958188,0.9192488262910798,979,273,0.9192488262910798,0.7378378378378379,0.8724738675958188,178,1243,6.98314606741573,0.003484320557491289,0.0062717770034843206,0.0,0.0062717770034843206,0.5418047383963391,0.2760946568833862,0.0,1.0,0.4518157841347129,0.31468082508886347,0.0,1.0,0.5660377358490566,0.2544787142222402,0.0,1.0,0.35986564775365754,0.27848869484484035,0.0,1.0,32,0.18658280922431866,2.974143955276031,7
142,1433,596,12.752345872924868,92.98534542916957,6,4,0,4,1102,0.7700908455625437,329,1277,0.8923829489867225,0.9246823956442831,1019,258,0.9246823956442831,0.78419452887538,0.8923829489867225,180,1261,7.0055555555555555,0.0041928721174004195,0.002795248078266946,0.0,0.002795248078266946,0.5421515881412782,0.2761190216955354,0.0,1.0,0.451095153411521,0.3144353893451181,0.0,1.0,0.5649325799698354,0.2540917377183015,0.0,1.0,0.3603538707426333,0.2786578709848165,0.0,1.0,32,0.18632240055826937,2.9790648988136774,7
143,1431,605,12.747200039296265,93.91893780573025,1,3,0,3,1107,0.7725052337752966,326,1240,0.8653175157013259,0.912375790424571,1010,230,0.912375790424571,0.7055214723926381,0.8653175157013259,179,1228,6.860335195530726,0.0006978367062107466,0.00209351011863224,0.0,0.00209351011863224,0.5418498230427627,0.27608782664802617,0.0,1.0,0.4510493451455107,0.3142433361787011,0.0,1.0,0.5647753657491941,0.25423441190594415,0.0,1.0,0.3607447983589189,0.2786554729254733,0.0,1.0,32,0.18588399720475193,2.9797344514325648,7
144,1430,616,12.723518978494699,94.76573426573427,4,5,0,5,1087,0.7596086652690426,344,1248,0.8721174004192872,0.9199632014719411,1000,248,0.9199632014719411,0.7209302325581395,0.8721174004192872,171,1230,7.192982456140351,0.002795248078266946,0.0034940600978336828,0.0,0.0034940600978336828,0.5408752537784797,0.2758498233737109,0.0,1.0,0.4512068576584706,0.31401644461714623,0.0,1.0,0.5655763591247462,0.2549352845998264,0.0,1.0,0.36129032258064514,0.2784874961382244,0.0,1.0,32,0.1853146853146853,2.976923076923077,7
145,1433,623,12.675789932397258,95.45080251221214,5,2,0,2,1083,0.7573426573426574,347,1247,0.872027972027972,0.9085872576177285,984,263,0.9085872576177285,0.7579250720461095,0.872027972027972,178,1232,6.921348314606742,0.0034965034965034965,0.0013986013986013986,0.0,0.0013986013986013986,0.5408909798978007,0.2759535032318192,0.0,1.0,0.4517929901177318,0.3133403567935332,0.0,1.0,0.5662382099362943,0.2553946573605294,0.0,1.0,0.36188460932399885,0.278132965317596,0.0,1.0,32,0.18353105373342637,2.98115840893231,7
146,1433,635,12.637874836637053,96.16608513607815,4,4,0,4,1091,0.7613398464759247,342,1226,0.8555478018143754,0.9083409715857012,991,235,0.9083409715857012,0.6871345029239766,0.8555478018143754,175,1213,6.9314285714285715,0.0027913468248429866,0.0027913468248429866,0.0,0.0027913468248429866,0.5403056974990433,0.2760632712890881,0.0,1.0,0.45100510996555837,0.31316016334567015,0.0,1.0,0.5664633185512009,0.2554584276115087,0.0,1.0,0.3620421853544335,0.278245087995354,0.0,1.0,32,0.18422889043963714,2.983251919050942,7
147,1433,636,12.605745126653023,96.69713886950454,8,8,0,8,1146,0.7997208653175157,287,1249,0.8715980460572226,0.9179755671902269,1052,197,0.9179755671902269,0.686411149825784,0.8715980460572226,183,1233,6.737704918032787,0.005582693649685973,0.005582693649685973,0.0,0.005582693649685973,0.5395853499313419,0.2758359794466918,0.0,1.0,0.4521756747630732,0.3130558839784451,0.0,1.0,0.5659905904598969,0.2557400095515607,0.0,1.0,0.3629426198140603,0.278525521976501,0.0,1.0,32,0.18353105373342637,2.989532449406839,7
148,1425,645,12.664620666153116,97.74245614035088,1,9,0,9,1077,0.7515701325889742,356,1226,0.8555478018143754,0.914577530176416,985,241,0.914577530176416,0.6769662921348315,0.8555478018143754,183,1218,6.655737704918033,0.0006978367062107466,0.00628053035589672,0.0,0.00628053035589672,0.5392190152801358,0.27581549608292355,0.0,1.0,0.45174872665534804,0.31325276975847144,0.0,1.0,0.5662478777589134,0.25537383823805426,0.0,1.0,0.36215053763440863,0.27765718956666996,0.0,1.0,32,0.18385964912280703,2.992982456140351,7
149,1426,655,12.633599966484903,98.57293127629734,3,2,0,2,1079,0.7571929824561403,346,1272,0.8926315789473684,0.933271547729379,1007,265,0.933271547729379,0.7658959537572254,0.8926315789473684,183,1265,6.912568306010929,0.002105263157894737,0.0014035087719298245,0.0,0.0014035087719298245,0.5391575804189477,0.2758026153166616,0.0,1.0,0.45213319458896983,0.3133393614586472,0.0,1.0,0.565986517667285,0.2555890882936211,0.0,1.0,0.3621454101253223,0.2777701298464499,0.0,1.0,32,0.18373071528751753,2.9964936886395512,7
150,1422,666,12.640891641498811,99.27355836849507,4,8,0,8,1079,0.7566619915848527,347,1268,0.8892005610098177,0.9267840593141798,1000,268,0.9267840593141798,0.7723342939481268,0.8892005610098177,174,1253,7.2011494252873565,0.002805049088359046,0.005610098176718092,0.0,0.005610098176718092,0.5388367133977587,0.2754754008158758,0.0,1.0,0.4514314232566581,0.3125381527286095,0.0,1.0,0.5661494487545937,0.25573710941482924,0.0,1.0,0.36280114332380564,0.2778927518153433,0.0,1.0,32,0.1828410689170183,2.99929676511955,7
151,1419,677,12.657969448099902,100.17406624383369,2,5,0,5,1047,0.7362869198312236,375,1197,0.8417721518987342,0.8834765998089781,925,272,0.8834765998089781,0.7253333333333334,0.8417721518987342,177,1185,6.694915254237288,0.0014064697609001407,0.0035161744022503515,0.0,0.0035161744022503515,0.5389301870922276,0.27556651614820143,0.0,1.0,0.4518174998295028,0.3123323103978054,0.0,1.0,0.5655277455727569,0.2562241924781811,0.0,1.0,0.36211325558662394,0.27799316044119643,0.0,1.0,31,0.18252290345313602,3.0014094432699086,7
152,1410,684,12.728762688043476,101.12482269503546,1,10,0,10,1102,0.7766032417195208,317,1232,0.8682170542635659,0.9029038112522686,995,237,0.9029038112522686,0.7476340694006309,0.8682170542635659,185,1224,6.616216216216216,0.0007047216349541931,0.007047216349541931,0.0,0.007047216349541931,0.5384808968199497,0.27560770757318936,0.0,1.0,0.4522077327842599,0.31213412091490755,0.0,1.0,0.5652024708304736,0.2560402501453387,0.0,1.0,0.36218256691832534,0.2772228548581577,0.0,1.0,31,0.18156028368794327,3.0056737588652482,7
153,1406,692,12.75184404880106,102.04196301564723,2,6,2,4,1085,0.7695035460992907,325,1240,0.8794326241134752,0.9235023041474655,1002,238,0.9235023041474655,0.7323076923076923,0.8794326241134752,176,1224,6.954545454545454,0.0014184397163120568,0.00425531914893617,0.0014184397163120568,0.0028368794326241137,0.5378332492084614,0.2754377558608442,0.0,1.0,0.4522782544853852,0.3120883474819298,0.0,1.0,0.5645620153260221,0.25577943883365306,0.0,1.0,0.3622952324140779,0.2774781944804547,0.0,1.0,30,0.1813655761024182,3.0099573257467993,7
154,1401,699,12.788309783383957,102.94646680942184,2,7,0,7,1095,0.7788051209103841,311,1202,0.8549075391180654,0.9159817351598174,1003,199,0.9159817351598174,0.639871382636656,0.8549075391180654,183,1192,6.5136612021857925,0.001422475106685633,0.004978662873399715,0.0,0.004978662873399715,0.5371508830098316,0.2749938796406012,0.0,1.0,0.45317860514379127,0.3123052017307097,0.0,1.0,0.5651953673643251,0.25583241360840153,0.0,1.0,0.36190739333655686,0.277475261654637,0.0,1.0,30,0.1812990720913633,3.0135617416131333,7
155,1400,709,12.797163546526273,103.84857142857143,2,3,0,3,1043,0.7444682369735903,358,1240,0.8850820842255531,0.9319271332694151,972,268,0.9319271332694151,0.7486033519553073,0.8850820842255531,182,1232,6.769230769230769,0.0014275517487508922,0.0021413276231263384,0.0,0.0021413276231263384,0.5378571428571428,0.27520796647733314,0.0,1.0,0.4541244239631336,0.3126638278120949,0.0,1.0,0.5642857142857143,0.25564523916821064,0.0,1.0,0.3615898617511521,0.2772876111006281,0.0,1.0,30,0.18142857142857144,3.012857142857143,7
156,1398,719,12.816247790654549,104.72675250357653,3,5,0,5,1030,0.7357142857142858,370,1260,0.9,0.9262135922330097,954,306,0.9262135922330097,0.827027027027027,0.9,178,1248,7.01123595505618,0.002142857142857143,0.0035714285714285713,0.0,0.0035714285714285713,0.5374036642207762,0.27523457540601926,0.0,1.0,0.45387419816327473,0.31238577613626745,0.0,1.0,0.5650468411094189,0.2562338756968129,0.0,1.0,0.36129955235590017,0.27674217885272046,0.0,1.0,30,0.18097281831187412,3.0214592274678114,7
157,1393,734,12.80947328325322,105.5240488155061,1,6,2,4,1090,0.7796852646638054,308,1251,0.8948497854077253,0.9330275229357798,1017,234,0.9330275229357798,0.7597402597402597,0.8948497854077253,178,1244,6.98876404494382,0.000715307582260372,0.004291845493562232,0.001430615164520744,0.002861230329041488,0.5381284301692796,0.27530810026990904,0.0,1.0,0.45420651645323395,0.3123627710982926,0.0,1.0,0.5655929416668597,0.25639278857023745,0.0,1.0,0.3614153717898247,0.27653449289056414,0.0,1.0,30,0.17946877243359655,3.027279253409907,7
158,1389,738,12.873726673030685,106.528437724982,1,5,0,5,1041,0.747307968413496,352,1246,0.8944723618090452,0.9298751200768491,968,278,0.9298751200768491,0.7897727272727273,0.8944723618090452,180,1230,6.833333333333333,0.0007178750897343862,0.003589375448671931,0.0,0.003589375448671931,0.5372163775285074,0.2750953178309779,0.0,1.0,0.4543068812559511,0.3119576387251097,0.0,1.0,0.565131563668455,0.25657788492504363,0.0,1.0,0.3620845816205671,0.27656127732791497,0.0,1.0,30,0.1785457163426926,3.025197984161267,7
159,1383,740,12.926893586131813,107.49746926970354,1,7,1,6,1090,0.7847372210223182,299,1246,0.8970482361411087,0.9357798165137615,1020,226,0.9357798165137615,0.7558528428093646,0.8970482361411087,182,1230,6.758241758241758,0.0007199424046076314,0.005039596832253419,0.0007199424046076314,0.004319654427645789,0.5367247451776176,0.27515159501911574,0.0,1.0,0.4535488535908381,0.3115242084393561,0.0,1.0,0.5646210901966272,0.2563322886130386,0.0,1.0,0.3625125370279663,0.2764739813070074,0.0,1.0,30,0.17859725234996385,3.0281995661605206,7
160,1378,747,12.940943193750131,108.22423802612482,2,7,2,5,1076,0.7780187997107737,307,1242,0.8980477223427332,0.9330855018587361,1004,238,0.9330855018587361,0.7752442996742671,0.8980477223427332,178,1227,6.893258426966292,0.0014461315979754157,0.005061460592913955,0.0014461315979754157,0.0036153289949385392,0.5370803876585982,0.27554411442471877,0.0,1.0,0.4546561168594035,0.3110681952875422,0.0,1.0,0.5659440985064844,0.25583361962629275,0.0,1.0,0.3622828784119107,0.2764018167131854,0.0,1.0,30,0.17779390420899854,3.0355587808417996,7
161,1375,758,12.927967360296917,108.95418181818182,3,6,1,5,1082,0.7851959361393324,296,1227,0.8904208998548622,0.9371534195933456,1014,213,0.9371534195933456,0.7195945945945946,0.8904208998548622,176,1214,6.8977272727272725,0.0021770682148040637,0.0043541364296081275,0.000725689404934688,0.00362844702467344,0.5363519061583578,0.2756797457080436,0.0,1.0,0.45332551319648096,0.31067912813891607,0.0,1.0,0.5667565982404692,0.25497137063161157,0.0,1.0,0.36175953079178885,0.27609683958872805,0.0,1.0,30,0.1789090909090909,3.0385454545454547,7
162,1372,768,12.928935976665393,109.62755102040816,3,6,2,4,1056,0.768,319,1209,0.8792727272727273,0.9166666666666666,968,241,0.9166666666666666,0.7554858934169278,0.8792727272727273,180,1199,6.661111111111111,0.002181818181818182,0.004363636363636364,0.0014545454545454545,0.002909090909090909,0.5361845198909057,0.275985196443877,0.0,1.0,0.4534233048057933,0.3102709602950477,0.0,1.0,0.5676902097244427,0.25457547542907416,0.0,1.0,0.36151603498542273,0.2755101037585693,0.0,1.0,30,0.17857142857142858,3.042274052478134,7
163,1372,773,12.934358139069015,110.40597667638484,3,3,0,3,1083,0.7893586005830904,289,1214,0.8848396501457726,0.9224376731301939,999,215,0.9224376731301939,0.7439446366782007,0.8848396501457726,180,1199,6.661111111111111,0.002186588921282799,0.002186588921282799,0.0,0.002186588921282799,0.5360199379290886,0.27604519302037345,0.0,1.0,0.4535173516411173,0.3096660281265448,0.0,1.0,0.5679958619392457,0.25461318763812213,0.0,1.0,0.3609282422646478,0.2754562721565771,0.0,1.0,30,0.17857142857142858,3.0481049562682214,7
164,1367,783,12.972776515090827,111.4403803950256,1,6,0,6,1094,0.7973760932944607,278,1247,0.9088921282798834,0.9451553930530164,1034,213,0.9451553930530164,0.7661870503597122,0.9088921282798834,178,1235,6.938202247191011,0.0007288629737609329,0.004373177842565598,0.0,0.004373177842565598,0.5355263468390872,0.27613551938684266,0.0,1.0,0.4538310876182835,0.3099265898084714,0.0,1.0,0.5681855723623664,0.2543836614031783,0.0,1.0,0.36085612478467094,0.27489459003117644,0.0,1.0,29,0.17849305047549377,3.047549378200439,7
165,1370,788,12.92015004820336,111.7934306569343,9,6,1,5,1055,0.7717629846378932,312,1255,0.9180687637161667,0.943127962085308,995,260,0.943127962085308,0.8333333333333334,0.9180687637161667,183,1243,6.7923497267759565,0.006583760058522311,0.0043891733723482075,0.000731528895391368,0.0036576444769568397,0.5345184836355074,0.27588540625914,0.0,1.0,0.4524134683305863,0.31002790508569145,0.0,1.0,0.5682128561337414,0.25392325284407,0.0,1.0,0.36063103367082644,0.27489533003202643,0.0,1.0,29,0.17956204379562044,3.0532846715328468,7
166,1372,801,12.865624827338866,112.47303206997084,4,2,1,1,1064,0.7766423357664234,306,1205,0.8795620437956204,0.9238721804511278,983,222,0.9238721804511278,0.7254901960784313,0.8795620437956204,177,1195,6.751412429378531,0.00291970802919708,0.00145985401459854,0.00072992700729927,0.00072992700729927,0.5350559578670178,0.2756387230398508,0.0,1.0,0.45203611398476445,0.30993232323367903,0.0,1.0,0.5675021160537947,0.2540767497699221,0.0,1.0,0.3595880748612809,0.2745518809062142,0.0,1.0,29,0.1793002915451895,3.056122448979592,7
167,1369,810,12.883947719825239,113.4718772826881,2,5,1,4,1081,0.7879008746355685,291,1222,0.89067055393586,0.9361702127659575,1012,210,0.9361702127659575,0.7216494845360825,0.89067055393586,174,1205,6.925287356321839,0.0014577259475218659,0.0036443148688046646,0.0007288629737609329,0.0029154518950437317,0.5344141002379886,0.27496296492234895,0.0,1.0,0.4526261221989208,0.31009269983090676,0.0,1.0,0.5667899809137821,0.2544688232727751,0.0,1.0,0.36044675887744765,0.2750631410906705,0.0,1.0,29,0.1789627465303141,3.0525931336742147,7
168,1364,822,12.888614811661194,114.19941348973607,2,7,3,4,1045,0.7633308984660336,324,1205,0.8802045288531775,0.9282296650717703,970,235,0.9282296650717703,0.7253086419753086,0.8802045288531775,170,1187,6.982352941176471,0.0014609203798392988,0.005113221329437546,0.002191380569758948,0.0029218407596785976,0.5351196670135275,0.274712328052445,0.0,1.0,0.45319742692271303,0.31007559636789844,0.0,1.0,0.567259483492574,0.25424212342693114,0.0,1.0,0.35975782802005485,0.2746318031051592,0.0,1.0,27,0.1781524926686217,3.05791788856305,7
169,1363,827,12.903636893439451,114.97065297138664,3,4,1,3,1056,0.7741935483870968,308,1240,0.9090909090909091,0.9251893939393939,977,263,0.9251893939393939,0.8538961038961039,0.9090909090909091,179,1224,6.837988826815643,0.0021994134897360706,0.002932551319648094,0.0007331378299120235,0.0021994134897360706,0.5346365938513242,0.27458390021052964,0.0,1.0,0.452606915485291,0.3098827432566448,0.0,1.0,0.5678650036683786,0.2541355651760518,0.0,1.0,0.3595957683478096,0.2746395288903589,0.0,1.0,27,0.17828319882611884,3.0630961115187088,7
170,1363,837,12.862520436307896,115.50990462215701,5,5,1,4,1091,0.8004402054292002,272,1185,0.8694057226705796,0.9092575618698442,992,193,0.9092575618698442,0.7095588235294118,0.8694057226705796,175,1170,6.685714285714286,0.003668378576669112,0.003668378576669112,0.0007336757153338225,0.00293470286133529,0.5342342555558185,0.27450644839344895,0.0,1.0,0.4518259058528389,0.3092985909721675,0.0,1.0,0.5681490071710884,0.25384310152552225,0.0,1.0,0.3606844484415308,0.27558426872152997,0.0,1.0,27,0.17754952311078503,3.0594277329420394,7
171,1361,845,12.883809876501228,116.29684055841294,3,5,1,4,1045,0.7666911225238444,318,1194,0.8760088041085841,0.9167464114832536,958,236,0.9167464114832536,0.7421383647798742,0.8760088041085841,178,1180,6.629213483146067,0.0022010271460014674,0.003668378576669112,0.0007336757153338225,0.00293470286133529,0.5341897561091228,0.27410586523952885,0.0,1.0,0.4512336754284089,0.30939589733320044,0.0,1.0,0.5671114692706976,0.2540776627621527,0.0,1.0,0.3605745301130573,0.27554639631996913,0.0,1.0,27,0.1778104335047759,3.0580455547391625,7
172,1363,854,12.838982299553674,116.74468085106383,6,4,2,2,1078,0.7920646583394563,283,1198,0.8802351212343865,0.922077922077922,994,204,0.922077922077922,0.7208480565371025,0.8802351212343865,182,1189,6.532967032967033,0.00440852314474651,0.0029390154298310064,0.0014695077149155032,0.0014695077149155032,0.5328615719593874,0.2741009851088653,0.0,1.0,0.45109223013750505,0.3092797130315548,0.0,1.0,0.5672969966629589,0.2543015787469025,0.0,1.0,0.3612997893640688,0.2756010017830771,0.0,1.0,27,0.17754952311078503,3.0638297872340425,7
173,1362,863,12.826608427404084,117.48531571218795,3,4,2,2,1064,0.780630961115187,299,1141,0.8371239911958914,0.8890977443609023,946,195,0.8890977443609023,0.6521739130434783,0.8371239911958914,171,1121,6.555555555555555,0.0022010271460014674,0.00293470286133529,0.001467351430667645,0.001467351430667645,0.5324475391975747,0.2741990556506375,0.0,1.0,0.4505707924778552,0.30894710357127614,0.0,1.0,0.5666240348633413,0.2540704554506685,0.0,1.0,0.36113874283548864,0.275956612255883,0.0,1.0,27,0.1776798825256975,3.065345080763583,7
174,1355,868,12.849563112023073,118.12915129151291,2,9,6,3,1036,0.7606461086637298,326,1201,0.881791483113069,0.917953667953668,951,250,0.917953667953668,0.7668711656441718,0.881791483113069,181,1187,6.558011049723757,0.0014684287812041115,0.006607929515418502,0.004405286343612335,0.0022026431718061676,0.5324128079990477,0.27429991399773307,0.0,1.0,0.4484942268777527,0.3086758381680684,0.0,1.0,0.5665516009998809,0.25424708209404423,0.0,1.0,0.3608618021664088,0.27582854971975945,0.0,1.0,26,0.17859778597785977,3.071586715867159,7
175,1352,879,12.860558169791545,118.92233727810651,3,6,1,5,1026,0.7571955719557195,329,1166,0.8605166051660517,0.9142300194931774,938,228,0.9142300194931774,0.6930091185410334,0.8605166051660517,183,1160,6.33879781420765,0.002214022140221402,0.004428044280442804,0.0007380073800738007,0.0036900369003690036,0.532114907425081,0.2744936959276798,0.0,1.0,0.44944168734491313,0.3091432946955742,0.0,1.0,0.5669259400648979,0.2546727487728655,0.0,1.0,0.36023096010689065,0.27526684087153386,0.0,1.0,26,0.17899408284023668,3.07396449704142,7
176,1349,890,12.895903142290797,119.63306152705708,2,5,2,3,1004,0.742603550295858,348,1165,0.8616863905325444,0.9173306772908366,921,244,0.9173306772908366,0.7011494252873564,0.8616863905325444,181,1157,6.392265193370166,0.0014792899408284023,0.0036982248520710057,0.0014792899408284023,0.0022189349112426036,0.5307157033884119,0.2738795738087684,0.0,1.0,0.4487194815753605,0.30921664336833815,0.0,1.0,0.5671345560630335,0.25489813874021866,0.0,1.0,0.36043425237332316,0.27572552494475916,0.0,1.0,26,0.1793921423276501,3.077835433654559,7
177,1347,896,12.873510485893977,120.19821826280624,5,7,4,3,1048,0.7768717568569311,301,1203,0.8917716827279466,0.9341603053435115,979,224,0.9341603053435115,0.7441860465116279,0.8917716827279466,180,1189,6.605555555555555,0.0037064492216456633,0.005189028910303929,0.0029651593773165306,0.002223869532987398,0.530402088272625,0.2743534481998894,0.0,1.0,0.4461766889383816,0.3087470675179588,0.0,1.0,0.5679526785928107,0.25502839353305184,0.0,1.0,0.3592451565007065,0.275752945748942,0.0,1.0,26,0.18114328136599853,3.0883444691907944,7
178,1344,906,12.873384336554707,120.80059523809524,4,7,5,2,1025,0.7609502598366741,322,1197,0.888641425389755,0.9307317073170732,954,243,0.9307317073170732,0.7546583850931677,0.888641425389755,179,1186,6.625698324022347,0.002969561989606533,0.005196733481811433,0.003711952487008166,0.0014847809948032665,0.5311779953917051,0.274456723602435,0.0,1.0,0.44870871735791096,0.3081021452221021,0.0,1.0,0.5679963517665131,0.255450646679403,0.0,1.0,0.35968701996927804,0.27551698980528977,0.0,1.0,26,0.17708333333333334,3.0907738095238093,7
179,1340,913,12.858897930797209,121.34253731343284,5,9,6,3,1036,0.7708333333333334,308,1156,0.8601190476190477,0.9324324324324325,966,190,0.9324324324324325,0.6168831168831169,0.8601190476190477,183,1146,6.262295081967213,0.003720238095238095,0.006696428571428571,0.004464285714285714,0.002232142857142857,0.5310784785748676,0.27454763198943394,0.0,1.0,0.44961482908040445,0.30832720382417034,0.0,1.0,0.5672604718343766,0.25565695306941755,0.0,1.0,0.3609051516610496,0.2767161550379055,0.0,1.0,26,0.17686567164179104,3.0992537313432837,7
180,1335,918,12.823255059187067,121.64719101123596,6,11,9,2,1032,0.7701492537313432,308,1181,0.8813432835820896,0.9205426356589147,950,231,0.9205426356589147,0.75,0.8813432835820896,181,1167,6.447513812154696,0.004477611940298508,0.008208955223880597,0.006716417910447761,0.0014925373134328358,0.5292255648181708,0.2735705664093345,0.0,1.0,0.4481092183158149,0.30780368630848637,0.0,1.0,0.5665096049293222,0.25572311591902397,0.0,1.0,0.3606620756312674,0.2769678826110255,0.0,1.0,26,0.17902621722846443,3.10561797752809,7
181,1326,926,12.873125873519614,122.44796380090497,1,10,5,5,1051,0.7872659176029962,284,1204,0.90187265917603,0.9467174119885823,995,209,0.9467174119885823,0.7359154929577465,0.90187265917603,179,1191,6.653631284916201,0.000749063670411985,0.00749063670411985,0.003745318352059925,0.003745318352059925,0.5289008903809663,0.27354544314045315,0.0,1.0,0.44801245560258846,0.30752523300178497,0.0,1.0,0.5656595144261178,0.25578260891378957,0.0,1.0,0.3614070938549117,0.27685878227300187,0.0,1.0,26,0.1779788838612368,3.1048265460030167,7
182,1319,938,12.86783393421461,123.05079605761941,4,11,7,4,1023,0.7714932126696833,303,1169,0.8815987933634992,0.9247311827956989,946,223,0.9247311827956989,0.735973597359736,0.8815987933634992,167,1148,6.874251497005988,0.0030165912518853697,0.008295625942684766,0.005279034690799397,0.0030165912518853697,0.5284795421751571,0.2737413104447052,0.0,1.0,0.4475286751938174,0.30802835232217657,0.0,1.0,0.5652865073736213,0.25593874537087624,0.0,1.0,0.35995010883122597,0.27601473302163715,0.0,1.0,26,0.17968157695223655,3.1076573161485976,7
183,1319,946,12.829273916237227,123.34192570128886,6,6,3,3,1040,0.7884761182714177,279,1174,0.890068233510235,0.9278846153846154,965,209,0.9278846153846154,0.7491039426523297,0.890068233510235,176,1158,6.579545454545454,0.004548900682335102,0.004548900682335102,0.002274450341167551,0.002274450341167551,0.5284795421751571,0.27350777016785377,0.0,1.0,0.4461591136980606,0.30814030959223543,0.0,1.0,0.565408789650028,0.25600615307052654,0.0,1.0,0.3602924992051652,0.27656784203468904,0.0,1.0,26,0.17968157695223655,3.1152388172858227,7
184,1311,951,12.84535344887414,123.67048054919908,5,13,8,5,1031,0.7816527672479151,288,1187,0.8999241849886277,0.930164888457808,959,228,0.930164888457808,0.7916666666666666,0.8999241849886277,181,1173,6.480662983425415,0.0037907505686125853,0.009855951478392721,0.006065200909780136,0.0037907505686125853,0.5288255702369528,0.2735112029557068,0.0,1.0,0.44560911394896785,0.3072881491069169,0.0,1.0,0.5648729115917422,0.25641619083348205,0.0,1.0,0.3609655274230457,0.276958541066983,0.0,1.0,26,0.17848970251716248,3.118230358504958,7
185,1304,960,12.883306391205954,124.39800613496932,2,9,5,4,1009,0.7696414950419527,302,1150,0.8771929824561403,0.9246778989098117,933,217,0.9246778989098117,0.7185430463576159,0.8771929824561403,177,1136,6.418079096045198,0.0015255530129672007,0.006864988558352402,0.0038138825324180014,0.0030511060259344014,0.5282752820106867,0.27370435449207364,0.0,1.0,0.4448347516326935,0.3076372877490765,0.0,1.0,0.5649119335048486,0.25621150308898294,0.0,1.0,0.36080051454581435,0.2769596269430261,0.0,1.0,26,0.1794478527607362,3.121932515337423,7
186,1293,968,12.942861951320383,124.98994586233566,2,13,9,4,992,0.7607361963190185,312,1172,0.8987730061349694,0.9395161290322581,932,240,0.9395161290322581,0.7692307692307693,0.8987730061349694,177,1157,6.536723163841808,0.0015337423312883436,0.009969325153374233,0.006901840490797546,0.003067484662576687,0.5283037696779184,0.2737714083615744,0.0,1.0,0.44527605219170224,0.30671260948250917,0.0,1.0,0.5642292243594541,0.2571603483568472,0.0,1.0,0.3627472993538408,0.27773972894629234,0.0,1.0,26,0.17633410672853828,3.1229698375870067,7
187,1288,973,12.980756741077629,125.2251552795031,5,10,8,2,988,0.7641144624903325,305,1171,0.905645784996133,0.9281376518218624,917,254,0.9281376518218624,0.8327868852459016,0.905645784996133,178,1154,6.48314606741573,0.0038669760247486465,0.007733952049497293,0.006187161639597835,0.0015467904098994587,0.527875175315568,0.2736836615104766,0.0,1.0,0.4461530755359647,0.3072482007824656,0.0,1.0,0.5656682027649769,0.2567625774381326,0.0,1.0,0.3626277299138449,0.27795966563529856,0.0,1.0,25,0.17624223602484473,3.1312111801242235,7
188,1290,987,12.972028027176046,125.68837209302326,6,4,2,2,966,0.75,322,1110,0.8618012422360248,0.9057971014492754,875,235,0.9057971014492754,0.7298136645962733,0.8618012422360248,167,1091,6.532934131736527,0.004658385093167702,0.003105590062111801,0.0015527950310559005,0.0015527950310559005,0.5283070767691923,0.2736732896697675,0.0,1.0,0.44696174043510883,0.3074327634538012,0.0,1.0,0.565441360340085,0.256678320592909,0.0,1.0,0.3622905726431608,0.27812613098688665,0.0,1.0,25,0.175968992248062,3.1325581395348836,7
189,1282,995,13.05725168789887,126.39547581903277,3,11,6,5,985,0.7635658914728682,305,1153,0.8937984496124031,0.9248730964467005,911,242,0.9248730964467005,0.7934426229508197,0.8937984496124031,170,1131,6.652941176470589,0.002325581395348837,0.008527131782945736,0.004651162790697674,0.003875968992248062,0.5284585576971466,0.2740813526662966,0.0,1.0,0.44836696693674205,0.3068453743504005,0.0,1.0,0.5660007045443108,0.2569451730860014,0.0,1.0,0.3621357757536108,0.27764116160228314,0.0,1.0,25,0.17550702028081122,3.135725429017161,7
190,1278,999,13.138664804050745,126.96713615023474,3,7,4,3,951,0.7418096723868954,331,1120,0.8736349453978159,0.9295478443743428,884,236,0.9295478443743428,0.7129909365558912,0.8736349453978159,178,1102,6.191011235955056,0.00234009360374415,0.00546021840873635,0.0031201248049922,0.00234009360374415,0.5282699782926953,0.2741348438190116,0.0,1.0,0.44863445908425464,0.3067246324833903,0.0,1.0,0.5669645110808218,0.25635212594633516,0.0,1.0,0.3620576505628754,0.2777260649316653,0.0,1.0,25,0.1752738654147105,3.1384976525821595,7
191,1272,1005,13.17049959141275,127.21383647798743,5,11,9,2,960,0.7511737089201878,318,1121,0.877151799687011,0.915625,879,242,0.915625,0.7610062893081762,0.877151799687011,174,1101,6.327586206896552,0.003912363067292645,0.008607198748043818,0.007042253521126761,0.001564945226917058,0.5269831608845608,0.2735991603621505,0.0,1.0,0.4465916007303713,0.30651457859351766,0.0,1.0,0.5662406167579631,0.25657086508313787,0.0,1.0,0.36193954148914587,0.27776893426851573,0.0,1.0,25,0.1761006289308176,3.143081761006289,7
192,1265,1015,13.200903556672644,127.80237154150197,3,10,6,4,993,0.7806603773584906,279,1134,0.8915094339622641,0.9224572004028198,916,218,0.9224572004028198,0.7813620071684588,0.8915094339622641,171,1115,6.52046783625731,0.0023584905660377358,0.007861635220125786,0.0047169811320754715,0.0031446540880503146,0.526635216116282,0.272984207880052,0.0,1.0,0.44620680861915085,0.30628006921704753,0.0,1.0,0.5663139104934336,0.25722533604664544,0.0,1.0,0.36103531811806705,0.2770795177337336,0.0,1.0,24,0.17549407114624507,3.1454545454545455,7
193,1262,1021,13.24524530306797,128.2091917591125,5,8,5,3,937,0.7407114624505929,328,1145,0.9051383399209486,0.9327641408751334,874,271,0.9327641408751334,0.8262195121951219,0.9051383399209486,176,1127,6.403409090909091,0.003952569169960474,0.006324110671936759,0.003952569169960474,0.0023715415019762848,0.5259700424313685,0.2727221661229706,0.0,1.0,0.4469863503910843,0.3067844530294736,0.0,1.0,0.5645928122284136,0.25768000351257286,0.0,1.0,0.3618168805275804,0.27714343117223683,0.0,1.0,24,0.1751188589540412,3.1450079239302693,7
194,1259,1026,13.26496409463167,128.59412231930102,4,7,6,1,1002,0.7939778129952456,260,1108,0.8779714738510301,0.9251497005988024,927,181,0.9251497005988024,0.6961538461538461,0.8779714738510301,176,1089,6.1875,0.003169572107765452,0.005546751188589541,0.004754358161648178,0.000792393026941363,0.5261216018857773,0.2731492576199994,0.0,1.0,0.44935816956622,0.3069139418233519,0.0,1.0,0.5655281969817315,0.2570046497845872,0.0,1.0,0.36252530169873687,0.2774772584691282,0.0,1.0,24,0.17394757744241462,3.147736298649722,7
195,1260,1033,13.246382026742898,128.52619047619046,8,7,7,0,957,0.7601270849880858,302,1096,0.8705321683876092,0.9237199582027168,884,212,0.9237199582027168,0.7019867549668874,0.8705321683876092,175,1078,6.16,0.006354249404289118,0.005559968228752979,0.005559968228752979,0.0,0.526600102406554,0.2732933587718265,0.0,1.0,0.4488479262672811,0.30703550548142633,0.0,1.0,0.5654889912954429,0.2566877219466582,0.0,1.0,0.36300563236047106,0.27756613441236044,0.0,1.0,24,0.1738095238095238,3.153174603174603,7
196,1253,1040,13.293102686999923,128.87470071827613,3,10,8,2,957,0.7595238095238095,303,1107,0.8785714285714286,0.9174503657262278,878,229,0.9174503657262278,0.7557755775577558,0.8785714285714286,176,1090,6.193181818181818,0.002380952380952381,0.007936507936507936,0.006349206349206349,0.0015873015873015873,0.5253971114486523,0.27317294504384965,0.0,1.0,0.4488582241330484,0.3075129115568155,0.0,1.0,0.5665370851890945,0.2568942326588868,0.0,1.0,0.36266508766058236,0.27785362709925104,0.0,1.0,24,0.174780526735834,3.1612130885873904,7
197,1244,1053,13.34545972101937,129.32717041800643,3,12,10,2,964,0.7693535514764565,289,1121,0.8946528332003192,0.9273858921161826,894,227,0.9273858921161826,0.7854671280276817,0.8946528332003192,169,1103,6.5266272189349115,0.0023942537909018356,0.009577015163607342,0.007980845969672785,0.0015961691939345571,0.5245825121875325,0.2731628693172582,0.0,1.0,0.44855305466237944,0.30767720558093803,0.0,1.0,0.5666943263146976,0.25707290553517764,0.0,1.0,0.3622808837257546,0.2777576781743518,0.0,1.0,24,0.1760450160771704,3.172829581993569,7
198,1243,1055,13.396310677903424,129.45937248592116,7,8,5,3,951,0.7644694533762058,293,1111,0.8930868167202572,0.935856992639327,890,221,0.935856992639327,0.7542662116040956,0.8930868167202572,179,1092,6.100558659217877,0.005627009646302251,0.006430868167202572,0.0040192926045016075,0.002411575562700965,0.5241221809877248,0.273035380121923,0.0,1.0,0.4477201359873355,0.3075384974475802,0.0,1.0,0.5663457296343394,0.2572306868306491,0.0,1.0,0.36340279760205535,0.27727765418166583,0.0,1.0,24,0.1753821399839099,3.1786001609010457,7
199,1240,1063,13.361408618162061,129.51129032258063,7,10,9,1,969,0.7795655671761866,274,1073,0.8632341110217217,0.9184726522187823,890,183,0.9184726522187823,0.6678832116788321,0.8632341110217217,173,1054,6.092485549132948,0.0056315366049879325,0.008045052292839904,0.007240547063555913,0.0008045052292839903,0.5225806451612903,0.27312701923248567,0.0,1.0,0.4467221644120708,0.3074897482255834,0.0,1.0,0.5667793964620187,0.25706736326679364,0.0,1.0,0.36225286160249737,0.2773937867360998,0.0,1.0,24,0.17661290322580644,3.189516129032258,7
200,1237,1076,13.388893477189015,129.82215036378335,5,8,5,3,959,0.7733870967741936,281,1106,0.8919354838709678,0.9207507820646507,883,223,0.9207507820646507,0.7935943060498221,0.8919354838709678,179,1098,6.134078212290503,0.004032258064516129,0.0064516129032258064,0.004032258064516129,0.0024193548387096775,0.5219443502751193,0.27304918699733605,0.0,1.0,0.447284011787102,0.30806756218207837,0.0,1.0,0.5673716327222469,0.25729988979232593,0.0,1.0,0.3620622212950166,0.27743823276265994,0.0,1.0,24,0.17704122877930478,3.1972514147130155,7
201,1228,1085,13.430784712133985,130.307003257329,2,11,10,1,911,0.7364591754244139,326,1093,0.883589329021827,0.9121844127332601,831,262,0.9121844127332601,0.803680981595092,0.883589329021827,171,1073,6.2748538011695905,0.0016168148746968471,0.00889248181083266,0.008084074373484237,0.0008084074373484236,0.5219081643375013,0.27337891197983827,0.0,1.0,0.4476463171167385,0.3074060784947818,0.0,1.0,0.5680886834086372,0.2576470599547722,0.0,1.0,0.3612220237469791,0.2774652213732507,0.0,1.0,24,0.1758957654723127,3.205211726384365,7
202,1222,1092,13.509994039235867,130.87888707037644,3,9,6,3,944,0.7687296416938111,284,1107,0.9014657980456026,0.9290254237288136,877,230,0.9290254237288136,0.8098591549295775,0.9014657980456026,174,1088,6.252873563218391,0.0024429967426710096,0.007328990228013029,0.004885993485342019,0.0024429967426710096,0.5220685285887757,0.27305463832760934,0.0,1.0,0.4486035584182462,0.3071896738507656,0.0,1.0,0.5682118156380339,0.25774665750147746,0.0,1.0,0.3616493321366348,0.2773708656508287,0.0,1.0,24,0.17430441898527005,3.2103109656301148,7
203,1212,1102,13.625009453070152,131.32508250825083,2,12,9,3,924,0.7561374795417348,298,1093,0.8944353518821604,0.9274891774891775,857,236,0.9274891774891775,0.7919463087248322,0.8944353518821604,172,1075,6.25,0.0016366612111292963,0.009819967266775777,0.007364975450081833,0.0024549918166939444,0.5222506121579901,0.2729308686271328,0.0,1.0,0.4495635047375705,0.3071807237629307,0.0,1.0,0.5688278505269881,0.2574105190777601,0.0,1.0,0.36274353241775786,0.27802327360683865,0.0,1.0,24,0.17244224422442245,3.2186468646864688,7
204,1204,1108,13.689318274497218,131.4435215946844,4,12,12,0,914,0.7541254125412541,298,1077,0.8886138613861386,0.9201312910284464,841,236,0.9201312910284464,0.7919463087248322,0.8886138613861386,180,1063,5.905555555555556,0.0033003300330033004,0.009900990099009901,0.009900990099009901,0.0,0.5213803450862716,0.27242124397999795,0.0,1.0,0.44973743435858965,0.306920727743051,0.0,1.0,0.5686689529525238,0.2577646783230496,0.0,1.0,0.3627156789197299,0.27790550603249065,0.0,1.0,24,0.17109634551495018,3.225083056478405,7
205,1201,1118,13.70679970755354,131.3189009159034,7,10,9,1,940,0.7807308970099668,264,1069,0.8878737541528239,0.9180851063829787,863,206,0.9180851063829787,0.7803030303030303,0.8878737541528239,173,1052,6.08092485549133,0.005813953488372093,0.008305647840531562,0.007475083056478406,0.0008305647840531562,0.5200773548924283,0.27207573850487415,0.0,1.0,0.4487926727726894,0.3065047193196455,0.0,1.0,0.5688001933872311,0.2578345437998071,0.0,1.0,0.3631113856732293,0.2776052036923251,0.0,1.0,24,0.1723563696919234,3.2356369691923397,7
206,1188,1121,13.754745773444535,131.34006734006735,4,17,15,2,914,0.7610324729392173,287,1053,0.8767693588676103,0.9190371991247265,840,213,0.9190371991247265,0.7421602787456446,0.8767693588676103,179,1035,5.782122905027933,0.0033305578684429643,0.014154870940882597,0.012489592006661115,0.0016652789342214821,0.5192788096013903,0.27198310612133664,0.0,1.0,0.4498750950363854,0.3058816537098875,0.0,1.0,0.5673129140871077,0.2587696559050775,0.0,1.0,0.363419137612686,0.2775163730673107,0.0,1.0,23,0.17087542087542087,3.2382154882154883,7
207,1181,1131,13.782293751554857,131.33530906011853,6,13,11,2,903,0.76010101010101,285,1040,0.8754208754208754,0.929125138427464,839,201,0.929125138427464,0.7052631578947368,0.8754208754208754,178,1028,5.775280898876405,0.005050505050505051,0.010942760942760943,0.009259259259259259,0.0016835016835016834,0.5187238808008522,0.27213582963092975,0.0,1.0,0.4506842205894403,0.3064397829954328,0.0,1.0,0.5682172024801289,0.2579649770491699,0.0,1.0,0.36420747862664227,0.27747115467657596,0.0,1.0,23,0.1718882303132938,3.2447078746824727,7
208,1168,1139,13.834728915971299,130.96917808219177,6,19,17,2,894,0.7569856054191363,287,1034,0.8755292125317528,0.9250559284116331,827,207,0.9250559284116331,0.7212543554006968,0.8755292125317528,173,1015,5.867052023121388,0.005080440304826418,0.016088060965283656,0.014394580863674851,0.001693480101608806,0.5165433053468848,0.2712581156783066,0.0,1.0,0.44967962881131246,0.3066111824869209,0.0,1.0,0.5681064958020327,0.257984291451205,0.0,1.0,0.36406319045514807,0.2779410566889197,0.0,1.0,23,0.1738013698630137,3.256849315068493,7
209,1160,1149,13.945887582108027,131.53275862068966,1,9,8,1,907,0.776541095890411,261,1048,0.8972602739726028,0.9470782800441014,859,189,0.9470782800441014,0.7241379310344828,0.8972602739726028,171,1029,6.017543859649122,0.0008561643835616438,0.007705479452054794,0.00684931506849315,0.0008561643835616438,0.5153225806451612,0.27095230602519516,0.0,1.0,0.4478587319243604,0.3063393166903138,0.0,1.0,0.567769744160178,0.25859268659617485,0.0,1.0,0.36248609566184653,0.27775900456839603,0.0,1.0,22,0.175,3.261206896551724,7
210,1163,1161,13.931108426456749,131.32932072226998,9,6,6,0,851,0.7336206896551725,309,1028,0.8862068965517241,0.9318448883666275,793,235,0.9318448883666275,0.7605177993527508,0.8862068965517241,172,1012,5.883720930232558,0.007758620689655172,0.005172413793103448,0.005172413793103448,0.0,0.5141319723740049,0.27013147467188114,0.0,1.0,0.4483122070285413,0.3064750770669365,0.0,1.0,0.5685518542146285,0.2586265252705138,0.0,1.0,0.36357584667018,0.27828591271945596,0.0,1.0,22,0.17368873602751506,3.2682717110920034,7
211,1157,1167,14.054580729412612,131.5246326707001,4,10,9,1,866,0.7446259673258814,297,1026,0.882201203783319,0.9226327944572749,799,227,0.9226327944572749,0.7643097643097643,0.882201203783319,172,1004,5.837209302325581,0.0034393809114359416,0.008598452278589854,0.007738607050730868,0.0008598452278589854,0.5123093651545989,0.2698183050212548,0.0,1.0,0.447347143613907,0.30620721744031126,0.0,1.0,0.5667605319653163,0.2590621991696048,0.0,1.0,0.36387208297320656,0.2786091103316483,0.0,1.0,22,0.17458945548833188,3.272255834053587,7
212,1156,1174,14.06795553617512,131.24740484429066,8,9,9,0,907,0.783923941227312,250,1035,0.8945548833189283,0.9404630650496141,853,182,0.9404630650496141,0.728,0.8945548833189283,170,1012,5.952941176470588,0.006914433880726016,0.007778738115816767,0.007778738115816767,0.0,0.5123897756446032,0.27017112704232094,0.0,1.0,0.4476504074115415,0.3061159197520015,0.0,1.0,0.5658276593369796,0.2594370817843257,0.0,1.0,0.36413104141087177,0.2792165070976284,0.0,1.0,22,0.17560553633217993,3.2802768166089966,7
213,1151,1183,14.088703112608306,131.22502172024326,6,11,10,1,850,0.7352941176470589,306,1027,0.8884083044982699,0.9329411764705883,793,234,0.9329411764705883,0.7647058823529411,0.8884083044982699,166,1002,6.036144578313253,0.005190311418685121,0.009515570934256055,0.00865051903114187,0.0008650519031141869,0.5124576104929794,0.27012151704375437,0.0,1.0,0.44805358594209804,0.30620257629033953,0.0,1.0,0.5666881533589305,0.25944902651561236,0.0,1.0,0.3641714077520249,0.2797990247568685,0.0,1.0,22,0.17549956559513466,3.2858384013900954,7
214,1146,1188,14.066469031340693,130.61692844677137,10,15,13,2,879,0.7636837532580365,272,1045,0.9079061685490878,0.9397042093287827,826,219,0.9397042093287827,0.8051470588235294,0.9079061685490878,168,1018,6.059523809523809,0.008688097306689836,0.013032145960034752,0.011294526498696786,0.0017376194613379669,0.5115689917243709,0.27013766686216995,0.0,1.0,0.4489669537803299,0.30587000353355914,0.0,1.0,0.566824297697461,0.2597665132201276,0.0,1.0,0.3665484433935709,0.27939714533444426,0.0,1.0,22,0.17277486910994763,3.287958115183246,7
215,1141,1192,14.074673230526034,130.24978089395267,8,13,12,1,864,0.7539267015706806,282,994,0.8673647469458988,0.9293981481481481,803,191,0.9293981481481481,0.6773049645390071,0.8673647469458988,164,962,5.865853658536586,0.006980802792321117,0.011343804537521814,0.010471204188481676,0.0008726003490401396,0.5106443131378813,0.26966893313015594,0.0,1.0,0.44872918492550395,0.30582547075457595,0.0,1.0,0.5674139832065817,0.25982907594606885,0.0,1.0,0.3652992564530265,0.2785146256098628,0.0,1.0,22,0.17353198948290974,3.301489921121823,7
216,1135,1192,14.180175129045441,130.09867841409692,5,11,9,2,895,0.7843996494303243,246,1020,0.8939526730937774,0.929608938547486,832,188,0.929608938547486,0.7642276422764228,0.8939526730937774,174,994,5.712643678160919,0.0043821209465381246,0.009640666082383873,0.007887817703768623,0.0017528483786152498,0.5095637345459713,0.27028746207459337,0.0,1.0,0.4474918289043627,0.30580281165508183,0.0,1.0,0.567344038652835,0.2600305727035792,0.0,1.0,0.36470086684666764,0.2779316412677325,0.0,1.0,21,0.17533039647577092,3.3118942731277534,7
217,1127,1195,14.303526782067426,130.0514640638864,5,13,11,2,858,0.7559471365638767,277,996,0.8775330396475771,0.9265734265734266,795,201,0.9265734265734266,0.7256317689530686,0.8775330396475771,173,972,5.618497109826589,0.004405286343612335,0.01145374449339207,0.009691629955947136,0.001762114537444934,0.5096316226350288,0.27027882109815776,0.0,1.0,0.44823539513982313,0.3060504709937978,0.0,1.0,0.568451784640925,0.26019701366423764,0.0,1.0,0.36394080773964566,0.2784414936664888,0.0,1.0,21,0.1756876663708962,3.32209405501331,7
218,1121,1205,14.355357910982883,129.79661016949152,8,14,9,5,864,0.7666370896184561,263,984,0.8731144631765749,0.9212962962962963,796,188,0.9212962962962963,0.714828897338403,0.8731144631765749,169,963,5.6982248520710055,0.00709849157054126,0.012422360248447204,0.007985803016858917,0.0044365572315882874,0.507697620212368,0.2694917835151095,0.0,1.0,0.44844752668987947,0.30676489481661023,0.0,1.0,0.5673793559897556,0.26053716420533646,0.0,1.0,0.3645074961871601,0.27743630200086705,0.0,1.0,21,0.17573595004460305,3.3300624442462086,7
219,1116,1212,14.341806774214417,129.06541218637992,10,15,14,1,874,0.7796610169491526,247,982,0.8760035682426405,0.9187643020594966,803,179,0.9187643020594966,0.7246963562753036,0.8760035682426405,169,958,5.668639053254438,0.008920606601248885,0.013380909901873328,0.012488849241748439,0.0008920606601248885,0.5075442247658688,0.26921572900572355,0.0,1.0,0.44817319921378196,0.30647490484154843,0.0,1.0,0.5677824025898948,0.2614308816386777,0.0,1.0,0.36356804254827146,0.27767957339527755,0.0,1.0,21,0.17562724014336917,3.3431899641577063,7
220,1120,1216,14.33159914215096,128.74107142857142,9,5,5,0,880,0.7885304659498208,236,1000,0.8960573476702509,0.9306818181818182,819,181,0.9306818181818182,0.7669491525423728,0.8960573476702509,174,978,5.620689655172414,0.008064516129032258,0.004480286738351254,0.004480286738351254,0.0,0.5080069124423964,0.26905768196421914,0.0,1.0,0.4474942396313364,0.30704033609804027,0.0,1.0,0.5694124423963134,0.26116761289914453,0.0,1.0,0.3629032258064516,0.2771727550426837,0.0,1.0,21,0.17589285714285716,3.3553571428571427,7
221,1117,1225,14.377746871844083,128.46463742166517,7,10,9,1,866,0.7732142857142857,254,979,0.8741071428571429,0.9203233256351039,797,182,0.9203233256351039,0.7165354330708661,0.8741071428571429,173,961,5.554913294797688,0.00625,0.008928571428571428,0.008035714285714285,0.0008928571428571428,0.5075807895572819,0.2690252565424306,0.0,1.0,0.4457215467698617,0.307152261927988,0.0,1.0,0.5700753747075981,0.26106151555207946,0.0,1.0,0.36087446212493146,0.2757463254247356,0.0,1.0,21,0.17726051924798567,3.3634735899731423,7
222,1109,1227,14.487951528663718,128.45175834084762,4,12,11,1,869,0.7779767233661593,248,982,0.8791405550581916,0.9275028768699655,806,176,0.9275028768699655,0.7096774193548387,0.8791405550581916,176,960,5.454545454545454,0.0035810205908683975,0.010743061772605193,0.009847806624888093,0.0008952551477170994,0.508304488205009,0.2689286368697056,0.0,1.0,0.4446900724279357,0.3069895253988541,0.0,1.0,0.5701445649960731,0.2613549496293939,0.0,1.0,0.3600453765380029,0.2758939311513023,0.0,1.0,21,0.17944093778178538,3.3678990081154194,7
223,1105,1237,14.55506679631821,128.41719457013573,6,10,9,1,853,0.7691614066726781,256,995,0.8972046889089269,0.9284876905041032,792,203,0.9284876905041032,0.79296875,0.8972046889089269,176,981,5.573863636363637,0.005410279531109108,0.009017132551848512,0.008115419296663661,0.0009017132551848512,0.5080718143336739,0.2689659612717101,0.0,1.0,0.4458035323310466,0.3076001370891317,0.0,1.0,0.570515253247701,0.26171702289975524,0.0,1.0,0.3579623412640491,0.27590950590966157,0.0,1.0,21,0.18190045248868777,3.379185520361991,7
224,1106,1245,14.516179498626919,127.57956600361663,12,11,10,1,846,0.7656108597285067,259,942,0.8524886877828054,0.8971631205673759,759,183,0.8971631205673759,0.7065637065637066,0.8524886877828054,167,917,5.491017964071856,0.01085972850678733,0.009954751131221719,0.00904977375565611,0.0009049773755656109,0.5083999300005833,0.26874710801749396,0.0,1.0,0.4449337922183982,0.3077981160634714,0.0,1.0,0.569824418129849,0.26282316812628176,0.0,1.0,0.35553870384413466,0.27611008298033424,0.0,1.0,21,0.18354430379746836,3.397830018083183,7
225,1111,1248,14.460199684083362,126.37263726372638,14,9,9,0,870,0.786618444846293,236,968,0.8752260397830018,0.9183908045977012,799,169,0.9183908045977012,0.7161016949152542,0.8752260397830018,179,950,5.307262569832402,0.012658227848101266,0.0081374321880651,0.0081374321880651,0.0,0.5063441828053773,0.2683115166761916,0.0,1.0,0.44388955024534715,0.3074228483784356,0.0,1.0,0.5695827647280857,0.26268750141031083,0.0,1.0,0.3568421358264859,0.2761760833097742,0.0,1.0,21,0.1845184518451845,3.4158415841584158,8
226,1105,1254,14.517586605287352,125.7339366515837,8,14,13,1,849,0.7641764176417641,262,963,0.8667866786678667,0.9140164899882215,776,187,0.9140164899882215,0.7137404580152672,0.8667866786678667,167,936,5.604790419161676,0.0072007200720072,0.012601260126012601,0.011701170117011701,0.0009000900090009,0.5050065683841775,0.26860609493072535,0.0,1.0,0.4455699897825135,0.3070410062841934,0.0,1.0,0.5698438184206684,0.262604404668815,0.0,1.0,0.3569405926142169,0.27634717706850165,0.0,1.0,21,0.18371040723981902,3.4280542986425337,8
227,1100,1263,14.550986758568113,125.21636363636364,7,12,12,0,860,0.7782805429864253,245,968,0.8760180995475113,0.9127906976744186,785,183,0.9127906976744186,0.746938775510204,0.8760180995475113,168,945,5.625,0.006334841628959276,0.01085972850678733,0.01085972850678733,0.0,0.5047800586510264,0.26849318052687926,0.0,1.0,0.445425219941349,0.30680258704591273,0.0,1.0,0.57,0.2616488796493093,0.0,1.0,0.356099706744868,0.27604741423149864,0.0,1.0,21,0.18454545454545454,3.449090909090909,8
228,1099,1273,14.61874287590147,125.01091901728844,8,9,7,2,847,0.77,253,945,0.8590909090909091,0.9008264462809917,763,182,0.9008264462809917,0.7193675889328063,0.8590909090909091,172,927,5.3895348837209305,0.007272727272727273,0.008181818181818182,0.006363636363636364,0.0018181818181818182,0.5046816754234055,0.26831332487443976,0.0,1.0,0.4445977281399513,0.3071865056851254,0.0,1.0,0.5705773577152249,0.2608161969585109,0.0,1.0,0.3552496404355866,0.27579988446306225,0.0,1.0,21,0.18653321201091902,3.45950864422202,8
229,1093,1275,14.685284555110684,124.4775846294602,8,14,13,1,829,0.7543221110100091,270,981,0.8926296633303002,0.9300361881785284,771,210,0.9300361881785284,0.7777777777777778,0.8926296633303002,169,952,5.633136094674557,0.007279344858962694,0.012738853503184714,0.011828935395814377,0.0009099181073703367,0.504618835404185,0.2675464213825933,0.0,1.0,0.44393943865655344,0.3075631842149941,0.0,1.0,0.571200897205088,0.2614443711601428,0.0,1.0,0.3541894165215595,0.2749049507653221,0.0,1.0,21,0.18572735590118938,3.4711802378774017,8
230,1095,1277,14.601919280106122,122.71780821917808,16,14,14,0,779,0.7127172918572735,314,998,0.9130832570905764,0.9370988446726572,730,268,0.9370988446726572,0.8535031847133758,0.9130832570905764,167,967,5.790419161676646,0.01463860933211345,0.012808783165599268,0.012808783165599268,0.0,0.5033141847105612,0.26730081975629316,0.0,1.0,0.44339372514361464,0.30774226023020984,0.0,1.0,0.5706289586095155,0.26233111175393614,0.0,1.0,0.3546324937398733,0.2734008196114177,0.0,1.0,21,0.1872146118721461,3.4894977168949772,8
231,1095,1285,14.503838347999947,121.34246575342466,13,13,13,0,840,0.7671232876712328,255,951,0.8684931506849315,0.9214285714285714,774,177,0.9214285714285714,0.6941176470588235,0.8684931506849315,164,923,5.628048780487805,0.011872146118721462,0.011872146118721462,0.011872146118721462,0.0,0.5030195905140669,0.2676205302715558,0.0,1.0,0.44551480335837385,0.30774836846014525,0.0,1.0,0.5725143614670791,0.26217530305800174,0.0,1.0,0.3525997937840625,0.2721601975235382,0.0,1.0,21,0.1863013698630137,3.5123287671232877,8
232,1091,1291,14.401686660366702,119.80843263061412,12,16,16,0,872,0.7963470319634703,223,970,0.8858447488584474,0.9243119266055045,806,164,0.9243119266055045,0.7354260089686099,0.8858447488584474,163,939,5.7607361963190185,0.010958904109589041,0.014611872146118721,0.014611872146118721,0.0,0.5051299488483487,0.2687271913262875,0.0,1.0,0.4459655243783448,0.3076580974129439,0.0,1.0,0.572809792732326,0.26346438076360873,0.0,1.0,0.3519706691109074,0.27243757877109337,0.0,1.0,21,0.1851512373968836,3.538955087076077,8
233,1088,1297,14.450708043669055,119.18290441176471,9,12,10,2,866,0.7937671860678277,225,947,0.8680109990834097,0.9145496535796767,792,155,0.9145496535796767,0.6888888888888889,0.8680109990834097,165,918,5.5636363636363635,0.008249312557286892,0.010999083409715857,0.00916590284142988,0.0018331805682859762,0.504832779886148,0.2679477201135646,0.0,1.0,0.44669117647058826,0.3077886305922881,0.0,1.0,0.5733515180265654,0.2628171727735806,0.0,1.0,0.35134013282732446,0.27391645608993703,0.0,1.0,21,0.18658088235294118,3.557904411764706,8
234,1085,1302,14.501694263402099,118.65161290322581,8,11,9,2,835,0.7674632352941176,253,940,0.8639705882352942,0.9209580838323354,769,171,0.9209580838323354,0.6758893280632411,0.8639705882352942,169,914,5.408284023668639,0.007352941176470588,0.01011029411764706,0.008272058823529412,0.001838235294117647,0.5046826222684704,0.26737046574927764,0.0,1.0,0.44462613349189833,0.3070407384209398,0.0,1.0,0.5724691541548982,0.26354610002315615,0.0,1.0,0.3511520737327189,0.2741490857914484,0.0,1.0,21,0.1870967741935484,3.574193548387097,8
235,1089,1303,14.457354828943494,117.43893480257117,14,10,10,0,856,0.7889400921658987,229,965,0.8894009216589862,0.9240654205607477,791,174,0.9240654205607477,0.759825327510917,0.8894009216589862,171,937,5.47953216374269,0.012903225806451613,0.009216589861751152,0.009216589861751152,0.0,0.5055540744690304,0.2679858591479173,0.0,1.0,0.4455108267424983,0.3070322445320993,0.0,1.0,0.5749281673035339,0.26286450158283314,0.0,1.0,0.3503065849106905,0.27330914032627635,0.0,1.0,20,0.18732782369146006,3.5831037649219466,8
236,1087,1309,14.502737672672179,116.86844526218951,9,11,10,1,839,0.7704315886134068,250,933,0.8567493112947658,0.902264600715137,757,176,0.902264600715137,0.704,0.8567493112947658,168,907,5.398809523809524,0.008264462809917356,0.010101010101010102,0.009182736455463728,0.0009182736455463728,0.5051488263050123,0.26792534157065356,0.0,1.0,0.4435706442710034,0.3069879506574307,0.0,1.0,0.5752737632430186,0.2622061000185301,0.0,1.0,0.34982342641778197,0.2728337544647648,0.0,1.0,20,0.19043238270469182,3.590616375344986,8
237,1081,1316,14.60526620058731,116.75948196114709,6,12,9,3,853,0.7847286108555658,234,943,0.8675252989880404,0.9120750293083235,778,165,0.9120750293083235,0.7051282051282052,0.8675252989880404,171,921,5.385964912280702,0.005519779208831647,0.011039558417663294,0.00827966881324747,0.0027598896044158236,0.5049088359046283,0.26719692259827166,0.0,1.0,0.44319775596072936,0.30739593503794427,0.0,1.0,0.5746172898451255,0.2629133513389002,0.0,1.0,0.3489003610754678,0.2726270162171971,0.0,1.0,20,0.19056429232192415,3.61054579093432,8
238,1083,1316,14.57903254584837,115.34626038781164,14,12,11,1,835,0.7724329324699353,246,950,0.8788159111933395,0.8994011976047904,751,199,0.8994011976047904,0.8089430894308943,0.8788159111933395,180,930,5.166666666666667,0.012950971322849213,0.011100832562442183,0.010175763182238668,0.0009250693802035153,0.5051678432073392,0.26712592451385075,0.0,1.0,0.4438685848747505,0.30713565851308544,0.0,1.0,0.5728710570994549,0.26363047863815314,0.0,1.0,0.3500134036279153,0.27326162555519545,0.0,1.0,20,0.1883656509695291,3.6204986149584486,8
239,1084,1320,14.56038109556656,114.2988929889299,12,11,11,0,821,0.7580794090489381,262,930,0.8587257617728532,0.9196102314250914,755,175,0.9196102314250914,0.6679389312977099,0.8587257617728532,174,908,5.218390804597701,0.0110803324099723,0.010156971375807941,0.010156971375807941,0.0,0.5060111891441494,0.2678469617838419,0.0,1.0,0.4453041304606594,0.30624721246004033,0.0,1.0,0.5728187120580883,0.2641003300583612,0.0,1.0,0.3495119628615641,0.2730435877666511,0.0,1.0,20,0.1863468634686347,3.642988929889299,8
240,1086,1331,14.412074239411096,112.3342541436464,17,15,13,2,834,0.7693726937269373,250,946,0.8726937269372693,0.9172661870503597,765,181,0.9172661870503597,0.724,0.8726937269372693,160,917,5.73125,0.015682656826568265,0.013837638376383764,0.011992619926199263,0.0018450184501845018,0.5043961266559733,0.268286764553071,0.0,1.0,0.44350383175904473,0.305190325783861,0.0,1.0,0.5736351214875542,0.26414652254175985,0.0,1.0,0.3481554090180004,0.27302893906806996,0.0,1.0,20,0.18968692449355432,3.669429097605893,8
241,1091,1339,14.31242556514996,111.23831347387717,14,9,8,1,854,0.7863720073664825,232,954,0.8784530386740331,0.9215456674473068,787,167,0.9215456674473068,0.7198275862068966,0.8784530386740331,166,928,5.590361445783133,0.01289134438305709,0.008287292817679558,0.007366482504604052,0.0009208103130755065,0.5046568699920169,0.26850145861235447,0.0,1.0,0.4437183998107685,0.30532115259630466,0.0,1.0,0.5721001744478282,0.2641906969792984,0.0,1.0,0.3493687354010822,0.27367629088589185,0.0,1.0,20,0.18881759853345553,3.6727772685609534,8
242,1087,1337,14.418244292447204,110.56853725850966,7,11,11,0,829,0.7598533455545371,262,932,0.854262144821265,0.8890229191797346,737,195,0.8890229191797346,0.7442748091603053,0.854262144821265,171,901,5.269005847953216,0.006416131989000917,0.01008249312557287,0.01008249312557287,0.0,0.5045256254265958,0.26798660810089997,0.0,1.0,0.4432738819479479,0.30600240533215395,0.0,1.0,0.5714158530432977,0.26455618934517433,0.0,1.0,0.35014986497314304,0.2740526094813815,0.0,1.0,20,0.18951241950321987,3.678012879484821,8
243,1081,1345,14.52388147191207,110.45050878815911,4,10,8,2,833,0.766329346826127,254,978,0.8997240110395585,0.9327731092436975,777,201,0.9327731092436975,0.7913385826771654,0.8997240110395585,173,959,5.543352601156069,0.0036798528058877645,0.00919963201471941,0.007359705611775529,0.0018399264029438822,0.5049983587478738,0.26741493431428154,0.0,1.0,0.4420637999462863,0.3047775539077867,0.0,1.0,0.572080809286503,0.2638645809726216,0.0,1.0,0.34887052012771924,0.27276226962846495,0.0,1.0,20,0.18963922294172064,3.6928769657724327,8
244,1079,1357,14.571256785320628,109.9406858202039,7,9,9,0,831,0.7687326549491211,250,918,0.849213691026827,0.8916967509025271,741,177,0.8916967509025271,0.708,0.849213691026827,163,893,5.478527607361963,0.0064754856614246065,0.008325624421831638,0.008325624421831638,0.0,0.5035726030673563,0.26690534369899954,0.0,1.0,0.44183682621304077,0.30513673949227943,0.0,1.0,0.5705701216777781,0.264471984726116,0.0,1.0,0.34903883524171125,0.2737383421157525,0.0,1.0,20,0.18999073215940684,3.7043558850787766,8
245,1085,1358,14.586478103180992,109.14930875576037,13,7,6,1,794,0.7358665430954587,285,946,0.8767377201112141,0.9017632241813602,716,230,0.9017632241813602,0.8070175438596491,0.8767377201112141,171,918,5.368421052631579,0.012048192771084338,0.006487488415199258,0.005560704355885079,0.0009267840593141798,0.5046826222684704,0.2676393568182234,0.0,1.0,0.44162330905306973,0.3054778617546758,0.0,1.0,0.5693474059759179,0.2644717327465088,0.0,1.0,0.3507655715772261,0.2740228945980109,0.0,1.0,20,0.1880184331797235,3.711520737327189,8
246,1086,1362,14.63770277486262,108.66850828729282,9,8,7,1,849,0.7824884792626728,236,934,0.8608294930875576,0.9163722025912838,778,156,0.9163722025912838,0.6610169491525424,0.8608294930875576,171,909,5.315789473684211,0.008294930875576038,0.007373271889400922,0.0064516129032258064,0.0009216589861751152,0.5039208697201925,0.26694073722312245,0.0,1.0,0.44080080793679083,0.30558193486738466,0.0,1.0,0.5681102596091012,0.264486022429515,0.0,1.0,0.3504722865799323,0.2744338710274981,0.0,1.0,20,0.1887661141804788,3.720073664825046,8
247,1084,1371,14.625137501623518,107.87084870848709,10,12,10,2,855,0.787292817679558,231,964,0.8876611418047882,0.9134502923976608,781,183,0.9134502923976608,0.7922077922077922,0.8876611418047882,178,951,5.342696629213483,0.009208103130755065,0.011049723756906077,0.009208103130755065,0.001841620626151013,0.5029163194857754,0.26708030347706807,0.0,1.0,0.4405725508867992,0.30492075441943317,0.0,1.0,0.5674622068801333,0.2656456212835283,0.0,1.0,0.3479050113081776,0.27334134125723836,0.0,1.0,20,0.1900369003690037,3.734317343173432,8
248,1082,1380,14.653667871375298,107.37153419593345,7,9,8,1,817,0.753690036900369,267,952,0.8782287822878229,0.9277845777233782,758,194,0.9277845777233782,0.7265917602996255,0.8782287822878229,171,932,5.450292397660819,0.006457564575645757,0.008302583025830259,0.007380073800738007,0.0009225092250922509,0.5039055512491801,0.26689227045580155,0.0,1.0,0.44073102379106793,0.30518013634996916,0.0,1.0,0.5680341064933516,0.26543792150878837,0.0,1.0,0.3472661141255739,0.2726174566861174,0.0,1.0,20,0.18946395563770796,3.7486136783733826,8
249,1086,1383,14.581679668746428,106.25782688766114,13,9,9,0,855,0.7902033271719039,227,954,0.8817005545286506,0.9064327485380117,775,179,0.9064327485380117,0.788546255506608,0.8817005545286506,167,924,5.532934131736527,0.012014787430683918,0.00831792975970425,0.00831792975970425,0.0,0.5039802768371652,0.26730932034241606,0.0,1.0,0.4407414008198182,0.3047634779925979,0.0,1.0,0.566357749658409,0.26665073718782484,0.0,1.0,0.3470266737955207,0.272429789260596,0.0,1.0,20,0.18968692449355432,3.7605893186003683,8
250,1085,1384,14.68687308480655,106.06912442396313,6,7,7,0,831,0.7651933701657458,255,945,0.8701657458563536,0.924187725631769,768,177,0.924187725631769,0.6941176470588235,0.8701657458563536,174,920,5.287356321839081,0.0055248618784530384,0.006445672191528545,0.006445672191528545,0.0,0.5043258510480154,0.26702472485627987,0.0,1.0,0.44102869035231157,0.30522540722152836,0.0,1.0,0.5661661959268619,0.2667312556027151,0.0,1.0,0.34710866656756356,0.2717313453833921,0.0,1.0,20,0.18986175115207374,3.766820276497696,8
251,1080,1391,14.653452370908887,104.65277777777777,11,16,14,2,835,0.7695852534562212,250,944,0.8700460829493087,0.9137724550898204,763,181,0.9137724550898204,0.724,0.8700460829493087,170,921,5.41764705882353,0.010138248847926268,0.014746543778801843,0.012903225806451613,0.0018433179723502304,0.5040023894862605,0.2674469990922713,0.0,1.0,0.4425029868578256,0.30703407160834295,0.0,1.0,0.5672043010752689,0.26752106880937115,0.0,1.0,0.3462066905615293,0.2729991304124241,0.0,1.0,20,0.19074074074074074,3.789814814814815,8
252,1073,1398,14.665209646507446,103.6178937558248,8,15,13,2,849,0.7861111111111111,231,961,0.8898148148148148,0.9375736160188457,796,165,0.9375736160188457,0.7142857142857143,0.8898148148148148,168,936,5.571428571428571,0.007407407407407408,0.013888888888888888,0.012037037037037037,0.001851851851851852,0.5023900429907103,0.26693187644170363,0.0,1.0,0.4406998767399212,0.30573232502705017,0.0,1.0,0.5662447764783693,0.2683284332175941,0.0,1.0,0.3455190451853411,0.2719957472890822,0.0,1.0,20,0.19012115563839702,3.808014911463187,8
253,1073,1412,14.61758239743949,102.61416589002796,10,10,10,0,823,0.7670083876980429,250,954,0.8890959925442684,0.9222357229647631,759,195,0.9222357229647631,0.78,0.8890959925442684,165,933,5.654545454545454,0.009319664492078284,0.009319664492078284,0.009319664492078284,0.0,0.5017286474461113,0.2667298162761288,0.0,1.0,0.43946727595225926,0.304221395582221,0.0,1.0,0.5666356011183598,0.2678843329033428,0.0,1.0,0.3451582839791961,0.2710044060906769,0.0,1.0,20,0.1891891891891892,3.825722273998136,8
254,1069,1414,14.65948252165103,101.82974742750234,8,12,12,0,797,0.7427772600186393,276,971,0.9049394221808015,0.93099121706399,742,229,0.93099121706399,0.8297101449275363,0.9049394221808015,175,948,5.417142857142857,0.007455731593662628,0.011183597390493943,0.011183597390493943,0.0,0.5018256435016144,0.2663867991249758,0.0,1.0,0.4406288662904735,0.3046497460270056,0.0,1.0,0.5675789854853798,0.2670834409162283,0.0,1.0,0.34394520051902594,0.2707565192673311,0.0,1.0,20,0.18896164639850327,3.8381665107577176,8
255,1071,1424,14.678620729098101,100.66199813258636,12,10,8,2,786,0.735266604303087,283,918,0.8587464920486436,0.9096692111959288,715,203,0.9096692111959288,0.7173144876325088,0.8587464920486436,164,892,5.439024390243903,0.011225444340505144,0.009354536950420954,0.007483629560336763,0.0018709073900841909,0.5004969729827414,0.26568061813666655,0.0,1.0,0.44134212824914915,0.30531236664923694,0.0,1.0,0.5660672871299057,0.26685153478823553,0.0,1.0,0.34399566278124155,0.27221846009870027,0.0,1.0,20,0.19047619047619047,3.854341736694678,8
256,1074,1426,14.59172763694323,99.13500931098696,16,13,11,2,834,0.7787114845938375,237,935,0.873015873015873,0.9220623501199041,769,166,0.9220623501199041,0.70042194092827,0.873015873015873,172,909,5.284883720930233,0.014939309056956116,0.012138188608776844,0.01027077497665733,0.0018674136321195146,0.4995494683726798,0.264102874756781,0.0,1.0,0.4390881239863038,0.3045114928782066,0.0,1.0,0.5654772631705411,0.26670076904286083,0.0,1.0,0.3437556316453415,0.2721500974927024,0.0,1.0,20,0.19180633147113593,3.866852886405959,8
257,1075,1429,14.569311702425823,97.94511627906977,12,11,11,0,820,0.7635009310986964,254,946,0.8808193668528864,0.9365853658536586,768,178,0.9365853658536586,0.7007874015748031,0.8808193668528864,175,924,5.28,0.0111731843575419,0.010242085661080074,0.010242085661080074,0.0,0.5018154538634659,0.2654263976756895,0.0,1.0,0.4399399849962491,0.3042666789509191,0.0,1.0,0.5638709677419355,0.2667922491442925,0.0,1.0,0.343615903975994,0.2719125506418766,0.0,1.0,20,0.1925581395348837,3.883720930232558,8
258,1079,1431,14.504398730076534,96.66543095458758,13,9,9,0,867,0.8065116279069767,208,973,0.9051162790697674,0.936562860438293,812,161,0.936562860438293,0.7740384615384616,0.9051162790697674,171,946,5.5321637426900585,0.012093023255813953,0.008372093023255815,0.008372093023255815,0.0,0.5021076863284403,0.2652828115979711,0.0,1.0,0.4385482376154743,0.30458648886937917,0.0,1.0,0.5654578612215612,0.2654784788673382,0.0,1.0,0.3424317617866005,0.27079532912177867,0.0,1.0,20,0.19184430027803523,3.9036144578313254,8
259,1077,1442,14.602577882556005,96.84122562674095,3,5,5,0,846,0.7840593141797961,233,977,0.9054680259499537,0.9432624113475178,798,179,0.9432624113475178,0.7682403433476395,0.9054680259499537,170,958,5.635294117647059,0.0027803521779425394,0.004633920296570899,0.004633920296570899,0.0,0.5032198160960853,0.2655133237280858,0.0,1.0,0.4393925779495013,0.30435758784967176,0.0,1.0,0.5657591278042351,0.2655372139501024,0.0,1.0,0.3423188666247342,0.2704299444421841,0.0,1.0,20,0.1903435468895079,3.907149489322191,8
260,1078,1447,14.590581696039633,96.00463821892393,10,9,9,0,840,0.7799442896935933,237,981,0.9108635097493036,0.9345238095238095,785,196,0.9345238095238095,0.8270042194092827,0.9108635097493036,172,958,5.569767441860465,0.009285051067780872,0.008356545961002786,0.008356545961002786,0.0,0.5024238434376683,0.2660202657496976,0.0,1.0,0.4399425459333293,0.30444074639418894,0.0,1.0,0.5655634687892752,0.2655680255620593,0.0,1.0,0.34200131665569455,0.2710756525688661,0.0,1.0,20,0.19109461966604824,3.9183673469387754,8
261,1079,1451,14.580084836305057,94.81186283595922,13,12,10,2,844,0.7829313543599258,234,982,0.9109461966604824,0.9372037914691943,791,191,0.9372037914691943,0.8162393162393162,0.9109461966604824,171,957,5.5964912280701755,0.012059369202226345,0.011131725417439703,0.00927643784786642,0.0018552875695732839,0.5005829770695686,0.2653341630855625,0.0,1.0,0.43980388053454517,0.30494151177747136,0.0,1.0,0.5660258901611408,0.2656864695437313,0.0,1.0,0.34150497772728633,0.27106632439854783,0.0,1.0,20,0.18999073215940684,3.9341983317886933,8
262,1075,1456,14.606075027373558,93.55627906976744,9,13,13,0,817,0.7571825764596849,262,958,0.8878591288229842,0.9228886168910648,754,204,0.9228886168910648,0.7786259541984732,0.8878591288229842,162,925,5.709876543209877,0.008341056533827619,0.012048192771084338,0.012048192771084338,0.0,0.500225056264066,0.2642849293783899,0.0,1.0,0.4407201800450113,0.3056033970378123,0.0,1.0,0.5656114028507127,0.2655725354356897,0.0,1.0,0.3421155288822205,0.27109054215869244,0.0,1.0,20,0.1888372093023256,3.952558139534884,8
263,1072,1468,14.597462449167129,92.5410447761194,9,12,11,1,814,0.7572093023255814,261,926,0.8613953488372093,0.8992628992628993,732,194,0.8992628992628993,0.7432950191570882,0.8613953488372093,168,906,5.392857142857143,0.008372093023255815,0.011162790697674419,0.010232558139534883,0.0009302325581395349,0.5009328358208955,0.2642661480551628,0.0,1.0,0.442043813192104,0.3059946227560564,0.0,1.0,0.5676757342320654,0.26516566615311393,0.0,1.0,0.3408762638420799,0.2713022032287782,0.0,1.0,19,0.18936567164179105,3.967350746268657,8
264,1075,1469,14.464213883224257,90.81023255813953,16,13,12,1,866,0.8078358208955224,206,969,0.9039179104477612,0.9249422632794457,801,168,0.9249422632794457,0.8155339805825242,0.9039179104477612,165,935,5.666666666666667,0.014925373134328358,0.012126865671641791,0.011194029850746268,0.0009328358208955224,0.5006751687921981,0.26437571350360056,0.0,1.0,0.43975993998499624,0.3066838626621422,0.0,1.0,0.5691822955738934,0.26422551276769923,0.0,1.0,0.34019504876219053,0.27102930515180507,0.0,1.0,19,0.1925581395348837,3.989767441860465,8
265,1076,1470,14.38571541511575,89.07992565055763,16,15,12,3,807,0.7506976744186047,268,939,0.8734883720930232,0.9107806691449815,735,204,0.9107806691449815,0.7611940298507462,0.8734883720930232,172,912,5.3023255813953485,0.014883720930232559,0.013953488372093023,0.011162790697674419,0.0027906976744186047,0.5022784506535556,0.2656204954422405,0.0,1.0,0.439980813047128,0.30654167928642057,0.0,1.0,0.5718011752008634,0.2629538216469416,0.0,1.0,0.336940880201463,0.2690429327339092,0.0,1.0,19,0.19237918215613384,4.020446096654275,8
266,1074,1477,14.490630378512321,88.77094972067039,6,8,7,1,828,0.7695167286245354,248,959,0.8912639405204461,0.9311594202898551,771,188,0.9311594202898551,0.7580645161290323,0.8912639405204461,178,944,5.303370786516854,0.0055762081784386614,0.007434944237918215,0.006505576208178439,0.0009293680297397769,0.5021925872529585,0.2659185428741005,0.0,1.0,0.4392983720790533,0.3066965130543022,0.0,1.0,0.5714242806511685,0.2624854932031811,0.0,1.0,0.33735808253739413,0.2687438138391457,0.0,1.0,19,0.1945996275605214,4.033519553072626,8
267,1073,1484,14.490687642902545,87.6300093196645,12,13,10,3,799,0.7439478584729982,275,945,0.8798882681564246,0.9161451814768461,732,213,0.9161451814768461,0.7745454545454545,0.8798882681564246,170,922,5.423529411764706,0.0111731843575419,0.012104283054003724,0.00931098696461825,0.002793296089385475,0.5021795989537925,0.26624249999377175,0.0,1.0,0.4383849923338244,0.30819873160712835,0.0,1.0,0.5718365751736164,0.26202317965198735,0.0,1.0,0.3358085560532724,0.2701230230001877,0.0,1.0,18,0.19850885368126747,4.052190121155639,8
268,1067,1490,14.515690662925419,85.74039362699156,10,16,16,0,788,0.7343895619757689,285,935,0.8713886300093197,0.9175126903553299,723,212,0.9175126903553299,0.743859649122807,0.8713886300093197,174,915,5.258620689655173,0.009319664492078284,0.014911463187325256,0.014911463187325256,0.0,0.49916860658463585,0.26510714296359417,0.0,1.0,0.4390361882879342,0.30831251768713985,0.0,1.0,0.5706684403059528,0.2623334412451652,0.0,1.0,0.3380294464431478,0.2713718999973144,0.0,1.0,18,0.19775070290534208,4.068416119962512,8
269,1065,1502,14.474319153097829,84.5906103286385,12,14,11,3,805,0.7544517338331771,262,927,0.8687910028116214,0.9006211180124224,725,202,0.9006211180124224,0.7709923664122137,0.8687910028116214,161,900,5.590062111801243,0.011246485473289597,0.013120899718837863,0.010309278350515464,0.0028116213683223993,0.4997122520066636,0.2654150887933885,0.0,1.0,0.4396486445555051,0.30863462427852206,0.0,1.0,0.5709525973042556,0.26197224948099845,0.0,1.0,0.3380281690140845,0.2704215784922799,0.0,1.0,18,0.19624413145539907,4.077934272300469,8
270,1066,1504,14.502299934497257,83.35178236397749,14,13,9,4,825,0.7746478873239436,240,922,0.8657276995305164,0.92,759,163,0.92,0.6791666666666667,0.8657276995305164,172,896,5.209302325581396,0.013145539906103286,0.012206572769953052,0.008450704225352112,0.003755868544600939,0.4990921745445742,0.26535953396715595,0.0,1.0,0.4415965623676088,0.3085241972056476,0.0,1.0,0.5700841251588695,0.2614928799556199,0.0,1.0,0.33946619863220967,0.27094784414954654,0.0,1.0,18,0.19418386491557224,4.086303939962477,8
271,1067,1509,14.560606366563613,82.44048734770384,11,10,8,2,800,0.7504690431519699,266,935,0.8771106941838649,0.92375,739,196,0.92375,0.7368421052631579,0.8771106941838649,171,911,5.3274853801169595,0.010318949343339587,0.009380863039399626,0.0075046904315197,0.001876172607879925,0.5012546482450041,0.26630569331540904,0.0,1.0,0.44275478429119935,0.3083864176583472,0.0,1.0,0.570547510354627,0.2621614675421351,0.0,1.0,0.339117816005079,0.2711279612939012,0.0,1.0,18,0.19306466729147143,4.09746954076851,8
272,1071,1515,14.650038211577625,82.54621848739495,8,4,3,1,823,0.7713214620431116,244,967,0.9062792877225867,0.93681652490887,771,196,0.93681652490887,0.8032786885245902,0.9062792877225867,172,945,5.494186046511628,0.007497656982193065,0.0037488284910965324,0.0028116213683223993,0.0009372071227741331,0.5013403210746664,0.26605411255419104,0.0,1.0,0.44140236739857236,0.3085841844948487,0.0,1.0,0.5698322339688563,0.26201507449847333,0.0,1.0,0.3389054546549803,0.27087440995287165,0.0,1.0,18,0.1942110177404295,4.103641456582633,8
273,1073,1528,14.609950907458446,81.79589934762349,10,8,8,0,831,0.7759103641456583,240,932,0.8702147525676938,0.9157641395908543,761,171,0.9157641395908543,0.7125,0.8702147525676938,170,915,5.382352941176471,0.009337068160597572,0.007469654528478058,0.007469654528478058,0.0,0.5010672519015121,0.2661436317347741,0.0,1.0,0.4397077834230226,0.30872421409707856,0.0,1.0,0.5700027057090461,0.2616309673385689,0.0,1.0,0.3383338844962872,0.2700126620483201,0.0,1.0,18,0.19478098788443615,4.114631873252563,8
274,1063,1530,14.673125328682579,80.68109125117591,7,17,14,3,855,0.7968313140726934,218,947,0.8825722273998136,0.9181286549707602,785,162,0.9181286549707602,0.7431192660550459,0.8825722273998136,173,922,5.329479768786127,0.0065237651444548,0.015843429636533086,0.0130475302889096,0.0027958993476234857,0.49858889934148637,0.2658811413218808,0.0,1.0,0.44138621673292266,0.3089971719522044,0.0,1.0,0.5711164385640154,0.26229210892033056,0.0,1.0,0.33723788425939977,0.26979154277262324,0.0,1.0,18,0.19567262464722485,4.12793979303857,8
275,1065,1543,14.669855570310489,80.06197183098591,9,7,7,0,823,0.7742238946378175,240,956,0.8993414863593603,0.9441069258809235,777,179,0.9441069258809235,0.7458333333333333,0.8993414863593603,165,934,5.66060606060606,0.008466603951081843,0.00658513640639699,0.00658513640639699,0.0,0.49759200363471146,0.2652533387670219,0.0,1.0,0.44010298349235194,0.3089856937401863,0.0,1.0,0.5697713160684537,0.2629664400299933,0.0,1.0,0.3378464334393458,0.2708254303529604,0.0,1.0,18,0.19718309859154928,4.130516431924883,8
276,1071,1546,14.709826614092211,79.81045751633987,10,4,4,0,818,0.7680751173708921,247,932,0.8751173708920188,0.9364303178484108,766,166,0.9364303178484108,0.6720647773279352,0.8751173708920188,171,906,5.298245614035087,0.009389671361502348,0.003755868544600939,0.003755868544600939,0.0,0.4984187223276407,0.26505761047793885,0.0,1.0,0.43929399716876,0.30971106452776215,0.0,1.0,0.5695310382217403,0.2629870447306003,0.0,1.0,0.3367669648504563,0.27068092627437845,0.0,1.0,18,0.19887955182072828,4.144724556489263,8
277,1075,1547,14.643671174544732,78.21023255813954,15,11,11,0,810,0.7563025210084033,261,963,0.8991596638655462,0.945679012345679,766,197,0.945679012345679,0.7547892720306514,0.8991596638655462,178,942,5.292134831460674,0.014005602240896359,0.01027077497665733,0.01027077497665733,0.0,0.4986646661665416,0.26570990735165056,0.0,1.0,0.43945986496624156,0.3098561915292896,0.0,1.0,0.5697224306076518,0.26309932516280254,0.0,1.0,0.33893473368342086,0.2730224275845378,0.0,1.0,18,0.19813953488372094,4.161860465116279,8
278,1078,1549,14.638534100382563,77.38126159554731,12,9,7,2,821,0.7637209302325582,254,913,0.8493023255813954,0.9171741778319124,753,160,0.9171741778319124,0.6299212598425197,0.8493023255813954,174,889,5.109195402298851,0.011162790697674419,0.008372093023255815,0.0065116279069767444,0.0018604651162790699,0.49829433239571486,0.2659459996695455,0.0,1.0,0.436950146627566,0.3093636705725738,0.0,1.0,0.5699323717756898,0.262645449191847,0.0,1.0,0.33948770123885336,0.2736285873670381,0.0,1.0,18,0.2012987012987013,4.176252319109462,8
279,1083,1549,14.674090129412114,77.16343490304709,10,5,4,1,854,0.7922077922077922,224,962,0.8923933209647495,0.9285714285714286,793,169,0.9285714285714286,0.7544642857142857,0.8923933209647495,174,936,5.379310344827586,0.00927643784786642,0.00463821892393321,0.0037105751391465678,0.0009276437847866419,0.49977660620141184,0.267021131301189,0.0,1.0,0.4376731301939058,0.30876151828202963,0.0,1.0,0.5715604801477377,0.26267934716573565,0.0,1.0,0.33851606946057844,0.2734741719810419,0.0,1.0,18,0.20036934441366575,4.1874422899353645,8
280,1089,1557,14.442438966648064,75.13314967860423,20,14,12,2,807,0.7451523545706371,276,928,0.8568790397045245,0.9144981412639405,738,190,0.9144981412639405,0.6884057971014492,0.8568790397045245,165,901,5.460606060606061,0.018467220683287166,0.012927054478301015,0.0110803324099723,0.0018467220683287165,0.5025030362273765,0.2680673684915254,0.0,1.0,0.43641695547853904,0.30807973968304625,0.0,1.0,0.5710773423383394,0.2624068110993977,0.0,1.0,0.33564382831245,0.2717961893829077,0.0,1.0,18,0.20018365472910926,4.215794306703398,8
281,1089,1562,14.513159096270384,74.633608815427,9,9,8,1,808,0.7419651056014692,281,971,0.891643709825528,0.9232673267326733,746,225,0.9232673267326733,0.800711743772242,0.891643709825528,172,948,5.511627906976744,0.008264462809917356,0.008264462809917356,0.0073461891643709825,0.0009182736455463728,0.5005776237447792,0.2675039472789106,0.0,1.0,0.4382831245001333,0.30720805952853303,0.0,1.0,0.5701294469622915,0.2631741742033094,0.0,1.0,0.3385467579015966,0.27294305086175524,0.0,1.0,18,0.19651056014692378,4.219467401285583,8
282,1097,1570,14.487003257531288,74.47948951686418,11,3,3,0,841,0.7722681359044995,248,945,0.8677685950413223,0.9191438763376932,773,172,0.9191438763376932,0.6935483870967742,0.8677685950413223,165,918,5.5636363636363635,0.010101010101010102,0.0027548209366391185,0.0027548209366391185,0.0,0.5016026112271003,0.2685718254512181,0.0,1.0,0.4399388361219749,0.3070933431830259,0.0,1.0,0.5713529567441997,0.26303577257569466,0.0,1.0,0.33757755756167845,0.2725603845957294,0.0,1.0,18,0.195077484047402,4.226982680036463,8
283,1103,1570,14.40519421915386,73.23572076155938,15,9,9,0,839,0.764813126709207,258,943,0.8596171376481313,0.9141835518474374,767,176,0.9141835518474374,0.6821705426356589,0.8596171376481313,167,910,5.449101796407185,0.013673655423883319,0.008204193254329991,0.008204193254329991,0.0,0.5041675196677683,0.26917514064411424,0.0,1.0,0.44228350832041646,0.30866474649189163,0.0,1.0,0.5716082239054777,0.2635383611558308,0.0,1.0,0.33696955517211125,0.27363005805673896,0.0,1.0,18,0.19492293744333636,4.252039891205802,8
284,1103,1579,14.379492061427461,72.5403445149592,10,10,7,3,854,0.7742520398912058,249,951,0.8621940163191296,0.9121779859484778,779,172,0.9121779859484778,0.6907630522088354,0.8621940163191296,165,925,5.606060606060606,0.009066183136899365,0.009066183136899365,0.006346328195829556,0.0027198549410698096,0.5043722399321499,0.26944513402651166,0.0,1.0,0.44237124557658003,0.30871781237056384,0.0,1.0,0.5728072997397128,0.26277915425434045,0.0,1.0,0.33571198783376716,0.2739499690366561,0.0,1.0,18,0.19764279238440616,4.267452402538531,8
285,1104,1582,14.45453921877676,72.4375,7,6,5,1,860,0.7796917497733454,243,956,0.8667271078875793,0.913953488372093,786,170,0.913953488372093,0.6995884773662552,0.8667271078875793,173,932,5.38728323699422,0.006346328195829556,0.005439709882139619,0.004533091568449683,0.0009066183136899365,0.5041199158485273,0.2689352099237388,0.0,1.0,0.4426133707339878,0.30844445726050845,0.0,1.0,0.5718793828892006,0.26257325025237005,0.0,1.0,0.33748246844319774,0.2747951526772887,0.0,1.0,18,0.19655797101449277,4.270833333333333,8
286,1106,1591,14.550679911863599,72.70433996383363,5,3,3,0,843,0.7635869565217391,261,967,0.8759057971014492,0.9240806642941874,779,188,0.9240806642941874,0.7203065134099617,0.8759057971014492,167,943,5.6467065868263475,0.004528985507246377,0.002717391304347826,0.002717391304347826,0.0,0.5052791226739778,0.2691867629448847,0.0,1.0,0.4437963016974859,0.30850565879544234,0.0,1.0,0.5716327363938634,0.26259059233915955,0.0,1.0,0.3373096890859243,0.2747487213507984,0.0,1.0,18,0.19529837251356238,4.2784810126582276,8
287,1109,1595,14.60383883628646,72.57980162308385,9,6,5,1,820,0.7414104882459313,286,945,0.8544303797468354,0.9024390243902439,740,205,0.9024390243902439,0.7167832167832168,0.8544303797468354,170,919,5.405882352941177,0.0081374321880651,0.0054249547920434,0.0045207956600361665,0.0009041591320072332,0.5073736874254632,0.2699099800911716,0.0,1.0,0.44253759562523637,0.3083638520831329,0.0,1.0,0.5702027400447948,0.2618880810558826,0.0,1.0,0.3363681317083103,0.27431356235307813,0.0,1.0,18,0.19747520288548243,4.288548241659153,8
288,1107,1599,14.681829651641248,72.29358626919603,7,9,7,2,829,0.7475202885482417,280,948,0.8548241659152389,0.9047044632086851,750,198,0.9047044632086851,0.7071428571428572,0.8548241659152389,174,926,5.32183908045977,0.0063119927862939585,0.008115419296663661,0.0063119927862939585,0.0018034265103697023,0.5070081883614534,0.26972048685133354,0.0,1.0,0.4440947635282805,0.30883660343181796,0.0,1.0,0.5703295742634846,0.26229664351237114,0.0,1.0,0.33583937989917534,0.27401047995997857,0.0,1.0,18,0.1987353206865402,4.299006323396568,8
289,1113,1602,14.707469455683619,72.42857142857143,11,5,2,3,861,0.7777777777777778,246,972,0.8780487804878049,0.9117305458768873,785,187,0.9117305458768873,0.7601626016260162,0.8780487804878049,170,945,5.5588235294117645,0.00993676603432701,0.004516711833785004,0.0018066847335140017,0.0027100271002710027,0.5060719357737008,0.26927789839211713,0.0,1.0,0.4455264759586123,0.3091158136124912,0.0,1.0,0.571225690519665,0.2622905910571871,0.0,1.0,0.335449091383358,0.2736826798636562,0.0,1.0,18,0.1985624438454627,4.309074573225517,8
290,1115,1600,14.730283587460901,71.68071748878924,11,9,8,1,828,0.7439353099730458,285,970,0.87151841868823,0.9166666666666666,759,211,0.9166666666666666,0.7403508771929824,0.87151841868823,175,943,5.388571428571429,0.009883198562443846,0.008086253369272238,0.0071877807726864335,0.0008984725965858042,0.5073340083899899,0.26944582293522756,0.0,1.0,0.4459424273108636,0.3091996081622753,0.0,1.0,0.5698249674526255,0.2630264876481534,0.0,1.0,0.33458700998119484,0.2744891457526159,0.0,1.0,18,0.19820627802690582,4.321076233183857,8
291,1124,1605,14.678941446627375,71.3967971530249,15,6,4,2,837,0.7506726457399103,278,960,0.8609865470852018,0.9032258064516129,756,204,0.9032258064516129,0.7338129496402878,0.8609865470852018,164,929,5.664634146341464,0.013452914798206279,0.0053811659192825115,0.003587443946188341,0.0017937219730941704,0.5080932154746872,0.2707332780702427,0.0,1.0,0.44822638043852603,0.3094079050535007,0.0,1.0,0.5698255079784181,0.26302584854991473,0.0,1.0,0.3338594880036735,0.27364702375014877,0.0,1.0,18,0.19750889679715303,4.326512455516014,8
292,1135,1610,14.604096013273962,71.12775330396475,14,3,3,0,886,0.7882562277580071,238,960,0.8540925266903915,0.8972911963882618,795,165,0.8972911963882618,0.6932773109243697,0.8540925266903915,170,935,5.5,0.012455516014234875,0.0026690391459074734,0.0026690391459074734,0.0,0.5070342475486713,0.2706294872305558,0.0,1.0,0.4491971010373739,0.31015227312723015,0.0,1.0,0.5706124769077732,0.2625467161800334,0.0,1.0,0.33491544692340486,0.27435449485149926,0.0,1.0,18,0.1973568281938326,4.3286343612334806,8
293,1146,1619,14.478663842576767,70.67888307155323,15,4,4,0,862,0.7594713656387665,273,958,0.8440528634361234,0.8921113689095128,769,189,0.8921113689095128,0.6923076923076923,0.8440528634361234,170,937,5.511764705882353,0.013215859030837005,0.003524229074889868,0.003524229074889868,0.0,0.5064178348251984,0.27132167584793376,0.0,1.0,0.4497551089343016,0.31016207066440815,0.0,1.0,0.5702302538985532,0.2633386577040205,0.0,1.0,0.3368237347294939,0.27547228389573364,0.0,1.0,18,0.19633507853403143,4.341186736474695,8
294,1149,1627,14.48989896826792,70.72584856396867,9,6,4,2,880,0.7678883071553229,266,969,0.8455497382198953,0.9056818181818181,797,172,0.9056818181818181,0.6466165413533834,0.8455497382198953,169,946,5.597633136094674,0.007853403141361256,0.005235602094240838,0.0034904013961605585,0.0017452006980802793,0.5070889132204722,0.2712021354094243,0.0,1.0,0.44964765995676464,0.30969188844515794,0.0,1.0,0.5691063758106628,0.26307976600439487,0.0,1.0,0.33633734804458293,0.2756327974729696,0.0,1.0,18,0.19756309834638816,4.35509138381201,8
295,1153,1629,14.527407620342201,70.81960104076323,10,6,3,3,863,0.7510879025239339,286,1022,0.8894691035683203,0.9223638470451911,796,226,0.9223638470451911,0.7902097902097902,0.8894691035683203,180,1004,5.5777777777777775,0.008703220191470844,0.005221932114882507,0.0026109660574412533,0.0026109660574412533,0.5082953305542344,0.27192249670322205,0.0,1.0,0.44898301765380627,0.3094293934458344,0.0,1.0,0.5696500013988752,0.26288589543081625,0.0,1.0,0.3354782754665249,0.2748287741424674,0.0,1.0,18,0.19774501300954034,4.356461405030355,8
296,1160,1637,14.511491338986312,70.99655172413793,10,3,2,1,888,0.7701647875108413,265,1002,0.8690372940156115,0.9313063063063063,827,175,0.9313063063063063,0.660377358490566,0.8690372940156115,163,973,5.969325153374233,0.008673026886383347,0.0026019080659150044,0.0017346053772766695,0.0008673026886383347,0.5096496106785317,0.2723292624490782,0.0,1.0,0.44997219132369304,0.3089994187692779,0.0,1.0,0.5694382647385984,0.2634126584702789,0.0,1.0,0.335734149054505,0.2739875725930366,0.0,1.0,18,0.19655172413793104,4.369827586206896,8
297,1162,1640,14.502565159507329,70.74698795180723,11,9,6,3,884,0.7620689655172413,276,1009,0.8698275862068966,0.9061085972850679,801,208,0.9061085972850679,0.7536231884057971,0.8698275862068966,174,986,5.666666666666667,0.009482758620689655,0.007758620689655172,0.005172413793103448,0.002586206896551724,0.5084948087279996,0.27183091523470526,0.0,1.0,0.4499194936427739,0.3098506992154753,0.0,1.0,0.5676253400699572,0.2641380830014858,0.0,1.0,0.3356004663816557,0.2734596887362959,0.0,1.0,18,0.19707401032702238,4.377796901893287,9
298,1161,1638,14.578638456388774,70.97846683893195,5,6,5,1,905,0.7788296041308089,257,993,0.8545611015490534,0.8983425414364641,813,180,0.8983425414364641,0.7003891050583657,0.8545611015490534,171,962,5.625730994152047,0.004302925989672977,0.0051635111876075735,0.004302925989672977,0.0008605851979345956,0.5086827262371149,0.27131478919685376,0.0,1.0,0.4494456947570226,0.3100924645123274,0.0,1.0,0.5664471673473924,0.2639130714492102,0.0,1.0,0.3351115556666944,0.27355466306349613,0.0,1.0,18,0.19724375538329025,4.380706287683032,9
299,1169,1643,14.478447001453846,70.60906757912745,14,6,5,1,882,0.7596899224806202,279,1031,0.8880275624461671,0.9319727891156463,822,209,0.9319727891156463,0.7491039426523297,0.8880275624461671,168,1004,5.976190476190476,0.012058570198105082,0.00516795865633075,0.004306632213608958,0.0008613264427217916,0.5105549270123348,0.27099476841639114,0.0,1.0,0.4495157151135517,0.30919416447803805,0.0,1.0,0.5656888987002953,0.2643160681765364,0.0,1.0,0.3353569358977897,0.273974931472225,0.0,1.0,18,0.1958939264328486,4.389221556886228,9
300,1174,1652,14.466329163689437,70.93270868824531,9,4,2,2,893,0.7639007698887939,276,1001,0.8562874251497006,0.9070548712206047,810,191,0.9070548712206047,0.6920289855072463,0.8562874251497006,163,973,5.969325153374233,0.007698887938408896,0.003421727972626176,0.001710863986313088,0.001710863986313088,0.5117327031928339,0.2724011872584952,0.0,1.0,0.4494696928065065,0.30880174932246307,0.0,1.0,0.5650656701654119,0.2642200811761618,0.0,1.0,0.33395614661757433,0.2732974745623834,0.0,1.0,18,0.196763202725724,4.401192504258944,9
301,1175,1646,14.559932278070553,71.09617021276595,6,5,4,1,878,0.747870528109029,296,1029,0.8764906303236797,0.908883826879271,798,231,0.908883826879271,0.7804054054054054,0.8764906303236797,180,1003,5.572222222222222,0.005110732538330494,0.004258943781942078,0.0034071550255536627,0.0008517887563884157,0.5116266300617708,0.272715723212107,0.0,1.0,0.4495538778311599,0.3098835575154291,0.0,1.0,0.5639258750857927,0.26389661889028854,0.0,1.0,0.3347700754975978,0.2736802894212914,0.0,1.0,18,0.19659574468085106,4.404255319148936,9
302,1183,1645,14.497370177949355,70.70414201183432,13,5,5,0,919,0.7821276595744681,256,1041,0.8859574468085106,0.926006528835691,851,190,0.926006528835691,0.7421875,0.8859574468085106,179,1019,5.692737430167598,0.011063829787234043,0.00425531914893617,0.00425531914893617,0.0,0.5120933656913805,0.2732193671023182,0.0,1.0,0.45060398658413553,0.30934286851881815,0.0,1.0,0.564338886919532,0.26439105612606406,0.0,1.0,0.33446950072260245,0.2733317440985495,0.0,1.0,18,0.19695688926458157,4.421808960270499,9
303,1187,1655,14.46788133443468,70.86773378264533,9,5,3,2,901,0.7616229923922232,282,1043,0.8816568047337278,0.9334073251942286,841,202,0.9334073251942286,0.7163120567375887,0.8816568047337278,173,1026,5.930635838150289,0.0076077768385460695,0.00422654268808115,0.00253592561284869,0.0016906170752324597,0.5127048400684838,0.2731554936989488,0.0,1.0,0.44995515938799363,0.30915602707833967,0.0,1.0,0.5632796151860207,0.26435223586082623,0.0,1.0,0.3339946191265592,0.2725623489970014,0.0,1.0,18,0.1979780960404381,4.427127211457456,9
304,1199,1658,14.347629853154793,70.4045037531276,16,4,4,0,905,0.7624262847514743,282,1042,0.8778433024431339,0.9149171270718232,828,214,0.9149171270718232,0.7588652482269503,0.8778433024431339,170,1015,5.970588235294118,0.013479359730412805,0.003369839932603201,0.003369839932603201,0.0,0.513976701014286,0.2734723796666018,0.0,1.0,0.45032150447953945,0.3093047947821514,0.0,1.0,0.5609782345502973,0.26490065711879435,0.0,1.0,0.3344722752831661,0.2736348145498624,0.0,1.0,18,0.19849874895746455,4.430358632193495,9
305,1199,1664,14.392729483789054,70.5070892410342,6,6,5,1,902,0.7522935779816514,297,1033,0.8615512927439533,0.9068736141906873,818,215,0.9068736141906873,0.7239057239057239,0.8615512927439533,167,1006,6.023952095808383,0.0050041701417848205,0.0050041701417848205,0.004170141784820684,0.0008340283569641367,0.5160214156958757,0.2738645454606003,0.0,1.0,0.4514783825230703,0.30925554852997356,0.0,1.0,0.5583416287766687,0.26431765543079333,0.0,1.0,0.33471441254809114,0.2735813620317637,0.0,1.0,18,0.19849874895746455,4.432026688907423,9
306,1200,1662,14.488837751658988,71.15083333333334,5,4,2,2,919,0.7664720600500416,280,1027,0.8565471226021685,0.9173014145810664,843,184,0.9173014145810664,0.6571428571428571,0.8565471226021685,169,994,5.881656804733728,0.004170141784820684,0.003336113427856547,0.0016680567139282735,0.0016680567139282735,0.5162903225806451,0.2742851997361715,0.0,1.0,0.4514784946236559,0.3089133988748199,0.0,1.0,0.5578225806451613,0.2644084696003376,0.0,1.0,0.33534946236559143,0.2742773103664385,0.0,1.0,18,0.1975,4.4366666666666665,9
307,1208,1660,14.508282534760582,71.66639072847683,9,1,0,1,932,0.7766666666666666,268,1038,0.865,0.9055793991416309,844,194,0.9055793991416309,0.7238805970149254,0.865,172,1008,5.8604651162790695,0.0075,0.0008333333333333334,0.0,0.0008333333333333334,0.516102328562273,0.274257942556324,0.0,1.0,0.45147938474684896,0.30951005781947927,0.0,1.0,0.5584276863917966,0.26382328148264844,0.0,1.0,0.3352114932706687,0.2739952313747504,0.0,1.0,18,0.1978476821192053,4.445364238410596,9
308,1213,1659,14.514076200917536,71.84913437757626,8,3,3,0,924,0.7649006622516556,284,1062,0.8791390728476821,0.9307359307359307,860,202,0.9307359307359307,0.7112676056338029,0.8791390728476821,172,1033,6.005813953488372,0.006622516556291391,0.0024834437086092716,0.0024834437086092716,0.0,0.516740685583597,0.27428631923723695,0.0,1.0,0.4523575246655852,0.30962654610291857,0.0,1.0,0.5596361992394224,0.2640704246996984,0.0,1.0,0.33489349254048884,0.2745765789649468,0.0,1.0,18,0.19703215169002472,4.4550700741962075,9
309,1221,1664,14.487468984007146,72.27190827190827,9,1,0,1,966,0.7963726298433635,247,1069,0.8812860676009893,0.9233954451345756,892,177,0.9233954451345756,0.7165991902834008,0.8812860676009893,175,1049,5.994285714285715,0.00741962077493817,0.0008244023083264633,0.0,0.0008244023083264633,0.5163668066893874,0.27436084650738973,0.0,1.0,0.4518506776571293,0.3103558382563374,0.0,1.0,0.5595360756651079,0.2638937505003709,0.0,1.0,0.3342580116773665,0.2744649846410987,0.0,1.0,18,0.19901719901719903,4.462735462735463,9
310,1223,1665,14.48683749242629,72.46770237121831,8,6,4,2,951,0.7788697788697788,270,1034,0.8468468468468469,0.9064143007360673,862,172,0.9064143007360673,0.6370370370370371,0.8468468468468469,173,1008,5.826589595375722,0.006552006552006552,0.004914004914004914,0.003276003276003276,0.001638001638001638,0.5164719225595442,0.27394070430278267,0.0,1.0,0.4528525835465408,0.31110765329811363,0.0,1.0,0.5594123387756178,0.2633792124553021,0.0,1.0,0.33550497190937145,0.27463991910475255,0.0,1.0,18,0.19869174161896974,4.462796402289452,9
311,1225,1663,14.54978964915314,72.85551020408164,7,5,3,2,903,0.7383483237939493,320,1054,0.8618152085036794,0.9036544850498339,816,238,0.9036544850498339,0.74375,0.8618152085036794,178,1030,5.786516853932584,0.005723630417007359,0.004088307440719542,0.0024529844644317253,0.001635322976287817,0.515523370638578,0.2742281171923924,0.0,1.0,0.45213956550362083,0.311498476925862,0.0,1.0,0.5592363396971691,0.26309035205984055,0.0,1.0,0.3352995391705069,0.2744077078688281,0.0,1.0,18,0.1983673469387755,4.467755102040816,9
312,1235,1665,14.452679222356934,72.77813765182187,15,5,2,3,929,0.7583673469387755,296,1072,0.8751020408163265,0.9149623250807319,850,222,0.9149623250807319,0.75,0.8751020408163265,173,1047,6.0520231213872835,0.012244897959183673,0.004081632653061225,0.0016326530612244899,0.0024489795918367346,0.5148230377432415,0.27392488233147905,0.0,1.0,0.45229202037351446,0.3109452474413044,0.0,1.0,0.5608462844456054,0.2629624752129898,0.0,1.0,0.3350398328327021,0.2736614400545419,0.0,1.0,18,0.19757085020242915,4.477732793522267,9
313,1238,1668,14.42258751813501,72.71486268174475,10,7,5,2,942,0.762753036437247,293,1051,0.8510121457489879,0.8895966029723992,838,213,0.8895966029723992,0.726962457337884,0.8510121457489879,178,1032,5.797752808988764,0.008097165991902834,0.005668016194331984,0.004048582995951417,0.0016194331983805667,0.5138360519047371,0.273871859234495,0.0,1.0,0.45116994111209546,0.3108324584532441,0.0,1.0,0.5598780551357548,0.26309953948185855,0.0,1.0,0.33644275366095155,0.2740216529580217,0.0,1.0,18,0.19789983844911146,4.487075928917609,9
314,1236,1669,14.531948758789143,73.39724919093851,5,7,2,5,908,0.7334410339256866,330,1060,0.8562197092084006,0.9129955947136564,829,231,0.9129955947136564,0.7,0.8562197092084006,176,1037,5.892045454545454,0.004038772213247173,0.005654281098546042,0.0016155088852988692,0.004038772213247173,0.513884539095939,0.2739401446619646,0.0,1.0,0.4508821380102307,0.3109303514517146,0.0,1.0,0.5597139576156175,0.2630463272011534,0.0,1.0,0.3364651842572294,0.2741168014360444,0.0,1.0,18,0.19741100323624594,4.487864077669903,9
315,1242,1673,14.448616207418324,73.22946859903382,11,5,5,0,970,0.7847896440129449,266,1081,0.8745954692556634,0.9072164948453608,880,201,0.9072164948453608,0.7556390977443609,0.8745954692556634,174,1059,6.086206896551724,0.00889967637540453,0.0040453074433656954,0.0040453074433656954,0.0,0.5129343930185445,0.27384241564426615,0.0,1.0,0.45026232403511507,0.31064865809691067,0.0,1.0,0.5584385226741467,0.2630428803554615,0.0,1.0,0.3362163004519246,0.27482316664879886,0.0,1.0,18,0.20048309178743962,4.49597423510467,9
316,1246,1678,14.424428317479542,73.6685393258427,8,4,2,2,968,0.7793880837359098,274,1060,0.8534621578099839,0.9028925619834711,874,186,0.9028925619834711,0.6788321167883211,0.8534621578099839,175,1040,5.942857142857143,0.00644122383252818,0.00322061191626409,0.001610305958132045,0.001610305958132045,0.5115725159219179,0.2735709496153208,0.0,1.0,0.4503961062496764,0.31049598608440887,0.0,1.0,0.5584839227463366,0.263200854734686,0.0,1.0,0.3355252938435251,0.2742359699662602,0.0,1.0,18,0.2014446227929374,4.500802568218298,9
317,1250,1682,14.410228798988019,74.0552,8,4,2,2,967,0.776083467094703,279,1100,0.8828250401284109,0.9369183040330921,906,194,0.9369183040330921,0.6953405017921147,0.8828250401284109,174,1078,6.195402298850575,0.006420545746388443,0.0032102728731942215,0.0016051364365971107,0.0016051364365971107,0.5108645161290323,0.27312308264339846,0.0,1.0,0.4498580645161291,0.3104564137670786,0.0,1.0,0.5594322580645161,0.2633672181819583,0.0,1.0,0.3359483870967742,0.27371471023943306,0.0,1.0,18,0.2008,4.5056,9
318,1251,1685,14.457643638888241,74.36530775379697,6,5,3,2,936,0.7488,314,1072,0.8576,0.9027777777777778,845,227,0.9027777777777778,0.7229299363057324,0.8576,180,1055,5.861111111111111,0.0048,0.004,0.0024,0.0016,0.5105850803228386,0.2734969005523724,0.0,1.0,0.4493695366287615,0.310019415956046,0.0,1.0,0.5582888527887367,0.26339251445946954,0.0,1.0,0.3373043500683325,0.27395625511769467,0.0,1.0,18,0.2006394884092726,4.504396482813749,9
319,1254,1680,14.50340552552986,74.64593301435407,8,5,3,2,944,0.7545963229416467,307,1095,0.8752997601918465,0.9258474576271186,874,221,0.9258474576271186,0.7198697068403909,0.8752997601918465,181,1071,5.917127071823204,0.006394884092725819,0.003996802557953637,0.002398081534772182,0.0015987210231814548,0.5103925502906826,0.27362072984424957,0.0,1.0,0.4486289036373926,0.3098470309916955,0.0,1.0,0.5590626125430879,0.263322438778922,0.0,1.0,0.3372176776251479,0.2738351697457247,0.0,1.0,18,0.20095693779904306,4.515151515151516,9
320,1259,1685,14.476697752936968,74.78077839555202,10,5,3,2,924,0.7368421052631579,330,1102,0.8787878787878788,0.920995670995671,851,251,0.920995670995671,0.7606060606060606,0.8787878787878788,171,1078,6.304093567251462,0.007974481658692184,0.003987240829346092,0.0023923444976076554,0.001594896331738437,0.509749160880371,0.2733618392918663,0.0,1.0,0.44751338748110375,0.30942940930441504,0.0,1.0,0.5589433498168029,0.2632853097990372,0.0,1.0,0.3372876578954111,0.2741295664949994,0.0,1.0,18,0.2017474185861795,4.525814138204924,9
321,1259,1688,14.520801645207465,75.27640984908658,5,5,3,2,920,0.7307386814932486,339,1080,0.857823669579031,0.9032608695652173,831,249,0.9032608695652173,0.7345132743362832,0.857823669579031,172,1055,6.133720930232558,0.003971405877680699,0.003971405877680699,0.0023828435266084196,0.0015885623510722795,0.5096466729867535,0.2732777801678464,0.0,1.0,0.4485382664172795,0.309254264064961,0.0,1.0,0.5587896179763765,0.26325689554301956,0.0,1.0,0.33772323144328575,0.274034981915171,0.0,1.0,18,0.20015885623510724,4.527402700555997,9
322,1264,1685,14.538386619126292,75.71835443037975,9,4,1,3,953,0.7569499602859412,306,1109,0.880857823669579,0.9202518363064008,877,232,0.9202518363064008,0.7581699346405228,0.880857823669579,177,1083,6.11864406779661,0.007148530579825258,0.003177124702144559,0.0007942811755361397,0.0023828435266084196,0.5098254389546754,0.2733466573551993,0.0,1.0,0.4469681502654145,0.3090248318260464,0.0,1.0,0.55754899959167,0.26310511688788496,0.0,1.0,0.33730604328297265,0.27398571195545746,0.0,1.0,18,0.20174050632911392,4.526898734177215,9
323,1264,1683,14.541233804844412,75.75632911392405,6,6,6,0,925,0.7318037974683544,339,1109,0.877373417721519,0.9167567567567567,848,261,0.9167567567567567,0.7699115044247787,0.877373417721519,177,1084,6.124293785310734,0.004746835443037975,0.004746835443037975,0.004746835443037975,0.0,0.5107441812984892,0.2736101233142524,0.0,1.0,0.4469681502654145,0.30900351899593576,0.0,1.0,0.5562729685585953,0.26372458546428096,0.0,1.0,0.33763781135157206,0.2744135446051321,0.0,1.0,18,0.20094936708860758,4.535601265822785,9
324,1269,1676,14.484591703957918,75.53349093774625,11,6,6,0,952,0.7531645569620253,312,1101,0.8710443037974683,0.9264705882352942,882,219,0.9264705882352942,0.7019230769230769,0.8710443037974683,183,1077,5.885245901639344,0.00870253164556962,0.004746835443037975,0.004746835443037975,0.0,0.511324639670556,0.27374998486331004,0.0,1.0,0.44543582704186685,0.30829400391216255,0.0,1.0,0.5563944177533745,0.26315053564266017,0.0,1.0,0.3371463433234195,0.2738599231193977,0.0,1.0,18,0.20094562647754138,4.550827423167848,9
325,1271,1681,14.426427712148751,75.45318646734854,9,7,6,1,964,0.7596532702915682,305,1105,0.8707643814026793,0.8962655601659751,864,241,0.8962655601659751,0.7901639344262295,0.8707643814026793,176,1086,6.170454545454546,0.0070921985815602835,0.005516154452324665,0.004728132387706856,0.0007880220646178094,0.511915941219766,0.2739255374203355,0.0,1.0,0.44625770919519814,0.30787788843897135,0.0,1.0,0.5569655592497652,0.26405156744200403,0.0,1.0,0.33788482525824215,0.2740041311848993,0.0,1.0,18,0.1982690794649882,4.555468135326515,9
326,1276,1673,14.412283273558904,75.63009404388714,11,6,2,4,997,0.7844217151848938,274,1094,0.8607395751376868,0.9157472417251755,913,181,0.9157472417251755,0.6605839416058394,0.8607395751376868,183,1069,5.841530054644808,0.00865460267505901,0.004720692368214005,0.0015735641227380016,0.003147128245476003,0.512539184952978,0.27443613125179517,0.0,1.0,0.444407928000809,0.3070714840979624,0.0,1.0,0.556047123066033,0.26394949744571267,0.0,1.0,0.33881079987865304,0.27407453631272277,0.0,1.0,18,0.19905956112852666,4.564263322884012,9
327,1280,1673,14.387938009535109,75.94765625,8,4,3,1,989,0.7750783699059561,287,1120,0.877742946708464,0.9191102123356926,909,211,0.9191102123356926,0.735191637630662,0.877742946708464,179,1099,6.139664804469274,0.006269592476489028,0.003134796238244514,0.0023510971786833857,0.0007836990595611285,0.5133568548387097,0.27492275378266545,0.0,1.0,0.4441028225806452,0.30700637111321294,0.0,1.0,0.5559727822580645,0.2640901522593767,0.0,1.0,0.3390625,0.2741251202491417,0.0,1.0,18,0.1984375,4.5671875,9
328,1293,1675,14.266619528329683,75.92962103634957,15,2,1,1,966,0.7546875,314,1074,0.8390625,0.8871635610766045,857,217,0.8871635610766045,0.6910828025477707,0.8390625,177,1053,5.9491525423728815,0.01171875,0.0015625,0.00078125,0.00078125,0.5147319312426715,0.2755875820954957,0.0,1.0,0.44430307112741063,0.3063877319356883,0.0,1.0,0.554798792505551,0.26463870905276815,0.0,1.0,0.34031883841029864,0.2739862272171157,0.0,1.0,18,0.19721577726218098,4.575406032482599,9
329,1291,1668,14.325252207435106,76.30131680867545,5,7,4,3,1023,0.7911832946635731,270,1109,0.8576952822892498,0.9042033235581622,925,184,0.9042033235581622,0.6814814814814815,0.8576952822892498,172,1074,6.244186046511628,0.0038669760247486465,0.005413766434648105,0.0030935808197989174,0.002320185614849188,0.515004622573149,0.2757510715404704,0.0,1.0,0.44366707478573747,0.3060685745206201,0.0,1.0,0.5547587516553809,0.2647016252120251,0.0,1.0,0.3410709377576772,0.27435970885040317,0.0,1.0,18,0.19829589465530598,4.575522850503486,9
330,1291,1665,14.346244693982182,76.62819519752131,7,7,4,3,975,0.7552285050348567,316,1079,0.8357862122385747,0.8851282051282051,863,216,0.8851282051282051,0.6835443037974683,0.8357862122385747,176,1052,5.9772727272727275,0.005422153369481022,0.005422153369481022,0.003098373353989156,0.0023237800154918666,0.5160290847305165,0.2763942008291905,0.0,1.0,0.4426426126283701,0.3059441163163286,0.0,1.0,0.5553584368206692,0.26401876511634315,0.0,1.0,0.3396466854901177,0.27404492541951164,0.0,1.0,18,0.19907048799380325,4.590240123934934,9
331,1294,1661,14.331634955306193,76.88948995363215,9,6,3,3,993,0.7691711851278079,298,1132,0.876839659178931,0.905337361530715,899,233,0.905337361530715,0.7818791946308725,0.876839659178931,173,1101,6.364161849710983,0.006971340046475601,0.004647560030983733,0.0023237800154918666,0.0023237800154918666,0.514782868823852,0.27635858043719935,0.0,1.0,0.4423144039487461,0.3055844084637047,0.0,1.0,0.554394974323179,0.2639036804643718,0.0,1.0,0.33998105399611106,0.273565190625511,0.0,1.0,18,0.19860896445131376,4.604327666151469,9
332,1305,1647,14.314893204725067,77.23295019157088,11,0,0,0,982,0.758887171561051,312,1100,0.8500772797527048,0.9042769857433809,888,212,0.9042769857433809,0.6794871794871795,0.8500772797527048,178,1064,5.977528089887641,0.008500772797527048,0.0,0.0,0.0,0.5159065628476085,0.276594846085141,0.0,1.0,0.44259053269064397,0.3054490712739344,0.0,1.0,0.5528612038066988,0.26423819134575155,0.0,1.0,0.33990854035347917,0.2728323757189626,0.0,1.0,18,0.19770114942528735,4.609961685823754,9
333,1307,1644,14.273017778087597,77.30374904361132,9,7,5,2,1017,0.7793103448275862,288,1094,0.8383141762452108,0.8839724680432645,899,195,0.8839724680432645,0.6770833333333334,0.8383141762452108,174,1065,6.120689655172414,0.006896551724137931,0.0053639846743295016,0.0038314176245210726,0.0015325670498084292,0.5156107312979736,0.27699564105924923,0.0,1.0,0.44072858306389906,0.30534996500418043,0.0,1.0,0.5525581854530197,0.2639383051853828,0.0,1.0,0.3399807488214824,0.2727640891872683,0.0,1.0,18,0.1981637337413925,4.624330527926549,9
334,1311,1642,14.21909281690168,77.62013729977117,9,5,3,2,1040,0.7957153787299158,267,1124,0.8599846977811783,0.8961538461538462,932,192,0.8961538461538462,0.7191011235955056,0.8599846977811783,175,1097,6.268571428571429,0.006885998469778117,0.0038255547054322878,0.0022953328232593728,0.001530221882172915,0.5154892842203685,0.2769668194455134,0.0,1.0,0.4404911296474004,0.30509193145984986,0.0,1.0,0.5518811052877636,0.2638295483777332,0.0,1.0,0.3405674072980488,0.2729367212082943,0.0,1.0,18,0.19832189168573608,4.633104500381388,9
335,1311,1639,14.221884153104847,77.8466819221968,9,9,4,5,1017,0.7757437070938215,294,1135,0.8657513348588863,0.9095378564405113,925,210,0.9095378564405113,0.7142857142857143,0.8657513348588863,173,1105,6.38728323699422,0.006864988558352402,0.006864988558352402,0.0030511060259344014,0.0038138825324180014,0.5143820280012795,0.27677427161500234,0.0,1.0,0.44177062572279224,0.3057881023771943,0.0,1.0,0.5504047636623114,0.26314309524401436,0.0,1.0,0.34201914322974336,0.2735765556581902,0.0,1.0,18,0.19755911517925248,4.633104500381388,9
336,1316,1639,14.198113984143534,78.37158054711246,7,2,1,1,1027,0.7833714721586575,284,1109,0.8459191456903128,0.9113924050632911,936,173,0.9113924050632911,0.6091549295774648,0.8459191456903128,178,1087,6.106741573033708,0.005339435545385202,0.0015255530129672007,0.0007627765064836003,0.0007627765064836003,0.5137513481713893,0.2764492702241306,0.0,1.0,0.44153838611628593,0.3059527583398973,0.0,1.0,0.5509118541033434,0.26357446722950306,0.0,1.0,0.3421904108245906,0.27324122152030605,0.0,1.0,18,0.19756838905775076,4.6390577507598785,9
337,1318,1629,14.185333696459685,78.57283763277694,6,4,4,0,1029,0.7819148936170213,287,1174,0.89209726443769,0.9271137026239067,954,220,0.9271137026239067,0.7665505226480837,0.89209726443769,181,1145,6.3259668508287294,0.004559270516717325,0.00303951367781155,0.00303951367781155,0.0,0.513975231288854,0.27664252950486434,0.0,1.0,0.44157814871016693,0.3054257561168006,0.0,1.0,0.5516912232610505,0.26324282957703266,0.0,1.0,0.34103480346566156,0.2725345261446494,0.0,1.0,18,0.19878603945371776,4.647192716236722,9
338,1321,1632,14.18709094683054,79.19076457229372,6,3,1,2,992,0.7526555386949925,326,1151,0.8732928679817906,0.9163306451612904,909,242,0.9163306451612904,0.7423312883435583,0.8732928679817906,169,1123,6.644970414201183,0.004552352048558422,0.002276176024279211,0.0007587253414264037,0.0015174506828528073,0.514151058582208,0.2769260886788236,0.0,1.0,0.4408927742912261,0.30555688956621463,0.0,1.0,0.5516104612829967,0.2632815109575609,0.0,1.0,0.34030914995970796,0.27241341436999034,0.0,1.0,18,0.19909159727479184,4.6555639666919,9
339,1321,1628,14.144519107576313,79.110522331567,10,10,6,4,1006,0.761544284632854,315,1128,0.8538985616956851,0.9005964214711729,906,222,0.9005964214711729,0.7047619047619048,0.8538985616956851,178,1102,6.191011235955056,0.00757002271006813,0.00757002271006813,0.004542013626040878,0.003028009084027252,0.514151058582208,0.2761769650727406,0.0,1.0,0.44037996630118925,0.3061141412161326,0.0,1.0,0.5520500109887426,0.26332961321477255,0.0,1.0,0.340113794534932,0.272238044422221,0.0,1.0,18,0.19984859954579864,4.660862982588948,9
340,1322,1621,14.159846277859375,79.54160363086233,5,4,3,1,1032,0.781226343679031,289,1149,0.8697956093868282,0.9031007751937985,932,217,0.9031007751937985,0.7508650519031141,0.8697956093868282,171,1113,6.508771929824562,0.003785011355034065,0.003028009084027252,0.002271006813020439,0.000757002271006813,0.5146405739104973,0.27631779882141017,0.0,1.0,0.4415109072275633,0.3062175966976526,0.0,1.0,0.5527060660777902,0.26310188653234934,0.0,1.0,0.340393343419062,0.2725009241526006,0.0,1.0,18,0.1989409984871407,4.667170953101362,9
341,1325,1614,14.15730047743863,79.98037735849057,6,3,2,1,1043,0.7889561270801816,279,1145,0.8661119515885023,0.9031639501438159,942,203,0.9031639501438159,0.7275985663082437,0.8661119515885023,171,1109,6.485380116959064,0.0045385779122541605,0.0022692889561270802,0.0015128593040847202,0.0007564296520423601,0.5139622641509434,0.2763500771768119,0.0,1.0,0.44070602556299454,0.305858124459907,0.0,1.0,0.5529884357881923,0.2628527794275954,0.0,1.0,0.34030432136335975,0.27265511207954085,0.0,1.0,18,0.19924528301886793,4.670188679245283,9
342,1330,1604,14.160014471600727,80.32406015037594,12,7,1,6,1003,0.7569811320754717,322,1140,0.8603773584905661,0.9082751744765702,911,229,0.9082751744765702,0.7111801242236024,0.8603773584905661,175,1105,6.314285714285714,0.009056603773584906,0.005283018867924529,0.0007547169811320754,0.004528301886792453,0.513630851321853,0.27594924244424723,0.0,1.0,0.4408682997817124,0.30605683797933125,0.0,1.0,0.554183846713558,0.26296590257365543,0.0,1.0,0.3409168081494058,0.2722775845321577,0.0,1.0,18,0.19849624060150375,4.6759398496240605,9
343,1331,1599,14.157658155394312,80.69797145003757,7,6,4,2,1015,0.7631578947368421,315,1154,0.8676691729323308,0.9103448275862069,924,230,0.9103448275862069,0.7301587301587301,0.8676691729323308,170,1119,6.58235294117647,0.005263157894736842,0.004511278195488722,0.0030075187969924814,0.0015037593984962407,0.5143113351591091,0.27605202740265855,0.0,1.0,0.44005234967644996,0.3055002191765352,0.0,1.0,0.554567266910642,0.26352667151508746,0.0,1.0,0.341315043261191,0.2716488219108034,0.0,1.0,18,0.19834710743801653,4.682945154019534,9
344,1334,1588,14.189535575162315,81.09220389805097,8,5,2,3,993,0.7460555972952667,338,1170,0.879038317054846,0.9063444108761329,900,270,0.9063444108761329,0.7988165680473372,0.879038317054846,177,1136,6.418079096045198,0.006010518407212622,0.003756574004507889,0.0015026296018031556,0.002253944402704733,0.5138076123228708,0.27560041715732986,0.0,1.0,0.4401267108381293,0.30575894234833023,0.0,1.0,0.5550369976302171,0.26310000791174376,0.0,1.0,0.34192581128790445,0.2717456136241176,0.0,1.0,18,0.19790104947526238,4.684407796101949,9
345,1338,1589,14.157399100639257,81.52316890881913,8,4,2,2,1004,0.7526236881559221,330,1143,0.8568215892053973,0.9113545816733067,915,228,0.9113545816733067,0.6909090909090909,0.8568215892053973,180,1124,6.2444444444444445,0.005997001499250375,0.0029985007496251873,0.0014992503748125937,0.0014992503748125937,0.5130189498047157,0.275551732425475,0.0,1.0,0.4390761367471913,0.3049014155378044,0.0,1.0,0.5535464583634698,0.26258127898164685,0.0,1.0,0.3428805631901249,0.271711309695762,0.0,1.0,18,0.19730941704035873,4.692077727952167,9
346,1337,1582,14.232120083905384,82.38893044128646,4,5,1,4,1026,0.7668161434977578,312,1156,0.8639760837070254,0.9093567251461988,933,223,0.9093567251461988,0.7147435897435898,0.8639760837070254,177,1126,6.361581920903955,0.0029895366218236174,0.0037369207772795215,0.0007473841554559044,0.0029895366218236174,0.5127512244553285,0.27496324734773236,0.0,1.0,0.43856008878809083,0.30496206374404705,0.0,1.0,0.5543223876275726,0.26238146431496645,0.0,1.0,0.34243732960165996,0.2715525923017564,0.0,1.0,18,0.1974569932685116,4.69035153328347,9
347,1334,1572,14.311234476959712,83.27136431784108,3,6,2,4,1035,0.7741211667913238,302,1147,0.8578908002991773,0.8995169082125604,931,216,0.8995169082125604,0.7152317880794702,0.8578908002991773,184,1121,6.092391304347826,0.002243829468960359,0.004487658937920718,0.0014958863126402393,0.0029917726252804786,0.5120665473714756,0.27474680616136404,0.0,1.0,0.43836146442907575,0.30467406440902356,0.0,1.0,0.5537795618319873,0.26200282636463934,0.0,1.0,0.34260289210233597,0.27163052376503916,0.0,1.0,18,0.19715142428785606,4.68815592203898,9
348,1337,1577,14.267795893352899,83.5056095736724,10,7,3,4,1010,0.7571214392803598,324,1144,0.8575712143928036,0.902970297029703,912,232,0.902970297029703,0.7160493827160493,0.8575712143928036,181,1130,6.2430939226519335,0.0074962518740629685,0.005247376311844078,0.0022488755622188904,0.0029985007496251873,0.5127270972567375,0.27482280189180786,0.0,1.0,0.43851183439090885,0.3043647680129282,0.0,1.0,0.5531160276980239,0.26216265379032216,0.0,1.0,0.34354718073684465,0.2714662890586414,0.0,1.0,18,0.19596110695587135,4.691847419596111,9
349,1342,1573,14.24623801637798,83.76378539493294,11,6,2,4,976,0.7299925205684368,361,1107,0.8279730740463724,0.8831967213114754,862,245,0.8831967213114754,0.6786703601108033,0.8279730740463724,179,1082,6.044692737430168,0.008227374719521317,0.004487658937920718,0.0014958863126402393,0.0029917726252804786,0.512259026008365,0.27489423814245695,0.0,1.0,0.43896928032306143,0.30403115417626997,0.0,1.0,0.5537714532955146,0.2619423608010939,0.0,1.0,0.34373347435219465,0.27062904896795575,0.0,1.0,18,0.19523099850968703,4.7011922503725785,9
350,1346,1568,14.234947447875573,84.32317979197623,8,4,1,3,1061,0.7906110283159463,281,1159,0.8636363636363636,0.9048067860508954,960,199,0.9048067860508954,0.708185053380783,0.8636363636363636,174,1128,6.482758620689655,0.005961251862891207,0.0029806259314456036,0.0007451564828614009,0.0022354694485842027,0.5117432775727364,0.2749897786305792,0.0,1.0,0.43927047883813447,0.3040270858987067,0.0,1.0,0.5547620188851077,0.26195869608080613,0.0,1.0,0.34381440828260557,0.2709349772687992,0.0,1.0,18,0.19539375928677563,4.706537890044577,9
351,1347,1556,14.216977596729652,84.56495916852265,8,7,5,2,1051,0.7808320950965825,295,1156,0.8588410104011887,0.8981921979067554,944,212,0.8981921979067554,0.7186440677966102,0.8588410104011887,179,1123,6.273743016759776,0.005943536404160475,0.005200594353640416,0.003714710252600297,0.0014858841010401188,0.5120339104820749,0.2752881037507018,0.0,1.0,0.4409081112148861,0.303915114546651,0.0,1.0,0.5538712072227411,0.2620186865497338,0.0,1.0,0.3444452427137965,0.27094186293905925,0.0,1.0,18,0.19376391982182628,4.7097253155159615,9
352,1350,1545,14.19995026597877,84.85777777777778,9,6,3,3,1048,0.7780252412769116,299,1174,0.8715664439495174,0.9122137404580153,956,218,0.9122137404580153,0.7290969899665551,0.8715664439495174,181,1144,6.320441988950276,0.0066815144766146995,0.004454342984409799,0.0022271714922048997,0.0022271714922048997,0.5127120669056152,0.2751201611824558,0.0,1.0,0.44265232974910396,0.30398597276997674,0.0,1.0,0.5544802867383513,0.26213462031078294,0.0,1.0,0.3440143369175627,0.27071017133717956,0.0,1.0,18,0.19185185185185186,4.716296296296297,9
353,1351,1543,14.21920232480952,85.58031088082902,5,4,1,3,1034,0.7659259259259259,316,1171,0.8674074074074074,0.9110251450676983,942,229,0.9110251450676983,0.7246835443037974,0.8674074074074074,172,1141,6.633720930232558,0.003703703703703704,0.002962962962962963,0.0007407407407407407,0.0022222222222222222,0.5128817363482248,0.27522613104954263,0.0,1.0,0.44273059382536234,0.3041631994485996,0.0,1.0,0.554690671187412,0.26202227000713263,0.0,1.0,0.3435686826962107,0.27060726516816896,0.0,1.0,18,0.19096965210954847,4.72020725388601,9
354,1357,1537,14.170443708531343,85.90862196020633,11,5,1,4,1065,0.7883049592894152,286,1143,0.8460399703923019,0.895774647887324,954,189,0.895774647887324,0.6608391608391608,0.8460399703923019,177,1114,6.293785310734464,0.008142116950407105,0.003700962250185048,0.0007401924500370096,0.0029607698001480384,0.5140133596405734,0.2756466356184785,0.0,1.0,0.4431026695509544,0.30352284825645814,0.0,1.0,0.5544488553973423,0.26192099362176063,0.0,1.0,0.34323816768488363,0.27025732312476475,0.0,1.0,18,0.18865143699336773,4.733235077376566,9
355,1356,1537,14.163320272609733,86.23082595870207,5,6,5,1,1034,0.7619749447310243,323,1134,0.8356669123065585,0.874274661508704,904,230,0.874274661508704,0.7120743034055728,0.8356669123065585,175,1109,6.337142857142857,0.0036845983787767134,0.004421518054532056,0.0036845983787767134,0.0007369196757553427,0.5134646493481777,0.27550545815095423,0.0,1.0,0.4427157674374346,0.3041161951201837,0.0,1.0,0.553692073460843,0.26133608577581413,0.0,1.0,0.3437291845085165,0.27045580245396184,0.0,1.0,18,0.1887905604719764,4.732300884955753,9
356,1360,1526,14.171210592329915,86.56397058823529,8,4,2,2,1021,0.7529498525073747,335,1175,0.866519174041298,0.9079333986287953,927,248,0.9079333986287953,0.7402985074626866,0.866519174041298,180,1144,6.355555555555555,0.0058997050147492625,0.0029498525073746312,0.0014749262536873156,0.0014749262536873156,0.512926944971537,0.2750066068762708,0.0,1.0,0.4433349146110057,0.3044720851380473,0.0,1.0,0.5532969639468691,0.26141897964941435,0.0,1.0,0.34409392789373816,0.2709966989889868,0.0,1.0,18,0.1889705882352941,4.741911764705883,9
357,1364,1518,14.134947318748655,86.7565982404692,9,5,3,2,1009,0.7419117647058824,351,1174,0.8632352941176471,0.9068384539147671,915,259,0.9068384539147671,0.7378917378917379,0.8632352941176471,173,1139,6.583815028901734,0.006617647058823529,0.003676470588235294,0.0022058823529411764,0.0014705882352941176,0.5131255321161668,0.27525735198374485,0.0,1.0,0.4427915996594457,0.3045287162592011,0.0,1.0,0.5542994986283227,0.26087852247818366,0.0,1.0,0.34306120518399397,0.2704412221391964,0.0,1.0,18,0.19134897360703812,4.747067448680352,9
358,1364,1516,14.055171638931682,86.67375366568915,10,10,6,4,1049,0.7690615835777126,315,1157,0.8482404692082112,0.8951382268827455,939,218,0.8951382268827455,0.692063492063492,0.8482404692082112,174,1129,6.488505747126437,0.007331378299120235,0.007331378299120235,0.004398826979472141,0.002932551319648094,0.5154904928578186,0.2761225052519249,0.0,1.0,0.44257875319269696,0.30457633337215245,0.0,1.0,0.5542049001986566,0.2606495279885063,0.0,1.0,0.34209157127991674,0.27062991639804085,0.0,1.0,18,0.19208211143695014,4.763196480938417,9
359,1363,1519,14.089824045247841,87.15920763022744,5,6,2,4,978,0.717008797653959,386,1134,0.8313782991202346,0.8865030674846626,867,267,0.8865030674846626,0.6917098445595855,0.8313782991202346,167,1104,6.610778443113772,0.0036656891495601175,0.004398826979472141,0.001466275659824047,0.002932551319648094,0.5159160296310321,0.2761027979747274,0.0,1.0,0.44377913994272594,0.3049229852774661,0.0,1.0,0.5552505147563487,0.2599866555338347,0.0,1.0,0.34253189122665845,0.27040130402257495,0.0,1.0,18,0.19075568598679385,4.770359501100514,9
360,1365,1496,14.148049588991938,87.44908424908425,8,6,4,2,1012,0.7424798239178283,351,1130,0.8290535583272194,0.8853754940711462,896,234,0.8853754940711462,0.6666666666666666,0.8290535583272194,182,1089,5.983516483516484,0.00586940572267058,0.004402054292002935,0.00293470286133529,0.001467351430667645,0.5157745480326126,0.27614886936185334,0.0,1.0,0.4452558194493678,0.3042029457432959,0.0,1.0,0.5548859742408129,0.2600268020088227,0.0,1.0,0.3436370081531372,0.2704904589994621,0.0,1.0,18,0.18827838827838828,4.771428571428571,9
361,1365,1485,14.179282762396388,87.87545787545787,7,7,3,4,1044,0.7648351648351648,321,1122,0.8219780219780219,0.8764367816091954,915,207,0.8764367816091954,0.6448598130841121,0.8219780219780219,180,1091,6.061111111111111,0.005128205128205128,0.005128205128205128,0.002197802197802198,0.0029304029304029304,0.5159872385678838,0.2761808053283232,0.0,1.0,0.445704832801607,0.3040177264707076,0.0,1.0,0.5548150773957226,0.26002123485987194,0.0,1.0,0.34392059553349874,0.2702708621306159,0.0,1.0,18,0.18754578754578755,4.770695970695971,9
362,1361,1470,14.255467438313097,88.22703894195445,3,7,6,1,1007,0.7377289377289378,358,1189,0.8710622710622711,0.9046673286991063,911,278,0.9046673286991063,0.776536312849162,0.8710622710622711,182,1156,6.351648351648351,0.002197802197802198,0.005128205128205128,0.004395604395604396,0.0007326007326007326,0.5156075940366429,0.27571376623701993,0.0,1.0,0.4453319428314096,0.30386488059972694,0.0,1.0,0.5534829703017231,0.260630854204772,0.0,1.0,0.34384110355289044,0.26994105005316105,0.0,1.0,18,0.18736223365172666,4.776634827332844,9
363,1364,1469,14.185345652237583,88.34017595307918,10,7,4,3,1075,0.789860396767083,286,1164,0.855253490080823,0.9004651162790698,968,196,0.9004651162790698,0.6853146853146853,0.855253490080823,171,1134,6.631578947368421,0.0073475385745775165,0.005143277002204262,0.0029390154298310064,0.002204261572373255,0.5158688865764828,0.2759130634783214,0.0,1.0,0.44532210765301294,0.3037550531421859,0.0,1.0,0.5538028568725759,0.26075329471819164,0.0,1.0,0.3444092328067354,0.27028354330518056,0.0,1.0,18,0.18695014662756598,4.788856304985337,9
364,1368,1453,14.144377415662229,88.61038011695906,8,4,4,0,1067,0.782258064516129,297,1152,0.844574780058651,0.8865979381443299,946,206,0.8865979381443299,0.6936026936026936,0.844574780058651,178,1114,6.258426966292135,0.005865102639296188,0.002932551319648094,0.002932551319648094,0.0,0.5163884172797585,0.2765180379061358,0.0,1.0,0.4475570647047727,0.3035440938057797,0.0,1.0,0.5547302395774382,0.2607914902549425,0.0,1.0,0.3434493491794001,0.2695977167827549,0.0,1.0,18,0.18494152046783627,4.796783625730995,9
365,1377,1441,14.065385768450785,88.6238198983297,14,5,3,2,1020,0.7456140350877193,348,1172,0.8567251461988304,0.8911764705882353,909,263,0.8911764705882353,0.7557471264367817,0.8567251461988304,169,1129,6.680473372781065,0.01023391812865497,0.003654970760233918,0.0021929824561403508,0.0014619883040935672,0.5174409070677255,0.27703882802271174,0.0,1.0,0.4480755265068991,0.30370731078362145,0.0,1.0,0.555016749830159,0.2609080896884834,0.0,1.0,0.34268044135216813,0.2696681809550702,0.0,1.0,18,0.18518518518518517,4.811909949164851,9
366,1380,1426,14.056617505326313,88.76014492753623,13,10,2,8,1061,0.7705156136528686,316,1128,0.8191721132897604,0.884071630537229,938,190,0.884071630537229,0.6012658227848101,0.8191721132897604,176,1089,6.1875,0.00944081336238199,0.007262164124909223,0.0014524328249818446,0.005809731299927378,0.5165497896213184,0.27723033725292656,0.0,1.0,0.44712482468443193,0.3033929777967837,0.0,1.0,0.553833567087424,0.26078749854867034,0.0,1.0,0.3431977559607293,0.2700024645395695,0.0,1.0,18,0.186231884057971,4.820289855072463,9
367,1383,1415,14.00686777816908,88.89660159074475,10,7,4,3,1075,0.7789855072463768,305,1109,0.803623188405797,0.8725581395348837,938,171,0.8725581395348837,0.5606557377049181,0.803623188405797,179,1077,6.016759776536313,0.007246376811594203,0.005072463768115942,0.002898550724637681,0.002173913043478261,0.5164322533995755,0.27696360335064324,0.0,1.0,0.446318195600961,0.30317848480522436,0.0,1.0,0.553681804399039,0.2605681465547293,0.0,1.0,0.3414736547477433,0.2697893877886392,0.0,1.0,18,0.18872017353579176,4.829356471438901,9
368,1386,1409,13.984239993603744,89.45887445887446,11,8,1,7,1029,0.7440347071583514,354,1127,0.8148951554591468,0.858114674441205,883,244,0.858114674441205,0.6892655367231638,0.8148951554591468,173,1094,6.323699421965318,0.007953723788864787,0.005784526391901663,0.0007230657989877079,0.005061460592913955,0.5166177908113392,0.2774032813859116,0.0,1.0,0.44567797793604247,0.3024710851696824,0.0,1.0,0.5547409579667644,0.26043520100299566,0.0,1.0,0.341106921752083,0.26947391589211367,0.0,1.0,18,0.18831168831168832,4.8354978354978355,10
369,1390,1391,13.969419163094319,89.59208633093525,12,8,3,5,1063,0.766955266955267,323,1125,0.8116883116883117,0.8654750705550329,920,205,0.8654750705550329,0.6346749226006192,0.8116883116883117,177,1084,6.124293785310734,0.008658008658008658,0.005772005772005772,0.0021645021645021645,0.0036075036075036075,0.5153167788349965,0.27752959256725956,0.0,1.0,0.44358319795776285,0.3017997423008622,0.0,1.0,0.555001160362033,0.2610791727808036,0.0,1.0,0.3406126711533998,0.26899939108396237,0.0,1.0,18,0.18992805755395684,4.8446043165467625,10
370,1387,1383,14.005415833616098,90.2703677000721,6,9,3,6,1055,0.7589928057553957,335,1137,0.8179856115107914,0.8815165876777251,930,207,0.8815165876777251,0.6179104477611941,0.8179856115107914,168,1097,6.529761904761905,0.004316546762589928,0.006474820143884892,0.002158273381294964,0.004316546762589928,0.5155941112170617,0.2776195380684776,0.0,1.0,0.44463567225620393,0.301931255450528,0.0,1.0,0.5558992487847989,0.26100405740795213,0.0,1.0,0.33986092052933925,0.26904531735236104,0.0,1.0,18,0.18961788031723142,4.846431146359048,10
371,1391,1373,13.988850026715122,90.69086987778577,9,5,2,3,1062,0.7656813266041816,325,1130,0.8147080028839221,0.8662900188323918,920,210,0.8662900188323918,0.6461538461538462,0.8147080028839221,173,1093,6.317919075144508,0.006488824801730353,0.003604902667627974,0.0014419610670511895,0.0021629416005767843,0.514528883838501,0.277574657469486,0.0,1.0,0.4447021172978364,0.3018973317057317,0.0,1.0,0.5568516500081166,0.2607138071768386,0.0,1.0,0.33941698940191556,0.2686416301825477,0.0,1.0,18,0.18979151689432064,4.85549964054637,10
372,1398,1357,13.93201756108308,90.78969957081546,12,5,2,3,1103,0.7929547088425594,288,1147,0.8245866283249461,0.8812330009066183,972,175,0.8812330009066183,0.6076388888888888,0.8245866283249461,181,1112,6.143646408839779,0.008626887131560028,0.0035945363048166786,0.0014378145219266715,0.002156721782890007,0.5126909409755872,0.27702337171669333,0.0,1.0,0.444367529650653,0.30186306278373104,0.0,1.0,0.5587013706216253,0.2611952943175801,0.0,1.0,0.33850200747611797,0.2686816429523552,0.0,1.0,18,0.19027181688125894,4.874105865522175,10
373,1397,1344,13.953343316998582,91.05082319255547,8,9,4,5,1072,0.7668097281831188,326,1121,0.801859799713877,0.8638059701492538,926,195,0.8638059701492538,0.598159509202454,0.801859799713877,174,1082,6.218390804597701,0.005722460658082976,0.006437768240343348,0.002861230329041488,0.00357653791130186,0.511972660308957,0.27721614369984404,0.0,1.0,0.44505507192832566,0.30103573446206133,0.0,1.0,0.5584778442284157,0.26116932453408426,0.0,1.0,0.33929849677881174,0.26863550341104203,0.0,1.0,18,0.1882605583392985,4.890479599141017,10
374,1404,1335,13.894062674386204,91.30413105413105,13,6,2,4,1039,0.7437365783822477,358,1168,0.8360773085182533,0.87776708373436,912,256,0.87776708373436,0.7150837988826816,0.8360773085182533,176,1135,6.448863636363637,0.009305654974946313,0.004294917680744453,0.0014316392269148174,0.002863278453829635,0.5122231412553993,0.2778459177447838,0.0,1.0,0.44501884018013055,0.3004916906902568,0.0,1.0,0.5581058726220016,0.2610563716855339,0.0,1.0,0.3412599944858009,0.2686575544104289,0.0,1.0,18,0.1858974358974359,4.8917378917378915,10
375,1406,1320,13.883548200162682,91.48577524893314,11,9,4,5,1069,0.7613960113960114,335,1191,0.8482905982905983,0.9008419083255379,963,228,0.9008419083255379,0.6805970149253732,0.8482905982905983,170,1146,6.741176470588235,0.007834757834757835,0.00641025641025641,0.002849002849002849,0.0035612535612535613,0.5119074932317716,0.27775017962746723,0.0,1.0,0.4454641398614234,0.3002514995813044,0.0,1.0,0.5581149910521728,0.26131082410891093,0.0,1.0,0.3428394438581196,0.26897074235744706,0.0,1.0,18,0.18492176386913228,4.913229018492176,10
376,1409,1306,13.83058422964328,91.6124911284599,9,6,4,2,1089,0.7745376955903271,317,1195,0.8499288762446657,0.8907254361799817,970,225,0.8907254361799817,0.7097791798107256,0.8499288762446657,185,1166,6.302702702702702,0.006401137980085348,0.004267425320056899,0.002844950213371266,0.001422475106685633,0.5118477987133404,0.2786181054445378,0.0,1.0,0.4471943038988988,0.3002856162780846,0.0,1.0,0.558277433091417,0.26091846178805583,0.0,1.0,0.3420865862313698,0.26848675580896886,0.0,1.0,18,0.18523775727466288,4.924059616749468,10
377,1410,1292,13.831844395266433,92.06170212765957,8,7,3,4,1070,0.759403832505323,339,1185,0.8410220014194464,0.8934579439252337,956,229,0.8934579439252337,0.6755162241887905,0.8410220014194464,182,1153,6.335164835164835,0.0056777856635912,0.0049680624556423,0.0021291696238466998,0.0028388928317956,0.5119423472889499,0.27860283034829486,0.0,1.0,0.44580187600091514,0.29982201982403156,0.0,1.0,0.5587737359871883,0.2615298935322115,0.0,1.0,0.3423244108899565,0.2676590862208916,0.0,1.0,18,0.1851063829787234,4.930496453900709,10
378,1411,1285,13.774091607275107,92.11835577604536,10,9,4,5,1079,0.7652482269503547,331,1180,0.8368794326241135,0.8943466172381835,965,215,0.8943466172381835,0.649546827794562,0.8368794326241135,172,1145,6.656976744186046,0.0070921985815602835,0.006382978723404255,0.0028368794326241137,0.0035460992907801418,0.513682814750463,0.2793971989426045,0.0,1.0,0.4458974417594476,0.30045973031687423,0.0,1.0,0.5591550261768136,0.2614597098876797,0.0,1.0,0.3416702864589287,0.2674816172122965,0.0,1.0,18,0.18639262934089298,4.949681077250177,10
379,1409,1271,13.805979379206345,92.51312987934705,7,9,3,6,1089,0.771793054571226,322,1159,0.8214032600992204,0.8668503213957759,944,215,0.8668503213957759,0.6677018633540373,0.8214032600992204,178,1123,6.308988764044944,0.004961020552799433,0.0063784549964564135,0.002126151665485471,0.004252303330970942,0.5121225302777078,0.2793078622276391,0.0,1.0,0.44373726504727673,0.30004628253727894,0.0,1.0,0.5585521646557843,0.2611116266113237,0.0,1.0,0.3416744888848188,0.2674857522974606,0.0,1.0,18,0.18878637331440737,4.95457771469127,10
380,1413,1260,13.728254635456487,92.65109695682943,11,7,4,3,1100,0.7806955287437899,309,1186,0.8417317246273953,0.889090909090909,978,208,0.889090909090909,0.6731391585760518,0.8417317246273953,177,1152,6.508474576271187,0.007806955287437899,0.0049680624556423,0.0028388928317956,0.0021291696238466998,0.5125448028673836,0.2795798436106721,0.0,1.0,0.4438965367668881,0.2995046796319697,0.0,1.0,0.5580896285642536,0.2611102163869005,0.0,1.0,0.3414378010638541,0.2672292577741818,0.0,1.0,18,0.18825194621372965,4.967445152158528,10
381,1419,1251,13.623852534548352,92.46370683579985,14,8,5,3,1063,0.7523000707714084,350,1178,0.8336871903750884,0.8814675446848542,937,241,0.8814675446848542,0.6885714285714286,0.8336871903750884,172,1141,6.633720930232558,0.009907997169143666,0.005661712668082095,0.003538570417551309,0.0021231422505307855,0.5126281570392598,0.27984074704954076,0.0,1.0,0.4437245675055127,0.2994652196526554,0.0,1.0,0.5580940689717884,0.2602159022212899,0.0,1.0,0.3411762031416945,0.2671847321879832,0.0,1.0,18,0.18816067653276955,4.990133897110641,11
382,1418,1236,13.653417068124726,93.07052186177715,7,8,3,5,1079,0.7603946441155743,340,1200,0.8456659619450317,0.8850787766450418,955,245,0.8850787766450418,0.7205882352941176,0.8456659619450317,186,1171,6.295698924731183,0.004933051444679351,0.005637773079633545,0.0021141649048625794,0.0035236081747709656,0.5119659675144457,0.2792387345020361,0.0,1.0,0.44396924336867005,0.3000801778027256,0.0,1.0,0.5592838618681468,0.25977242341676055,0.0,1.0,0.3416670458164612,0.2673614580305613,0.0,1.0,18,0.18829337094499296,5.001410437235543,11
383,1411,1220,13.759069483506767,93.8107725017718,4,11,3,8,1064,0.7503526093088858,354,1151,0.811706629055007,0.8806390977443609,937,214,0.8806390977443609,0.6045197740112994,0.811706629055007,185,1120,6.054054054054054,0.0028208744710860366,0.007757404795486601,0.0021156558533145277,0.005641748942172073,0.5115566630849775,0.27950113167606755,0.0,1.0,0.44473148762031045,0.30014917887225095,0.0,1.0,0.5595436775565259,0.259880250731272,0.0,1.0,0.34180745753412134,0.2676922790466314,0.0,1.0,18,0.18851878100637845,5.002834868887314,11
384,1412,1205,13.755614842175286,94.12747875354107,9,8,4,4,1081,0.7661233167965982,330,1171,0.8299078667611623,0.8741905642923219,945,226,0.8741905642923219,0.6848484848484848,0.8299078667611623,183,1139,6.224043715846994,0.0063784549964564135,0.005669737774627924,0.002834868887313962,0.002834868887313962,0.5117198208900666,0.2789361705084498,0.0,1.0,0.44302293703737544,0.30001718945528705,0.0,1.0,0.5575025130220231,0.26035356710065793,0.0,1.0,0.34190806908525995,0.26737620886878194,0.0,1.0,18,0.18909348441926346,5.014872521246459,11
385,1420,1187,13.707960991444875,94.19295774647887,15,7,2,5,1028,0.7280453257790368,384,1188,0.8413597733711048,0.892023346303502,917,271,0.892023346303502,0.7057291666666666,0.8413597733711048,177,1147,6.480225988700565,0.010623229461756374,0.004957507082152974,0.00141643059490085,0.0035410764872521247,0.5114493412085416,0.27851462663258325,0.0,1.0,0.44441163107678333,0.3002446974120765,0.0,1.0,0.5581326669695592,0.2603761100927247,0.0,1.0,0.34207178555202183,0.26743216898313793,0.0,1.0,18,0.18732394366197183,5.026760563380281,11
386,1424,1177,13.654787931852182,94.45294943820225,10,6,4,2,1055,0.7429577464788732,365,1169,0.8232394366197183,0.8682464454976303,916,253,0.8682464454976303,0.6931506849315069,0.8232394366197183,171,1130,6.608187134502924,0.007042253521126761,0.004225352112676056,0.0028169014084507044,0.0014084507042253522,0.511167995650598,0.2791266251805588,0.0,1.0,0.4447490032620515,0.3004536543096177,0.0,1.0,0.5586942732874229,0.2597770983252486,0.0,1.0,0.3419264226168902,0.2679090251203715,0.0,1.0,18,0.1875,5.03932584269663,11
387,1426,1155,13.659711866849586,94.82819074333801,10,8,3,5,1106,0.776685393258427,318,1183,0.8307584269662921,0.8860759493670886,980,203,0.8860759493670886,0.6383647798742138,0.8307584269662921,182,1143,6.28021978021978,0.007022471910112359,0.0056179775280898875,0.002106741573033708,0.0035112359550561797,0.5110618468081256,0.27899816501694613,0.0,1.0,0.44478125141383523,0.30019125019231363,0.0,1.0,0.5588834094919242,0.2589607748870757,0.0,1.0,0.34223861014341944,0.26741780965232365,0.0,1.0,18,0.18863955119214587,5.051192145862553,11
388,1422,1141,13.668610854622678,95.03164556962025,9,13,7,6,1063,0.7454417952314165,363,1174,0.82328190743338,0.8654750705550329,920,254,0.8654750705550329,0.699724517906336,0.82328190743338,179,1139,6.363128491620111,0.006311360448807854,0.0091164095371669,0.004908835904628331,0.004207573632538569,0.5110475931219092,0.27903634852831244,0.0,1.0,0.44510230933260747,0.30002962958868423,0.0,1.0,0.5587314550156527,0.2592411305659453,0.0,1.0,0.3426568667483326,0.26760883831045235,0.0,1.0,18,0.18846694796061886,5.063291139240507,11
389,1429,1118,13.635819774612346,95.12526242127362,12,5,2,3,1088,0.7651195499296765,334,1184,0.8326300984528833,0.8694852941176471,946,238,0.8694852941176471,0.7125748502994012,0.8326300984528833,183,1144,6.251366120218579,0.008438818565400843,0.0035161744022503515,0.0014064697609001407,0.002109704641350211,0.5115691099121876,0.2799780964610509,0.0,1.0,0.44567597462696673,0.3001654793735819,0.0,1.0,0.5579809927989345,0.2591803575697669,0.0,1.0,0.3434389038127271,0.2683351697255175,0.0,1.0,18,0.18894331700489853,5.087473757872639,11
390,1426,1101,13.644480813333884,95.39691444600281,7,10,6,4,1108,0.7753673897830651,321,1166,0.8159552134359692,0.8799638989169675,975,191,0.8799638989169675,0.5950155763239875,0.8159552134359692,177,1126,6.361581920903955,0.00489853044086774,0.006997900629811057,0.004198740377886634,0.0027991602519244225,0.511582138171289,0.2799301542172483,0.0,1.0,0.445708727322083,0.3005401027594964,0.0,1.0,0.5578428267655975,0.2593077784175213,0.0,1.0,0.3429398724155092,0.2674976735386148,0.0,1.0,18,0.18934081346423562,5.100981767180926,11
391,1423,1089,13.681202757778104,96.08222066057624,4,7,3,4,1086,0.761570827489481,340,1186,0.8316970546984572,0.8747697974217311,950,236,0.8747697974217311,0.6941176470588235,0.8316970546984572,181,1155,6.3812154696132595,0.002805049088359046,0.004908835904628331,0.0021037868162692847,0.002805049088359046,0.5108471425656835,0.27980486023075984,0.0,1.0,0.44508421553736993,0.30015406354726515,0.0,1.0,0.557862761544216,0.25975802537440373,0.0,1.0,0.34382154920318275,0.26707954222723007,0.0,1.0,18,0.18903724525650034,5.106816584680253,11
392,1416,1087,13.670406577270695,96.09110169491525,8,15,9,6,1079,0.758257203092059,344,1152,0.8095572733661279,0.8600556070435589,928,224,0.8600556070435589,0.6511627906976745,0.8095572733661279,176,1126,6.3977272727272725,0.005621925509486999,0.010541110330288124,0.006324666198172874,0.004216444132115249,0.5092719154364862,0.2792196537801345,0.0,1.0,0.4437306360488428,0.30050127387191494,0.0,1.0,0.5589119737561509,0.25871475669531646,0.0,1.0,0.3449744851467104,0.26731390186576376,0.0,1.0,18,0.1906779661016949,5.107344632768362,11
393,1417,1074,13.644436409027497,96.27311220889203,10,9,5,4,1059,0.7478813559322034,357,1134,0.8008474576271186,0.8545797922568461,905,229,0.8545797922568461,0.6414565826330533,0.8008474576271186,182,1103,6.06043956043956,0.007062146892655367,0.006355932203389831,0.0035310734463276836,0.002824858757062147,0.5088214537755822,0.27909909741603905,0.0,1.0,0.44357684339927606,0.3007367944477296,0.0,1.0,0.5597013226489403,0.2586169470757123,0.0,1.0,0.34432126027272525,0.2672975648726931,0.0,1.0,18,0.19195483415666903,5.1185603387438245,11
394,1415,1062,13.621105368211795,96.56749116607774,8,10,6,4,1059,0.7473535638673253,358,1137,0.8023994354269584,0.8753541076487252,927,210,0.8753541076487252,0.5865921787709497,0.8023994354269584,180,1105,6.138888888888889,0.0056457304163726185,0.007057163020465773,0.004234297812279464,0.0028228652081863093,0.5081500056993047,0.27879705775929936,0.0,1.0,0.4422204491052092,0.300515178742019,0.0,1.0,0.5608343782058588,0.2588801048472656,0.0,1.0,0.34339450587028386,0.2668485453996509,0.0,1.0,18,0.192226148409894,5.137809187279152,11
395,1405,1055,13.627220760641858,96.97081850533807,4,14,8,6,1064,0.7519434628975264,351,1134,0.8014134275618374,0.868421052631579,924,210,0.868421052631579,0.5982905982905983,0.8014134275618374,174,1101,6.327586206896552,0.0028268551236749115,0.009893992932862191,0.005653710247349823,0.004240282685512367,0.5075651475146367,0.27834443530440833,0.0,1.0,0.443255653771094,0.30082497087326665,0.0,1.0,0.5628286075077488,0.25847946919948894,0.0,1.0,0.3413614969578694,0.26583379421887154,0.0,1.0,18,0.19288256227758008,5.1466192170818506,12
396,1402,1044,13.666502434735431,97.75820256776034,5,8,2,6,1099,0.7822064056939502,306,1152,0.8199288256227758,0.8662420382165605,952,200,0.8662420382165605,0.6535947712418301,0.8199288256227758,181,1122,6.198895027624309,0.0035587188612099642,0.0056939501779359435,0.0014234875444839859,0.004270462633451958,0.5064424094611385,0.27804824825681396,0.0,1.0,0.4433528139524182,0.3009560471055995,0.0,1.0,0.5638028622704891,0.25814189188862413,0.0,1.0,0.34068841746813305,0.26593875932143674,0.0,1.0,18,0.19329529243937232,5.150499286733238,12
397,1406,1032,13.598856246600333,97.64153627311522,17,13,4,9,1055,0.7524964336661911,347,1086,0.7746077032810271,0.8350710900473933,881,205,0.8350710900473933,0.590778097982709,0.7746077032810271,176,1050,5.965909090909091,0.012125534950071327,0.009272467902995721,0.0028530670470756064,0.006419400855920114,0.5063552516863212,0.2781535876187906,0.0,1.0,0.4435598586702152,0.3016562587584554,0.0,1.0,0.5638737209195613,0.25737090514864386,0.0,1.0,0.3401780388198045,0.2662023175557166,0.0,1.0,18,0.19559032716927455,5.169985775248933,12
398,1404,1022,13.593892474561962,98.02421652421653,7,9,5,4,1078,0.7667140825035562,328,1121,0.7972972972972973,0.862708719851577,930,191,0.862708719851577,0.5823170731707317,0.7972972972972973,182,1093,6.0054945054945055,0.004978662873399715,0.006401137980085348,0.0035561877667140826,0.002844950213371266,0.5059047881628527,0.2783450142174249,0.0,1.0,0.4439389761970407,0.3019436649222217,0.0,1.0,0.5633903133903134,0.25746830811502863,0.0,1.0,0.3401112030144288,0.26636648208227737,0.0,1.0,18,0.19658119658119658,5.1745014245014245,12
399,1405,1019,13.571372706073062,98.54875444839858,8,7,2,5,1073,0.7642450142450142,331,1114,0.7934472934472935,0.8499534016775396,912,202,0.8499534016775396,0.6102719033232629,0.7934472934472935,175,1086,6.2057142857142855,0.005698005698005698,0.004985754985754986,0.0014245014245014246,0.0035612535612535613,0.5051314430030995,0.27794465194443996,0.0,1.0,0.44454138445643443,0.30207158270401824,0.0,1.0,0.5632189186086557,0.2572668448343882,0.0,1.0,0.34042015842038803,0.2662479596291797,0.0,1.0,18,0.19644128113879003,5.1800711743772245,12
400,1403,1010,13.580031656628092,99.15466856735567,8,10,3,7,1068,0.7601423487544484,337,1133,0.8064056939501779,0.8726591760299626,932,201,0.8726591760299626,0.5964391691394659,0.8064056939501779,175,1099,6.28,0.0056939501779359435,0.0071174377224199285,0.002135231316725979,0.00498220640569395,0.5052077345779781,0.27833259910215474,0.0,1.0,0.444370358448486,0.3023110938897923,0.0,1.0,0.5633780148529648,0.25661047897283024,0.0,1.0,0.3408594486469087,0.26615527188252514,0.0,1.0,18,0.19743406985032075,5.184604419101924,13
401,1398,996,13.652817959262023,99.85264663805437,2,7,4,3,1053,0.7505345687811832,350,1145,0.8161083392729864,0.8803418803418803,927,218,0.8803418803418803,0.6228571428571429,0.8161083392729864,191,1122,5.87434554973822,0.0014255167498218105,0.004989308624376337,0.002851033499643621,0.0021382751247327157,0.5050071530758226,0.27804077906942737,0.0,1.0,0.444690571784577,0.30298802480502185,0.0,1.0,0.564031565831372,0.25664033234932876,0.0,1.0,0.34034796252711247,0.266059826703995,0.0,1.0,18,0.19742489270386265,5.182403433476395,13
402,1399,986,13.626514333309451,100.09649749821301,11,10,4,6,1045,0.7474964234620887,353,1146,0.8197424892703863,0.8688995215311005,908,238,0.8688995215311005,0.6742209631728046,0.8197424892703863,178,1114,6.258426966292135,0.007868383404864092,0.00715307582260372,0.002861230329041488,0.004291845493562232,0.5048998132306486,0.27805062869419095,0.0,1.0,0.44520279462288737,0.3023551218760864,0.0,1.0,0.5655191496230025,0.25740132079473205,0.0,1.0,0.3393898867854919,0.2662347849536749,0.0,1.0,18,0.19728377412437456,5.204431736954968,13
403,1398,971,13.666726560972474,100.56652360515021,7,8,4,4,1062,0.7591136526090064,337,1154,0.8248749106504646,0.8775894538606404,932,222,0.8775894538606404,0.658753709198813,0.8248749106504646,184,1123,6.103260869565218,0.005003573981415297,0.005718370264474625,0.0028591851322373124,0.0028591851322373124,0.5043610688079746,0.2777838370810815,0.0,1.0,0.44565969818634915,0.30229785738048653,0.0,1.0,0.5663851585213899,0.2573493812998372,0.0,1.0,0.3394711338778901,0.2666897043304024,0.0,1.0,18,0.19670958512160228,5.200286123032904,13
404,1400,961,13.639652393906768,100.90642857142858,9,7,3,4,1120,0.8011444921316166,278,1157,0.8276108726752504,0.8776785714285714,983,174,0.8776785714285714,0.6258992805755396,0.8276108726752504,174,1121,6.442528735632184,0.006437768240343348,0.005007153075822604,0.002145922746781116,0.002861230329041488,0.5046774193548387,0.2779046299554514,0.0,1.0,0.4467511520737327,0.30236567792237484,0.0,1.0,0.5660138248847926,0.25761334718042284,0.0,1.0,0.34023041474654375,0.26713730042100375,0.0,1.0,18,0.1957142857142857,5.204285714285715,13
405,1397,953,13.634055210447405,101.06012884753042,10,13,6,7,1069,0.7635714285714286,331,1124,0.8028571428571428,0.8615528531337698,921,203,0.8615528531337698,0.6132930513595166,0.8028571428571428,180,1096,6.088888888888889,0.007142857142857143,0.009285714285714286,0.004285714285714286,0.005,0.5042371902925624,0.27763008279831825,0.0,1.0,0.44697162121596967,0.3021962164107205,0.0,1.0,0.5673216800979056,0.25819824001448693,0.0,1.0,0.33955249728681275,0.26725319408387427,0.0,1.0,18,0.19541875447387258,5.211882605583393,13
406,1393,952,13.553436932796327,100.68413496051687,11,15,12,3,1056,0.7559055118110236,341,1137,0.8138869005010737,0.8418560606060606,889,248,0.8418560606060606,0.7272727272727273,0.8138869005010737,172,1108,6.441860465116279,0.007874015748031496,0.010737294201861132,0.008589835361488905,0.0021474588403722263,0.5071671722668643,0.2777412217574592,0.0,1.0,0.4464256767709515,0.3021034350465902,0.0,1.0,0.567237107194961,0.2570673176571158,0.0,1.0,0.3394391311395688,0.2674261516297228,0.0,1.0,18,0.19382627422828427,5.225412778176597,13
407,1380,939,13.651227030262033,101.18478260869566,3,16,9,7,1076,0.7724335965541995,317,1153,0.8277099784637473,0.8726765799256505,939,214,0.8726765799256505,0.6750788643533123,0.8277099784637473,179,1119,6.251396648044692,0.0021536252692031586,0.01148600143575018,0.006460875807609476,0.005025125628140704,0.506030855539972,0.27689149964446413,0.0,1.0,0.4463066853669939,0.3019959294066555,0.0,1.0,0.5681860682561946,0.2567156461654969,0.0,1.0,0.3397615708274895,0.2671545580080276,0.0,1.0,18,0.1934782608695652,5.223188405797101,13
408,1379,936,13.63015064408708,101.62291515591008,9,10,4,6,1084,0.7855072463768116,296,1168,0.8463768115942029,0.8800738007380073,954,214,0.8800738007380073,0.722972972972973,0.8463768115942029,179,1144,6.391061452513966,0.006521739130434782,0.007246376811594203,0.002898550724637681,0.004347826086956522,0.5071931507169758,0.2769692869913664,0.0,1.0,0.448150833937636,0.3027671634745337,0.0,1.0,0.5694168284638237,0.2563643179248671,0.0,1.0,0.3387915506795481,0.26723334658722653,0.0,1.0,18,0.19361856417693982,5.229876722262509,14
409,1382,929,13.611822424243176,102.08538350217077,6,3,2,1,1055,0.7650471356055112,324,1153,0.836113125453227,0.8777251184834123,926,227,0.8777251184834123,0.7006172839506173,0.836113125453227,180,1126,6.2555555555555555,0.00435097897026831,0.002175489485134155,0.0014503263234227702,0.0007251631617113851,0.5066990336585594,0.2766409048288063,0.0,1.0,0.4489286214462443,0.30279083268813184,0.0,1.0,0.569627935203772,0.25612982708748483,0.0,1.0,0.3380794547406751,0.266610420158096,0.0,1.0,18,0.19319826338639653,5.227206946454414,14
410,1387,919,13.551914652440463,102.02379235760634,12,7,4,3,1036,0.7496382054992764,346,1146,0.829232995658466,0.8725868725868726,904,242,0.8725868725868726,0.6994219653179191,0.829232995658466,179,1115,6.229050279329609,0.008683068017366137,0.005065123010130246,0.002894356005788712,0.002170767004341534,0.5064074237737517,0.276636024792399,0.0,1.0,0.4500779124124939,0.30282415098574095,0.0,1.0,0.5714352164104471,0.2561428948333701,0.0,1.0,0.33672116659301815,0.2659158128082584,0.0,1.0,18,0.1925018024513338,5.242970439798126,14
411,1384,912,13.475980581776646,101.80346820809248,11,14,9,5,1078,0.7772170151405912,309,1164,0.8392213410237923,0.8747680890538033,943,221,0.8747680890538033,0.7152103559870551,0.8392213410237923,170,1127,6.629411764705883,0.007930785868781542,0.010093727469358327,0.006488824801730353,0.003604902667627974,0.5073186649263471,0.2771565022156711,0.0,1.0,0.45021443222077195,0.30300648313573236,0.0,1.0,0.5711122506060041,0.25684105996187506,0.0,1.0,0.3357029647585307,0.2654068880472346,0.0,1.0,18,0.19147398843930635,5.253612716763006,14
412,1384,908,13.398237923013708,101.76734104046243,13,13,6,7,1059,0.7651734104046243,325,1137,0.8215317919075145,0.8753541076487252,927,210,0.8753541076487252,0.6461538461538462,0.8215317919075145,173,1106,6.393063583815029,0.00939306358381503,0.00939306358381503,0.004335260115606936,0.0050578034682080926,0.5072254335260116,0.2770232771337397,0.0,1.0,0.4511234383740444,0.30396188909615457,0.0,1.0,0.5720445646093605,0.25686518839343664,0.0,1.0,0.33528342345702034,0.26567362613745,0.0,1.0,18,0.1936416184971098,5.276011560693641,14
413,1379,897,13.485630984208631,102.6243654822335,3,8,3,5,1029,0.7434971098265896,355,1127,0.8143063583815029,0.8561710398445093,881,246,0.8561710398445093,0.6929577464788732,0.8143063583815029,188,1104,5.872340425531915,0.002167630057803468,0.005780346820809248,0.002167630057803468,0.0036127167630057803,0.5070060118365342,0.27649417114366776,0.0,1.0,0.4509579171442607,0.3036299157651947,0.0,1.0,0.571943203349786,0.2567565643622674,0.0,1.0,0.33458092586961097,0.26556129952457125,0.0,1.0,18,0.19216823785351705,5.276287164612038,14
414,1371,897,13.479900163580888,103.01896425966447,5,13,8,5,1053,0.7635968092820885,326,1132,0.8208846990572879,0.8765432098765432,923,209,0.8765432098765432,0.6411042944785276,0.8208846990572879,168,1100,6.5476190476190474,0.0036258158085569255,0.009427121102248005,0.005801305293691081,0.0036258158085569255,0.5066233735676808,0.2763527482553649,0.0,1.0,0.4503894026022917,0.304038799693231,0.0,1.0,0.5718924260605632,0.2569667119644928,0.0,1.0,0.333639208489212,0.26513638682267177,0.0,1.0,18,0.19401896425966447,5.284463894967177,14
415,1373,883,13.485465468968604,103.33576110706483,8,6,4,2,1051,0.7665937272064187,320,1151,0.8395331874544129,0.884871550903901,930,221,0.884871550903901,0.690625,0.8395331874544129,181,1118,6.176795580110498,0.005835156819839533,0.00437636761487965,0.0029175784099197666,0.0014587892049598833,0.5057914150788244,0.276354474655373,0.0,1.0,0.4507436035993703,0.3044551839960559,0.0,1.0,0.57251603505392,0.2569590880848304,0.0,1.0,0.3328477785870357,0.2651905825407138,0.0,1.0,18,0.19446467589220684,5.300072833211945,15
416,1371,879,13.454416149282718,103.38803792851932,8,10,7,3,1070,0.7793153678077204,303,1145,0.8339402767662054,0.8728971962616823,934,211,0.8728971962616823,0.6963696369636964,0.8339402767662054,177,1118,6.31638418079096,0.005826656955571741,0.007283321194464676,0.005098324836125273,0.0021849963583394027,0.5067645467165478,0.2763136217641203,0.0,1.0,0.45238935554457543,0.3050981365224363,0.0,1.0,0.572339474365309,0.2569800731596217,0.0,1.0,0.3329568716030211,0.2652111917210161,0.0,1.0,18,0.1925601750547046,5.321663019693654,15
417,1373,869,13.417001598940086,103.4857975236708,11,9,5,4,1063,0.775346462436178,308,1122,0.8183807439824945,0.8711194731890874,926,196,0.8711194731890874,0.6363636363636364,0.8183807439824945,177,1089,6.1525423728813555,0.008023340627279359,0.006564551422319475,0.0036469730123997084,0.0029175784099197666,0.5059088880013157,0.27643425001725425,0.0,1.0,0.4523647299297512,0.30498402036023653,0.0,1.0,0.5728449592368959,0.2569781310337825,0.0,1.0,0.3326833164955478,0.2653925885074094,0.0,1.0,18,0.19446467589220684,5.32993445010925,15
418,1363,872,13.464327256684822,103.93763756419662,4,14,7,7,1020,0.7428987618353969,353,1085,0.7902403495994174,0.8362745098039216,853,232,0.8362745098039216,0.6572237960339944,0.7902403495994174,175,1063,6.074285714285714,0.0029133284777858705,0.010196649672250545,0.005098324836125273,0.005098324836125273,0.5060705748704234,0.2767125734639749,0.0,1.0,0.45310392161503327,0.30549514360588254,0.0,1.0,0.573261070219866,0.2567276883291132,0.0,1.0,0.3313137528696187,0.2653848701000706,0.0,1.0,18,0.19515774027879676,5.336757153338224,15
419,1361,870,13.39891045411416,103.7634092578986,12,14,7,7,1016,0.7454145267791636,347,1107,0.8121790168745414,0.8622047244094488,876,231,0.8622047244094488,0.6657060518731989,0.8121790168745414,174,1079,6.2011494252873565,0.00880410858400587,0.010271460014673514,0.005135730007336757,0.005135730007336757,0.5054632504562584,0.27650512807711414,0.0,1.0,0.4532483231020834,0.30560372886068876,0.0,1.0,0.5736531487758053,0.2566906885838828,0.0,1.0,0.32964376288781966,0.26496537371685047,0.0,1.0,18,0.1947097722263042,5.350477590007348,15
420,1362,870,13.312465355227921,103.80983847283407,8,7,6,1,1019,0.748714180749449,342,1119,0.8221895664952241,0.8684985279685966,885,234,0.8684985279685966,0.6842105263157895,0.8221895664952241,172,1091,6.343023255813954,0.005878030859662013,0.005143277002204262,0.00440852314474651,0.0007347538574577516,0.5063710861636114,0.2761189721983762,0.0,1.0,0.4522760646108664,0.30579638257658404,0.0,1.0,0.5740846004452654,0.2566553951720924,0.0,1.0,0.32776751456586617,0.26480611234823465,0.0,1.0,18,0.19530102790014683,5.368575624082232,15
421,1360,869,13.293838010361279,104.1470588235294,9,11,5,6,1046,0.7679882525697503,316,1099,0.8069016152716594,0.861376673040153,901,198,0.861376673040153,0.6265822784810127,0.8069016152716594,170,1068,6.2823529411764705,0.006607929515418502,0.008076358296622614,0.003671071953010279,0.004405286343612335,0.5041745730550284,0.27540921426364606,0.0,1.0,0.4515417457305503,0.30613310295754226,0.0,1.0,0.5747628083491461,0.25729661675195614,0.0,1.0,0.3282258064516129,0.2649755780958067,0.0,1.0,18,0.19705882352941176,5.3617647058823525,15
422,1362,863,13.254515383054256,104.22760646108664,9,7,5,2,1043,0.7669117647058824,317,1113,0.8183823529411764,0.87535953978907,913,200,0.87535953978907,0.6309148264984227,0.8183823529411764,174,1081,6.212643678160919,0.006617647058823529,0.005147058823529412,0.003676470588235294,0.0014705882352941176,0.5029605418975889,0.27496780777057417,0.0,1.0,0.45154185022026433,0.30612296410661993,0.0,1.0,0.5754109232153853,0.2573190707805218,0.0,1.0,0.3279096205769504,0.26483502602581754,0.0,1.0,18,0.19823788546255505,5.372246696035242,15
423,1358,857,13.297209579474513,104.77245949926362,5,9,4,5,1035,0.7599118942731278,327,1149,0.8436123348017621,0.881159420289855,912,237,0.881159420289855,0.7247706422018348,0.8436123348017621,175,1118,6.388571428571429,0.003671071953010279,0.006607929515418502,0.002936857562408223,0.003671071953010279,0.5028029835146562,0.27486865645141945,0.0,1.0,0.45071024751769684,0.30613318841043474,0.0,1.0,0.5744453418214642,0.2574503911502058,0.0,1.0,0.3284003990688394,0.2651279281209637,0.0,1.0,18,0.19808541973490426,5.377025036818852,15
424,1355,857,13.29980219061379,105.48413284132842,6,9,3,6,1030,0.7584683357879234,328,1156,0.8512518409425626,0.8864077669902912,913,243,0.8864077669902912,0.7408536585365854,0.8512518409425626,178,1134,6.370786516853933,0.004418262150220913,0.0066273932253313695,0.0022091310751104565,0.004418262150220913,0.5026068325199381,0.27534387088514745,0.0,1.0,0.45058921556957504,0.306204531953087,0.0,1.0,0.5751696226639685,0.2574879874306058,0.0,1.0,0.32867515771931916,0.2656798558992996,0.0,1.0,18,0.1985239852398524,5.3660516605166055,15
425,1358,858,13.193122652668286,105.1340206185567,13,10,8,2,1029,0.759409594095941,326,1120,0.8265682656826568,0.8717201166180758,897,223,0.8717201166180758,0.6840490797546013,0.8265682656826568,174,1095,6.293103448275862,0.00959409594095941,0.007380073800738007,0.005904059040590406,0.0014760147601476014,0.5033255736614566,0.27616166198101855,0.0,1.0,0.45137536224998814,0.30548294809620063,0.0,1.0,0.5745403582117915,0.25760738384272636,0.0,1.0,0.32901800560596706,0.265719923801242,0.0,1.0,18,0.19661266568483063,5.38659793814433,15
426,1359,850,13.22153072853501,105.72479764532744,4,3,2,1,1033,0.7606774668630338,325,1156,0.8512518409425626,0.8944820909970959,924,232,0.8944820909970959,0.7138461538461538,0.8512518409425626,176,1124,6.386363636363637,0.0029455081001472753,0.0022091310751104565,0.0014727540500736377,0.0007363770250368188,0.5031451019487764,0.2762538003035706,0.0,1.0,0.4520876355954331,0.3055256798543093,0.0,1.0,0.5748534263808778,0.25783623403414435,0.0,1.0,0.32794512093807116,0.2652521797608103,0.0,1.0,18,0.19646799116997793,5.3980868285504044,15
427,1352,850,13.234376897335498,105.8173076923077,7,14,8,6,1003,0.7380426784400295,356,1126,0.8285504047093452,0.86839481555334,871,255,0.86839481555334,0.7162921348314607,0.8285504047093452,173,1099,6.3526011560693645,0.0051508462104488595,0.010301692420897719,0.005886681383370125,0.004415011037527594,0.5026961252147356,0.2765699812514703,0.0,1.0,0.4501097537698034,0.30547314728685265,0.0,1.0,0.5737497614048482,0.25794403340940886,0.0,1.0,0.32780587898453906,0.2656384128696915,0.0,1.0,18,0.19748520710059173,5.414201183431953,15
428,1351,841,13.208496645597005,105.7779422649889,10,11,6,5,1057,0.7818047337278107,295,1112,0.8224852071005917,0.8684957426679281,918,194,0.8684957426679281,0.6576271186440678,0.8224852071005917,174,1077,6.189655172413793,0.0073964497041420114,0.008136094674556213,0.004437869822485207,0.0036982248520710057,0.5033069888493589,0.2770937559566785,0.0,1.0,0.448747642128889,0.305363383865482,0.0,1.0,0.5731716052625295,0.2573598999176489,0.0,1.0,0.3269740455098971,0.2660950268807643,0.0,1.0,18,0.1991117690599556,5.414507772020725,15
429,1347,834,13.263335837993825,106.3608017817372,6,10,3,7,1037,0.767579570688379,314,1098,0.8127313101406366,0.8572806171648988,889,209,0.8572806171648988,0.6656050955414012,0.8127313101406366,173,1064,6.1502890173410405,0.0044411547002220575,0.007401924500370096,0.0022205773501110288,0.0051813471502590676,0.5034365495605527,0.27640296105759,0.0,1.0,0.44711066408027395,0.3043889312462784,0.0,1.0,0.572023852288239,0.25789650485486926,0.0,1.0,0.3275378978374883,0.266130486279332,0.0,1.0,18,0.19821826280623608,5.417223459539718,15
430,1341,833,13.340065734922165,106.6510067114094,8,14,6,8,949,0.7045285820341499,398,1094,0.8121752041573868,0.8724973656480506,828,266,0.8724973656480506,0.6683417085427136,0.8121752041573868,173,1066,6.161849710982659,0.005939123979213066,0.010393466963622866,0.004454342984409799,0.005939123979213066,0.5003728560775541,0.2760379294600555,0.0,1.0,0.4460802001395204,0.30440298501155194,0.0,1.0,0.5721777200452238,0.2581000000879752,0.0,1.0,0.3293882754805032,0.26664384715909334,0.0,1.0,18,0.19910514541387025,5.405667412378822,15
431,1333,825,13.409364656142534,107.05476369092273,6,14,8,6,1051,0.7837434750186428,290,1110,0.8277404921700223,0.8782112274024738,923,187,0.8782112274024738,0.6448275862068965,0.8277404921700223,176,1078,6.125,0.0044742729306487695,0.010439970171513796,0.005965697240865026,0.0044742729306487695,0.50076228734603,0.2759237071774009,0.0,1.0,0.4461921932095927,0.30479021198806067,0.0,1.0,0.571352515548242,0.258559196558251,0.0,1.0,0.32962272826271083,0.26683232721498373,0.0,1.0,18,0.1980495123780945,5.408102025506377,15
432,1332,820,13.408421349291967,107.32207207207207,8,9,5,4,1028,0.7711927981995499,305,1143,0.8574643660915229,0.8842412451361867,909,234,0.8842412451361867,0.7672131147540984,0.8574643660915229,179,1117,6.240223463687151,0.006001500375093774,0.006751687921980495,0.0037509377344336083,0.003000750187546887,0.5004601375569118,0.2759511523080487,0.0,1.0,0.4445170977429042,0.3047715829383988,0.0,1.0,0.5710307081274824,0.25808370031395855,0.0,1.0,0.32829603797345736,0.26680178249183023,0.0,1.0,18,0.20045045045045046,5.414414414414415,15
433,1331,820,13.374089604340465,107.41998497370398,8,9,7,2,990,0.7432432432432432,342,1115,0.8370870870870871,0.8868686868686869,878,237,0.8868686868686869,0.6929824561403509,0.8370870870870871,180,1095,6.083333333333333,0.006006006006006006,0.006756756756756757,0.005255255255255256,0.0015015015015015015,0.49940621894767456,0.2749787371301557,0.0,1.0,0.4441239911781101,0.30508435080349056,0.0,1.0,0.571411260027629,0.258155291698298,0.0,1.0,0.32963330990523737,0.2676788385002995,0.0,1.0,18,0.20060105184072127,5.418482344102179,15
434,1320,822,13.430131715314992,107.7439393939394,6,17,9,8,988,0.7422990232907588,343,1118,0.8399699474079639,0.8765182186234818,866,252,0.8765182186234818,0.7346938775510204,0.8399699474079639,174,1094,6.287356321839081,0.004507888805409466,0.012772351615326822,0.0067618332081141996,0.006010518407212622,0.4989002932551319,0.2739813823348016,0.0,1.0,0.4425953079178886,0.30513924854014995,0.0,1.0,0.5708455522971652,0.2578218266542725,0.0,1.0,0.3298631476050831,0.26825952550177773,0.0,1.0,18,0.2015151515151515,5.417424242424242,15
435,1312,813,13.501381272011534,108.20426829268293,2,10,8,2,995,0.7537878787878788,325,1099,0.8325757575757575,0.8733668341708543,869,230,0.8733668341708543,0.7076923076923077,0.8325757575757575,185,1075,5.8108108108108105,0.0015151515151515152,0.007575757575757576,0.006060606060606061,0.0015151515151515152,0.4981805664830842,0.2739473170955282,0.0,1.0,0.4424665617623918,0.30530880903816165,0.0,1.0,0.57036782061369,0.25817025859552944,0.0,1.0,0.3291453579858379,0.26832632450220817,0.0,1.0,18,0.20198170731707318,5.418445121951219,15
436,1320,817,13.437167364105186,108.31060606060606,13,5,1,4,989,0.7538109756097561,323,1083,0.8254573170731707,0.8958543983822043,886,197,0.8958543983822043,0.6099071207430341,0.8254573170731707,171,1058,6.187134502923977,0.009908536585365854,0.0038109756097560975,0.0007621951219512195,0.003048780487804878,0.4986559139784946,0.27463840104218085,0.0,1.0,0.4418132942326491,0.30523912664024394,0.0,1.0,0.5698924731182796,0.2578709766277134,0.0,1.0,0.32891006842619747,0.2684232417077591,0.0,1.0,18,0.20227272727272727,5.429545454545455,15
437,1320,812,13.433691716175378,108.4060606060606,8,8,6,2,1004,0.7606060606060606,316,1108,0.8393939393939394,0.9023904382470119,906,202,0.9023904382470119,0.6392405063291139,0.8393939393939394,183,1086,5.934426229508197,0.006060606060606061,0.006060606060606061,0.004545454545454545,0.0015151515151515152,0.4976295210166178,0.27447353879096326,0.0,1.0,0.4429374389051808,0.30486486168336707,0.0,1.0,0.569574780058651,0.25799965374440437,0.0,1.0,0.3305718475073314,0.2687106238106416,0.0,1.0,18,0.20075757575757575,5.431818181818182,15
438,1319,808,13.423927765937664,108.65428354814253,5,6,6,0,1049,0.7946969696969697,271,1129,0.8553030303030303,0.9027645376549094,947,182,0.9027645376549094,0.6715867158671587,0.8553030303030303,177,1102,6.2259887005649714,0.003787878787878788,0.004545454545454545,0.004545454545454545,0.0,0.49839810217907016,0.2750449617357327,0.0,1.0,0.4438357504463303,0.30432499577392047,0.0,1.0,0.5701533419746142,0.2583081544747213,0.0,1.0,0.32996649465626454,0.2680554776492513,0.0,1.0,18,0.19939347990902198,5.443517816527672,15
439,1311,807,13.455650230357294,108.90160183066362,4,12,9,3,997,0.7558756633813495,322,1091,0.8271417740712661,0.8655967903711134,863,228,0.8655967903711134,0.7080745341614907,0.8271417740712661,175,1065,6.085714285714285,0.003032600454890068,0.009097801364670205,0.006823351023502654,0.002274450341167551,0.4964936886395512,0.2752776898209859,0.0,1.0,0.4434930242858197,0.3040061295633127,0.0,1.0,0.5704584040747029,0.2587483606266863,0.0,1.0,0.3315371176890332,0.2686979905890477,0.0,1.0,18,0.19908466819221968,5.445461479786423,15
440,1310,808,13.4272765774366,108.64580152671756,11,12,7,5,986,0.7520976353928299,325,1079,0.8230358504958047,0.8620689655172413,850,229,0.8620689655172413,0.7046153846153846,0.8230358504958047,170,1050,6.176470588235294,0.008390541571319604,0.009153318077803204,0.005339435545385202,0.0038138825324180014,0.4943117458754001,0.2740765809472966,0.0,1.0,0.4425018468357547,0.3045065819197646,0.0,1.0,0.5698842649593696,0.25891454155459603,0.0,1.0,0.3315685791676927,0.2688572101464098,0.0,1.0,18,0.19923664122137405,5.4435114503816795,15
441,1305,802,13.401577400549384,108.55478927203065,10,15,9,6,1036,0.7908396946564885,274,1112,0.8488549618320611,0.8938223938223938,926,186,0.8938223938223938,0.6788321167883211,0.8488549618320611,177,1083,6.11864406779661,0.007633587786259542,0.011450381679389313,0.006870229007633588,0.004580152671755725,0.4921764923989618,0.273968426934134,0.0,1.0,0.4441478185638364,0.30388292002547046,0.0,1.0,0.5705104437028797,0.2591516893086056,0.0,1.0,0.33313558274626126,0.2695729595684405,0.0,1.0,18,0.19616858237547893,5.44367816091954,15
442,1295,806,13.382156130064054,108.18764478764479,9,19,14,5,987,0.7563218390804598,318,1063,0.8145593869731801,0.8632218844984803,852,211,0.8632218844984803,0.6635220125786163,0.8145593869731801,175,1042,5.954285714285715,0.006896551724137931,0.014559386973180077,0.010727969348659003,0.0038314176245210726,0.48932619255199894,0.27295731289398417,0.0,1.0,0.44364179848050816,0.3031499106595272,0.0,1.0,0.5704072736330801,0.2599547152138919,0.0,1.0,0.3348860381118446,0.2696335008261425,0.0,1.0,18,0.1945945945945946,5.454826254826255,15
443,1297,807,13.408415095441281,108.61680801850424,8,6,1,5,974,0.7521235521235521,321,1079,0.8332046332046332,0.8757700205338809,853,226,0.8757700205338809,0.7040498442367601,0.8332046332046332,177,1057,5.971751412429379,0.006177606177606178,0.004633204633204633,0.0007722007722007722,0.003861003861003861,0.4882980575521676,0.2729814241098691,0.0,1.0,0.44427587236053423,0.30243760945426396,0.0,1.0,0.569527694182605,0.2601251842520889,0.0,1.0,0.3345934787474818,0.26953505706883607,0.0,1.0,18,0.19352351580570548,5.457208943716268,15
444,1294,804,13.422273281365225,108.55486862442041,6,9,7,2,988,0.761757902852737,309,1065,0.8211256746337703,0.8856275303643725,875,190,0.8856275303643725,0.6148867313915858,0.8211256746337703,182,1044,5.736263736263736,0.004626060138781804,0.006939090208172706,0.005397070161912105,0.0015420200462606013,0.4895298399561251,0.27324119003158115,0.0,1.0,0.4442588622426086,0.30205654199517956,0.0,1.0,0.5684299745724685,0.25988175066683133,0.0,1.0,0.33459640025926113,0.2690554436624761,0.0,1.0,18,0.19165378670788252,5.461360123647604,15
445,1287,804,13.46715423847859,108.75524475524476,7,14,7,7,979,0.7565687789799073,315,1091,0.8431221020092736,0.8764044943820225,858,233,0.8764044943820225,0.7396825396825397,0.8431221020092736,174,1065,6.120689655172414,0.005409582689335394,0.010819165378670788,0.005409582689335394,0.005409582689335394,0.4877559716269394,0.27234816518021604,0.0,1.0,0.4435170564202823,0.30223041198775824,0.0,1.0,0.5694914404591823,0.25967479911804414,0.0,1.0,0.3339348823219791,0.26960790913352495,0.0,1.0,18,0.19425019425019424,5.462315462315463,14
446,1287,802,13.38738105447331,108.23698523698523,12,12,10,2,994,0.7723387723387724,293,1076,0.8360528360528361,0.89738430583501,892,184,0.89738430583501,0.6279863481228669,0.8360528360528361,175,1049,5.994285714285715,0.009324009324009324,0.009324009324009324,0.00777000777000777,0.001554001554001554,0.48890894052184375,0.2728572394484308,0.0,1.0,0.44213850665463567,0.3012886612061997,0.0,1.0,0.5700679249066345,0.2595198402692304,0.0,1.0,0.3324059453091711,0.26875945383518723,0.0,1.0,18,0.19502719502719504,5.471639471639472,14
447,1273,796,13.51613914267015,108.48075412411626,4,18,10,8,968,0.7521367521367521,319,1078,0.8376068376068376,0.8884297520661157,860,218,0.8884297520661157,0.6833855799373041,0.8376068376068376,174,1046,6.011494252873563,0.003108003108003108,0.013986013986013986,0.00777000777000777,0.006216006216006216,0.48795073866659905,0.27211731360170394,0.0,1.0,0.4420089704279958,0.3006021018946056,0.0,1.0,0.5693941160073993,0.25998817506171945,0.0,1.0,0.33340090717887644,0.26929873497969586,0.0,1.0,18,0.19324430479183033,5.461901021209741,14
448,1270,797,13.478990096167431,108.21102362204725,10,13,9,4,988,0.7761194029850746,285,1099,0.8633150039277298,0.902834008097166,892,207,0.902834008097166,0.7263157894736842,0.8633150039277298,171,1071,6.2631578947368425,0.007855459544383346,0.01021209740769835,0.007069913589945012,0.003142183817753339,0.48798577597155196,0.2720181983725813,0.0,1.0,0.4410464820929642,0.30091551135037503,0.0,1.0,0.5704089408178816,0.25937424643030726,0.0,1.0,0.33307086614173226,0.26855532808702287,0.0,1.0,18,0.19370078740157481,5.4661417322834644,14
449,1272,798,13.401490529655222,107.6124213836478,11,9,9,0,967,0.7614173228346457,303,1094,0.8614173228346457,0.9079627714581179,878,216,0.9079627714581179,0.7128712871287128,0.8614173228346457,175,1070,6.114285714285714,0.008661417322834646,0.007086614173228346,0.007086614173228346,0.0,0.48780178535199836,0.2717452309380761,0.0,1.0,0.44030229255427067,0.3006868538776454,0.0,1.0,0.5709575978900385,0.2593976771633593,0.0,1.0,0.3324457293568675,0.26841017615185064,0.0,1.0,18,0.19261006289308177,5.4834905660377355,14
450,1269,807,13.392525655352596,107.74546887312844,6,9,7,2,948,0.7452830188679245,324,1069,0.8404088050314465,0.890295358649789,844,225,0.890295358649789,0.6944444444444444,0.8404088050314465,175,1053,6.017142857142857,0.0047169811320754715,0.007075471698113208,0.00550314465408805,0.0015723270440251573,0.4885228399298406,0.27175336912090947,0.0,1.0,0.4410127354533669,0.30073186344230524,0.0,1.0,0.5723836396451358,0.25941423198000707,0.0,1.0,0.33193522967030176,0.26835968524028997,0.0,1.0,18,0.19227738376674547,5.502758077226162,15
451,1264,808,13.40310639288958,107.66772151898734,7,12,9,3,973,0.7667454688731284,296,1070,0.843183609141056,0.9003083247687564,876,194,0.9003083247687564,0.6554054054054054,0.843183609141056,171,1042,6.093567251461988,0.005516154452324665,0.009456264775413711,0.0070921985815602835,0.002364066193853428,0.4879797876684361,0.2714453054301524,0.0,1.0,0.4403327888934259,0.3013854517609991,0.0,1.0,0.5726572070232748,0.25918418559596423,0.0,1.0,0.33176806859942837,0.26863291886407265,0.0,1.0,18,0.1930379746835443,5.499208860759493,15
452,1263,807,13.38170972637306,107.19002375296913,11,12,8,4,924,0.7310126582278481,340,1067,0.8441455696202531,0.8906926406926406,823,244,0.8906926406926406,0.7176470588235294,0.8441455696202531,166,1032,6.216867469879518,0.00870253164556962,0.00949367088607595,0.006329113924050633,0.0031645569620253164,0.4884427757770796,0.27111418362439255,0.0,1.0,0.4409623783618114,0.30147451827395005,0.0,1.0,0.5742344137103159,0.25994309916219394,0.0,1.0,0.33220953694480626,0.26927675144046515,0.0,1.0,18,0.19239904988123516,5.50910530482977,15
453,1256,810,13.413497103371963,107.02945859872611,6,13,10,3,953,0.7545526524148852,310,1047,0.828978622327791,0.8908709338929696,849,198,0.8908709338929696,0.6387096774193548,0.828978622327791,173,1023,5.913294797687861,0.004750593824228029,0.010292953285827395,0.00791765637371338,0.0023752969121140144,0.4875693445654407,0.2706589558418675,0.0,1.0,0.44144236696116707,0.3016685035383066,0.0,1.0,0.5736336552290939,0.2594567400353992,0.0,1.0,0.3329052804602424,0.26948687382682657,0.0,1.0,18,0.1926751592356688,5.5119426751592355,15
454,1256,807,13.438393488396043,107.09235668789809,7,7,5,2,976,0.7770700636942676,280,1079,0.8590764331210191,0.8965163934426229,875,204,0.8965163934426229,0.7285714285714285,0.8590764331210191,171,1047,6.12280701754386,0.005573248407643312,0.005573248407643312,0.003980891719745223,0.0015923566878980893,0.4872868296692007,0.27071929071421685,0.0,1.0,0.4412882679268543,0.302420326544435,0.0,1.0,0.5738648037805629,0.2597995365453731,0.0,1.0,0.3323402506677625,0.2697476000092112,0.0,1.0,18,0.19347133757961785,5.510350318471337,15
455,1256,806,13.460628972871511,107.05095541401273,9,9,5,4,945,0.7523885350318471,311,1088,0.8662420382165605,0.9142857142857143,864,224,0.9142857142857143,0.7202572347266881,0.8662420382165605,176,1063,6.0397727272727275,0.007165605095541401,0.007165605095541401,0.003980891719745223,0.0031847133757961785,0.4874666118758989,0.2712932257476421,0.0,1.0,0.44218717896034515,0.3021303852408158,0.0,1.0,0.5737363879186357,0.2599858294792859,0.0,1.0,0.33246866652968976,0.2695017102042186,0.0,1.0,18,0.19347133757961785,5.50796178343949,15
456,1251,812,13.449738648470385,106.99360511590727,6,11,9,2,966,0.7691082802547771,290,1083,0.8622611464968153,0.8964803312629399,866,217,0.8964803312629399,0.7482758620689656,0.8622611464968153,163,1052,6.45398773006135,0.004777070063694267,0.00875796178343949,0.007165605095541401,0.0015923566878980893,0.4883577009360253,0.2717084381512721,0.0,1.0,0.44245893607694486,0.30239609680507795,0.0,1.0,0.5746628503648694,0.259909624530416,0.0,1.0,0.3312704674969702,0.26903869180712675,0.0,1.0,18,0.19424460431654678,5.522781774580336,15
457,1242,810,13.549760209343912,107.18276972624798,4,13,9,4,960,0.7673860911270983,291,1084,0.8665067945643485,0.9166666666666666,880,204,0.9166666666666666,0.7010309278350515,0.8665067945643485,184,1066,5.793478260869565,0.0031974420463629096,0.010391686650679457,0.007194244604316547,0.0031974420463629096,0.4874292244558724,0.2717525387698686,0.0,1.0,0.4437431821723547,0.30267263607637923,0.0,1.0,0.5758921614461586,0.2599955611347938,0.0,1.0,0.33203469949613007,0.269024885415041,0.0,1.0,18,0.1932367149758454,5.516908212560386,15
458,1237,816,13.592183950779145,107.41309620048504,3,8,7,1,920,0.7407407407407407,322,1045,0.8413848631239935,0.9010869565217391,829,216,0.9010869565217391,0.6708074534161491,0.8413848631239935,171,1022,5.976608187134503,0.0024154589371980675,0.00644122383252818,0.005636070853462158,0.0008051529790660225,0.4876000730174459,0.2715782475785097,0.0,1.0,0.44350275119305294,0.30275589191881913,0.0,1.0,0.5759772602811172,0.2594836359077189,0.0,1.0,0.33233368972801003,0.26943320192178727,0.0,1.0,18,0.19401778496362165,5.522231204527082,15
459,1236,817,13.61303244798386,107.23381877022653,9,10,7,3,936,0.7566693613581245,301,1070,0.8649959579628133,0.9113247863247863,853,217,0.9113247863247863,0.7209302325581395,0.8649959579628133,177,1048,5.9209039548022595,0.007275666936135812,0.008084074373484237,0.005658852061438965,0.002425222312045271,0.4877596826391064,0.2713882240189995,0.0,1.0,0.4454274976511118,0.30253450614229505,0.0,1.0,0.5766520513623552,0.25979762523449745,0.0,1.0,0.3326547656331559,0.2696585431024209,0.0,1.0,18,0.19174757281553398,5.5283171521035595,15
460,1231,817,13.616111096138626,106.85540211210397,7,12,10,2,963,0.779126213592233,273,1056,0.8543689320388349,0.9003115264797508,867,189,0.9003115264797508,0.6923076923076923,0.8543689320388349,179,1035,5.782122905027933,0.0056634304207119745,0.009708737864077669,0.008090614886731391,0.0016181229773462784,0.48864023479468566,0.2718020957890475,0.0,1.0,0.4460574932522733,0.3021370928009406,0.0,1.0,0.576557218102251,0.2599285270971563,0.0,1.0,0.3332983936479652,0.2690262347769936,0.0,1.0,18,0.1892770105605199,5.524776604386678,15
461,1220,820,13.656986848185843,106.77786885245902,4,15,12,3,917,0.7449228269699432,314,1044,0.8480909829406986,0.8909487459105779,817,227,0.8909487459105779,0.7229299363057324,0.8480909829406986,172,1019,5.924418604651163,0.003249390739236393,0.012185215272136474,0.00974817221770918,0.002437043054427295,0.4883130618720254,0.2717592905538446,0.0,1.0,0.44608672659968274,0.30145979749066487,0.0,1.0,0.5767318878900053,0.26000402501244185,0.0,1.0,0.33305129561078795,0.2692661790315129,0.0,1.0,18,0.18770491803278688,5.537704918032787,15
462,1224,819,13.634675570531277,106.63153594771242,10,6,5,1,940,0.7704918032786885,280,1062,0.8704918032786885,0.9085106382978724,854,208,0.9085106382978724,0.7428571428571429,0.8704918032786885,172,1033,6.005813953488372,0.00819672131147541,0.004918032786885246,0.004098360655737705,0.000819672131147541,0.4888519924098672,0.2719454543293028,0.0,1.0,0.4462102045119123,0.3014148625958378,0.0,1.0,0.5760067467847354,0.260801903338925,0.0,1.0,0.33378136200716846,0.2697886157267691,0.0,1.0,18,0.18709150326797386,5.545751633986928,15
463,1223,817,13.664024060858134,106.61242845461979,9,10,6,4,927,0.7573529411764706,297,1041,0.8504901960784313,0.8921251348435815,827,214,0.8921251348435815,0.7205387205387206,0.8504901960784313,177,1016,5.740112994350283,0.007352941176470588,0.008169934640522876,0.004901960784313725,0.0032679738562091504,0.4877482657663598,0.2719839116842361,0.0,1.0,0.44660142958879545,0.3018677627971369,0.0,1.0,0.5764249729644185,0.2608014792253426,0.0,1.0,0.33241895919605413,0.26940004095949577,0.0,1.0,18,0.18806214227309895,5.543744889615699,15
464,1226,816,13.690325572199988,106.79200652528549,11,8,2,6,939,0.76778413736713,284,1034,0.8454619787408013,0.898828541001065,844,190,0.898828541001065,0.6690140845070423,0.8454619787408013,172,1005,5.843023255813954,0.008994276369582993,0.006541291905151268,0.001635322976287817,0.004905968928863451,0.4878966478977003,0.2715362071043532,0.0,1.0,0.4459032784297216,0.30167565959030196,0.0,1.0,0.5761458717044677,0.26092509777316597,0.0,1.0,0.33152660106299003,0.268786924327896,0.0,1.0,18,0.1867862969004894,5.543230016313213,15
465,1222,816,13.745086354088828,106.83306055646482,6,10,8,2,897,0.731647634584013,329,992,0.8091353996737357,0.875139353400223,785,207,0.875139353400223,0.6291793313069909,0.8091353996737357,173,965,5.578034682080925,0.004893964110929853,0.008156606851549755,0.0065252854812398045,0.0016313213703099511,0.48706509687978455,0.2714178566025531,0.0,1.0,0.44448550762895306,0.30124006725287394,0.0,1.0,0.5768702814001372,0.2609003320719806,0.0,1.0,0.33137109973074286,0.2691071250837508,0.0,1.0,17,0.18657937806873978,5.54746317512275,15
466,1217,820,13.777965595644579,106.91618734593263,6,11,8,3,944,0.7725040916530278,278,1027,0.8404255319148937,0.8908898305084746,841,186,0.8908898305084746,0.6690647482014388,0.8404255319148937,164,995,6.067073170731708,0.004909983633387889,0.00900163666121113,0.006546644844517185,0.0024549918166939444,0.4850637474487768,0.27050951652664235,0.0,1.0,0.4432634452779177,0.3014800381932818,0.0,1.0,0.5769342910912609,0.26151360720287276,0.0,1.0,0.3313542025605004,0.2690192419384146,0.0,1.0,17,0.18816762530813474,5.543138866064092,15
467,1207,830,13.786998786198366,106.32311516155758,8,18,15,3,906,0.7444535743631882,311,1045,0.8586688578471652,0.8951434878587197,811,234,0.8951434878587197,0.752411575562701,0.8586688578471652,171,1026,6.0,0.00657354149548069,0.014790468364831553,0.012325390304026294,0.0024650780608052587,0.4845658390571131,0.27011614075049695,0.0,1.0,0.44271320522757035,0.3014244357700347,0.0,1.0,0.5778122243899831,0.2624449351365755,0.0,1.0,0.3301440521688003,0.2692517384996977,0.0,1.0,17,0.18972659486329743,5.548467274233637,15
468,1198,832,13.88587264629161,106.43322203672788,3,12,10,2,935,0.7746478873239436,272,1068,0.8848384424192212,0.9176470588235294,858,210,0.9176470588235294,0.7720588235294118,0.8848384424192212,176,1046,5.943181818181818,0.0024855012427506215,0.009942004971002486,0.008285004142502071,0.0016570008285004142,0.4835209219667187,0.2695310195961516,0.0,1.0,0.44240400667779634,0.30138273306128555,0.0,1.0,0.579487317572298,0.26209468276621184,0.0,1.0,0.3301200926274975,0.2691790370699382,0.0,1.0,17,0.18948247078464106,5.540066777963272,15
469,1197,828,13.951190647560988,106.43859649122807,6,7,6,1,925,0.7721202003338898,273,1053,0.8789649415692822,0.9210810810810811,852,201,0.9210810810810811,0.7362637362637363,0.8789649415692822,181,1030,5.69060773480663,0.005008347245409015,0.005843071786310518,0.005008347245409015,0.0008347245409015025,0.48225402215215457,0.2690337756127928,0.0,1.0,0.4428274988546636,0.30200245113619334,0.0,1.0,0.5809685504082788,0.2617236601577077,0.0,1.0,0.33012639124693455,0.2692816796146389,0.0,1.0,17,0.189640768588137,5.548036758563074,15
470,1200,831,13.981092819134032,106.38166666666666,9,6,3,3,864,0.7218045112781954,333,1022,0.8538011695906432,0.8958333333333334,774,248,0.8958333333333334,0.7447447447447447,0.8538011695906432,171,996,5.824561403508772,0.007518796992481203,0.005012531328320802,0.002506265664160401,0.002506265664160401,0.4825,0.26925797063781504,0.0,1.0,0.44365591397849463,0.3015611287093872,0.0,1.0,0.5808870967741935,0.2610893500635647,0.0,1.0,0.3295698924731183,0.26901122030806823,0.0,1.0,17,0.1875,5.558333333333334,15
471,1194,831,14.021946177529761,106.08710217755444,7,13,10,3,925,0.7708333333333334,275,1017,0.8475,0.8951351351351351,828,189,0.8951351351351351,0.6872727272727273,0.8475,169,986,5.834319526627219,0.005833333333333334,0.010833333333333334,0.008333333333333333,0.0025,0.4836278165018642,0.2702145540017716,0.0,1.0,0.44218403847192955,0.30157609471890573,0.0,1.0,0.5810774301615604,0.26035715281981164,0.0,1.0,0.3297941319500729,0.26926200942594286,0.0,1.0,17,0.18592964824120603,5.575376884422111,15
472,1195,840,14.019234063419919,105.99832635983263,9,8,5,3,901,0.7546063651591289,293,1024,0.8576214405360134,0.9100998890122086,820,204,0.9100998890122086,0.6962457337883959,0.8576214405360134,171,1004,5.871345029239766,0.007537688442211055,0.006700167504187605,0.0041876046901172526,0.002512562814070352,0.48414090970441354,0.27138633691039626,0.0,1.0,0.443163719800243,0.3018800275846195,0.0,1.0,0.5804022135240924,0.2598382360512863,0.0,1.0,0.32908624645701173,0.26966179819527586,0.0,1.0,17,0.18744769874476988,5.59581589958159,15
473,1191,839,14.101932900888276,106.1326616288833,4,8,7,1,901,0.7539748953974895,294,1044,0.8736401673640167,0.9156492785793563,825,219,0.9156492785793563,0.7448979591836735,0.8736401673640167,178,1021,5.735955056179775,0.0033472803347280333,0.0066945606694560665,0.005857740585774059,0.0008368200836820083,0.4841418163105008,0.27075639123763073,0.0,1.0,0.44205194875545084,0.30189980393884364,0.0,1.0,0.5796971913003439,0.2604739291724021,0.0,1.0,0.32908101080685787,0.26974402769446193,0.0,1.0,17,0.18807724601175482,5.594458438287154,15
474,1190,846,14.084874840592647,106.01512605042016,9,10,7,3,933,0.783375314861461,258,1002,0.8413098236775819,0.8853161843515541,826,176,0.8853161843515541,0.6821705426356589,0.8413098236775819,168,977,5.815476190476191,0.007556675062972292,0.008396305625524769,0.005877413937867338,0.0025188916876574307,0.4844402277039848,0.270974566211173,0.0,1.0,0.4436432637571158,0.30209464227379307,0.0,1.0,0.5804554079696395,0.2599937356157298,0.0,1.0,0.3288967199783139,0.269853682844781,0.0,1.0,17,0.18907563025210083,5.621008403361344,16
475,1190,841,14.103005499821766,105.28487394957983,15,15,9,6,908,0.7630252100840336,282,1018,0.8554621848739495,0.8964757709251101,814,204,0.8964757709251101,0.723404255319149,0.8554621848739495,174,987,5.672413793103448,0.012605042016806723,0.012605042016806723,0.007563025210084034,0.005042016806722689,0.4861480075901328,0.27157966794302774,0.0,1.0,0.4448359989156953,0.30127452630780543,0.0,1.0,0.5797235023041475,0.26000394263418136,0.0,1.0,0.32935754947140145,0.2700967668793748,0.0,1.0,17,0.18571428571428572,5.624369747899159,16
476,1191,853,14.05564173472649,104.6926952141058,10,9,8,1,865,0.726890756302521,325,962,0.8084033613445378,0.8601156069364162,744,218,0.8601156069364162,0.6707692307692308,0.8084033613445378,165,939,5.6909090909090905,0.008403361344537815,0.007563025210084034,0.0067226890756302525,0.0008403361344537816,0.4870128111372931,0.2725619326189265,0.0,1.0,0.44400205844912116,0.3007782073253521,0.0,1.0,0.5786950515966524,0.26047338561352823,0.0,1.0,0.32902684109314484,0.27010461734605723,0.0,1.0,17,0.1889168765743073,5.635600335852225,16
477,1188,855,14.129921121096363,104.77020202020202,8,11,5,6,903,0.7581863979848866,288,1025,0.8606213266162889,0.9091915836101883,821,204,0.9091915836101883,0.7083333333333334,0.8606213266162889,170,997,5.864705882352941,0.006717044500419815,0.009235936188077247,0.0041981528127623844,0.005037783375314861,0.4865048332790268,0.27198054031148317,0.0,1.0,0.44395568589116974,0.30101280103892775,0.0,1.0,0.5792874986423373,0.26048322050427475,0.0,1.0,0.33029216900184644,0.27103049059610207,0.0,1.0,17,0.18855218855218855,5.633838383838384,16
478,1181,851,14.169135261840744,104.06943268416596,8,15,13,2,897,0.7550505050505051,291,1056,0.8888888888888888,0.915273132664437,821,235,0.915273132664437,0.8075601374570447,0.8888888888888888,182,1034,5.681318681318682,0.006734006734006734,0.012626262626262626,0.010942760942760943,0.0016835016835016834,0.4858922181857912,0.2710652803638617,0.0,1.0,0.44229876266695806,0.3018882094245049,0.0,1.0,0.5806724754855098,0.2602150824281708,0.0,1.0,0.32992816366665756,0.2712900675341201,0.0,1.0,17,0.1896697713801863,5.655376799322608,16
479,1181,853,14.158168176467818,103.45385266723116,10,10,9,1,915,0.7747671464860287,266,1026,0.8687552921253175,0.9202185792349726,842,184,0.9202185792349726,0.6917293233082706,0.8687552921253175,179,1007,5.625698324022347,0.00846740050804403,0.00846740050804403,0.007620660457239628,0.000846740050804403,0.4847996503783016,0.27091190656695424,0.0,1.0,0.44232607686214526,0.3024503657497194,0.0,1.0,0.5797437928491437,0.2609979103917046,0.0,1.0,0.3295457649340362,0.2718970757609764,0.0,1.0,17,0.1913632514817951,5.6731583403895005,16
480,1186,856,14.152347984450062,103.29932546374367,11,6,3,3,911,0.7713801862828111,270,975,0.825571549534293,0.8781558726673985,800,175,0.8781558726673985,0.6481481481481481,0.825571549534293,173,951,5.497109826589595,0.009314140558848433,0.005080440304826418,0.002540220152413209,0.002540220152413209,0.4841701572104662,0.2706449463179378,0.0,1.0,0.4422564325735734,0.30273533887901327,0.0,1.0,0.5793668062884186,0.26051294821474513,0.0,1.0,0.3288364249578415,0.2714453058843654,0.0,1.0,17,0.19224283305227655,5.692242833052276,16
481,1186,862,14.215354932106024,103.71669477234401,6,6,3,3,916,0.7723440134907251,270,1056,0.8903878583473862,0.9290393013100436,851,205,0.9290393013100436,0.7592592592592593,0.8903878583473862,175,1037,5.925714285714286,0.00505902192242833,0.00505902192242833,0.002529510961214165,0.002529510961214165,0.48294620029374963,0.2699732576543805,0.0,1.0,0.4420116411902301,0.3028189561276498,0.0,1.0,0.5789316216069195,0.26088066165273915,0.0,1.0,0.32793885655224936,0.27148874611164064,0.0,1.0,17,0.19308600337268128,5.688870151770658,16
482,1182,867,14.21211584527638,103.45431472081218,6,10,9,1,916,0.7723440134907251,270,1010,0.851602023608769,0.9039301310043668,828,182,0.9039301310043668,0.674074074074074,0.851602023608769,171,986,5.766081871345029,0.00505902192242833,0.008431703204047217,0.007588532883642495,0.0008431703204047217,0.4828339064461547,0.27098862911385324,0.0,1.0,0.4429889198187872,0.3028277913751636,0.0,1.0,0.5801266306424322,0.25980306286301585,0.0,1.0,0.3270836744719175,0.27106851666018844,0.0,1.0,17,0.19543147208121828,5.706429780033841,16
483,1175,876,14.243067353302607,103.07914893617021,6,13,11,2,866,0.7326565143824028,316,999,0.8451776649746193,0.894919168591224,775,224,0.894919168591224,0.7088607594936709,0.8451776649746193,172,980,5.6976744186046515,0.005076142131979695,0.010998307952622674,0.009306260575296108,0.001692047377326565,0.4842004118050789,0.27111130858082755,0.0,1.0,0.4436238846945779,0.30252394869574417,0.0,1.0,0.5809196980096089,0.2596347473750703,0.0,1.0,0.3264516129032258,0.2698215454584862,0.0,1.0,17,0.19319148936170213,5.723404255319149,16
484,1171,886,14.271463135036479,102.94107600341589,7,11,8,3,891,0.7582978723404256,284,987,0.84,0.8832772166105499,787,200,0.8832772166105499,0.704225352112676,0.84,168,965,5.744047619047619,0.005957446808510639,0.009361702127659575,0.006808510638297872,0.002553191489361702,0.48221812071292797,0.270069593276039,0.0,1.0,0.44367923748657057,0.3024946364815115,0.0,1.0,0.5796259056224347,0.2602791787219748,0.0,1.0,0.32831051486184953,0.27078943453926996,0.0,1.0,17,0.19214346712211786,5.711357813834329,16
485,1170,890,14.280273051740139,102.5991452991453,9,10,7,3,909,0.7762596071733561,262,991,0.8462852263023057,0.8987898789878987,817,174,0.8987898789878987,0.6641221374045801,0.8462852263023057,181,976,5.392265193370166,0.007685738684884714,0.008539709649871904,0.005977796754910333,0.0025619128949615714,0.4822718500137855,0.2699416100224513,0.0,1.0,0.4419354838709678,0.30265992637068845,0.0,1.0,0.578880617590295,0.26022752730957066,0.0,1.0,0.32883926109732564,0.2710231377586537,0.0,1.0,17,0.19230769230769232,5.701709401709402,16
486,1165,895,14.337796917763345,102.26351931330473,9,14,9,5,883,0.7547008547008547,287,1027,0.8777777777777778,0.9071347678369196,801,226,0.9071347678369196,0.7874564459930313,0.8777777777777778,176,1008,5.7272727272727275,0.007692307692307693,0.011965811965811967,0.007692307692307693,0.004273504273504274,0.48342793852969673,0.27005539241733795,0.0,1.0,0.4441090959435138,0.3032531418230435,0.0,1.0,0.5816142876920948,0.2598580010355579,0.0,1.0,0.3270940052609719,0.27092784328035735,0.0,1.0,17,0.1905579399141631,5.710729613733905,16
487,1165,899,14.273114478670342,101.69957081545064,10,10,9,1,910,0.7811158798283262,255,1015,0.871244635193133,0.910989010989011,829,186,0.910989010989011,0.7294117647058823,0.871244635193133,169,988,5.846153846153846,0.008583690987124463,0.008583690987124463,0.007725321888412017,0.0008583690987124463,0.48434168627993907,0.2700768433712217,0.0,1.0,0.4422262217914994,0.301886922125251,0.0,1.0,0.5802852000553786,0.26006227795435083,0.0,1.0,0.32670635470026305,0.27002589315364234,0.0,1.0,17,0.1905579399141631,5.715021459227468,16
488,1167,904,14.22287097694511,101.20222793487575,11,9,7,2,916,0.7862660944206008,249,969,0.8317596566523605,0.888646288209607,814,155,0.888646288209607,0.6224899598393574,0.8317596566523605,173,947,5.473988439306359,0.00944206008583691,0.007725321888412017,0.006008583690987125,0.0017167381974248926,0.48376040025430517,0.2709290179894494,0.0,1.0,0.44536584017469666,0.3015658574901496,0.0,1.0,0.5821654642452386,0.26009924261584405,0.0,1.0,0.32633993974071923,0.2695732257635485,0.0,1.0,17,0.18851756640959727,5.737789203084833,16
489,1164,910,14.18314019587152,100.46821305841924,11,14,10,4,917,0.7857754927163667,250,1000,0.856898029134533,0.9073064340239912,832,168,0.9073064340239912,0.672,0.856898029134533,175,981,5.605714285714286,0.009425878320479864,0.011996572407883462,0.00856898029134533,0.003427592116538132,0.48245759893581647,0.26979883755592476,0.0,1.0,0.4432158297306285,0.3024244374382191,0.0,1.0,0.5833610464471788,0.25976973261224817,0.0,1.0,0.32429885821970955,0.2696628384060961,0.0,1.0,17,0.19243986254295534,5.743986254295533,16
490,1171,918,14.122322742557063,100.25021349274125,12,5,3,2,893,0.7671821305841925,271,1009,0.8668384879725086,0.9126539753639418,815,194,0.9126539753639418,0.7158671586715867,0.8668384879725086,171,988,5.777777777777778,0.010309278350515464,0.00429553264604811,0.002577319587628866,0.001718213058419244,0.48202528855954385,0.2692197382342958,0.0,1.0,0.4420539379080466,0.30308307444252147,0.0,1.0,0.5837580231949533,0.25938358727471655,0.0,1.0,0.32324178397289327,0.2693687945343698,0.0,1.0,17,0.19555935098206662,5.7455166524338175,16
491,1160,924,14.194066152535573,100.32068965517242,4,15,10,5,914,0.7805294619982921,257,1007,0.8599487617421008,0.9059080962800875,828,179,0.9059080962800875,0.6964980544747081,0.8599487617421008,175,988,5.645714285714286,0.0034158838599487617,0.012809564474807857,0.008539709649871904,0.004269854824935952,0.48156284760845386,0.2698555310035448,0.0,1.0,0.44176863181312576,0.30322931056941116,0.0,1.0,0.5848998887652948,0.2589993146836992,0.0,1.0,0.321329254727475,0.26790413877051106,0.0,1.0,17,0.19741379310344828,5.752586206896551,16
492,1164,929,14.201703030699997,100.25,9,5,3,2,898,0.7741379310344828,262,1001,0.8629310344827587,0.9153674832962138,822,179,0.9153674832962138,0.683206106870229,0.8629310344827587,179,985,5.5027932960893855,0.007758620689655172,0.004310344827586207,0.002586206896551724,0.0017241379310344827,0.48162620552045227,0.2698329607635514,0.0,1.0,0.4414699035583638,0.30401765874814635,0.0,1.0,0.5839153087240881,0.25884629291713007,0.0,1.0,0.3215275468351624,0.26814030636752506,0.0,1.0,17,0.19845360824742267,5.752577319587629,16
493,1165,933,14.220932035531275,99.71587982832618,10,9,7,2,884,0.7594501718213058,280,996,0.8556701030927835,0.8857466063348416,783,213,0.8857466063348416,0.7607142857142857,0.8556701030927835,176,976,5.545454545454546,0.00859106529209622,0.007731958762886598,0.006013745704467354,0.001718213058419244,0.48068669527896996,0.2704154496076075,0.0,1.0,0.44236466842032396,0.3046083636025614,0.0,1.0,0.5851031427384743,0.25792733134562207,0.0,1.0,0.32277447044164476,0.2684451015404159,0.0,1.0,17,0.2,5.771673819742489,16
494,1171,938,14.20037858576123,99.73612297181896,9,3,3,0,895,0.7682403433476395,270,1031,0.8849785407725322,0.9251396648044693,828,203,0.9251396648044693,0.7518518518518519,0.8849785407725322,173,1009,5.832369942196531,0.007725321888412017,0.002575107296137339,0.002575107296137339,0.0,0.4817773615051927,0.27067129294510267,0.0,1.0,0.44340376298173606,0.3049187710940148,0.0,1.0,0.5856863447287953,0.25799977385171613,0.0,1.0,0.32134100988953473,0.2679494246421671,0.0,1.0,17,0.19982920580700256,5.784799316823228,16
495,1176,942,14.133264331042641,98.92772108843538,13,8,7,1,890,0.7600341588385995,281,1040,0.888129803586678,0.9303370786516854,828,212,0.9303370786516854,0.7544483985765125,0.888129803586678,171,1015,5.935672514619883,0.011101622544833475,0.006831767719897523,0.005977796754910333,0.0008539709649871904,0.4808810621022602,0.2701768835775884,0.0,1.0,0.44327408382707917,0.3044170577138133,0.0,1.0,0.5862409479921,0.2575507356856712,0.0,1.0,0.3193712969058591,0.26752160854180246,0.0,1.0,17,0.20153061224489796,5.8146258503401365,16
496,1170,940,14.22614005742253,98.81538461538462,6,12,9,3,884,0.7517006802721088,292,1032,0.8775510204081632,0.9140271493212669,808,224,0.9140271493212669,0.7671232876712328,0.8775510204081632,166,996,6.0,0.00510204081632653,0.01020408163265306,0.007653061224489796,0.002551020408163265,0.4810311552247036,0.270275502655188,0.0,1.0,0.44336917562724015,0.30418836728937726,0.0,1.0,0.586848635235732,0.2574049518198302,0.0,1.0,0.319520264681555,0.2677305899961139,0.0,1.0,17,0.20170940170940171,5.817094017094017,16
497,1179,943,14.10477336446289,97.79474130619168,16,7,7,0,872,0.7452991452991453,298,981,0.8384615384615385,0.893348623853211,779,202,0.893348623853211,0.6778523489932886,0.8384615384615385,169,953,5.6390532544378695,0.013675213675213675,0.005982905982905983,0.005982905982905983,0.0,0.4817915674847465,0.2706106160630573,0.0,1.0,0.4429122547812526,0.30447452689278426,0.0,1.0,0.5870748857697885,0.2566105850203665,0.0,1.0,0.3200908369586035,0.2675946528845847,0.0,1.0,17,0.20271416454622562,5.830364715860899,16
498,1182,936,14.174410854164496,97.71827411167513,8,5,5,0,835,0.7082273112807463,344,991,0.8405428329092451,0.8922155688622755,745,246,0.8922155688622755,0.7151162790697675,0.8405428329092451,178,962,5.404494382022472,0.006785411365564037,0.004240882103477523,0.004240882103477523,0.0,0.4806506195076688,0.26906416247374504,0.0,1.0,0.44143332787511597,0.3044800158832138,0.0,1.0,0.586731073631352,0.2565160960166072,0.0,1.0,0.3199334097483762,0.2675693537715624,0.0,1.0,17,0.2038917089678511,5.8367174280879865,16
499,1178,940,14.228422177185172,97.47538200339558,5,9,9,0,875,0.7402707275803723,307,1007,0.8519458544839256,0.8982857142857142,786,221,0.8982857142857142,0.7198697068403909,0.8519458544839256,169,980,5.798816568047338,0.004230118443316413,0.007614213197969543,0.007614213197969543,0.0,0.4804206144914836,0.2690782649482342,0.0,1.0,0.4416725998137904,0.3041407067470499,0.0,1.0,0.5851087135111451,0.2569950965674721,0.0,1.0,0.32011610712525335,0.2673006338412777,0.0,1.0,17,0.20203735144312393,5.84804753820034,16
500,1187,949,14.178474532446616,97.56613310867733,11,2,1,1,888,0.7538200339558574,290,970,0.8234295415959253,0.8918918918918919,792,178,0.8918918918918919,0.6137931034482759,0.8234295415959253,165,944,5.721212121212122,0.00933786078098472,0.001697792869269949,0.0008488964346349745,0.0008488964346349745,0.4793869065412941,0.2691358052991761,0.0,1.0,0.441177269886132,0.30421360261480473,0.0,1.0,0.5844498192787455,0.256981120887757,0.0,1.0,0.3210859580944099,0.26707647462415374,0.0,1.0,17,0.2021903959561921,5.843302443133951,16
501,1187,949,14.183898387218742,97.55686604886267,8,8,6,2,940,0.7919123841617524,247,1050,0.8845829823083403,0.9212765957446809,866,184,0.9212765957446809,0.7449392712550608,0.8845829823083403,175,1025,5.857142857142857,0.006739679865206402,0.006739679865206402,0.005054759898904802,0.0016849199663016006,0.4803380710383998,0.2696397199614734,0.0,1.0,0.44112291762915457,0.30455734188280814,0.0,1.0,0.5855912166752725,0.25671934919246214,0.0,1.0,0.3194825665135745,0.267077459062987,0.0,1.0,17,0.2021903959561921,5.839932603201348,16
502,1189,953,14.2205850556884,97.43734230445753,9,7,4,3,888,0.7481044650379107,299,1029,0.8668913226621735,0.9076576576576577,806,223,0.9076576576576577,0.745819397993311,0.8668913226621735,177,1010,5.706214689265536,0.007582139848357203,0.005897219882055603,0.003369839932603201,0.002527379949452401,0.48099514365555224,0.26978743678038763,0.0,1.0,0.44168317100301147,0.3039022980968642,0.0,1.0,0.5849317670039882,0.25717276575128384,0.0,1.0,0.31937925608399576,0.2668285328596826,0.0,1.0,17,0.2001682085786375,5.834314550042052,16
503,1188,961,14.201487568115175,97.06228956228956,7,8,8,0,914,0.768713204373423,275,1001,0.8418839360807401,0.8938730853391685,817,184,0.8938730853391685,0.6690909090909091,0.8418839360807401,179,988,5.5195530726256985,0.005887300252312868,0.00672834314550042,0.00672834314550042,0.0,0.48074834365156943,0.26946462904030144,0.0,1.0,0.4421635711958292,0.30381506697466165,0.0,1.0,0.5845280764635603,0.2579181644806139,0.0,1.0,0.31934940805908546,0.2665644938723508,0.0,1.0,17,0.20033670033670034,5.85016835016835,16
504,1186,970,14.195804636931962,96.87015177065767,9,11,6,5,911,0.7668350168350169,277,1007,0.8476430976430976,0.9023051591657519,822,185,0.9023051591657519,0.6678700361010831,0.8476430976430976,169,985,5.828402366863905,0.007575757575757576,0.009259259259259259,0.005050505050505051,0.004208754208754209,0.4800359027362237,0.2690637199254641,0.0,1.0,0.4421748354457923,0.30475049387900105,0.0,1.0,0.584969809062721,0.2577782298824977,0.0,1.0,0.3185007887722352,0.26625247684322423,0.0,1.0,17,0.20236087689713322,5.855817875210793,16
505,1187,970,14.217699507399166,96.54254422914912,10,9,6,3,907,0.7647554806070826,279,1040,0.8768971332209107,0.9250275633958104,839,201,0.9250275633958104,0.7204301075268817,0.8768971332209107,181,1021,5.640883977900552,0.008431703204047217,0.007588532883642495,0.00505902192242833,0.002529510961214165,0.47884338397151943,0.2688230926267052,0.0,1.0,0.44275348533847864,0.30530480387865505,0.0,1.0,0.5856999211892274,0.257266434251725,0.0,1.0,0.31861293040193495,0.2672333113585549,0.0,1.0,17,0.2030328559393429,5.850042122999158,16
506,1189,974,14.196785783475608,96.19428090832632,10,8,7,1,906,0.7632687447346251,281,1025,0.8635214827295703,0.9094922737306843,824,201,0.9094922737306843,0.7153024911032029,0.8635214827295703,174,1003,5.764367816091954,0.008424599831508003,0.006739679865206402,0.005897219882055603,0.0008424599831508003,0.47925879703735863,0.26867432373893907,0.0,1.0,0.4437179521962072,0.3058406117734347,0.0,1.0,0.5844705499335304,0.25825144350883567,0.0,1.0,0.3191350823408123,0.26670902784260186,0.0,1.0,17,0.20185029436501262,5.856181665264929,15
507,1190,986,14.25913710094722,96.75546218487395,4,3,2,1,881,0.7409587888982339,308,990,0.832632464255677,0.8933030646992054,787,203,0.8933030646992054,0.6590909090909091,0.832632464255677,164,966,5.890243902439025,0.00336417157275021,0.002523128679562658,0.001682085786375105,0.0008410428931875525,0.4791271347248577,0.2685997823821939,0.0,1.0,0.4441583084846842,0.306197480022775,0.0,1.0,0.5844673353212253,0.2585626347372321,0.0,1.0,0.3185687178097045,0.2668791326150202,0.0,1.0,17,0.20168067226890757,5.864705882352941,15
508,1198,993,14.140545944988446,95.78130217028381,16,8,6,2,929,0.780672268907563,261,1037,0.8714285714285714,0.9257265877287406,860,177,0.9257265877287406,0.6781609195402298,0.8714285714285714,172,1016,5.906976744186046,0.013445378151260505,0.0067226890756302525,0.005042016806722689,0.0016806722689075631,0.47875491410415205,0.26827611689768305,0.0,1.0,0.4432656578167914,0.30563746575873013,0.0,1.0,0.5829339221282783,0.2590269781762732,0.0,1.0,0.3197802789595563,0.2677593749480475,0.0,1.0,17,0.2011686143572621,5.868113522537563,15
509,1202,1003,14.062649607424236,95.22379367720465,11,7,6,1,916,0.7646076794657763,282,1057,0.8823038397328882,0.9213973799126638,844,213,0.9213973799126638,0.7553191489361702,0.8823038397328882,173,1040,6.011560693641618,0.009181969949916527,0.005843071786310518,0.005008347245409015,0.0008347245409015025,0.47933551607535824,0.26874798259246396,0.0,1.0,0.4442327303955773,0.30602416030960655,0.0,1.0,0.5820406848800387,0.25935908989467304,0.0,1.0,0.32062154473726584,0.26841490283755143,0.0,1.0,17,0.20049916805324458,5.87936772046589,15
510,1203,1014,13.951142276795727,94.54031587697423,10,9,9,0,962,0.800332778702163,240,1043,0.867720465890183,0.9261954261954262,891,152,0.9261954261954262,0.6333333333333333,0.867720465890183,171,1025,5.994152046783626,0.008319467554076539,0.0074875207986688855,0.0074875207986688855,0.0,0.47907113935591134,0.2686412945778353,0.0,1.0,0.44496286166304666,0.30598287878992403,0.0,1.0,0.58155686053683,0.25946019879754156,0.0,1.0,0.32032821172874265,0.268051038045017,0.0,1.0,17,0.19950124688279303,5.8935993349958435,15
511,1203,1019,13.982588472185652,94.67497921862012,6,6,4,2,899,0.7472984206151289,304,1036,0.8611803823773898,0.9132369299221357,821,215,0.9132369299221357,0.7072368421052632,0.8611803823773898,182,1023,5.6208791208791204,0.004987531172069825,0.004987531172069825,0.0033250207813798837,0.0016625103906899418,0.4786421044163784,0.2687845820248495,0.0,1.0,0.4459818196444373,0.30558468397976296,0.0,1.0,0.5813959724345051,0.25924392676499436,0.0,1.0,0.3200600648915346,0.26814544284087627,0.0,1.0,17,0.200332502078138,5.901911886949294,15
512,1205,1017,13.902380518957168,93.81576763485477,13,11,10,1,946,0.7863674147963424,257,1045,0.8686616791354946,0.9112050739957717,862,183,0.9112050739957717,0.7120622568093385,0.8686616791354946,178,1021,5.735955056179775,0.010806317539484621,0.00914380714879468,0.00831255195344971,0.0008312551953449709,0.48014991299692145,0.2693121208183902,0.0,1.0,0.4463659483335564,0.30575319959854713,0.0,1.0,0.5829206264221657,0.25846409326080405,0.0,1.0,0.31765493240530046,0.26762491735529453,0.0,1.0,17,0.2,5.919502074688797,15
513,1204,1022,13.902636502651303,93.734219269103,7,8,7,1,908,0.7535269709543568,297,1033,0.8572614107883817,0.9174008810572687,833,200,0.9174008810572687,0.6734006734006734,0.8572614107883817,174,1012,5.816091954022989,0.005809128630705394,0.006639004149377593,0.005809128630705394,0.0008298755186721991,0.48022719965705707,0.26865885752892105,0.0,1.0,0.4457721573250456,0.30590897848308546,0.0,1.0,0.58227949844604,0.25837898377798213,0.0,1.0,0.31698103097202873,0.2676146575735062,0.0,1.0,17,0.2009966777408638,5.924418604651163,15
514,1202,1030,13.892799505737743,93.52079866888519,7,9,7,2,915,0.7599667774086378,289,1054,0.8754152823920266,0.9136612021857924,836,218,0.9136612021857924,0.754325259515571,0.8754152823920266,176,1038,5.8977272727272725,0.005813953488372093,0.007475083056478406,0.005813953488372093,0.0016611295681063123,0.4805431807203049,0.2689829828724662,0.0,1.0,0.4462723417959315,0.3058118773881999,0.0,1.0,0.5823627287853578,0.2584175037866288,0.0,1.0,0.3164886479523375,0.26694266630308505,0.0,1.0,17,0.20133111480865223,5.933444259567388,14
515,1203,1032,13.847020671508783,92.8262676641729,13,12,8,4,920,0.7653910149750416,282,1068,0.8885191347753744,0.9293478260869565,855,213,0.9293478260869565,0.7553191489361702,0.8885191347753744,182,1052,5.78021978021978,0.010815307820299502,0.009983361064891847,0.0066555740432612314,0.0033277870216306157,0.4783471428954496,0.26784538602017194,0.0,1.0,0.4467862601560615,0.306548013932357,0.0,1.0,0.5835947764996111,0.2589077036530887,0.0,1.0,0.3151261630869064,0.2661787075496215,0.0,1.0,17,0.20199501246882792,5.945968412302577,14
516,1192,1035,13.956190527110019,92.60486577181209,3,14,11,3,890,0.7398171238570241,313,1030,0.8561928512053201,0.9179775280898876,817,213,0.9179775280898876,0.6805111821086262,0.8561928512053201,182,1015,5.576923076923077,0.0024937655860349127,0.011637572734829594,0.00914380714879468,0.0024937655860349127,0.4783502922710543,0.2679997285972746,0.0,1.0,0.447824204373241,0.3069035833754067,0.0,1.0,0.5832972504871184,0.2586928493415014,0.0,1.0,0.31624810565057376,0.2664692462137437,0.0,1.0,17,0.19966442953020133,5.947986577181208,14
517,1190,1039,14.040131021900773,93.0873949579832,3,5,4,1,880,0.738255033557047,312,1052,0.8825503355704698,0.928409090909091,817,235,0.928409090909091,0.7532051282051282,0.8825503355704698,185,1041,5.627027027027027,0.0025167785234899327,0.0041946308724832215,0.003355704697986577,0.0008389261744966443,0.4787747357007319,0.2680376683915773,0.0,1.0,0.4472756844673353,0.3071911685052255,0.0,1.0,0.5832474925454052,0.25896470717164066,0.0,1.0,0.31537001897533207,0.2663953195589364,0.0,1.0,17,0.2008403361344538,5.951260504201681,14
518,1188,1051,14.06917066885024,93.19276094276094,4,6,5,1,906,0.761344537815126,284,1054,0.8857142857142857,0.9326710816777042,845,209,0.9326710816777042,0.7359154929577465,0.8857142857142857,175,1041,5.948571428571428,0.0033613445378151263,0.005042016806722689,0.004201680672268907,0.0008403361344537816,0.4791191484739871,0.2680197055633537,0.0,1.0,0.4479200608232866,0.3074808947842305,0.0,1.0,0.5827088085152601,0.2596500421152734,0.0,1.0,0.3152764201151298,0.26665485813543915,0.0,1.0,17,0.20117845117845118,5.953703703703703,14
519,1191,1052,14.026823119191954,92.75566750629723,10,7,7,0,921,0.7752525252525253,267,1051,0.8846801346801347,0.9272529858849077,854,197,0.9272529858849077,0.7378277153558053,0.8846801346801347,178,1030,5.786516853932584,0.008417508417508417,0.005892255892255892,0.005892255892255892,0.0,0.4775872809512201,0.26787376667296486,0.0,1.0,0.4474960049836137,0.3068744880648139,0.0,1.0,0.5829202892662713,0.25969474310392937,0.0,1.0,0.3160531946588662,0.2671739271162734,0.0,1.0,17,0.20067170445004198,5.963895885810244,14
520,1185,1061,14.055354832705314,92.41097046413502,4,10,10,0,892,0.7489504617968094,299,1034,0.8681780016792612,0.9237668161434978,824,210,0.9237668161434978,0.7023411371237458,0.8681780016792612,173,1016,5.872832369942197,0.0033585222502099076,0.008396305625524769,0.008396305625524769,0.0,0.4782632366952498,0.26793133854701623,0.0,1.0,0.4488090377024636,0.3077323780429811,0.0,1.0,0.5836668027766435,0.2600957938667172,0.0,1.0,0.31484959847556826,0.2670379706186878,0.0,1.0,17,0.2,5.978059071729958,14
521,1185,1065,14.098530098391844,92.33670886075949,7,7,7,0,895,0.7552742616033755,290,1034,0.8725738396624473,0.9217877094972067,825,209,0.9217877094972067,0.7206896551724138,0.8725738396624473,174,1012,5.816091954022989,0.00590717299578059,0.00590717299578059,0.00590717299578059,0.0,0.47733768885259287,0.26755286018570806,0.0,1.0,0.44921736763304754,0.30800251568485865,0.0,1.0,0.5836395807812713,0.26039472838102684,0.0,1.0,0.31484959847556826,0.26709057990951757,0.0,1.0,17,0.2008438818565401,5.984810126582278,14
522,1186,1071,14.086069125367473,92.03119730185497,11,10,6,4,868,0.7324894514767932,317,1021,0.8616033755274262,0.9043778801843319,785,236,0.9043778801843319,0.7444794952681388,0.8616033755274262,171,998,5.83625730994152,0.009282700421940928,0.008438818565400843,0.005063291139240506,0.0033755274261603376,0.47720720230647884,0.2667123707253489,0.0,1.0,0.44641788609040967,0.3076798941776458,0.0,1.0,0.5843442310830659,0.2594384979998756,0.0,1.0,0.3134417668498069,0.2658464811060791,0.0,1.0,17,0.20236087689713322,6.002529510961214,14
523,1180,1076,14.092153193445823,91.39491525423729,6,12,11,1,866,0.730185497470489,320,1023,0.8625632377740303,0.9214780600461894,798,225,0.9214780600461894,0.703125,0.8625632377740303,174,1002,5.758620689655173,0.00505902192242833,0.01011804384485666,0.00927487352445194,0.0008431703204047217,0.4770092946965555,0.2667444204992965,0.0,1.0,0.4456806998359759,0.308236427302382,0.0,1.0,0.5843083652269,0.25905833625486474,0.0,1.0,0.3117003827227994,0.26543227597384705,0.0,1.0,17,0.2059322033898305,6.016101694915254,14
524,1182,1082,14.0477032495754,90.76057529610829,12,10,8,2,897,0.7601694915254237,283,1008,0.8542372881355932,0.919732441471572,825,183,0.919732441471572,0.6466431095406361,0.8542372881355932,170,984,5.788235294117647,0.010169491525423728,0.00847457627118644,0.006779661016949152,0.001694915254237288,0.4771846514928224,0.2664701051579939,0.0,1.0,0.4457453195786256,0.308111003995028,0.0,1.0,0.5831286501828503,0.25964595485626163,0.0,1.0,0.31362916871349816,0.26657046152675135,0.0,1.0,17,0.20642978003384094,6.025380710659898,14
525,1181,1084,14.02109679505643,89.91617273497036,12,13,10,3,912,0.7715736040609137,270,1017,0.8604060913705583,0.9024122807017544,823,194,0.9024122807017544,0.7185185185185186,0.8604060913705583,173,992,5.734104046242774,0.01015228426395939,0.010998307952622674,0.008460236886632826,0.0025380710659898475,0.47821692933817705,0.2666233830627104,0.0,1.0,0.44702411843435036,0.3073829796781905,0.0,1.0,0.5816831007074377,0.26055985623344863,0.0,1.0,0.31408593045805905,0.26671983632179386,0.0,1.0,17,0.20321761219305673,6.030482641828958,14
526,1178,1086,14.077130889701822,89.66044142614601,9,12,7,5,860,0.7281964436917866,321,1007,0.8526672311600338,0.9162790697674419,788,219,0.9162790697674419,0.6822429906542056,0.8526672311600338,176,985,5.596590909090909,0.007620660457239628,0.010160880609652836,0.0059271803556308214,0.004233700254022015,0.47677857494934006,0.2661264269353,0.0,1.0,0.4465195246179966,0.3076600700977665,0.0,1.0,0.5808094638260584,0.2599742604410452,0.0,1.0,0.31496796100553154,0.2675603722234479,0.0,1.0,17,0.20458404074702885,6.031409168081494,14
527,1177,1089,14.14944096610226,90.06117247238743,6,7,4,3,898,0.7623089983022071,280,1040,0.8828522920203735,0.9387527839643652,843,197,0.9387527839643652,0.7035714285714286,0.8828522920203735,172,1015,5.901162790697675,0.0050933786078098476,0.005942275042444821,0.003395585738539898,0.0025466893039049238,0.47633403678022307,0.2661210345423194,0.0,1.0,0.4445967056759942,0.3080429584697339,0.0,1.0,0.5800147997917066,0.260476285013273,0.0,1.0,0.313810398224025,0.2679391094832281,0.0,1.0,17,0.20815632965165676,6.033135089209855,14
528,1178,1094,14.210079692233002,90.33701188455008,7,6,3,3,903,0.7672047578589635,274,1014,0.8615123194562447,0.9114064230343301,823,191,0.9114064230343301,0.6970802919708029,0.8615123194562447,169,988,5.846153846153846,0.00594732370433305,0.005097706032285472,0.002548853016142736,0.002548853016142736,0.47486171203242233,0.26553337405546423,0.0,1.0,0.4434525439509283,0.308488700411692,0.0,1.0,0.5800974861712033,0.26082181009707817,0.0,1.0,0.31406429705898464,0.26826678318311936,0.0,1.0,17,0.20882852292020374,6.034804753820034,14
529,1185,1108,14.195049403400839,90.60253164556963,9,2,1,1,875,0.7427843803056027,303,1004,0.8522920203735145,0.9131428571428571,799,205,0.9131428571428571,0.6765676567656765,0.8522920203735145,162,980,6.049382716049383,0.007640067911714771,0.001697792869269949,0.0008488964346349745,0.0008488964346349745,0.47491493126446166,0.2659270094270243,0.0,1.0,0.4430924186742889,0.3086303326545915,0.0,1.0,0.5799101674152715,0.2605575524016509,0.0,1.0,0.31520348441540763,0.26829298193674816,0.0,1.0,17,0.20928270042194091,6.040506329113924,14
530,1189,1118,14.07682161725983,89.87720773759462,13,9,8,1,884,0.7459915611814346,301,986,0.8320675105485232,0.8981900452488688,794,192,0.8981900452488688,0.6378737541528239,0.8320675105485232,169,965,5.710059171597633,0.010970464135021098,0.007594936708860759,0.006751054852320675,0.0008438818565400844,0.4755690604736971,0.26739365204687615,0.0,1.0,0.4419816055780135,0.3088465202783018,0.0,1.0,0.5797769879812258,0.26003267961563675,0.0,1.0,0.3155809978566972,0.26848259583819417,0.0,1.0,17,0.2094196804037006,6.0588730025231285,14
531,1192,1121,14.036082793458105,89.39345637583892,11,8,7,1,888,0.7468460891505467,301,1015,0.8536585365853658,0.9279279279279279,824,191,0.9279279279279279,0.6345514950166113,0.8536585365853658,174,992,5.7011494252873565,0.009251471825063078,0.00672834314550042,0.005887300252312868,0.0008410428931875525,0.47586057588222563,0.26714070380649474,0.0,1.0,0.4439272569820307,0.3093609909390559,0.0,1.0,0.5791838060186187,0.2602700487999138,0.0,1.0,0.31576098722667245,0.2694966018565287,0.0,1.0,17,0.20889261744966442,6.067114093959732,14
532,1199,1122,14.0282113882623,89.24937447873228,12,5,3,2,876,0.7348993288590604,316,1025,0.8598993288590604,0.906392694063927,794,231,0.906392694063927,0.7310126582278481,0.8598993288590604,178,1004,5.640449438202247,0.010067114093959731,0.0041946308724832215,0.0025167785234899327,0.0016778523489932886,0.475046409642444,0.2672409231196809,0.0,1.0,0.4445102101213377,0.30894233229731827,0.0,1.0,0.5788156797331109,0.2601681583400687,0.0,1.0,0.31639269283542737,0.26969712929649264,0.0,1.0,17,0.20600500417014178,6.065888240200167,14
533,1193,1128,14.011934950494409,88.63537300922046,6,12,11,1,885,0.7381150959132611,314,1022,0.8523769808173478,0.9141242937853107,809,213,0.9141242937853107,0.678343949044586,0.8523769808173478,174,1002,5.758620689655173,0.0050041701417848205,0.010008340283569641,0.009174311926605505,0.0008340283569641367,0.47459643620041636,0.26635151721014644,0.0,1.0,0.4450423167401239,0.3081450877873829,0.0,1.0,0.5785090446962118,0.2611618346553785,0.0,1.0,0.31592894032393265,0.2687004526841432,0.0,1.0,17,0.20452640402347025,6.0720871751886,14
534,1195,1127,14.03788671310347,88.5723849372385,10,8,4,4,893,0.7485331098072087,300,1059,0.8876781223805532,0.9204927211646137,822,237,0.9204927211646137,0.79,0.8876781223805532,182,1040,5.714285714285714,0.008382229673093043,0.006705783738474434,0.003352891869237217,0.003352891869237217,0.4759616682413281,0.26652542466997775,0.0,1.0,0.44548522067755436,0.308441486268688,0.0,1.0,0.5780537184505331,0.26108751723815127,0.0,1.0,0.3162909974355514,0.26829104558316946,0.0,1.0,17,0.20418410041841004,6.075313807531381,14
535,1197,1132,14.06279060026332,88.71512113617376,9,7,4,3,895,0.7489539748953975,300,1036,0.8669456066945607,0.9150837988826815,819,217,0.9150837988826815,0.7233333333333334,0.8669456066945607,173,1014,5.861271676300578,0.007531380753138075,0.005857740585774059,0.0033472803347280333,0.002510460251046025,0.4743848869485542,0.26693738049643606,0.0,1.0,0.445333764518824,0.30860901794622136,0.0,1.0,0.5779772010671841,0.2607735234839857,0.0,1.0,0.3156008300320694,0.26884624156265385,0.0,1.0,17,0.20551378446115287,6.083542188805347,13
536,1197,1138,14.099895049937391,89.03926482873851,7,7,3,4,917,0.7660818713450293,280,1019,0.8512949039264829,0.9247546346782988,848,171,0.9247546346782988,0.6107142857142858,0.8512949039264829,173,998,5.76878612716763,0.005847953216374269,0.005847953216374269,0.002506265664160401,0.003341687552213868,0.475786239793031,0.26835405494162473,0.0,1.0,0.44600749184789934,0.3092284143338733,0.0,1.0,0.5790821138868677,0.2596081076506073,0.0,1.0,0.3139569353491255,0.26809418945738156,0.0,1.0,17,0.20634920634920634,6.093567251461988,13
537,1201,1146,14.038206304791931,88.67277268942549,11,7,5,2,890,0.7435254803675856,307,1057,0.8830409356725146,0.9269662921348315,825,232,0.9269662921348315,0.755700325732899,0.8830409356725146,173,1038,6.0,0.009189640768588136,0.005847953216374269,0.004177109440267335,0.001670843776106934,0.47726357068034697,0.26984797103714553,0.0,1.0,0.44793317396793,0.3098217717033184,0.0,1.0,0.5784158362654777,0.2588678104062203,0.0,1.0,0.31377078241250567,0.2683456406326765,0.0,1.0,17,0.2073272273105745,6.106577851790175,13
538,1203,1155,14.029116956813409,88.83125519534497,6,4,4,0,938,0.7810158201498751,263,1047,0.8717735220649458,0.9147121535181236,858,189,0.9147121535181236,0.7186311787072244,0.8717735220649458,171,1027,6.005847953216374,0.004995836802664446,0.0033305578684429643,0.0033305578684429643,0.0,0.4774354436489422,0.26996422709959256,0.0,1.0,0.4470812216769903,0.3096142566804113,0.0,1.0,0.5786340600112622,0.2586743728934396,0.0,1.0,0.31367817016598293,0.2679707409868569,0.0,1.0,17,0.20698254364089774,6.117206982543641,13
539,1200,1167,14.004570835607561,88.51166666666667,8,11,8,3,938,0.7797173732335827,265,1038,0.8628428927680798,0.9104477611940298,854,184,0.9104477611940298,0.6943396226415094,0.8628428927680798,168,1018,6.059523809523809,0.006650041562759767,0.00914380714879468,0.006650041562759767,0.0024937655860349127,0.4797043010752688,0.2712635660649092,0.0,1.0,0.44965053763440865,0.30938404445577156,0.0,1.0,0.5785483870967741,0.2588210181938418,0.0,1.0,0.31379032258064515,0.26822067010257433,0.0,1.0,17,0.20416666666666666,6.1275,13
540,1203,1164,14.022653784311498,88.24438902743142,11,8,6,2,923,0.7691666666666667,277,1045,0.8708333333333333,0.9219934994582882,851,194,0.9219934994582882,0.7003610108303249,0.8708333333333333,184,1026,5.576086956521739,0.009166666666666667,0.006666666666666667,0.005,0.0016666666666666668,0.47984876518381464,0.2715506802332681,0.0,1.0,0.45118386828627355,0.3084590145682455,0.0,1.0,0.5788753921647494,0.2594424289788362,0.0,1.0,0.3144557959938863,0.2678614656103155,0.0,1.0,17,0.20116375727348296,6.13383208645054,13
541,1205,1171,13.981942987855886,88.26058091286308,9,7,5,2,930,0.773067331670823,273,1059,0.8802992518703242,0.9354838709677419,870,189,0.9354838709677419,0.6923076923076923,0.8802992518703242,179,1045,5.837988826815643,0.007481296758104738,0.005818786367414797,0.004156275976724855,0.0016625103906899418,0.48012314281889973,0.2711731163622204,0.0,1.0,0.45038147503680903,0.3081110891911294,0.0,1.0,0.5772721188595904,0.26029159637762006,0.0,1.0,0.3142015794405033,0.2674696570933814,0.0,1.0,17,0.2,6.1377593360995855,13
542,1216,1179,13.850712555273871,87.89884868421052,14,3,3,0,911,0.7560165975103734,294,1069,0.8871369294605809,0.9275521405049396,845,224,0.9275521405049396,0.7619047619047619,0.8871369294605809,172,1049,6.098837209302325,0.011618257261410789,0.0024896265560165973,0.0024896265560165973,0.0,0.4786184210526316,0.27067514398153025,0.0,1.0,0.4497294142614601,0.3091772586793551,0.0,1.0,0.578204584040747,0.260380365646894,0.0,1.0,0.3122612478777589,0.26695824151318415,0.0,1.0,17,0.203125,6.150493421052632,13
543,1210,1190,13.799764665635669,87.52644628099173,6,12,11,1,937,0.7705592105263158,279,1092,0.8980263157894737,0.9381003201707577,879,213,0.9381003201707577,0.7634408602150538,0.8980263157894737,169,1072,6.34319526627219,0.004934210526315789,0.009868421052631578,0.009046052631578948,0.0008223684210526315,0.47768595041322315,0.27114528300807517,0.0,1.0,0.4488669688083178,0.30941158754836867,0.0,1.0,0.5790989069581445,0.25944581645589393,0.0,1.0,0.31162356704878696,0.2675531575974977,0.0,1.0,17,0.2049586776859504,6.163636363636364,13
544,1212,1196,13.772824818015206,87.27227722772277,11,9,5,4,919,0.759504132231405,291,1053,0.8702479338842976,0.9140369967355821,840,213,0.9140369967355821,0.7319587628865979,0.8702479338842976,172,1031,5.994186046511628,0.00909090909090909,0.00743801652892562,0.004132231404958678,0.003305785123966942,0.47591291387203233,0.27082594019254186,0.0,1.0,0.4479665708506335,0.3088801357664877,0.0,1.0,0.5800862344298946,0.25880309933478945,0.0,1.0,0.3107633343979559,0.2672936917164302,0.0,1.0,17,0.20544554455445543,6.170792079207921,13
545,1214,1197,13.708851359904516,86.83196046128501,10,8,7,1,937,0.773102310231023,275,1046,0.863036303630363,0.9188900747065102,861,185,0.9188900747065102,0.6727272727272727,0.863036303630363,172,1019,5.924418604651163,0.00825082508250825,0.006600660066006601,0.005775577557755775,0.0008250825082508251,0.476085454642079,0.27090517126256086,0.0,1.0,0.4471754264760589,0.30869573678614826,0.0,1.0,0.5804325875538077,0.25836982272583137,0.0,1.0,0.30974650581920604,0.2672362342159238,0.0,1.0,17,0.20675453047775946,6.177924217462932,11
546,1216,1203,13.73552467744673,87.33305921052632,6,4,2,2,933,0.7685337726523888,281,1053,0.8673805601317958,0.932475884244373,870,183,0.932475884244373,0.6512455516014235,0.8673805601317958,173,1032,5.965317919075145,0.004942339373970346,0.0032948929159802307,0.0016474464579901153,0.0016474464579901153,0.47588603565365023,0.2707490069177419,0.0,1.0,0.4478989813242784,0.3084027245678882,0.0,1.0,0.5806982173174873,0.2582733342973025,0.0,1.0,0.30918399830220716,0.26679265200210195,0.0,1.0,17,0.20641447368421054,6.183388157894737,11
547,1227,1208,13.698449884087387,87.51426242868786,13,2,0,2,881,0.7245065789473685,335,1046,0.8601973684210527,0.9114642451759364,803,243,0.9114642451759364,0.7253731343283583,0.8601973684210527,172,1023,5.9476744186046515,0.01069078947368421,0.001644736842105263,0.0,0.001644736842105263,0.4766411651812709,0.27094621744690206,0.0,1.0,0.44782711570313116,0.30947850885197586,0.0,1.0,0.580776612245971,0.25816797953754606,0.0,1.0,0.30948812997870495,0.266455770525444,0.0,1.0,17,0.20700896495517523,6.192339038304809,11
548,1232,1211,13.710294066157923,88.03977272727273,6,1,0,1,1008,0.8215158924205379,219,1063,0.8663406682966586,0.9216269841269841,929,134,0.9216269841269841,0.6118721461187214,0.8663406682966586,174,1040,5.977011494252873,0.004889975550122249,0.0008149959250203749,0.0,0.0008149959250203749,0.47651340594888975,0.2706886009942207,0.0,1.0,0.4472402597402597,0.3094417366263235,0.0,1.0,0.5811688311688312,0.25774631376709717,0.0,1.0,0.3099863845831588,0.2665384603994248,0.0,1.0,17,0.2077922077922078,6.201298701298701,11
549,1230,1211,13.706146718927187,87.58455284552845,8,10,8,2,924,0.75,308,1076,0.8733766233766234,0.9058441558441559,837,239,0.9058441558441559,0.775974025974026,0.8733766233766234,178,1054,5.921348314606742,0.006493506493506494,0.008116883116883116,0.006493506493506494,0.0016233766233766235,0.4772095462890113,0.27111873075194776,0.0,1.0,0.4471806976134277,0.30990268993481224,0.0,1.0,0.582166273275636,0.2571996802909758,0.0,1.0,0.3102806189352216,0.266870744645427,0.0,1.0,17,0.2097560975609756,6.213008130081301,11
550,1229,1212,13.768846516922087,87.97721724979658,3,4,4,0,930,0.7560975609756098,300,1093,0.8886178861788618,0.9204301075268817,856,237,0.9204301075268817,0.79,0.8886178861788618,180,1074,5.966666666666667,0.0024390243902439024,0.0032520325203252032,0.0032520325203252032,0.0,0.4772303735006168,0.2708250275348753,0.0,1.0,0.44783327646394916,0.31048905171446367,0.0,1.0,0.5828761909761411,0.2569747872428692,0.0,1.0,0.30901073518989997,0.26586277031131916,0.0,1.0,17,0.20992676973148902,6.215622457282343,11
551,1225,1219,13.848698591702833,88.55428571428571,4,8,4,4,917,0.7461350691619203,312,1079,0.8779495524816925,0.9214830970556162,845,234,0.9214830970556162,0.75,0.8779495524816925,173,1059,6.121387283236994,0.0032546786004882017,0.006509357200976403,0.0032546786004882017,0.0032546786004882017,0.47857801184990123,0.2705379512442234,0.0,1.0,0.44874259381171827,0.3105529936472542,0.0,1.0,0.5822251481237657,0.25701409197685676,0.0,1.0,0.30912442396313367,0.2656614521066698,0.0,1.0,17,0.2089795918367347,6.211428571428572,11
552,1228,1227,13.821864267158139,88.35749185667753,10,7,5,2,908,0.7412244897959184,317,1059,0.8644897959183674,0.9041850220264317,821,238,0.9041850220264317,0.750788643533123,0.8644897959183674,167,1034,6.191616766467066,0.00816326530612245,0.005714285714285714,0.004081632653061225,0.0016326530612244899,0.4787485552169801,0.26996572885896053,0.0,1.0,0.4502731953346643,0.31116297041148894,0.0,1.0,0.5823263633497952,0.2570720521611939,0.0,1.0,0.30968267311127456,0.2656955308003615,0.0,1.0,17,0.20846905537459284,6.223941368078176,11
553,1234,1231,13.776133264000267,88.44570502431118,11,5,3,2,957,0.7793159609120521,271,1085,0.8835504885993485,0.9320794148380356,892,193,0.9320794148380356,0.7121771217712177,0.8835504885993485,178,1067,5.99438202247191,0.008957654723127036,0.004071661237785016,0.0024429967426710096,0.0016286644951140066,0.47929628274167413,0.26997496297387114,0.0,1.0,0.4510639410257751,0.3111324577823181,0.0,1.0,0.5833899722904794,0.25772129375742436,0.0,1.0,0.30835991007476343,0.26534373145076234,0.0,1.0,17,0.20745542949756887,6.230145867098866,11
554,1234,1242,13.744193115322314,88.58752025931929,7,7,4,3,954,0.773095623987034,280,1089,0.8824959481361426,0.9329140461215933,890,199,0.9329140461215933,0.7107142857142857,0.8824959481361426,176,1076,6.113636363636363,0.005672609400324149,0.005672609400324149,0.0032414910858995136,0.0024311183144246355,0.4804464892560255,0.2706595584184454,0.0,1.0,0.45213572436869354,0.31121786529280754,0.0,1.0,0.5840173576619438,0.2578316160761243,0.0,1.0,0.30668688241752495,0.2648701900448301,0.0,1.0,17,0.206645056726094,6.240680713128039,11
555,1242,1251,13.688748744574749,88.67230273752013,11,3,2,1,920,0.7455429497568882,314,1071,0.8679092382495948,0.9108695652173913,838,233,0.9108695652173913,0.7420382165605095,0.8679092382495948,175,1055,6.0285714285714285,0.008914100486223663,0.0024311183144246355,0.0016207455429497568,0.0008103727714748784,0.4796114487559087,0.27065654755506297,0.0,1.0,0.4520024933769674,0.31121316722577397,0.0,1.0,0.5841514726507714,0.25790916264201963,0.0,1.0,0.3075684380032206,0.26521983055870163,0.0,1.0,17,0.20611916264090177,6.247987117552335,11
556,1237,1255,13.676437996126444,88.37995149555375,7,12,10,2,936,0.7536231884057971,306,1100,0.8856682769726248,0.9391025641025641,879,221,0.9391025641025641,0.7222222222222222,0.8856682769726248,177,1081,6.107344632768362,0.005636070853462158,0.00966183574879227,0.008051529790660225,0.001610305958132045,0.4807938039481576,0.2712594431922364,0.0,1.0,0.4514303596109213,0.3108582251401311,0.0,1.0,0.5836440921062925,0.2574743375537819,0.0,1.0,0.3067254283255535,0.26440047297858826,0.0,1.0,17,0.20695230396119643,6.257073565076799,11
557,1241,1262,13.623177219035359,88.27639000805802,9,5,5,0,964,0.7793047696038804,273,1105,0.8932902182700081,0.9429460580912863,909,196,0.9429460580912863,0.717948717948718,0.8932902182700081,172,1084,6.3023255813953485,0.007275666936135812,0.004042037186742118,0.004042037186742118,0.0,0.48038782459514956,0.27126244049207116,0.0,1.0,0.4509110758753347,0.310237200941557,0.0,1.0,0.5844142340984118,0.2581133437758327,0.0,1.0,0.30688050739518075,0.26394681212607485,0.0,1.0,17,0.2062852538275584,6.272360999194198,11
558,1245,1266,13.591677367864508,88.51887550200803,7,3,3,0,971,0.782433521353747,270,1104,0.8896051571313457,0.9299691040164778,903,201,0.9299691040164778,0.7444444444444445,0.8896051571313457,178,1086,6.101123595505618,0.0056406124093473006,0.0024174053182917004,0.0024174053182917004,0.0,0.48052856587640885,0.27122430579296003,0.0,1.0,0.4511983417541132,0.31007471488933486,0.0,1.0,0.584453944811504,0.258290552927787,0.0,1.0,0.30584272574167637,0.2633904466607542,0.0,1.0,17,0.20722891566265061,6.2835341365461845,11
559,1246,1277,13.602227733540978,88.64044943820225,7,6,4,2,945,0.7590361445783133,300,1088,0.8738955823293173,0.9185185185185185,868,220,0.9185185185185185,0.7333333333333333,0.8738955823293173,177,1076,6.0790960451977405,0.005622489959839358,0.004819277108433735,0.00321285140562249,0.001606425702811245,0.4804794697871899,0.271047042697593,0.0,1.0,0.4515093460363486,0.3103436583909572,0.0,1.0,0.5857194635737586,0.2587354203966793,0.0,1.0,0.3053642624139181,0.2632137921945204,0.0,1.0,17,0.20626003210272872,6.299357945425361,11
560,1254,1285,13.460984961237846,88.34051036682615,14,6,5,1,961,0.7712680577849117,285,1089,0.8739967897271268,0.9198751300728408,884,205,0.9198751300728408,0.7192982456140351,0.8739967897271268,174,1071,6.155172413793103,0.011235955056179775,0.004815409309791332,0.0040128410914927765,0.0008025682182985554,0.47988372691258935,0.2708292882236897,0.0,1.0,0.45019807583474813,0.3095379788545854,0.0,1.0,0.584992540001029,0.2590213266511626,0.0,1.0,0.3055512681998251,0.26304633949328676,0.0,1.0,17,0.20494417862838915,6.310207336523126,11
561,1254,1290,13.502210618533455,88.95295055821371,4,4,2,2,981,0.7822966507177034,273,1117,0.8907496012759171,0.9398572884811417,922,195,0.9398572884811417,0.7142857142857143,0.8907496012759171,178,1100,6.179775280898877,0.003189792663476874,0.003189792663476874,0.001594896331738437,0.001594896331738437,0.4807840716159901,0.2708548334783193,0.0,1.0,0.4490147656531358,0.3093023503586243,0.0,1.0,0.5851468848073262,0.2591339966576949,0.0,1.0,0.30508823378093325,0.26320203194015385,0.0,1.0,17,0.20494417862838915,6.313397129186603,11
562,1249,1303,13.499902510632023,89.00320256204964,5,10,8,2,949,0.7567783094098883,305,1102,0.8787878787878788,0.9241306638566913,877,225,0.9241306638566913,0.7377049180327869,0.8787878787878788,172,1087,6.319767441860465,0.003987240829346092,0.007974481658692184,0.006379585326953748,0.001594896331738437,0.48164983599783057,0.27091644944973947,0.0,1.0,0.4508897440533071,0.3091247806284013,0.0,1.0,0.5865337431235311,0.25900931723873133,0.0,1.0,0.3051989979080038,0.2626506391971638,0.0,1.0,17,0.20176140912730184,6.312249799839872,11
563,1251,1307,13.50354103045322,89.52917665867307,7,5,2,3,989,0.7918334667734187,260,1101,0.8815052041633307,0.9261880687563195,916,185,0.9261880687563195,0.7115384615384616,0.8815052041633307,174,1079,6.2011494252873565,0.005604483586869495,0.0040032025620496394,0.0016012810248198558,0.0024019215372297837,0.48013202341352723,0.27042328821122513,0.0,1.0,0.44949846574353425,0.3086556695833953,0.0,1.0,0.587401046904412,0.2590924973988371,0.0,1.0,0.30496892808333975,0.2627537831443912,0.0,1.0,17,0.20223820943245405,6.321342925659472,11
564,1250,1313,13.533635770070978,89.9936,5,6,3,3,989,0.7905675459632294,262,1098,0.8776978417266187,0.9251769464105156,915,183,0.9251769464105156,0.6984732824427481,0.8776978417266187,171,1075,6.286549707602339,0.003996802557953637,0.004796163069544364,0.002398081534772182,0.002398081534772182,0.47963870967741934,0.2704364733511854,0.0,1.0,0.4498580645161291,0.30901043872059314,0.0,1.0,0.5867096774193549,0.25949092882719504,0.0,1.0,0.3045935483870968,0.26254236512599666,0.0,1.0,17,0.2024,6.324,11
565,1251,1324,13.502541028861216,90.19744204636291,6,5,5,0,955,0.764,295,1114,0.8912,0.9329842931937172,891,223,0.9329842931937172,0.7559322033898305,0.8912,176,1101,6.255681818181818,0.0048,0.004,0.004,0.0,0.4798225935380728,0.27037884229117404,0.0,1.0,0.45083932853717024,0.3091331833582506,0.0,1.0,0.586730615507594,0.2597535665653796,0.0,1.0,0.3046337123849308,0.2631249686430787,0.0,1.0,17,0.20223820943245405,6.335731414868105,12
566,1253,1326,13.499923037526418,90.2585794094174,7,5,4,1,957,0.7649880095923262,294,1094,0.8745003996802558,0.9153605015673981,876,218,0.9153605015673981,0.7414965986394558,0.8745003996802558,177,1073,6.062146892655368,0.005595523581135092,0.003996802557953637,0.0031974420463629096,0.0007993605115907274,0.47988054475709907,0.2706275548001425,0.0,1.0,0.45102077594418555,0.30872137678004036,0.0,1.0,0.5864119661200216,0.2591370551722772,0.0,1.0,0.3053574646654481,0.26347186164603026,0.0,1.0,17,0.20031923383878691,6.340782122905028,12
567,1253,1333,13.505658154806245,90.44134078212291,7,7,4,3,950,0.7581803671189146,303,1090,0.8699122106943336,0.9178947368421052,872,218,0.9178947368421052,0.7194719471947195,0.8699122106943336,171,1068,6.245614035087719,0.00558659217877095,0.00558659217877095,0.0031923383878691143,0.0023942537909018356,0.47977756609942585,0.2704049793127096,0.0,1.0,0.4513039672527869,0.3082439386638512,0.0,1.0,0.5857940941739824,0.2593134515256197,0.0,1.0,0.30607831526916046,0.26388960679144974,0.0,1.0,17,0.19952114924181963,6.343974461292897,12
568,1245,1336,13.572151714802427,90.63935742971887,3,11,9,2,964,0.7693535514764565,289,1108,0.8842777334397446,0.9294605809128631,896,212,0.9294605809128631,0.7335640138408305,0.8842777334397446,179,1090,6.089385474860335,0.0023942537909018356,0.008778930566640064,0.007182761372705506,0.0015961691939345571,0.48045083560046636,0.2707468066087745,0.0,1.0,0.4517683637776915,0.3072343541116847,0.0,1.0,0.5848166860992356,0.2596887928631546,0.0,1.0,0.30607591656950384,0.26341626741469804,0.0,1.0,17,0.19759036144578312,6.346987951807229,12
569,1240,1344,13.628638802342127,91.25564516129032,1,6,4,2,970,0.7791164658634538,275,1081,0.8682730923694779,0.9226804123711341,895,186,0.9226804123711341,0.6763636363636364,0.8682730923694779,174,1063,6.109195402298851,0.0008032128514056225,0.004819277108433735,0.00321285140562249,0.001606425702811245,0.4804890738813735,0.2709584059013998,0.0,1.0,0.452315296566077,0.3073244758727973,0.0,1.0,0.5844693028095733,0.2596781842581155,0.0,1.0,0.3060613943808533,0.2631742736704437,0.0,1.0,17,0.1975806451612903,6.348387096774194,12
570,1239,1348,13.665866115431538,91.50040355125101,4,5,5,0,947,0.7637096774193548,293,1089,0.8782258064516129,0.9155227032734953,867,222,0.9155227032734953,0.757679180887372,0.8782258064516129,174,1067,6.132183908045977,0.0032258064516129032,0.004032258064516129,0.004032258064516129,0.0,0.48059048660470205,0.2713600779987285,0.0,1.0,0.4530969304069359,0.3077433072930341,0.0,1.0,0.583092504360957,0.25940652588116037,0.0,1.0,0.3068551641542347,0.2636816685413698,0.0,1.0,17,0.1977401129943503,6.351896690879742,12
571,1240,1358,13.595423585263193,91.13870967741936,10,9,8,1,888,0.7167070217917676,351,1054,0.8506860371267151,0.9144144144144144,812,242,0.9144144144144144,0.6894586894586895,0.8506860371267151,171,1035,6.052631578947368,0.008071025020177562,0.007263922518159807,0.00645682001614205,0.0008071025020177562,0.48194588969823104,0.2717149153540896,0.0,1.0,0.45166493236212285,0.30751499164555496,0.0,1.0,0.5803329864724246,0.25925499970378707,0.0,1.0,0.30639958376690946,0.26302783761528603,0.0,1.0,17,0.2,6.361290322580645,12
572,1236,1358,13.6224295257339,91.04692556634305,6,10,8,2,927,0.7475806451612903,313,1057,0.8524193548387097,0.9072276159654801,841,216,0.9072276159654801,0.6900958466453674,0.8524193548387097,174,1031,5.925287356321839,0.004838709677419355,0.008064516129032258,0.0064516129032258064,0.0016129032258064516,0.48376657271113893,0.27265244134928557,0.0,1.0,0.4520304833489926,0.30841617433376656,0.0,1.0,0.5790270383129763,0.2588509944582624,0.0,1.0,0.3069474892995093,0.2634510458766703,0.0,1.0,17,0.19983818770226539,6.366504854368932,12
573,1234,1365,13.639458387985888,91.3063209076175,4,6,5,1,944,0.7637540453074434,292,1060,0.8576051779935275,0.9110169491525424,860,200,0.9110169491525424,0.684931506849315,0.8576051779935275,174,1041,5.982758620689655,0.003236245954692557,0.0048543689320388345,0.0040453074433656954,0.0008090614886731392,0.483165159199038,0.272087888240198,0.0,1.0,0.4516390442829508,0.3085911493447017,0.0,1.0,0.5797040832331259,0.25833387312102585,0.0,1.0,0.3062686255032154,0.26321592310719755,0.0,1.0,17,0.2025931928687196,6.376823338735819,12
574,1237,1372,13.598324158788186,91.42441390460792,7,4,4,0,957,0.7755267423014587,277,1058,0.8573743922204214,0.8975966562173459,859,199,0.8975966562173459,0.7184115523465704,0.8573743922204214,172,1037,6.02906976744186,0.005672609400324149,0.0032414910858995136,0.0032414910858995136,0.0,0.4837666571048582,0.27252677877210346,0.0,1.0,0.45270816491511723,0.30832256523167706,0.0,1.0,0.5797063655566277,0.2585480519408207,0.0,1.0,0.3058909432289358,0.2629740000284608,0.0,1.0,17,0.2029102667744543,6.387227162489895,12
575,1242,1375,13.554052734920262,91.40579710144928,9,4,4,0,973,0.7865804365400162,264,1078,0.8714632174616006,0.9157245632065776,891,187,0.9157245632065776,0.7083333333333334,0.8714632174616006,167,1048,6.275449101796407,0.007275666936135812,0.0032336297493936943,0.0032336297493936943,0.0,0.482468443197756,0.27246343120180755,0.0,1.0,0.45262583761882497,0.30787444950096554,0.0,1.0,0.5802555711391616,0.25892475648767743,0.0,1.0,0.3056724326009038,0.26272634553568874,0.0,1.0,17,0.20209339774557167,6.3953301127214175,12
576,1239,1378,13.55389623265764,91.41727199354318,6,9,7,2,955,0.7689210950080515,287,1089,0.8768115942028986,0.9267015706806283,885,204,0.9267015706806283,0.710801393728223,0.8768115942028986,173,1065,6.15606936416185,0.004830917874396135,0.007246376811594203,0.005636070853462158,0.001610305958132045,0.4814496602358822,0.2724147093937951,0.0,1.0,0.45161290322580644,0.3075025384143937,0.0,1.0,0.5795256320133302,0.2587137873496915,0.0,1.0,0.305813741570986,0.262247186415037,0.0,1.0,17,0.2050040355125101,6.401129943502825,12
577,1242,1387,13.533699205649015,91.70692431561997,6,3,3,0,958,0.7732041969330105,281,1070,0.8635996771589992,0.9081419624217119,870,200,0.9081419624217119,0.7117437722419929,0.8635996771589992,174,1053,6.051724137931035,0.004842615012106538,0.002421307506053269,0.002421307506053269,0.0,0.4818710716326425,0.27227975121905296,0.0,1.0,0.45239208352812843,0.30769683141805815,0.0,1.0,0.5797361176042802,0.2585348644855657,0.0,1.0,0.3061918861357852,0.2618361398300371,0.0,1.0,17,0.2037037037037037,6.404991948470209,12
578,1249,1391,13.511307990723674,92.13050440352282,9,2,0,2,992,0.7987117552334944,250,1103,0.8880837359098228,0.9324596774193549,925,178,0.9324596774193549,0.712,0.8880837359098228,176,1083,6.153409090909091,0.007246376811594203,0.001610305958132045,0.0,0.001610305958132045,0.4816756631111341,0.27214856640093926,0.0,1.0,0.4519744828120561,0.3076449394883091,0.0,1.0,0.5795345954182701,0.25814443804855286,0.0,1.0,0.3059996384204137,0.26170946146035384,0.0,1.0,17,0.20416333066453163,6.405924739791834,12
579,1248,1395,13.498231742887198,92.23397435897436,6,7,6,1,972,0.77822257806245,277,1078,0.8630904723779024,0.9135802469135802,888,190,0.9135802469135802,0.6859205776173285,0.8630904723779024,169,1051,6.218934911242603,0.004803843074459567,0.005604483586869495,0.004803843074459567,0.0008006405124099279,0.48213916459884204,0.2722088607959732,0.0,1.0,0.45238833746898266,0.30726036957044267,0.0,1.0,0.5792235318444996,0.2585528621662921,0.0,1.0,0.30606389578163773,0.26129437476999473,0.0,1.0,17,0.20192307692307693,6.415064102564102,12
580,1243,1409,13.476237686860376,92.3716814159292,4,9,7,2,1001,0.8020833333333334,247,1110,0.8894230769230769,0.9300699300699301,931,179,0.9300699300699301,0.7246963562753036,0.8894230769230769,171,1095,6.4035087719298245,0.003205128205128205,0.007211538461538462,0.005608974358974359,0.0016025641025641025,0.4829886071678821,0.27276449144831344,0.0,1.0,0.45239145667350067,0.3069927432843932,0.0,1.0,0.5799185114058081,0.2585787723590504,0.0,1.0,0.30633482988607164,0.261446473141216,0.0,1.0,17,0.2003218020917136,6.416733708769107,12
581,1238,1414,13.519541083290182,92.57350565428109,5,10,6,4,938,0.7546259050683829,305,1098,0.8833467417538214,0.9264392324093816,869,229,0.9264392324093816,0.7508196721311475,0.8833467417538214,181,1084,5.988950276243094,0.004022526146419952,0.008045052292839904,0.004827031375703942,0.003218020917135961,0.48191672312262235,0.27276584830511785,0.0,1.0,0.4516129032258065,0.30666068004768576,0.0,1.0,0.5806972744801709,0.2582956596317215,0.0,1.0,0.3053311793214863,0.2605797588711174,0.0,1.0,17,0.20113085621970922,6.429725363489499,12
582,1234,1427,13.564489659630643,92.99837925445705,4,8,5,3,919,0.7423263327948304,319,1076,0.8691437802907916,0.9227421109902068,848,228,0.9227421109902068,0.7147335423197492,0.8691437802907916,170,1059,6.229411764705882,0.0032310177705977385,0.006462035541195477,0.004038772213247173,0.0024232633279483036,0.4825116327704292,0.2728112134754393,0.0,1.0,0.45247555811157003,0.3062391328385004,0.0,1.0,0.5806190202331782,0.25836333014709956,0.0,1.0,0.30574580436032833,0.2604744308615489,0.0,1.0,17,0.1993517017828201,6.429497568881685,12
583,1229,1431,13.583164327895586,92.84947111472742,6,11,9,2,994,0.8055105348460292,240,1117,0.9051863857374393,0.9436619718309859,938,179,0.9436619718309859,0.7458333333333333,0.9051863857374393,174,1095,6.293103448275862,0.004862236628849271,0.008914100486223663,0.007293354943273906,0.0016207455429497568,0.483267277356361,0.27340084177624424,0.0,1.0,0.45392267513583034,0.30558068672438854,0.0,1.0,0.5808551405548702,0.25846111799392674,0.0,1.0,0.30583479881361714,0.2608299565538294,0.0,1.0,17,0.19609438567941415,6.441822620016273,12
584,1231,1432,13.55712574589627,92.48090982940698,11,9,6,3,914,0.7436940602115542,315,1109,0.9023596419853539,0.9409190371991247,860,249,0.9409190371991247,0.7904761904761904,0.9023596419853539,169,1079,6.384615384615385,0.008950366151342554,0.007323026851098454,0.004882017900732303,0.0024410089503661514,0.48156494850763865,0.27324229806218553,0.0,1.0,0.4517963365739891,0.30639259160150784,0.0,1.0,0.5822698566599408,0.2582918689688206,0.0,1.0,0.30452556274730747,0.26021964017980753,0.0,1.0,16,0.1990251827782291,6.45085296506905,12
585,1232,1439,13.603720813749288,92.93100649350649,5,4,3,1,910,0.7392363931762794,321,1099,0.892770105605199,0.9362637362637363,852,247,0.9362637362637363,0.7694704049844237,0.892770105605199,167,1073,6.425149700598802,0.004061738424045491,0.003249390739236393,0.002437043054427295,0.0008123476848090983,0.48154063678257225,0.2732161950806802,0.0,1.0,0.4512725178047759,0.30630117636991955,0.0,1.0,0.5818234185169668,0.2585408719020197,0.0,1.0,0.30464495182237117,0.26010877251011955,0.0,1.0,16,0.19967532467532467,6.453733766233766,12
586,1231,1445,13.635186411903295,93.13160032493907,5,6,5,1,935,0.7589285714285714,297,1098,0.8912337662337663,0.9358288770053476,875,223,0.9358288770053476,0.7508417508417509,0.8912337662337663,179,1083,6.050279329608938,0.004058441558441558,0.00487012987012987,0.004058441558441558,0.0008116883116883117,0.481669767563743,0.27301413750470555,0.0,1.0,0.45032886978852754,0.30632097438109646,0.0,1.0,0.5821388328398103,0.2587781998187292,0.0,1.0,0.30455176751133356,0.2595856092973007,0.0,1.0,16,0.19821283509341997,6.45978878960195,12
587,1237,1447,13.619570700704196,93.29183508488278,10,4,2,2,957,0.7774167343623071,274,1091,0.8862713241267263,0.928944618599791,889,202,0.928944618599791,0.7372262773722628,0.8862713241267263,169,1062,6.284023668639053,0.008123476848090982,0.003249390739236393,0.0016246953696181965,0.0016246953696181965,0.48204553159308416,0.27345130747505736,0.0,1.0,0.45041333089941843,0.3061152178076742,0.0,1.0,0.5817665006389027,0.2592832223826797,0.0,1.0,0.30518684642866456,0.26004104678691475,0.0,1.0,16,0.19725141471301536,6.4680679062247375,12
588,1241,1456,13.560497513932075,93.01531023368251,10,6,6,0,914,0.7388843977364592,323,1104,0.8924818108326596,0.9310722100656456,851,253,0.9310722100656456,0.7832817337461301,0.8924818108326596,178,1091,6.129213483146067,0.008084074373484237,0.004850444624090542,0.004850444624090542,0.0,0.4822073769852616,0.27314637559604305,0.0,1.0,0.4519508200982558,0.30532581931658187,0.0,1.0,0.5831665410309064,0.25883572835683105,0.0,1.0,0.30477502534376544,0.25961443803124035,0.0,1.0,16,0.19661563255439163,6.4858984689766315,12
589,1245,1457,13.581948236032114,93.28995983935744,7,3,3,0,920,0.741337630942788,321,1081,0.871071716357776,0.9282608695652174,854,227,0.9282608695652174,0.7071651090342679,0.871071716357776,176,1058,6.011363636363637,0.0056406124093473006,0.0024174053182917004,0.0024174053182917004,0.0,0.482886384246664,0.27369255368052403,0.0,1.0,0.45184609405363385,0.30509540274688707,0.0,1.0,0.5821997668091722,0.25844819973659916,0.0,1.0,0.30449540095867345,0.25949962328108644,0.0,1.0,16,0.19598393574297188,6.487550200803213,12
590,1243,1463,13.619222013906793,93.55430410297667,5,7,5,2,959,0.770281124497992,286,1103,0.8859437751004016,0.9332638164754953,895,208,0.9332638164754953,0.7272727272727273,0.8859437751004016,180,1089,6.05,0.004016064257028112,0.005622489959839358,0.004016064257028112,0.001606425702811245,0.4831183660758311,0.2738660144085177,0.0,1.0,0.4511457711571899,0.3044385037105546,0.0,1.0,0.5821503646225313,0.2590993667939439,0.0,1.0,0.30449225339319547,0.2596301161015085,0.0,1.0,16,0.19629927594529364,6.49396621078037,12
591,1249,1457,13.636929380801963,93.76941553242594,8,2,2,0,968,0.7787610619469026,275,1111,0.8938053097345132,0.9411157024793388,911,200,0.9411157024793388,0.7272727272727273,0.8938053097345132,184,1089,5.918478260869565,0.006436041834271922,0.0016090104585679806,0.0016090104585679806,0.0,0.4833544254758646,0.2739251640960968,0.0,1.0,0.45150959477259234,0.3045887602070204,0.0,1.0,0.5827888116945169,0.2590207438169685,0.0,1.0,0.3042692218290762,0.25964246333539714,0.0,1.0,16,0.1953562850280224,6.499599679743795,12
592,1250,1464,13.63361496346528,94.0592,8,7,3,4,961,0.7694155324259407,288,1112,0.8903122497998399,0.9344432882414152,898,214,0.9344432882414152,0.7430555555555556,0.8903122497998399,175,1094,6.251428571428572,0.006405124099279423,0.005604483586869495,0.0024019215372297837,0.0032025620496397116,0.48268387096774196,0.2747846489311974,0.0,1.0,0.4517935483870968,0.30468142151438277,0.0,1.0,0.5820645161290323,0.2596188353070745,0.0,1.0,0.30433548387096776,0.2596966465332264,0.0,1.0,16,0.1952,6.4992,12
593,1245,1469,13.66603422800929,94.13333333333334,5,10,7,3,983,0.7864,267,1098,0.8784,0.9216683621566633,906,192,0.9216683621566633,0.7191011235955056,0.8784,181,1084,5.988950276243094,0.004,0.008,0.0056,0.0024,0.48343049617826145,0.2753547846060944,0.0,1.0,0.45179427386967225,0.304184563720607,0.0,1.0,0.5821220365332297,0.2600332829534384,0.0,1.0,0.30356263764736363,0.25924923077486334,0.0,1.0,16,0.19598393574297188,6.510843373493976,12
594,1249,1478,13.612531383976911,94.17373899119295,10,6,3,3,954,0.7662650602409639,291,1099,0.8827309236947791,0.9381551362683438,895,204,0.9381551362683438,0.7010309278350515,0.8827309236947791,172,1080,6.27906976744186,0.008032128514056224,0.004819277108433735,0.0024096385542168677,0.0024096385542168677,0.48252795785015107,0.2748181343195375,0.0,1.0,0.44967586972804047,0.30443624327728,0.0,1.0,0.5827888116945169,0.2598139974577543,0.0,1.0,0.3018414731785428,0.2591256686201788,0.0,1.0,16,0.1977582065652522,6.5204163330664535,12
595,1252,1487,13.588942581209116,94.49121405750799,6,3,3,0,988,0.7910328262610088,261,1105,0.8847077662129704,0.9240890688259109,913,192,0.9240890688259109,0.735632183908046,0.8847077662129704,172,1086,6.313953488372093,0.004803843074459567,0.0024019215372297837,0.0024019215372297837,0.0,0.48224775842522927,0.2754015950056421,0.0,1.0,0.4489590848191281,0.3043308839674142,0.0,1.0,0.5824229619705246,0.25956291854128993,0.0,1.0,0.3019942285890962,0.25915256664823355,0.0,1.0,16,0.1988817891373802,6.527156549520766,12
596,1253,1499,13.543134631854132,94.59616919393456,7,6,5,1,944,0.7539936102236422,308,1052,0.8402555910543131,0.8813559322033898,832,220,0.8813559322033898,0.7142857142857143,0.8402555910543131,172,1036,6.023255813953488,0.005591054313099041,0.004792332268370607,0.003993610223642172,0.0007987220447284345,0.48286692582962176,0.2761530394874573,0.0,1.0,0.44751950158329684,0.30331582221393444,0.0,1.0,0.5838374996781917,0.2596009674768335,0.0,1.0,0.3003115104394614,0.2576391423054499,0.0,1.0,16,0.19952114924181963,6.545889864325619,12
597,1250,1507,13.63608491138926,95.2832,1,4,3,1,931,0.7430167597765364,322,1088,0.8683160415003991,0.9108485499462943,848,240,0.9108485499462943,0.7453416149068323,0.8683160415003991,180,1076,5.977777777777778,0.0007980845969672786,0.0031923383878691143,0.0023942537909018356,0.0007980845969672786,0.4827612903225807,0.2759865788710775,0.0,1.0,0.44748387096774195,0.30347487368712633,0.0,1.0,0.5840774193548387,0.2596224727281394,0.0,1.0,0.30067096774193547,0.2577455435170774,0.0,1.0,16,0.1992,6.544,12
598,1249,1508,13.625614575769488,95.07526020816654,9,10,7,3,920,0.736,330,1083,0.8664,0.9163043478260869,843,240,0.9163043478260869,0.7272727272727273,0.8664,179,1063,5.93854748603352,0.0072,0.008,0.0056,0.0024,0.48108163950515254,0.2751950440003496,0.0,1.0,0.4466282703582221,0.30265313596793125,0.0,1.0,0.5832795268472842,0.26031085102477525,0.0,1.0,0.30127327668586484,0.257954830978921,0.0,1.0,16,0.1977582065652522,6.546036829463571,12
599,1250,1513,13.600923917720763,94.9816,7,6,6,0,953,0.7630104083266613,296,1079,0.8638911128903123,0.9150052465897167,872,207,0.9150052465897167,0.6993243243243243,0.8638911128903123,172,1056,6.1395348837209305,0.005604483586869495,0.004803843074459567,0.004803843074459567,0.0,0.4805419354838709,0.27476250223178983,0.0,1.0,0.44647741935483876,0.30241390164545795,0.0,1.0,0.582967741935484,0.2600752632601446,0.0,1.0,0.3012387096774194,0.2575670314539256,0.0,1.0,16,0.1976,6.552,12
600,1249,1520,13.542676490755031,94.59247397918335,8,9,9,0,928,0.7424,322,1067,0.8536,0.9245689655172413,858,209,0.9245689655172413,0.6490683229813664,0.8536,175,1049,5.994285714285715,0.0064,0.0072,0.0072,0.0,0.4818306257909553,0.27552988838275744,0.0,1.0,0.44533691469304476,0.3018076078603826,0.0,1.0,0.582840465921124,0.2607034923504109,0.0,1.0,0.3009116970996152,0.2570284030178313,0.0,1.0,16,0.19855884707766214,6.56204963971177,12
601,1256,1527,13.472117562191572,94.40286624203821,11,4,4,0,943,0.755004003202562,306,1081,0.8654923939151321,0.9183457051961824,866,215,0.9183457051961824,0.7026143790849673,0.8654923939151321,169,1057,6.254437869822485,0.008807045636509208,0.0032025620496397116,0.0032025620496397116,0.0,0.4812769673310047,0.2752834882691167,0.0,1.0,0.4452177933018287,0.3025138694119819,0.0,1.0,0.5824686665296898,0.26057405889424395,0.0,1.0,0.3015718101499897,0.2571402861868291,0.0,1.0,16,0.1998407643312102,6.574044585987261,12
602,1255,1532,13.552705218118385,95.09003984063744,3,4,2,2,953,0.7587579617834395,303,1071,0.8527070063694268,0.8992654774396642,857,214,0.8992654774396642,0.7062706270627063,0.8527070063694268,175,1051,6.005714285714285,0.0023885350318471337,0.0031847133757961785,0.0015923566878980893,0.0015923566878980893,0.48081223493124275,0.27538838126004556,0.0,1.0,0.4457010667009382,0.303069970381584,0.0,1.0,0.5835753759156921,0.2603956603221512,0.0,1.0,0.30181210641305745,0.2571339565428423,0.0,1.0,16,0.200796812749004,6.574501992031872,12
603,1252,1540,13.595606180842426,95.3314696485623,5,8,5,3,910,0.7250996015936255,345,1053,0.8390438247011952,0.9032967032967033,822,231,0.9032967032967033,0.6695652173913044,0.8390438247011952,172,1033,6.005813953488372,0.00398406374501992,0.006374501992031873,0.00398406374501992,0.002390438247011952,0.4785118004740802,0.2748814416885051,0.0,1.0,0.44712975368442753,0.30287351982973193,0.0,1.0,0.5829897969700093,0.2601469394822867,0.0,1.0,0.3023291765433371,0.25754313364059495,0.0,1.0,16,0.20047923322683706,6.571086261980831,12
604,1249,1551,13.636150429592773,95.63410728582866,3,6,5,1,953,0.7611821086261981,299,1087,0.8682108626198083,0.912906610703043,870,217,0.912906610703043,0.725752508361204,0.8682108626198083,178,1076,6.044943820224719,0.0023961661341853034,0.004792332268370607,0.003993610223642172,0.0007987220447284345,0.47818900281515536,0.2748718091301668,0.0,1.0,0.44660244324491855,0.30271464044170726,0.0,1.0,0.5836152793202304,0.26019359142997134,0.0,1.0,0.3022030527647925,0.2574416287368626,0.0,1.0,16,0.20096076861489193,6.576461168935148,12
605,1244,1562,13.67051434421732,96.06109324758843,3,8,6,2,940,0.7526020816653323,309,1057,0.8462770216172938,0.898936170212766,845,212,0.898936170212766,0.686084142394822,0.8462770216172938,168,1036,6.166666666666667,0.0024019215372297837,0.006405124099279423,0.004803843074459567,0.0016012810248198558,0.4785810600560108,0.27511870776353775,0.0,1.0,0.44691940670054975,0.3024148287058829,0.0,1.0,0.5848719012550566,0.2596376860915711,0.0,1.0,0.30155066901773675,0.25713627883437407,0.0,1.0,16,0.20016077170418006,6.582797427652733,12
606,1245,1569,13.692154378126169,96.6136546184739,4,3,2,1,1002,0.8054662379421221,242,1109,0.8914790996784566,0.9341317365269461,936,173,0.9341317365269461,0.7148760330578512,0.8914790996784566,178,1094,6.146067415730337,0.003215434083601286,0.002411575562700965,0.001607717041800643,0.0008038585209003215,0.4783002979660578,0.27521072310618366,0.0,1.0,0.44754501878481673,0.30268645420330725,0.0,1.0,0.5854126182147947,0.25957712942215594,0.0,1.0,0.3016452908407825,0.2570514043581803,0.0,1.0,16,0.20080321285140562,6.583132530120482,12
607,1247,1572,13.675466815693184,96.54450681635926,10,8,5,3,956,0.7678714859437751,289,1105,0.8875502008032129,0.9309623430962343,890,215,0.9309623430962343,0.7439446366782007,0.8875502008032129,183,1091,5.961748633879782,0.008032128514056224,0.00642570281124498,0.004016064257028112,0.0024096385542168677,0.478309232480534,0.2752023626327145,0.0,1.0,0.4496210259461417,0.30131725925936653,0.0,1.0,0.5854567090048374,0.25994326182416827,0.0,1.0,0.30289468918953877,0.2569864381094769,0.0,1.0,16,0.19647153167602247,6.589414595028067,12
608,1244,1575,13.710292378061743,96.77572347266882,6,9,6,3,955,0.7658380112269446,292,1074,0.8612670408981555,0.912041884816754,871,203,0.912041884816754,0.6952054794520548,0.8612670408981555,180,1057,5.872222222222222,0.0048115477145148355,0.007217321571772253,0.0048115477145148355,0.0024057738572574178,0.4758064516129032,0.27499509133188627,0.0,1.0,0.44839746914220524,0.3014076738865018,0.0,1.0,0.5865833419769734,0.2596041821308882,0.0,1.0,0.3045586557411057,0.25834104479169456,0.0,1.0,16,0.1977491961414791,6.597266881028939,12
609,1240,1579,13.716777387045116,96.90161290322581,6,10,7,3,979,0.7869774919614148,265,1102,0.8858520900321544,0.9223697650663942,903,199,0.9223697650663942,0.7509433962264151,0.8858520900321544,179,1085,6.06145251396648,0.00482315112540193,0.008038585209003215,0.005627009646302251,0.002411575562700965,0.47541623309053066,0.27496649721979355,0.0,1.0,0.44638397502601457,0.3008782007876779,0.0,1.0,0.5850156087408949,0.2593866345706384,0.0,1.0,0.3052809573361082,0.25762574388602794,0.0,1.0,16,0.1975806451612903,6.606451612903226,12
610,1239,1583,13.736138981764283,96.97175141242938,6,7,6,1,960,0.7741935483870968,280,1094,0.882258064516129,0.9385416666666667,901,193,0.9385416666666667,0.6892857142857143,0.882258064516129,168,1066,6.345238095238095,0.004838709677419355,0.00564516129032258,0.004838709677419355,0.0008064516129032258,0.4758780494155016,0.27497225586833274,0.0,1.0,0.44726496394074305,0.30071495911584867,0.0,1.0,0.5836392512171626,0.260455748935204,0.0,1.0,0.3072977687521154,0.25845296322974204,0.0,1.0,16,0.19531880548829703,6.60774818401937,12
611,1234,1597,13.739696308504946,97.06726094003241,4,9,7,2,959,0.7740112994350282,280,1067,0.8611783696529459,0.908237747653806,871,196,0.908237747653806,0.7,0.8611783696529459,170,1051,6.182352941176471,0.003228410008071025,0.007263922518159807,0.005649717514124294,0.0016142050040355124,0.4760547916557746,0.27541492442947435,0.0,1.0,0.4480577194541747,0.30076968381945735,0.0,1.0,0.5834945365190568,0.26070978503869147,0.0,1.0,0.30768024258901033,0.2583563302250973,0.0,1.0,16,0.19611021069692058,6.613452188006483,12
612,1230,1600,13.758076627141161,97.13577235772358,6,10,8,2,925,0.7495948136142626,309,1101,0.8922204213938412,0.9297297297297298,860,241,0.9297297297297298,0.7799352750809061,0.8922204213938412,182,1086,5.967032967032967,0.004862236628849271,0.008103727714748784,0.006482982171799027,0.0016207455429497568,0.47621295567794386,0.27529772532956476,0.0,1.0,0.44794125360608444,0.3008439199201113,0.0,1.0,0.581825334382376,0.26119163833157144,0.0,1.0,0.3084710201940729,0.2588217968319729,0.0,1.0,16,0.19593495934959348,6.614634146341463,12
613,1229,1605,13.766467923187092,97.29943043124491,7,8,5,3,935,0.7601626016260162,295,1074,0.8731707317073171,0.9251336898395722,865,209,0.9251336898395722,0.7084745762711865,0.8731707317073171,175,1054,6.022857142857143,0.005691056910569106,0.0065040650406504065,0.0040650406504065045,0.0024390243902439024,0.47555053938423586,0.27581299443166474,0.0,1.0,0.44780702905588077,0.30063390031560444,0.0,1.0,0.5821937583663613,0.2610593042085934,0.0,1.0,0.3086170240688732,0.25894184049196184,0.0,1.0,16,0.1969080553295362,6.61920260374288,12
614,1223,1611,13.730213175387334,96.93622240392477,6,12,11,1,963,0.7835638730675346,266,1073,0.8730675345809601,0.9325025960539979,898,175,0.9325025960539979,0.6578947368421053,0.8730675345809601,174,1053,6.051724137931035,0.004882017900732303,0.009764035801464606,0.008950366151342554,0.0008136696501220504,0.47556247197531193,0.275845797186607,0.0,1.0,0.4476564766702714,0.3005784881332826,0.0,1.0,0.5815155751325403,0.26141904498783536,0.0,1.0,0.30780998602062615,0.25850525060398205,0.0,1.0,16,0.19705641864268192,6.629599345870809,12
615,1223,1622,13.655976901301369,96.36058871627147,9,9,9,0,953,0.7792313982011447,270,1087,0.8887980376124285,0.9286463798530955,885,202,0.9286463798530955,0.7481481481481481,0.8887980376124285,173,1071,6.190751445086705,0.007358953393295176,0.007358953393295176,0.007358953393295176,0.0,0.47574710521457025,0.2761919158882021,0.0,1.0,0.44802574314878807,0.3008999871591277,0.0,1.0,0.5828080078073484,0.26196915168355106,0.0,1.0,0.30778360984358927,0.25785616698037234,0.0,1.0,16,0.19705641864268192,6.651676206050695,12
616,1222,1631,13.670626692075547,96.74140752864157,6,7,4,3,937,0.7661488143908421,286,1081,0.883892068683565,0.9295624332977588,871,210,0.9295624332977588,0.7342657342657343,0.883892068683565,175,1065,6.085714285714285,0.004905968928863451,0.005723630417007359,0.003270645952575634,0.0024529844644317253,0.47518610421836227,0.27660058809105303,0.0,1.0,0.4489467293173539,0.30134790180207716,0.0,1.0,0.5834169262446544,0.2613889825427325,0.0,1.0,0.3071115569399715,0.25745828651443936,0.0,1.0,16,0.19803600654664485,6.658756137479542,12
617,1230,1640,13.57866087773789,96.40243902439025,13,5,4,1,910,0.7446808510638298,312,1025,0.8387888707037643,0.9164835164835164,834,191,0.9164835164835164,0.6121794871794872,0.8387888707037643,169,1003,5.93491124260355,0.010638297872340425,0.004091653027823241,0.0032733224222585926,0.0008183306055646482,0.4739575137686861,0.27620761678364614,0.0,1.0,0.44786257539994756,0.30175409797308833,0.0,1.0,0.584002098085497,0.2602690386573208,0.0,1.0,0.3063729346970889,0.2579029993550359,0.0,1.0,16,0.1991869918699187,6.678861788617886,12
618,1226,1645,13.612444519181947,96.54486133768353,5,9,7,2,956,0.7772357723577236,274,1102,0.8959349593495934,0.9320083682008368,891,211,0.9320083682008368,0.7700729927007299,0.8959349593495934,177,1084,6.124293785310734,0.0040650406504065045,0.007317073170731708,0.005691056910569106,0.0016260162601626016,0.47471451876019577,0.27609489053718045,0.0,1.0,0.4478766510550966,0.3020537835252079,0.0,1.0,0.5843551018260275,0.25970179953543243,0.0,1.0,0.3050834078829659,0.2578215033078011,0.0,1.0,16,0.199836867862969,6.691680261011419,12
619,1228,1654,13.640246050589697,96.98045602605863,5,3,1,2,968,0.7895595432300163,258,1084,0.8841761827079935,0.9276859504132231,898,186,0.9276859504132231,0.7209302325581395,0.8841761827079935,174,1067,6.132183908045977,0.004078303425774877,0.0024469820554649264,0.0008156606851549756,0.0016313213703099511,0.47470316276137436,0.2758616620192784,0.0,1.0,0.4497478196910791,0.3020565684318348,0.0,1.0,0.5838236839340127,0.2596996201956927,0.0,1.0,0.30618892508143325,0.25844991738543854,0.0,1.0,16,0.1978827361563518,6.693811074918567,12
620,1227,1653,13.73430095113704,97.2999185004075,6,7,3,4,923,0.751628664495114,305,1103,0.8982084690553745,0.9404117009750813,868,235,0.9404117009750813,0.7704918032786885,0.8982084690553745,183,1085,5.9289617486338795,0.004885993485342019,0.005700325732899023,0.0024429967426710096,0.003257328990228013,0.4738018245392644,0.2758013496739351,0.0,1.0,0.4499303309935064,0.30232520714038896,0.0,1.0,0.583484501932329,0.25974897496839905,0.0,1.0,0.30678024029234696,0.25949439334274566,0.0,1.0,16,0.19885900570497148,6.698451507742461,12
621,1225,1664,13.725896343389637,97.69061224489796,5,7,5,2,967,0.7881010594947025,260,1111,0.9054604726976365,0.9513960703205792,920,191,0.9513960703205792,0.7346153846153847,0.9054604726976365,167,1089,6.520958083832335,0.004074979625101874,0.0057049714751426246,0.004074979625101874,0.0016299918500407497,0.4745490454246215,0.27630976904614635,0.0,1.0,0.4515075707702436,0.3028627901938835,0.0,1.0,0.5820408163265306,0.2595688656994483,0.0,1.0,0.3067807768268598,0.2603456169384584,0.0,1.0,16,0.1983673469387755,6.702857142857143,12
622,1227,1671,13.738354657930637,97.97799511002445,8,6,3,3,935,0.763265306122449,290,1049,0.856326530612245,0.9101604278074866,851,198,0.9101604278074866,0.6827586206896552,0.856326530612245,173,1029,5.9479768786127165,0.006530612244897959,0.004897959183673469,0.0024489795918367346,0.0024489795918367346,0.4750374635223598,0.2764686349252212,0.0,1.0,0.4507716171096564,0.3023623783737409,0.0,1.0,0.5821962825669743,0.2595655321187498,0.0,1.0,0.3055971816915109,0.25973492753278704,0.0,1.0,16,0.19885900570497148,6.709046454767726,12
623,1229,1677,13.735091415915509,97.91619202603744,8,6,4,2,925,0.7538712306438468,302,1017,0.8288508557457213,0.9016216216216216,834,183,0.9016216216216216,0.6059602649006622,0.8288508557457213,172,995,5.784883720930233,0.006519967400162999,0.004889975550122249,0.0032599837000814994,0.0016299918500407497,0.4736869734113756,0.27636542223768956,0.0,1.0,0.4516653980419434,0.30273334688055836,0.0,1.0,0.5822462531824982,0.2596508442635622,0.0,1.0,0.3060185306700963,0.2598742100951059,0.0,1.0,16,0.19853539462978032,6.720097640358015,12
624,1231,1678,13.776878374452581,98.32818846466287,6,4,2,2,992,0.807160292921074,237,1109,0.9023596419853539,0.9405241935483871,933,176,0.9405241935483871,0.7426160337552743,0.9023596419853539,178,1088,6.112359550561798,0.004882017900732303,0.0032546786004882017,0.0016273393002441008,0.0016273393002441008,0.4735724954796782,0.27669132967051996,0.0,1.0,0.4514294698776238,0.30263394927430604,0.0,1.0,0.5822698566599408,0.2594771439695571,0.0,1.0,0.3052330913760122,0.25995740873256834,0.0,1.0,16,0.1990251827782291,6.727051177904143,12
625,1238,1681,13.759395555914235,98.53715670436188,9,2,1,1,945,0.7676685621445979,286,1087,0.8830219333874898,0.9386243386243386,887,200,0.9386243386243386,0.6993006993006993,0.8830219333874898,174,1064,6.114942528735632,0.007311129163281885,0.0016246953696181965,0.0008123476848090983,0.0008123476848090983,0.47235395278545,0.2770733041565984,0.0,1.0,0.4520037521496691,0.3024474592256589,0.0,1.0,0.5819219344416071,0.25983527366417924,0.0,1.0,0.30454948147376104,0.2593400837051283,0.0,1.0,16,0.20113085621970922,6.735056542810986,12
626,1233,1686,13.84719111574829,98.82806163828062,4,9,6,3,928,0.7495961227786753,310,1100,0.8885298869143781,0.9321120689655172,865,235,0.9321120689655172,0.7580645161290323,0.8885298869143781,176,1081,6.142045454545454,0.0032310177705977385,0.007269789983844911,0.004846526655896607,0.0024232633279483036,0.47235957407843443,0.2773315826856932,0.0,1.0,0.45292101614211344,0.3024986430172236,0.0,1.0,0.5819009496899773,0.25985066440446586,0.0,1.0,0.3045025246579285,0.25983380320192667,0.0,1.0,16,0.19951338199513383,6.738037307380373,12
627,1234,1691,13.800442340259806,98.61588330632091,8,7,6,1,963,0.781021897810219,270,1083,0.878345498783455,0.9190031152647975,885,198,0.9190031152647975,0.7333333333333333,0.878345498783455,171,1059,6.192982456140351,0.006488240064882401,0.0056772100567721,0.004866180048661801,0.0008110300081103001,0.4726303131698646,0.27775279045131607,0.0,1.0,0.45271082762586917,0.3029062868592656,0.0,1.0,0.5824227531761385,0.2597877531258354,0.0,1.0,0.30339310921733675,0.25981559216111155,0.0,1.0,16,0.20178282009724474,6.756888168557537,12
628,1233,1695,13.715945728622346,97.97810218978103,10,11,10,1,960,0.7779578606158833,274,1107,0.8970826580226904,0.946875,909,198,0.946875,0.7226277372262774,0.8970826580226904,171,1082,6.3274853801169595,0.008103727714748784,0.008914100486223663,0.008103727714748784,0.0008103727714748784,0.47126075922873656,0.2780193705260405,0.0,1.0,0.4544907516416817,0.30315664466955927,0.0,1.0,0.581299217748476,0.2600233280051593,0.0,1.0,0.303848468199775,0.25980533607988265,0.0,1.0,16,0.20113544201135442,6.766423357664234,12
629,1226,1703,13.8048173769567,98.30831973898859,3,10,8,2,911,0.7388483373884833,322,1046,0.8483373884833739,0.8957189901207464,816,230,0.8957189901207464,0.7142857142857143,0.8483373884833739,174,1028,5.908045977011494,0.0024330900243309003,0.008110300081103,0.006488240064882401,0.0016220600162206002,0.47218860179971583,0.27860732694518353,0.0,1.0,0.45521759722149135,0.3032486615343619,0.0,1.0,0.5820659895805925,0.25953316625164996,0.0,1.0,0.3038204494027259,0.25981217577957205,0.0,1.0,16,0.199836867862969,6.774061990212072,12
630,1224,1710,13.875875515860933,98.73774509803921,3,5,4,1,964,0.7862969004893964,262,1080,0.8809135399673735,0.9304979253112033,897,183,0.9304979253112033,0.6984732824427481,0.8809135399673735,183,1070,5.8469945355191255,0.0024469820554649264,0.004078303425774877,0.0032626427406199023,0.0008156606851549756,0.4705355260383723,0.2778660742518217,0.0,1.0,0.4546173308032891,0.3039968797808164,0.0,1.0,0.58191018342821,0.2596149753551618,0.0,1.0,0.3041851149061775,0.2598569248413531,0.0,1.0,16,0.20179738562091504,6.782679738562091,12
631,1225,1710,13.887543086361411,98.77714285714286,8,7,6,1,938,0.7663398692810458,286,1092,0.8921568627450981,0.9371002132196162,879,213,0.9371002132196162,0.7447552447552448,0.8921568627450981,171,1063,6.216374269005848,0.006535947712418301,0.005718954248366013,0.004901960784313725,0.0008169934640522876,0.4707570770243581,0.2779952498163035,0.0,1.0,0.45579986833443054,0.30310723165746994,0.0,1.0,0.5815668202764976,0.2598424599941277,0.0,1.0,0.3045161290322581,0.2592629185429874,0.0,1.0,16,0.1983673469387755,6.788571428571428,12
632,1227,1717,13.85468650116033,98.68133659331703,8,6,6,0,893,0.7289795918367347,332,1059,0.8644897959183674,0.9272116461366181,828,231,0.9272116461366181,0.6957831325301205,0.8644897959183674,173,1039,6.005780346820809,0.006530612244897959,0.004897959183673469,0.004897959183673469,0.0,0.4698320056786813,0.2771634868146797,0.0,1.0,0.4556615926597787,0.30328027197861396,0.0,1.0,0.5818545100822883,0.2597127012825261,0.0,1.0,0.3057023424560297,0.26029299145398216,0.0,1.0,16,0.19885900570497148,6.798696006519967,12
633,1223,1725,13.85881687879875,98.43499591169255,9,13,8,5,925,0.7538712306438468,302,1043,0.850040749796251,0.9005405405405406,833,210,0.9005405405405406,0.695364238410596,0.850040749796251,170,1021,6.0058823529411764,0.007334963325183374,0.010594947025264874,0.006519967400162999,0.004074979625101874,0.4708147601086698,0.2775536146529645,0.0,1.0,0.4554902012502308,0.30285104880304986,0.0,1.0,0.5806715374673594,0.2601022716454152,0.0,1.0,0.3060955345132277,0.26072730259976984,0.0,1.0,16,0.19787408013082583,6.804578904333606,12
634,1230,1723,13.793115561729342,98.02926829268293,16,9,3,6,972,0.794766966475879,251,1053,0.8609975470155355,0.9146090534979424,889,164,0.9146090534979424,0.6533864541832669,0.8609975470155355,180,1031,5.727777777777778,0.013082583810302535,0.007358953393295176,0.0024529844644317253,0.004905968928863451,0.4703120902176764,0.275946927553693,0.0,1.0,0.45284552845528453,0.30237701994447813,0.0,1.0,0.5819564647259375,0.2602743820928604,0.0,1.0,0.3047731445056386,0.2595032180668486,0.0,1.0,16,0.1975609756097561,6.819512195121951,12
635,1230,1731,13.80036228456163,98.40731707317073,4,4,4,0,972,0.7902439024390244,258,1069,0.8691056910569106,0.9176954732510288,892,177,0.9176954732510288,0.686046511627907,0.8691056910569106,178,1055,5.926966292134831,0.0032520325203252032,0.0032520325203252032,0.0032520325203252032,0.0,0.47025963808025173,0.2764925866716831,0.0,1.0,0.4526881720430108,0.3027299422108671,0.0,1.0,0.5825334382376082,0.2600464566088343,0.0,1.0,0.30409126671911885,0.2595696251617866,0.0,1.0,16,0.1983739837398374,6.83089430894309,12
636,1227,1738,13.830161655417719,98.519967400163,5,8,7,1,899,0.7308943089430894,331,1090,0.8861788617886179,0.9265850945494994,833,257,0.9265850945494994,0.7764350453172205,0.8861788617886179,172,1069,6.215116279069767,0.0040650406504065045,0.0065040650406504065,0.005691056910569106,0.0008130081300813008,0.46927991166495775,0.2767537214960695,0.0,1.0,0.454110471383127,0.30244437896207993,0.0,1.0,0.5810658043483976,0.2603022824271082,0.0,1.0,0.30578121302941874,0.25989214682748835,0.0,1.0,16,0.1980440097799511,6.832110839445803,12
637,1231,1749,13.7489840869182,98.32575142160844,11,7,5,2,935,0.7620211898940505,292,1062,0.8655256723716381,0.9144385026737968,855,207,0.9144385026737968,0.708904109589041,0.8655256723716381,168,1041,6.196428571428571,0.008964955175224124,0.0057049714751426246,0.004074979625101874,0.0016299918500407497,0.4705589476166767,0.2774949152899316,0.0,1.0,0.4524776604386678,0.3017068023543996,0.0,1.0,0.5816671470873405,0.26003506653326613,0.0,1.0,0.3052592961400382,0.25974933534933514,0.0,1.0,16,0.19821283509341997,6.84646628757108,12
638,1234,1751,13.756201006442573,98.5097244732577,8,5,3,2,933,0.7579203899268887,298,1064,0.8643379366368806,0.9303322615219721,868,196,0.9303322615219721,0.6577181208053692,0.8643379366368806,174,1040,5.977011494252873,0.006498781478472786,0.004061738424045491,0.002437043054427295,0.0016246953696181965,0.46975479688398597,0.2769950821891302,0.0,1.0,0.4510900820829194,0.3014958900020556,0.0,1.0,0.5825795995190045,0.2600072649048367,0.0,1.0,0.303785225074502,0.2592903469487495,0.0,1.0,16,0.1993517017828201,6.854132901134522,12
639,1234,1761,13.767454472334643,98.44651539708266,7,7,6,1,894,0.7244732576985413,340,1043,0.8452188006482982,0.9239373601789709,826,217,0.9239373601789709,0.638235294117647,0.8452188006482982,167,1020,6.107784431137724,0.005672609400324149,0.005672609400324149,0.004862236628849271,0.0008103727714748784,0.4700423485125738,0.27689845278294306,0.0,1.0,0.44978302922570185,0.30137049663021914,0.0,1.0,0.5817430856903854,0.25986615983012656,0.0,1.0,0.3048570084174204,0.2592210917456593,0.0,1.0,16,0.20016207455429497,6.860615883306321,12
640,1236,1768,13.791521372835964,98.6626213592233,8,6,3,3,910,0.7374392220421394,324,1058,0.8573743922204214,0.9274725274725275,844,214,0.9274725274725275,0.6604938271604939,0.8573743922204214,171,1036,6.058479532163743,0.006482982171799027,0.004862236628849271,0.0024311183144246355,0.0024311183144246355,0.46975153982670426,0.2766560435802659,0.0,1.0,0.451325816891116,0.301460308458756,0.0,1.0,0.5817413091136862,0.25949366255335105,0.0,1.0,0.30673869923791625,0.2595493451645716,0.0,1.0,16,0.19741100323624594,6.859223300970874,12
641,1237,1771,13.859691344141167,99.08084074373484,6,5,3,2,932,0.7540453074433657,304,1043,0.8438511326860841,0.9173819742489271,855,188,0.9173819742489271,0.618421052631579,0.8438511326860841,176,1022,5.806818181818182,0.0048543689320388345,0.0040453074433656954,0.0024271844660194173,0.0016181229773462784,0.4701801966255509,0.2767478956544122,0.0,1.0,0.4521866117297312,0.30174113932357577,0.0,1.0,0.5821576655279422,0.25951310730014554,0.0,1.0,0.3074295251258247,0.25949824885356704,0.0,1.0,16,0.1948261924009701,6.86176232821342,12
642,1243,1783,13.75544383134949,98.87691069991955,11,5,4,1,946,0.7647534357316087,291,1080,0.8730800323362975,0.904862579281184,856,224,0.904862579281184,0.7697594501718213,0.8730800323362975,168,1060,6.309523809523809,0.00889248181083266,0.004042037186742118,0.0032336297493936943,0.0008084074373484236,0.4709988840733917,0.2773617100054378,0.0,1.0,0.45283263696052733,0.3021523501949133,0.0,1.0,0.5812939558300677,0.25889767860420354,0.0,1.0,0.3064386370124309,0.2584806253259585,0.0,1.0,16,0.19469026548672566,6.874497184231697,12
643,1237,1794,13.756830815907877,98.78981406628941,4,10,10,0,921,0.7409493161705552,322,1095,0.8809332260659695,0.9272529858849077,854,241,0.9272529858849077,0.7484472049689441,0.8809332260659695,173,1079,6.236994219653179,0.003218020917135961,0.008045052292839904,0.008045052292839904,0.0,0.47080606044801415,0.27671127499334347,0.0,1.0,0.45244738832242415,0.30235880558416384,0.0,1.0,0.5806190836310533,0.25915908507219204,0.0,1.0,0.3068558166219,0.2586100314586437,0.0,1.0,16,0.19644300727566694,6.884397736459175,12
644,1240,1797,13.779871860238787,99.18629032258065,7,4,2,2,914,0.7388843977364592,323,1055,0.8528698464025869,0.9266958424507659,847,208,0.9266958424507659,0.6439628482972136,0.8528698464025869,171,1029,6.017543859649122,0.005658852061438965,0.0032336297493936943,0.0016168148746968471,0.0016168148746968471,0.47203433922996885,0.2765796349707988,0.0,1.0,0.4534079084287201,0.30252587161114763,0.0,1.0,0.5813475546305932,0.25992502478521634,0.0,1.0,0.3060613943808533,0.25809023439158724,0.0,1.0,16,0.19435483870967743,6.891935483870967,12
645,1237,1804,13.862980157085632,99.67744543249798,3,6,4,2,893,0.7201612903225807,347,1082,0.8725806451612903,0.9272116461366181,828,254,0.9272116461366181,0.7319884726224783,0.8725806451612903,171,1060,6.1988304093567255,0.0024193548387096775,0.004838709677419355,0.0032258064516129032,0.0016129032258064516,0.4716144678853626,0.2760314973773391,0.0,1.0,0.4517693691814223,0.30232096385007695,0.0,1.0,0.5812449474535166,0.2602176527470018,0.0,1.0,0.30609956450309017,0.25805001437163894,0.0,1.0,16,0.19563459983831852,6.8957154405820535,12
646,1235,1812,13.847273010247466,99.81295546558704,5,7,7,0,951,0.7687954729183508,286,1057,0.8544866612772838,0.9137749737118822,869,188,0.9137749737118822,0.6573426573426573,0.8544866612772838,169,1034,6.118343195266272,0.004042037186742118,0.005658852061438965,0.005658852061438965,0.0,0.4708893822645945,0.27602846565986267,0.0,1.0,0.4523964999347003,0.3023083763182803,0.0,1.0,0.5820556353663315,0.26033939031748066,0.0,1.0,0.3059422750424448,0.2585968815151314,0.0,1.0,16,0.19595141700404858,6.912550607287449,12
647,1235,1812,13.876220706782592,100.0582995951417,5,5,5,0,971,0.7862348178137651,264,1087,0.8801619433198381,0.9279093717816684,901,186,0.9279093717816684,0.7045454545454546,0.8801619433198381,169,1056,6.2485207100591715,0.004048582995951417,0.004048582995951417,0.004048582995951417,0.0,0.4714378999608202,0.27670459820176424,0.0,1.0,0.4529972574115189,0.3025277206131586,0.0,1.0,0.5826041530625571,0.26086770173254104,0.0,1.0,0.305158678333551,0.25880259802447314,0.0,1.0,16,0.19595141700404858,6.919838056680162,12
648,1231,1817,13.963259360030156,100.40779853777417,5,9,4,5,917,0.7425101214574898,318,1085,0.8785425101214575,0.9378407851690295,860,225,0.9378407851690295,0.7075471698113207,0.8785425101214575,177,1067,6.028248587570621,0.004048582995951417,0.0072874493927125505,0.0032388663967611335,0.004048582995951417,0.47210502869421656,0.2769992576101285,0.0,1.0,0.45360446529179005,0.30308938258588847,0.0,1.0,0.5833180472209847,0.2608558654537303,0.0,1.0,0.30578339142056027,0.2591027922586688,0.0,1.0,16,0.1941510966693745,6.920389926888708,12
649,1235,1826,13.901684307228365,100.38137651821863,9,5,3,2,962,0.7814784727863525,269,1093,0.8878960194963444,0.9407484407484408,905,188,0.9407484407484408,0.6988847583643123,0.8878960194963444,176,1078,6.125,0.007311129163281885,0.004061738424045491,0.002437043054427295,0.0016246953696181965,0.47185581820556355,0.2771277278302443,0.0,1.0,0.45242261982499676,0.30350024934941544,0.0,1.0,0.5819250359148491,0.260855767821729,0.0,1.0,0.30453180096643595,0.25886706817324606,0.0,1.0,16,0.19595141700404858,6.9303643724696355,12
650,1238,1829,13.889960231201792,100.32390953150242,10,7,5,2,893,0.7230769230769231,342,1071,0.8672064777327935,0.9137737961926092,816,255,0.9137737961926092,0.7456140350877193,0.8672064777327935,180,1054,5.855555555555555,0.008097165991902834,0.005668016194331984,0.004048582995951417,0.0016194331983805667,0.47086872687477194,0.2779390732949902,0.0,1.0,0.45189952576997244,0.3034602560240029,0.0,1.0,0.5834592735421334,0.26026760761779405,0.0,1.0,0.30499244358747196,0.2592781258268049,0.0,1.0,16,0.1962843295638126,6.938610662358643,12
651,1231,1835,13.934485030482092,100.3216896831844,5,12,9,3,934,0.7544426494345718,304,1066,0.8610662358642972,0.9154175588865097,855,211,0.9154175588865097,0.694078947368421,0.8610662358642972,177,1049,5.926553672316384,0.004038772213247173,0.009693053311793215,0.007269789983844911,0.0024232633279483036,0.469851418987972,0.27800944021377333,0.0,1.0,0.45137706034957154,0.3032227039587184,0.0,1.0,0.5838683472655328,0.26021208494289566,0.0,1.0,0.3036608055344462,0.2590070445412439,0.0,1.0,16,0.19740048740861088,6.943135662063363,12
652,1234,1843,13.960024926809128,100.8970826580227,7,4,1,3,934,0.7587327376116978,297,1074,0.8724614134849715,0.9207708779443254,860,214,0.9207708779443254,0.7205387205387206,0.8724614134849715,167,1049,6.281437125748503,0.005686433793663688,0.003249390739236393,0.0008123476848090983,0.002437043054427295,0.47006848956971814,0.2779256661366568,0.0,1.0,0.45216186542583786,0.30304276745770303,0.0,1.0,0.5848015893762744,0.2598401053496844,0.0,1.0,0.30341925027448113,0.25908460817494816,0.0,1.0,16,0.19773095623987033,6.950567260940033,13
653,1232,1851,13.899279838858426,100.67207792207792,10,12,9,3,956,0.7747163695299838,278,1080,0.8752025931928687,0.9309623430962343,890,190,0.9309623430962343,0.6834532374100719,0.8752025931928687,172,1060,6.162790697674419,0.008103727714748784,0.009724473257698542,0.007293354943273906,0.0024311183144246355,0.4702555509007122,0.278021225977023,0.0,1.0,0.4538385002094679,0.3023689185032574,0.0,1.0,0.586038961038961,0.2602019827419625,0.0,1.0,0.30312630917469624,0.25903297457046837,0.0,1.0,16,0.19480519480519481,6.964285714285714,13
654,1226,1856,14.013933272191284,101.22022838499184,4,10,5,5,957,0.7767857142857143,275,1084,0.8798701298701299,0.9393939393939394,899,185,0.9393939393939394,0.6727272727272727,0.8798701298701299,177,1066,6.022598870056497,0.003246753246753247,0.008116883116883116,0.004058441558441558,0.004058441558441558,0.47068883860443084,0.2787855852128882,0.0,1.0,0.45327053623112146,0.3021467927733643,0.0,1.0,0.5851181392411725,0.2606309972452095,0.0,1.0,0.3031363468925959,0.2587240141909516,0.0,1.0,16,0.19494290375203915,6.963295269168026,13
655,1227,1864,13.999810949322129,101.32273838630807,8,7,5,2,931,0.7593800978792822,295,1043,0.8507340946166395,0.9226638023630505,859,184,0.9226638023630505,0.6237288135593221,0.8507340946166395,178,1029,5.780898876404494,0.0065252854812398045,0.005709624796084829,0.004078303425774877,0.0016313213703099511,0.4716460288666299,0.2786696889745132,0.0,1.0,0.45426821252990507,0.3019659674751664,0.0,1.0,0.5846149801509056,0.260703729252543,0.0,1.0,0.30370428793017323,0.2588353927290883,0.0,1.0,16,0.19396903015484923,6.964140179299103,13
656,1222,1867,14.10767827586275,101.88625204582651,3,8,4,4,951,0.7750611246943765,276,1086,0.8850855745721271,0.9274447949526814,882,204,0.9274447949526814,0.7391304347826086,0.8850855745721271,181,1070,5.911602209944752,0.0024449877750611247,0.006519967400162999,0.0032599837000814994,0.0032599837000814994,0.4702497228235046,0.2778257585171481,0.0,1.0,0.45525579430864266,0.30203626999287303,0.0,1.0,0.5847896098410855,0.2605615901056405,0.0,1.0,0.30412860989388096,0.2594453233294105,0.0,1.0,16,0.19230769230769232,6.966448445171849,13
657,1219,1876,14.114983743648745,102.06070549630844,6,9,6,3,926,0.7577741407528642,296,1068,0.8739770867430442,0.9265658747300216,858,210,0.9265658747300216,0.7094594594594594,0.8739770867430442,181,1058,5.845303867403315,0.004909983633387889,0.007364975450081833,0.004909983633387889,0.0024549918166939444,0.470824843208341,0.2769764831192732,0.0,1.0,0.455820476858345,0.30179431416031127,0.0,1.0,0.5842705549233904,0.2606312112495775,0.0,1.0,0.3040038106327238,0.25919288583331496,0.0,1.0,16,0.1911402789171452,6.975389663658737,13
658,1222,1884,14.09636734111247,101.97299509001637,11,8,5,3,911,0.7473338802296965,308,1037,0.8506972928630024,0.9066959385290889,826,211,0.9066959385290889,0.685064935064935,0.8506972928630024,169,1014,6.0,0.009023789991796555,0.006562756357670222,0.004101722723543888,0.002461033634126333,0.47051370043820284,0.27736925274263047,0.0,1.0,0.4554669764004013,0.3016527957430839,0.0,1.0,0.583628108336413,0.2611389490622488,0.0,1.0,0.30542210020590255,0.2599225901728557,0.0,1.0,16,0.1890343698854337,6.981996726677577,13
659,1222,1887,14.148910798360552,102.38625204582651,6,6,3,3,944,0.7725040916530278,278,1066,0.8723404255319149,0.9279661016949152,876,190,0.9279661016949152,0.6834532374100719,0.8723404255319149,173,1042,6.023121387283237,0.004909983633387889,0.004909983633387889,0.0024549918166939444,0.0024549918166939444,0.47019692730056495,0.2770527704230579,0.0,1.0,0.45507100997835387,0.30132855088088123,0.0,1.0,0.5830209598226069,0.2610359190712018,0.0,1.0,0.30489414497650597,0.2598970286527367,0.0,1.0,16,0.190671031096563,6.986906710310966,13
660,1227,1887,14.147993599541218,102.30969845150774,9,4,4,0,889,0.7274959083469722,333,1104,0.9034369885433715,0.9448818897637795,840,264,0.9448818897637795,0.7927927927927928,0.9034369885433715,185,1089,5.886486486486486,0.007364975450081833,0.0032733224222585926,0.0032733224222585926,0.0,0.46906959013592026,0.27688348271978436,0.0,1.0,0.4562136866735021,0.3017571600516043,0.0,1.0,0.5834582117411994,0.2606504588265721,0.0,1.0,0.3058337934116781,0.25988575073470466,0.0,1.0,16,0.18989405052974734,6.995110024449878,13
661,1232,1893,14.145884231295744,102.15422077922078,10,5,3,2,883,0.7196414017929911,344,1063,0.8663406682966586,0.9229898074745186,815,248,0.9229898074745186,0.7209302325581395,0.8663406682966586,178,1047,5.882022471910112,0.008149959250203748,0.004074979625101874,0.0024449877750611247,0.0016299918500407497,0.46834415584415584,0.2763896665965144,0.0,1.0,0.45554042731462085,0.30131201683291853,0.0,1.0,0.5836824465856724,0.2608852277793066,0.0,1.0,0.306032677000419,0.25991980800495956,0.0,1.0,16,0.1875,7.004058441558442,13
662,1233,1901,14.126721217153337,102.20924574209246,7,6,5,1,985,0.799512987012987,247,1094,0.887987012987013,0.9350253807106599,921,173,0.9350253807106599,0.7004048582995951,0.887987012987013,179,1081,6.039106145251397,0.005681818181818182,0.00487012987012987,0.004058441558441558,0.0008116883116883117,0.468879993721058,0.27666393353877755,0.0,1.0,0.45765638489914445,0.30192582076971286,0.0,1.0,0.5830782513146534,0.2616015898230157,0.0,1.0,0.30774664469036966,0.26119523740424233,0.0,1.0,16,0.18572587185725872,7.003244120032441,13
663,1233,1909,14.088607039436198,102.12814274128142,7,7,7,0,923,0.748580697485807,310,1047,0.8491484184914841,0.9122426868905742,842,205,0.9122426868905742,0.6612903225806451,0.8491484184914841,173,1028,5.942196531791907,0.0056772100567721,0.0056772100567721,0.0056772100567721,0.0,0.4699003217957774,0.27755021121046664,0.0,1.0,0.4561651361745546,0.3017129226610601,0.0,1.0,0.5833660361562409,0.2618099791928933,0.0,1.0,0.306673992098998,0.26172770825697533,0.0,1.0,16,0.18653690186536903,7.014598540145985,13
664,1230,1913,14.037546221631898,101.66747967479675,9,12,11,1,948,0.7688564476885644,285,1075,0.8718572587185726,0.9251054852320675,877,198,0.9251054852320675,0.6947368421052632,0.8718572587185726,179,1058,5.910614525139665,0.0072992700729927005,0.009732360097323601,0.008921330089213302,0.0008110300081103001,0.4689221085759244,0.2772592894776144,0.0,1.0,0.4571466037241017,0.30218614708184294,0.0,1.0,0.5846052976658799,0.2610703237332542,0.0,1.0,0.30632048255966426,0.2620907395860338,0.0,1.0,16,0.1878048780487805,7.024390243902439,13
665,1228,1921,14.036417191950553,101.54723127035831,7,9,8,1,957,0.7780487804878049,273,1069,0.8691056910569106,0.928944618599791,889,180,0.928944618599791,0.6593406593406593,0.8691056910569106,175,1052,6.011428571428572,0.005691056910569106,0.007317073170731708,0.0065040650406504065,0.0008130081300813008,0.4678207418304088,0.2767405954374629,0.0,1.0,0.45618367132499743,0.30112719326445625,0.0,1.0,0.5852421981716928,0.260837492699856,0.0,1.0,0.3072134075864243,0.26181393334872266,0.0,1.0,16,0.18648208469055375,7.029315960912052,13
666,1219,1927,14.124621310285255,101.53568498769484,3,12,10,2,930,0.757328990228013,298,1082,0.8811074918566775,0.9290322580645162,864,218,0.9290322580645162,0.7315436241610739,0.8811074918566775,178,1066,5.98876404494382,0.0024429967426710096,0.009771986970684038,0.008143322475570033,0.0016286644951140066,0.4690518404826801,0.27695355819585366,0.0,1.0,0.45584693958559364,0.3012404568672533,0.0,1.0,0.5850115112863532,0.26080320936823054,0.0,1.0,0.30805260790177036,0.2617230991264945,0.0,1.0,16,0.184577522559475,7.03363412633306,13
667,1223,1940,14.038070277360692,101.25265739983647,11,7,5,2,924,0.7579983593109105,295,1020,0.8367514356029533,0.8939393939393939,826,194,0.8939393939393939,0.6576271186440678,0.8367514356029533,166,999,6.018072289156627,0.009023789991796555,0.005742411812961444,0.004101722723543888,0.0016406890894175555,0.46728035238572524,0.2767013918597376,0.0,1.0,0.45435602563764405,0.30071369895496913,0.0,1.0,0.5849708543243742,0.2605451557903217,0.0,1.0,0.3091551710495081,0.2626092696012026,0.0,1.0,16,0.1856091578086672,7.047424366312347,13
668,1219,1936,14.051720820229821,101.11977030352749,9,13,9,4,903,0.7383483237939493,320,1081,0.883892068683565,0.9313399778516057,841,240,0.9313399778516057,0.75,0.883892068683565,178,1055,5.926966292134831,0.007358953393295176,0.01062959934587081,0.007358953393295176,0.003270645952575634,0.46722591230252186,0.2771164036109443,0.0,1.0,0.45481489322289553,0.30042321798634797,0.0,1.0,0.5850379740136018,0.2603785521264267,0.0,1.0,0.307999682447273,0.26242047108667654,0.0,1.0,16,0.18539786710418377,7.058244462674323,13
669,1225,1938,14.001751774843212,100.61469387755102,13,7,6,1,890,0.7301066447908121,329,1062,0.8712059064807219,0.9235955056179775,822,240,0.9235955056179775,0.729483282674772,0.8712059064807219,179,1043,5.826815642458101,0.01066447908121411,0.005742411812961444,0.004922067268252666,0.0008203445447087777,0.46714944042132983,0.27674311187646716,0.0,1.0,0.45616853192890067,0.3007385674056056,0.0,1.0,0.5864384463462804,0.25933277854149367,0.0,1.0,0.30628044766293616,0.26193317405462385,0.0,1.0,16,0.1836734693877551,7.081632653061225,13
670,1232,1944,13.959622846141231,100.49918831168831,11,4,3,1,931,0.76,294,1060,0.8653061224489796,0.9151450053705693,852,208,0.9151450053705693,0.7074829931972789,0.8653061224489796,175,1041,5.948571428571428,0.008979591836734694,0.0032653061224489797,0.0024489795918367346,0.0008163265306122449,0.46630184331797236,0.2769757450320549,0.0,1.0,0.4555927943024717,0.30022454043783237,0.0,1.0,0.5860913280268119,0.259544358668395,0.0,1.0,0.3065563468789275,0.26251656146331903,0.0,1.0,16,0.18344155844155843,7.090909090909091,13
671,1236,1949,13.971542346757305,100.89644012944984,7,3,1,2,964,0.7824675324675324,268,1077,0.8741883116883117,0.9253112033195021,892,185,0.9253112033195021,0.6902985074626866,0.8741883116883117,176,1058,6.011363636363637,0.005681818181818182,0.002435064935064935,0.0008116883116883117,0.0016233766233766235,0.46596721996032986,0.2764902292104547,0.0,1.0,0.4567021609771375,0.29958802386802813,0.0,1.0,0.584820962522184,0.25990653025985905,0.0,1.0,0.30731287190729717,0.26223615498120284,0.0,1.0,16,0.18122977346278318,7.091423948220065,13
672,1233,1948,13.987633100818064,100.71208434712085,6,9,8,1,965,0.7807443365695793,271,1096,0.8867313915857605,0.9305699481865285,898,198,0.9305699481865285,0.7306273062730627,0.8867313915857605,180,1075,5.972222222222222,0.0048543689320388345,0.007281553398058253,0.006472491909385114,0.0008090614886731392,0.46697014886324983,0.2771102005298045,0.0,1.0,0.4563482719828375,0.29948511792463495,0.0,1.0,0.5842293906810035,0.26023953558465324,0.0,1.0,0.308374538890197,0.2626927618779302,0.0,1.0,16,0.18004866180048662,7.0940794809407945,13
673,1231,1959,13.955530689436385,100.21608448415923,10,12,10,2,885,0.7177615571776156,348,1020,0.8272506082725061,0.8949152542372881,792,228,0.8949152542372881,0.6551724137931034,0.8272506082725061,171,1002,5.859649122807017,0.008110300081103,0.009732360097323601,0.008110300081103,0.0016220600162206002,0.46542281386756107,0.2768163364726256,0.0,1.0,0.45659180839076546,0.30039630964568104,0.0,1.0,0.5844710568381332,0.2600690667092576,0.0,1.0,0.30759152013836116,0.2637572960075334,0.0,1.0,16,0.18196588139723802,7.104792851340374,13
674,1238,1956,13.868432249726503,99.58723747980613,14,7,6,1,947,0.7692932575142161,284,1085,0.8813972380178716,0.928194297782471,879,206,0.928194297782471,0.7253521126760564,0.8813972380178716,176,1058,6.011363636363637,0.011372867587327376,0.005686433793663688,0.00487408610885459,0.0008123476848090983,0.46412006878941064,0.275609811745376,0.0,1.0,0.4570066183751107,0.3014642374423466,0.0,1.0,0.5837198394913753,0.259983537961757,0.0,1.0,0.3062692167387566,0.2639058602804025,0.0,1.0,16,0.1841680129240711,7.1227786752827145,13
675,1231,1963,13.899993575031166,99.62875710804224,3,10,10,0,943,0.7617124394184168,295,1089,0.8796445880452343,0.943796394485684,890,199,0.943796394485684,0.6745762711864407,0.8796445880452343,178,1074,6.033707865168539,0.0024232633279483036,0.008077544426494346,0.008077544426494346,0.0,0.4655014281596394,0.27583500571953573,0.0,1.0,0.455674641649852,0.30091477647347564,0.0,1.0,0.5844972616021593,0.2595920664680636,0.0,1.0,0.30531170566809046,0.2628037178311349,0.0,1.0,16,0.18359057676685622,7.129975629569456,13
676,1226,1968,13.918376141506084,99.60277324632953,9,14,8,6,954,0.7749796913078798,277,1067,0.8667749796913079,0.9182389937106918,876,191,0.9182389937106918,0.6895306859205776,0.8667749796913079,166,1038,6.253012048192771,0.007311129163281885,0.011372867587327376,0.006498781478472786,0.00487408610885459,0.465663316318476,0.2754950668364537,0.0,1.0,0.45474398779140135,0.3006256062382785,0.0,1.0,0.5835657527758774,0.26010048816167136,0.0,1.0,0.3059253802031258,0.26245116279750974,0.0,1.0,16,0.1835236541598695,7.141924959216966,13
677,1223,1972,13.877891734730902,98.9926410466067,9,12,11,1,935,0.7626427406199021,291,1043,0.8507340946166395,0.906951871657754,848,195,0.906951871657754,0.6701030927835051,0.8507340946166395,176,1023,5.8125,0.00734094616639478,0.009787928221859706,0.00897226753670473,0.0008156606851549756,0.4656450294094374,0.27535603015723903,0.0,1.0,0.4547516682931976,0.3010194952851015,0.0,1.0,0.583441036056234,0.2600398065814264,0.0,1.0,0.3048822303695302,0.2623753953451211,0.0,1.0,16,0.18315617334423548,7.158626328699918,13
678,1225,1976,13.897644385814935,99.14367346938775,7,5,4,1,936,0.7653311529026983,287,1071,0.8757154538021259,0.9294871794871795,870,201,0.9294871794871795,0.7003484320557491,0.8757154538021259,177,1052,5.943502824858757,0.005723630417007359,0.004088307440719542,0.003270645952575634,0.0008176614881439084,0.4659381171823568,0.2756429485708013,0.0,1.0,0.4542988808426596,0.30125634268503637,0.0,1.0,0.5825938117182357,0.2602957033225607,0.0,1.0,0.30391046741277156,0.26236807962597464,0.0,1.0,16,0.1836734693877551,7.1689795918367345,13
679,1224,1983,13.943622767127856,99.57843137254902,5,6,4,2,945,0.7714285714285715,280,1078,0.88,0.928042328042328,877,201,0.928042328042328,0.7178571428571429,0.88,169,1054,6.236686390532545,0.004081632653061225,0.004897959183673469,0.0032653061224489797,0.0016326530612244899,0.46605523930002113,0.2756633806876411,0.0,1.0,0.45264073371283997,0.30136280736267995,0.0,1.0,0.5810668353362851,0.26063087011734176,0.0,1.0,0.30352624920936117,0.2625388490666866,0.0,1.0,16,0.184640522875817,7.174019607843137,13
680,1219,1983,13.981479082326214,99.66201804757998,6,11,8,3,921,0.7524509803921569,303,1087,0.8880718954248366,0.9359391965255157,862,225,0.9359391965255157,0.7425742574257426,0.8880718954248366,177,1064,6.011299435028248,0.004901960784313725,0.008986928104575163,0.006535947712418301,0.0024509803921568627,0.46537352139511495,0.27547853876198214,0.0,1.0,0.4533859059514673,0.3010481523200312,0.0,1.0,0.5815978194712748,0.2609639850082525,0.0,1.0,0.30342163063325306,0.26272940332584865,0.0,1.0,16,0.184577522559475,7.177194421657096,13
681,1220,1990,14.020605595287396,99.95245901639345,6,5,3,2,935,0.7670221493027072,284,1076,0.8826907301066448,0.9272727272727272,867,209,0.9272727272727272,0.7359154929577465,0.8826907301066448,172,1055,6.133720930232558,0.004922067268252666,0.004101722723543888,0.002461033634126333,0.0016406890894175555,0.46472765732416715,0.2754556877482912,0.0,1.0,0.4521681649920677,0.3004557453933267,0.0,1.0,0.5821787414066631,0.2607136022298586,0.0,1.0,0.30335801163405607,0.2630010710790254,0.0,1.0,16,0.1860655737704918,7.178688524590164,13
682,1223,1998,13.984115436498708,100.0073589533933,10,7,4,3,943,0.7729508196721312,277,1080,0.8852459016393442,0.9247083775185578,872,208,0.9247083775185578,0.7509025270758123,0.8852459016393442,174,1062,6.103448275862069,0.00819672131147541,0.005737704918032787,0.003278688524590164,0.002459016393442623,0.4658824150027695,0.27566964489324863,0.0,1.0,0.4515865270487695,0.29983507403824605,0.0,1.0,0.5833619075251233,0.2597803936975255,0.0,1.0,0.3021918603117664,0.2624557543139458,0.0,1.0,16,0.18642681929681112,7.19051512673753,13
683,1227,2007,13.96996408027315,99.92665036674816,9,5,4,1,930,0.7604251839738349,293,1045,0.8544562551103843,0.9118279569892473,848,197,0.9118279569892473,0.6723549488054608,0.8544562551103843,172,1026,5.965116279069767,0.007358953393295176,0.004088307440719542,0.003270645952575634,0.0008176614881439084,0.4652312222309856,0.27571503505174005,0.0,1.0,0.45311144412019877,0.2998573800861569,0.0,1.0,0.5834319215500696,0.25974301441413905,0.0,1.0,0.30299445276967163,0.26257439177869757,0.0,1.0,16,0.1850040749796251,7.198044009779951,13
684,1235,2014,13.890246340387952,99.71821862348177,12,4,3,1,911,0.7424612876935616,316,1016,0.8280358598207009,0.884742041712404,806,210,0.884742041712404,0.6645569620253164,0.8280358598207009,170,993,5.841176470588235,0.009779951100244499,0.0032599837000814994,0.0024449877750611247,0.0008149959250203749,0.4636019328718819,0.2750030810913813,0.0,1.0,0.45242261982499676,0.3003551773442115,0.0,1.0,0.5839101475773801,0.2597151536542784,0.0,1.0,0.30207653127856865,0.262752945233777,0.0,1.0,16,0.1862348178137652,7.204048582995951,13
685,1238,2009,13.917050511207087,99.7875605815832,9,6,4,2,927,0.7506072874493928,308,1100,0.8906882591093117,0.9223300970873787,855,245,0.9223300970873787,0.7954545454545454,0.8906882591093117,183,1078,5.890710382513661,0.0072874493927125505,0.004858299595141701,0.0032388663967611335,0.0016194331983805667,0.4628954088279743,0.27485803694704486,0.0,1.0,0.4531502423263328,0.3011040683309648,0.0,1.0,0.5842149147949346,0.2595193230213707,0.0,1.0,0.30137057689301167,0.2631041367228183,0.0,1.0,16,0.18820678513731826,7.215670436187399,13
686,1238,2017,13.893163561413445,99.8546042003231,7,7,6,1,936,0.7560581583198708,302,1080,0.8723747980613893,0.9134615384615384,855,225,0.9134615384615384,0.7450331125827815,0.8723747980613893,177,1065,6.016949152542373,0.005654281098546042,0.005654281098546042,0.004846526655896607,0.0008077544426494346,0.46206159779040074,0.27485736011956985,0.0,1.0,0.45361926103496797,0.30168138921465804,0.0,1.0,0.5852832351868258,0.2595429132438183,0.0,1.0,0.30139663348793577,0.2634175312948133,0.0,1.0,16,0.18820678513731826,7.221324717285945,13
687,1237,2018,13.924113200004024,100.04122877930477,6,7,5,2,943,0.7617124394184168,295,1100,0.8885298869143781,0.9215270413573701,869,231,0.9215270413573701,0.7830508474576271,0.8885298869143781,181,1082,5.9779005524861875,0.004846526655896607,0.005654281098546042,0.004038772213247173,0.0016155088852988692,0.46256552011891405,0.27553731540909837,0.0,1.0,0.4547422223381229,0.3019372721535575,0.0,1.0,0.5853912952773359,0.26047719271984077,0.0,1.0,0.3008318773306908,0.2631544030333108,0.0,1.0,16,0.18674211802748586,7.223120452708165,13
688,1237,2018,13.997106125341862,100.5109135004042,5,5,2,3,956,0.7728375101050929,281,1054,0.8520614389652384,0.9058577405857741,866,188,0.9058577405857741,0.6690391459074733,0.8520614389652384,181,1035,5.718232044198895,0.004042037186742118,0.004042037186742118,0.0016168148746968471,0.002425222312045271,0.46298276266722305,0.2759139933353298,0.0,1.0,0.4547943776566616,0.3018726408480695,0.0,1.0,0.5844785772029103,0.2600284022669986,0.0,1.0,0.30046679010092053,0.263223064093698,0.0,1.0,16,0.18674211802748586,7.22554567502021,13
689,1237,2022,14.007736837728832,100.60549717057397,8,8,5,3,942,0.761519805982215,295,1080,0.8730800323362975,0.9171974522292994,864,216,0.9171974522292994,0.7322033898305085,0.8730800323362975,177,1061,5.994350282485875,0.0064672594987873885,0.0064672594987873885,0.004042037186742118,0.002425222312045271,0.46055754035517776,0.27495739077213355,0.0,1.0,0.45409028085639036,0.30197536239644085,0.0,1.0,0.5842178006102172,0.2601550184742309,0.0,1.0,0.30057110073799775,0.26340112524662823,0.0,1.0,16,0.18755052546483428,7.237671786580437,13
690,1233,2024,14.01832910482469,100.52149229521493,6,10,8,2,936,0.7566693613581245,301,1090,0.8811641067097817,0.9209401709401709,862,228,0.9209401709401709,0.7574750830564784,0.8811641067097817,166,1058,6.373493975903615,0.004850444624090542,0.008084074373484237,0.0064672594987873885,0.0016168148746968471,0.45985401459854014,0.2746798514085682,0.0,1.0,0.45415064228344193,0.30197004656655635,0.0,1.0,0.5829997645396751,0.2608252874867971,0.0,1.0,0.30083980849226905,0.2629641973533429,0.0,1.0,16,0.18815896188158962,7.244931062449311,13
691,1235,2033,13.932714021141214,100.12145748987854,10,8,8,0,960,0.7785888077858881,273,1073,0.870235198702352,0.915625,879,194,0.915625,0.7106227106227107,0.870235198702352,173,1055,6.098265895953757,0.008110300081103,0.006488240064882401,0.006488240064882401,0.0,0.458273475251404,0.27446014615551717,0.0,1.0,0.4530494971921118,0.30200620943270456,0.0,1.0,0.5821078751469244,0.2611921299892409,0.0,1.0,0.30066605720255973,0.26354859807280057,0.0,1.0,16,0.1910931174089069,7.2591093117408905,13
692,1234,2038,13.943436620732408,100.05834683954619,8,9,6,3,908,0.7352226720647773,327,1031,0.8348178137651822,0.9074889867841409,824,207,0.9074889867841409,0.6330275229357798,0.8348178137651822,172,1008,5.8604651162790695,0.006477732793522267,0.0072874493927125505,0.004858299595141701,0.0024291497975708503,0.4562660113975009,0.2737747011580082,0.0,1.0,0.4529983792544571,0.3021427499434967,0.0,1.0,0.5812464056046427,0.2618091291713989,0.0,1.0,0.30098813196005647,0.2633546729152683,0.0,1.0,16,0.1920583468395462,7.264991896272285,13
693,1233,2043,13.892943787116094,99.75831305758314,9,10,8,2,928,0.7520259319286872,306,1055,0.8549432739059968,0.9051724137931034,840,215,0.9051724137931034,0.7026143790849673,0.8549432739059968,175,1035,5.914285714285715,0.007293354943273906,0.008103727714748784,0.006482982171799027,0.0016207455429497568,0.4560343248829239,0.2738849465853843,0.0,1.0,0.45156057870915417,0.30221117969869715,0.0,1.0,0.5816393271067158,0.2619350226039595,0.0,1.0,0.2992439107343746,0.2625076857455169,0.0,1.0,16,0.19464720194647203,7.273317112733171,13
694,1233,2050,13.81452999113252,99.02514193025142,12,12,11,1,914,0.7412814274128142,319,1117,0.9059205190592052,0.9485776805251641,867,250,0.9485776805251641,0.7836990595611285,0.9059205190592052,177,1101,6.220338983050848,0.009732360097323601,0.009732360097323601,0.008921330089213302,0.0008110300081103001,0.45608664939957616,0.2742566916857797,0.0,1.0,0.45074954870104383,0.3026996510923907,0.0,1.0,0.5835753342228501,0.26140124064305376,0.0,1.0,0.298380556209612,0.26262720543271584,0.0,1.0,16,0.19626926196269262,7.299270072992701,13
695,1229,2055,13.837345649279056,98.78030919446705,7,11,9,2,920,0.7461476074614761,313,1101,0.8929440389294404,0.9380434782608695,863,238,0.9380434782608695,0.7603833865814696,0.8929440389294404,180,1086,6.033333333333333,0.0056772100567721,0.008921330089213302,0.0072992700729927005,0.0016220600162206002,0.45638993149426493,0.27378223327323825,0.0,1.0,0.45114044988057433,0.3030795904075271,0.0,1.0,0.5836373658101263,0.2614599611365344,0.0,1.0,0.2999028845901467,0.2632754924495589,0.0,1.0,16,0.19528071602929212,7.303498779495524,13
696,1226,2060,13.895171106232084,98.75611745513866,5,8,7,1,891,0.724979658258747,338,1084,0.8820179007323027,0.9405162738496072,838,246,0.9405162738496072,0.727810650887574,0.8820179007323027,176,1065,6.051136363636363,0.0040683482506102524,0.006509357200976403,0.005695687550854353,0.0008136696501220504,0.4563489975267063,0.27335815452969053,0.0,1.0,0.4500078934905015,0.303207058729368,0.0,1.0,0.5837499342209125,0.26110637318781627,0.0,1.0,0.299873704151976,0.2633476237168405,0.0,1.0,16,0.19575856443719414,7.310766721044046,13
697,1230,2057,13.850083833766755,98.6178861788618,9,5,5,0,965,0.7871125611745514,261,1095,0.8931484502446982,0.9357512953367876,903,192,0.9357512953367876,0.735632183908046,0.8931484502446982,184,1076,5.8478260869565215,0.00734094616639478,0.004078303425774877,0.004078303425774877,0.0,0.45570416994492524,0.2734624316218697,0.0,1.0,0.4490427484920011,0.303174733675218,0.0,1.0,0.5844479412536061,0.26126702000986096,0.0,1.0,0.29866247049567274,0.2628937494424235,0.0,1.0,16,0.19593495934959348,7.328455284552845,13
698,1231,2064,13.836283619612416,98.68805848903331,7,6,5,1,941,0.765040650406504,289,1077,0.875609756097561,0.9171094580233794,863,214,0.9171094580233794,0.740484429065744,0.875609756097561,170,1054,6.2,0.005691056910569106,0.004878048780487805,0.0040650406504065045,0.0008130081300813008,0.4544954272686775,0.2737746004274732,0.0,1.0,0.4504860983726841,0.303588466975325,0.0,1.0,0.5835538900972197,0.26147317604394626,0.0,1.0,0.29944183852624406,0.2638941234177696,0.0,1.0,16,0.1957757920389927,7.33306255077173,13
699,1234,2062,13.797921819986984,98.32414910858995,11,8,7,1,929,0.7546709991876523,302,1062,0.8627132412672623,0.9278794402583423,862,200,0.9278794402583423,0.6622516556291391,0.8627132412672623,175,1035,5.914285714285715,0.008935824532900082,0.006498781478472786,0.005686433793663688,0.0008123476848090983,0.4528415329115909,0.272618577815446,0.0,1.0,0.44999215768285666,0.3043758412605971,0.0,1.0,0.5838343702619333,0.26157932546440776,0.0,1.0,0.2996810791028389,0.2640438603734788,0.0,1.0,16,0.19773095623987033,7.3492706645056725,13
700,1235,2065,13.81415790836622,98.44048582995951,8,7,5,2,938,0.7601296596434359,296,1088,0.8816855753646677,0.9264392324093816,869,219,0.9264392324093816,0.7398648648648649,0.8816855753646677,178,1069,6.00561797752809,0.006482982171799027,0.005672609400324149,0.004051863857374392,0.0016207455429497568,0.45242261982499676,0.27304412547990303,0.0,1.0,0.4491576335379392,0.304330063904673,0.0,1.0,0.5851116625310174,0.2611047943303618,0.0,1.0,0.2992555831265509,0.2643152039965516,0.0,1.0,16,0.19919028340080971,7.3603238866396765,13
701,1236,2071,13.803767992054302,98.30744336569579,8,7,6,1,905,0.7327935222672065,330,1096,0.8874493927125506,0.943646408839779,854,242,0.943646408839779,0.7333333333333333,0.8874493927125506,171,1073,6.2748538011695905,0.006477732793522267,0.005668016194331984,0.004858299595141701,0.0008097165991902834,0.4513519156488151,0.2723928378807189,0.0,1.0,0.4488203361519992,0.30403929780101907,0.0,1.0,0.5853429376761666,0.26136414007403036,0.0,1.0,0.2988307756550788,0.2645342323272489,0.0,1.0,16,0.19983818770226539,7.369741100323624,13
702,1237,2070,13.749991827980951,97.97008892481811,11,10,8,2,947,0.7661812297734628,289,1084,0.8770226537216829,0.9376979936642027,888,196,0.9376979936642027,0.6782006920415224,0.8770226537216829,178,1061,5.96067415730337,0.00889967637540453,0.008090614886731391,0.006472491909385114,0.0016181229773462784,0.4510391947218817,0.272208075991955,0.0,1.0,0.4481967298615276,0.3039625857866411,0.0,1.0,0.5863300910110308,0.2613450658371585,0.0,1.0,0.2969463060995645,0.2638856415735516,0.0,1.0,16,0.20129345189975748,7.387227162489895,13
703,1238,2081,13.768089399136583,98.40145395799676,6,5,3,2,930,0.751818916734034,307,1045,0.8447857720291027,0.9344086021505377,869,176,0.9344086021505377,0.5732899022801303,0.8447857720291027,157,1013,6.452229299363057,0.004850444624090542,0.004042037186742118,0.002425222312045271,0.0016168148746968471,0.45187346917504817,0.27225609239608145,0.0,1.0,0.4481994892907395,0.3037042302220529,0.0,1.0,0.5854656313512949,0.2617245192406157,0.0,1.0,0.2967585595914326,0.2638521230370629,0.0,1.0,16,0.20032310177705978,7.390953150242327,13
704,1242,2076,13.765712951012052,98.1304347826087,10,6,6,0,880,0.7108239095315024,358,1102,0.8901453957996769,0.9352272727272727,823,279,0.9352272727272727,0.7793296089385475,0.8901453957996769,177,1074,6.067796610169491,0.008077544426494346,0.004846526655896607,0.004846526655896607,0.0,0.4525738922653369,0.2718850927415586,0.0,1.0,0.44761311100722045,0.30345199520956107,0.0,1.0,0.5848267622461171,0.2618580739031475,0.0,1.0,0.29556906134746247,0.2633050992409364,0.0,1.0,16,0.1996779388083736,7.411433172302737,13
705,1243,2077,13.755900290914886,97.86162510056316,9,8,7,1,906,0.7294685990338164,336,1104,0.8888888888888888,0.9271523178807947,840,264,0.9271523178807947,0.7857142857142857,0.8888888888888888,172,1077,6.261627906976744,0.007246376811594203,0.00644122383252818,0.005636070853462158,0.0008051529790660225,0.4531700101211948,0.2719992523297061,0.0,1.0,0.44940700179067294,0.30396440492885207,0.0,1.0,0.5848233981262814,0.26259573058778685,0.0,1.0,0.29543508161835313,0.26337504597475864,0.0,1.0,16,0.19710378117457764,7.420756234915527,13
706,1245,2079,13.744528011222826,97.66987951807229,9,7,6,1,913,0.7345132743362832,330,1067,0.8584070796460177,0.9079956188389924,829,238,0.9079956188389924,0.7212121212121212,0.8584070796460177,171,1040,6.081871345029239,0.007240547063555913,0.0056315366049879325,0.004827031375703942,0.0008045052292839903,0.453322969296541,0.2721946160859409,0.0,1.0,0.44881461329187716,0.3037414079880906,0.0,1.0,0.5854644383987563,0.2621681311148266,0.0,1.0,0.29788832750356264,0.2639906351900047,0.0,1.0,16,0.19437751004016066,7.423293172690763,13
707,1248,2077,13.745690862591823,97.78205128205128,7,4,4,0,921,0.7397590361445783,324,1074,0.8626506024096385,0.9196525515743756,847,227,0.9196525515743756,0.7006172839506173,0.8626506024096385,176,1048,5.954545454545454,0.005622489959839358,0.00321285140562249,0.00321285140562249,0.0,0.4548438792390405,0.27315841190910095,0.0,1.0,0.44796836228287845,0.3034783906767813,0.0,1.0,0.5853236145574855,0.2623054605967514,0.0,1.0,0.29714640198511166,0.26295217960768846,0.0,1.0,16,0.19471153846153846,7.4326923076923075,13
708,1252,2070,13.747179395337719,97.67492012779553,11,7,5,2,905,0.7251602564102564,343,1071,0.8581730769230769,0.9259668508287293,838,233,0.9259668508287293,0.6793002915451894,0.8581730769230769,175,1039,5.937142857142857,0.008814102564102564,0.005608974358974359,0.004006410256410256,0.0016025641025641025,0.45648253117592497,0.27341261205067796,0.0,1.0,0.44857260641038854,0.30324795084795636,0.0,1.0,0.5863392765124189,0.26281314211970946,0.0,1.0,0.2970988354117284,0.2629265923984662,0.0,1.0,16,0.19408945686900958,7.444089456869009,13
709,1255,2070,13.720940586883222,97.77051792828685,11,8,3,5,981,0.7835463258785943,271,1114,0.889776357827476,0.9327217125382263,915,199,0.9327217125382263,0.7343173431734318,0.889776357827476,178,1092,6.134831460674158,0.00878594249201278,0.006389776357827476,0.0023961661341853034,0.003993610223642172,0.4567536306387354,0.27325205201856734,0.0,1.0,0.4495566122606349,0.302397647884331,0.0,1.0,0.5856316668808637,0.2631046362428437,0.0,1.0,0.2962344171700295,0.26279220539620074,0.0,1.0,16,0.1944223107569721,7.453386454183267,13
710,1257,2066,13.708139119004404,97.6109785202864,10,8,5,3,962,0.7665338645418327,293,1109,0.8836653386454183,0.9334719334719335,898,211,0.9334719334719335,0.7201365187713311,0.8836653386454183,170,1075,6.323529411764706,0.00796812749003984,0.006374501992031873,0.00398406374501992,0.002390438247011952,0.45756665896784454,0.2736721451884794,0.0,1.0,0.44950855852387916,0.30301023208712086,0.0,1.0,0.5846998742525727,0.26298045067853004,0.0,1.0,0.2966869402314779,0.2634096767838446,0.0,1.0,16,0.19411296738265713,7.465393794749403,13
711,1253,2067,13.705654202326189,97.24660814046288,9,13,9,4,955,0.7597454256165473,302,1119,0.8902147971360382,0.9392670157068063,897,222,0.9392670157068063,0.7350993377483444,0.8902147971360382,172,1092,6.348837209302325,0.007159904534606206,0.010342084327764518,0.007159904534606206,0.0031821797931583136,0.456736091445048,0.27347500473552194,0.0,1.0,0.4474937569188786,0.30295521478428367,0.0,1.0,0.5848672862549237,0.26345094115116247,0.0,1.0,0.29596066215276884,0.2627726230064086,0.0,1.0,16,0.19632881085395051,7.475658419792498,13
712,1253,2066,13.727015274682307,97.1875498802873,7,7,6,1,909,0.7254588986432562,344,1082,0.8635275339185954,0.9163916391639164,833,249,0.9163916391639164,0.7238372093023255,0.8635275339185954,177,1058,5.977401129943503,0.00558659217877095,0.00558659217877095,0.004788507581803671,0.0007980845969672786,0.45774013335736163,0.2740747084268282,0.0,1.0,0.447699714234225,0.3038065334576784,0.0,1.0,0.5860515408181654,0.2628643879316326,0.0,1.0,0.29536853487114795,0.26263766621992535,0.0,1.0,16,0.19632881085395051,7.494014365522745,13
713,1251,2068,13.735285962061948,97.48840927258193,5,7,5,2,948,0.75658419792498,305,1090,0.8699122106943336,0.9261603375527426,878,212,0.9261603375527426,0.6950819672131148,0.8699122106943336,176,1068,6.068181818181818,0.0039904229848363925,0.00558659217877095,0.0039904229848363925,0.0015961691939345571,0.45891029112194115,0.27486351018617033,0.0,1.0,0.44851860447126174,0.3031766025725119,0.0,1.0,0.5853123952450943,0.26308076318626816,0.0,1.0,0.29442252649493306,0.26159365737051815,0.0,1.0,16,0.19584332533972823,7.5011990407673865,13
714,1252,2069,13.727159623454781,97.49121405750799,8,7,6,1,902,0.7210231814548361,349,1071,0.8561151079136691,0.9290465631929047,838,233,0.9290465631929047,0.667621776504298,0.8561151079136691,173,1045,6.040462427745664,0.006394884092725819,0.005595523581135092,0.004796163069544364,0.0007993605115907274,0.4595485932185922,0.27516066088906194,0.0,1.0,0.4488560239101309,0.30285161718744524,0.0,1.0,0.5868803462846542,0.2633016583960625,0.0,1.0,0.2932082860970834,0.2612939182852876,0.0,1.0,16,0.19488817891373802,7.520766773162939,13
715,1257,2067,13.652741250691934,96.7788385043755,15,10,7,3,917,0.7324281150159745,335,1095,0.8746006389776357,0.9116684841875682,836,259,0.9116684841875682,0.7731343283582089,0.8746006389776357,177,1070,6.045197740112994,0.011980830670926517,0.007987220447284345,0.005591054313099041,0.0023961661341853034,0.46087715246233996,0.27617760819247245,0.0,1.0,0.44927759386147254,0.30338669111883015,0.0,1.0,0.5883439833705443,0.2631287698128471,0.0,1.0,0.29268355274976265,0.2611120427534647,0.0,1.0,16,0.19331742243436753,7.542561654733492,13
716,1259,2061,13.689772799728964,97.01588562351073,8,6,4,2,926,0.7366746221161495,331,1106,0.8798727128082736,0.9265658747300216,858,248,0.9265658747300216,0.7492447129909365,0.8798727128082736,176,1076,6.113636363636363,0.006364359586316627,0.00477326968973747,0.0031821797931583136,0.0015910898965791568,0.4612467652258577,0.2772615079292727,0.0,1.0,0.4489738399651541,0.30314311452773346,0.0,1.0,0.5879730456839786,0.26289238493694106,0.0,1.0,0.292526070357939,0.26148184069255537,0.0,1.0,16,0.1938046068308181,7.554408260524226,13
717,1258,2057,13.72676204188547,97.0516693163752,9,10,6,4,946,0.7513899920571883,313,1085,0.8617950754567116,0.912262156448203,863,222,0.912262156448203,0.7092651757188498,0.8617950754567116,175,1056,6.034285714285715,0.007148530579825258,0.007942811755361398,0.004765687053216839,0.003177124702144559,0.4609723575567978,0.2767348404783503,0.0,1.0,0.44917688086568547,0.3034670566193398,0.0,1.0,0.5876968049643571,0.26304065129965526,0.0,1.0,0.29275860300528234,0.26147457525813894,0.0,1.0,16,0.19236883942766295,7.5667726550079495,13
718,1268,2040,13.640763305311054,96.24211356466877,17,7,6,1,968,0.7694753577106518,290,1077,0.856120826709062,0.9090909090909091,880,197,0.9090909090909091,0.6793103448275862,0.856120826709062,179,1039,5.804469273743017,0.013513513513513514,0.005564387917329093,0.0047694753577106515,0.000794912559618442,0.4618907092703775,0.27695749966925365,0.0,1.0,0.44873817034700314,0.3034644839686062,0.0,1.0,0.589218479698789,0.2625623016086192,0.0,1.0,0.2922560293070113,0.26077782164554286,0.0,1.0,16,0.19242902208201892,7.58596214511041,13
719,1268,2029,13.720449837893703,96.40615141955836,6,6,5,1,966,0.7618296529968455,302,1087,0.8572555205047319,0.901656314699793,871,216,0.901656314699793,0.7152317880794702,0.8572555205047319,176,1052,5.9772727272727275,0.00473186119873817,0.00473186119873817,0.003943217665615142,0.0007886435331230284,0.462195990638038,0.2770230349998443,0.0,1.0,0.45044265798310773,0.30330678617664364,0.0,1.0,0.5889895186730437,0.2627087236103549,0.0,1.0,0.2930446728401343,0.26093909275087346,0.0,1.0,16,0.1892744479495268,7.598580441640379,13
720,1272,2016,13.691253298713598,95.94182389937107,13,9,7,2,977,0.7705047318611987,291,1086,0.8564668769716088,0.9201637666325486,899,187,0.9201637666325486,0.6426116838487973,0.8564668769716088,174,1047,6.017241379310345,0.01025236593059937,0.007097791798107256,0.005520504731861199,0.0015772870662460567,0.4621373503753297,0.27698920131819843,0.0,1.0,0.4518411442483262,0.3033674343246716,0.0,1.0,0.5890139987827145,0.2625622250853025,0.0,1.0,0.2932136335970785,0.26171243574442954,0.0,1.0,16,0.18867924528301888,7.621069182389937,14
721,1272,2001,13.703064817482074,95.66116352201257,9,9,8,1,1005,0.7900943396226415,267,1106,0.8694968553459119,0.9114427860696518,916,190,0.9114427860696518,0.7116104868913857,0.8694968553459119,185,1076,5.816216216216216,0.007075471698113208,0.007075471698113208,0.006289308176100629,0.0007861635220125787,0.46388719821464797,0.27771808428611,0.0,1.0,0.45376851288293774,0.30301718817867657,0.0,1.0,0.5887350375329682,0.26265040426835934,0.0,1.0,0.29326435382430516,0.26150548403640334,0.0,1.0,16,0.18553459119496854,7.6415094339622645,14
722,1274,1990,13.709881144967543,95.51098901098901,11,9,7,2,957,0.7523584905660378,315,1103,0.8671383647798742,0.9184952978056427,879,224,0.9184952978056427,0.7111111111111111,0.8671383647798742,171,1063,6.216374269005848,0.008647798742138365,0.007075471698113208,0.00550314465408805,0.0015723270440251573,0.4654631083202512,0.2782470685603742,0.0,1.0,0.45523370638578015,0.3029109021284424,0.0,1.0,0.5897098293411657,0.26234517573415495,0.0,1.0,0.29303185293968703,0.26096951645350736,0.0,1.0,16,0.18445839874411302,7.660910518053376,14
723,1281,1980,13.691500068036977,95.71975019516003,13,6,1,5,1025,0.804552590266876,249,1115,0.8751962323390895,0.9151219512195122,938,177,0.9151219512195122,0.7108433734939759,0.8751962323390895,173,1078,6.23121387283237,0.01020408163265306,0.004709576138147566,0.0007849293563579278,0.003924646781789639,0.4665709752965173,0.27870446677981375,0.0,1.0,0.4551635566971369,0.3023220891907802,0.0,1.0,0.5906927551560021,0.262652057048273,0.0,1.0,0.2923119538666868,0.2605021485164183,0.0,1.0,16,0.1834504293520687,7.687743950039032,14
724,1278,1965,13.712903071477132,95.22535211267606,11,14,10,4,969,0.7564402810304449,312,1089,0.8501170960187353,0.9122807017543859,884,205,0.9122807017543859,0.657051282051282,0.8501170960187353,176,1050,5.965909090909091,0.00858704137392662,0.01092896174863388,0.0078064012490242,0.00312256049960968,0.4684486849411883,0.27940221229539053,0.0,1.0,0.45693876520773385,0.30149978122695537,0.0,1.0,0.5917512241910243,0.26338060442978595,0.0,1.0,0.29231662375687817,0.26019821355951883,0.0,1.0,16,0.18153364632237873,7.708920187793427,14
725,1276,1946,13.731251404533312,94.53213166144201,11,13,11,2,982,0.7683881064162754,296,1123,0.878716744913928,0.924643584521385,908,215,0.924643584521385,0.7263513513513513,0.878716744913928,174,1078,6.195402298850575,0.008607198748043818,0.010172143974960876,0.008607198748043818,0.001564945226917058,0.46930933360299326,0.2802141117286928,0.0,1.0,0.45500050561229655,0.30179240693141024,0.0,1.0,0.5908585296794417,0.26358318258257085,0.0,1.0,0.29216806552735364,0.26003021903539497,0.0,1.0,16,0.1810344827586207,7.737460815047022,15
726,1273,1933,13.776787525415346,94.14925373134328,8,11,9,2,955,0.7484326018808778,321,1093,0.8565830721003135,0.9078534031413612,867,226,0.9078534031413612,0.7040498442367601,0.8565830721003135,178,1058,5.943820224719101,0.006269592476489028,0.008620689655172414,0.007053291536050157,0.001567398119122257,0.4691483161442364,0.28044770093507676,0.0,1.0,0.4562248181841218,0.3017119943038108,0.0,1.0,0.5915414438841446,0.2634295728961449,0.0,1.0,0.2921470744748245,0.2603099102875207,0.0,1.0,16,0.17989002356637862,7.759622937941869,15
727,1274,1921,13.758437918751577,93.70015698587127,12,11,9,2,944,0.7415553809897879,329,1058,0.8311076197957581,0.8739406779661016,825,233,0.8739406779661016,0.7082066869300911,0.8311076197957581,179,1025,5.726256983240224,0.009426551453260016,0.00864100549882168,0.007069913589945012,0.0015710919088766694,0.47007140325112673,0.28102731966409844,0.0,1.0,0.45632247936395404,0.30134547212314833,0.0,1.0,0.5937863979338633,0.26230496368035466,0.0,1.0,0.29199372056514916,0.2603813382109568,0.0,1.0,15,0.17896389324960754,7.773155416012559,15
728,1279,1905,13.745458909976723,93.24003127443315,12,7,7,0,929,0.7291993720565149,345,1023,0.8029827315541601,0.883745963401507,821,202,0.883745963401507,0.5855072463768116,0.8029827315541601,177,984,5.559322033898305,0.009419152276295133,0.005494505494505495,0.005494505494505495,0.0,0.4707054402380892,0.28183044527070966,0.0,1.0,0.4557491992231834,0.30233172220522614,0.0,1.0,0.5917677621125376,0.2625913570684791,0.0,1.0,0.2927438270826503,0.26133952189012744,0.0,1.0,15,0.17982799061767005,7.779515246286161,15
729,1286,1895,13.644672014815548,92.7348367029549,15,8,6,2,985,0.7701329163408913,294,1078,0.8428459734167318,0.8802030456852792,867,211,0.8802030456852792,0.717687074829932,0.8428459734167318,174,1042,5.988505747126437,0.011727912431587178,0.006254886630179828,0.004691164972634871,0.001563721657544957,0.47280890984799073,0.2831487842972476,0.0,1.0,0.45575176842422116,0.3020559008689124,0.0,1.0,0.5915817990267396,0.2637342182090828,0.0,1.0,0.2914262780314052,0.26036900396589246,0.0,1.0,15,0.18118195956454122,7.809486780715397,15
730,1284,1873,13.706978105653114,92.96183800623054,7,9,6,3,1024,0.7962674961119751,262,1100,0.8553654743390358,0.904296875,926,174,0.904296875,0.6641221374045801,0.8553654743390358,170,1048,6.1647058823529415,0.005443234836702955,0.006998444790046656,0.004665629860031105,0.0023328149300155523,0.4723897095769269,0.2832212845653636,0.0,1.0,0.45467792181690286,0.30200215164267513,0.0,1.0,0.5910963722238971,0.26356934819301,0.0,1.0,0.29115164305094965,0.2607142006782146,0.0,1.0,15,0.18146417445482865,7.805295950155763,15
731,1291,1851,13.73661738483761,93.04647560030983,12,5,2,3,962,0.7492211838006231,322,1132,0.881619937694704,0.9116424116424117,877,255,0.9116424116424117,0.7919254658385093,0.881619937694704,169,1079,6.384615384615385,0.009345794392523364,0.003894080996884735,0.001557632398753894,0.002336448598130841,0.47277679218410334,0.2840246235438342,0.0,1.0,0.45511106668998774,0.30232341810788255,0.0,1.0,0.589890307588516,0.26425564687167796,0.0,1.0,0.29212163614102593,0.26125249172046683,0.0,1.0,15,0.1812548412083656,7.807126258714175,15
732,1299,1839,13.693348703408473,92.95612009237875,13,5,3,2,1009,0.7815646785437645,282,1095,0.8481797056545314,0.8969276511397423,905,190,0.8969276511397423,0.6737588652482269,0.8481797056545314,178,1061,5.96067415730337,0.010069713400464756,0.0038729666924864447,0.0023237800154918666,0.001549186676994578,0.4731182795698925,0.283986793810703,0.0,1.0,0.45571034791030324,0.3024645404940453,0.0,1.0,0.5899575355732698,0.2645887762430359,0.0,1.0,0.29191189252278427,0.2615162615967457,0.0,1.0,15,0.18090839107005388,7.822170900692841,15
733,1309,1815,13.614657201450976,92.47288006111536,18,8,5,3,1020,0.7852193995381063,279,1077,0.8290993071593533,0.884313725490196,902,175,0.884313725490196,0.6272401433691757,0.8290993071593533,174,1027,5.902298850574713,0.013856812933025405,0.006158583525789068,0.003849114703618168,0.0023094688221709007,0.47285541782695484,0.28402970108419334,0.0,1.0,0.4542497350846497,0.30296748407915597,0.0,1.0,0.5892210256536632,0.2650240198184123,0.0,1.0,0.2924911900243969,0.26172288630870855,0.0,1.0,15,0.18181818181818182,7.842627960275019,15
734,1325,1783,13.452570288043674,91.20528301886793,24,8,7,1,1002,0.7654698242933538,307,1116,0.852559205500382,0.8952095808383234,897,219,0.8952095808383234,0.7133550488599348,0.852559205500382,179,1063,5.93854748603352,0.01833460656990069,0.006111535523300229,0.0053475935828877,0.0007639419404125286,0.4743031040779063,0.2848244302950355,0.0,1.0,0.45219720024345705,0.30311774052760115,0.0,1.0,0.5890200852099817,0.26555574070528176,0.0,1.0,0.2921728545343883,0.2620472355520455,0.0,1.0,15,0.18264150943396226,7.885283018867924,15
735,1328,1752,13.440969831533373,90.72515060240964,13,10,8,2,1018,0.7683018867924528,307,1109,0.8369811320754716,0.8870333988212181,903,206,0.8870333988212181,0.6710097719869706,0.8369811320754716,175,1053,6.017142857142857,0.009811320754716982,0.007547169811320755,0.0060377358490566035,0.0015094339622641509,0.4743490089389817,0.28489040865393855,0.0,1.0,0.45382335794792067,0.30418903680768195,0.0,1.0,0.5871064904780412,0.2657544264888146,0.0,1.0,0.2923630003886514,0.2621743984232261,0.0,1.0,15,0.18298192771084337,7.892319277108434,15
736,1334,1729,13.425579765965301,90.59220389805097,14,8,5,3,1046,0.7876506024096386,282,1078,0.8117469879518072,0.8671128107074569,907,171,0.8671128107074569,0.6063829787234043,0.8117469879518072,180,1035,5.75,0.010542168674698794,0.006024096385542169,0.0037650602409638554,0.002259036144578313,0.4752140059002756,0.2858002542113175,0.0,1.0,0.4535957827537844,0.3040795984276987,0.0,1.0,0.585747448856217,0.26536916398914634,0.0,1.0,0.29317599264883687,0.2624874317024441,0.0,1.0,15,0.18290854572713644,7.908545727136432,15
737,1334,1698,13.426753414720713,90.12368815592204,11,11,9,2,1001,0.7503748125937032,333,1084,0.8125937031484258,0.8661338661338661,867,217,0.8661338661338661,0.6516516516516516,0.8125937031484258,175,1028,5.8742857142857146,0.008245877061469266,0.008245877061469266,0.006746626686656672,0.0014992503748125937,0.475334913188567,0.2861489401773417,0.0,1.0,0.4525559800744789,0.30447810928332675,0.0,1.0,0.5885766794022343,0.2652923242765191,0.0,1.0,0.29145910915509987,0.2621986890116796,0.0,1.0,15,0.18515742128935533,7.940779610194903,15
738,1337,1673,13.449219465952899,90.28870605833957,9,6,4,2,1016,0.7616191904047976,318,1093,0.8193403298350824,0.8887795275590551,903,190,0.8887795275590551,0.5974842767295597,0.8193403298350824,186,1054,5.666666666666667,0.006746626686656672,0.004497751124437781,0.0029985007496251873,0.0014992503748125937,0.47559533862523223,0.28567440235423447,0.0,1.0,0.45057543368639463,0.30443015589574346,0.0,1.0,0.5885106280309793,0.2650989996013753,0.0,1.0,0.29037083504234323,0.26134010179352984,0.0,1.0,15,0.1862378459237098,7.9536275243081525,15
739,1337,1655,13.541174054891288,90.52505609573673,7,7,4,3,978,0.7314884068810771,359,1064,0.7958115183246073,0.8548057259713702,836,228,0.8548057259713702,0.6350974930362117,0.7958115183246073,175,1021,5.8342857142857145,0.005235602094240838,0.005235602094240838,0.0029917726252804786,0.002243829468960359,0.47648804497309816,0.2865027329988348,0.0,1.0,0.4510821048568051,0.30428953889010557,0.0,1.0,0.5892344439887084,0.2652761160273091,0.0,1.0,0.2915771949718918,0.2617804605045904,0.0,1.0,15,0.18474195961106957,7.972326103216155,16
740,1334,1637,13.531459006264438,89.96026986506746,9,12,11,1,1010,0.7554225878833208,327,1099,0.8219895287958116,0.8613861386138614,870,229,0.8613861386138614,0.7003058103975535,0.8219895287958116,173,1054,6.092485549132948,0.006731488406881077,0.008975317875841436,0.008227374719521317,0.0007479431563201197,0.47538327610388353,0.286223971431042,0.0,1.0,0.4501620157663104,0.3040158983863322,0.0,1.0,0.5890361270977414,0.2655588578328199,0.0,1.0,0.29187019393529046,0.2613279198559195,0.0,1.0,15,0.18590704647676162,7.990254872563718,16
741,1326,1625,13.566482020879102,89.99849170437406,6,14,9,5,1075,0.8058470764617691,259,1080,0.8095952023988006,0.8613953488372093,926,154,0.8613953488372093,0.5945945945945946,0.8095952023988006,177,1045,5.903954802259887,0.004497751124437781,0.010494752623688156,0.006746626686656672,0.0037481259370314842,0.4747968666374739,0.2855312038986578,0.0,1.0,0.4488152581131708,0.30485918952176977,0.0,1.0,0.589013769279424,0.2648400735527966,0.0,1.0,0.29012796185471706,0.2607447780038737,0.0,1.0,15,0.1885369532428356,8.001508295625943,16
742,1328,1610,13.564952939852457,89.6762048192771,12,10,7,3,981,0.7398190045248869,345,1075,0.8107088989441931,0.8593272171253823,843,232,0.8593272171253823,0.672463768115942,0.8107088989441931,174,1034,5.942528735632184,0.00904977375565611,0.007541478129713424,0.005279034690799397,0.0022624434389140274,0.47272153128643607,0.2847611992026735,0.0,1.0,0.44891663427905165,0.3049672076248695,0.0,1.0,0.5879809560823941,0.26506743102371144,0.0,1.0,0.2917800233190828,0.2615918469692371,0.0,1.0,15,0.18825301204819278,8.010542168674698,16
743,1335,1590,13.48441663597373,89.01498127340824,16,9,7,2,999,0.7522590361445783,329,1093,0.8230421686746988,0.8668668668668669,866,227,0.8668668668668669,0.6899696048632219,0.8230421686746988,174,1047,6.017241379310345,0.012048192771084338,0.00677710843373494,0.005271084337349397,0.0015060240963855422,0.4729974628488583,0.28525139470993344,0.0,1.0,0.44946236559139785,0.30536273063091673,0.0,1.0,0.5895855986468528,0.2647312326291869,0.0,1.0,0.2904675607104023,0.26089419545726755,0.0,1.0,15,0.18876404494382024,8.047191011235956,16
744,1335,1576,13.369803232034176,88.50411985018727,13,13,10,3,1046,0.7835205992509363,289,1103,0.8262172284644195,0.8671128107074569,907,196,0.8671128107074569,0.6782006920415224,0.8262172284644195,165,1054,6.387878787878788,0.009737827715355805,0.009737827715355805,0.00749063670411985,0.0022471910112359553,0.4713543554427933,0.2842916038473789,0.0,1.0,0.4475051347106439,0.3048815544891334,0.0,1.0,0.589247311827957,0.26438005243853135,0.0,1.0,0.28904192340219886,0.25979979568760525,0.0,1.0,15,0.19101123595505617,8.057677902621723,16
745,1343,1547,13.254457886360859,87.69769173492182,20,12,8,4,1014,0.7595505617977528,321,1098,0.8224719101123595,0.878698224852071,891,207,0.878698224852071,0.6448598130841121,0.8224719101123595,179,1048,5.854748603351955,0.0149812734082397,0.008988764044943821,0.00599250936329588,0.00299625468164794,0.47193332212427636,0.283998073865556,0.0,1.0,0.4448394302596498,0.30550078503147704,0.0,1.0,0.5877308865563374,0.2634402163277994,0.0,1.0,0.28892945499963973,0.2599603327070928,0.0,1.0,15,0.1921072226358898,8.085629188384214,16
746,1338,1523,13.335104451074344,87.84454409566517,6,11,8,3,1023,0.7617274758004468,320,1072,0.7982129560685034,0.8621700879765396,882,190,0.8621700879765396,0.59375,0.7982129560685034,184,1032,5.608695652173913,0.004467609828741623,0.008190618019359643,0.005956813104988831,0.0022338049143708115,0.4711172187665751,0.2834502952898491,0.0,1.0,0.44474179082887316,0.3053454085766465,0.0,1.0,0.587588601186171,0.26301665340737373,0.0,1.0,0.2893341048266551,0.2594676877085645,0.0,1.0,15,0.1920777279521674,8.095665171898355,16
747,1345,1508,13.268000585661161,87.69293680297397,14,7,4,3,1012,0.7563527653213752,326,1078,0.8056801195814649,0.8656126482213439,876,202,0.8656126482213439,0.6196319018404908,0.8056801195814649,178,1041,5.848314606741573,0.01046337817638266,0.00523168908819133,0.0029895366218236174,0.002242152466367713,0.47195107327017627,0.28386081562626986,0.0,1.0,0.4450653555582204,0.30583921252134655,0.0,1.0,0.5878642523084302,0.262596078922585,0.0,1.0,0.28849982012231684,0.2594126341232848,0.0,1.0,15,0.19182156133828995,8.12267657992565,17
748,1351,1481,13.29306807646075,88.0,10,4,2,2,1050,0.7806691449814126,295,1104,0.820817843866171,0.8733333333333333,917,187,0.8733333333333333,0.6338983050847458,0.820817843866171,180,1057,5.872222222222222,0.007434944237918215,0.002973977695167286,0.001486988847583643,0.001486988847583643,0.4714548363219598,0.28365166337090936,0.0,1.0,0.4433275232205535,0.30592098490453995,0.0,1.0,0.587951577087462,0.26257473701876466,0.0,1.0,0.2885079152837802,0.2597746111531385,0.0,1.0,15,0.19245003700962252,8.130273871206514,17
749,1348,1462,13.372804324482276,88.33976261127596,9,12,5,7,1029,0.7616580310880829,322,1086,0.8038490007401925,0.8794946550048591,905,181,0.8794946550048591,0.562111801242236,0.8038490007401925,171,1038,6.0701754385964914,0.006661732050333087,0.008882309400444115,0.003700962250185048,0.0051813471502590676,0.4713314827223126,0.28381547200331525,0.0,1.0,0.4443620178041543,0.30649177848004044,0.0,1.0,0.5879678376567435,0.26301332197679284,0.0,1.0,0.2897003924571647,0.260478412155768,0.0,1.0,15,0.19287833827893175,8.143916913946587,17
750,1346,1436,13.380950682947896,88.10921248142645,12,14,9,5,1019,0.7559347181008902,329,1114,0.8264094955489614,0.8684985279685966,885,229,0.8684985279685966,0.6960486322188449,0.8264094955489614,177,1065,6.016949152542373,0.008902077151335312,0.010385756676557863,0.0066765578635014835,0.00370919881305638,0.4708574989215357,0.28280097782426317,0.0,1.0,0.4433686430522935,0.3065973704753387,0.0,1.0,0.5882183770311077,0.2620300764685806,0.0,1.0,0.2890763552700954,0.26052722827796365,0.0,1.0,15,0.19390787518573552,8.163447251114412,17
751,1346,1407,13.317442631094687,87.09955423476968,17,17,13,4,1008,0.7488855869242199,338,1077,0.8001485884101041,0.8690476190476191,876,201,0.8690476190476191,0.5946745562130178,0.8001485884101041,164,1012,6.170731707317073,0.01263001485884101,0.01263001485884101,0.009658246656760773,0.0029717682020802376,0.4729664957101088,0.2832806742805337,0.0,1.0,0.4433446771796961,0.30738369306376956,0.0,1.0,0.5900637492211092,0.26084197336551185,0.0,1.0,0.2884053108373676,0.26047270236586606,0.0,1.0,15,0.19316493313521546,8.203566121842496,17
752,1355,1374,13.323125641894885,87.1380073800738,13,4,2,2,1052,0.7815750371471025,294,1116,0.8291233283803864,0.8773764258555133,923,193,0.8773764258555133,0.6564625850340136,0.8291233283803864,177,1060,5.988700564971752,0.009658246656760773,0.0029717682020802376,0.0014858841010401188,0.0014858841010401188,0.47418164504225685,0.2831308455160211,0.0,1.0,0.4429234614926794,0.3073048708911739,0.0,1.0,0.589406023092489,0.2603341099498424,0.0,1.0,0.2874657778835853,0.25968922660374216,0.0,1.0,15,0.1948339483394834,8.21918819188192,17
753,1361,1338,13.360157067702076,87.08670095518002,16,10,4,6,1009,0.744649446494465,346,1084,0.8,0.867195242814668,875,209,0.867195242814668,0.6040462427745664,0.8,180,1028,5.711111111111111,0.011808118081180811,0.007380073800738007,0.002952029520295203,0.004428044280442804,0.47393993979758714,0.28348038242978885,0.0,1.0,0.44274845346163877,0.30741435662822764,0.0,1.0,0.589557014529165,0.26072044015941986,0.0,1.0,0.2881420208101254,0.25961790578054483,0.0,1.0,15,0.19397501836884642,8.235121234386481,17
754,1370,1316,13.27208195692944,86.47810218978103,18,9,7,2,993,0.7296105804555474,368,1097,0.8060249816311535,0.8600201409869084,854,243,0.8600201409869084,0.6603260869565217,0.8060249816311535,169,1044,6.177514792899408,0.01322556943423953,0.006612784717119765,0.005143277002204262,0.0014695077149155032,0.47428773251707085,0.28361571074040604,0.0,1.0,0.4412055568636685,0.30779315314751093,0.0,1.0,0.5892630091829526,0.2601753528181791,0.0,1.0,0.28832116788321166,0.26055387277684383,0.0,1.0,15,0.19416058394160585,8.272992700729928,17
755,1373,1292,13.243764748812303,85.9905316824472,15,12,7,5,1009,0.7364963503649635,361,1117,0.8153284671532847,0.867195242814668,875,242,0.867195242814668,0.6703601108033241,0.8153284671532847,185,1078,5.827027027027027,0.010948905109489052,0.008759124087591242,0.0051094890510948905,0.0036496350364963502,0.4727110401052557,0.28329844419262484,0.0,1.0,0.4405469539271198,0.30820027946814266,0.0,1.0,0.5882339120832648,0.26017773879864237,0.0,1.0,0.2898996781241924,0.2614573911090722,0.0,1.0,15,0.19592134013109977,8.28259286234523,17
756,1372,1268,13.332188663510724,86.24635568513119,7,8,5,3,1012,0.7370721048798252,361,1082,0.7880553532410779,0.8507905138339921,861,221,0.8507905138339921,0.6121883656509696,0.7880553532410779,182,1040,5.714285714285714,0.005098324836125273,0.005826656955571741,0.003641660597232338,0.0021849963583394027,0.47223267187059154,0.2828468021988516,0.0,1.0,0.44018621273394154,0.3081236165338084,0.0,1.0,0.5879102793191009,0.26036634404811687,0.0,1.0,0.29004044013918934,0.2615209476494121,0.0,1.0,15,0.19533527696793002,8.287172011661808,17
757,1370,1243,13.270051646496897,85.33722627737227,14,16,12,4,1023,0.7456268221574344,349,1103,0.8039358600583091,0.852394916911046,872,231,0.852394916911046,0.66189111747851,0.8039358600583091,178,1056,5.932584269662922,0.01020408163265306,0.011661807580174927,0.008746355685131196,0.0029154518950437317,0.47442900871203203,0.2834436428293676,0.0,1.0,0.4398398869790441,0.30899028803465717,0.0,1.0,0.5879208853308217,0.2598585302513824,0.0,1.0,0.2893571933129268,0.2613863393113542,0.0,1.0,15,0.19562043795620437,8.318978102189782,17
758,1368,1222,13.32707997302032,85.61622807017544,8,10,5,5,1047,0.7642335766423358,323,1101,0.8036496350364963,0.8634192932187201,904,197,0.8634192932187201,0.6099071207430341,0.8036496350364963,178,1058,5.943820224719101,0.00583941605839416,0.0072992700729927005,0.0036496350364963502,0.0036496350364963502,0.47387285417845687,0.28272535872434773,0.0,1.0,0.4382427843803056,0.3089656425205873,0.0,1.0,0.5888747406149782,0.25898246853591544,0.0,1.0,0.28907281644972643,0.26127353426632854,0.0,1.0,15,0.1966374269005848,8.331140350877194,17
759,1360,1202,13.369762923858488,85.55294117647058,8,16,9,7,1010,0.7383040935672515,358,1066,0.7792397660818714,0.8356435643564356,844,222,0.8356435643564356,0.6201117318435754,0.7792397660818714,178,1024,5.752808988764045,0.005847953216374269,0.011695906432748537,0.006578947368421052,0.005116959064327485,0.4735056925996205,0.2820514039024168,0.0,1.0,0.4390654648956357,0.30955587747550317,0.0,1.0,0.5893026565464895,0.25873525328380526,0.0,1.0,0.28911290322580646,0.2617079841525875,0.0,1.0,15,0.1963235294117647,8.3375,17
760,1363,1181,13.33832295683944,85.3015407190022,16,13,6,7,1011,0.7433823529411765,349,1068,0.7852941176470588,0.8486646884272997,858,210,0.8486646884272997,0.6017191977077364,0.7852941176470588,177,1024,5.785310734463277,0.011764705882352941,0.009558823529411765,0.004411764705882353,0.005147058823529412,0.47225049108939005,0.28159655821551943,0.0,1.0,0.4395427543606371,0.30939512500705524,0.0,1.0,0.5899462760040708,0.25828583231104263,0.0,1.0,0.2887842283388162,0.26146480116226156,0.0,1.0,15,0.19515774027879676,8.335289801907557,18
761,1358,1159,13.442661687352222,85.83578792341679,6,11,5,6,1023,0.7505502567865003,340,1099,0.8063096111518708,0.8651026392961877,885,214,0.8651026392961877,0.6294117647058823,0.8063096111518708,174,1051,6.040229885057471,0.004402054292002935,0.008070432868672046,0.003668378576669112,0.004402054292002935,0.4737754762696565,0.2821441805502632,0.0,1.0,0.43838187087272557,0.3091143061296601,0.0,1.0,0.5880564397358544,0.25801747592984287,0.0,1.0,0.28818471186279637,0.26063502465840377,0.0,1.0,15,0.19661266568483063,8.326215022091311,18
762,1370,1145,13.322657816429247,85.58394160583941,19,7,3,4,1026,0.7555228276877761,332,1083,0.7974963181148749,0.8674463937621832,890,193,0.8674463937621832,0.5813253012048193,0.7974963181148749,177,1046,5.909604519774011,0.013991163475699559,0.005154639175257732,0.0022091310751104565,0.0029455081001472753,0.47278078643748533,0.28156354024265384,0.0,1.0,0.43772074405462674,0.3090546780989144,0.0,1.0,0.588062161525783,0.2580889042406864,0.0,1.0,0.28832116788321166,0.2606500544441529,0.0,1.0,15,0.19635036496350364,8.337956204379562,18
763,1371,1121,13.357148209695579,85.88548504741065,13,12,3,9,1051,0.7671532846715329,319,1099,0.8021897810218979,0.8677450047573739,912,187,0.8677450047573739,0.5862068965517241,0.8021897810218979,175,1050,6.0,0.00948905109489051,0.008759124087591242,0.0021897810218978104,0.006569343065693431,0.4734476835839157,0.28217021363564176,0.0,1.0,0.43754264605538695,0.30888206075132274,0.0,1.0,0.5862920872450059,0.2583466888531644,0.0,1.0,0.28931083974494715,0.26115135112843935,0.0,1.0,15,0.1962071480671043,8.329686360320933,18
764,1373,1099,13.340901637251546,85.76911871813547,12,10,6,4,1045,0.762217359591539,326,1090,0.7950401167031363,0.8660287081339713,905,185,0.8660287081339713,0.5674846625766872,0.7950401167031363,172,1040,6.046511627906977,0.0087527352297593,0.007293946024799417,0.00437636761487965,0.0029175784099197666,0.47073749500740075,0.2812238817095144,0.0,1.0,0.43634142330192893,0.3087443060276968,0.0,1.0,0.5868007424288701,0.2581672908880234,0.0,1.0,0.28966473227920964,0.26179873079476124,0.0,1.0,15,0.19737800436999273,8.353969410050983,18
765,1371,1079,13.374716090344611,85.73960612691467,11,13,7,6,1013,0.7378004369992717,360,1090,0.7938820101966497,0.843040473840079,854,236,0.843040473840079,0.6555555555555556,0.7938820101966497,183,1053,5.754098360655738,0.008011653313911144,0.009468317552804079,0.005098324836125273,0.004369992716678805,0.4701536434436837,0.2815255672960041,0.0,1.0,0.43561327968753677,0.30894786136592917,0.0,1.0,0.586386202677584,0.25798005541662533,0.0,1.0,0.2896637726171149,0.26160402398416954,0.0,1.0,15,0.19839533187454414,8.348650619985412,18
766,1375,1056,13.353207347913907,85.38545454545455,19,15,4,11,1049,0.7651349380014588,322,1062,0.774617067833698,0.8369876072449952,878,184,0.8369876072449952,0.5714285714285714,0.774617067833698,175,1014,5.7942857142857145,0.013858497447118891,0.010940919037199124,0.0029175784099197666,0.008023340627279359,0.47021700879765393,0.282226180382968,0.0,1.0,0.43476832844574786,0.3087756585393977,0.0,1.0,0.5863929618768328,0.25801663112121254,0.0,1.0,0.2909090909090909,0.2618238576624397,0.0,1.0,15,0.1970909090909091,8.352727272727273,18
767,1380,1034,13.307951600075405,85.04057971014493,18,13,6,7,1009,0.7338181818181818,366,1071,0.7789090909090909,0.8473736372646185,855,216,0.8473736372646185,0.5901639344262295,0.7789090909090909,174,1023,5.879310344827586,0.01309090909090909,0.009454545454545455,0.004363636363636364,0.005090909090909091,0.47054698457223004,0.2826882652477372,0.0,1.0,0.43431510051425903,0.3092051540608606,0.0,1.0,0.5872136512388967,0.2580875718488568,0.0,1.0,0.2904160822814399,0.262281448091717,0.0,1.0,15,0.19855072463768117,8.373913043478261,18
768,1383,1006,13.313197485821227,84.88141720896601,13,10,6,4,999,0.7239130434782609,381,1096,0.7942028985507247,0.8528528528528528,852,244,0.8528528528528528,0.6404199475065617,0.7942028985507247,178,1046,5.876404494382022,0.009420289855072464,0.007246376811594203,0.004347826086956522,0.002898550724637681,0.47127562801763345,0.28219303643368077,0.0,1.0,0.43430597345648775,0.3097923523704921,0.0,1.0,0.587619247545075,0.25816123312197437,0.0,1.0,0.2901826324260024,0.2628283134581332,0.0,1.0,15,0.19884309472161968,8.385394070860448,18
769,1390,993,13.279133610006784,85.07410071942446,12,5,2,3,1015,0.7339117859725235,368,1083,0.7830802603036876,0.8463054187192118,859,224,0.8463054187192118,0.6086956521739131,0.7830802603036876,175,1045,5.9714285714285715,0.008676789587852495,0.0036153289949385392,0.0014461315979754157,0.0021691973969631237,0.47096774193548385,0.2817612907843555,0.0,1.0,0.4343699234161058,0.3096187217690003,0.0,1.0,0.5859596194012532,0.25930208112356845,0.0,1.0,0.2909491761429566,0.26275397446571397,0.0,1.0,15,0.19928057553956835,8.387769784172662,18
770,1388,974,13.364336928217767,85.58717579250721,6,8,4,4,1034,0.7438848920863309,356,1113,0.8007194244604317,0.839458413926499,868,245,0.839458413926499,0.6882022471910112,0.8007194244604317,179,1073,5.994413407821229,0.004316546762589928,0.0057553956834532375,0.0028776978417266188,0.0028776978417266188,0.47034489169842897,0.2815922139155612,0.0,1.0,0.43332248768243936,0.309951693749132,0.0,1.0,0.5855489448731059,0.2588084881692172,0.0,1.0,0.2904620247280841,0.26305366839741096,0.0,1.0,15,0.2010086455331412,8.390489913544668,18
771,1386,970,13.304686037723354,85.53391053391053,12,14,7,7,1025,0.7384726224783862,363,1063,0.765850144092219,0.84,861,202,0.84,0.5564738292011019,0.765850144092219,172,1031,5.994186046511628,0.008645533141210375,0.010086455331412104,0.005043227665706052,0.005043227665706052,0.4686263557231299,0.2805476576911277,0.0,1.0,0.4331099008518363,0.3100689950546861,0.0,1.0,0.5859749569426989,0.25871706206140854,0.0,1.0,0.2911837266675976,0.2630266034158901,0.0,1.0,15,0.2012987012987013,8.38961038961039,17
772,1386,951,13.283231256534972,85.3051948051948,13,13,7,6,1013,0.7308802308802309,373,1098,0.7922077922077922,0.859822309970385,871,227,0.859822309970385,0.6085790884718498,0.7922077922077922,182,1061,5.829670329670329,0.00937950937950938,0.00937950937950938,0.005050505050505051,0.004329004329004329,0.4672531769305963,0.27981709208277716,0.0,1.0,0.4329004329004329,0.31068656753109464,0.0,1.0,0.5863706186286832,0.2590551693472643,0.0,1.0,0.2904156775124517,0.263060819920537,0.0,1.0,15,0.20346320346320346,8.391774891774892,17
773,1394,936,13.21990261630021,85.28048780487805,13,5,3,2,1024,0.7388167388167388,362,1094,0.7893217893217893,0.861328125,882,212,0.861328125,0.585635359116022,0.7893217893217893,171,1050,6.140350877192983,0.00937950937950938,0.0036075036075036075,0.0021645021645021645,0.001443001443001443,0.46746424769750544,0.2794330280631813,0.0,1.0,0.4309945850881659,0.31110410627922974,0.0,1.0,0.5862683389642246,0.25863753750098295,0.0,1.0,0.289906048965613,0.262773723507191,0.0,1.0,15,0.20444763271162122,8.4038737446198,17
774,1399,922,13.17388694738642,85.23802716225876,18,13,2,11,1052,0.7546628407460545,342,1094,0.7847919655667145,0.8555133079847909,900,194,0.8555133079847909,0.5672514619883041,0.7847919655667145,179,1059,5.916201117318436,0.01291248206599713,0.009325681492109038,0.0014347202295552368,0.007890961262553802,0.4666236251700523,0.27871405174992403,0.0,1.0,0.4290161175032858,0.3113681270284213,0.0,1.0,0.5855565034932786,0.2583562797745598,0.0,1.0,0.29027646475593166,0.263382224436909,0.0,1.0,15,0.20800571837026446,8.417441029306648,18
775,1392,905,13.220378299789003,85.16235632183908,12,19,9,10,995,0.7112223016440314,404,1082,0.773409578270193,0.8291457286432161,825,257,0.8291457286432161,0.6361386138613861,0.773409578270193,175,1040,5.942857142857143,0.008577555396711936,0.013581129378127233,0.006433166547533953,0.007147962830593281,0.46380237300704485,0.27798319895181517,0.0,1.0,0.4292269187986652,0.3114909094534339,0.0,1.0,0.5850482017055988,0.2591486112024097,0.0,1.0,0.29124953652206154,0.26324809245646,0.0,1.0,15,0.20905172413793102,8.413074712643677,18
776,1396,889,13.179401226411704,85.12965616045845,16,12,4,8,1034,0.742816091954023,358,1098,0.7887931034482759,0.8491295938104448,878,220,0.8491295938104448,0.6145251396648045,0.7887931034482759,172,1054,6.127906976744186,0.011494252873563218,0.008620689655172414,0.0028735632183908046,0.005747126436781609,0.4631204362695258,0.2781360869510254,0.0,1.0,0.4318791015805527,0.3119296805799231,0.0,1.0,0.5861216378593216,0.25852158825845695,0.0,1.0,0.29189389037803865,0.2640869503685938,0.0,1.0,15,0.20702005730659026,8.428366762177651,18
777,1399,887,13.145690946226917,85.42172980700501,10,7,3,4,1031,0.7385386819484241,365,1096,0.7851002865329513,0.8496605237633366,876,220,0.8496605237633366,0.6027397260273972,0.7851002865329513,174,1068,6.137931034482759,0.0071633237822349575,0.00501432664756447,0.002148997134670487,0.0028653295128939827,0.462012036247089,0.2771800518893814,0.0,1.0,0.4321981138601305,0.312498053099181,0.0,1.0,0.5843344324286933,0.25802373091777664,0.0,1.0,0.29278978071894673,0.2649797726844329,0.0,1.0,15,0.20729092208720515,8.43531093638313,18
778,1403,872,13.092149133887238,85.47540983606558,11,7,4,3,1080,0.7719799857040743,319,1091,0.779842744817727,0.8601851851851852,929,162,0.8601851851851852,0.5078369905956113,0.779842744817727,182,1058,5.813186813186813,0.007862759113652609,0.005003573981415297,0.0028591851322373124,0.002144388849177984,0.46172947370841283,0.2766189938860188,0.0,1.0,0.43186259857908166,0.31141919716267996,0.0,1.0,0.58363414802382,0.25855544201964187,0.0,1.0,0.2937714114915044,0.26526685686828966,0.0,1.0,15,0.2045616535994298,8.439059158945117,18
779,1398,862,13.113385883795548,85.72603719599428,12,17,5,12,1037,0.7391304347826086,366,1073,0.7647897362794013,0.8379942140790743,869,204,0.8379942140790743,0.5573770491803278,0.7647897362794013,172,1035,6.017441860465116,0.008553100498930863,0.012116892373485389,0.003563791874554526,0.008553100498930863,0.4588582768009599,0.27496338943725457,0.0,1.0,0.4313304721030043,0.31252774835154207,0.0,1.0,0.5830679772947529,0.25851567947176773,0.0,1.0,0.2944529050717615,0.2659789443179514,0.0,1.0,15,0.20743919885550788,8.433476394849786,18
780,1400,853,13.10349404148961,85.82071428571429,11,9,4,5,1017,0.7274678111587983,381,1097,0.7846924177396281,0.8466076696165191,861,236,0.8466076696165191,0.6194225721784777,0.7846924177396281,173,1061,6.132947976878612,0.007868383404864092,0.006437768240343348,0.002861230329041488,0.00357653791130186,0.45919354838709675,0.27573123317430365,0.0,1.0,0.43064516129032254,0.31170908534612807,0.0,1.0,0.582926267281106,0.25855368282394314,0.0,1.0,0.29596774193548386,0.2659566890639459,0.0,1.0,15,0.20714285714285716,8.433571428571428,18
781,1402,832,13.04852467148311,85.80242510699001,13,11,6,5,1018,0.7271428571428571,382,1118,0.7985714285714286,0.8595284872298625,875,243,0.8595284872298625,0.6361256544502618,0.7985714285714286,171,1068,6.245614035087719,0.009285714285714286,0.007857142857142858,0.004285714285714286,0.0035714285714285713,0.458653536422622,0.27519423779683244,0.0,1.0,0.4304219778197046,0.3114669891337008,0.0,1.0,0.5817955915512402,0.25877711085944805,0.0,1.0,0.29508536192536006,0.26540965075762846,0.0,1.0,15,0.20827389443651925,8.449358059914408,18
782,1400,823,13.026849067045505,85.71142857142857,11,13,6,7,1016,0.724679029957204,386,1097,0.782453637660485,0.8562992125984252,870,227,0.8562992125984252,0.5880829015544041,0.782453637660485,170,1058,6.223529411764706,0.007845934379457917,0.009272467902995721,0.0042796005706134095,0.004992867332382311,0.45820276497695855,0.2745992854466252,0.0,1.0,0.43046082949308756,0.3114700112764765,0.0,1.0,0.581705069124424,0.2590254123482476,0.0,1.0,0.2952764976958525,0.2649232313793869,0.0,1.0,15,0.20714285714285716,8.450714285714286,18
783,1409,809,12.96905405686762,85.55997161107169,16,7,2,5,999,0.7135714285714285,401,1104,0.7885714285714286,0.8558558558558559,855,249,0.8558558558558559,0.6209476309226932,0.7885714285714286,181,1071,5.917127071823204,0.011428571428571429,0.005,0.0014285714285714286,0.0035714285714285713,0.4574509489686119,0.27378464796248814,0.0,1.0,0.42924517502690074,0.3113970013529866,0.0,1.0,0.5796149179239451,0.2591177407737627,0.0,1.0,0.296206414982028,0.26529529100279126,0.0,1.0,15,0.20723917672107878,8.453513129879347,18
784,1406,806,12.956677734709134,85.9601706970128,13,16,3,13,1045,0.7416607523066004,364,1106,0.7849538679914834,0.84688995215311,885,221,0.84688995215311,0.6071428571428571,0.7849538679914834,175,1078,6.16,0.009226401703335699,0.0113555713271824,0.0021291696238466998,0.009226401703335699,0.4556050107832791,0.27343803775532566,0.0,1.0,0.42894507410636445,0.31068285953651514,0.0,1.0,0.5788555958335245,0.25855113007029507,0.0,1.0,0.29621896939384207,0.26479659108139103,0.0,1.0,15,0.20768136557610242,8.448079658605975,18
785,1409,796,12.919850734274071,86.1653655074521,11,8,4,4,1021,0.7261735419630156,385,1110,0.7894736842105263,0.8726738491674828,891,219,0.8726738491674828,0.5688311688311688,0.7894736842105263,175,1075,6.142857142857143,0.007823613086770981,0.005689900426742532,0.002844950213371266,0.002844950213371266,0.4583667208498363,0.2739631434896278,0.0,1.0,0.4290391263536253,0.31111044650798014,0.0,1.0,0.5782412601021085,0.2583150517276152,0.0,1.0,0.2950617001304975,0.2646911693114523,0.0,1.0,15,0.20723917672107878,8.460610361958835,18
786,1407,788,12.869058266908059,86.20113717128642,9,11,7,4,1024,0.7267565649396736,385,1105,0.7842441447835344,0.859375,880,225,0.859375,0.5844155844155844,0.7842441447835344,172,1069,6.215116279069767,0.0063875088715401,0.007806955287437899,0.0049680624556423,0.0028388928317956,0.4567026618061765,0.27359575001305403,0.0,1.0,0.4290299653804709,0.3114258020029061,0.0,1.0,0.579177843501387,0.2581033295569266,0.0,1.0,0.294564046128803,0.2648262916055368,0.0,1.0,15,0.2082444918265814,8.467661691542288,18
787,1405,778,12.90108601084021,86.65907473309609,10,12,2,10,1078,0.7661691542288557,329,1142,0.8116560056858564,0.8775510204081632,946,196,0.8775510204081632,0.5957446808510638,0.8116560056858564,177,1109,6.265536723163842,0.007107320540156361,0.008528784648187633,0.0014214641080312722,0.007107320540156361,0.45487314889220526,0.2716050041765121,0.0,1.0,0.42881414303753873,0.3107522408837955,0.0,1.0,0.5793135116519343,0.2589149197053574,0.0,1.0,0.29518998966823556,0.2642497369052857,0.0,1.0,15,0.20782918149466192,8.456227758007117,18
788,1403,768,12.864723763934842,86.68709907341412,9,11,7,4,1071,0.7622775800711744,334,1129,0.80355871886121,0.869281045751634,931,198,0.869281045751634,0.592814371257485,0.80355871886121,173,1092,6.312138728323699,0.006405693950177936,0.007829181494661922,0.00498220640569395,0.0028469750889679717,0.45370519393925457,0.27144279562880874,0.0,1.0,0.42889660405122665,0.31009359224764094,0.0,1.0,0.5797484652702733,0.25901681473678284,0.0,1.0,0.29611661646701765,0.2639027835962953,0.0,1.0,15,0.2066999287241625,8.458303635067711,18
789,1393,759,12.889780459493506,86.74659009332376,7,17,10,7,1026,0.7312900926585887,377,1119,0.797576621525303,0.8732943469785575,896,223,0.8732943469785575,0.5915119363395226,0.797576621525303,173,1083,6.2601156069364166,0.004989308624376337,0.012116892373485389,0.007127583749109052,0.004989308624376337,0.45300233888335684,0.27099163648691416,0.0,1.0,0.42903457379061205,0.31058512009995104,0.0,1.0,0.579510455503323,0.25968230086231336,0.0,1.0,0.2965055693212607,0.2643699485357776,0.0,1.0,15,0.2074659009332376,8.455132806891601,18
790,1388,754,12.936636817031925,87.11527377521614,9,14,5,9,980,0.7035175879396985,413,1134,0.8140703517587939,0.8785714285714286,861,273,0.8785714285714286,0.6610169491525424,0.8140703517587939,178,1107,6.219101123595506,0.006460875807609476,0.010050251256281407,0.003589375448671931,0.006460875807609476,0.4527981779306498,0.27074609854459214,0.0,1.0,0.42962721948498656,0.31060223744405085,0.0,1.0,0.5776703541879706,0.25945260337304615,0.0,1.0,0.29638839825230084,0.2648514912758103,0.0,1.0,15,0.20605187319884727,8.458933717579251,18
791,1382,745,12.988066163114521,87.53545586107091,6,12,6,6,984,0.7089337175792507,404,1083,0.7802593659942363,0.8628048780487805,849,234,0.8628048780487805,0.5792079207920792,0.7802593659942363,172,1046,6.0813953488372094,0.004322766570605188,0.008645533141210375,0.004322766570605188,0.004322766570605188,0.45186966061341677,0.2702568257737234,0.0,1.0,0.43083889641006484,0.3106069220729486,0.0,1.0,0.5784510527052892,0.25881561481701726,0.0,1.0,0.2972550301106391,0.26541339037055894,0.0,1.0,15,0.2040520984081042,8.468162083936324,18
792,1379,731,13.004403437585522,87.69325598259609,8,11,6,5,1045,0.756150506512301,337,1128,0.8162083936324168,0.8813397129186603,921,207,0.8813397129186603,0.6142433234421365,0.8162083936324168,175,1089,6.222857142857142,0.005788712011577424,0.007959479015918957,0.004341534008683068,0.00361794500723589,0.4516362955858616,0.26962878470793583,0.0,1.0,0.4307235256965075,0.3111967292066578,0.0,1.0,0.5790544808065685,0.25915383156610705,0.0,1.0,0.2975976046223303,0.2653490995994351,0.0,1.0,15,0.2037708484408992,8.461928934010153,18
793,1376,719,12.994823878472564,87.59956395348837,8,11,7,4,1028,0.7454677302393038,351,1127,0.817258883248731,0.8803501945525292,905,222,0.8803501945525292,0.6324786324786325,0.817258883248731,168,1083,6.446428571428571,0.005801305293691081,0.007976794778825236,0.005076142131979695,0.0029006526468455403,0.45229276069017255,0.2698544472498808,0.0,1.0,0.43027944486121533,0.3110808690607243,0.0,1.0,0.5799653038259565,0.2590507528556887,0.0,1.0,0.29604276069017255,0.2648139958498856,0.0,1.0,15,0.20494186046511628,8.484738372093023,18
794,1379,716,12.911449615582361,87.51776649746193,10,7,6,1,1009,0.7332848837209303,367,1103,0.8015988372093024,0.8810703666997026,889,214,0.8810703666997026,0.5831062670299727,0.8015988372093024,172,1072,6.232558139534884,0.007267441860465116,0.005087209302325582,0.00436046511627907,0.0007267441860465116,0.45362464619055415,0.2703354057930734,0.0,1.0,0.4299983625347962,0.3109931651599433,0.0,1.0,0.5804112376897705,0.2594118019920407,0.0,1.0,0.2951414068165337,0.26392104691352375,0.0,1.0,15,0.20522117476432197,8.495286439448876,18
795,1380,714,12.8744045791009,87.45869565217392,13,12,5,7,1010,0.7324147933284989,369,1080,0.7831762146482959,0.8722772277227723,881,199,0.8722772277227723,0.5392953929539296,0.7831762146482959,177,1055,5.96045197740113,0.009427121102248005,0.00870195794053662,0.0036258158085569255,0.005076142131979695,0.4525946704067321,0.2703296234960094,0.0,1.0,0.4305516596540439,0.3097893313127473,0.0,1.0,0.5794997662459094,0.25979907386586026,0.0,1.0,0.29834034595605424,0.26471068214051313,0.0,1.0,15,0.20217391304347826,8.495652173913044,19
796,1373,702,12.985089089437931,88.27676620538966,7,14,2,12,1029,0.7456521739130435,351,1084,0.7855072463768116,0.8736637512147716,899,185,0.8736637512147716,0.5270655270655271,0.7855072463768116,176,1048,5.954545454545454,0.005072463768115942,0.010144927536231883,0.0014492753623188406,0.008695652173913044,0.4509080656908583,0.2694987953150429,0.0,1.0,0.431102130958814,0.3101130317035188,0.0,1.0,0.5791180132979348,0.2591516741634172,0.0,1.0,0.29798181519159833,0.26481691186658063,0.0,1.0,15,0.20174799708667152,8.489439184268026,19
797,1375,690,12.997413339074336,88.336,9,7,4,3,987,0.7188638018936635,386,1093,0.7960670065549891,0.8611955420466059,850,243,0.8611955420466059,0.6295336787564767,0.7960670065549891,181,1062,5.867403314917127,0.0065549890750182084,0.005098324836125273,0.0029133284777858705,0.0021849963583394027,0.45208211143695015,0.27024580421462246,0.0,1.0,0.43031085043988265,0.30942119142996083,0.0,1.0,0.5794017595307918,0.2593617791209048,0.0,1.0,0.29886217008797655,0.26445981701250204,0.0,1.0,15,0.19927272727272727,8.501818181818182,19
798,1373,681,12.986556067248436,88.28040786598689,8,10,7,3,1046,0.7607272727272727,329,1094,0.7956363636363636,0.869980879541109,910,184,0.869980879541109,0.5592705167173252,0.7956363636363636,179,1064,5.944134078212291,0.005818181818181818,0.007272727272727273,0.005090909090909091,0.002181818181818182,0.45318704038719076,0.27054626044630226,0.0,1.0,0.43187745224725704,0.3095188011244853,0.0,1.0,0.5788595728684538,0.25952263096197253,0.0,1.0,0.2988041256490379,0.26429192293877557,0.0,1.0,15,0.1995630007283321,8.51347414420976,19
799,1370,677,12.9905530057426,88.46788321167884,9,12,6,6,1006,0.7327021121631464,367,1101,0.8018936635105608,0.8667992047713717,872,229,0.8667992047713717,0.6239782016348774,0.8018936635105608,170,1067,6.276470588235294,0.0065549890750182084,0.00873998543335761,0.004369992716678805,0.004369992716678805,0.45295502707793733,0.2709781531002937,0.0,1.0,0.43343536614080524,0.3096501626201374,0.0,1.0,0.5785495643983989,0.25917646339452377,0.0,1.0,0.29901106663527194,0.26467517832374204,0.0,1.0,15,0.19854014598540146,8.515328467153285,19
800,1369,669,13.035065948151413,89.0854638422206,8,9,2,7,1018,0.743065693430657,352,1113,0.8124087591240876,0.8752455795677799,891,222,0.8752455795677799,0.6306818181818182,0.8124087591240876,173,1078,6.23121387283237,0.00583941605839416,0.006569343065693431,0.00145985401459854,0.0051094890510948905,0.45432267489808903,0.2718453130943836,0.0,1.0,0.43521289380051364,0.3093030204402986,0.0,1.0,0.5798440114046042,0.25918891277172984,0.0,1.0,0.2981220104149485,0.2645583815025372,0.0,1.0,15,0.197954711468225,8.517896274653031,19
801,1370,655,13.033915022865262,89.01094890510949,14,13,4,9,1019,0.7443389335281227,350,1128,0.8239590942293645,0.8792934249263984,896,232,0.8792934249263984,0.6628571428571428,0.8239590942293645,177,1091,6.163841807909605,0.010226442658875092,0.009495982468955442,0.0029218407596785976,0.006574141709276844,0.4542265128325877,0.2724476703908935,0.0,1.0,0.4359783376501059,0.30940379425879205,0.0,1.0,0.57909112314575,0.2591260549237888,0.0,1.0,0.29818695549799856,0.26444687778008535,0.0,1.0,15,0.1978102189781022,8.522627737226278,19
802,1366,655,12.996635232288066,88.88360175695462,10,14,8,6,1027,0.7496350364963503,343,1108,0.8087591240875912,0.8802336903602727,904,204,0.8802336903602727,0.5947521865889213,0.8087591240875912,166,1074,6.469879518072289,0.0072992700729927005,0.010218978102189781,0.00583941605839416,0.004379562043795621,0.4534784867519955,0.2722431418815219,0.0,1.0,0.43597978557596934,0.30957484589747186,0.0,1.0,0.5790157275775751,0.2594474743135977,0.0,1.0,0.29939073348132056,0.26504292801094154,0.0,1.0,15,0.19838945827232796,8.511713030746705,19
803,1374,655,12.875566422141494,88.76128093158661,15,7,4,3,1026,0.7510980966325037,340,1069,0.7825768667642753,0.854775828460039,877,192,0.854775828460039,0.5647058823529412,0.7825768667642753,174,1043,5.994252873563219,0.010980966325036604,0.005124450951683748,0.0029282576866764276,0.0021961932650073207,0.4538432643095272,0.2726881433255945,0.0,1.0,0.4349673662957224,0.3085569196195493,0.0,1.0,0.5777104756538479,0.25981007422883284,0.0,1.0,0.29959618725642106,0.2646158676188357,0.0,1.0,15,0.1965065502183406,8.527656477438137,19
804,1375,645,12.872551586009363,88.93963636363637,11,10,4,6,1024,0.745269286754003,350,1077,0.7838427947598253,0.8515625,872,205,0.8515625,0.5857142857142857,0.7838427947598253,181,1048,5.790055248618785,0.008005822416302766,0.00727802037845706,0.002911208151382824,0.004366812227074236,0.4531612903225807,0.27266447131122346,0.0,1.0,0.43460410557184753,0.3080317063767407,0.0,1.0,0.5788387096774193,0.25950140735287947,0.0,1.0,0.2987683284457478,0.2647402604612086,0.0,1.0,15,0.1970909090909091,8.553454545454546,19
805,1375,639,12.915670359705254,89.42472727272727,8,8,2,6,980,0.7127272727272728,395,1065,0.7745454545454545,0.8448979591836735,828,237,0.8448979591836735,0.6,0.7745454545454545,170,1029,6.052941176470588,0.005818181818181818,0.005818181818181818,0.0014545454545454545,0.004363636363636364,0.45053372434017597,0.2715040929587556,0.0,1.0,0.4346979472140763,0.30765337299251994,0.0,1.0,0.5789794721407625,0.25931855689114974,0.0,1.0,0.2997536656891496,0.2653266600771082,0.0,1.0,15,0.1970909090909091,8.544727272727274,19
806,1376,634,12.852584881524233,89.04869186046511,12,11,7,4,1016,0.738909090909091,359,1137,0.8269090909090909,0.890748031496063,905,232,0.890748031496063,0.6462395543175488,0.8269090909090909,173,1105,6.38728323699422,0.008727272727272728,0.008,0.005090909090909091,0.002909090909090909,0.4511909227306827,0.27236683072695145,0.0,1.0,0.4349915603900975,0.3074613201483718,0.0,1.0,0.5776678544636159,0.26042629169142045,0.0,1.0,0.30023912228057015,0.2653535103825215,0.0,1.0,15,0.19476744186046513,8.561046511627907,19
807,1374,637,12.818622192248014,89.15793304221252,7,9,6,3,1045,0.7594476744186046,331,1101,0.8001453488372093,0.8717703349282296,911,190,0.8717703349282296,0.5740181268882175,0.8001453488372093,168,1072,6.380952380952381,0.005087209302325582,0.006540697674418605,0.00436046511627907,0.002180232558139535,0.45149551580034747,0.2724694125431296,0.0,1.0,0.43538996102737476,0.3070737382115419,0.0,1.0,0.5783913227215101,0.25982124485301156,0.0,1.0,0.30077006151101093,0.2654180693740306,0.0,1.0,15,0.19286754002911208,8.566957787481805,19
808,1373,636,12.84590159127035,89.97815003641661,5,6,1,5,1058,0.7700145560407569,316,1130,0.8224163027656477,0.8771266540642723,928,202,0.8771266540642723,0.6392405063291139,0.8224163027656477,186,1115,5.994623655913978,0.00363901018922853,0.004366812227074236,0.000727802037845706,0.00363901018922853,0.4516129032258064,0.27211085954265335,0.0,1.0,0.436435401639922,0.30694189318132087,0.0,1.0,0.5789770457909451,0.26025683522022486,0.0,1.0,0.3015764866198341,0.2652162733114516,0.0,1.0,15,0.19155134741442098,8.566642388929353,19
809,1367,630,12.88601113355121,90.11192392099488,7,13,6,7,1039,0.7567370721048798,334,1110,0.8084486525855791,0.8825794032723773,917,193,0.8825794032723773,0.5778443113772455,0.8084486525855791,172,1076,6.255813953488372,0.005098324836125273,0.009468317552804079,0.004369992716678805,0.005098324836125273,0.45050381102956794,0.2719406145079109,0.0,1.0,0.43667555513604084,0.3072332333291416,0.0,1.0,0.5785685631356632,0.2603877757514596,0.0,1.0,0.30155508884536425,0.26477956280730436,0.0,1.0,15,0.19239209948792976,8.56181419166057,19
810,1370,625,12.842567340689772,90.4007299270073,9,6,3,3,1073,0.7849305047549379,294,1101,0.8054133138258961,0.8685927306616962,932,169,0.8685927306616962,0.5748299319727891,0.8054133138258961,180,1076,5.977777777777778,0.006583760058522311,0.0043891733723482075,0.0021945866861741038,0.0021945866861741038,0.44947021426889566,0.27152464366169965,0.0,1.0,0.4368730868848599,0.30838060322739863,0.0,1.0,0.5791382152107369,0.2606082109523859,0.0,1.0,0.29992936190251945,0.2646333930503317,0.0,1.0,15,0.1948905109489051,8.574452554744525,19
811,1359,622,12.96294337284622,91.29874908020604,1,12,4,8,995,0.7262773722627737,375,1106,0.8072992700729927,0.8693467336683417,865,241,0.8693467336683417,0.6426666666666667,0.8072992700729927,175,1078,6.16,0.00072992700729927,0.008759124087591242,0.00291970802919708,0.00583941605839416,0.4476963611763868,0.2704670115159947,0.0,1.0,0.4379880842175224,0.30827492031653536,0.0,1.0,0.5795532768401813,0.26077178268603024,0.0,1.0,0.2985354506397018,0.2643029183119856,0.0,1.0,15,0.1949963208241354,8.579838116261957,19
812,1358,627,12.929150854786192,91.36671575846833,9,10,6,4,1010,0.7431935246504783,349,1091,0.8027961736571008,0.8782178217821782,887,204,0.8782178217821782,0.5845272206303725,0.8027961736571008,176,1072,6.090909090909091,0.006622516556291391,0.007358351729212656,0.004415011037527594,0.0029433406916850625,0.4474796902465675,0.2706752183921442,0.0,1.0,0.43655280535892443,0.30811551958626116,0.0,1.0,0.5786973252886123,0.2610419134758389,0.0,1.0,0.29735379352938385,0.26385418599911503,0.0,1.0,15,0.19661266568483063,8.595729013254786,19
813,1355,631,12.898860449283328,91.30848708487085,9,12,8,4,971,0.7150220913107511,387,1104,0.812960235640648,0.8753861997940268,850,254,0.8753861997940268,0.6563307493540051,0.812960235640648,173,1081,6.2485549132947975,0.0066273932253313695,0.008836524300441826,0.005891016200294551,0.0029455081001472753,0.44685156528984643,0.270672377586379,0.0,1.0,0.4389715510058326,0.3078419780669825,0.0,1.0,0.5777169384597072,0.26087305592107923,0.0,1.0,0.2983216283775741,0.2647402842450706,0.0,1.0,15,0.19557195571955718,8.588929889298893,19
814,1350,632,12.896625841523354,91.8037037037037,6,11,5,6,1054,0.777859778597786,301,1127,0.8317343173431734,0.8956356736242884,944,183,0.8956356736242884,0.6079734219269103,0.8317343173431734,174,1102,6.333333333333333,0.004428044280442804,0.008118081180811807,0.0036900369003690036,0.004428044280442804,0.4455197132616488,0.27002000918384433,0.0,1.0,0.4390919952210275,0.3082586605998188,0.0,1.0,0.5773715651135005,0.2607345403092952,0.0,1.0,0.29663082437275984,0.26361470868721587,0.0,1.0,15,0.19703703703703704,8.587407407407408,19
815,1340,630,12.906578507894558,91.80746268656716,9,19,10,9,1001,0.7414814814814815,349,1147,0.8496296296296296,0.906093906093906,907,240,0.906093906093906,0.6876790830945558,0.8496296296296296,179,1124,6.279329608938547,0.006666666666666667,0.014074074074074074,0.007407407407407408,0.006666666666666667,0.4454020221473279,0.2699166936106226,0.0,1.0,0.43851709195955707,0.30768592142556833,0.0,1.0,0.5780934039480019,0.26108846813740194,0.0,1.0,0.2969908521906596,0.2640256081534314,0.0,1.0,15,0.19701492537313434,8.594029850746269,19
816,1336,631,12.961399749427672,92.27844311377245,4,8,3,5,1003,0.7485074626865672,337,1115,0.832089552238806,0.8973080757726819,900,215,0.8973080757726819,0.6379821958456974,0.832089552238806,179,1095,6.11731843575419,0.0029850746268656717,0.005970149253731343,0.002238805970149254,0.0037313432835820895,0.4441278732856867,0.2697345463884174,0.0,1.0,0.4385503187174039,0.30722573275229825,0.0,1.0,0.5785203785976434,0.2607670143523685,0.0,1.0,0.29650376666022793,0.26372330932866345,0.0,1.0,15,0.19835329341317365,8.603293413173652,19
817,1331,633,12.95794670025923,92.46656649135988,5,10,7,3,1027,0.7687125748502994,309,1104,0.8263473053892215,0.8977604673807206,922,182,0.8977604673807206,0.5889967637540453,0.8263473053892215,183,1089,5.950819672131147,0.0037425149700598802,0.0074850299401197605,0.005239520958083832,0.002245508982035928,0.44342114829984725,0.26962683971469764,0.0,1.0,0.4385012481520079,0.3075547292026222,0.0,1.0,0.5786093405394925,0.2611403587656847,0.0,1.0,0.2973267734664696,0.26382036518979113,0.0,1.0,15,0.1990984222389181,8.592787377911344,19
818,1329,641,12.931192943395446,92.71407072987209,8,10,6,4,948,0.7122464312546957,383,1120,0.8414725770097671,0.9050632911392406,858,262,0.9050632911392406,0.6840731070496083,0.8414725770097671,173,1101,6.364161849710983,0.006010518407212622,0.007513148009015778,0.004507888805409466,0.003005259203606311,0.4436515449404112,0.2700803579400494,0.0,1.0,0.4386514235782422,0.30696369834216175,0.0,1.0,0.5774654724629238,0.261356834493597,0.0,1.0,0.29714313454210056,0.26348048989082196,0.0,1.0,15,0.1986455981941309,8.579382994732882,19
819,1330,644,12.922776702443945,93.11954887218045,7,6,3,3,1020,0.7674943566591422,309,1125,0.8465011286681715,0.9127450980392157,931,194,0.9127450980392157,0.627831715210356,0.8465011286681715,174,1102,6.333333333333333,0.005267118133935289,0.004514672686230248,0.002257336343115124,0.002257336343115124,0.44266310938636916,0.2696040887959766,0.0,1.0,0.4390492359932089,0.3070022659516703,0.0,1.0,0.5772010671840893,0.26116084367155346,0.0,1.0,0.2970894979383944,0.26382497704881436,0.0,1.0,15,0.19924812030075187,8.577443609022556,19
820,1330,648,12.900558476617194,93.45112781954887,7,7,4,3,985,0.7406015037593985,345,1128,0.8481203007518797,0.9015228426395939,888,240,0.9015228426395939,0.6956521739130435,0.8481203007518797,172,1104,6.4186046511627906,0.005263157894736842,0.005263157894736842,0.0030075187969924814,0.002255639097744361,0.44249333009944214,0.26995946502219764,0.0,1.0,0.4394373029347563,0.30741773403940204,0.0,1.0,0.5781954887218045,0.2612574277572105,0.0,1.0,0.2968227019160805,0.26390136524885194,0.0,1.0,15,0.19924812030075187,8.581203007518797,19
821,1337,649,12.827723841880639,93.63649962602842,10,3,2,1,1020,0.7669172932330827,310,1145,0.8609022556390977,0.9215686274509803,940,205,0.9215686274509803,0.6612903225806451,0.8609022556390977,171,1117,6.5321637426900585,0.007518796992481203,0.002255639097744361,0.0015037593984962407,0.0007518796992481203,0.4417207518035081,0.269974337264116,0.0,1.0,0.43904263275991023,0.3074882530069485,0.0,1.0,0.5779670422467248,0.26156602337776025,0.0,1.0,0.29647501628585904,0.2637920355103096,0.0,1.0,15,0.19970082273747194,8.588631264023935,19
822,1335,642,12.802138484419755,93.3438202247191,11,13,9,4,993,0.7427075542258789,344,1115,0.8339566192969334,0.9144008056394763,908,207,0.9144008056394763,0.6017441860465116,0.8339566192969334,179,1087,6.072625698324022,0.008227374719521317,0.009723261032161555,0.006731488406881077,0.0029917726252804786,0.44170593210100273,0.27064030682950047,0.0,1.0,0.43914461761507795,0.3073187496499641,0.0,1.0,0.5794611574241876,0.2615197013246658,0.0,1.0,0.29633925335266403,0.26378307785052685,0.0,1.0,15,0.199250936329588,8.601498127340824,19
823,1327,643,12.88015519682625,94.03240391861341,3,11,4,7,1021,0.7647940074906368,314,1101,0.8247191011235955,0.89128305582762,910,191,0.89128305582762,0.60828025477707,0.8247191011235955,173,1075,6.213872832369942,0.0022471910112359553,0.008239700374531835,0.00299625468164794,0.0052434456928838954,0.4405766098645988,0.27035868844648353,0.0,1.0,0.43984733937817533,0.30664822190450985,0.0,1.0,0.5803291440795392,0.26093956110343886,0.0,1.0,0.29712910518511315,0.2641415039599961,0.0,1.0,14,0.19593067068575734,8.59457422758101,19
824,1317,646,12.895498544304791,93.68261199696279,7,17,13,4,943,0.7106254709871892,384,1073,0.8085908063300679,0.88016967126193,830,243,0.88016967126193,0.6328125,0.8085908063300679,173,1049,6.063583815028902,0.0052750565184626974,0.01281085154483798,0.009796533534287867,0.003014318010550113,0.4398314840669165,0.27011759918597594,0.0,1.0,0.4404438239400397,0.30680574538767874,0.0,1.0,0.5806206676953977,0.26022165162780647,0.0,1.0,0.2973522423886154,0.26469137507380786,0.0,1.0,14,0.19741837509491267,8.617312072892938,19
825,1309,648,12.968503062863471,94.16348357524828,4,12,6,6,1004,0.762338648443432,313,1064,0.8078967350037966,0.8754980079681275,879,185,0.8754980079681275,0.5910543130990416,0.8078967350037966,171,1037,6.064327485380117,0.0030372057706909645,0.009111617312072893,0.004555808656036446,0.004555808656036446,0.43791123487518174,0.2690138749088905,0.0,1.0,0.43973483821681164,0.30703117818615344,0.0,1.0,0.5798072894847088,0.26102188755819894,0.0,1.0,0.29818378964489023,0.26521858263302145,0.0,1.0,14,0.19862490450725745,8.612681436210847,19
826,1306,654,12.95097093197549,94.09418070444104,8,11,8,3,994,0.7593582887700535,315,1081,0.8258212375859435,0.8913480885311871,886,195,0.8913480885311871,0.6190476190476191,0.8258212375859435,170,1057,6.2176470588235295,0.006111535523300229,0.008403361344537815,0.006111535523300229,0.002291825821237586,0.436397767129378,0.2679339778824534,0.0,1.0,0.4398063528133182,0.307311717971836,0.0,1.0,0.580101763572593,0.2607545622380749,0.0,1.0,0.2984241466185842,0.26555657396179566,0.0,1.0,14,0.1998468606431853,8.614088820826952,19
827,1302,650,13.047289196256672,94.67204301075269,6,10,2,8,975,0.7465543644716692,331,1106,0.8468606431852986,0.9097435897435897,887,219,0.9097435897435897,0.6616314199395771,0.8468606431852986,183,1085,5.9289617486338795,0.004594180704441042,0.007656967840735069,0.0015313935681470138,0.006125574272588055,0.43540954363014717,0.267775833003265,0.0,1.0,0.43962142609385063,0.30716872362873954,0.0,1.0,0.580793815965512,0.26043515646395765,0.0,1.0,0.2982012784302066,0.26571270896729854,0.0,1.0,14,0.2012288786482335,8.602918586789555,19
828,1305,653,13.036701789087246,95.17471264367816,6,3,2,1,961,0.7380952380952381,341,1081,0.8302611367127496,0.8886576482830385,854,227,0.8886576482830385,0.6656891495601173,0.8302611367127496,178,1062,5.966292134831461,0.004608294930875576,0.002304147465437788,0.0015360983102918587,0.0007680491551459293,0.4350018539117538,0.2675430815285564,0.0,1.0,0.439253491533803,0.3075971785815211,0.0,1.0,0.5803485354097145,0.26025808800815936,0.0,1.0,0.2982078853046595,0.26593039814664193,0.0,1.0,14,0.20153256704980843,8.6,19
829,1301,651,13.06137769332677,95.39584934665642,7,11,6,5,971,0.7440613026819923,334,1069,0.8191570881226053,0.8959835221421215,870,199,0.8959835221421215,0.5958083832335329,0.8191570881226053,178,1045,5.870786516853933,0.0053639846743295016,0.00842911877394636,0.004597701149425287,0.0038314176245210726,0.4348268081624557,0.26731264121898446,0.0,1.0,0.44067838635292955,0.30780615441766707,0.0,1.0,0.5813642111527113,0.25894687117684606,0.0,1.0,0.2979841809030275,0.26615953119475083,0.0,1.0,14,0.2013835511145273,8.610299769408147,19
830,1292,651,13.16625371836146,95.60835913312694,6,15,6,9,951,0.7309761721752498,350,1091,0.8385857033051499,0.8916929547844374,848,243,0.8916929547844374,0.6942857142857143,0.8385857033051499,181,1072,5.922651933701657,0.004611837048424289,0.011529592621060722,0.004611837048424289,0.006917755572636433,0.4352092280035953,0.2679299177206785,0.0,1.0,0.4405772495755518,0.3064197966549185,0.0,1.0,0.5810696095076401,0.2594321972318448,0.0,1.0,0.29818735643663236,0.26616754071708004,0.0,1.0,14,0.19891640866873064,8.619195046439629,19
831,1286,647,13.262190744235781,95.94012441679627,4,10,5,5,960,0.7430340557275542,332,1071,0.8289473684210527,0.8927083333333333,857,214,0.8927083333333333,0.6445783132530121,0.8289473684210527,183,1050,5.737704918032787,0.0030959752321981426,0.007739938080495356,0.003869969040247678,0.003869969040247678,0.4342798374554759,0.26799744160699035,0.0,1.0,0.4412782822455225,0.30664760994860574,0.0,1.0,0.580293984849245,0.25938720568183027,0.0,1.0,0.29807354638037425,0.2664608141186303,0.0,1.0,14,0.19906687402799378,8.619751166407465,19
832,1285,652,13.275875254159589,95.9953307392996,7,8,6,2,927,0.7208398133748056,359,1078,0.838258164852255,0.9039913700107874,838,240,0.9039913700107874,0.6685236768802229,0.838258164852255,172,1055,6.133720930232558,0.005443234836702955,0.006220839813374806,0.004665629860031105,0.0015552099533437014,0.43409062382327096,0.26739873887724097,0.0,1.0,0.44275134931592824,0.30622001516704556,0.0,1.0,0.5796410192042174,0.25941462271012483,0.0,1.0,0.2999874482239237,0.2670302260359081,0.0,1.0,14,0.19688715953307392,8.621789883268482,19
833,1283,650,13.324527507521404,96.36321122369446,6,8,4,4,957,0.7447470817120623,328,1080,0.8404669260700389,0.9143155694879833,875,205,0.9143155694879833,0.625,0.8404669260700389,164,1042,6.353658536585366,0.004669260700389105,0.0062256809338521405,0.0031128404669260703,0.0031128404669260703,0.43330902873808863,0.2666477318369427,0.0,1.0,0.4432403892087597,0.30734198562320053,0.0,1.0,0.579941166117718,0.25860356063063417,0.0,1.0,0.2995750886279637,0.2671119871933564,0.0,1.0,14,0.1995323460639127,8.626656274356975,19
834,1280,652,13.259313248472106,95.8265625,10,13,11,2,956,0.745128604832424,327,1084,0.8448947778643804,0.9069037656903766,867,217,0.9069037656903766,0.6636085626911316,0.8448947778643804,168,1054,6.273809523809524,0.00779423226812159,0.010132501948558068,0.00857365549493375,0.001558846453624318,0.4327116935483871,0.2664382167727022,0.0,1.0,0.4417590725806452,0.3076134091059474,0.0,1.0,0.5805191532258064,0.25856959845216887,0.0,1.0,0.29957157258064515,0.26742988248937594,0.0,1.0,14,0.2,8.63828125,19
835,1275,658,13.330841526197627,96.42588235294117,6,11,4,7,944,0.7375,336,1049,0.81953125,0.8930084745762712,843,206,0.8930084745762712,0.6130952380952381,0.81953125,178,1033,5.803370786516854,0.0046875,0.00859375,0.003125,0.00546875,0.4317773561037318,0.26595759239441014,0.0,1.0,0.44478178368121446,0.307973945814006,0.0,1.0,0.579405439595193,0.2591393128396682,0.0,1.0,0.30011385199240986,0.26770350061745746,0.0,1.0,14,0.1984313725490196,8.634509803921569,19
836,1272,664,13.35020053571638,96.36713836477988,9,12,7,5,911,0.7145098039215686,364,1061,0.832156862745098,0.897914379802415,818,243,0.897914379802415,0.6675824175824175,0.832156862745098,171,1038,6.0701754385964914,0.007058823529411765,0.009411764705882352,0.005490196078431373,0.00392156862745098,0.43287177926557113,0.2666728117060172,0.0,1.0,0.44453743152769326,0.3090007858915316,0.0,1.0,0.5789713937918441,0.25878085724767697,0.0,1.0,0.3008216676810712,0.26801247175290643,0.0,1.0,14,0.19968553459119498,8.625786163522013,19
837,1266,665,13.42807244048336,96.77014218009478,2,8,7,1,960,0.7547169811320755,312,1068,0.839622641509434,0.9083333333333333,872,196,0.9083333333333333,0.6282051282051282,0.839622641509434,185,1054,5.697297297297298,0.0015723270440251573,0.006289308176100629,0.00550314465408805,0.0007861635220125787,0.4325281557356164,0.26614871506177634,0.0,1.0,0.44404525301941594,0.30858297043474436,0.0,1.0,0.5789634612444581,0.25873975139187955,0.0,1.0,0.30008153697192075,0.2678162047374918,0.0,1.0,14,0.19984202211690363,8.629541864139021,19
838,1269,666,13.35835363268317,96.46414499605989,13,10,6,4,925,0.7306477093206951,341,1082,0.8546603475513428,0.9254054054054054,856,226,0.9254054054054054,0.6627565982404692,0.8546603475513428,183,1066,5.825136612021858,0.010268562401263823,0.007898894154818325,0.004739336492890996,0.00315955766192733,0.43348839573959685,0.2660228345492085,0.0,1.0,0.44472406517705076,0.30869624828188647,0.0,1.0,0.5809247820229289,0.2592610998958457,0.0,1.0,0.29812654109153763,0.2670478331779207,0.0,1.0,14,0.19858156028368795,8.63672182821119,19
839,1264,672,13.396819982291237,96.51503164556962,7,12,6,6,955,0.7525610717100079,314,1059,0.83451536643026,0.912041884816754,871,188,0.912041884816754,0.5987261146496815,0.83451536643026,170,1035,6.088235294117647,0.005516154452324665,0.009456264775413711,0.004728132387706856,0.004728132387706856,0.433008370763577,0.26574448529528455,0.0,1.0,0.4451051449571254,0.30883531167216666,0.0,1.0,0.5803389138423846,0.2596671571297084,0.0,1.0,0.29777460187831767,0.26690056121055933,0.0,1.0,14,0.20015822784810128,8.63132911392405,19
840,1270,680,13.330762753583159,96.18267716535433,13,7,4,3,956,0.7563291139240507,308,1047,0.8283227848101266,0.9089958158995816,869,178,0.9089958158995816,0.577922077922078,0.8283227848101266,169,1024,6.059171597633136,0.010284810126582278,0.005537974683544304,0.0031645569620253164,0.0023734177215189874,0.4319024638049276,0.2659911753678653,0.0,1.0,0.44612649225298456,0.30898616731184664,0.0,1.0,0.580518161036322,0.25945930588910543,0.0,1.0,0.2981711963423927,0.2677167149684741,0.0,1.0,14,0.2,8.637795275590552,19
841,1271,678,13.306053119550848,95.70338316286389,12,11,7,4,928,0.7307086614173228,342,1105,0.8700787401574803,0.9234913793103449,857,248,0.9234913793103449,0.7251461988304093,0.8700787401574803,182,1085,5.961538461538462,0.009448818897637795,0.008661417322834646,0.005511811023622047,0.0031496062992125984,0.4303951676353392,0.26549251371795685,0.0,1.0,0.445597827466308,0.3094201373735352,0.0,1.0,0.581051242354255,0.2597118158691823,0.0,1.0,0.29694677800055835,0.267157577083335,0.0,1.0,14,0.2014162077104642,8.657749803304485,19
842,1270,681,13.323603199665554,96.05826771653544,6,7,4,3,966,0.7600314712824547,305,1089,0.8568056648308419,0.912008281573499,881,208,0.912008281573499,0.6819672131147541,0.8568056648308419,170,1062,6.247058823529412,0.004720692368214005,0.0055074744295830055,0.003147128245476003,0.0023603461841070024,0.42994665989331976,0.26549513027762833,0.0,1.0,0.4447040894081788,0.3096437424563355,0.0,1.0,0.581000762001524,0.25958380198188685,0.0,1.0,0.2971551943103886,0.26713182708431943,0.0,1.0,14,0.20236220472440944,8.656692913385827,19
843,1274,687,13.248427126587535,95.8061224489796,11,7,6,1,922,0.7259842519685039,348,1062,0.8362204724409449,0.8893709327548807,820,242,0.8893709327548807,0.6954022988505747,0.8362204724409449,172,1040,6.046511627906977,0.008661417322834646,0.005511811023622047,0.004724409448818898,0.0007874015748031496,0.4295336000405125,0.26566138858119065,0.0,1.0,0.4424722742695093,0.3091241872456722,0.0,1.0,0.5797083101230567,0.259317874468468,0.0,1.0,0.29710842153238465,0.2674424442374601,0.0,1.0,14,0.20408163265306123,8.656985871271585,19
844,1274,689,13.233374497068699,95.57927786499215,9,9,8,1,924,0.7252747252747253,350,1047,0.8218210361067504,0.9015151515151515,833,214,0.9015151515151515,0.6114285714285714,0.8218210361067504,178,1027,5.769662921348314,0.00706436420722135,0.00706436420722135,0.006279434850863423,0.0007849293563579278,0.4300146857750545,0.2667057920047499,0.0,1.0,0.44280143819314327,0.3095126642155231,0.0,1.0,0.5804932394794146,0.2590910669222759,0.0,1.0,0.2960702891578468,0.2671872021710391,0.0,1.0,14,0.20565149136577707,8.664050235478808,19
845,1276,691,13.185069755834407,95.33150470219435,11,9,6,3,928,0.728414442700157,346,1061,0.8328100470957613,0.9040948275862069,839,222,0.9040948275862069,0.6416184971098265,0.8328100470957613,167,1030,6.167664670658683,0.008634222919937205,0.00706436420722135,0.004709576138147566,0.002354788069073783,0.429997977550814,0.266227602877808,0.0,1.0,0.44349782586712505,0.31000916410741886,0.0,1.0,0.5809485286682172,0.25890985388451154,0.0,1.0,0.29386186672059866,0.2669381448118681,0.0,1.0,14,0.20689655172413793,8.681034482758621,19
846,1271,698,13.222639283109062,95.62155782848151,4,9,6,3,941,0.737460815047022,335,1070,0.8385579937304075,0.9128586609989373,859,211,0.9128586609989373,0.6298507462686567,0.8385579937304075,168,1045,6.220238095238095,0.003134796238244514,0.007053291536050157,0.004702194357366771,0.0023510971786833857,0.4295068653079871,0.2660223797991781,0.0,1.0,0.4438212228116038,0.30963972578170895,0.0,1.0,0.5820410649475901,0.25857893321736497,0.0,1.0,0.293723509555595,0.26632036769661005,0.0,1.0,14,0.2053501180173092,8.679779701022817,19
847,1264,698,13.306376970516325,95.98259493670886,4,11,6,5,933,0.7340676632572777,338,1062,0.8355625491738788,0.917470525187567,856,206,0.917470525187567,0.6094674556213018,0.8355625491738788,177,1039,5.870056497175141,0.003147128245476003,0.00865460267505901,0.004720692368214005,0.003933910306845004,0.428261535320539,0.2648447028357442,0.0,1.0,0.4445436913025725,0.3097492631020359,0.0,1.0,0.5826357697019191,0.2583852174633603,0.0,1.0,0.2934616169865251,0.2662373272464632,0.0,1.0,14,0.20490506329113925,8.685917721518987,19
848,1265,700,13.313629163959941,96.08221343873518,9,8,4,4,976,0.7721518987341772,288,1098,0.8686708860759493,0.9262295081967213,904,194,0.9262295081967213,0.6736111111111112,0.8686708860759493,170,1070,6.294117647058823,0.007120253164556962,0.006329113924050633,0.0031645569620253164,0.0031645569620253164,0.4286625015937779,0.26555755067282155,0.0,1.0,0.4437077648858855,0.3091984262840934,0.0,1.0,0.5809001657529007,0.2578507353532245,0.0,1.0,0.2939436440137702,0.2664734480453948,0.0,1.0,14,0.20395256916996046,8.685375494071145,19
849,1263,699,13.325803586394075,95.89152810768013,9,11,7,4,941,0.7438735177865613,324,1095,0.8656126482213439,0.9149840595111584,861,234,0.9149840595111584,0.7222222222222222,0.8656126482213439,170,1064,6.258823529411765,0.0071146245059288534,0.008695652173913044,0.005533596837944664,0.0031620553359683794,0.42885602635813347,0.2654618043961594,0.0,1.0,0.44397619594922483,0.3089130918765378,0.0,1.0,0.5819732842949454,0.25860965056289864,0.0,1.0,0.29397491890787425,0.2652947401635691,0.0,1.0,14,0.2034837688044339,8.69200316706255,16
850,1263,702,13.246617651516297,95.54077593032463,10,10,9,1,925,0.7323832145684878,338,1066,0.8440221694378464,0.9059459459459459,838,228,0.9059459459459459,0.6745562130177515,0.8440221694378464,172,1041,6.0523255813953485,0.00791765637371338,0.00791765637371338,0.007125890736342043,0.000791765637371338,0.42885602635813347,0.26506113257268316,0.0,1.0,0.44364416519806915,0.30953750697876814,0.0,1.0,0.5804152938472147,0.2591078821720866,0.0,1.0,0.29244246928715556,0.2647736320331519,0.0,1.0,14,0.20506730007917656,8.709422011084719,16
851,1262,695,13.30018575377772,95.62123613312203,7,8,6,2,920,0.728424386381631,343,1065,0.8432304038004751,0.9141304347826087,841,224,0.9141304347826087,0.6530612244897959,0.8432304038004751,179,1037,5.793296089385475,0.0055423594615993665,0.006334125098970704,0.004750593824228029,0.001583531274742676,0.4292214099483666,0.26461127484500496,0.0,1.0,0.44460917131026023,0.309989573385104,0.0,1.0,0.581463115382649,0.25896586844006775,0.0,1.0,0.29116609580287306,0.2639657708335532,0.0,1.0,14,0.205229793977813,8.722662440570524,16
852,1269,704,13.268768810290021,95.92198581560284,8,1,1,0,934,0.7400950871632329,328,1014,0.803486529318542,0.8918629550321199,833,181,0.8918629550321199,0.551829268292683,0.803486529318542,165,988,5.987878787878788,0.006339144215530904,0.000792393026941363,0.000792393026941363,0.0,0.4282518620198785,0.2641468265762427,0.0,1.0,0.4433768016472203,0.30958504149409927,0.0,1.0,0.5816111238211443,0.2589065517599977,0.0,1.0,0.2910851826431785,0.26429241655404667,0.0,1.0,14,0.20724980299448384,8.73364854215918,16
853,1263,701,13.34940699294963,95.812351543943,7,13,7,6,950,0.7486209613869188,319,1063,0.8376674546887313,0.8989473684210526,854,209,0.8989473684210526,0.6551724137931034,0.8376674546887313,184,1044,5.673913043478261,0.005516154452324665,0.01024428684003152,0.005516154452324665,0.004728132387706856,0.4266595152351033,0.26320330692908595,0.0,1.0,0.44688785022859034,0.30933911368447276,0.0,1.0,0.5814369269276939,0.2598656260925876,0.0,1.0,0.29241692846014355,0.26442665274165184,0.0,1.0,14,0.20506730007917656,8.72763262074426,16
854,1256,706,13.37548535059954,95.74442675159236,6,13,10,3,932,0.7379255740300871,331,1062,0.8408551068883611,0.9227467811158798,860,202,0.9227467811158798,0.6102719033232629,0.8408551068883611,173,1040,6.011560693641618,0.004750593824228029,0.010292953285827395,0.00791765637371338,0.0023752969121140144,0.42641771111567706,0.26309558859054827,0.0,1.0,0.4476063283336758,0.3090503078798183,0.0,1.0,0.5806451612903225,0.2597700217869614,0.0,1.0,0.2933275118142593,0.2645015034936338,0.0,1.0,14,0.20302547770700638,8.726114649681529,16
855,1257,717,13.39169861421033,96.2895783611774,6,5,2,3,956,0.7611464968152867,300,1045,0.8320063694267515,0.9142259414225942,874,171,0.9142259414225942,0.57,0.8320063694267515,169,1025,6.06508875739645,0.004777070063694267,0.003980891719745223,0.0015923566878980893,0.0023885350318471337,0.4266943824261555,0.2627864503137268,0.0,1.0,0.4463777042112557,0.308659626059392,0.0,1.0,0.5796956399004285,0.2593187993648723,0.0,1.0,0.2929915056329715,0.2644264748036711,0.0,1.0,14,0.20365950676213207,8.722354813046937,16
856,1268,718,13.324451732599828,96.31388012618297,12,1,1,0,945,0.7517899761336515,312,1092,0.8687350835322196,0.9259259259259259,875,217,0.9259259259259259,0.6955128205128205,0.8687350835322196,182,1075,5.906593406593407,0.00954653937947494,0.0007955449482895784,0.0007955449482895784,0.0,0.42632542993792616,0.2622579434144422,0.0,1.0,0.4453037549608222,0.3091185778432045,0.0,1.0,0.5807214816322377,0.2591165352492512,0.0,1.0,0.2920525083952376,0.2639073995012196,0.0,1.0,14,0.20504731861198738,8.734227129337539,16
857,1263,724,13.42845326508837,96.95803642121932,3,8,4,4,913,0.7200315457413249,355,1061,0.8367507886435331,0.927710843373494,847,214,0.927710843373494,0.6028169014084507,0.8367507886435331,174,1041,5.982758620689655,0.002365930599369085,0.006309148264984227,0.0031545741324921135,0.0031545741324921135,0.42637856613797154,0.26269867110525447,0.0,1.0,0.44581513549408736,0.3094140787123932,0.0,1.0,0.5800832630960591,0.2592106962687404,0.0,1.0,0.29328531657855084,0.26403481654491806,0.0,1.0,14,0.2042755344418052,8.72763262074426,16
858,1260,729,13.461508044012687,96.88333333333334,6,9,6,3,944,0.7474267616785432,319,1059,0.838479809976247,0.9184322033898306,867,192,0.9184322033898306,0.6018808777429467,0.838479809976247,175,1039,5.937142857142857,0.004750593824228029,0.007125890736342043,0.004750593824228029,0.0023752969121140144,0.42601126472094214,0.2623308839926948,0.0,1.0,0.44695340501792113,0.3105244633509908,0.0,1.0,0.5796722990271377,0.25901459451287123,0.0,1.0,0.2943932411674347,0.2652247444490031,0.0,1.0,14,0.20317460317460317,8.732539682539683,16
859,1254,738,13.49636464098399,97.05342902711324,4,10,7,3,915,0.7261904761904762,345,1077,0.8547619047619047,0.9245901639344263,846,231,0.9245901639344263,0.6695652173913044,0.8547619047619047,173,1059,6.121387283236994,0.0031746031746031746,0.007936507936507936,0.005555555555555556,0.002380952380952381,0.42506559654267634,0.26207636001501344,0.0,1.0,0.44711117970880276,0.3106485077470043,0.0,1.0,0.5796161959150075,0.25900290507267093,0.0,1.0,0.29382106292123267,0.26488023632706564,0.0,1.0,14,0.20334928229665072,8.742424242424242,16
860,1247,742,13.589367353497561,97.28388131515638,3,10,7,3,925,0.7376395534290271,329,1081,0.8620414673046252,0.9394594594594594,869,212,0.9394594594594594,0.6443768996960486,0.8620414673046252,170,1055,6.205882352941177,0.0023923444976076554,0.007974481658692184,0.005582137161084529,0.0023923444976076554,0.42530460201257214,0.2625232084851332,0.0,1.0,0.44835346767726414,0.3104118463155754,0.0,1.0,0.5802312647127299,0.2586617031373532,0.0,1.0,0.2931163825439118,0.26497059322118205,0.0,1.0,14,0.2036888532477947,8.74979951884523,16
861,1253,750,13.565032239629998,97.39824421388667,9,3,2,1,906,0.7265437048917401,341,1070,0.8580593424218124,0.9304635761589404,843,227,0.9304635761589404,0.6656891495601173,0.8580593424218124,171,1049,6.1345029239766085,0.007217321571772253,0.0024057738572574178,0.0016038492381716118,0.0008019246190858059,0.4247612182375203,0.2626431423362632,0.0,1.0,0.447699714234225,0.3101451377403222,0.0,1.0,0.5804134593105579,0.25828475682155944,0.0,1.0,0.2926910897716448,0.26486992083246286,0.0,1.0,14,0.20271348762968874,8.759776536312849,16
862,1253,756,13.503614018365287,96.92897047086991,11,11,8,3,946,0.7549880287310455,307,1082,0.8635275339185954,0.9334038054968288,883,199,0.9334038054968288,0.6482084690553745,0.8635275339185954,174,1062,6.103448275862069,0.008778930566640064,0.008778930566640064,0.006384676775738229,0.0023942537909018356,0.4244522822645007,0.2626651289294576,0.0,1.0,0.4464897150065649,0.3096357357391531,0.0,1.0,0.5796926087068455,0.2588195122726188,0.0,1.0,0.2921247071544423,0.26485556716968006,0.0,1.0,14,0.20351157222665603,8.782122905027933,16
863,1256,762,13.397137571597737,96.53105095541402,12,9,8,1,988,0.7885075818036712,265,1091,0.8707102952913008,0.9352226720647774,924,167,0.9352226720647774,0.630188679245283,0.8707102952913008,172,1069,6.215116279069767,0.009577015163607342,0.007182761372705506,0.006384676775738229,0.0007980845969672786,0.4233357304294227,0.26280427468357864,0.0,1.0,0.4474779124717485,0.3085992601008488,0.0,1.0,0.580105814670228,0.2591324102483865,0.0,1.0,0.29227450174645575,0.26411799279556686,0.0,1.0,14,0.2014331210191083,8.788216560509554,16
864,1254,768,13.432874548441013,96.66427432216906,6,8,5,3,951,0.7571656050955414,305,1105,0.8797770700636943,0.9421661409043113,896,209,0.9421661409043113,0.6852459016393443,0.8797770700636943,176,1087,6.176136363636363,0.004777070063694267,0.006369426751592357,0.003980891719745223,0.0023885350318471337,0.4236250450172352,0.26322845942613543,0.0,1.0,0.4479343520090549,0.30970428514861903,0.0,1.0,0.5804136440808767,0.2591954040665211,0.0,1.0,0.2917116839018367,0.2641970744249234,0.0,1.0,14,0.2025518341307815,8.802232854864434,16
865,1250,773,13.528373501734578,97.364,3,7,3,4,908,0.7240829346092504,346,1065,0.8492822966507177,0.9196035242290749,835,230,0.9196035242290749,0.6647398843930635,0.8492822966507177,181,1051,5.806629834254144,0.0023923444976076554,0.005582137161084529,0.0023923444976076554,0.003189792663476874,0.4244645161290323,0.26337225021862826,0.0,1.0,0.4486709677419355,0.30975752082323305,0.0,1.0,0.5808,0.2596531284170753,0.0,1.0,0.2900645161290322,0.2635828066125091,0.0,1.0,14,0.2024,8.8048,16
866,1241,779,13.561768138754745,97.21676067687349,3,12,9,3,955,0.764,295,1112,0.8896,0.9403141361256544,898,214,0.9403141361256544,0.7254237288135593,0.8896,182,1100,6.043956043956044,0.0024,0.0096,0.0072,0.0024,0.425281380780328,0.26398188247149335,0.0,1.0,0.4483896961347509,0.3093673038587111,0.0,1.0,0.5803852252345922,0.259089098710243,0.0,1.0,0.2911543760234982,0.2638247066022735,0.0,1.0,14,0.20145044319097502,8.809024979854955,16
867,1237,784,13.596830493833345,97.38722716248989,5,9,7,2,931,0.750201450443191,310,1095,0.8823529411764706,0.9452201933404941,880,215,0.9452201933404941,0.6935483870967742,0.8823529411764706,180,1080,6.0,0.0040290088638195,0.007252215954875101,0.0056406124093473006,0.0016116035455278,0.4256656322528489,0.26374025637013093,0.0,1.0,0.4489269043210682,0.3098274702610198,0.0,1.0,0.5801496857642058,0.258905305176123,0.0,1.0,0.29126137637885624,0.2644701270687004,0.0,1.0,14,0.2021018593371059,8.810024252223121,16
868,1233,795,13.61057097038101,97.51419302514194,6,10,7,3,901,0.7283751010509296,336,1063,0.8593371059013742,0.9200887902330743,829,234,0.9200887902330743,0.6964285714285714,0.8593371059013742,166,1040,6.265060240963855,0.004850444624090542,0.008084074373484237,0.005658852061438965,0.002425222312045271,0.42681108233262693,0.2645005015467857,0.0,1.0,0.449650733851346,0.30992689312633165,0.0,1.0,0.5805928367736704,0.25878949515347827,0.0,1.0,0.29121209742825,0.26397660829567554,0.0,1.0,14,0.20194647201946472,8.819951338199514,16
869,1232,803,13.614392579419443,97.25,10,11,6,5,875,0.7096512570965126,358,1062,0.8613138686131386,0.9268571428571428,811,251,0.9268571428571428,0.7011173184357542,0.8613138686131386,171,1041,6.087719298245614,0.008110300081103,0.008921330089213302,0.004866180048661801,0.0040551500405515,0.42652911604524507,0.26397495284147243,0.0,1.0,0.44957059069962296,0.30951092079038195,0.0,1.0,0.580671344784248,0.2585598892650141,0.0,1.0,0.29113426895684963,0.26486799907566355,0.0,1.0,14,0.2012987012987013,8.816558441558442,16
870,1234,802,13.599461232494852,96.67017828200973,11,9,8,1,908,0.737012987012987,324,1041,0.8449675324675324,0.9196035242290749,835,206,0.9196035242290749,0.6358024691358025,0.8449675324675324,177,1017,5.745762711864407,0.008928571428571428,0.007305194805194805,0.006493506493506494,0.0008116883116883117,0.4268311810529618,0.2641836652688271,0.0,1.0,0.45059340199717673,0.31108519319559363,0.0,1.0,0.5799916348617138,0.25900143211023174,0.0,1.0,0.29230930098813196,0.2655361490256943,0.0,1.0,14,0.1993517017828201,8.836304700162074,16
871,1233,807,13.61253546421253,96.69748580697485,6,7,7,0,966,0.7828200972447326,268,1055,0.8549432739059968,0.9254658385093167,894,161,0.9254658385093167,0.6007462686567164,0.8549432739059968,171,1031,6.029239766081871,0.004862236628849271,0.005672609400324149,0.005672609400324149,0.0,0.4263401616827564,0.26372731332282867,0.0,1.0,0.4494937603013892,0.3106846617950926,0.0,1.0,0.5801742406404521,0.259066119402507,0.0,1.0,0.29236323679460013,0.26580537986848135,0.0,1.0,14,0.2003244120032441,8.843471208434712,16
872,1228,805,13.708831513878028,96.99022801302931,5,10,6,4,923,0.748580697485807,310,1030,0.8353609083536091,0.9089924160346695,839,191,0.9089924160346695,0.6161290322580645,0.8353609083536091,182,1010,5.549450549450549,0.0040551500405515,0.008110300081103,0.004866180048661801,0.0032441200324412004,0.4263160659871808,0.264203752149207,0.0,1.0,0.4485657244930125,0.31093435037500705,0.0,1.0,0.5792003782704633,0.2588293421154316,0.0,1.0,0.2931596091205212,0.2664055094736709,0.0,1.0,14,0.2011400651465798,8.846091205211726,16
873,1224,808,13.846493781472077,97.73611111111111,2,6,3,3,887,0.7223127035830619,341,1063,0.8656351791530945,0.9312288613303269,826,237,0.9312288613303269,0.6950146627565983,0.8656351791530945,164,1030,6.280487804878049,0.0016286644951140066,0.004885993485342019,0.0024429967426710096,0.0024429967426710096,0.42575901328273247,0.26408992920398944,0.0,1.0,0.44823951085810665,0.31078285461200716,0.0,1.0,0.5786949188277462,0.25917811028797766,0.0,1.0,0.29308981657179,0.2664857668337753,0.0,1.0,14,0.20179738562091504,8.848039215686274,16
874,1222,818,13.86838269146488,97.8379705400982,6,8,6,2,878,0.7173202614379085,346,1057,0.863562091503268,0.929384965831435,816,241,0.929384965831435,0.6965317919075145,0.863562091503268,172,1039,6.040697674418604,0.004901960784313725,0.006535947712418301,0.004901960784313725,0.0016339869281045752,0.42476637981099197,0.26322419937994407,0.0,1.0,0.44989704873026765,0.3111177285055237,0.0,1.0,0.5790085000791932,0.25987114820273777,0.0,1.0,0.2927247769389156,0.26598476283113803,0.0,1.0,14,0.20130932896890344,8.864975450081833,16
875,1228,818,13.878458729759746,97.88843648208469,10,4,2,2,931,0.7618657937806874,291,1053,0.8617021276595744,0.924812030075188,861,192,0.924812030075188,0.6597938144329897,0.8617021276595744,174,1027,5.902298850574713,0.008183306055646482,0.0032733224222585926,0.0016366612111292963,0.0016366612111292963,0.4235053062940002,0.26256915991741236,0.0,1.0,0.44980035725543766,0.3111823608927164,0.0,1.0,0.5789376904486707,0.25975913250793853,0.0,1.0,0.29357990963538927,0.2664388694204221,0.0,1.0,14,0.20195439739413681,8.867263843648209,16
876,1230,822,13.845270882138685,97.36260162601626,10,8,7,1,932,0.758957654723127,296,1074,0.8745928338762216,0.9324034334763949,869,205,0.9324034334763949,0.6925675675675675,0.8745928338762216,176,1054,5.988636363636363,0.008143322475570033,0.006514657980456026,0.005700325732899023,0.0008143322475570033,0.42360346184107,0.26235720227733533,0.0,1.0,0.45017046944663,0.3110998408260516,0.0,1.0,0.5780750065565171,0.2601837190992906,0.0,1.0,0.2916338840807763,0.2654591741030369,0.0,1.0,14,0.2048780487804878,8.886991869918699,16
877,1231,833,13.862249568337734,97.77579203899269,7,6,2,4,932,0.7577235772357723,298,1074,0.8731707317073171,0.9356223175965666,872,202,0.9356223175965666,0.6778523489932886,0.8731707317073171,169,1054,6.236686390532545,0.005691056910569106,0.004878048780487805,0.0016260162601626016,0.0032520325203252032,0.4225518199208616,0.262571536782757,0.0,1.0,0.4520059746861979,0.3114383099990204,0.0,1.0,0.5779198658316081,0.25993012540562294,0.0,1.0,0.2919472760147795,0.265877887737256,0.0,1.0,14,0.20471161657189277,8.88302193338749,16
878,1238,833,13.828754606100308,97.88610662358643,11,4,2,2,937,0.7611697806661251,294,1059,0.8602761982128351,0.935965848452508,877,182,0.935965848452508,0.6190476190476191,0.8602761982128351,177,1036,5.853107344632768,0.008935824532900082,0.003249390739236393,0.0016246953696181965,0.0016246953696181965,0.42305487518891033,0.26267078365084773,0.0,1.0,0.4505185262389911,0.3118311281042232,0.0,1.0,0.5780134452029809,0.25919024637273985,0.0,1.0,0.29180780655583927,0.2656849109280873,0.0,1.0,14,0.20436187399030695,8.88610662358643,16
879,1239,839,13.811482107682894,97.74495560936239,8,7,6,1,955,0.77140549273021,283,1070,0.864297253634895,0.9214659685863874,880,190,0.9214659685863874,0.6713780918727915,0.864297253634895,176,1052,5.9772727272727275,0.006462035541195477,0.005654281098546042,0.004846526655896607,0.0008077544426494346,0.4208388658908068,0.26278643950277436,0.0,1.0,0.4510661563696009,0.31188852069571155,0.0,1.0,0.5771824312010206,0.2595940042827839,0.0,1.0,0.2925616391991461,0.2663949247852669,0.0,1.0,14,0.20419693301049233,8.899919289749798,16
880,1236,839,13.930828377337402,98.35355987055016,3,6,3,3,925,0.7465698143664246,314,1048,0.8458434221146085,0.9102702702702703,842,206,0.9102702702702703,0.6560509554140127,0.8458434221146085,175,1023,5.845714285714286,0.002421307506053269,0.004842615012106538,0.002421307506053269,0.002421307506053269,0.4201378014406514,0.26232788215153463,0.0,1.0,0.4510648293141246,0.31180272549466,0.0,1.0,0.5775394091241257,0.260042954618757,0.0,1.0,0.29233218498799457,0.2662412381249008,0.0,1.0,14,0.20469255663430422,8.89967637540453,16
881,1237,834,13.937787430960313,98.21665319320938,8,7,5,2,935,0.7564724919093851,301,1062,0.8592233009708737,0.9262032085561497,866,196,0.9262032085561497,0.6511627906976745,0.8592233009708737,176,1033,5.869318181818182,0.006472491909385114,0.0056634304207119745,0.0040453074433656954,0.0016181229773462784,0.42170182804391476,0.2627188887615382,0.0,1.0,0.450804495788458,0.31091405075855744,0.0,1.0,0.5785589485487782,0.25948967930971945,0.0,1.0,0.2897488721412366,0.2646587683336848,0.0,1.0,14,0.20452708164915118,8.911883589329022,16
882,1235,839,13.9288315270241,98.22429149797571,5,7,7,0,942,0.761519805982215,295,1055,0.8528698464025869,0.9193205944798302,866,189,0.9193205944798302,0.6406779661016949,0.8528698464025869,173,1033,5.971098265895954,0.004042037186742118,0.005658852061438965,0.005658852061438965,0.0,0.42123547081102264,0.2621104454764579,0.0,1.0,0.4508293065169126,0.31058982417454006,0.0,1.0,0.5798093248008358,0.259473057630966,0.0,1.0,0.28825910931174087,0.2641631899384449,0.0,1.0,14,0.2048582995951417,8.925506072874494,16
883,1244,843,13.86768852287001,98.02250803858522,12,3,3,0,926,0.7497975708502024,309,1074,0.8696356275303644,0.9384449244060475,869,205,0.9384449244060475,0.6634304207119741,0.8696356275303644,175,1053,6.017142857142857,0.009716599190283401,0.0024291497975708503,0.0024291497975708503,0.0,0.4194326314697645,0.2607265215605566,0.0,1.0,0.45073125194481906,0.3107479620473656,0.0,1.0,0.5813971579711648,0.258932268053462,0.0,1.0,0.28907789648376725,0.2646198132752555,0.0,1.0,14,0.20418006430868169,8.934083601286174,16
884,1239,846,13.929159421545567,97.99031476997578,5,10,7,3,902,0.72508038585209,342,1050,0.8440514469453376,0.9223946784922394,832,218,0.9223946784922394,0.6374269005847953,0.8440514469453376,171,1024,5.988304093567251,0.0040192926045016075,0.008038585209003215,0.005627009646302251,0.002411575562700965,0.41997969225962667,0.2613268744532367,0.0,1.0,0.4532010726652607,0.3108897096774003,0.0,1.0,0.5822333307297769,0.258863866499596,0.0,1.0,0.28956754927230594,0.2644906657020521,0.0,1.0,14,0.20177562550443906,8.935431799838579,16
885,1242,847,13.947821673828823,97.95008051529791,9,6,5,1,906,0.7312348668280871,333,1081,0.8724778046811945,0.9315673289183223,844,237,0.9315673289183223,0.7117117117117117,0.8724778046811945,180,1062,5.9,0.007263922518159807,0.004842615012106538,0.004035512510088781,0.0008071025020177562,0.41930289335618925,0.2617362500937529,0.0,1.0,0.4532232091839385,0.31062044876447126,0.0,1.0,0.5825151940158952,0.25936607857317556,0.0,1.0,0.28951742766609523,0.26437062024165975,0.0,1.0,14,0.20128824476650564,8.948470209339774,16
886,1246,855,13.912727526257873,98.01444622792937,11,7,3,4,928,0.7471819645732689,314,1053,0.8478260869565217,0.9084051724137931,843,210,0.9084051724137931,0.6687898089171974,0.8478260869565217,169,1030,6.094674556213017,0.008856682769726247,0.005636070853462158,0.0024154589371980675,0.00322061191626409,0.4198467353596023,0.26229623153188186,0.0,1.0,0.4545125045306271,0.31059912598843503,0.0,1.0,0.5817842903743592,0.2604393623856426,0.0,1.0,0.28900222647957335,0.26400079708810104,0.0,1.0,14,0.20064205457463885,8.951845906902086,16
887,1249,866,13.895055830927014,98.08726981585268,9,6,3,3,925,0.7423756019261637,321,1092,0.8764044943820225,0.9232432432432433,854,238,0.9232432432432433,0.7414330218068536,0.8764044943820225,169,1072,6.34319526627219,0.0072231139646869984,0.004815409309791332,0.002407704654895666,0.002407704654895666,0.4192257031431597,0.26219444503885775,0.0,1.0,0.45633926496035543,0.31012415819952754,0.0,1.0,0.5817299000490715,0.2608143156588931,0.0,1.0,0.28916036054650174,0.26450450453323876,0.0,1.0,14,0.200160128102482,8.963170536429143,16
888,1253,868,13.896998531678836,98.2170790103751,8,4,2,2,929,0.743795036028823,320,1058,0.8470776621297038,0.9257265877287406,860,198,0.9257265877287406,0.61875,0.8470776621297038,178,1038,5.831460674157303,0.006405124099279423,0.0032025620496397116,0.0016012810248198558,0.0016012810248198558,0.41943207270293226,0.2622130583432683,0.0,1.0,0.4567103467806297,0.31005562410119586,0.0,1.0,0.5828849470947146,0.2607297418859477,0.0,1.0,0.28872641145122674,0.26398376531748086,0.0,1.0,14,0.19952114924181963,8.965682362330407,16
889,1256,874,13.856576559520398,98.22133757961784,9,6,5,1,938,0.7486033519553073,315,1102,0.879489225857941,0.9392324093816631,881,221,0.9392324093816631,0.7015873015873015,0.879489225857941,177,1085,6.129943502824859,0.007182761372705506,0.004788507581803671,0.0039904229848363925,0.0007980845969672786,0.4196116704335319,0.2618568948300474,0.0,1.0,0.456749537702897,0.3100453167516933,0.0,1.0,0.5842664885966715,0.2605870701265798,0.0,1.0,0.2872149167865215,0.2623617193110167,0.0,1.0,14,0.1998407643312102,8.98328025477707,16
890,1252,878,13.822025329226607,97.74201277955271,8,12,12,0,952,0.7579617834394905,304,1090,0.8678343949044586,0.9285714285714286,884,206,0.9285714285714286,0.6776315789473685,0.8678343949044586,174,1068,6.137931034482759,0.006369426751592357,0.009554140127388535,0.009554140127388535,0.0,0.4201020302999073,0.26251307249923345,0.0,1.0,0.45555498299495,0.309642503780069,0.0,1.0,0.5844584149232196,0.26046003870520806,0.0,1.0,0.2878748840564774,0.26319205110315563,0.0,1.0,14,0.1988817891373802,8.996805111821086,16
891,1251,879,13.810312578756912,97.34052757793765,10,11,8,3,920,0.7348242811501597,332,1071,0.8554313099041534,0.9130434782608695,840,231,0.9130434782608695,0.6957831325301205,0.8554313099041534,179,1051,5.871508379888268,0.007987220447284345,0.00878594249201278,0.006389776357827476,0.0023961661341853034,0.4204120574508135,0.2624933527287225,0.0,1.0,0.45450091539671494,0.30969865542993086,0.0,1.0,0.5849513937237307,0.259604983337264,0.0,1.0,0.28748614012016194,0.2629028781529132,0.0,1.0,14,0.19904076738609114,9.008792965627498,16
892,1250,880,13.81997562572057,97.268,7,8,7,1,955,0.7633892885691447,296,1097,0.876898481215028,0.9361256544502617,894,203,0.9361256544502617,0.6858108108108109,0.876898481215028,179,1077,6.016759776536313,0.005595523581135092,0.006394884092725819,0.005595523581135092,0.0007993605115907274,0.4209032258064516,0.26225170805295234,0.0,1.0,0.45558709677419357,0.309175705410074,0.0,1.0,0.5848516129032257,0.25941861645609754,0.0,1.0,0.28743225806451617,0.2626495349118023,0.0,1.0,14,0.1968,9.024,16
893,1252,889,13.754490588783591,97.03993610223642,10,8,7,1,960,0.768,290,1093,0.8744,0.9260416666666667,889,204,0.9260416666666667,0.7034482758620689,0.8744,174,1076,6.183908045977011,0.008,0.0064,0.0056,0.0008,0.4210038132536329,0.2623395144090677,0.0,1.0,0.45661135731217145,0.30875227258209365,0.0,1.0,0.5835308667422447,0.25981701149241737,0.0,1.0,0.2874884056477378,0.26307920105078914,0.0,1.0,14,0.19728434504792333,9.035143769968052,16
894,1252,888,13.827415235190555,97.46166134185303,6,6,3,3,940,0.7507987220447284,312,1095,0.8746006389776357,0.9170212765957447,862,233,0.9170212765957447,0.7467948717948718,0.8746006389776357,177,1071,6.0508474576271185,0.004792332268370607,0.004792332268370607,0.0023961661341853034,0.0023961661341853034,0.4212614655261259,0.26214760793886555,0.0,1.0,0.4563279398124292,0.3082812476647758,0.0,1.0,0.5828094403792641,0.260175657302264,0.0,1.0,0.28779758837472946,0.2630665536016371,0.0,1.0,14,0.19728434504792333,9.038338658146964,16
895,1247,896,13.790702941930665,97.12028869286287,7,12,11,1,949,0.7579872204472844,303,1097,0.8761980830670927,0.9325605900948367,885,212,0.9325605900948367,0.6996699669966997,0.8761980830670927,172,1077,6.261627906976744,0.005591054313099041,0.009584664536741214,0.00878594249201278,0.0007987220447284345,0.4230281708358124,0.26325685128973714,0.0,1.0,0.4581059057867915,0.308117278612346,0.0,1.0,0.5831026722197791,0.2598493562732458,0.0,1.0,0.2895723930982746,0.26350476362742997,0.0,1.0,14,0.19326383319967924,9.054530874097836,16
896,1244,903,13.76971680060737,96.70498392282958,9,12,10,2,934,0.7489975942261428,313,1066,0.8548516439454691,0.923982869379015,863,203,0.923982869379015,0.6485623003194888,0.8548516439454691,179,1052,5.877094972067039,0.007217321571772253,0.009623095429029671,0.00801924619085806,0.0016038492381716118,0.4228814438336272,0.2632681400932033,0.0,1.0,0.4583808733533866,0.308132839043594,0.0,1.0,0.5827714967327041,0.26030204597722845,0.0,1.0,0.29001140960481275,0.26318353477490347,0.0,1.0,14,0.19051446945337622,9.065112540192926,16
897,1245,908,13.8406575806675,97.31485943775101,5,4,2,2,886,0.7122186495176849,358,1080,0.8681672025723473,0.9322799097065463,826,254,0.9322799097065463,0.7094972067039106,0.8681672025723473,174,1059,6.086206896551724,0.0040192926045016075,0.003215434083601286,0.001607717041800643,0.001607717041800643,0.4232672625987822,0.2632505944216894,0.0,1.0,0.45821997668091724,0.3076242163544958,0.0,1.0,0.5817074750615365,0.2603051610625984,0.0,1.0,0.290063479725353,0.26315411158994656,0.0,1.0,14,0.19036144578313252,9.06987951807229,16
898,1247,917,13.824781375967712,97.44266238973536,7,5,4,1,937,0.7526104417670683,308,1053,0.8457831325301205,0.928495197438634,870,183,0.928495197438634,0.5941558441558441,0.8457831325301205,172,1034,6.011627906976744,0.005622489959839358,0.004016064257028112,0.00321285140562249,0.0008032128514056225,0.4224073259694234,0.2629952199704977,0.0,1.0,0.4580283001784929,0.30767578359576764,0.0,1.0,0.5816022971260056,0.2601865539636778,0.0,1.0,0.28913262798458234,0.2625116458023259,0.0,1.0,14,0.19165998396150763,9.077786688051324,16
899,1245,913,13.928755920290406,98.0136546184739,4,6,3,3,930,0.7457898957497995,317,1089,0.8732959101844426,0.9193548387096774,855,234,0.9193548387096774,0.7381703470031545,0.8732959101844426,188,1073,5.707446808510638,0.0032076984763432237,0.0048115477145148355,0.0024057738572574178,0.0024057738572574178,0.4219717579997409,0.262669126309213,0.0,1.0,0.4585049876927063,0.3077198348911965,0.0,1.0,0.5827438787407695,0.26018003550320784,0.0,1.0,0.28856069439046506,0.2626364763393941,0.0,1.0,14,0.19116465863453816,9.079518072289156,16
900,1244,925,13.945415685982132,98.21945337620579,6,7,5,2,946,0.7598393574297189,299,1073,0.8618473895582329,0.927061310782241,877,196,0.927061310782241,0.6555183946488294,0.8618473895582329,174,1059,6.086206896551724,0.004819277108433735,0.005622489959839358,0.004016064257028112,0.001606425702811245,0.420288351830723,0.2615976604516373,0.0,1.0,0.4574992220723991,0.3073110114023758,0.0,1.0,0.5844829374546209,0.26025994155532234,0.0,1.0,0.28827403796286694,0.2627447180191767,0.0,1.0,14,0.19212218649517684,9.081993569131832,16
901,1244,930,13.99821576026433,98.61655948553054,4,4,4,0,925,0.7435691318327974,319,1055,0.8480707395498392,0.9286486486486486,859,196,0.9286486486486486,0.6144200626959248,0.8480707395498392,181,1041,5.751381215469613,0.003215434083601286,0.003215434083601286,0.003215434083601286,0.0,0.4201068353905197,0.2614847064931903,0.0,1.0,0.4574992220723991,0.30700600306819575,0.0,1.0,0.5842495591743595,0.26071765998026875,0.0,1.0,0.287703557722228,0.2627078119645509,0.0,1.0,14,0.19212218649517684,9.085209003215434,16
902,1247,940,13.940709956126483,98.40817963111468,12,9,5,4,908,0.729903536977492,336,1067,0.8577170418006431,0.9284140969162996,843,224,0.9284140969162996,0.6666666666666666,0.8577170418006431,168,1045,6.220238095238095,0.00964630225080386,0.007234726688102894,0.0040192926045016075,0.003215434083601286,0.42057065990635595,0.26172040597075885,0.0,1.0,0.45673487337351576,0.3056865986097683,0.0,1.0,0.5837235170861681,0.2611561133583915,0.0,1.0,0.28708901363271855,0.2624292494909673,0.0,1.0,14,0.19005613472333602,9.089013632718524,16
903,1245,944,14.003362105389726,98.65220883534137,6,8,5,3,923,0.7401764234161988,324,1087,0.871692060946271,0.9089924160346695,839,248,0.9089924160346695,0.7654320987654321,0.871692060946271,167,1058,6.335329341317365,0.0048115477145148355,0.006415396952686447,0.00400962309542903,0.0024057738572574178,0.41966575981344734,0.26179114585029345,0.0,1.0,0.45666537116206757,0.3060247643742305,0.0,1.0,0.5828734292006736,0.2613344770641943,0.0,1.0,0.2885347842984843,0.2627174394891324,0.0,1.0,14,0.1895582329317269,9.09156626506024,16
904,1243,955,14.001201298261591,98.80530973451327,5,7,6,1,926,0.7437751004016064,319,1077,0.8650602409638555,0.9352051835853131,866,211,0.9352051835853131,0.6614420062695925,0.8650602409638555,168,1056,6.285714285714286,0.004016064257028112,0.005622489959839358,0.004819277108433735,0.0008032128514056225,0.4189655619858303,0.26151704436846895,0.0,1.0,0.4570627773596657,0.30588803844082074,0.0,1.0,0.583136532322944,0.2614014041202748,0.0,1.0,0.2879869203020788,0.26269667039144107,0.0,1.0,14,0.18825422365245373,9.100563153660499,16
905,1245,960,13.92623602303686,98.22570281124499,13,11,8,3,938,0.7546259050683829,305,1098,0.8833467417538214,0.9466950959488273,888,210,0.9466950959488273,0.6885245901639344,0.8833467417538214,174,1077,6.189655172413793,0.010458567980691875,0.008849557522123894,0.006436041834271922,0.002413515687851971,0.41963984972146656,0.2617161371478361,0.0,1.0,0.45878999870449544,0.3058320357761414,0.0,1.0,0.5837802824200026,0.26129478509308685,0.0,1.0,0.2879906723668869,0.26261930369944136,0.0,1.0,14,0.18634538152610441,9.107630522088353,16
906,1249,965,13.864853556862807,98.10648518815051,11,7,5,2,967,0.7767068273092369,278,1098,0.8819277108433735,0.9389865563598759,908,190,0.9389865563598759,0.6834532374100719,0.8819277108433735,174,1077,6.189655172413793,0.008835341365461847,0.005622489959839358,0.004016064257028112,0.001606425702811245,0.4207753299413724,0.2623431085960942,0.0,1.0,0.45910276608383477,0.3060549999595651,0.0,1.0,0.5847516723055864,0.26085930635952387,0.0,1.0,0.28631937808311164,0.26228147070147745,0.0,1.0,14,0.18654923939151322,9.125700560448358,16
907,1250,972,13.85399218400229,97.8888,10,9,6,3,899,0.7197758206565252,350,1055,0.844675740592474,0.9165739710789766,824,231,0.9165739710789766,0.66,0.844675740592474,171,1033,6.04093567251462,0.008006405124099279,0.007205764611689352,0.004803843074459567,0.0024019215372297837,0.42072258064516127,0.2624256541861447,0.0,1.0,0.45659354838709676,0.3060149021420141,0.0,1.0,0.5856516129032258,0.2605523488538075,0.0,1.0,0.28774193548387095,0.2632036676331983,0.0,1.0,14,0.188,9.136,16
908,1251,979,13.866581877524315,97.85291766586731,8,7,5,2,907,0.7256,343,1097,0.8776,0.9371554575523704,850,247,0.9371554575523704,0.7201166180758017,0.8776,172,1076,6.255813953488372,0.0064,0.0056,0.004,0.0016,0.42164977695263145,0.2630362671845394,0.0,1.0,0.45535184755421465,0.30561915197703693,0.0,1.0,0.5852092519532761,0.26082169360206664,0.0,1.0,0.2878987132874346,0.2633590488567721,0.0,1.0,14,0.18784972022382093,9.139888089528377,16
909,1251,984,13.924834603682747,98.53956834532374,3,3,1,2,954,0.762589928057554,297,1087,0.8689048760991207,0.9203354297693921,878,209,0.9203354297693921,0.7037037037037037,0.8689048760991207,177,1069,6.03954802259887,0.002398081534772182,0.002398081534772182,0.0007993605115907274,0.0015987210231814548,0.42066991568035894,0.26284686012326336,0.0,1.0,0.45617699388875993,0.3056406027576273,0.0,1.0,0.5859054691730486,0.260717669703843,0.0,1.0,0.2879244991103891,0.2631460048199493,0.0,1.0,14,0.18784972022382093,9.141486810551559,16
910,1258,986,13.846514856890355,98.17488076311605,12,5,5,0,912,0.7290167865707434,339,1062,0.8489208633093526,0.9100877192982456,830,232,0.9100877192982456,0.6843657817109144,0.8489208633093526,173,1037,5.994219653179191,0.009592326139088728,0.003996802557953637,0.003996802557953637,0.0,0.4201753936099287,0.2631417345570642,0.0,1.0,0.45510026155187444,0.30515161939815044,0.0,1.0,0.5855172060105647,0.2610304834142577,0.0,1.0,0.28691214934099185,0.2625434107117573,0.0,1.0,14,0.1891891891891892,9.151828298887123,16
911,1258,992,13.784143602299892,97.75119236883943,10,10,9,1,938,0.7456279809220986,320,1118,0.8887122416534181,0.9445628997867804,886,232,0.9445628997867804,0.725,0.8887122416534181,172,1096,6.372093023255814,0.00794912559618442,0.00794912559618442,0.007154213036565978,0.000794912559618442,0.41997025488486595,0.2629127229449311,0.0,1.0,0.4546899841017488,0.3053863509556909,0.0,1.0,0.5860300528232217,0.26083019833025184,0.0,1.0,0.28739935381301607,0.2625351095457985,0.0,1.0,14,0.1891891891891892,9.171701112877583,16
912,1255,994,13.79374378473442,97.63187250996016,6,9,7,2,970,0.7710651828298887,288,1087,0.8640699523052464,0.9175257731958762,890,197,0.9175257731958762,0.6840277777777778,0.8640699523052464,175,1064,6.08,0.0047694753577106515,0.007154213036565978,0.005564387917329093,0.001589825119236884,0.4196632823544531,0.2631674584914117,0.0,1.0,0.45366919419097806,0.3060633101557924,0.0,1.0,0.5871738851047423,0.26073765384173786,0.0,1.0,0.28644133144839995,0.2625285915142708,0.0,1.0,14,0.1904382470119522,9.17609561752988,16
913,1250,1004,13.742384804664331,97.1752,8,13,10,3,895,0.7131474103585658,360,1083,0.8629482071713147,0.924022346368715,827,256,0.924022346368715,0.7111111111111111,0.8629482071713147,166,1059,6.379518072289157,0.006374501992031873,0.010358565737051793,0.00796812749003984,0.002390438247011952,0.4184,0.26254482564595544,0.0,1.0,0.45112258064516125,0.30698386539168804,0.0,1.0,0.5876129032258064,0.260427376276489,0.0,1.0,0.28467096774193545,0.2625110967576718,0.0,1.0,14,0.1936,9.208,16
914,1252,1010,13.65845060494874,96.72444089456869,12,10,7,3,947,0.7576,303,1090,0.872,0.9366420274551215,887,203,0.9366420274551215,0.66996699669967,0.872,169,1065,6.3017751479289945,0.0096,0.008,0.0056,0.0024,0.4166494898485005,0.2614214602687405,0.0,1.0,0.45256621663403074,0.3068458473932724,0.0,1.0,0.5891219210553438,0.2606929449131541,0.0,1.0,0.2839070390600845,0.2608633499654148,0.0,1.0,14,0.19329073482428116,9.221246006389777,16
915,1250,1017,13.680258199910794,96.7824,7,9,6,3,942,0.7523961661341853,310,1089,0.8698083067092651,0.9267515923566879,873,216,0.9267515923566879,0.6967741935483871,0.8698083067092651,177,1073,6.062146892655368,0.005591054313099041,0.00718849840255591,0.004792332268370607,0.0023961661341853034,0.41674838709677414,0.2615965377324211,0.0,1.0,0.4544774193548387,0.3073069803751696,0.0,1.0,0.5894451612903225,0.2609611230868444,0.0,1.0,0.28456774193548384,0.26092163044111527,0.0,1.0,14,0.192,9.2256,16
916,1245,1017,13.750988194623753,96.94457831325302,4,9,6,3,942,0.7536,308,1101,0.8808,0.9447983014861996,890,211,0.9447983014861996,0.685064935064935,0.8808,180,1081,6.0055555555555555,0.0032,0.0072,0.0048,0.0024,0.4176965928229045,0.26190099124720856,0.0,1.0,0.45599170877056616,0.30742756403826244,0.0,1.0,0.5903355356911517,0.2610138016253293,0.0,1.0,0.283793237465993,0.26041646335216995,0.0,1.0,14,0.19036144578313252,9.230522088353414,16
917,1241,1026,13.771915711455145,97.116035455278,6,10,7,3,942,0.7566265060240964,303,1069,0.8586345381526105,0.9129511677282378,860,209,0.9129511677282378,0.6897689768976898,0.8586345381526105,176,1054,5.988636363636363,0.004819277108433735,0.008032128514056224,0.005622489959839358,0.0024096385542168677,0.41839307530347536,0.26255147778562954,0.0,1.0,0.45618777780665953,0.30734884296237924,0.0,1.0,0.5895089807907256,0.26136619133567146,0.0,1.0,0.28543578279743187,0.2608398754750746,0.0,1.0,14,0.18775181305398872,9.233682514101531,16
918,1241,1036,13.777853412781097,97.13940370668816,7,7,4,3,930,0.7493956486704271,311,1048,0.8444802578565673,0.9225806451612903,858,190,0.9225806451612903,0.6109324758842444,0.8444802578565673,166,1024,6.168674698795181,0.0056406124093473006,0.0056406124093473006,0.0032232070910556,0.0024174053182917004,0.41891294741493595,0.26264227458477357,0.0,1.0,0.4562917522289517,0.30746729487774915,0.0,1.0,0.5893790127628603,0.2611507192051011,0.0,1.0,0.2841620961243534,0.25997728091898537,0.0,1.0,14,0.18775181305398872,9.242546333601934,16
919,1244,1048,13.716104992169093,97.2684887459807,8,5,4,1,948,0.7639000805801772,293,1047,0.8436744560838034,0.9124472573839663,865,182,0.9124472573839663,0.621160409556314,0.8436744560838034,171,1030,6.023391812865497,0.0064464141821112,0.0040290088638195,0.0032232070910556,0.0008058017727639,0.41930297686961937,0.2625663961236663,0.0,1.0,0.4571102582719635,0.30710719784151297,0.0,1.0,0.5887874701794419,0.26131257542901665,0.0,1.0,0.2832175085572036,0.2596795767946942,0.0,1.0,14,0.1864951768488746,9.25,16
920,1242,1056,13.693377871439811,97.15056360708535,7,9,8,1,908,0.729903536977492,336,1071,0.8609324758842444,0.9317180616740088,846,225,0.9317180616740088,0.6696428571428571,0.8609324758842444,178,1057,5.938202247191011,0.005627009646302251,0.007234726688102894,0.006430868167202572,0.0008038585209003215,0.4187314944678198,0.262013856264311,0.0,1.0,0.4576645369071736,0.307756748060839,0.0,1.0,0.5888784998181913,0.26122373262919835,0.0,1.0,0.28234896888473326,0.2588831671474339,0.0,1.0,14,0.18679549114331723,9.256038647342995,16
921,1246,1062,13.672093084250285,97.18218298555377,9,5,4,1,919,0.7399355877616747,323,1089,0.8768115942028986,0.9357997823721437,860,229,0.9357997823721437,0.7089783281733746,0.8768115942028986,172,1067,6.203488372093023,0.007246376811594203,0.004025764895330112,0.00322061191626409,0.0008051529790660225,0.41969139957541546,0.2628499001451327,0.0,1.0,0.4575933309169989,0.3079938331625432,0.0,1.0,0.5885672862838502,0.2611701026181348,0.0,1.0,0.28255579143582044,0.2585717211518075,0.0,1.0,14,0.1853932584269663,9.262439807383627,16
922,1247,1063,13.656241315842752,96.99518845228549,10,9,6,3,945,0.7584269662921348,301,1100,0.8828250401284109,0.9396825396825397,888,212,0.9396825396825397,0.7043189368770764,0.8828250401284109,173,1074,6.208092485549133,0.008025682182985553,0.0072231139646869984,0.004815409309791332,0.002407704654895666,0.41899267920428385,0.26309833440605745,0.0,1.0,0.45779548335359704,0.3090592898586819,0.0,1.0,0.5881987738313889,0.2616189891177242,0.0,1.0,0.282768968104095,0.2588710407931855,0.0,1.0,14,0.18765036086607859,9.271050521251002,16
923,1246,1072,13.639470940361097,97.26163723916532,6,7,5,2,981,0.7866880513231757,266,1093,0.8765036086607859,0.9398572884811417,922,171,0.9398572884811417,0.6428571428571429,0.8765036086607859,164,1066,6.5,0.0048115477145148355,0.0056134723336006415,0.00400962309542903,0.0016038492381716118,0.4181121524361829,0.2627566100191251,0.0,1.0,0.456661316211878,0.3094874014979886,0.0,1.0,0.5885155076891213,0.2616413021088092,0.0,1.0,0.2817532232175219,0.2585512125734122,0.0,1.0,14,0.18940609951845908,9.292937399678973,16
924,1244,1078,13.607680217789895,97.32636655948554,5,7,7,0,960,0.7704654895666132,286,1080,0.8667736757624398,0.9385416666666667,901,179,0.9385416666666667,0.6258741258741258,0.8667736757624398,174,1060,6.091954022988506,0.0040128410914927765,0.0056179775280898875,0.0056179775280898875,0.0,0.41790270718805106,0.2619563770676061,0.0,1.0,0.4571621201120216,0.30955063779189496,0.0,1.0,0.5891764339798775,0.2614169845131523,0.0,1.0,0.28075407115444456,0.25839418870245867,0.0,1.0,14,0.18971061093247588,9.303054662379422,16
925,1248,1085,13.542091977611776,97.17628205128206,9,5,5,0,965,0.7757234726688103,279,1087,0.8737942122186495,0.9284974093264249,896,191,0.9284974093264249,0.6845878136200717,0.8737942122186495,173,1067,6.167630057803469,0.007234726688102894,0.0040192926045016075,0.0040192926045016075,0.0,0.4187861869313482,0.26244348160118636,0.0,1.0,0.4575837468982631,0.30943306491687295,0.0,1.0,0.5897694375516956,0.2621948233043494,0.0,1.0,0.2801126964433416,0.2580709456394266,0.0,1.0,14,0.18990384615384615,9.322115384615385,16
926,1244,1090,13.537597637805815,96.94453376205787,10,14,8,6,941,0.7540064102564102,307,1118,0.8958333333333334,0.9426142401700319,887,231,0.9426142401700319,0.752442996742671,0.8958333333333334,180,1103,6.127777777777778,0.008012820512820512,0.011217948717948718,0.00641025641025641,0.004807692307692308,0.4183176019085157,0.2616931799222348,0.0,1.0,0.45921066279431594,0.3095571272362097,0.0,1.0,0.5907063582615911,0.26246600407180143,0.0,1.0,0.2805206928741832,0.2579691075174453,0.0,1.0,14,0.18890675241157556,9.32315112540193,16
927,1241,1090,13.537173998534556,96.83964544721998,7,10,8,2,940,0.7556270096463023,304,1082,0.8697749196141479,0.9329787234042554,877,205,0.9329787234042554,0.6743421052631579,0.8697749196141479,181,1063,5.87292817679558,0.005627009646302251,0.008038585209003215,0.006430868167202572,0.001607717041800643,0.41685945257466667,0.2608672851575526,0.0,1.0,0.4586571703360974,0.30979282721046614,0.0,1.0,0.5928621559096462,0.26133843582622124,0.0,1.0,0.2801330872605339,0.258240201168546,0.0,1.0,14,0.1909750201450443,9.32634971796938,16
928,1244,1102,13.474106766187703,96.5249196141479,10,7,6,1,907,0.7308622078968574,334,1093,0.8807413376309428,0.9371554575523704,850,243,0.9371554575523704,0.7275449101796407,0.8807413376309428,167,1072,6.419161676646707,0.008058017727639,0.0056406124093473006,0.004834810636583401,0.0008058017727639,0.41655429934654076,0.2605622561231179,0.0,1.0,0.45677315631158594,0.30968029118917867,0.0,1.0,0.5917176641427238,0.2619036106590653,0.0,1.0,0.27956124883310857,0.2580038232913607,0.0,1.0,14,0.1937299035369775,9.335209003215434,16
929,1246,1109,13.473503014074794,96.75200642054574,6,4,4,0,942,0.7572347266881029,302,1100,0.8842443729903537,0.945859872611465,891,209,0.945859872611465,0.6920529801324503,0.8842443729903537,175,1082,6.182857142857143,0.00482315112540193,0.003215434083601286,0.003215434083601286,0.0,0.4169212447574173,0.26043689690572713,0.0,1.0,0.4575674416196344,0.309351182791624,0.0,1.0,0.592140009320147,0.2619729800357325,0.0,1.0,0.27913840418371044,0.2580066171341386,0.0,1.0,14,0.1926163723916533,9.346709470304976,16
930,1247,1121,13.496061600682692,97.24458700882117,5,4,3,1,924,0.7415730337078652,322,1075,0.862760834670947,0.9307359307359307,860,215,0.9307359307359307,0.6677018633540373,0.862760834670947,171,1058,6.187134502923977,0.0040128410914927765,0.0032102728731942215,0.002407704654895666,0.0008025682182985554,0.41674211656362364,0.26023292169923656,0.0,1.0,0.45859740797268284,0.3095022447988465,0.0,1.0,0.5909925757301394,0.2625011380020348,0.0,1.0,0.28062187960783297,0.2588107619584184,0.0,1.0,14,0.19165998396150763,9.34242181234964,16
931,1243,1129,13.446827644311266,97.12389380530973,8,12,9,3,981,0.7866880513231757,266,1118,0.896551724137931,0.9571865443425076,939,179,0.9571865443425076,0.6729323308270677,0.896551724137931,174,1100,6.32183908045977,0.006415396952686447,0.009623095429029671,0.007217321571772253,0.0024057738572574178,0.41683751589546625,0.2607646714114547,0.0,1.0,0.4594762930475177,0.30880878874512135,0.0,1.0,0.5907144525471674,0.2625937223732017,0.0,1.0,0.2803311447330859,0.2583883083605526,0.0,1.0,14,0.1898632341110217,9.357200321802091,16
932,1244,1129,13.508555863265192,97.52572347266882,5,4,3,1,945,0.7602574416733708,298,1127,0.9066773934030571,0.9544973544973545,902,225,0.9544973544973545,0.7550335570469798,0.9066773934030571,183,1110,6.065573770491803,0.004022526146419952,0.003218020917135961,0.002413515687851971,0.0008045052292839903,0.41588009542578575,0.26042890191967283,0.0,1.0,0.45918473187428693,0.30909399104675567,0.0,1.0,0.5903692563012135,0.262801976127004,0.0,1.0,0.2805206928741832,0.2587105890077638,0.0,1.0,14,0.18971061093247588,9.360932475884244,16
933,1240,1137,13.527343094236887,97.78064516129032,6,10,7,3,930,0.747588424437299,314,1076,0.864951768488746,0.9258064516129032,861,215,0.9258064516129032,0.6847133757961783,0.864951768488746,180,1064,5.911111111111111,0.00482315112540193,0.008038585209003215,0.005627009646302251,0.002411575562700965,0.41602497398543187,0.2606220612245449,0.0,1.0,0.45907908428720084,0.3089940177960012,0.0,1.0,0.589672216441207,0.2629957702578002,0.0,1.0,0.27895421436004164,0.2573008222941528,0.0,1.0,14,0.18951612903225806,9.36774193548387,16
934,1244,1149,13.533495310725154,98.18971061093248,6,2,2,0,901,0.7266129032258064,339,1102,0.8887096774193548,0.9345172031076582,842,260,0.9345172031076582,0.7669616519174042,0.8887096774193548,171,1085,6.345029239766082,0.004838709677419355,0.0016129032258064516,0.0016129032258064516,0.0,0.41588009542578575,0.26027468326966735,0.0,1.0,0.45921066279431594,0.3091217689632184,0.0,1.0,0.5898506379006327,0.26296383629052417,0.0,1.0,0.2791204231926149,0.25775312595405514,0.0,1.0,14,0.18971061093247588,9.364147909967846,16
935,1248,1152,13.540207625936418,98.2860576923077,10,6,3,3,908,0.729903536977492,336,1108,0.8906752411575563,0.9306167400881057,845,263,0.9306167400881057,0.7827380952380952,0.8906752411575563,176,1087,6.176136363636363,0.008038585209003215,0.00482315112540193,0.002411575562700965,0.002411575562700965,0.4150641025641026,0.2603642871975902,0.0,1.0,0.46016852770885025,0.308805890193005,0.0,1.0,0.5897177419354839,0.26279061505906814,0.0,1.0,0.27863937138130684,0.2572819096293695,0.0,1.0,14,0.1891025641025641,9.371794871794872,16
936,1250,1149,13.566338572309117,98.1432,9,7,5,2,910,0.7291666666666666,338,1073,0.8597756410256411,0.9230769230769231,840,233,0.9230769230769231,0.6893491124260355,0.8597756410256411,181,1051,5.806629834254144,0.007211538461538462,0.005608974358974359,0.004006410256410256,0.0016025641025641025,0.4145290322580645,0.2594559661612948,0.0,1.0,0.46030967741935486,0.3093064240092706,0.0,1.0,0.5893677419354839,0.2631698308604732,0.0,1.0,0.27796129032258066,0.25689322447763824,0.0,1.0,14,0.1896,9.388,17
937,1251,1156,13.596789476473393,98.5771382893685,4,3,3,0,940,0.752,310,1082,0.8656,0.926595744680851,871,211,0.926595744680851,0.6806451612903226,0.8656,177,1066,6.022598870056497,0.0032,0.0024,0.0024,0.0,0.4149196771614966,0.25953070978216064,0.0,1.0,0.45960650834171374,0.3086483344163101,0.0,1.0,0.5885871947603207,0.2634715164030803,0.0,1.0,0.27766174157448237,0.25650344182204526,0.0,1.0,14,0.18864908073541167,9.393285371702637,17
938,1250,1171,13.560166875314694,98.7712,6,7,6,1,930,0.7434052757793765,321,1110,0.8872901678657075,0.9376344086021505,872,238,0.9376344086021505,0.7414330218068536,0.8872901678657075,174,1099,6.316091954022989,0.004796163069544364,0.005595523581135092,0.004796163069544364,0.0007993605115907274,0.4158709677419355,0.26034543609945376,0.0,1.0,0.4592,0.3087605394444084,0.0,1.0,0.5883612903225806,0.2634494293624976,0.0,1.0,0.27747096774193547,0.257061918226503,0.0,1.0,14,0.1888,9.4,17
939,1252,1174,13.585888803867547,99.14376996805112,6,4,3,1,931,0.7448,319,1098,0.8784,0.9419978517722879,877,221,0.9419978517722879,0.6927899686520376,0.8784,171,1072,6.269005847953216,0.0048,0.0032,0.0024,0.0008,0.4156704112130269,0.26069951472467,0.0,1.0,0.4589302277646089,0.3085175003766423,0.0,1.0,0.5886839121921055,0.2635430674875351,0.0,1.0,0.2773111408842626,0.2571761898044615,0.0,1.0,14,0.1900958466453674,9.401757188498403,17
940,1250,1175,13.578462616036783,99.0056,8,10,8,2,989,0.7899361022364217,263,1105,0.8825878594249201,0.9534883720930233,943,162,0.9534883720930233,0.6159695817490495,0.8825878594249201,176,1082,6.1477272727272725,0.006389776357827476,0.007987220447284345,0.006389776357827476,0.001597444089456869,0.41514838709677415,0.2611712110827668,0.0,1.0,0.45935483870967747,0.3085436233886854,0.0,1.0,0.586967741935484,0.2638811891702757,0.0,1.0,0.27736774193548386,0.25703406658257394,0.0,1.0,14,0.1896,9.404,17
941,1252,1182,13.497315173308742,98.48562300319489,11,9,8,1,921,0.7368,329,1076,0.8608,0.9174809989142236,845,231,0.9174809989142236,0.7021276595744681,0.8608,174,1057,6.074712643678161,0.0088,0.0072,0.0064,0.0008,0.41559311553127903,0.26088803469988514,0.0,1.0,0.460888385035556,0.30790658690586986,0.0,1.0,0.5881170771926207,0.2644223953004133,0.0,1.0,0.277259610429764,0.2572446675367836,0.0,1.0,14,0.1876996805111821,9.412140575079873,17
942,1257,1186,13.431459510819263,98.3508353221957,11,6,5,1,911,0.7276357827476039,341,1089,0.8698083067092651,0.9341383095499451,851,238,0.9341383095499451,0.6979472140762464,0.8698083067092651,175,1068,6.102857142857143,0.00878594249201278,0.004792332268370607,0.003993610223642172,0.0007987220447284345,0.4171221803064132,0.2626699472205733,0.0,1.0,0.4606718505402007,0.30722001571925295,0.0,1.0,0.5901917006697975,0.26357436581953464,0.0,1.0,0.2764647009007622,0.2570456493713836,0.0,1.0,14,0.18615751789976134,9.428798727128083,17
943,1253,1194,13.429276887753295,98.3830806065443,6,10,8,2,939,0.747016706443914,318,1094,0.8703261734287987,0.9371671991480298,880,214,0.9371671991480298,0.6729559748427673,0.8703261734287987,177,1079,6.096045197740113,0.00477326968973747,0.007955449482895784,0.006364359586316627,0.0015910898965791568,0.4166001596169194,0.2628597409399926,0.0,1.0,0.46036608912802823,0.306663582705349,0.0,1.0,0.5897587724944006,0.26315990705390746,0.0,1.0,0.27680663182555415,0.2573217239340495,0.0,1.0,14,0.18675179569034317,9.43096568236233,17
944,1253,1201,13.408727340928728,98.41979249800478,6,6,6,0,925,0.7382282521947326,328,1088,0.8683160415003991,0.9232432432432433,854,234,0.9232432432432433,0.7134146341463414,0.8683160415003991,179,1074,6.0,0.004788507581803671,0.004788507581803671,0.004788507581803671,0.0,0.41680611693226577,0.2628839331413884,0.0,1.0,0.46113842906057717,0.30652408534527226,0.0,1.0,0.5901191977962567,0.26380908987618334,0.0,1.0,0.2757253559199856,0.2571528715455012,0.0,1.0,14,0.18595371109337588,9.442138866719873,17
945,1258,1209,13.35287290405863,98.4737678855326,10,5,4,1,976,0.7789305666400639,277,1065,0.8499600957701516,0.9293032786885246,907,158,0.9293032786885246,0.5703971119133574,0.8499600957701516,170,1043,6.135294117647059,0.007980845969672785,0.0039904229848363925,0.0031923383878691143,0.0007980845969672786,0.41563669931791375,0.26248881781210226,0.0,1.0,0.46166470075388477,0.3062806395157714,0.0,1.0,0.591209805631058,0.2642707687047883,0.0,1.0,0.2751679573311452,0.2574987261254624,0.0,1.0,14,0.18521462639109698,9.451510333863276,17
946,1256,1215,13.329266249361437,98.49044585987261,7,9,6,3,941,0.7480127186009539,317,1077,0.856120826709062,0.9319872476089267,877,200,0.9319872476089267,0.6309148264984227,0.856120826709062,173,1056,6.104046242774566,0.005564387917329093,0.007154213036565978,0.0047694753577106515,0.0023847376788553257,0.4159132936100267,0.2624159659982492,0.0,1.0,0.46168070680090406,0.3054736268863296,0.0,1.0,0.5915091432093692,0.2643612025519659,0.0,1.0,0.27403944935278407,0.2567674205509285,0.0,1.0,14,0.18550955414012738,9.464968152866241,17
947,1257,1217,13.291062960618564,98.17263325377884,8,7,7,0,931,0.7412420382165605,325,1102,0.8773885350318471,0.9323308270676691,868,234,0.9323308270676691,0.72,0.8773885350318471,177,1081,6.107344632768362,0.006369426751592357,0.005573248407643312,0.005573248407643312,0.0,0.4158390432930429,0.26258340565191335,0.0,1.0,0.4617240228911643,0.3066814821111528,0.0,1.0,0.5923217081119921,0.2639076953861847,0.0,1.0,0.2735391485102779,0.2575438917466004,0.0,1.0,14,0.1869530628480509,9.479713603818615,17
948,1266,1220,13.221806733425085,98.12085308056872,12,3,2,1,972,0.7732696897374701,285,1097,0.8727128082736675,0.9351851851851852,909,188,0.9351851851851852,0.6596491228070176,0.8727128082736675,180,1080,6.0,0.00954653937947494,0.002386634844868735,0.0015910898965791568,0.0007955449482895784,0.41438617948325945,0.2624809444913803,0.0,1.0,0.46014880497375527,0.3067087952501315,0.0,1.0,0.5911175661213882,0.26462444644938915,0.0,1.0,0.2735820210976915,0.2577331311131403,0.0,1.0,14,0.18878357030015797,9.48736176935229,17
949,1274,1229,13.16300302661354,98.37990580847723,9,1,1,0,968,0.764612954186414,298,1136,0.8973143759873617,0.9421487603305785,912,224,0.9421487603305785,0.7516778523489933,0.8973143759873617,180,1125,6.25,0.0071090047393364926,0.0007898894154818325,0.0007898894154818325,0.0,0.4138603332151719,0.26271329137873956,0.0,1.0,0.4603230870511977,0.3061724488273178,0.0,1.0,0.5901909150757076,0.2647131815573217,0.0,1.0,0.27330733782346683,0.25765834126170334,0.0,1.0,14,0.19073783359497645,9.49293563579278,17
950,1278,1233,13.083395521968312,98.14632237871675,11,7,6,1,961,0.7543171114599686,313,1123,0.8814756671899528,0.9365244536940687,900,223,0.9365244536940687,0.7124600638977636,0.8814756671899528,177,1104,6.237288135593221,0.008634222919937205,0.005494505494505495,0.004709576138147566,0.0007849293563579278,0.4135746377909031,0.26253753578748074,0.0,1.0,0.46067444091069715,0.30638339355503685,0.0,1.0,0.5911959210459892,0.2641165310800926,0.0,1.0,0.27149275581806254,0.25664481113718773,0.0,1.0,14,0.19092331768388107,9.508607198748043,17
951,1280,1241,13.017468546252633,98.06640625,11,9,5,4,962,0.7527386541471048,316,1116,0.8732394366197183,0.9365904365904366,901,215,0.9365904365904366,0.680379746835443,0.8732394366197183,165,1089,6.6,0.008607198748043818,0.007042253521126761,0.003912363067292645,0.003129890453834116,0.4125252016129032,0.26298797648593947,0.0,1.0,0.4606098790322581,0.3069385860092943,0.0,1.0,0.591507056451613,0.2641481049841163,0.0,1.0,0.27084173387096777,0.25645950686006624,0.0,1.0,14,0.19375,9.51328125,17
952,1274,1245,13.080802491928237,98.62009419152277,2,8,6,2,971,0.75859375,309,1115,0.87109375,0.945417095777549,918,197,0.945417095777549,0.6375404530744336,0.87109375,175,1094,6.251428571428572,0.0015625,0.00625,0.0046875,0.0015625,0.41294880234972403,0.26312758360940836,0.0,1.0,0.4615891021420976,0.3068453581151009,0.0,1.0,0.5916594925811516,0.2643998643710524,0.0,1.0,0.2704461437180331,0.256087190561258,0.0,1.0,14,0.19230769230769232,9.510204081632653,17
953,1279,1257,13.029601188872157,98.79124315871775,9,4,2,2,963,0.7558869701726845,311,1130,0.8869701726844584,0.936656282450675,902,228,0.936656282450675,0.7331189710610932,0.8869701726844584,170,1112,6.541176470588235,0.00706436420722135,0.0031397174254317113,0.0015698587127158557,0.0015698587127158557,0.4129738454942117,0.26309591471022487,0.0,1.0,0.4604908068299327,0.30699720102908296,0.0,1.0,0.59040581099145,0.26442374980135064,0.0,1.0,0.26999419909707684,0.2560961704246225,0.0,1.0,14,0.19390148553557468,9.521501172791243,17
954,1277,1265,13.032364812648744,99.11354737666406,7,9,4,5,977,0.7638780297107115,302,1148,0.8975762314308053,0.9518935516888434,930,218,0.9518935516888434,0.7218543046357616,0.8975762314308053,174,1130,6.494252873563219,0.00547302580140735,0.007036747458952306,0.003127443315089914,0.003909304143862392,0.41109455124156924,0.2617348085204814,0.0,1.0,0.45982266905802416,0.30713559937999774,0.0,1.0,0.5904463586530931,0.2639805367947863,0.0,1.0,0.27089701164523705,0.256541076772378,0.0,1.0,14,0.19498825371965545,9.514487079091621,17
955,1283,1271,12.918871298419488,98.72564302416212,14,8,6,2,940,0.7361002349256069,337,1146,0.8974158183241974,0.951063829787234,894,252,0.951063829787234,0.7477744807121661,0.8974158183241974,174,1126,6.471264367816092,0.01096319498825372,0.006264682850430697,0.004698512137823023,0.0015661707126076742,0.4092726221305911,0.2614827608189333,0.0,1.0,0.45973399039549445,0.30650312931406704,0.0,1.0,0.5914313730420134,0.26405677525975335,0.0,1.0,0.27066100118170616,0.2563481061329824,0.0,1.0,14,0.19485580670303976,9.53078721745908,17
956,1274,1282,12.86630172096393,98.23312401883831,9,18,12,6,958,0.7466874512860483,325,1154,0.8994544037412315,0.9446764091858038,905,249,0.9446764091858038,0.7661538461538462,0.8994544037412315,166,1131,6.813253012048193,0.007014809041309431,0.014029618082618862,0.009353078721745909,0.004676539360872954,0.4075808983643085,0.2610716303453509,0.0,1.0,0.45943687648756776,0.30585073831497966,0.0,1.0,0.5903681571884337,0.2643346521537791,0.0,1.0,0.2704461437180331,0.2567879165743352,0.0,1.0,14,0.19544740973312402,9.54866562009419,17
957,1267,1286,12.883728094715927,98.15232833464877,4,11,10,1,943,0.7401883830455259,331,1121,0.8799058084772371,0.9395546129374337,886,235,0.9395546129374337,0.7099697885196374,0.8799058084772371,176,1101,6.255681818181818,0.0031397174254317113,0.008634222919937205,0.007849293563579277,0.0007849293563579278,0.40718486646128776,0.2598780154032815,0.0,1.0,0.4584362349466609,0.3061305950914857,0.0,1.0,0.590752857906663,0.26484120587747145,0.0,1.0,0.269852585482598,0.2567624525495611,0.0,1.0,14,0.1957379636937648,9.564325177584847,17
958,1270,1292,12.89211055601352,98.39606299212599,7,4,2,2,952,0.7513812154696132,315,1119,0.8831886345698501,0.9401260504201681,895,224,0.9401260504201681,0.7111111111111111,0.8831886345698501,173,1098,6.3468208092485545,0.0055248618784530384,0.0031570639305445935,0.0015785319652722968,0.0015785319652722968,0.40635001270002535,0.2605160219116652,0.0,1.0,0.4577851155702311,0.3063085434310963,0.0,1.0,0.5908051816103632,0.26443746351908753,0.0,1.0,0.2682245364490729,0.25617164537275605,0.0,1.0,14,0.1968503937007874,9.575590551181103,17
959,1268,1304,12.893069563903616,98.96135646687698,5,7,3,4,1006,0.7921259842519685,264,1104,0.8692913385826772,0.9343936381709742,940,164,0.9343936381709742,0.6212121212121212,0.8692913385826772,177,1093,6.175141242937853,0.003937007874015748,0.005511811023622047,0.002362204724409449,0.0031496062992125984,0.40612597944438794,0.26036100213654334,0.0,1.0,0.45692988704589393,0.3059256910593063,0.0,1.0,0.5904650452834029,0.2641842302267795,0.0,1.0,0.268723923883179,0.25612784700342617,0.0,1.0,14,0.1971608832807571,9.578864353312303,17
960,1271,1314,12.782303009159785,98.33831628638868,14,11,7,4,962,0.7586750788643533,306,1104,0.8706624605678234,0.9293139293139293,894,210,0.9293139293139293,0.6862745098039216,0.8706624605678234,176,1090,6.193181818181818,0.011041009463722398,0.008675078864353312,0.005520504731861199,0.0031545741324921135,0.4037968579477678,0.2590324600170423,0.0,1.0,0.4564858759929951,0.306947120192277,0.0,1.0,0.590594147356666,0.2645796643002349,0.0,1.0,0.26968858658409683,0.2575738359549262,0.0,1.0,14,0.1990558615263572,9.58221872541306,17
961,1266,1315,12.825044117174198,98.38941548183254,5,10,8,2,943,0.7419354838709677,328,1103,0.8678206136900078,0.9406150583244963,887,216,0.9406150583244963,0.6585365853658537,0.8678206136900078,174,1078,6.195402298850575,0.003933910306845004,0.007867820613690008,0.006294256490952006,0.0015735641227380016,0.40437242011924784,0.259618753387499,0.0,1.0,0.4568618457932018,0.30697415767391645,0.0,1.0,0.5893084645568974,0.264964526706729,0.0,1.0,0.2700657391836111,0.2578219732132608,0.0,1.0,14,0.1990521327014218,9.585308056872037,17
962,1265,1319,12.84242733365807,98.34782608695652,7,8,6,2,950,0.7503949447077409,316,1137,0.8981042654028436,0.9452631578947368,898,239,0.9452631578947368,0.7563291139240507,0.8981042654028436,182,1123,6.170329670329671,0.005529225908372828,0.00631911532385466,0.004739336492890996,0.001579778830963665,0.40413107229376516,0.2587763575089581,0.0,1.0,0.45829402014535253,0.30652070591272734,0.0,1.0,0.5893918143567513,0.2648818959266005,0.0,1.0,0.2714012495218666,0.25832062317518634,0.0,1.0,14,0.19683794466403162,9.578656126482214,17
963,1261,1328,12.864669802464284,98.44885011895322,5,9,7,2,918,0.7256916996047431,347,1100,0.8695652173913043,0.9357298474945533,859,241,0.9357298474945533,0.6945244956772334,0.8695652173913043,176,1085,6.1647727272727275,0.003952569169960474,0.0071146245059288534,0.005533596837944664,0.0015810276679841897,0.404696733263411,0.2589848074651993,0.0,1.0,0.45862218925072273,0.30712838476223386,0.0,1.0,0.5900335115499731,0.2648194195868595,0.0,1.0,0.2712389040955719,0.2585224488602854,0.0,1.0,14,0.19666931007137192,9.582077716098334,17
964,1260,1333,12.907531675250189,98.64444444444445,6,7,5,2,915,0.725614591593973,346,1096,0.8691514670896114,0.9355191256830601,856,240,0.9355191256830601,0.6936416184971098,0.8691514670896114,173,1074,6.208092485549133,0.004758128469468675,0.0055511498810467885,0.003965107057890563,0.0015860428231562252,0.404710701484895,0.2590998340027524,0.0,1.0,0.45870455709165386,0.30613763521608856,0.0,1.0,0.5886584741423452,0.2652190011383405,0.0,1.0,0.2711725550435228,0.25848971181085756,0.0,1.0,14,0.19603174603174603,9.584920634920636,17
965,1253,1335,12.941252683582572,98.40303272146848,6,13,10,3,939,0.7452380952380953,321,1131,0.8976190476190476,0.9456869009584664,888,243,0.9456869009584664,0.7570093457943925,0.8976190476190476,179,1112,6.212290502793296,0.004761904761904762,0.010317460317460317,0.007936507936507936,0.002380952380952381,0.4041912313672991,0.25896421651759494,0.0,1.0,0.4586926859408388,0.30634508580130926,0.0,1.0,0.5875189866900085,0.2649433735859229,0.0,1.0,0.2719923795793322,0.25975717287612127,0.0,1.0,14,0.1971268954509178,9.596169193934557,17
966,1243,1335,13.010720050348406,98.31777956556718,4,14,11,3,958,0.7645650438946529,295,1123,0.8962490023942538,0.941544885177453,902,221,0.941544885177453,0.7491525423728813,0.8962490023942538,172,1095,6.366279069767442,0.0031923383878691143,0.0111731843575419,0.008778930566640064,0.0023942537909018356,0.404276853606,0.2585173511372641,0.0,1.0,0.45976176264500557,0.3069728400633901,0.0,1.0,0.5869773959982353,0.2657424875409322,0.0,1.0,0.27197467106116835,0.25948288763991717,0.0,1.0,14,0.19549477071600965,9.614641995172969,17
967,1237,1338,13.04227638364269,98.4357316087308,4,10,8,2,961,0.7731295253419147,282,1097,0.8825422365245374,0.9406867845993756,904,193,0.9406867845993756,0.6843971631205674,0.8825422365245374,175,1075,6.142857142857143,0.003218020917135961,0.008045052292839904,0.006436041834271922,0.0016090104585679806,0.404308029311289,0.25853000258043973,0.0,1.0,0.4607400839700629,0.30697782016728586,0.0,1.0,0.5868777218556862,0.26533684741043834,0.0,1.0,0.27178136490468613,0.2593234947514127,0.0,1.0,14,0.19563459983831852,9.62004850444624,17
968,1236,1339,13.075345321832822,98.35113268608414,6,7,6,1,946,0.7647534357316087,291,1098,0.8876313662085691,0.9460887949260042,895,203,0.9460887949260042,0.697594501718213,0.8876313662085691,175,1074,6.137142857142857,0.004850444624090542,0.005658852061438965,0.004850444624090542,0.0008084074373484236,0.4037738803632947,0.2577489248975377,0.0,1.0,0.46059087587430836,0.30702971677819735,0.0,1.0,0.58795281344608,0.264439619292709,0.0,1.0,0.2723666353481574,0.259513878752748,0.0,1.0,14,0.19498381877022652,9.617313915857606,17
969,1232,1339,13.116697542580942,98.11607142857143,7,11,8,3,915,0.7402912621359223,321,1094,0.8851132686084142,0.9420765027322404,862,232,0.9420765027322404,0.7227414330218068,0.8851132686084142,176,1070,6.079545454545454,0.0056634304207119745,0.00889967637540453,0.006472491909385114,0.0024271844660194173,0.403540008378718,0.25842409737879996,0.0,1.0,0.4592846669459573,0.30661599753188384,0.0,1.0,0.5860651445328865,0.26489988582683793,0.0,1.0,0.2724130708001676,0.2594163749193159,0.0,1.0,14,0.19642857142857142,9.621753246753247,17
970,1226,1347,13.065216899135669,97.33931484502448,9,15,12,3,938,0.7613636363636364,294,1061,0.8612012987012987,0.9125799573560768,856,205,0.9125799573560768,0.6972789115646258,0.8612012987012987,169,1038,6.1420118343195265,0.007305194805194805,0.012175324675324676,0.00974025974025974,0.002435064935064935,0.40433089512182285,0.2595060858136596,0.0,1.0,0.4618218176077462,0.3067820019701056,0.0,1.0,0.5867231489764774,0.26426450145169167,0.0,1.0,0.2709045940114719,0.25928799347295195,0.0,1.0,14,0.19575856443719414,9.64600326264274,17
971,1225,1351,13.0969708028271,97.64081632653061,6,7,5,2,920,0.7504078303425775,306,1086,0.8858075040783034,0.9358695652173913,861,225,0.9358695652173913,0.7352941176470589,0.8858075040783034,179,1069,5.972067039106145,0.004893964110929853,0.005709624796084829,0.004078303425774877,0.0016313213703099511,0.4048716260697827,0.2600696643365605,0.0,1.0,0.4627781435154707,0.3065887833841823,0.0,1.0,0.5859381171823568,0.2646686558942053,0.0,1.0,0.27049374588545094,0.2591388688567122,0.0,1.0,14,0.19428571428571428,9.662040816326531,17
972,1228,1353,13.109185519559734,97.70602605863192,8,5,3,2,930,0.7591836734693878,295,1035,0.8448979591836735,0.910752688172043,847,188,0.910752688172043,0.6372881355932203,0.8448979591836735,179,1016,5.675977653631285,0.006530612244897959,0.004081632653061225,0.0024489795918367346,0.0016326530612244899,0.40595775979825577,0.2610130758092693,0.0,1.0,0.46301355469160455,0.3067385212237318,0.0,1.0,0.5870022065777031,0.265257646403957,0.0,1.0,0.269228748555217,0.2584220349058971,0.0,1.0,14,0.19299674267100977,9.678338762214985,17
973,1234,1350,13.06409379856516,97.46758508914101,13,7,5,2,935,0.761400651465798,293,1075,0.8754071661237784,0.9368983957219251,876,199,0.9368983957219251,0.6791808873720137,0.8754071661237784,174,1046,6.011494252873563,0.010586319218241042,0.005700325732899023,0.004071661237785016,0.0016286644951140066,0.4066241438803785,0.2607573804588264,0.0,1.0,0.46392534114079576,0.3073922463464918,0.0,1.0,0.5868144507763894,0.2650204662861256,0.0,1.0,0.26729230930098813,0.25762304127087515,0.0,1.0,14,0.19367909238249595,9.696920583468396,17
974,1231,1358,13.049760078976952,97.00324939073924,9,12,8,4,919,0.7447325769854133,315,1071,0.8679092382495948,0.9292709466811752,854,217,0.9292709466811752,0.6888888888888889,0.8679092382495948,169,1048,6.201183431952662,0.007293354943273906,0.009724473257698542,0.006482982171799027,0.0032414910858995136,0.40887293309923745,0.26237526753149365,0.0,1.0,0.4634574565656036,0.3072178808976277,0.0,1.0,0.5879038809255523,0.2643086935119351,0.0,1.0,0.2674196168863499,0.25774243399691427,0.0,1.0,14,0.1941510966693745,9.713241267262388,17
975,1229,1367,13.062859645893845,97.1366965012205,7,9,5,4,949,0.7709179528838342,282,1050,0.8529650690495532,0.9251844046364595,878,172,0.9251844046364595,0.6099290780141844,0.8529650690495532,172,1031,5.994186046511628,0.005686433793663688,0.007311129163281885,0.004061738424045491,0.003249390739236393,0.40843591695320086,0.26232278639130263,0.0,1.0,0.46534029764560747,0.3068260144914632,0.0,1.0,0.5878631985091473,0.26441929395398517,0.0,1.0,0.26614871781411586,0.25667427179286023,0.0,1.0,14,0.193653376729048,9.716842961757527,17
976,1224,1368,13.172681547303373,97.63807189542484,2,7,5,2,906,0.7371847030105777,323,1063,0.8649308380797396,0.9183222958057395,832,231,0.9183222958057395,0.7151702786377709,0.8649308380797396,180,1044,5.8,0.0016273393002441008,0.005695687550854353,0.0040683482506102524,0.0016273393002441008,0.40907653383934217,0.26231499745177583,0.0,1.0,0.46605523930002113,0.30739705352738045,0.0,1.0,0.5882352941176471,0.26440759527234176,0.0,1.0,0.2658918406072106,0.2567118344752001,0.0,1.0,14,0.19362745098039216,9.719771241830065,17
977,1218,1375,13.221165594019798,97.84072249589491,3,9,7,2,927,0.7573529411764706,297,1044,0.8529411764705882,0.9223300970873787,855,189,0.9223300970873787,0.6363636363636364,0.8529411764705882,174,1025,5.890804597701149,0.0024509803921568627,0.007352941176470588,0.005718954248366013,0.0016339869281045752,0.4093172307855289,0.26201859166240155,0.0,1.0,0.4657026325546904,0.3074829553910206,0.0,1.0,0.5887229196461676,0.26425487750858845,0.0,1.0,0.26460617617458554,0.25620541502333516,0.0,1.0,14,0.19458128078817735,9.729064039408867,17
978,1228,1377,13.131272710040207,97.14902280130293,17,7,5,2,894,0.7339901477832512,324,1077,0.8842364532019704,0.9340044742729307,835,242,0.9340044742729307,0.7469135802469136,0.8842364532019704,175,1054,6.022857142857143,0.013957307060755337,0.005747126436781609,0.004105090311986864,0.0016420361247947454,0.4093201639172008,0.26207087897733067,0.0,1.0,0.465404013869917,0.3070807951761125,0.0,1.0,0.5888147525480718,0.26385781659820506,0.0,1.0,0.2638961857728276,0.25687288324381946,0.0,1.0,14,0.19462540716612378,9.75814332247557,18
979,1223,1389,13.118557932552841,97.07195421095666,7,12,8,4,937,0.7630293159609121,291,1074,0.8745928338762216,0.9210245464247598,863,211,0.9210245464247598,0.7250859106529209,0.8745928338762216,173,1059,6.121387283236994,0.005700325732899023,0.009771986970684038,0.006514657980456026,0.003257328990228013,0.4092263867275077,0.26281050999137406,0.0,1.0,0.467333104739799,0.3068897045280332,0.0,1.0,0.5897449423680532,0.2633833198762197,0.0,1.0,0.26302323741196953,0.25658502353013046,0.0,1.0,14,0.1929681112019624,9.77187244480785,18
980,1221,1399,13.102606997328316,96.65110565110565,7,9,9,0,889,0.7269010629599346,334,1055,0.8626328699918234,0.9201349831271091,818,237,0.9201349831271091,0.7095808383233533,0.8626328699918234,167,1032,6.179640718562874,0.005723630417007359,0.007358953393295176,0.007358953393295176,0.0,0.40934189321286096,0.2630223055186543,0.0,1.0,0.4656415946738527,0.3061717507394678,0.0,1.0,0.5903146548307838,0.2633314503544435,0.0,1.0,0.26271432723045623,0.25628270275474685,0.0,1.0,14,0.1941031941031941,9.787059787059787,18
981,1219,1413,13.05360072624628,96.1780147662018,11,13,10,3,879,0.7199017199017199,342,1050,0.85995085995086,0.9340159271899886,821,229,0.9340159271899886,0.6695906432748538,0.85995085995086,168,1032,6.142857142857143,0.009009009009009009,0.010647010647010647,0.00819000819000819,0.002457002457002457,0.4081346423562412,0.26169500610887964,0.0,1.0,0.4673053004842679,0.306250676349643,0.0,1.0,0.5905422212813253,0.26289385164268175,0.0,1.0,0.26311889703352825,0.2564636382010312,0.0,1.0,14,0.19278096800656275,9.791632485643971,18
982,1221,1417,13.096710874455777,96.48075348075348,8,6,3,3,907,0.7440525020508614,312,1071,0.8785890073831009,0.9327453142227122,846,225,0.9327453142227122,0.7211538461538461,0.8785890073831009,172,1047,6.087209302325581,0.006562756357670222,0.004922067268252666,0.002461033634126333,0.002461033634126333,0.40899844125650575,0.26195215269824096,0.0,1.0,0.4690761142374046,0.3064236784782638,0.0,1.0,0.5905260098808486,0.2632588671973479,0.0,1.0,0.26181606826768117,0.256094508496933,0.0,1.0,14,0.19246519246519248,9.805896805896806,18
983,1227,1416,13.122644402638251,96.50448247758762,10,4,3,1,864,0.7076167076167076,357,1059,0.8673218673218673,0.9224537037037037,797,262,0.9224537037037037,0.7338935574229691,0.8673218673218673,177,1035,5.8474576271186445,0.00819000819000819,0.003276003276003276,0.002457002457002457,0.000819000819000819,0.4073139311722796,0.2616464145813197,0.0,1.0,0.4694639430028656,0.30661554162215693,0.0,1.0,0.5900833399058811,0.2638491885858415,0.0,1.0,0.26127191944685435,0.25597563636826526,0.0,1.0,14,0.19233903830480847,9.817440912795435,18
984,1224,1416,13.17210512785028,96.47549019607843,7,10,7,3,927,0.7555012224938875,300,1093,0.8907905460472698,0.9385113268608414,870,223,0.9385113268608414,0.7433333333333333,0.8907905460472698,177,1070,6.045197740112994,0.0057049714751426246,0.008149959250203748,0.0057049714751426246,0.0024449877750611247,0.4060193970061142,0.26154102720893985,0.0,1.0,0.46845351043643263,0.30612603577464825,0.0,1.0,0.5890522875816994,0.26431373472116904,0.0,1.0,0.26201771030993043,0.2562489131909984,0.0,1.0,14,0.19281045751633988,9.81045751633987,18
985,1224,1429,13.237121440980205,97.05800653594771,4,4,2,2,856,0.6993464052287581,368,1079,0.8815359477124183,0.9380841121495327,803,276,0.9380841121495327,0.75,0.8815359477124183,170,1062,6.247058823529412,0.0032679738562091504,0.0032679738562091504,0.0016339869281045752,0.0016339869281045752,0.40699451823740246,0.2620224327346392,0.0,1.0,0.4683744465528146,0.3057649705792771,0.0,1.0,0.589078642209572,0.2648831997898744,0.0,1.0,0.2618595825426945,0.25606212860961525,0.0,1.0,14,0.19281045751633988,9.818627450980392,18
986,1223,1433,13.182151292136945,96.59362224039248,10,11,9,2,915,0.7475490196078431,309,1050,0.8578431372549019,0.9245901639344263,846,204,0.9245901639344263,0.6601941747572816,0.8578431372549019,182,1036,5.6923076923076925,0.008169934640522876,0.008986928104575163,0.007352941176470588,0.0016339869281045752,0.4096220293830612,0.26306329324691635,0.0,1.0,0.46786062828053704,0.30515223786533074,0.0,1.0,0.5873974626117691,0.2659211007368218,0.0,1.0,0.2613615382586448,0.2558230672985478,0.0,1.0,14,0.1929681112019624,9.83483237939493,18
987,1222,1442,13.144937331482001,96.06873977086742,9,10,9,1,922,0.7538838920686836,301,1062,0.8683565004088307,0.9360086767895879,863,199,0.9360086767895879,0.6611295681063123,0.8683565004088307,177,1048,5.9209039548022595,0.007358953393295176,0.008176614881439084,0.007358953393295176,0.0008176614881439084,0.4080038012776516,0.26221955094377547,0.0,1.0,0.4670027981627158,0.3048683232155216,0.0,1.0,0.587455783749538,0.26589079164098595,0.0,1.0,0.26049311018425636,0.2556394984493538,0.0,1.0,14,0.1939443535188216,9.846153846153847,18
988,1223,1451,13.105827442931275,95.97792313982012,8,7,6,1,943,0.7716857610474632,279,1071,0.8764320785597381,0.9257688229056203,873,198,0.9257688229056203,0.7096774193548387,0.8764320785597381,175,1055,6.0285714285714285,0.006546644844517185,0.0057283142389525366,0.004909983633387889,0.0008183306055646482,0.40885712024899107,0.2628801847200921,0.0,1.0,0.46754411415609415,0.3048788246541481,0.0,1.0,0.5875820958510274,0.2657931325462286,0.0,1.0,0.2606230053016116,0.2558913766605938,0.0,1.0,14,0.1937857726901063,9.850367947669664,18
989,1222,1456,13.085465263007777,95.62847790507365,11,12,8,4,935,0.7645134914145544,288,1067,0.8724448078495503,0.946524064171123,885,182,0.946524064171123,0.6319444444444444,0.8724448078495503,169,1041,6.159763313609467,0.008994276369582993,0.009811937857726901,0.006541291905151268,0.003270645952575634,0.40850535874557836,0.2627160618526618,0.0,1.0,0.4690090280344227,0.3051736788339684,0.0,1.0,0.5868750329972018,0.2660010879636069,0.0,1.0,0.26009714376220894,0.2557411984062971,0.0,1.0,14,0.1939443535188216,9.869067103109657,18
990,1222,1455,13.072673565164893,95.34124386252046,8,8,8,0,926,0.7577741407528642,296,1042,0.8527004909983633,0.9254859611231101,857,185,0.9254859611231101,0.625,0.8527004909983633,175,1016,5.805714285714286,0.006546644844517185,0.006546644844517185,0.006546644844517185,0.0,0.40929729158967315,0.2624622162424502,0.0,1.0,0.4688506414656038,0.3047861910177362,0.0,1.0,0.5879309434559948,0.2656859615276606,0.0,1.0,0.2581437094134417,0.2540253843045423,0.0,1.0,14,0.1939443535188216,9.891980360065466,18
991,1227,1461,13.06026684796144,95.31784841075795,9,4,4,0,907,0.7422258592471358,315,1057,0.8649754500818331,0.9250275633958104,839,218,0.9250275633958104,0.692063492063492,0.8649754500818331,177,1040,5.875706214689266,0.007364975450081833,0.0032733224222585926,0.0032733224222585926,0.0,0.4091016641690985,0.2622502110039703,0.0,1.0,0.46967426453190314,0.30502529858599814,0.0,1.0,0.5880852853800247,0.265620333244849,0.0,1.0,0.25843257880484793,0.25437033092214306,0.0,1.0,14,0.19315403422982885,9.900570497147514,18
992,1225,1465,13.084492139242116,95.62938775510204,4,6,5,1,951,0.7750611246943765,276,1074,0.8753056234718827,0.953732912723449,907,167,0.953732912723449,0.605072463768116,0.8753056234718827,171,1049,6.1345029239766085,0.0032599837000814994,0.004889975550122249,0.004074979625101874,0.0008149959250203749,0.4095589203423305,0.26301543418906703,0.0,1.0,0.46904542462146154,0.3048758904577437,0.0,1.0,0.5877551020408164,0.26584788116754116,0.0,1.0,0.25788018433179727,0.2540386437643748,0.0,1.0,14,0.1926530612244898,9.901224489795919,18
993,1223,1469,13.145073744909238,95.90024529844645,4,6,5,1,916,0.7477551020408163,309,1082,0.883265306122449,0.9377729257641921,859,223,0.9377729257641921,0.7216828478964401,0.883265306122449,173,1059,6.121387283236994,0.0032653061224489797,0.004897959183673469,0.004081632653061225,0.0008163265306122449,0.4092000105504708,0.26294704969306,0.0,1.0,0.47023448421385805,0.30489939756229945,0.0,1.0,0.5874238387888059,0.2661427103943406,0.0,1.0,0.2583810302534751,0.25463906106431383,0.0,1.0,14,0.19215044971381848,9.905151267375306,18
994,1217,1472,13.239250493517467,96.12900575184881,4,10,7,3,929,0.759607522485691,294,1061,0.8675388389206868,0.93756727664155,871,190,0.93756727664155,0.6462585034013606,0.8675388389206868,176,1040,5.909090909090909,0.003270645952575634,0.008176614881439084,0.005723630417007359,0.0024529844644317253,0.40835475919103026,0.26249523628207005,0.0,1.0,0.4712009966337106,0.3044361017100327,0.0,1.0,0.5873512338643412,0.2666912405113702,0.0,1.0,0.2592572958358735,0.25528517659235056,0.0,1.0,14,0.1914543960558751,9.90139687756779,17
995,1223,1470,13.189957358882783,95.66721177432542,13,7,6,1,926,0.7608874281018899,291,1062,0.8726376335250616,0.9352051835853131,866,196,0.9352051835853131,0.6735395189003437,0.8726376335250616,168,1028,6.119047619047619,0.010682004930156122,0.005751848808545604,0.0049301561216105174,0.0008216926869350862,0.4076174399282568,0.2619148748590438,0.0,1.0,0.46894205153904994,0.3046420107512669,0.0,1.0,0.5883470049850974,0.26586649242495747,0.0,1.0,0.25964708675124626,0.25611696274440165,0.0,1.0,14,0.1937857726901063,9.908421913327881,17
996,1222,1480,13.24077816765261,96.0834697217676,5,6,3,3,920,0.7522485690923958,303,1103,0.901880621422731,0.9423913043478261,867,236,0.9423913043478261,0.7788778877887789,0.901880621422731,172,1085,6.308139534883721,0.004088307440719542,0.004905968928863451,0.0024529844644317253,0.0024529844644317253,0.40589198036006546,0.2611920982691264,0.0,1.0,0.4695897787867589,0.3046987766592235,0.0,1.0,0.5884325009239216,0.26602887755001037,0.0,1.0,0.26009714376220894,0.25610387820818015,0.0,1.0,14,0.19476268412438624,9.907528641571195,17
997,1217,1491,13.297704468521289,96.51355792933443,5,10,5,5,915,0.7487725040916531,307,1102,0.9018003273322422,0.9453551912568307,865,237,0.9453551912568307,0.7719869706840391,0.9018003273322422,172,1085,6.308139534883721,0.004091653027823241,0.008183306055646482,0.004091653027823241,0.004091653027823241,0.4060752246401781,0.261109272000679,0.0,1.0,0.46889495586715085,0.304941845799709,0.0,1.0,0.5861584541574999,0.2657502664705135,0.0,1.0,0.25875367773742947,0.25556320282504646,0.0,1.0,14,0.19556285949055052,9.925225965488908,17
998,1223,1496,13.272774043170028,96.39983646770237,11,5,4,1,883,0.7255546425636812,334,1045,0.8586688578471652,0.9263873159682899,818,227,0.9263873159682899,0.6796407185628742,0.8586688578471652,169,1019,6.029585798816568,0.009038619556285949,0.004108463434675432,0.003286770747740345,0.0008216926869350862,0.40511170310975125,0.2606130096039156,0.0,1.0,0.47020810803682117,0.3055324152899183,0.0,1.0,0.5871073246643631,0.26568343312747655,0.0,1.0,0.25803813995199537,0.255648023226532,0.0,1.0,14,0.19623875715453803,9.93704006541292,17
999,1226,1501,13.244359811850826,96.2463295269168,9,6,5,1,954,0.7800490596892886,269,1078,0.8814390842191333,0.9444444444444444,901,177,0.9444444444444444,0.6579925650557621,0.8814390842191333,173,1056,6.104046242774566,0.007358953393295176,0.004905968928863451,0.004088307440719542,0.0008176614881439084,0.4057254117770878,0.2607981866871129,0.0,1.0,0.46934694521917586,0.305892971522609,0.0,1.0,0.5880387307267273,0.265221678917984,0.0,1.0,0.25824869757406727,0.2563203438759365,0.0,1.0,14,0.19494290375203915,9.951060358890702,17
