step,population_size,food_count,average_energy,average_age,birth_count,death_count,age_death_count,energy_death_count,move_count,move_rate,non_move_count,eat_count,eat_rate,eat_per_move,eat_after_move_count,eat_without_move_count,eat_after_move_rate,eat_without_move_rate,total_eat_rate,shared_food_cell_count,shared_food_consumer_count,mean_consumers_per_shared_food,birth_rate,death_rate,age_death_rate,energy_death_rate,average_exploration_tendency,std_exploration_tendency,min_exploration_tendency,max_exploration_tendency,average_site_fidelity,std_site_fidelity,min_site_fidelity,max_site_fidelity,average_risk_tolerance,std_risk_tolerance,min_risk_tolerance,max_risk_tolerance,average_reproduction_timing,std_reproduction_timing,min_reproduction_timing,max_reproduction_timing,active_lineage_count,largest_lineage_share,average_generation,max_generation
0,100,492,9.844999999999999,1.0,0,0,0,0,51,0.51,49,8,0.08,0.11764705882352941,6,2,0.11764705882352941,0.04081632653061224,0.08,0,0,0.0,0.0,0.0,0.0,0.0,0.5096774193548387,0.3112192798759313,0.0,1.0,0.5412903225806451,0.28901425635184463,0.0,1.0,0.49129032258064514,0.28080659057638624,0.0,1.0,0.5019354838709678,0.30474294450708295,0.0,1.0,100,0.01,0.0,0
1,100,669,10.494999999999997,2.0,0,0,0,0,40,0.4,60,24,0.24,0.5,20,4,0.5,0.06666666666666667,0.24,1,2,2.0,0.0,0.0,0.0,0.0,0.5096774193548387,0.3112192798759313,0.0,1.0,0.5412903225806451,0.28901425635184463,0.0,1.0,0.49129032258064514,0.28080659057638624,0.0,1.0,0.5019354838709678,0.30474294450708295,0.0,1.0,100,0.01,0.0,0
2,101,847,10.920792079207919,2.9702970297029703,1,0,0,0,43,0.43,57,22,0.22,0.4418604651162791,19,3,0.4418604651162791,0.05263157894736842,0.22,0,0,0.0,0.01,0.0,0.0,0.0,0.5129351644841903,0.3113835993484094,0.0,1.0,0.5388054934525711,0.2886514433919489,0.0,1.0,0.49377195784094535,0.28051288101804783,0.0,1.0,0.502714787607793,0.3033306873915822,0.0,1.0,100,0.019801980198019802,0.009900990099009901,1
3,103,1024,11.191262135922328,3.8932038834951457,2,0,0,0,50,0.49504950495049505,51,24,0.2376237623762376,0.38,19,5,0.38,0.09803921568627451,0.2376237623762376,1,2,2.0,0.019801980198019802,0.0,0.0,0.0,0.5036016285624804,0.3154307214049325,0.0,1.0,0.5355465079862198,0.2882565526239315,0.0,1.0,0.49514563106796117,0.2790449295665691,0.0,1.0,0.4963983714375195,0.30391446509747744,0.0,1.0,100,0.019417475728155338,0.02912621359223301,1
4,105,1196,11.655238095238092,4.8,2,0,0,0,56,0.5436893203883495,47,28,0.27184466019417475,0.4107142857142857,23,5,0.4107142857142857,0.10638297872340426,0.27184466019417475,0,0,0.0,0.019417475728155338,0.0,0.0,0.0,0.5084485407066053,0.3156717533372103,0.0,1.0,0.5274961597542243,0.29136120590981324,0.0,1.0,0.4918586789554531,0.2782711515800974,0.0,1.0,0.4943164362519201,0.30137669478060997,0.0,1.0,100,0.01904761904761905,0.047619047619047616,1
5,108,1362,12.18796296296296,5.638888888888889,3,0,0,0,62,0.5904761904761905,43,34,0.3238095238095238,0.5,31,3,0.5,0.06976744186046512,0.3238095238095238,0,0,0.0,0.02857142857142857,0.0,0.0,0.0,0.5065710872162486,0.31668018358611144,0.0,1.0,0.52389486260454,0.2888876783318988,0.0,1.0,0.4958183990442055,0.2769240873941245,0.0,1.0,0.4871565113500597,0.3009773206909985,0.0,1.0,100,0.027777777777777776,0.07407407407407407,1
6,115,1521,12.351304347826083,6.234782608695652,7,0,0,0,67,0.6203703703703703,41,41,0.37962962962962965,0.5522388059701493,37,4,0.5522388059701493,0.0975609756097561,0.37962962962962965,0,0,0.0,0.06481481481481481,0.0,0.0,0.0,0.5079943899018233,0.31902226660855837,0.0,1.0,0.5155680224403927,0.2884302551769595,0.0,1.0,0.4976157082748948,0.2747436399177452,0.0,1.0,0.48892005610098177,0.3057189530567506,0.0,1.0,100,0.02608695652173913,0.13043478260869565,1
7,117,1678,13.3025641025641,7.111111111111111,2,0,0,0,69,0.6,46,46,0.4,0.5942028985507246,41,5,0.5942028985507246,0.10869565217391304,0.4,3,6,2.0,0.017391304347826087,0.0,0.0,0.0,0.5108905431486077,0.31805362917329855,0.0,1.0,0.511993382961125,0.28724399225242925,0.0,1.0,0.5020678246484698,0.2744775322836725,0.0,1.0,0.4844223876481941,0.30573561113546815,0.0,1.0,100,0.03418803418803419,0.1452991452991453,1
8,124,1831,13.587096774193544,7.653225806451613,7,0,0,0,73,0.6239316239316239,44,47,0.4017094017094017,0.5068493150684932,37,10,0.5068493150684932,0.22727272727272727,0.4017094017094017,0,0,0.0,0.05982905982905983,0.0,0.0,0.0,0.5010405827263267,0.3237086283804136,0.0,1.0,0.49947970863683666,0.2885389734493712,0.0,1.0,0.5005202913631633,0.27123902080532986,0.0,1.0,0.47580645161290325,0.30420130576068316,0.0,1.0,100,0.04032258064516129,0.20967741935483872,2
9,132,1968,14.25454545454545,8.128787878787879,8,0,0,0,82,0.6612903225806451,42,63,0.5080645161290323,0.6097560975609756,50,13,0.6097560975609756,0.30952380952380953,0.5080645161290323,0,0,0.0,0.06451612903225806,0.0,0.0,0.0,0.512218963831867,0.324870424119047,0.0,1.0,0.49902248289345064,0.28587445581813814,0.0,1.0,0.5083088954056696,0.27248103046323396,0.0,1.0,0.4755620723362659,0.3065061743917477,0.0,1.0,100,0.045454545454545456,0.2727272727272727,2
10,137,2105,15.240875912408756,8.795620437956204,5,0,0,0,88,0.6666666666666666,44,67,0.5075757575757576,0.6363636363636364,56,11,0.6363636363636364,0.25,0.5075757575757576,3,7,2.3333333333333335,0.03787878787878788,0.0,0.0,0.0,0.5121262067341653,0.3235785191096417,0.0,1.0,0.5010595714622086,0.2861471742033269,0.0,1.0,0.5123616670591005,0.2705667616688479,0.0,1.0,0.4706851895455616,0.30628872387713507,0.0,1.0,100,0.051094890510948905,0.31386861313868614,2
11,154,2236,14.66493506493506,8.714285714285714,17,0,0,0,97,0.708029197080292,40,73,0.5328467153284672,0.7010309278350515,68,5,0.7010309278350515,0.125,0.5328467153284672,4,8,2.0,0.12408759124087591,0.0,0.0,0.0,0.5155006284038542,0.32244384990614205,0.0,1.0,0.48743192291579385,0.2829574001693116,0.0,1.0,0.5106828655215752,0.26966002981733184,0.0,1.0,0.46648512777545037,0.3043693311021515,0.0,1.0,100,0.05844155844155844,0.42207792207792205,2
12,165,2355,15.198181818181814,9.066666666666666,11,0,0,0,109,0.7077922077922078,45,86,0.5584415584415584,0.7064220183486238,77,9,0.7064220183486238,0.2,0.5584415584415584,5,10,2.0,0.07142857142857142,0.0,0.0,0.0,0.5188660801564027,0.32102078501086795,0.0,1.0,0.47585532746823067,0.2839510697570238,0.0,1.0,0.5159335288367546,0.2679555371604728,0.0,1.0,0.44731182795698926,0.3046126504528694,0.0,1.0,100,0.06666666666666667,0.4909090909090909,2
13,185,2459,15.041621621621617,8.978378378378379,20,0,0,0,111,0.6727272727272727,54,103,0.6242424242424243,0.8018018018018018,89,14,0.8018018018018018,0.25925925925925924,0.6242424242424243,6,13,2.1666666666666665,0.12121212121212122,0.0,0.0,0.0,0.506364428945074,0.3268681816261215,0.0,1.0,0.47009590235396687,0.2848092686595445,0.0,1.0,0.5124673060156931,0.26891546701124325,0.0,1.0,0.4364428945074106,0.298528668660553,0.0,1.0,100,0.06486486486486487,0.6054054054054054,3
14,204,2560,15.032843137254899,9.049019607843137,19,0,0,0,121,0.654054054054054,64,109,0.5891891891891892,0.71900826446281,87,22,0.71900826446281,0.34375,0.5891891891891892,8,18,2.25,0.10270270270270271,0.0,0.0,0.0,0.5088551549652119,0.3238717635061923,0.0,1.0,0.4739089184060721,0.28560672068865484,0.0,1.0,0.5110689437065148,0.27093705957275,0.0,1.0,0.43374446552814677,0.29425274725935824,0.0,1.0,100,0.06372549019607843,0.6715686274509803,3
15,229,2642,14.842794759825324,8.951965065502183,25,0,0,0,143,0.7009803921568627,61,129,0.6323529411764706,0.7342657342657343,105,24,0.7342657342657343,0.39344262295081966,0.6323529411764706,11,22,2.0,0.12254901960784313,0.0,0.0,0.0,0.5044372446823496,0.32576898099983753,0.0,1.0,0.4717565854345682,0.28095823344786214,0.0,1.0,0.5142977884209043,0.2673891335188514,0.0,1.0,0.42301732638399775,0.2945648640657304,0.0,1.0,100,0.07423580786026202,0.7947598253275109,3
16,251,2706,15.214342629482067,9.079681274900398,22,0,0,0,163,0.7117903930131004,66,152,0.6637554585152838,0.7791411042944786,127,25,0.7791411042944786,0.3787878787878788,0.6637554585152838,13,29,2.230769230769231,0.09606986899563319,0.0,0.0,0.0,0.5010924045752474,0.3260223933618648,0.0,1.0,0.4617658398663411,0.28313025842144934,0.0,1.0,0.5095746048065801,0.2637894533346143,0.0,1.0,0.4219252024161419,0.2933866099696681,0.0,1.0,100,0.07569721115537849,0.8685258964143426,3
17,275,2756,15.54363636363636,9.2,24,0,0,0,198,0.7888446215139442,53,175,0.6972111553784861,0.8131313131313131,161,14,0.8131313131313131,0.2641509433962264,0.6972111553784861,20,45,2.25,0.09561752988047809,0.0,0.0,0.0,0.5117888563049854,0.32421884214765156,0.0,1.0,0.4587683284457478,0.28551555793402666,0.0,1.0,0.5160117302052786,0.2657150168992987,0.0,1.0,0.41853372434017594,0.29076422464318075,0.0,1.0,100,0.08,0.9345454545454546,3
18,302,2795,15.773178807947017,9.288079470198676,27,0,0,0,197,0.7163636363636363,78,192,0.6981818181818182,0.8375634517766497,165,27,0.8375634517766497,0.34615384615384615,0.6981818181818182,26,57,2.1923076923076925,0.09818181818181818,0.0,0.0,0.0,0.5032044434949797,0.32914973266147113,0.0,1.0,0.4492629779961547,0.2816502281203513,0.0,1.0,0.520828882717368,0.2630211176779447,0.0,1.0,0.4151890621662038,0.2899423295871508,0.0,1.0,100,0.08278145695364239,1.0529801324503312,4
19,333,2806,16.05675675675675,9.33033033033033,31,0,0,0,232,0.7682119205298014,70,228,0.7549668874172185,0.8362068965517241,194,34,0.8362068965517241,0.4857142857142857,0.7549668874172185,32,71,2.21875,0.10264900662251655,0.0,0.0,0.0,0.5052794730214085,0.3304490825688019,0.0,1.0,0.45103167683812845,0.2815185473845879,0.0,1.0,0.5180664535503244,0.2639003921604349,0.0,1.0,0.4060835028576964,0.2857860589612183,0.0,1.0,100,0.08708708708708708,1.132132132132132,4
20,363,2813,16.362258953168038,9.476584022038567,30,0,0,0,245,0.7357357357357357,88,240,0.7207207207207207,0.8367346938775511,205,35,0.8367346938775511,0.3977272727272727,0.7207207207207207,36,83,2.3055555555555554,0.09009009009009009,0.0,0.0,0.0,0.5100861992357594,0.32688526496855025,0.0,1.0,0.4526792855238603,0.2829043434881287,0.0,1.0,0.5170176841731094,0.2635694540375211,0.0,1.0,0.4090464764951568,0.28868844644399777,0.0,1.0,100,0.08264462809917356,1.184573002754821,4
21,412,2792,15.900728155339802,9.230582524271844,49,0,0,0,279,0.768595041322314,84,272,0.7493112947658402,0.8530465949820788,238,34,0.8530465949820788,0.40476190476190477,0.7493112947658402,37,88,2.3783783783783785,0.1349862258953168,0.0,0.0,0.0,0.5022705919198246,0.329425342048874,0.0,1.0,0.444096461008456,0.2822306866412738,0.0,1.0,0.5219229564672722,0.2615289145188081,0.0,1.0,0.4054963983714375,0.287547015046019,0.0,1.0,100,0.08495145631067962,1.2936893203883495,4
22,455,2752,15.950549450549447,9.263736263736265,43,0,0,0,310,0.7524271844660194,102,304,0.7378640776699029,0.8258064516129032,256,48,0.8258064516129032,0.47058823529411764,0.7378640776699029,51,115,2.2549019607843137,0.10436893203883495,0.0,0.0,0.0,0.500177242112726,0.33154415189629494,0.0,1.0,0.4419709322935129,0.28134673134334304,0.0,1.0,0.5197447713576746,0.25998612599898674,0.0,1.0,0.3979439914923786,0.2814532066490312,0.0,1.0,100,0.0989010989010989,1.3802197802197802,4
23,509,2693,15.677799607072687,9.174852652259332,54,0,0,0,332,0.7296703296703296,123,340,0.7472527472527473,0.8433734939759037,280,60,0.8433734939759037,0.4878048780487805,0.7472527472527473,60,141,2.35,0.11868131868131868,0.0,0.0,0.0,0.504277837632296,0.33272071680563964,0.0,1.0,0.43564230939856774,0.2806561888292451,0.0,1.0,0.5271563470435389,0.2585730724209584,0.0,1.0,0.39337093605424933,0.28302994274210386,0.0,1.0,100,0.09430255402750491,1.4675834970530452,4
24,546,2632,16.04542124542124,9.43956043956044,38,1,0,1,364,0.7151277013752456,145,370,0.7269155206286837,0.8186813186813187,298,72,0.8186813186813187,0.496551724137931,0.7269155206286837,83,192,2.3132530120481927,0.07465618860510806,0.0019646365422396855,0.0,0.0019646365422396855,0.5031903580290678,0.3354776201160636,0.0,1.0,0.43329788491078813,0.2813750901918869,0.0,1.0,0.5192012288786483,0.260530605901006,0.0,1.0,0.3924731182795699,0.280485847169002,0.0,1.0,99,0.09706959706959707,1.5183150183150182,5
25,594,2548,16.121212121212118,9.595959595959595,48,0,0,0,402,0.7362637362637363,144,396,0.7252747252747253,0.8407960199004975,338,58,0.8407960199004975,0.4027777777777778,0.7252747252747253,81,193,2.382716049382716,0.08791208791208792,0.0,0.0,0.0,0.5051591180623438,0.3365012707870355,0.0,1.0,0.42896709025741286,0.2785914702566666,0.0,1.0,0.5232431845335072,0.25912169898992804,0.0,1.0,0.3906810035842294,0.2803291525510758,0.0,1.0,99,0.09764309764309764,1.5925925925925926,5
26,650,2460,15.899538461538457,9.64,58,2,0,2,427,0.7188552188552189,167,422,0.7104377104377104,0.8079625292740047,345,77,0.8079625292740047,0.46107784431137727,0.7104377104377104,100,234,2.34,0.09764309764309764,0.003367003367003367,0.0,0.003367003367003367,0.5111166253101738,0.33681570471811867,0.0,1.0,0.42322580645161295,0.2787165700829531,0.0,1.0,0.5199007444168735,0.25781971592017505,0.0,1.0,0.3886352357320099,0.279138081565277,0.0,1.0,99,0.09846153846153846,1.6692307692307693,5
27,696,2370,15.97658045977011,9.936781609195402,46,0,0,0,480,0.7384615384615385,170,463,0.7123076923076923,0.7958333333333333,382,81,0.7958333333333333,0.4764705882352941,0.7123076923076923,104,277,2.6634615384615383,0.07076923076923076,0.0,0.0,0.0,0.5122358175750834,0.3366194799489612,0.0,1.0,0.4222284019280682,0.2779962620008103,0.0,1.0,0.5179829440118651,0.25919091964176033,0.0,1.0,0.3863552094920281,0.2797952093163721,0.0,1.0,99,0.09626436781609195,1.7255747126436782,5
28,744,2279,15.971639784946234,10.231182795698924,48,0,0,0,486,0.6982758620689655,210,489,0.7025862068965517,0.8189300411522634,398,91,0.8189300411522634,0.43333333333333335,0.7025862068965517,119,317,2.6638655462184873,0.06896551724137931,0.0,0.0,0.0,0.5126604231703087,0.3378939805732013,0.0,1.0,0.4194849115504683,0.277078202741182,0.0,1.0,0.5148716614637531,0.25852442765574146,0.0,1.0,0.3859261186264308,0.2788419212956277,0.0,1.0,99,0.09811827956989247,1.7849462365591398,5
29,794,2207,15.746473551637276,10.523929471032746,50,0,0,0,534,0.717741935483871,210,513,0.6895161290322581,0.7808988764044944,417,96,0.7808988764044944,0.45714285714285713,0.6895161290322581,122,363,2.9754098360655736,0.06720430107526881,0.0,0.0,0.0,0.5158852685463557,0.33849187350351584,0.0,1.0,0.41809539286584874,0.27795631921138686,0.0,1.0,0.5135695132851222,0.26009802851562125,0.0,1.0,0.3871374014788332,0.2788018643408963,0.0,1.0,99,0.09949622166246852,1.8337531486146095,5
30,849,2121,15.47408716136631,10.777385159010601,55,0,0,0,564,0.7103274559193955,230,558,0.7027707808564232,0.8014184397163121,452,106,0.8014184397163121,0.4608695652173913,0.7027707808564232,132,404,3.0606060606060606,0.06926952141057935,0.0,0.0,0.0,0.5135833428321745,0.34060318066745826,0.0,1.0,0.41388350621224207,0.27581879087974875,0.0,1.0,0.5127854401762986,0.25870223713967094,0.0,1.0,0.38641285763136896,0.2774846867461862,0.0,1.0,99,0.10482921083627797,1.8798586572438163,5
31,870,2037,15.934712643678155,11.386206896551725,27,6,0,6,613,0.7220259128386337,236,591,0.696113074204947,0.7895595432300163,484,107,0.7895595432300163,0.4533898305084746,0.696113074204947,137,444,3.240875912408759,0.03180212014134275,0.007067137809187279,0.0,0.007067137809187279,0.5150537634408603,0.3412471530280174,0.0,1.0,0.40989988876529476,0.2748487419871443,0.0,1.0,0.5122728958101594,0.2587855329355873,0.0,1.0,0.3846496106785317,0.27711694441524376,0.0,1.0,98,0.10804597701149425,1.9206896551724137,5
32,918,1960,15.703267973856203,11.718954248366012,50,2,0,2,645,0.7413793103448276,225,605,0.6954022988505747,0.7937984496124031,512,93,0.7937984496124031,0.41333333333333333,0.6954022988505747,149,477,3.2013422818791946,0.05747126436781609,0.0022988505747126436,0.0,0.0022988505747126436,0.5179914259610654,0.34097519177323365,0.0,1.0,0.40870756904912503,0.273882263464816,0.0,1.0,0.5108229671797034,0.2594579061476953,0.0,1.0,0.38498840396373607,0.2774169000298611,0.0,1.0,98,0.10893246187363835,1.9651416122004357,5
33,954,1887,15.706918238993707,12.213836477987421,38,2,0,2,664,0.7233115468409586,254,636,0.6928104575163399,0.7921686746987951,526,110,0.7921686746987951,0.4330708661417323,0.6928104575163399,153,516,3.372549019607843,0.04139433551198257,0.002178649237472767,0.0,0.002178649237472767,0.5183607222560357,0.342276628862338,0.0,1.0,0.4055251234192196,0.2740127916122891,0.0,1.0,0.5107188746872253,0.2601423703681946,0.0,1.0,0.38334347737877866,0.27692004829524264,0.0,1.0,98,0.11215932914046121,1.99895178197065,5
34,995,1814,15.578291457286428,12.655276381909548,42,1,0,1,706,0.740041928721174,248,652,0.6834381551362684,0.7747875354107648,547,105,0.7747875354107648,0.42338709677419356,0.6834381551362684,150,529,3.526666666666667,0.0440251572327044,0.0010482180293501049,0.0,0.0010482180293501049,0.5227751661533474,0.3426970660040492,0.0,1.0,0.4050575457934836,0.27482366681995407,0.0,1.0,0.5110390662992381,0.2604650610936752,0.0,1.0,0.3838547576592641,0.2756489740456438,0.0,1.0,98,0.11256281407035176,2.028140703517588,5
35,1032,1751,15.464534883720924,13.107558139534884,40,3,0,3,719,0.7226130653266332,276,684,0.6874371859296482,0.7677329624478443,552,132,0.7677329624478443,0.4782608695652174,0.6874371859296482,155,576,3.7161290322580647,0.04020100502512563,0.003015075376884422,0.0,0.003015075376884422,0.5238184546136535,0.34268049618502167,0.0,1.0,0.4051637909477369,0.27359398430798965,0.0,1.0,0.5147536884221056,0.2608859813094188,0.0,1.0,0.38325206301575393,0.2752841894835058,0.0,1.0,97,0.1124031007751938,2.058139534883721,5
36,1066,1688,15.378424015009376,13.594746716697935,37,3,0,3,774,0.75,258,715,0.6928294573643411,0.7842377260981912,607,108,0.7842377260981912,0.4186046511627907,0.6928294573643411,153,605,3.954248366013072,0.035852713178294575,0.0029069767441860465,0.0,0.0029069767441860465,0.5248441566301519,0.3427088749727276,0.0,1.0,0.4029534588149852,0.27232869940281046,0.0,1.0,0.5141015554076136,0.26105958246962546,0.0,1.0,0.38494825394904075,0.2760629409956455,0.0,1.0,96,0.11632270168855535,2.079737335834897,5
37,1099,1612,15.347164088565359,14.086442220200182,39,6,0,6,788,0.7392120075046904,278,740,0.6941838649155723,0.7766497461928934,612,128,0.7766497461928934,0.460431654676259,0.6941838649155723,158,622,3.9367088607594938,0.036585365853658534,0.005628517823639775,0.0,0.005628517823639775,0.5277525022747953,0.34161643487009674,0.0,1.0,0.40144999853239016,0.2704920624997352,0.0,1.0,0.5156006927118495,0.2612655263830314,0.0,1.0,0.38513017699374796,0.2761962820525144,0.0,1.0,96,0.11464968152866242,2.1073703366696996,5
38,1123,1536,15.47175719798159,14.711487088156723,29,5,0,5,798,0.7261146496815286,301,751,0.6833484986351228,0.7769423558897243,620,131,0.7769423558897243,0.43521594684385384,0.6833484986351228,156,631,4.044871794871795,0.026387625113739762,0.004549590536851683,0.0,0.004549590536851683,0.5267285209548157,0.3410827984314295,0.0,1.0,0.3988739838566053,0.2690621744972737,0.0,1.0,0.5161290322580645,0.26231667602187714,0.0,1.0,0.38244334013156006,0.27612295441498175,0.0,1.0,96,0.11665182546749778,2.1335707925200356,5
39,1155,1477,15.367691197691192,15.240692640692641,35,3,0,3,818,0.7284060552092609,305,746,0.6642920747996438,0.7555012224938875,618,128,0.7555012224938875,0.419672131147541,0.6642920747996438,154,641,4.162337662337662,0.031166518254674976,0.0026714158504007124,0.0,0.0026714158504007124,0.526323139226365,0.34083215754527885,0.0,1.0,0.3971791649211004,0.2681827473855454,0.0,1.0,0.5170227621840525,0.2617408736678528,0.0,1.0,0.38114788437369085,0.27638782818426444,0.0,1.0,96,0.11688311688311688,2.167099567099567,5
40,1183,1402,15.394111017187935,15.796280642434489,31,3,0,3,825,0.7142857142857143,330,797,0.69004329004329,0.7854545454545454,648,149,0.7854545454545454,0.45151515151515154,0.69004329004329,173,695,4.017341040462428,0.02683982683982684,0.0025974025974025974,0.0,0.0025974025974025974,0.5262181986747744,0.34111697466429475,0.0,1.0,0.3948954271534917,0.26764005057660645,0.0,1.0,0.517465165107845,0.2610787253127238,0.0,1.0,0.38227033512393316,0.2753759823683159,0.0,1.0,96,0.11665257819103973,2.1927303465765005,5
41,1216,1323,15.320833333333326,16.28207236842105,37,4,0,4,876,0.7404902789518174,307,813,0.687235841081995,0.776255707762557,680,133,0.776255707762557,0.43322475570032576,0.687235841081995,172,706,4.104651162790698,0.03127641589180051,0.0033812341504649195,0.0,0.0033812341504649195,0.5283584465195247,0.34149031108574396,0.0,1.0,0.3926941850594227,0.26715023005728716,0.0,1.0,0.5171105687606111,0.26149675699712166,0.0,1.0,0.3819238115449915,0.27560949912534577,0.0,1.0,96,0.11759868421052631,2.2277960526315788,5
42,1233,1276,15.363882130305482,16.942416869424168,24,7,0,7,877,0.7212171052631579,339,803,0.6603618421052632,0.7639680729760547,670,133,0.7639680729760547,0.39233038348082594,0.6603618421052632,161,717,4.453416149068323,0.019736842105263157,0.005756578947368421,0.0,0.005756578947368421,0.5291578369044816,0.34067314646578645,0.0,1.0,0.39120424875075216,0.2664838832053986,0.0,1.0,0.5195824503571148,0.26075480182549726,0.0,1.0,0.38131491510347176,0.2755064260825972,0.0,1.0,95,0.11841038118410381,2.2457420924574207,5
43,1255,1215,15.379646665861799,17.580876494023904,27,5,0,5,888,0.7201946472019465,345,838,0.6796431467964315,0.7725225225225225,686,152,0.7725225225225225,0.4405797101449275,0.6796431467964315,163,740,4.539877300613497,0.021897810218978103,0.0040551500405515,0.0,0.0040551500405515,0.5302146253694897,0.34005944476048333,0.0,1.0,0.3892558797069785,0.2666176385529043,0.0,1.0,0.5199074669065673,0.2610255864581234,0.0,1.0,0.3798483485413186,0.27497998644698046,0.0,1.0,95,0.11952191235059761,2.2677290836653388,6
44,1286,1151,15.24366762492734,18.02954898911353,38,7,0,7,907,0.7227091633466135,348,863,0.6876494023904383,0.7750826901874311,703,160,0.7750826901874311,0.45977011494252873,0.6876494023904383,171,770,4.502923976608187,0.030278884462151396,0.005577689243027889,0.0,0.005577689243027889,0.5301259218381579,0.3397072477991999,0.0,1.0,0.3881252194852757,0.26673236855578,0.0,1.0,0.5183364270305524,0.2608091304512541,0.0,1.0,0.37912005217478556,0.27434971173397626,0.0,1.0,95,0.12286158631415241,2.300155520995334,6
45,1306,1109,15.202519065076485,18.702143950995406,24,4,0,4,910,0.7076205287713841,376,847,0.6586314152410575,0.7472527472527473,680,167,0.7472527472527473,0.4441489361702128,0.6586314152410575,170,775,4.5588235294117645,0.01866251944012442,0.003110419906687403,0.0,0.003110419906687403,0.5293928765499185,0.3399655111777096,0.0,1.0,0.3880106703551845,0.26642575474616265,0.0,1.0,0.5208714123400682,0.2607975575185583,0.0,1.0,0.3775626142370202,0.2741578245497417,0.0,1.0,95,0.1225114854517611,2.3169984686064318,6
46,1325,1070,15.139237659615011,19.30566037735849,26,7,0,7,940,0.7197549770290965,366,860,0.6584992343032159,0.747872340425532,703,157,0.747872340425532,0.42896174863387976,0.6584992343032159,156,777,4.980769230769231,0.019908116385911178,0.005359877488514548,0.0,0.005359877488514548,0.5295191722458916,0.34017010959802024,0.0,1.0,0.38568472306755935,0.26584949797702767,0.0,1.0,0.5208764455264759,0.26058462426917517,0.0,1.0,0.376457699330493,0.2737228747534576,0.0,1.0,94,0.12377358490566037,2.3433962264150945,6
47,1336,1037,15.151539345551315,19.95808383233533,22,11,0,11,955,0.720754716981132,370,868,0.6550943396226415,0.7507853403141361,717,151,0.7507853403141361,0.4081081081081081,0.6550943396226415,163,798,4.895705521472393,0.01660377358490566,0.00830188679245283,0.0,0.00830188679245283,0.5286121305775546,0.33950087116129307,0.0,1.0,0.3833059687077458,0.2639618417954993,0.0,1.0,0.5224550898203593,0.2597291236923924,0.0,1.0,0.37577264825188333,0.2731096395496127,0.0,1.0,93,0.12350299401197605,2.3577844311377247,6
48,1361,995,14.989901958601438,20.443056576047024,32,7,0,7,985,0.7372754491017964,351,870,0.6511976047904192,0.7309644670050761,720,150,0.7309644670050761,0.42735042735042733,0.6511976047904192,163,791,4.852760736196319,0.023952095808383235,0.005239520958083832,0.0,0.005239520958083832,0.5295916190656775,0.3395063612385763,0.0,1.0,0.3806736033751274,0.2619388706025143,0.0,1.0,0.5225759048138229,0.2594998716142463,0.0,1.0,0.37491408120215214,0.2736487468997359,0.0,1.0,91,0.12417340191036003,2.387215282880235,6
49,1371,969,14.979837028195883,21.12399708242159,18,8,0,8,995,0.7310800881704629,366,905,0.6649522409992652,0.7286432160804021,725,180,0.7286432160804021,0.4918032786885246,0.6649522409992652,170,849,4.9941176470588236,0.01322556943423953,0.005878030859662013,0.0,0.005878030859662013,0.5272346533022753,0.34000102570585233,0.0,1.0,0.37928519328956967,0.26131108119400204,0.0,1.0,0.5241759017434884,0.2594968121513282,0.0,1.0,0.3743206042210772,0.2742865252183752,0.0,1.0,90,0.12253829321663019,2.396061269146608,6
50,1390,925,14.906803284645003,21.736690647482014,27,8,0,8,987,0.7199124726477024,384,921,0.6717724288840262,0.745694022289767,736,185,0.745694022289767,0.4817708333333333,0.6717724288840262,170,847,4.982352941176471,0.019693654266958426,0.005835156819839533,0.0,0.005835156819839533,0.5278486887909027,0.3404095183572091,0.0,1.0,0.3779995358551868,0.26014687008267795,0.0,1.0,0.5230679972151311,0.25933298536310295,0.0,1.0,0.3741935483870968,0.2738931913950417,0.0,1.0,90,0.12446043165467625,2.40431654676259,6
51,1407,900,14.805625795471204,22.393745557924664,22,5,0,5,976,0.702158273381295,414,940,0.6762589928057554,0.7397540983606558,722,218,0.7397540983606558,0.5265700483091788,0.6762589928057554,163,878,5.386503067484663,0.015827338129496403,0.0035971223021582736,0.0,0.0035971223021582736,0.5293578191989362,0.3401853822337368,0.0,1.0,0.3749226219134741,0.2586722234560714,0.0,1.0,0.522479767063301,0.2591205241246247,0.0,1.0,0.37203384001650736,0.27310501041033775,0.0,1.0,90,0.12651030561478321,2.4264392324093818,6
52,1426,861,14.70274578837867,22.981065918653577,28,9,0,9,1002,0.7121535181236673,405,944,0.6709310589907604,0.7574850299401198,759,185,0.7574850299401198,0.4567901234567901,0.6709310589907604,167,872,5.221556886227545,0.01990049751243781,0.006396588486140725,0.0,0.006396588486140725,0.5328914626973714,0.3396621520729607,0.0,1.0,0.3742252182961589,0.2581351397299876,0.0,1.0,0.5210604895263087,0.2596356974480099,0.0,1.0,0.375559878749491,0.2753953050629049,0.0,1.0,90,0.12903225806451613,2.434081346423562,6
53,1440,826,14.660496870991654,23.674305555555556,20,6,0,6,1007,0.7061711079943899,419,948,0.664796633941094,0.7557100297914597,761,187,0.7557100297914597,0.44630071599045346,0.664796633941094,165,878,5.321212121212121,0.014025245441795231,0.004207573632538569,0.0,0.004207573632538569,0.5343189964157706,0.3395153013192626,0.0,1.0,0.37379032258064515,0.25808268165231835,0.0,1.0,0.5210573476702509,0.259569966092843,0.0,1.0,0.37674731182795695,0.2759926416226584,0.0,1.0,90,0.1284722222222222,2.4381944444444446,6
54,1453,783,14.661951475724694,24.392291810048174,19,6,0,6,994,0.6902777777777778,446,998,0.6930555555555555,0.7595573440643864,755,243,0.7595573440643864,0.5448430493273543,0.6930555555555555,172,927,5.3895348837209305,0.013194444444444444,0.004166666666666667,0.0,0.004166666666666667,0.5342228537175588,0.33916249688295136,0.0,1.0,0.3733543502875031,0.2579164159816488,0.0,1.0,0.5211464600492862,0.2592617698286125,0.0,1.0,0.37524143596119264,0.2759100553337906,0.0,1.0,90,0.12801101169993118,2.4604267033723333,6
55,1464,751,14.615789272013648,25.05669398907104,20,9,0,9,1067,0.7343427391603579,386,987,0.6792842395044735,0.753514526710403,804,183,0.753514526710403,0.4740932642487047,0.6792842395044735,165,920,5.575757575757576,0.013764624913971095,0.006194081211286993,0.0,0.006194081211286993,0.5345496210118104,0.3391653864264316,0.0,1.0,0.3720914859862507,0.2573504787639277,0.0,1.0,0.5208002820377226,0.25910258088894544,0.0,1.0,0.3730609906575004,0.275651492706765,0.0,1.0,88,0.12773224043715847,2.480874316939891,6
56,1473,728,14.554955076416372,25.713509843856077,21,12,0,12,1065,0.7274590163934426,399,990,0.6762295081967213,0.7643192488262911,814,176,0.7643192488262911,0.44110275689223055,0.6762295081967213,155,922,5.948387096774193,0.014344262295081968,0.00819672131147541,0.0,0.00819672131147541,0.5327508048091453,0.3391824368957621,0.0,1.0,0.3717013774828636,0.25682075523713066,0.0,1.0,0.5228303002430852,0.2582922146763294,0.0,1.0,0.37303725116615205,0.2764514208318158,0.0,1.0,88,0.12559402579769177,2.4928716904276986,6
57,1490,689,14.445334783598197,26.301342281879194,26,9,0,9,1084,0.7359131025118805,389,1009,0.6849966055668704,0.7739852398523985,839,170,0.7739852398523985,0.4370179948586118,0.6849966055668704,170,940,5.529411764705882,0.017651052274270197,0.006109979633401222,0.0,0.006109979633401222,0.5335137475644078,0.3390453313539818,0.0,1.0,0.37029660099588657,0.25660424562366474,0.0,1.0,0.5225589954535614,0.25839689480944267,0.0,1.0,0.37278631738471535,0.2759292824653912,0.0,1.0,88,0.12550335570469798,2.512751677852349,6
58,1497,660,14.451290688640379,26.977287909151638,14,7,0,7,1041,0.6986577181208053,449,1005,0.674496644295302,0.7540826128722382,785,220,0.7540826128722382,0.48997772828507796,0.674496644295302,176,952,5.409090909090909,0.009395973154362415,0.004697986577181208,0.0,0.004697986577181208,0.5338634257762838,0.3390545774457315,0.0,1.0,0.36880212036977184,0.25511913969730426,0.0,1.0,0.5230460921843687,0.2579596727368694,0.0,1.0,0.3718620035770465,0.2761800293771369,0.0,1.0,88,0.12491649966599866,2.5277221108884436,6
59,1508,631,14.380558462131727,27.648541114058354,16,5,0,5,1130,0.7548430193720775,367,1033,0.6900467601870407,0.7654867256637168,865,168,0.7654867256637168,0.45776566757493187,0.6900467601870407,178,982,5.51685393258427,0.01068804275217101,0.0033400133600534404,0.0,0.0033400133600534404,0.5328356293317361,0.33910214987869103,0.0,1.0,0.3689355694361256,0.25469615406472684,0.0,1.0,0.5235732009925558,0.25716141648566526,0.0,1.0,0.3717378283562933,0.276807362250083,0.0,1.0,88,0.1240053050397878,2.542440318302387,6
60,1515,603,14.347666992889755,28.375577557755776,16,9,0,9,1119,0.7420424403183024,389,1073,0.7115384615384616,0.7873100983020554,881,192,0.7873100983020554,0.493573264781491,0.7115384615384616,176,1021,5.801136363636363,0.010610079575596816,0.005968169761273209,0.0,0.005968169761273209,0.5338869370808049,0.3388740326389031,0.0,1.0,0.3680613222612584,0.25344319991472886,0.0,1.0,0.523474928137975,0.2568726277196525,0.0,1.0,0.37185137868625573,0.27762998745732176,0.0,1.0,88,0.12343234323432344,2.553135313531353,6
61,1524,574,14.30969958063953,29.013779527559056,17,8,0,8,1072,0.7075907590759076,443,1067,0.7042904290429043,0.7807835820895522,837,230,0.7807835820895522,0.5191873589164786,0.7042904290429043,172,1010,5.872093023255814,0.011221122112211221,0.005280528052805281,0.0,0.005280528052805281,0.5348404030141394,0.3388953226822728,0.0,1.0,0.3666920667174668,0.25250962278905775,0.0,1.0,0.5231775463550927,0.2565176714037776,0.0,1.0,0.37244941156548983,0.27699661510642043,0.0,1.0,88,0.12401574803149606,2.5715223097112863,6
62,1527,553,14.313369675329389,29.8218729535036,10,7,0,7,1102,0.7230971128608924,422,1044,0.6850393700787402,0.7613430127041743,839,205,0.7613430127041743,0.48578199052132703,0.6850393700787402,182,1005,5.521978021978022,0.006561679790026247,0.004593175853018373,0.0,0.004593175853018373,0.5349515178401674,0.33872512267728605,0.0,1.0,0.36645752793797665,0.2527414050952919,0.0,1.0,0.5231214483385089,0.25624297831165765,0.0,1.0,0.3729640661638887,0.2773984521756839,0.0,1.0,88,0.12442698100851342,2.5808775376555335,6
63,1528,520,14.360579511929306,30.519633507853403,11,10,0,10,1137,0.7445972495088409,390,1081,0.7079240340537001,0.7862796833773087,894,187,0.7862796833773087,0.4794871794871795,0.7079240340537001,177,1025,5.790960451977401,0.007203667321545514,0.006548788474132285,0.0,0.006548788474132285,0.5353825367336599,0.33866309356420954,0.0,1.0,0.3652043573720655,0.2522639460181992,0.0,1.0,0.5224413105894274,0.2555192569876394,0.0,1.0,0.3723610876541125,0.27589844846386935,0.0,1.0,87,0.12761780104712042,2.594240837696335,6
64,1533,501,14.325309085167193,31.22374429223744,13,8,0,8,1111,0.7270942408376964,417,1058,0.6924083769633508,0.7920792079207921,880,178,0.7920792079207921,0.42685851318944845,0.6924083769633508,166,1005,6.054216867469879,0.008507853403141362,0.005235602094240838,0.0,0.005235602094240838,0.5360772678492519,0.3383673254802308,0.0,1.0,0.3653388885381815,0.2526451738389513,0.0,1.0,0.5238516086947372,0.25531851877391143,0.0,1.0,0.3729562527618206,0.27598764278447496,0.0,1.0,86,0.12654924983692106,2.6105675146771037,6
65,1534,494,14.301498583807895,32.02411994784876,10,9,0,9,1100,0.7175472928897586,433,1081,0.7051532941943901,0.7845454545454545,863,218,0.7845454545454545,0.5034642032332564,0.7051532941943901,170,1044,6.141176470588236,0.006523157208088715,0.005870841487279843,0.0,0.005870841487279843,0.5370105564200698,0.33861423766248966,0.0,1.0,0.3641334062329142,0.25145660055687413,0.0,1.0,0.5245405223535349,0.25489028808425096,0.0,1.0,0.3725028388779072,0.2760041136112539,0.0,1.0,85,0.1271186440677966,2.623207301173403,6
66,1529,483,14.329255827923244,32.81425768476128,10,15,0,15,1159,0.7555410691003911,375,1081,0.7046936114732725,0.7791199309749784,903,178,0.7791199309749784,0.4746666666666667,0.7046936114732725,172,1042,6.058139534883721,0.00651890482398957,0.009778357235984355,0.0,0.009778357235984355,0.5376273761049811,0.33881177270198615,0.0,1.0,0.3624549041119011,0.25035392146469726,0.0,1.0,0.5269520454018017,0.25415411339630234,0.0,1.0,0.3722652376632419,0.27582625765168656,0.0,1.0,83,0.12884238064094178,2.6370176586003926,6
67,1529,474,14.312746824802995,33.52910398953564,14,14,0,14,1090,0.7128842380640942,439,1082,0.7076520601700458,0.7862385321100918,857,225,0.7862385321100918,0.5125284738041003,0.7076520601700458,174,1047,6.017241379310345,0.009156311314584695,0.009156311314584695,0.0,0.009156311314584695,0.5370366463427498,0.3385171806319168,0.0,1.0,0.36085149475727335,0.2500222052041606,0.0,1.0,0.5265089980801283,0.2539033553669983,0.0,1.0,0.3720964577311757,0.2758763427255747,0.0,1.0,83,0.1301504251144539,2.6507521255722692,6
68,1531,456,14.302058735963948,34.18745917700849,15,13,0,13,1095,0.7161543492478745,434,1113,0.7279267495094833,0.7908675799086758,866,247,0.7908675799086758,0.5691244239631337,0.7279267495094833,182,1077,5.917582417582418,0.009810333551340745,0.008502289077828646,0.0,0.008502289077828646,0.5341859632119004,0.33876639243931045,0.0,1.0,0.35974800362402815,0.24900003668447473,0.0,1.0,0.527106466361855,0.2543421403011635,0.0,1.0,0.37266387138914053,0.2767076469378536,0.0,1.0,82,0.1286740692357936,2.6603527106466363,6
69,1535,446,14.239357179387396,34.93811074918567,14,10,0,10,1128,0.736773350751143,403,1087,0.7099934683213586,0.7792553191489362,879,208,0.7792553191489362,0.5161290322580645,0.7099934683213586,170,1047,6.158823529411765,0.009144350097975179,0.006531678641410843,0.0,0.006531678641410843,0.5337606388567826,0.33833587357397654,0.0,1.0,0.3594620153409688,0.24846121015539246,0.0,1.0,0.5270778606703793,0.25398446085919346,0.0,1.0,0.37396238310391927,0.27730927434306313,0.0,1.0,81,0.12833876221498372,2.6586319218241043,6
70,1533,428,14.255558551167448,35.72341813437704,10,12,0,12,1171,0.7628664495114007,364,1135,0.739413680781759,0.8215200683176772,962,173,0.8215200683176772,0.47527472527472525,0.739413680781759,178,1095,6.151685393258427,0.006514657980456026,0.007817589576547232,0.0,0.007817589576547232,0.5326473497043537,0.33757124863981197,0.0,1.0,0.35988889590303647,0.24834180577568193,0.0,1.0,0.5280180123308714,0.25331086262620606,0.0,1.0,0.37219872482797806,0.27734880182774635,0.0,1.0,81,0.12720156555772993,2.671232876712329,6
71,1534,420,14.223781556469588,36.53846153846154,11,10,0,10,1123,0.7325505544683627,410,1110,0.7240704500978473,0.7978628673196795,896,214,0.7978628673196795,0.5219512195121951,0.7240704500978473,176,1078,6.125,0.007175472928897586,0.006523157208088715,0.0,0.006523157208088715,0.530638852672751,0.33740552358602244,0.0,1.0,0.3600748622618497,0.24749206672041196,0.0,1.0,0.5308911973756151,0.2523615252835747,0.0,1.0,0.37227152290028176,0.2773341927089601,0.0,1.0,81,0.1258148631029987,2.68122555410691,6
72,1535,416,14.174842169192226,37.343322475570034,8,7,0,7,1166,0.7601043024771839,368,1140,0.7431551499348109,0.8198970840480274,956,184,0.8198970840480274,0.5,0.7431551499348109,175,1111,6.348571428571429,0.005215123859191656,0.0045632333767926985,0.0,0.0045632333767926985,0.5297467689397919,0.3378326124863448,0.0,1.0,0.3584743091310287,0.24716871999088594,0.0,1.0,0.5305873699695283,0.2521622406052126,0.0,1.0,0.37219712094147317,0.2776061308413613,0.0,1.0,81,0.12638436482084692,2.6872964169381106,6
73,1538,401,14.160110140687083,38.145643693107935,9,6,0,6,1104,0.7192182410423453,431,1102,0.717915309446254,0.7943840579710145,877,225,0.7943840579710145,0.5220417633410673,0.717915309446254,182,1069,5.873626373626373,0.005863192182410423,0.003908794788273616,0.0,0.003908794788273616,0.5287344267796469,0.33784729473604547,0.0,1.0,0.35802676286756996,0.24684186719413756,0.0,1.0,0.5310415705356768,0.2522686874849501,0.0,1.0,0.3712823524476698,0.277309431202383,0.0,1.0,80,0.12613784135240572,2.693107932379714,6
74,1542,396,14.087969777157415,38.848897535667966,13,9,0,9,1111,0.7223667100130039,427,1154,0.7503250975292588,0.8127812781278128,903,251,0.8127812781278128,0.5878220140515222,0.7503250975292588,177,1126,6.361581920903955,0.008452535760728219,0.005851755526657998,0.0,0.005851755526657998,0.5277394251286557,0.337337902451081,0.0,1.0,0.359315509811305,0.24709749205238274,0.0,1.0,0.5317141542194888,0.25219393424166614,0.0,1.0,0.3715116522321242,0.27796460430186326,0.0,1.0,80,0.1245136186770428,2.6990920881971467,7
75,1539,393,14.089442215064865,39.69200779727095,8,11,0,11,1112,0.7211413748378729,430,1110,0.7198443579766537,0.8183453237410072,910,200,0.8183453237410072,0.46511627906976744,0.7198443579766537,171,1078,6.304093567251462,0.005188067444876783,0.007133592736705577,0.0,0.007133592736705577,0.5255192940535328,0.3379350912934882,0.0,1.0,0.3585067806912742,0.24656446367248136,0.0,1.0,0.5303192269802344,0.25212085552825086,0.0,1.0,0.37062189523989186,0.2773220096989372,0.0,1.0,79,0.12475633528265107,2.705653021442495,7
76,1537,397,14.081187314455535,40.527000650618085,5,7,0,7,1073,0.6972059779077323,466,1127,0.7322936972059779,0.7977632805219013,856,271,0.7977632805219013,0.5815450643776824,0.7322936972059779,173,1104,6.381502890173411,0.003248862897985705,0.004548408057179987,0.0,0.004548408057179987,0.525594476042563,0.3382260294448401,0.0,1.0,0.35731525594476043,0.24628792275589087,0.0,1.0,0.5298339874493673,0.2521269672080327,0.0,1.0,0.36984490104308776,0.2769380116016797,0.0,1.0,79,0.1262199089134678,2.7130774235523747,7
77,1532,392,14.098512998551051,41.244778067885115,12,17,0,17,1104,0.7182823682498374,433,1112,0.7234873129473,0.8115942028985508,896,216,0.8115942028985508,0.49884526558891457,0.7234873129473,171,1078,6.304093567251462,0.007807417046193884,0.011060507482108002,0.0,0.011060507482108002,0.5243198854543923,0.3381770652693239,0.0,1.0,0.35576518150425335,0.245485806540863,0.0,1.0,0.528657458098206,0.2513469056821445,0.0,1.0,0.36985176450770657,0.2761536433353748,0.0,1.0,78,0.12597911227154046,2.7232375979112273,7
78,1534,386,14.068200446312451,41.8767926988266,13,11,0,11,1053,0.6873368146214099,479,1135,0.7408616187989556,0.8129154795821463,856,279,0.8129154795821463,0.5824634655532359,0.7408616187989556,175,1104,6.308571428571429,0.008485639686684074,0.007180156657963447,0.0,0.007180156657963447,0.5250872692097405,0.3380242460521568,0.0,1.0,0.3538293308659629,0.24402234377724916,0.0,1.0,0.5288514110274635,0.2517043235403023,0.0,1.0,0.36966396097068593,0.27663867034722395,0.0,1.0,78,0.12646675358539766,2.7340286831812257,7
79,1535,388,13.991676977592569,42.57589576547231,11,10,0,10,1162,0.757496740547588,372,1153,0.7516297262059974,0.8218588640275387,955,198,0.8218588640275387,0.532258064516129,0.7516297262059974,170,1125,6.617647058823529,0.007170795306388526,0.00651890482398957,0.0,0.00651890482398957,0.5249763580960387,0.3379781485310363,0.0,1.0,0.35338867290112436,0.24349697261420844,0.0,1.0,0.5301460544289167,0.2509813500552339,0.0,1.0,0.3688977618997583,0.27686266701405365,0.0,1.0,77,0.12638436482084692,2.743973941368078,7
80,1529,387,14.016904025408904,43.33943754087639,7,13,0,13,1119,0.7289902280130293,416,1180,0.7687296416938111,0.8418230563002681,942,238,0.8418230563002681,0.5721153846153846,0.7687296416938111,179,1158,6.4692737430167595,0.004560260586319218,0.008469055374592834,0.0,0.008469055374592834,0.5258127808603558,0.3383628579666136,0.0,1.0,0.35203274330682083,0.24287766497759677,0.0,1.0,0.5295892318403342,0.251019071076559,0.0,1.0,0.36819342180214776,0.2757906810757968,0.0,1.0,76,0.12949640287769784,2.7567037279267494,7
81,1534,390,13.895409208783265,43.874185136897005,14,9,0,9,1150,0.7521255722694572,379,1165,0.761935905820798,0.8391304347826087,965,200,0.8391304347826087,0.5277044854881267,0.761935905820798,175,1143,6.531428571428571,0.009156311314584695,0.005886200130804447,0.0,0.005886200130804447,0.5257391596921395,0.33819794567741174,0.0,1.0,0.35092736678302566,0.24243117995092,0.0,1.0,0.5305126803213189,0.25059506153826655,0.0,1.0,0.3673297724691929,0.27580246051613394,0.0,1.0,76,0.1303780964797914,2.773794002607562,7
82,1534,390,13.844453102742412,44.63037809647979,8,8,0,8,1160,0.7561929595827901,374,1189,0.7750977835723598,0.8353448275862069,969,220,0.8353448275862069,0.5882352941176471,0.7750977835723598,175,1164,6.651428571428571,0.005215123859191656,0.005215123859191656,0.0,0.005215123859191656,0.5254237288135594,0.33834011532834185,0.0,1.0,0.3495604996425117,0.24150952990752433,0.0,1.0,0.5300500483660681,0.2502609427777905,0.0,1.0,0.36703537031585143,0.27569017765636405,0.0,1.0,75,0.1303780964797914,2.782920469361147,7
83,1536,388,13.776444251222843,45.320963541666664,11,9,0,9,1147,0.7477183833116037,387,1205,0.7855280312907431,0.8596338273757629,986,219,0.8596338273757629,0.5658914728682171,0.7855280312907431,181,1184,6.541436464088398,0.007170795306388526,0.005867014341590613,0.0,0.005867014341590613,0.5240465389784946,0.3385320875992362,0.0,1.0,0.34986139112903225,0.2410552305860378,0.0,1.0,0.5299269153225806,0.24969899623941746,0.0,1.0,0.3664104502688172,0.2755581347674984,0.0,1.0,74,0.13020833333333334,2.7903645833333335,7
84,1528,391,13.805812712148832,46.149869109947645,6,14,0,14,1126,0.7330729166666666,410,1178,0.7669270833333334,0.8197158081705151,923,255,0.8197158081705151,0.6219512195121951,0.7669270833333334,170,1151,6.770588235294118,0.00390625,0.009114583333333334,0.0,0.009114583333333334,0.5238557676068232,0.3386778405477423,0.0,1.0,0.35008866745482187,0.2408491464627101,0.0,1.0,0.5297880425603783,0.25033964924252455,0.0,1.0,0.3680754940043911,0.2761014774605849,0.0,1.0,73,0.13023560209424084,2.7964659685863875,7
85,1521,395,13.822999699037602,47.04010519395135,4,11,0,11,1150,0.7526178010471204,378,1178,0.7709424083769634,0.8434782608695652,970,208,0.8434782608695652,0.5502645502645502,0.7709424083769634,172,1154,6.709302325581396,0.002617801047120419,0.007198952879581152,0.0,0.007198952879581152,0.5230005726283642,0.3384659270003018,0.0,1.0,0.34921846832516806,0.2401197011833468,0.0,1.0,0.5304023244469894,0.2501260611267353,0.0,1.0,0.3677122436427647,0.27620534876099867,0.0,1.0,73,0.1301775147928994,2.802103879026956,7
86,1511,382,13.938607467806097,47.870284579748514,5,15,0,15,1104,0.7258382642998028,417,1161,0.7633136094674556,0.8460144927536232,934,227,0.8460144927536232,0.5443645083932853,0.7633136094674556,179,1127,6.29608938547486,0.003287310979618672,0.009861932938856016,0.0,0.009861932938856016,0.5217010738455626,0.3380626646146042,0.0,1.0,0.34834866890117633,0.2397581950102605,0.0,1.0,0.5302406011827245,0.2501781679365453,0.0,1.0,0.3679682329583058,0.27652066003358516,0.0,1.0,71,0.13103904698874919,2.814030443414957,7
87,1509,381,13.933833193576575,48.64546056991385,7,9,0,9,1108,0.7332892124420913,403,1218,0.8060886829913965,0.8664259927797834,960,258,0.8664259927797834,0.6401985111662531,0.8060886829913965,180,1197,6.65,0.004632693580410324,0.005956320317670417,0.0,0.005956320317670417,0.5229697086299407,0.3380278659473216,0.0,1.0,0.34810491887385364,0.23927579506357524,0.0,1.0,0.5295324825242096,0.25028141906821066,0.0,1.0,0.36890485046708993,0.27689118392926726,0.0,1.0,71,0.1312127236580517,2.8210735586481115,7
88,1507,378,13.938736993501918,49.446582614465825,4,6,0,6,1129,0.7481776010603048,380,1180,0.781974817760106,0.8689105403011514,981,199,0.8689105403011514,0.5236842105263158,0.781974817760106,178,1155,6.48876404494382,0.0026507620941020544,0.003976143141153081,0.0,0.003976143141153081,0.5228503542607615,0.3379564112107361,0.0,1.0,0.3473896012158315,0.23851335904971965,0.0,1.0,0.5294004323907785,0.25026326786185255,0.0,1.0,0.3684097865873237,0.2773416296659353,0.0,1.0,71,0.13138686131386862,2.8327803583278035,7
89,1507,380,13.898878555103336,50.19177173191772,6,6,0,6,1139,0.7558062375580624,368,1224,0.8122096881220969,0.8718173836698858,993,231,0.8718173836698858,0.6277173913043478,0.8122096881220969,180,1206,6.7,0.003981420039814201,0.003981420039814201,0.0,0.003981420039814201,0.522293811674551,0.33797110755299276,0.0,1.0,0.34726116831132137,0.2385961493781802,0.0,1.0,0.5293148104544384,0.25072813042070274,0.0,1.0,0.367746216580688,0.2774765961251189,0.0,1.0,70,0.1320504313205043,2.838088918380889,7
90,1508,387,13.86194295924451,51.09084880636605,3,2,0,2,1081,0.7173191771731918,426,1179,0.7823490378234904,0.8519888991674376,921,258,0.8519888991674376,0.6056338028169014,0.7823490378234904,173,1159,6.699421965317919,0.0019907100199071004,0.0013271400132714001,0.0,0.0013271400132714001,0.5212629417301275,0.33808856058717396,0.0,1.0,0.3468811499957218,0.23831354255228188,0.0,1.0,0.5294344143064944,0.2506934899651046,0.0,1.0,0.3670317446735689,0.27759698132595473,0.0,1.0,70,0.1319628647214854,2.840185676392573,7
91,1507,379,13.857544093477829,51.83808891838089,6,7,0,7,1159,0.7685676392572944,349,1209,0.8017241379310345,0.8662640207075065,1004,205,0.8662640207075065,0.5873925501432665,0.8017241379310345,183,1184,6.469945355191257,0.003978779840848806,0.004641909814323607,0.0,0.004641909814323607,0.5215232142474902,0.3381007154502774,0.0,1.0,0.3471969518590663,0.2382538096008986,0.0,1.0,0.5297857311043089,0.25066986799344104,0.0,1.0,0.3663548601151615,0.2776460280034111,0.0,1.0,69,0.1320504313205043,2.846715328467153,7
92,1514,378,13.740713979258976,52.39762219286658,13,6,0,6,1138,0.7551426675514267,369,1235,0.8195089581950896,0.8927943760984183,1016,219,0.8927943760984183,0.5934959349593496,0.8195089581950896,176,1210,6.875,0.008626410086264101,0.003981420039814201,0.0,0.003981420039814201,0.5208164656752035,0.33879036035682136,0.0,1.0,0.34740273575659436,0.23798864446835938,0.0,1.0,0.5295521370435079,0.25124945582726355,0.0,1.0,0.36536412835044957,0.2775473796098226,0.0,1.0,69,0.13408190224570674,2.8560105680317043,7
93,1517,383,13.661993267926771,53.10283454185893,9,6,0,6,1111,0.7338177014531043,403,1209,0.7985468956406869,0.8568856885688569,952,257,0.8568856885688569,0.6377171215880894,0.7985468956406869,176,1190,6.761363636363637,0.0059445178335535,0.003963011889035667,0.0,0.003963011889035667,0.5207646671061306,0.3382592032188197,0.0,1.0,0.3475024985646543,0.23808186760847758,0.0,1.0,0.5298020286218555,0.2514931619493174,0.0,1.0,0.36502434771514236,0.27818040833303787,0.0,1.0,68,0.13447593935398813,2.863546473302571,7
94,1518,383,13.610781839408636,53.882740447957836,8,7,0,7,1143,0.7534607778510217,374,1232,0.8121292023731048,0.8818897637795275,1008,224,0.8818897637795275,0.5989304812834224,0.8121292023731048,183,1215,6.639344262295082,0.005273566249176005,0.004614370468029005,0.0,0.004614370468029005,0.5207191125844702,0.3386365731305968,0.0,1.0,0.34771983509711424,0.2381366517783803,0.0,1.0,0.5313442985252242,0.25139644039415804,0.0,1.0,0.36412512218963833,0.2780437059725897,0.0,1.0,68,0.13504611330698288,2.8669301712779975,7
95,1521,383,13.535592334996899,54.60223537146614,8,5,0,5,1159,0.7635046113306982,359,1224,0.8063241106719368,0.8688524590163934,1007,217,0.8688524590163934,0.6044568245125348,0.8063241106719368,178,1202,6.752808988764045,0.005270092226613966,0.0032938076416337285,0.0,0.0032938076416337285,0.5205191830502004,0.3381948076888979,0.0,1.0,0.3477338762698564,0.23820940211392866,0.0,1.0,0.5324383364085598,0.2515184840785744,0.0,1.0,0.36425526499968186,0.2777585204862632,0.0,1.0,67,0.1341222879684418,2.8678500986193294,7
96,1522,383,13.486771419356401,55.29894875164258,8,7,0,7,1134,0.7455621301775148,387,1203,0.7909270216962525,0.8703703703703703,987,216,0.8703703703703703,0.5581395348837209,0.7909270216962525,179,1182,6.603351955307263,0.005259697567389875,0.0046022353714661405,0.0,0.0046022353714661405,0.5196473231317027,0.33787033842463904,0.0,1.0,0.3481412403035056,0.23768738969328645,0.0,1.0,0.5331482344962062,0.2512660263317018,0.0,1.0,0.3642066889915646,0.2776614089268587,0.0,1.0,64,0.133377135348226,2.8764783180026283,7
97,1514,384,13.536499847095568,56.239101717305154,2,10,0,10,1126,0.7398160315374507,396,1229,0.8074901445466491,0.8703374777975134,980,249,0.8703374777975134,0.6287878787878788,0.8074901445466491,184,1214,6.5978260869565215,0.001314060446780552,0.006570302233902759,0.0,0.006570302233902759,0.519985511569438,0.33832478612905165,0.0,1.0,0.3479140921293732,0.23720280399708216,0.0,1.0,0.5327481143733754,0.2515041490150583,0.0,1.0,0.36402181787190524,0.27771509081218093,0.0,1.0,64,0.13474240422721268,2.8738441215323647,7
98,1514,389,13.4954093912968,57.03698811096433,6,6,0,6,1108,0.7318361955085865,406,1203,0.7945838837516512,0.8709386281588448,965,238,0.8709386281588448,0.5862068965517241,0.7945838837516512,178,1186,6.662921348314606,0.003963011889035667,0.003963011889035667,0.0,0.003963011889035667,0.5186005880598287,0.33879551382731715,0.0,1.0,0.34827630289342476,0.23724352217810316,0.0,1.0,0.5331103251374271,0.2512489038369917,0.0,1.0,0.36274342693995826,0.2774127247748286,0.0,1.0,63,0.13408190224570674,2.8784676354029064,7
99,1511,398,13.46760212023491,57.88682991396426,5,8,0,8,1121,0.7404227212681638,393,1233,0.8143989431968296,0.8804638715432649,987,246,0.8804638715432649,0.6259541984732825,0.8143989431968296,175,1217,6.954285714285715,0.0033025099075297227,0.005284015852047556,0.0,0.005284015852047556,0.5186695416408702,0.3389697059041457,0.0,1.0,0.3478149484426037,0.2373600276738317,0.0,1.0,0.5326530176554728,0.25085673521637103,0.0,1.0,0.3626523771909225,0.27714837317197477,0.0,1.0,63,0.1343481138318994,2.884182660489742,7
100,1504,401,13.507639413910324,58.859707446808514,3,10,0,10,1105,0.7313037723362011,406,1241,0.8213103904698875,0.8886877828054298,982,259,0.8886877828054298,0.6379310344827587,0.8213103904698875,176,1220,6.931818181818182,0.001985440105890139,0.0066181336863004635,0.0,0.0066181336863004635,0.518917295813315,0.3389003729310251,0.0,1.0,0.3478037062457104,0.2372143862322127,0.0,1.0,0.5332017844886753,0.25106696725307487,0.0,1.0,0.36234557309540155,0.2771133131838925,0.0,1.0,62,0.13497340425531915,2.8836436170212765,7
101,1497,409,13.534483751307018,59.70741482965932,3,10,0,10,1102,0.7327127659574468,402,1213,0.8065159574468085,0.8838475499092558,974,239,0.8838475499092558,0.5945273631840796,0.8065159574468085,181,1202,6.640883977900552,0.0019946808510638296,0.006648936170212766,0.0,0.006648936170212766,0.5196414334044432,0.33891791719957964,0.0,1.0,0.3458745447885017,0.23547098304820044,0.0,1.0,0.5345529769215851,0.25090355714890805,0.0,1.0,0.3624022238024436,0.277480211829989,0.0,1.0,60,0.13560454241816966,2.890447561790247,7
102,1500,414,13.458454391419009,60.358666666666664,9,6,0,6,1113,0.7434869739478958,384,1183,0.790247160988644,0.8526504941599281,949,234,0.8526504941599281,0.609375,0.790247160988644,176,1164,6.613636363636363,0.006012024048096192,0.004008016032064128,0.0,0.004008016032064128,0.5190967741935484,0.339385198363953,0.0,1.0,0.34576344086021504,0.23533693653224325,0.0,1.0,0.5347956989247312,0.25074528844280036,0.0,1.0,0.3624731182795699,0.2779601921572499,0.0,1.0,60,0.136,2.8953333333333333,7
103,1501,416,13.414685245795791,61.19520319786809,5,4,0,4,1138,0.7586666666666667,362,1215,0.81,0.8778558875219684,999,216,0.8778558875219684,0.5966850828729282,0.81,176,1193,6.778409090909091,0.0033333333333333335,0.0026666666666666666,0.0,0.0026666666666666666,0.5205346972985752,0.33979655959104094,0.0,1.0,0.3451032644903398,0.234826438710653,0.0,1.0,0.5338161655670414,0.2511922475210233,0.0,1.0,0.3620811931830393,0.2774460646462563,0.0,1.0,60,0.13790806129247168,2.8987341772151898,7
104,1501,424,13.36495010064768,61.78814123917388,10,10,0,10,1075,0.7161892071952032,426,1232,0.820786142571619,0.8688372093023256,934,298,0.8688372093023256,0.6995305164319249,0.820786142571619,173,1213,7.011560693641618,0.006662225183211193,0.006662225183211193,0.0,0.006662225183211193,0.5204272420536846,0.33988259404888566,0.0,1.0,0.3456620317637704,0.23553867900324293,0.0,1.0,0.5336012550772603,0.2510499347333934,0.0,1.0,0.3611140959790247,0.27708333521100265,0.0,1.0,59,0.13990672884743505,2.905396402398401,7
105,1498,426,13.366359657655215,62.655540720961284,5,8,0,8,1109,0.7388407728181212,392,1277,0.8507661558960693,0.8999098286744815,998,279,0.8999098286744815,0.7117346938775511,0.8507661558960693,183,1262,6.896174863387978,0.0033311125916055963,0.005329780146568954,0.0,0.005329780146568954,0.5198759636504586,0.3397103434950594,0.0,1.0,0.3451699039579655,0.2354219152821832,0.0,1.0,0.5332701666738447,0.25074272631967637,0.0,1.0,0.36000689090830784,0.27683214069836715,0.0,1.0,58,0.14018691588785046,2.911882510013351,7
106,1494,437,13.356400113278287,63.64725568942436,1,5,0,5,1121,0.7483311081441922,377,1225,0.8177570093457944,0.8929527207850134,1001,224,0.8929527207850134,0.5941644562334217,0.8177570093457944,178,1214,6.820224719101123,0.0006675567423230974,0.0033377837116154874,0.0,0.0033377837116154874,0.5204257891782182,0.33963684650386317,0.0,1.0,0.34544630133436977,0.23565991595999047,0.0,1.0,0.5330137755322365,0.25080012855924677,0.0,1.0,0.3602582372500756,0.2769879259743976,0.0,1.0,58,0.14056224899598393,2.9149933065595715,7
107,1489,441,13.367825045594078,64.5520483546004,3,8,0,8,1138,0.7617135207496654,356,1251,0.8373493975903614,0.9033391915641477,1028,223,0.9033391915641477,0.6264044943820225,0.8373493975903614,176,1231,6.994318181818182,0.002008032128514056,0.00535475234270415,0.0,0.00535475234270415,0.5201802465391364,0.34001656915970796,0.0,1.0,0.3462380034229511,0.23634935654053857,0.0,1.0,0.5331354665395698,0.2511936958118258,0.0,1.0,0.3596915011157088,0.2766649450631846,0.0,1.0,58,0.14036265950302215,2.918737407656145,7
108,1483,446,13.389288617743581,65.4484153742414,2,8,0,8,1137,0.7635997313633311,352,1260,0.8462055070517126,0.8970976253298153,1020,240,0.8970976253298153,0.6818181818181818,0.8462055070517126,176,1241,7.051136363636363,0.001343183344526528,0.005372733378106112,0.0,0.005372733378106112,0.5202836447480043,0.34038730756000296,0.0,1.0,0.34611619863833115,0.23652669661290643,0.0,1.0,0.5335523024383877,0.25092404642264843,0.0,1.0,0.35855828421029734,0.27629737231559437,0.0,1.0,58,0.14025623735670936,2.9224544841537425,7
109,1481,446,13.386683182166678,66.06617150573936,9,11,0,11,1086,0.73229939312205,397,1231,0.830074173971679,0.8931860036832413,970,261,0.8931860036832413,0.6574307304785895,0.830074173971679,174,1205,6.925287356321839,0.006068779501011463,0.007417397167902899,0.0,0.007417397167902899,0.5189388164056544,0.3403274955106466,0.0,1.0,0.3460172943303348,0.23658491687502378,0.0,1.0,0.5344470823985538,0.25063838463667865,0.0,1.0,0.35640696129467886,0.27648541725509873,0.0,1.0,56,0.13977042538825118,2.936529372045915,7
110,1482,453,13.33978553770443,66.8582995951417,5,4,0,4,1106,0.7467927076299797,375,1234,0.8332207967589467,0.8933092224231465,988,246,0.8933092224231465,0.656,0.8332207967589467,176,1217,6.9147727272727275,0.00337609723160027,0.0027008777852802163,0.0,0.0027008777852802163,0.5188498541639458,0.3400378990041278,0.0,1.0,0.3470462757389753,0.2369429879873573,0.0,1.0,0.5342388228636107,0.250704367339176,0.0,1.0,0.35655826912193633,0.27677074841961047,0.0,1.0,56,0.13900134952766532,2.93859649122807,7
111,1482,455,13.304869575130644,67.58434547908232,6,6,0,6,1136,0.766531713900135,346,1235,0.8333333333333334,0.8970070422535211,1019,216,0.8970070422535211,0.6242774566473989,0.8333333333333334,182,1219,6.697802197802198,0.004048582995951417,0.004048582995951417,0.0,0.004048582995951417,0.5196552174480867,0.34060716691083603,0.0,1.0,0.3466544773845283,0.23701570514414777,0.0,1.0,0.5335858256061992,0.25047611414533183,0.0,1.0,0.35581820556353666,0.27659417870891706,0.0,1.0,55,0.14035087719298245,2.946693657219973,7
112,1478,456,13.349327124915478,68.58998646820027,1,5,0,5,1067,0.7199730094466936,415,1230,0.8299595141700404,0.9109653233364574,972,258,0.9109653233364574,0.6216867469879518,0.8299595141700404,181,1212,6.696132596685083,0.0006747638326585695,0.0033738191632928477,0.0,0.0033738191632928477,0.5199921428259635,0.34054873347852926,0.0,1.0,0.34709066305818675,0.23706481737479432,0.0,1.0,0.5332620367541141,0.2503457206851155,0.0,1.0,0.3561264132000524,0.277157534594588,0.0,1.0,55,0.14073071718538566,2.945196211096076,7
113,1471,459,13.399091933192075,69.6274643099932,1,8,0,8,1120,0.7577807848443843,358,1246,0.8430311231393776,0.8991071428571429,1007,239,0.8991071428571429,0.6675977653631285,0.8430311231393776,183,1232,6.73224043715847,0.0006765899864682003,0.005412719891745603,0.0,0.005412719891745603,0.5192429990570382,0.34090649653135846,0.0,1.0,0.3470537926799851,0.23738336741169766,0.0,1.0,0.5334970724326221,0.250044763513307,0.0,1.0,0.35562816604899017,0.27710293153086374,0.0,1.0,53,0.14004078857919783,2.947654656696125,7
114,1473,469,13.313506977146455,70.25594025797692,10,8,0,8,1120,0.761386811692726,351,1236,0.840244731475187,0.8857142857142857,992,244,0.8857142857142857,0.6951566951566952,0.840244731475187,173,1219,7.046242774566474,0.006798096532970768,0.005438477226376614,0.0,0.005438477226376614,0.5181218929987079,0.3411175050362603,0.0,1.0,0.34625407879464776,0.2371124714418679,0.0,1.0,0.5325318091233603,0.25007357373611916,0.0,1.0,0.35540809846046034,0.276994357284998,0.0,1.0,52,0.14120841819416158,2.9497623896809233,7
115,1469,474,13.324144131806925,71.25936010891763,2,6,0,6,1125,0.7637474541751528,348,1284,0.8716904276985743,0.9173333333333333,1032,252,0.9173333333333333,0.7241379310344828,0.8716904276985743,181,1270,7.016574585635359,0.0013577732518669382,0.004073319755600814,0.0,0.004073319755600814,0.5180394826412525,0.34145972328260804,0.0,1.0,0.34603307055490895,0.237142308421411,0.0,1.0,0.5333670041063704,0.2497302542311487,0.0,1.0,0.3545532400799315,0.2768309967269664,0.0,1.0,52,0.1415929203539823,2.9509870660313138,7
116,1463,480,13.341439403055864,71.98359535201641,6,12,0,12,1115,0.7590197413206263,354,1255,0.8543226684819605,0.9049327354260089,1009,246,0.9049327354260089,0.6949152542372882,0.8543226684819605,174,1235,7.097701149425287,0.0040844111640571815,0.008168822328114363,0.0,0.008168822328114363,0.5181134654818865,0.3417625650529241,0.0,1.0,0.3446960509778846,0.23615661403847196,0.0,1.0,0.535135492690671,0.2493942228541422,0.0,1.0,0.35219279871232334,0.27583378580828255,0.0,1.0,48,0.1421736158578264,2.9603554340396445,7
117,1465,483,13.287960388674385,72.66484641638225,6,4,0,4,1137,0.7771701982228298,326,1274,0.8708133971291866,0.9217238346525946,1048,226,0.9217238346525946,0.6932515337423313,0.8708133971291866,181,1258,6.9502762430939224,0.004101161995898838,0.002734107997265892,0.0,0.002734107997265892,0.5187272927446879,0.3419947804347023,0.0,1.0,0.3448860508642519,0.23599111256981994,0.0,1.0,0.5353517560277441,0.24919922741437112,0.03225806451612903,1.0,0.3519542001541341,0.2757860071715148,0.0,1.0,48,0.14266211604095563,2.9638225255972697,7
118,1465,490,13.260451856251176,73.45733788395904,3,3,0,3,1103,0.752901023890785,362,1262,0.8614334470989761,0.9238440616500453,1019,243,0.9238440616500453,0.6712707182320442,0.8614334470989761,181,1250,6.906077348066298,0.0020477815699658703,0.0020477815699658703,0.0,0.0020477815699658703,0.5190135417813498,0.34231944649769946,0.0,1.0,0.3448640317075856,0.23573571326846235,0.0,1.0,0.5364086755477265,0.2492095175067093,0.03225806451612903,1.0,0.35138170208081027,0.2758026043423951,0.0,1.0,47,0.14266211604095563,2.971331058020478,7
119,1462,498,13.251439181508596,74.27359781121751,5,8,0,8,1101,0.7515358361774744,364,1222,0.8341296928327645,0.9000908265213442,991,231,0.9000908265213442,0.6346153846153846,0.8341296928327645,171,1201,7.023391812865497,0.0034129692832764505,0.005460750853242321,0.0,0.005460750853242321,0.5198137769736552,0.3426171379642416,0.0,1.0,0.34471117779444865,0.23511016624386658,0.0,1.0,0.5357883588544196,0.24958486672657354,0.03225806451612903,1.0,0.35051409911301357,0.2756952928968666,0.0,1.0,47,0.14432284541723667,2.9774281805745555,7
120,1461,502,13.2440855963396,75.15468856947297,3,4,0,4,1102,0.7537619699042407,360,1225,0.8378932968536251,0.9038112522686026,996,229,0.9038112522686026,0.6361111111111111,0.8378932968536251,182,1211,6.653846153846154,0.002051983584131327,0.0027359781121751026,0.0,0.0027359781121751026,0.5205007617407432,0.34313027542100144,0.0,1.0,0.3445055309001788,0.23519544607476023,0.0,1.0,0.5357134971627917,0.24959964762519518,0.03225806451612903,1.0,0.35090856903137485,0.27623165149192686,0.0,1.0,47,0.14510609171800137,2.9822039698836416,7
121,1459,516,13.223673117555297,76.1206305688828,2,4,0,4,1077,0.7371663244353183,384,1232,0.8432580424366872,0.924791086350975,996,236,0.924791086350975,0.6145833333333334,0.8432580424366872,170,1216,7.152941176470589,0.0013689253935660506,0.0027378507871321013,0.0,0.0027378507871321013,0.5203077671405514,0.34340001167220313,0.0,1.0,0.34413761082491323,0.23480040195823812,0.0,1.0,0.5352760397090363,0.24967569261773787,0.03225806451612903,1.0,0.35094740100378075,0.2762356685647597,0.0,1.0,47,0.1453050034270048,2.984235777930089,7
122,1457,520,13.229398273753796,77.03225806451613,3,5,0,5,1092,0.748457847840987,367,1230,0.8430431802604523,0.9029304029304029,986,244,0.9029304029304029,0.6648501362397821,0.8430431802604523,178,1212,6.808988764044944,0.00205620287868403,0.003427004797806717,0.0,0.003427004797806717,0.5212876657736843,0.34328963212524116,0.0,1.0,0.34387938096397813,0.23487848588158797,0.0,1.0,0.5364978856244603,0.24953107344873512,0.03225806451612903,1.0,0.35083135917816105,0.27657984495784255,0.0,1.0,47,0.1455044612216884,2.9835277968428278,7
123,1454,529,13.222097833262424,77.94016506189821,3,6,0,6,1108,0.7604667124227865,349,1269,0.8709677419354839,0.9151624548736462,1014,255,0.9151624548736462,0.7306590257879656,0.8709677419354839,176,1254,7.125,0.002059025394646534,0.004118050789293068,0.0,0.004118050789293068,0.5209877091005901,0.34255087156974573,0.0,1.0,0.3441895549540755,0.2350669579355304,0.0,1.0,0.5370945556196477,0.2491511208218917,0.03225806451612903,1.0,0.3511780627412699,0.2767121676201752,0.0,1.0,47,0.1437414030261348,2.984869325997249,7
124,1454,533,13.19642500975464,78.79367262723521,5,5,0,5,1114,0.7661623108665749,340,1247,0.8576341127922971,0.9129263913824057,1017,230,0.9129263913824057,0.6764705882352942,0.8576341127922971,177,1228,6.937853107344632,0.0034387895460797797,0.0034387895460797797,0.0,0.0034387895460797797,0.5228291254381684,0.3422470240866556,0.0,1.0,0.34423392643208944,0.23528198282430632,0.0,1.0,0.536894883968585,0.24922097289829956,0.03225806451612903,1.0,0.3514221058703465,0.2770060944970762,0.0,1.0,47,0.14442916093535077,2.9876203576341127,7
125,1453,541,13.18231602625635,79.73503097040606,4,5,0,5,1077,0.7407152682255846,377,1235,0.8493810178817056,0.9080779944289693,978,257,0.9080779944289693,0.6816976127320955,0.8493810178817056,175,1218,6.96,0.002751031636863824,0.0034387895460797797,0.0,0.0034387895460797797,0.5215904802078014,0.34278818659393273,0.0,1.0,0.34416002486512887,0.23534606294462063,0.0,1.0,0.5372199897875364,0.2488544658975186,0.03225806451612903,1.0,0.35102013631418866,0.27692812193676514,0.0,1.0,47,0.1445285615966965,2.9896765313145215,7
126,1451,546,13.166443577398827,80.56995175740869,4,6,0,6,1141,0.7852718513420509,312,1264,0.8699242945629732,0.9141104294478528,1043,221,0.9141104294478528,0.7083333333333334,0.8699242945629732,177,1246,7.03954802259887,0.0027529249827942187,0.0041293874741913286,0.0,0.0041293874741913286,0.5216869344834486,0.34289739530072993,0.0,1.0,0.3433227362664236,0.23482099411042912,0.0,1.0,0.5376492296747516,0.24871087811929837,0.03225806451612903,1.0,0.3496365131944599,0.276751995856466,0.0,1.0,46,0.14403859407305306,2.9931082012405237,7
127,1448,552,13.149719017092886,81.4682320441989,4,7,0,7,1161,0.8001378359751895,290,1235,0.8511371467953136,0.9043927648578811,1050,185,0.9043927648578811,0.6379310344827587,0.8511371467953136,180,1221,6.783333333333333,0.0027567195037904893,0.004824259131633356,0.0,0.004824259131633356,0.5222108358581358,0.34268102522721244,0.0,1.0,0.34309837818570665,0.23549497628314106,0.0,1.0,0.5382507574407414,0.24880063535147323,0.03225806451612903,1.0,0.3503386205667439,0.2771391110330986,0.0,1.0,45,0.143646408839779,2.992403314917127,7
128,1439,561,13.218131411046256,82.50243224461431,0,9,0,9,1087,0.7506906077348067,361,1264,0.8729281767955801,0.9181232750689973,998,266,0.9181232750689973,0.7368421052631579,0.8729281767955801,178,1251,7.02808988764045,0.0,0.006215469613259668,0.0,0.006215469613259668,0.5218902015288395,0.34294177504457307,0.0,1.0,0.3425541931000471,0.234916622055151,0.0,1.0,0.53852361631061,0.24844117135942004,0.03225806451612903,1.0,0.3491896254119124,0.2771004191553108,0.0,1.0,44,0.14454482279360667,2.996525364836692,7
129,1440,570,13.166726022183116,83.22361111111111,5,4,0,4,1120,0.778318276580959,319,1275,0.8860319666435025,0.9276785714285715,1039,236,0.9276785714285715,0.7398119122257053,0.8860319666435025,177,1261,7.124293785310734,0.0034746351633078527,0.002779708130646282,0.0,0.002779708130646282,0.5221326164874552,0.3430513280159007,0.0,1.0,0.3407482078853047,0.23460250393988638,0.0,1.0,0.5377240143369176,0.24856312647683343,0.03225806451612903,1.0,0.3493727598566308,0.27696346996994786,0.0,1.0,44,0.14583333333333334,3.0027777777777778,7
130,1437,579,13.176193693181025,84.0160055671538,5,8,0,8,1050,0.7291666666666666,390,1179,0.81875,0.8809523809523809,925,254,0.8809523809523809,0.6512820512820513,0.81875,174,1162,6.67816091954023,0.003472222222222222,0.005555555555555556,0.0,0.005555555555555556,0.5234920421128246,0.34255522629787566,0.0,1.0,0.3405392057826565,0.23513135131852642,0.0,1.0,0.5381507172200148,0.24866618472386218,0.03225806451612903,1.0,0.3493837968886794,0.27665792687866275,0.0,1.0,43,0.14613778705636743,3.00347947112039,7
131,1433,587,13.172911432675177,84.70900209351012,6,10,0,10,1118,0.7780097425191371,319,1246,0.8670842032011135,0.9212880143112702,1030,216,0.9212880143112702,0.677115987460815,0.8670842032011135,179,1233,6.888268156424581,0.0041753653444676405,0.006958942240779402,0.0,0.006958942240779402,0.5245931161785562,0.3424760209127413,0.0,1.0,0.3398689867861243,0.23478566086440475,0.0,1.0,0.5370866443058776,0.24860563716979225,0.03225806451612903,1.0,0.3483555815681066,0.27646944362581327,0.0,1.0,41,0.14724354501046755,3.0076762037683182,7
132,1430,596,13.177936810214682,85.34545454545454,7,10,0,10,1049,0.7320307048150733,384,1224,0.854152128401954,0.909437559580553,954,270,0.909437559580553,0.703125,0.854152128401954,176,1209,6.869318181818182,0.004884856943475227,0.006978367062107467,0.0,0.006978367062107467,0.5249266862170088,0.34218101961950015,0.0,1.0,0.3396345589893977,0.2346288574285981,0.0,1.0,0.5366117753214528,0.2487365770661076,0.03225806451612903,1.0,0.34856756147078727,0.27641969313709225,0.0,1.0,40,0.14825174825174825,3.013286713286713,7
133,1424,596,13.2459377887696,86.27317415730337,1,7,0,7,1100,0.7692307692307693,330,1245,0.8706293706293706,0.9054545454545454,996,249,0.9054545454545454,0.7545454545454545,0.8706293706293706,186,1231,6.618279569892473,0.0006993006993006993,0.0048951048951048955,0.0,0.0048951048951048955,0.5247825299021385,0.34212016954401053,0.0,1.0,0.3392080463936209,0.23446179651985502,0.0,1.0,0.5368339978252991,0.248637604599814,0.03225806451612903,1.0,0.3484278724175426,0.2759902619198957,0.0,1.0,39,0.14817415730337077,3.0161516853932584,7
134,1426,608,13.198175362908914,87.03225806451613,4,2,0,2,1070,0.7514044943820225,354,1248,0.8764044943820225,0.9261682242990654,991,257,0.9261682242990654,0.7259887005649718,0.8764044943820225,176,1236,7.0227272727272725,0.0028089887640449437,0.0014044943820224719,0.0,0.0014044943820224719,0.5253585486133104,0.3417646126176835,0.0,1.0,0.3392752115097498,0.23480195222917646,0.0,1.0,0.5365787449667466,0.24855651891246283,0.03225806451612903,1.0,0.3488214269556169,0.2762112442982593,0.0,1.0,39,0.1479663394109397,3.0133239831697054,7
135,1424,610,13.226540205787593,87.9192415730337,3,5,0,5,1069,0.7496493688639552,357,1263,0.8856942496493688,0.9420018709073901,1007,256,0.9420018709073901,0.7170868347338936,0.8856942496493688,186,1251,6.725806451612903,0.0021037868162692847,0.0035063113604488078,0.0,0.0035063113604488078,0.5249637549836897,0.34185912594734275,0.0,1.0,0.3392760057992026,0.23431823021658693,0.0,1.0,0.5360411380935122,0.2485862689370475,0.03225806451612903,1.0,0.34831460674157305,0.27626680411957866,0.0,1.0,39,0.14887640449438203,3.017556179775281,7
136,1419,620,13.263180048426182,89.00634249471459,1,6,0,6,1067,0.7492977528089888,357,1265,0.8883426966292135,0.9203373945641987,982,283,0.9203373945641987,0.7927170868347339,0.8883426966292135,176,1251,7.107954545454546,0.0007022471910112359,0.004213483146067416,0.0,0.004213483146067416,0.5250630839528064,0.3420483970289255,0.0,1.0,0.3393575666643934,0.23392738584226402,0.0,1.0,0.5361113005524109,0.24848449455210908,0.03225806451612903,1.0,0.34874627747846054,0.27647690577163037,0.0,1.0,39,0.14869626497533475,3.018322762508809,7
137,1425,627,13.198773676292458,89.62736842105264,6,0,0,0,1043,0.7350246652572234,376,1241,0.8745595489781536,0.9232981783317353,963,278,0.9232981783317353,0.7393617021276596,0.8745595489781536,180,1228,6.822222222222222,0.004228329809725159,0.0,0.0,0.0,0.525048104131296,0.3420807397275853,0.0,1.0,0.3383588002263724,0.23397167225279414,0.0,1.0,0.5357328805885682,0.24886212022826898,0.03225806451612903,1.0,0.3483418222976797,0.27615589573745786,0.0,1.0,39,0.14947368421052631,3.0210526315789474,7
138,1430,632,13.129498686768073,90.14895104895105,8,3,0,3,1082,0.7592982456140351,343,1274,0.8940350877192983,0.933456561922366,1010,264,0.933456561922366,0.7696793002915452,0.8940350877192983,183,1262,6.896174863387978,0.005614035087719298,0.002105263157894737,0.0,0.002105263157894737,0.5247236634333409,0.3417872161629335,0.0,1.0,0.3385066546356869,0.23428608562024508,0.0,1.0,0.5362734040153395,0.248496411118367,0.03225806451612903,1.0,0.34640198511166254,0.27570566004126845,0.0,1.0,39,0.14895104895104896,3.03006993006993,7
139,1432,642,13.070384286224558,90.90851955307262,4,2,0,2,1119,0.7825174825174825,311,1272,0.8895104895104895,0.9267202859696158,1037,235,0.9267202859696158,0.7556270096463023,0.8895104895104895,177,1259,7.112994350282486,0.002797202797202797,0.0013986013986013986,0.0,0.0013986013986013986,0.5249819787349072,0.3417033648837272,0.0,1.0,0.3382816723734006,0.23420978295038125,0.0,1.0,0.5361326365110831,0.2485626554450445,0.03225806451612903,1.0,0.34576049738691655,0.2755175462724237,0.0,1.0,38,0.1494413407821229,3.0335195530726256,7
140,1432,648,13.052582381008294,91.64874301675978,4,4,0,4,1093,0.763268156424581,339,1250,0.8729050279329609,0.9167429094236048,1002,248,0.9167429094236048,0.7315634218289085,0.8729050279329609,176,1232,7.0,0.002793296089385475,0.002793296089385475,0.0,0.002793296089385475,0.5256127230131555,0.34125231862437494,0.0,1.0,0.3382140926293026,0.23442053303016006,0.0,1.0,0.5363128491620112,0.24839016022654303,0.03225806451612903,1.0,0.3461885024328708,0.27513939553293754,0.0,1.0,37,0.1494413407821229,3.0391061452513966,7
141,1433,654,13.016003989519325,92.51500348918353,4,3,0,3,1121,0.7828212290502793,311,1232,0.8603351955307262,0.8983050847457628,1007,225,0.8983050847457628,0.7234726688102894,0.8603351955307262,179,1217,6.798882681564246,0.002793296089385475,0.002094972067039106,0.0,0.002094972067039106,0.5257411701145803,0.34122957500948636,0.0,1.0,0.3379105418364361,0.23444360753391674,0.0,1.0,0.5357810143394187,0.24833532868980002,0.03225806451612903,1.0,0.3465997343718344,0.27490538524280733,0.0,1.0,37,0.15003489183531055,3.038381018841591,7
142,1430,662,13.011405997292105,93.45664335664335,3,6,0,6,1123,0.7836706210746686,310,1254,0.8750872295882763,0.918967052537845,1032,222,0.918967052537845,0.7161290322580646,0.8750872295882763,180,1242,6.9,0.00209351011863224,0.00418702023726448,0.0,0.00418702023726448,0.524949244304083,0.34162601095875716,0.0,1.0,0.3383713061132416,0.23441634281238913,0.0,1.0,0.5358673584480036,0.24850264040310663,0.03225806451612903,1.0,0.346559891721182,0.2752230667462875,0.0,1.0,37,0.15034965034965034,3.037062937062937,7
143,1427,667,13.035432794678284,94.43377715487036,3,6,0,6,1074,0.7510489510489511,356,1232,0.8615384615384616,0.9124767225325885,980,252,0.9124767225325885,0.7078651685393258,0.8615384615384616,185,1222,6.605405405405405,0.002097902097902098,0.004195804195804196,0.0,0.004195804195804196,0.5243348328322445,0.34105672784298885,0.0,1.0,0.33863055813007215,0.23426359042382564,0.0,1.0,0.5364965978705609,0.2480305597169588,0.03225806451612903,1.0,0.34663290910323935,0.27518362438493954,0.0,1.0,37,0.14856341976173792,3.0364400840925017,7
144,1428,673,13.012905141946183,95.26750700280112,3,2,0,2,1093,0.7659425367904695,334,1230,0.861948142957253,0.9112534309240622,996,234,0.9112534309240622,0.7005988023952096,0.861948142957253,180,1216,6.7555555555555555,0.002102312543798178,0.001401541695865452,0.0,0.001401541695865452,0.5254133911629167,0.3406786240164781,0.0,1.0,0.3389129845486582,0.23453632849103845,0.0,1.0,0.536527514231499,0.24827539251870404,0.03225806451612903,1.0,0.3468419625914882,0.2751211377405444,0.0,1.0,37,0.14915966386554622,3.03781512605042,7
145,1430,682,12.963134429651875,96.06293706293707,4,2,0,2,1104,0.773109243697479,324,1249,0.8746498599439776,0.9202898550724637,1016,233,0.9202898550724637,0.7191358024691358,0.8746498599439776,174,1232,7.080459770114943,0.0028011204481792717,0.0014005602240896359,0.0,0.0014005602240896359,0.5252876156101962,0.3407415771339903,0.0,1.0,0.33940897811865556,0.23468855739334968,0.0,1.0,0.5364989848860817,0.24785639121349906,0.03225806451612903,1.0,0.34628919467629143,0.275172482857438,0.0,1.0,37,0.14895104895104896,3.0377622377622377,7
146,1431,689,12.926472505270253,96.71488469601677,5,4,0,4,1103,0.7713286713286713,327,1251,0.8748251748251749,0.9066183136899365,1000,251,0.9066183136899365,0.7675840978593272,0.8748251748251749,174,1232,7.080459770114943,0.0034965034965034965,0.002797202797202797,0.0,0.002797202797202797,0.5271522283086495,0.3406579027704914,0.0,1.0,0.3397128108022813,0.2347204810058828,0.0,1.0,0.5366876310272537,0.24827403343362073,0.03225806451612903,1.0,0.3470616081693379,0.2753210962078764,0.0,1.0,36,0.1488469601677149,3.040531097134871,7
147,1429,695,12.930474719073198,97.64520643806858,3,5,0,5,1093,0.7638015373864431,338,1246,0.8707197763801537,0.9268069533394327,1013,233,0.9268069533394327,0.6893491124260355,0.8707197763801537,183,1235,6.748633879781421,0.0020964360587002098,0.0034940600978336828,0.0,0.0034940600978336828,0.5274159687577598,0.3406025312885312,0.0,1.0,0.33869839048285516,0.23422166986563825,0.0,1.0,0.5371678818934965,0.24837058439931306,0.03225806451612903,1.0,0.34596717758865886,0.2751501646246368,0.0,1.0,36,0.1490552834149755,3.046186144156753,7
148,1423,699,12.984657058402703,98.51159522136332,2,8,0,8,1087,0.7606717984604618,342,1235,0.8642407277816655,0.9181232750689973,998,237,0.9181232750689973,0.6929824561403509,0.8642407277816655,182,1221,6.708791208791209,0.0013995801259622112,0.005598320503848845,0.0,0.005598320503848845,0.5294584362886223,0.3403242718204635,0.0,1.0,0.3370435019155351,0.23418580271632516,0.0,1.0,0.5369845623739034,0.24857769436169477,0.03225806451612903,1.0,0.34615646181397774,0.2751043526442369,0.0,1.0,34,0.15038650737877723,3.0520028109627546,7
149,1424,706,12.935982271391863,99.10463483146067,6,5,1,4,1089,0.7652846099789178,334,1232,0.8657765284609978,0.8999081726354453,980,252,0.8999081726354453,0.7544910179640718,0.8657765284609978,176,1215,6.903409090909091,0.004216444132115249,0.0035137034434293743,0.0007027406886858749,0.0028109627547434997,0.5305364262413919,0.3400231095178467,0.0,1.0,0.3375090612540776,0.2342160210094731,0.0,1.0,0.5381252265313519,0.24845465358739674,0.03225806451612903,1.0,0.345777455599855,0.2753180898592944,0.0,1.0,34,0.1502808988764045,3.056179775280899,7
150,1422,712,12.951371758060573,100.09353023909986,2,4,0,4,1076,0.7556179775280899,348,1249,0.8771067415730337,0.9237918215613383,994,255,0.9237918215613383,0.7327586206896551,0.8771067415730337,184,1239,6.733695652173913,0.0014044943820224719,0.0028089887640449437,0.0,0.0028089887640449437,0.5303752098362143,0.33980667082099164,0.0,1.0,0.33707635769701916,0.23389283729349808,0.0,1.0,0.5375209836214327,0.24846849765658938,0.03225806451612903,1.0,0.3454924912662765,0.2751248939193163,0.0,1.0,34,0.15049226441631505,3.0569620253164556,7
151,1418,721,12.961586355869938,100.93794076163611,1,5,0,5,1123,0.789732770745429,299,1218,0.8565400843881856,0.9029385574354408,1014,204,0.9029385574354408,0.6822742474916388,0.8565400843881856,178,1205,6.769662921348314,0.0007032348804500703,0.0035161744022503515,0.0,0.0035161744022503515,0.5315073479230173,0.3396046232376764,0.0,1.0,0.33675326447973064,0.23407116603002973,0.0,1.0,0.5384230401747122,0.24864324244578787,0.03225806451612903,1.0,0.3454661267573593,0.27494162980435505,0.0,1.0,32,0.15091678420310295,3.062764456981664,7
152,1419,726,12.972341448579405,101.8167723749119,2,1,0,1,1023,0.7214386459802539,395,1235,0.8709449929478138,0.9296187683284457,951,284,0.9296187683284457,0.7189873417721518,0.8709449929478138,187,1227,6.561497326203209,0.0014104372355430183,0.0007052186177715092,0.0,0.0007052186177715092,0.5308372547682375,0.3395802561613778,0.0,1.0,0.3368569415081043,0.2341434188309831,0.0,1.0,0.5388165223123963,0.24859011126697142,0.03225806451612903,1.0,0.3453136011275546,0.27486205634549965,0.0,1.0,32,0.15010570824524314,3.063424947145877,7
153,1415,732,12.98805886859435,102.68763250883393,3,7,1,6,1089,0.7674418604651163,330,1228,0.8653981677237491,0.9081726354453628,989,239,0.9081726354453628,0.7242424242424242,0.8653981677237491,181,1215,6.712707182320442,0.0021141649048625794,0.004933051444679351,0.0007047216349541931,0.004228329809725159,0.5298301607203921,0.3394622181569027,0.0,1.0,0.33678331243588283,0.23380298502432925,0.0,1.0,0.5399065314031688,0.24808618679985864,0.03225806451612903,1.0,0.3444659751510316,0.27463966575008886,0.0,1.0,31,0.14840989399293286,3.065724381625442,7
154,1414,740,12.988527073522222,103.47454031117397,3,4,0,4,1067,0.7540636042402827,348,1226,0.8664310954063604,0.9165885660731021,978,248,0.9165885660731021,0.7126436781609196,0.8664310954063604,175,1209,6.908571428571428,0.0021201413427561835,0.0028268551236749115,0.0,0.0028268551236749115,0.5291098234247388,0.3392030984777175,0.0,1.0,0.3374321303098052,0.23379843709685613,0.0,1.0,0.541086827576767,0.24776045240703698,0.03225806451612903,1.0,0.3444814527535703,0.27510019749768644,0.0,1.0,31,0.1463932107496464,3.067185289957567,7
155,1410,746,12.991114290427213,104.3177304964539,4,8,1,7,1094,0.7736916548797736,320,1252,0.8854314002828855,0.93327239488117,1021,231,0.93327239488117,0.721875,0.8854314002828855,175,1233,7.045714285714285,0.002828854314002829,0.005657708628005658,0.0007072135785007072,0.0049504950495049506,0.5300160146419584,0.33898321977458556,0.0,1.0,0.3371539693433997,0.23347317532041925,0.0,1.0,0.5412720201326928,0.2476186068579144,0.03225806451612903,1.0,0.344291924044841,0.27542857215584776,0.0,1.0,31,0.14680851063829786,3.075886524822695,7
156,1411,754,12.96947288461312,105.04039688164423,5,4,0,4,1060,0.75177304964539,350,1217,0.8631205673758865,0.9311320754716981,987,230,0.9311320754716981,0.6571428571428571,0.8631205673758865,176,1201,6.823863636363637,0.0035460992907801418,0.0028368794326241137,0.0,0.0028368794326241137,0.5289773896344391,0.33920292285669096,0.0,1.0,0.33728081205276517,0.23307543212531728,0.0,1.0,0.5411398916348505,0.2472198723518906,0.03225806451612903,1.0,0.3438878855078759,0.27525877937710486,0.0,1.0,31,0.14599574769666904,3.0786676116229623,7
157,1410,758,12.991751538167692,105.79361702127659,4,5,1,4,1016,0.7200566973777462,395,1211,0.8582565556343019,0.9114173228346457,926,285,0.9114173228346457,0.7215189873417721,0.8582565556343019,179,1194,6.670391061452514,0.002834868887313962,0.003543586109142452,0.0007087172218284905,0.002834868887313962,0.5300617707618394,0.3393751715523861,0.0,1.0,0.3377030427819721,0.23291286314880608,0.0,1.0,0.5406771905742394,0.24727271523334796,0.03225806451612903,1.0,0.3444063143445436,0.27527345666539105,0.0,1.0,31,0.14680851063829786,3.0794326241134753,7
158,1409,770,12.963851460469224,106.60042583392477,2,3,0,3,1120,0.7943262411347518,290,1253,0.8886524822695036,0.9321428571428572,1044,209,0.9321428571428572,0.7206896551724138,0.8886524822695036,183,1248,6.819672131147541,0.0014184397163120568,0.002127659574468085,0.0,0.002127659574468085,0.5290414157833283,0.33950893357911877,0.0,1.0,0.3385608644886559,0.23325383510419975,0.0,1.0,0.5409006616451841,0.24709556313471717,0.03225806451612903,1.0,0.34465074749879804,0.27560425775689373,0.0,1.0,31,0.14620298083747338,3.085876508161817,7
159,1408,779,12.929553418443767,107.32457386363636,4,5,2,3,1092,0.7750177430801988,317,1226,0.8701206529453513,0.9340659340659341,1020,206,0.9340659340659341,0.6498422712933754,0.8701206529453513,179,1214,6.782122905027933,0.0028388928317956,0.0035486160397444995,0.0014194464158978,0.0021291696238466998,0.5286381964809385,0.339326903543298,0.0,1.0,0.3388700513196481,0.23314930179409968,0.0,1.0,0.5412390029325512,0.24663516911908503,0.03225806451612903,1.0,0.34475806451612906,0.2757691758950826,0.0,1.0,31,0.14488636363636365,3.0901988636363638,7
160,1410,785,12.902356421145223,108.10921985815602,4,2,0,2,1081,0.7677556818181818,327,1240,0.8806818181818182,0.9148936170212766,989,251,0.9148936170212766,0.7675840978593272,0.8806818181818182,179,1225,6.843575418994414,0.002840909090909091,0.0014204545454545455,0.0,0.0014204545454545455,0.5285746968657058,0.3391708643661937,0.0,1.0,0.33884694577899793,0.23321265114563433,0.0,1.0,0.5404712880347746,0.2467029622755499,0.03225806451612903,1.0,0.3448409974834134,0.27574361139155834,0.0,1.0,31,0.1453900709219858,3.0971631205673757,7
161,1407,796,12.923354008492081,109.04690831556503,2,5,0,5,1044,0.7404255319148936,366,1189,0.8432624113475178,0.8917624521072797,931,258,0.8917624521072797,0.7049180327868853,0.8432624113475178,172,1172,6.813953488372093,0.0014184397163120568,0.0035460992907801418,0.0,0.0035460992907801418,0.529128550794415,0.33909240216027664,0.0,1.0,0.33986748286218676,0.2331559803696751,0.0,1.0,0.5399270926473623,0.24691361605467677,0.03225806451612903,1.0,0.345186509847078,0.27581692487745924,0.0,1.0,31,0.14498933901918976,3.0945273631840795,7
162,1414,803,12.81435573728839,109.3953323903819,8,1,1,0,1068,0.7590618336886994,339,1223,0.8692253020611229,0.9119850187265918,974,249,0.9119850187265918,0.7345132743362832,0.8692253020611229,172,1202,6.988372093023256,0.005685856432125089,0.0007107320540156361,0.0007107320540156361,0.0,0.5299539170506913,0.33919252603141675,0.0,1.0,0.339713464434001,0.23337130298225744,0.0,1.0,0.5397180271022494,0.2473595834453372,0.03225806451612903,1.0,0.3446867728247479,0.2753231043773906,0.0,1.0,31,0.1463932107496464,3.098302687411598,7
163,1407,804,12.854364458426819,110.40085287846482,2,9,2,7,1108,0.7835926449787836,306,1217,0.8606789250353607,0.927797833935018,1028,189,0.927797833935018,0.6176470588235294,0.8606789250353607,182,1200,6.593406593406593,0.0014144271570014145,0.006364922206506365,0.0014144271570014145,0.0049504950495049506,0.5293348923584841,0.3390964247444889,0.0,1.0,0.33984455602173463,0.23345090445071814,0.0,1.0,0.5395831900405805,0.2474954709931779,0.03225806451612903,1.0,0.3448655340807483,0.2752391249778865,0.0,1.0,31,0.14641080312722105,3.0966595593461266,7
164,1409,812,12.818588130311383,111.0610361958836,4,2,0,2,1086,0.7718550106609808,321,1253,0.8905472636815921,0.929097605893186,1009,244,0.929097605893186,0.7601246105919003,0.8905472636815921,175,1236,7.062857142857143,0.0028429282160625444,0.0014214641080312722,0.0,0.0014214641080312722,0.5296824561001855,0.338752211879012,0.0,1.0,0.3394537420728497,0.23351534290463088,0.0,1.0,0.5388172806153987,0.24755673355656896,0.03225806451612903,1.0,0.3454978364889306,0.2753702234994861,0.0,1.0,31,0.14691270404542228,3.097941802696948,7
165,1410,823,12.76879854465791,111.56737588652483,5,4,1,3,1060,0.752306600425834,349,1217,0.8637331440738112,0.9198113207547169,975,242,0.9198113207547169,0.6934097421203438,0.8637331440738112,176,1204,6.840909090909091,0.0035486160397444995,0.0028388928317956,0.0007097232079489,0.0021291696238466998,0.5303363074811256,0.33846446194842605,0.0,1.0,0.33976206817661864,0.2334064356662729,0.0,1.0,0.5389155799588194,0.24754712512318278,0.03225806451612903,1.0,0.345046900022878,0.27500731419897456,0.0,1.0,30,0.14680851063829786,3.10354609929078,7
166,1410,830,12.741864533987485,112.3418439716312,4,4,1,3,1055,0.74822695035461,355,1265,0.8971631205673759,0.9317535545023696,983,282,0.9317535545023696,0.7943661971830986,0.8971631205673759,178,1250,7.022471910112359,0.0028368794326241137,0.0028368794326241137,0.0007092198581560284,0.002127659574468085,0.529558453443148,0.3386182888364039,0.0,1.0,0.33980782429649964,0.23362429256609457,0.0,1.0,0.5384122626401281,0.24733944939678607,0.03225806451612903,1.0,0.344291924044841,0.27398591986297427,0.0,1.0,30,0.14680851063829786,3.1070921985815603,7
167,1413,832,12.669330309845284,112.68506723283794,7,4,2,2,1139,0.8078014184397163,271,1264,0.8964539007092198,0.9376646180860404,1068,196,0.9376646180860404,0.7232472324723247,0.8964539007092198,186,1252,6.731182795698925,0.004964539007092199,0.0028368794326241137,0.0014184397163120568,0.0014184397163120568,0.5287993973015547,0.33821114544957054,0.0,1.0,0.33983973700431475,0.2331530252758926,0.0,0.967741935483871,0.538319293199096,0.24695179759084745,0.03225806451612903,1.0,0.3426705933383558,0.2736944662475333,0.0,1.0,29,0.14578910120311395,3.118895966029724,7
168,1407,843,12.682753947862427,113.47476901208245,3,9,2,7,1058,0.748761500353857,355,1215,0.8598726114649682,0.9054820415879017,958,257,0.9054820415879017,0.723943661971831,0.8598726114649682,174,1200,6.896551724137931,0.0021231422505307855,0.006369426751592357,0.0014154281670205238,0.004953998584571833,0.5292202581562235,0.3372890796023931,0.0,1.0,0.3394547997340487,0.23268137836704356,0.0,0.967741935483871,0.5390329458697297,0.24650211504725397,0.03225806451612903,1.0,0.3421830937478506,0.2736882703509032,0.0,1.0,29,0.14498933901918976,3.1186922530206114,7
169,1408,845,12.682445324454447,114.2237215909091,3,2,0,2,1083,0.7697228144989339,324,1238,0.8798862828713575,0.9298245614035088,1007,231,0.9298245614035088,0.7129629629629629,0.8798862828713575,179,1219,6.810055865921788,0.0021321961620469083,0.0014214641080312722,0.0,0.0014214641080312722,0.5284320014662757,0.3374463598200099,0.0,1.0,0.3393282624633431,0.232647158001488,0.0,0.967741935483871,0.5388104838709677,0.24639989296594716,0.03225806451612903,1.0,0.34175678152492667,0.2737908851064839,0.0,1.0,29,0.14488636363636365,3.1235795454545454,7
170,1404,856,12.665120027935622,114.92378917378917,3,7,3,4,1083,0.7691761363636364,325,1209,0.8586647727272727,0.9205909510618652,997,212,0.9205909510618652,0.6523076923076923,0.8586647727272727,169,1189,7.035502958579881,0.002130681818181818,0.004971590909090909,0.002130681818181818,0.002840909090909091,0.5286278834665932,0.3379497685313531,0.0,1.0,0.33949085561988784,0.23282986827507166,0.0,0.967741935483871,0.538645345096958,0.24674170150810557,0.03225806451612903,1.0,0.34181141439205953,0.27365378687439773,0.0,1.0,28,0.1452991452991453,3.128205128205128,7
171,1404,859,12.631701910037815,115.67806267806267,3,3,2,1,1122,0.7991452991452992,282,1266,0.9017094017094017,0.9340463458110517,1048,218,0.9340463458110517,0.7730496453900709,0.9017094017094017,184,1253,6.809782608695652,0.002136752136752137,0.002136752136752137,0.0014245014245014246,0.0007122507122507123,0.5279615844131973,0.33809543968218525,0.0,1.0,0.3395597831081702,0.2327627688819473,0.0,0.967741935483871,0.5387832000735227,0.2467651272495257,0.03225806451612903,1.0,0.3416046319272126,0.273729168145988,0.0,1.0,28,0.1452991452991453,3.131054131054131,7
172,1399,869,12.647235200478319,116.41958541815582,3,8,2,6,1059,0.7542735042735043,345,1248,0.8888888888888888,0.9187913125590179,973,275,0.9187913125590179,0.7971014492753623,0.8888888888888888,172,1230,7.151162790697675,0.002136752136752137,0.005698005698005698,0.0014245014245014246,0.004273504273504274,0.5273582512854804,0.3382852798399899,0.0,1.0,0.33918236528395856,0.23244579817565572,0.0,0.967741935483871,0.5399017731559409,0.2464608616035028,0.03225806451612903,1.0,0.3409808849639143,0.27365735397277197,0.0,1.0,27,0.14438884917798428,3.137240886347391,7
173,1395,872,12.681873476230514,117.34695340501793,1,5,3,2,1059,0.7569692637598284,340,1248,0.8920657612580415,0.9376770538243626,993,255,0.9376770538243626,0.75,0.8920657612580415,184,1235,6.711956521739131,0.0007147962830593281,0.0035739814152966403,0.002144388849177984,0.0014295925661186562,0.5283847843681351,0.338085730898461,0.0,1.0,0.33957682969129377,0.23263183067540188,0.0,0.967741935483871,0.5392993409642733,0.24655554615716546,0.03225806451612903,1.0,0.341473002659267,0.27381209414926205,0.0,1.0,27,0.14480286738351256,3.139784946236559,7
174,1383,882,12.719114589029504,118.11641359363702,1,13,8,5,1088,0.7799283154121864,307,1232,0.8831541218637993,0.9264705882352942,1008,224,0.9264705882352942,0.7296416938110749,0.8831541218637993,167,1209,7.2395209580838324,0.0007168458781362007,0.00931899641577061,0.005734767025089606,0.0035842293906810036,0.5283045273248897,0.3384577059344838,0.0,1.0,0.3398642502274159,0.23236374399202445,0.0,0.967741935483871,0.5409698411587712,0.24639317804313948,0.03225806451612903,1.0,0.34063396543278984,0.2740852436177423,0.0,1.0,27,0.14389009399855388,3.1496746203904555,7
175,1378,888,12.734808579339537,118.78737300435414,3,8,5,3,1025,0.7411424439624006,358,1190,0.8604483007953724,0.8975609756097561,920,270,0.8975609756097561,0.7541899441340782,0.8604483007953724,180,1176,6.533333333333333,0.0021691973969631237,0.005784526391901663,0.0036153289949385392,0.0021691973969631237,0.5303853176646847,0.3380617958860609,0.0,1.0,0.3395524135025048,0.23235239718492917,0.0,0.967741935483871,0.5413642960812772,0.2464813004548093,0.03225806451612903,1.0,0.34107402031930334,0.27443661853677265,0.0,1.0,26,0.1444121915820029,3.1516690856313496,7
176,1375,890,12.78639716774071,119.61163636363636,1,4,2,2,1032,0.7489114658925979,346,1189,0.862844702467344,0.9176356589147286,947,242,0.9176356589147286,0.6994219653179191,0.862844702467344,185,1176,6.356756756756757,0.000725689404934688,0.002902757619738752,0.001451378809869376,0.001451378809869376,0.529407624633431,0.3377803352348818,0.0,1.0,0.3398475073313783,0.23245680528054902,0.0,0.967741935483871,0.541841642228739,0.2462952450520058,0.03225806451612903,1.0,0.3409736070381231,0.27472741190149896,0.0,1.0,26,0.14327272727272727,3.152727272727273,7
177,1373,897,12.82252401804781,120.38528769118719,2,4,2,2,1003,0.7294545454545455,372,1223,0.8894545454545455,0.93419740777667,937,286,0.93419740777667,0.7688172043010753,0.8894545454545455,176,1206,6.8522727272727275,0.0014545454545454545,0.002909090909090909,0.0014545454545454545,0.0014545454545454545,0.5298498696050561,0.33784750129315694,0.0,1.0,0.339755186429528,0.23234531699958855,0.0,0.967741935483871,0.5418790968681719,0.24639572236677518,0.03225806451612903,1.0,0.341047388576933,0.2746089349401956,0.0,1.0,26,0.1434814275309541,3.1536780772032045,7
178,1370,907,12.797664417277582,121.07299270072993,3,6,3,3,1087,0.7916970138383103,286,1185,0.8630735615440641,0.8969641214351426,975,210,0.8969641214351426,0.7342657342657343,0.8630735615440641,168,1163,6.9226190476190474,0.0021849963583394027,0.004369992716678805,0.0021849963583394027,0.0021849963583394027,0.5306098422415823,0.337758003928086,0.0,1.0,0.33979279491405695,0.23250999384186335,0.0,0.967741935483871,0.5419354838709678,0.24606737744305687,0.03225806451612903,1.0,0.34146456322109725,0.274611529264764,0.0,1.0,26,0.1437956204379562,3.1554744525547447,7
179,1360,911,12.908431235579862,122.27867647058824,1,11,2,9,1047,0.7642335766423358,323,1218,0.8890510948905109,0.9264565425023877,970,248,0.9264565425023877,0.7678018575851393,0.8890510948905109,183,1205,6.584699453551913,0.00072992700729927,0.008029197080291971,0.00145985401459854,0.006569343065693431,0.5301470588235294,0.3375218347946721,0.0,1.0,0.3396584440227704,0.2329758167054971,0.0,0.967741935483871,0.541888045540797,0.24606966976770187,0.03225806451612903,1.0,0.3411527514231499,0.2738475873925071,0.0,1.0,26,0.14338235294117646,3.1544117647058822,7
180,1357,921,12.909099657544944,122.98894620486367,2,5,4,1,1024,0.7529411764705882,336,1201,0.8830882352941176,0.916015625,938,263,0.916015625,0.7827380952380952,0.8830882352941176,183,1194,6.524590163934426,0.0014705882352941176,0.003676470588235294,0.0029411764705882353,0.0007352941176470588,0.530130506097416,0.33727138153936714,0.0,1.0,0.3406708346209618,0.23365597665545973,0.0,0.967741935483871,0.5425392825730383,0.24585014406679706,0.03225806451612903,1.0,0.3410511802600613,0.27430937583544146,0.0,1.0,26,0.14222549742078114,3.154753131908622,7
181,1354,926,12.907689784621818,123.55982274741507,4,7,4,3,1010,0.7442888725128961,347,1216,0.8960943257184967,0.9356435643564357,945,271,0.9356435643564357,0.7809798270893372,0.8960943257184967,181,1202,6.640883977900552,0.0029476787030213707,0.005158437730287398,0.0029476787030213707,0.002210759027266028,0.5301138800209654,0.3379350902349731,0.0,1.0,0.3410444560918664,0.2337621426276617,0.0,0.967741935483871,0.5425263258207462,0.2461971283461502,0.03225806451612903,1.0,0.34130652308571974,0.2743045543946626,0.0,1.0,26,0.1432791728212703,3.155096011816839,7
182,1354,932,12.866130002532687,123.85819793205317,8,8,3,5,1056,0.7799113737075333,298,1167,0.861890694239291,0.9090909090909091,960,207,0.9090909090909091,0.6946308724832215,0.861890694239291,174,1147,6.591954022988506,0.005908419497784343,0.005908419497784343,0.0022156573116691287,0.003692762186115214,0.5297088673941012,0.33852759324084647,0.0,1.0,0.3405917949206652,0.2337432112432677,0.0,0.967741935483871,0.541192166579311,0.2466233788482225,0.03225806451612903,1.0,0.3427836279601658,0.2742753851456435,0.0,1.0,26,0.14401772525849335,3.1580502215657313,7
183,1341,939,12.907568379879017,124.50037285607755,2,15,12,3,1047,0.7732644017725259,307,1197,0.8840472673559823,0.933142311365807,977,220,0.933142311365807,0.7166123778501629,0.8840472673559823,180,1184,6.5777777777777775,0.0014771048744460858,0.011078286558345642,0.008862629246676515,0.0022156573116691287,0.531067330591037,0.33793463932234546,0.0,1.0,0.3401169084217363,0.23377204745076638,0.0,0.967741935483871,0.5403045392220538,0.24704626008080616,0.03225806451612903,1.0,0.3440619662745664,0.2748310951704287,0.0,1.0,26,0.14541387024608501,3.1648023862788963,7
184,1333,949,12.911532462404896,125.03300825206301,2,10,8,2,1035,0.7718120805369127,306,1167,0.8702460850111857,0.9082125603864735,940,227,0.9082125603864735,0.7418300653594772,0.8702460850111857,176,1153,6.551136363636363,0.0014914243102162564,0.007457121551081283,0.005965697240865026,0.0014914243102162564,0.5308665876146456,0.33779059696879693,0.0,1.0,0.33935096677395155,0.23339803108362042,0.0,0.967741935483871,0.5398446385789996,0.24696554511040886,0.03225806451612903,1.0,0.34390049125184524,0.27456267644471555,0.0,1.0,26,0.145536384096024,3.1717929482370595,7
185,1326,958,12.908756749632898,125.27752639517345,6,13,10,3,1004,0.7531882970742686,329,1172,0.8792198049512379,0.9302788844621513,934,238,0.9302788844621513,0.723404255319149,0.8792198049512379,180,1161,6.45,0.00450112528132033,0.009752438109527382,0.007501875468867217,0.002250562640660165,0.5324526833065732,0.33774906670779425,0.0,1.0,0.3400963363012699,0.23370510508174827,0.0,0.967741935483871,0.5383885564151218,0.24735668446786435,0.03225806451612903,1.0,0.34471853257432,0.2747824823321272,0.0,1.0,26,0.14705882352941177,3.1817496229260933,7
186,1323,963,12.948370440252486,125.94784580498866,2,5,4,1,972,0.7330316742081447,354,1145,0.8634992458521871,0.9166666666666666,891,254,0.9166666666666666,0.7175141242937854,0.8634992458521871,180,1130,6.277777777777778,0.0015082956259426848,0.003770739064856712,0.0030165912518853697,0.0007541478129713424,0.5332699387998927,0.33716972802181316,0.0,1.0,0.33947772657450076,0.23338249206509623,0.0,0.967741935483871,0.5383902665008655,0.24745798489297546,0.03225806451612903,1.0,0.3446955843269207,0.2749704567900012,0.0,1.0,26,0.1473922902494331,3.1897203325774752,7
187,1315,970,12.92729100813761,126.21216730038023,5,13,11,2,990,0.7482993197278912,333,1170,0.8843537414965986,0.9202020202020202,911,259,0.9202020202020202,0.7777777777777778,0.8843537414965986,176,1153,6.551136363636363,0.003779289493575208,0.009826152683295541,0.008314436885865457,0.0015117157974300832,0.5328100085857966,0.337342084397046,0.0,1.0,0.3393352140316448,0.2337500891118654,0.0,0.967741935483871,0.5385992886054213,0.24740325270899752,0.03225806451612903,1.0,0.34460934625291306,0.27480471711901355,0.0,1.0,26,0.14752851711026616,3.1961977186311787,7
188,1306,983,12.928379334456329,126.78254211332312,3,12,8,4,1015,0.7718631178707225,300,1160,0.8821292775665399,0.9221674876847291,936,224,0.9221674876847291,0.7466666666666667,0.8821292775665399,173,1146,6.624277456647399,0.0022813688212927757,0.009125475285171103,0.006083650190114068,0.003041825095057034,0.5343081559057452,0.3366080475543459,0.0,1.0,0.33828977918292746,0.23363177378744754,0.0,0.967741935483871,0.539174035469051,0.24753514026607523,0.03225806451612903,1.0,0.3449340512769846,0.27497610878999795,0.0,1.0,26,0.14854517611026033,3.194486983154671,7
189,1302,988,12.95211484519129,127.40245775729646,3,7,6,1,1011,0.7741194486983155,295,1177,0.9012251148545176,0.9366963402571711,947,230,0.9366963402571711,0.7796610169491526,0.9012251148545176,179,1161,6.4860335195530725,0.002297090352220521,0.005359877488514548,0.004594180704441042,0.0007656967840735069,0.5339428175016104,0.3365632501732724,0.0,1.0,0.33752044001783854,0.23355525716658498,0.0,0.967741935483871,0.5394678162628215,0.24775705861840822,0.03225806451612903,1.0,0.3444081066349537,0.27486221861778193,0.0,1.0,25,0.1490015360983103,3.2035330261136714,7
190,1299,997,12.913194345826584,127.68437259430331,6,9,8,1,1013,0.7780337941628265,289,1156,0.8878648233486943,0.945705824284304,958,198,0.945705824284304,0.6851211072664359,0.8878648233486943,173,1138,6.578034682080925,0.004608294930875576,0.0069124423963133645,0.006144393241167435,0.0007680491551459293,0.5341329558717625,0.33616432354937853,0.0,1.0,0.3364871240904915,0.23338733060376435,0.0,0.967741935483871,0.5393478854702128,0.2480777680702286,0.03225806451612903,1.0,0.34341553055700413,0.27490890911492416,0.0,1.0,25,0.15088529638183218,3.206312548113934,7
191,1293,1003,12.980131947621366,128.31941221964425,3,9,6,3,948,0.7297921478060047,351,1140,0.8775981524249422,0.9356540084388185,887,253,0.9356540084388185,0.7207977207977208,0.8775981524249422,183,1129,6.169398907103825,0.0023094688221709007,0.006928406466512702,0.004618937644341801,0.0023094688221709007,0.5331686749993763,0.3364843142419299,0.0,1.0,0.3377242222388544,0.23361399881327438,0.0,0.967741935483871,0.5390814060823791,0.2477730458905471,0.03225806451612903,1.0,0.3430132475114138,0.2743769103839139,0.0,1.0,25,0.14926527455529776,3.211136890951276,7
192,1280,1015,12.976133007169059,128.83984375,2,15,10,5,1023,0.7911832946635731,270,1125,0.8700696055684455,0.9188660801564027,940,185,0.9188660801564027,0.6851851851851852,0.8700696055684455,174,1111,6.385057471264368,0.0015467904098994587,0.01160092807424594,0.007733952049497293,0.0038669760247486465,0.533366935483871,0.33635714252123744,0.0,1.0,0.3375756048387097,0.23344026310646443,0.0,0.967741935483871,0.5372983870967742,0.24738609764603342,0.03225806451612903,1.0,0.34261592741935487,0.27375621917626,0.0,1.0,25,0.15,3.221875,7
193,1278,1016,13.005544200769236,128.99687010954617,6,8,6,2,989,0.77265625,291,1152,0.9,0.948432760364004,938,214,0.948432760364004,0.7353951890034365,0.9,187,1140,6.096256684491979,0.0046875,0.00625,0.0046875,0.0015625,0.535286990761775,0.3363779510556612,0.0,1.0,0.33770003533747284,0.23298388679266394,0.0,0.967741935483871,0.5368266949366449,0.24744655446820726,0.03225806451612903,1.0,0.3431268615275885,0.27376863016147285,0.0,1.0,24,0.15179968701095461,3.2316118935837244,7
194,1271,1025,12.99752309138598,129.33595594020457,5,12,8,4,1026,0.8028169014084507,252,1116,0.8732394366197183,0.9025341130604289,926,190,0.9025341130604289,0.753968253968254,0.8732394366197183,179,1104,6.167597765363128,0.003912363067292645,0.009389671361502348,0.006259780907668232,0.003129890453834116,0.5363569452551966,0.3360274778393238,0.0,1.0,0.33679348239892387,0.23272751812281442,0.0,0.967741935483871,0.5369153067181036,0.24767025761951925,0.03225806451612903,1.0,0.3430369787568843,0.27358543656492895,0.0,1.0,23,0.15263571990558616,3.2391817466561763,8
195,1264,1035,13.063447266529476,130.06012658227849,3,10,5,5,979,0.7702596380802518,292,1119,0.8804091266719118,0.9111338100102145,892,227,0.9111338100102145,0.7773972602739726,0.8804091266719118,177,1106,6.248587570621469,0.0023603461841070024,0.007867820613690008,0.003933910306845004,0.003933910306845004,0.5361882400979991,0.3363648900246675,0.0,1.0,0.3363107390771744,0.2315680705546246,0.0,0.967741935483871,0.5355757452021234,0.24747408360759574,0.03225806451612903,1.0,0.3424101674152715,0.27403041753560975,0.0,1.0,23,0.15268987341772153,3.2444620253164556,8
196,1258,1042,13.022914526147925,130.01987281399047,7,13,11,2,965,0.7634493670886076,299,1120,0.8860759493670886,0.9295336787564766,897,223,0.9295336787564766,0.745819397993311,0.8860759493670886,167,1094,6.550898203592815,0.005537974683544304,0.010284810126582278,0.00870253164556962,0.0015822784810126582,0.5353351453920714,0.3370431642606916,0.0,1.0,0.3371711369813837,0.23102416523083508,0.0,0.967741935483871,0.5371044668957382,0.24729453630525375,0.03225806451612903,1.0,0.3410174880763116,0.2745787594189331,0.0,1.0,23,0.151033386327504,3.257551669316375,8
197,1248,1049,13.087895212524911,130.58894230769232,3,13,10,3,966,0.7678855325914149,292,1102,0.875993640699523,0.9254658385093167,894,208,0.9254658385093167,0.7123287671232876,0.875993640699523,181,1090,6.0220994475138125,0.0023847376788553257,0.010333863275039745,0.00794912559618442,0.0023847376788553257,0.5343258891645989,0.33781350755995265,0.0,1.0,0.33842535153019027,0.2315526099463864,0.0,0.967741935483871,0.5362644747725392,0.24758827174475787,0.03225806451612903,1.0,0.3412686104218362,0.27476790340199336,0.0,1.0,23,0.15144230769230768,3.2596153846153846,8
198,1246,1059,13.131670314876292,131.13483146067415,4,6,4,2,930,0.7451923076923077,318,1082,0.8669871794871795,0.921505376344086,857,225,0.921505376344086,0.7075471698113207,0.8669871794871795,177,1069,6.03954802259887,0.003205128205128205,0.004807692307692308,0.003205128205128205,0.0016025641025641025,0.5349505514420339,0.3374094120909076,0.0,1.0,0.33829544866152333,0.23149930165537239,0.0,0.967741935483871,0.5368404701496401,0.24716192609338308,0.03225806451612903,1.0,0.3411950499663439,0.2747026434347578,0.0,1.0,23,0.15168539325842698,3.264847512038523,8
199,1242,1063,13.183613514792954,130.97504025764894,8,12,9,3,909,0.7295345104333868,337,1076,0.8635634028892456,0.9086908690869087,826,250,0.9086908690869087,0.7418397626112759,0.8635634028892456,179,1059,5.916201117318436,0.006420545746388443,0.009630818619582664,0.0072231139646869984,0.002407704654895666,0.5332709989091476,0.3379578311010214,0.0,1.0,0.33935899433795647,0.23295812165336402,0.0,0.967741935483871,0.535868266583554,0.2471643217907715,0.03225806451612903,1.0,0.34034595605423096,0.2742681017544762,0.0,1.0,22,0.15217391304347827,3.2745571658615136,8
200,1232,1066,13.247498038262275,131.07305194805195,4,14,13,1,939,0.7560386473429952,303,1111,0.894524959742351,0.9286474973375932,872,239,0.9286474973375932,0.7887788778877888,0.894524959742351,179,1093,6.106145251396648,0.00322061191626409,0.011272141706924315,0.010466988727858293,0.0008051529790660225,0.5354524507750313,0.33751049366965763,0.0,1.0,0.3389191453707583,0.23289553609496,0.0,0.967741935483871,0.5344836614997905,0.24757451380141188,0.03225806451612903,1.0,0.3407258064516129,0.2743247232680639,0.0,1.0,22,0.1534090909090909,3.2881493506493507,8
201,1224,1085,13.19630099729474,131.24346405228758,5,13,11,2,945,0.7670454545454546,287,1041,0.8449675324675324,0.8984126984126984,849,192,0.8984126984126984,0.6689895470383276,0.8449675324675324,162,1022,6.308641975308642,0.004058441558441558,0.010551948051948052,0.008928571428571428,0.0016233766233766235,0.5334440227703985,0.3372310244009684,0.0,1.0,0.339078642209572,0.23352417429146202,0.0,0.967741935483871,0.5369491882774615,0.24728108459721101,0.03225806451612903,1.0,0.3384197765127557,0.2734264877205233,0.0,1.0,22,0.1511437908496732,3.3006535947712417,8
202,1219,1088,13.22595384474054,131.58408531583265,5,10,7,3,967,0.7900326797385621,257,1049,0.8570261437908496,0.905894519131334,876,173,0.905894519131334,0.6731517509727627,0.8570261437908496,178,1030,5.786516853932584,0.004084967320261438,0.008169934640522876,0.005718954248366013,0.0024509803921568627,0.5331181031517108,0.33768886231245115,0.0,1.0,0.33946386514594196,0.2334771558154677,0.0,0.967741935483871,0.5378020058747255,0.24733363072142975,0.03225806451612903,1.0,0.3371351451480589,0.2730190388106452,0.0,1.0,22,0.1509433962264151,3.3051681706316653,8
203,1216,1094,13.245515154033107,131.92105263157896,5,8,6,2,963,0.7899917965545529,256,1075,0.881870385561936,0.9117341640706127,878,197,0.9117341640706127,0.76953125,0.881870385561936,174,1055,6.063218390804598,0.004101722723543888,0.006562756357670222,0.004922067268252666,0.0016406890894175555,0.5331334889643463,0.3381143006350894,0.0,1.0,0.3404074702886248,0.2342012033459036,0.0,0.967741935483871,0.5384656196943972,0.24781510468219198,0.03225806451612903,1.0,0.3378342529711375,0.2737204804400069,0.0,1.0,22,0.15049342105263158,3.310032894736842,8
204,1212,1104,13.298447228813632,132.3861386138614,6,10,6,4,965,0.7935855263157895,251,1092,0.8980263157894737,0.9409326424870467,908,184,0.9409326424870467,0.7330677290836654,0.8980263157894737,179,1081,6.039106145251397,0.004934210526315789,0.008223684210526315,0.004934210526315789,0.003289473684210526,0.5333226871074204,0.33764932638309453,0.0,1.0,0.34153092728627704,0.23539315890427762,0.0,0.967741935483871,0.5385659533695305,0.24791859420067255,0.03225806451612903,1.0,0.3387629085489194,0.27415596572938716,0.0,1.0,22,0.15016501650165018,3.312706270627063,8
205,1210,1116,13.34813303702944,132.80826446280992,4,6,5,1,922,0.7607260726072608,290,1100,0.9075907590759076,0.940347071583514,867,233,0.940347071583514,0.803448275862069,0.9075907590759076,176,1088,6.181818181818182,0.0033003300330033004,0.0049504950495049506,0.004125412541254125,0.0008250825082508251,0.5340175953079178,0.337596270828606,0.0,1.0,0.341802186083711,0.23558332907831778,0.0,0.967741935483871,0.538336443615036,0.24761491250732376,0.03225806451612903,1.0,0.33884297520661155,0.2745570995199907,0.0,1.0,22,0.14958677685950414,3.3140495867768593,8
206,1206,1120,13.376928029586585,132.90961857379767,5,9,9,0,922,0.7619834710743801,288,1065,0.8801652892561983,0.920824295010846,849,216,0.920824295010846,0.75,0.8801652892561983,177,1046,5.909604519774011,0.004132231404958678,0.00743801652892562,0.00743801652892562,0.0,0.5341571711335794,0.3377630300483001,0.0,1.0,0.3408762638420799,0.23544414815149034,0.0,0.967741935483871,0.5379821323490076,0.24796256404026432,0.03225806451612903,1.0,0.33796073396458565,0.2737137889913901,0.0,1.0,22,0.15008291873963517,3.3217247097844114,8
207,1196,1128,13.424108483534084,133.37541806020067,1,11,11,0,946,0.7844112769485904,260,1057,0.8764510779436152,0.9260042283298098,876,181,0.9260042283298098,0.6961538461538461,0.8764510779436152,173,1038,6.0,0.0008291873963515755,0.00912106135986733,0.00912106135986733,0.0,0.5345776243391952,0.33786069750648506,0.0,1.0,0.34127198187506746,0.23583205373694455,0.0,0.967741935483871,0.5378681626928471,0.24800146410968532,0.03225806451612903,1.0,0.33736109612687454,0.27311559430320703,0.0,1.0,22,0.1505016722408027,3.3277591973244145,8
208,1198,1140,13.318664979303952,132.9449081803005,11,9,8,1,946,0.7909698996655519,250,1068,0.8929765886287625,0.9323467230443975,882,186,0.9323467230443975,0.744,0.8929765886287625,168,1048,6.238095238095238,0.00919732441471572,0.007525083612040134,0.006688963210702341,0.0008361204013377926,0.5339005869998384,0.3380254276382285,0.0,1.0,0.3414561904249017,0.23595442361613483,0.0,0.967741935483871,0.5369971457806021,0.2479394733696526,0.03225806451612903,1.0,0.33679788895470947,0.27311403018436364,0.0,1.0,22,0.15025041736227046,3.332220367278798,8
209,1194,1145,13.407001689056427,133.36013400335008,3,7,7,0,913,0.7621035058430717,285,1046,0.8731218697829716,0.9200438116100766,840,206,0.9200438116100766,0.7228070175438597,0.8731218697829716,175,1026,5.862857142857143,0.0025041736227045075,0.005843071786310518,0.005843071786310518,0.0,0.5345004592856757,0.3386173320948472,0.0,1.0,0.3421137947803534,0.2361360777767851,0.0,0.967741935483871,0.5378235262333171,0.24801612631770614,0.03225806451612903,1.0,0.3358458961474037,0.27290737603945475,0.0,1.0,22,0.1507537688442211,3.3391959798994977,8
210,1198,1145,13.37248050623323,132.85475792988314,12,8,6,2,920,0.7705192629815746,274,1059,0.8869346733668342,0.9282608695652174,854,205,0.9282608695652174,0.7481751824817519,0.8869346733668342,178,1037,5.825842696629214,0.010050251256281407,0.006700167504187605,0.005025125628140704,0.0016750418760469012,0.5330389358608434,0.33809788855705525,0.0,1.0,0.3429371533200496,0.23617539456324296,0.0,0.967741935483871,0.5390166406376219,0.24794870072838462,0.03225806451612903,1.0,0.33475146749959606,0.2716601889275173,0.0,1.0,22,0.14941569282136896,3.348914858096828,8
211,1190,1157,13.387156292414652,132.51344537815126,8,16,11,5,906,0.7562604340567612,292,1044,0.8714524207011686,0.9205298013245033,834,210,0.9205298013245033,0.7191780821917808,0.8714524207011686,168,1024,6.095238095238095,0.00667779632721202,0.01335559265442404,0.009181969949916527,0.004173622704507512,0.5305231770127407,0.3383177559087429,0.0,1.0,0.3435890485226349,0.2368670745186849,0.0,0.967741935483871,0.5414204391433992,0.2473187952526857,0.03225806451612903,1.0,0.33483328815397123,0.2718793414582622,0.0,1.0,22,0.146218487394958,3.3521008403361345,8
212,1188,1167,13.38044188791818,132.6473063973064,6,8,7,1,935,0.7857142857142857,255,1067,0.8966386554621849,0.9422459893048128,881,186,0.9422459893048128,0.7294117647058823,0.8966386554621849,166,1043,6.283132530120482,0.005042016806722689,0.0067226890756302525,0.0058823529411764705,0.0008403361344537816,0.5313620071684588,0.33798881035952955,0.0,1.0,0.34400456174649724,0.23733357716671769,0.0,0.967741935483871,0.5417617030520256,0.24744263459899654,0.03225806451612903,1.0,0.33471814923427823,0.27135461071209077,0.0,1.0,22,0.14646464646464646,3.361952861952862,8
213,1184,1174,13.375164009448612,132.45101351351352,8,12,10,2,917,0.7718855218855218,271,1060,0.8922558922558923,0.935659760087241,858,202,0.935659760087241,0.7453874538745388,0.8922558922558923,171,1038,6.0701754385964914,0.006734006734006734,0.010101010101010102,0.008417508417508417,0.0016835016835016834,0.5308685701830863,0.33837972679440925,0.0,1.0,0.3442404097646033,0.23781952760046626,0.0,0.967741935483871,0.5419027898866609,0.2471612296734682,0.03225806451612903,1.0,0.3340780296425458,0.2707122828226717,0.0,1.0,22,0.14611486486486486,3.3741554054054053,8
214,1180,1177,13.431258876865888,132.49830508474577,5,9,8,1,920,0.777027027027027,264,1074,0.9070945945945946,0.9293478260869565,855,219,0.9293478260869565,0.8295454545454546,0.9070945945945946,176,1053,5.982954545454546,0.004222972972972973,0.007601351351351352,0.006756756756756757,0.0008445945945945946,0.5301804264625478,0.3377699284479024,0.0,1.0,0.3440677966101695,0.2384502825483567,0.0,0.967741935483871,0.5411700382722799,0.24754199247202555,0.03225806451612903,1.0,0.3340349917987972,0.2710741731206501,0.0,1.0,22,0.14661016949152542,3.3838983050847458,8
215,1176,1190,13.380808033568034,132.36989795918367,7,11,9,2,904,0.7661016949152543,276,1029,0.8720338983050847,0.9236725663716814,835,194,0.9236725663716814,0.7028985507246377,0.8720338983050847,164,1006,6.134146341463414,0.005932203389830509,0.009322033898305085,0.007627118644067797,0.001694915254237288,0.5307768268597762,0.3387743551007027,0.0,1.0,0.3432356813693219,0.2388228738695559,0.0,0.967741935483871,0.5408711871845512,0.2478969994972481,0.03225806451612903,1.0,0.3314680710994075,0.26828024277658763,0.0,1.0,22,0.14795918367346939,3.3988095238095237,8
216,1174,1192,13.376967153921536,132.30408858603067,7,9,8,1,910,0.7738095238095238,266,1028,0.8741496598639455,0.910989010989011,829,199,0.910989010989011,0.7481203007518797,0.8741496598639455,179,1009,5.636871508379889,0.005952380952380952,0.007653061224489796,0.006802721088435374,0.0008503401360544217,0.5300598999835138,0.3392830028310915,0.0,1.0,0.34305105237127,0.23814088552786378,0.0,0.967741935483871,0.5418750343463208,0.24745522516121007,0.03225806451612903,1.0,0.33049403747870526,0.26704332071541304,0.0,1.0,22,0.14906303236797275,3.4105621805792166,8
217,1172,1195,13.38559189670226,132.15273037542661,8,10,9,1,922,0.7853492333901193,252,992,0.8449744463373083,0.8806941431670282,812,180,0.8806941431670282,0.7142857142857143,0.8449744463373083,176,971,5.517045454545454,0.0068143100511073255,0.008517887563884156,0.007666098807495741,0.0008517887563884157,0.5307717714411538,0.3391255735873536,0.0,1.0,0.3434162721567764,0.23870471253383535,0.0,0.967741935483871,0.542579544203457,0.2474257100229682,0.03225806451612903,1.0,0.33100297258614997,0.2665471608477846,0.0,1.0,22,0.14846416382252559,3.4129692832764507,8
218,1161,1201,13.412144989846032,131.61154177433247,8,19,16,3,899,0.7670648464163823,273,1013,0.8643344709897611,0.8976640711902113,807,206,0.8976640711902113,0.7545787545787546,0.8643344709897611,175,994,5.68,0.006825938566552901,0.016211604095563138,0.013651877133105802,0.002559726962457338,0.5287432969353449,0.33961110678733947,0.0,1.0,0.3436970353699536,0.23827023270072148,0.0,0.967741935483871,0.5433302770136978,0.2472256853047329,0.03225806451612903,1.0,0.3307771387291267,0.26691843045831853,0.0,1.0,22,0.14814814814814814,3.425495262704565,8
219,1160,1207,13.401820335994131,131.325,8,9,8,1,903,0.7777777777777778,258,1012,0.8716623600344531,0.9058693244739756,818,194,0.9058693244739756,0.751937984496124,0.8716623600344531,175,993,5.674285714285714,0.0068906115417743325,0.007751937984496124,0.0068906115417743325,0.0008613264427217916,0.5301167964404894,0.3396444656542168,0.0,1.0,0.342880978865406,0.2382187693560666,0.0,0.967741935483871,0.5416295884315906,0.24757262071478955,0.03225806451612903,1.0,0.3300333704115684,0.26720815151920796,0.0,1.0,22,0.15,3.4379310344827587,8
220,1155,1215,13.416546438662111,130.9965367965368,8,13,11,2,898,0.7741379310344828,262,1010,0.8706896551724138,0.9131403118040089,820,190,0.9131403118040089,0.7251908396946565,0.8706896551724138,174,992,5.7011494252873565,0.006896551724137931,0.011206896551724138,0.009482758620689655,0.0017241379310344827,0.5288088255830191,0.34051730972983435,0.0,1.0,0.3422427035330261,0.23897578972397374,0.0,0.967741935483871,0.5423544197737746,0.24737970786291555,0.03225806451612903,1.0,0.32822231531908946,0.26734916310159595,0.0,1.0,22,0.15064935064935064,3.445887445887446,8
221,1147,1217,13.501852237000934,130.8770706190061,6,14,10,4,918,0.7948051948051948,237,1029,0.8909090909090909,0.9302832244008714,854,175,0.9302832244008714,0.7383966244725738,0.8909090909090909,173,1004,5.803468208092486,0.005194805194805195,0.012121212121212121,0.008658008658008658,0.003463203463203463,0.5286160249739855,0.3407463892498714,0.0,1.0,0.3418454875270692,0.23813547117877795,0.0,0.967741935483871,0.5421998481311696,0.24792677752951925,0.03225806451612903,1.0,0.32722108164355823,0.2674070083285084,0.0,1.0,22,0.15170008718395817,3.4542284219703574,8
222,1134,1221,13.591001925046651,130.73280423280423,4,17,15,2,896,0.7811682650392328,251,1021,0.8901482127288579,0.9319196428571429,835,186,0.9319196428571429,0.7410358565737052,0.8901482127288579,180,1005,5.583333333333333,0.0034873583260680036,0.014821272885789015,0.013077593722755012,0.0017436791630340018,0.5262559025999886,0.33996000751467625,0.0,1.0,0.3405586846447061,0.23747239163405748,0.0,0.967741935483871,0.5425556124480856,0.2469998494489373,0.03225806451612903,1.0,0.3255675029868578,0.2677659556968447,0.0,1.0,21,0.1490299823633157,3.4717813051146384,8
223,1129,1234,13.662565022503598,130.84499557130204,5,10,9,1,836,0.7372134038800705,298,1005,0.8862433862433863,0.9186602870813397,768,237,0.9186602870813397,0.7953020134228188,0.8862433862433863,168,986,5.869047619047619,0.004409171075837742,0.008818342151675485,0.007936507936507936,0.0008818342151675485,0.524843566959056,0.339729062508248,0.0,1.0,0.34029543701248605,0.2383686551717638,0.0,0.967741935483871,0.5429583702391497,0.24703572872973326,0.03225806451612903,1.0,0.3252378639389697,0.2668946657959421,0.0,1.0,21,0.1488042515500443,3.4738706820194865,8
224,1131,1235,13.644813632416655,130.22192749778958,10,8,8,0,848,0.7511071744906997,281,1002,0.887511071744907,0.9351415094339622,793,209,0.9351415094339622,0.7437722419928826,0.887511071744907,174,977,5.614942528735632,0.008857395925597875,0.0070859167404783,0.0070859167404783,0.0,0.5242292005362083,0.338676992829331,0.0,1.0,0.34146202333076636,0.2389888658111467,0.0,0.967741935483871,0.5434528393371553,0.246687662639814,0.03225806451612903,1.0,0.324691252388694,0.26656854471122693,0.0,1.0,21,0.14765694076038904,3.485411140583554,8
225,1122,1241,13.6184318582267,129.3440285204991,8,17,17,0,852,0.753315649867374,279,971,0.8585322723253758,0.9154929577464789,780,191,0.9154929577464789,0.6845878136200717,0.8585322723253758,159,936,5.886792452830188,0.007073386383731211,0.015030946065428824,0.015030946065428824,0.0,0.5248691852107412,0.33910255491890723,0.0,1.0,0.3394571905008338,0.23825696679489922,0.0,0.967741935483871,0.5429820021850382,0.246398561590662,0.03225806451612903,1.0,0.32390316830544535,0.2662962363628619,0.0,1.0,21,0.14884135472370766,3.5115864527629235,8
226,1118,1254,13.647519121818284,129.1019677996422,8,12,10,2,836,0.7450980392156863,286,997,0.8885918003565062,0.9222488038277512,771,226,0.9222488038277512,0.7902097902097902,0.8885918003565062,173,983,5.682080924855492,0.0071301247771836,0.0106951871657754,0.008912655971479501,0.0017825311942959,0.5225633331409776,0.3397071119231086,0.0,1.0,0.33885394425529464,0.2387287776596165,0.0,0.967741935483871,0.5432511974147383,0.24610854647408595,0.03225806451612903,1.0,0.32084944313001323,0.2649599226001417,0.0,1.0,21,0.148479427549195,3.524150268336315,8
227,1112,1251,13.753459132247277,128.50539568345323,7,13,12,1,822,0.7352415026833632,296,976,0.8729874776386404,0.927007299270073,762,214,0.927007299270073,0.722972972972973,0.8729874776386404,180,953,5.294444444444444,0.006261180679785331,0.011627906976744186,0.01073345259391771,0.0008944543828264759,0.5217277790670689,0.3393769227825713,0.0,1.0,0.337868414945463,0.2378970673609956,0.0,0.967741935483871,0.5437166395915526,0.24596263390828718,0.03225806451612903,1.0,0.32025992109538176,0.2647413213627838,0.0,1.0,21,0.1474820143884892,3.54136690647482,8
228,1105,1264,13.793579462778297,128.30588235294118,7,14,11,3,849,0.7634892086330936,263,990,0.8902877697841727,0.9399293286219081,798,192,0.9399293286219081,0.7300380228136882,0.8902877697841727,169,972,5.7514792899408285,0.006294964028776978,0.012589928057553957,0.009892086330935251,0.002697841726618705,0.5209458473215589,0.33943748149547087,0.0,1.0,0.339454094292804,0.2389105135694421,0.0,0.967741935483871,0.5445044519048313,0.245595325704299,0.03225806451612903,1.0,0.3210042329586921,0.26520439964988796,0.0,1.0,21,0.14660633484162897,3.5475113122171944,8
229,1101,1271,13.844657495762219,127.90463215258856,7,11,10,1,837,0.7574660633484163,268,962,0.8705882352941177,0.9080047789725209,760,202,0.9080047789725209,0.753731343283582,0.8705882352941177,164,933,5.689024390243903,0.006334841628959276,0.009954751131221719,0.00904977375565611,0.0009049773755656109,0.5188538278983915,0.33932285632742015,0.0,1.0,0.34095104157510764,0.23888614704565816,0.0,0.967741935483871,0.5468635551258387,0.24492173987270432,0.03225806451612903,1.0,0.31991444727666934,0.26524445162022386,0.0,1.0,21,0.14350590372388738,3.5631244323342415,8
230,1094,1272,14.013376286536706,127.77787934186472,4,11,11,0,832,0.7556766575840145,269,972,0.8828337874659401,0.9206730769230769,766,206,0.9206730769230769,0.7657992565055762,0.8828337874659401,184,957,5.201086956521739,0.0036330608537693005,0.009990917347865577,0.009990917347865577,0.0,0.5189007489532346,0.33872992862392315,0.0,1.0,0.34151088046234596,0.23925854931110696,0.0,0.967741935483871,0.5472371292091761,0.2447383583933895,0.03225806451612903,1.0,0.32010379194432975,0.2646006016155389,0.0,1.0,21,0.1425959780621572,3.574040219378428,8
231,1092,1282,14.002604842946763,127.03846153846153,9,11,11,0,849,0.7760511882998172,245,925,0.8455210237659964,0.9057714958775029,769,156,0.9057714958775029,0.636734693877551,0.8455210237659964,163,898,5.50920245398773,0.008226691042047532,0.010054844606946984,0.010054844606946984,0.0,0.5185513411319863,0.33819844395052884,0.0,1.0,0.3435247548150774,0.24021537762396608,0.0,0.967741935483871,0.5480621529008626,0.24488316016355272,0.03225806451612903,1.0,0.32110362755524047,0.2651595254831933,0.0,1.0,21,0.14285714285714285,3.587912087912088,8
232,1090,1290,14.026488160827524,126.31467889908257,10,12,11,1,839,0.7683150183150184,253,962,0.8809523809523809,0.9201430274135876,772,190,0.9201430274135876,0.7509881422924901,0.8809523809523809,172,942,5.476744186046512,0.009157509157509158,0.01098901098901099,0.010073260073260074,0.0009157509157509158,0.5190884877182598,0.3379567523075971,0.0,1.0,0.34234980763539513,0.23995464162824007,0.0,0.967741935483871,0.5475880437999409,0.24534410714681035,0.03225806451612903,1.0,0.32231429416987273,0.26595104792567736,0.0,1.0,21,0.14311926605504588,3.5871559633027523,8
233,1090,1296,14.073540348521945,125.9908256880734,8,8,7,1,851,0.7807339449541284,239,930,0.8532110091743119,0.8977673325499412,764,166,0.8977673325499412,0.694560669456067,0.8532110091743119,166,902,5.433734939759036,0.007339449541284404,0.007339449541284404,0.006422018348623854,0.0009174311926605505,0.518970109499852,0.3377232284289125,0.0,1.0,0.3442438591299201,0.24110129115896525,0.0,0.967741935483871,0.5483870967741935,0.24617087803857604,0.03225806451612903,1.0,0.32169280852323173,0.26592277569991174,0.0,1.0,21,0.14220183486238533,3.5926605504587155,8
234,1096,1307,14.015063673842866,125.17609489051095,14,8,6,2,822,0.7541284403669725,268,908,0.8330275229357799,0.8965936739659367,737,171,0.8965936739659367,0.6380597014925373,0.8330275229357799,165,884,5.357575757575757,0.012844036697247707,0.007339449541284404,0.005504587155963303,0.001834862385321101,0.5193960442665411,0.3366173704151101,0.0,1.0,0.34377207440546265,0.2409268025992641,0.0,0.967741935483871,0.5490051801271486,0.2460149696381557,0.03225806451612903,1.0,0.3211384506710619,0.26650747846542583,0.0,1.0,21,0.14233576642335766,3.6094890510948905,8
235,1093,1317,14.06955640178889,124.59194876486734,9,12,9,3,837,0.7636861313868614,259,951,0.8677007299270073,0.9259259259259259,775,176,0.9259259259259259,0.6795366795366795,0.8677007299270073,160,921,5.75625,0.008211678832116789,0.010948905109489052,0.008211678832116789,0.002737226277372263,0.5201723578195555,0.33762942262537465,0.0,1.0,0.3421774931381519,0.24007760607255746,0.0,0.967741935483871,0.5489773632795206,0.24591728524947432,0.03225806451612903,1.0,0.32175427205383234,0.26727662998489315,0.0,1.0,20,0.14272644098810613,3.6203110704483072,8
236,1095,1326,14.007410427951983,123.82100456621005,14,12,8,4,855,0.7822506861848124,238,973,0.8902104300091491,0.9345029239766082,799,174,0.9345029239766082,0.7310924369747899,0.8902104300091491,160,942,5.8875,0.012808783165599268,0.010978956999085087,0.007319304666056725,0.0036596523330283625,0.5216968625718074,0.3378087437716101,0.0,1.0,0.3416998085137723,0.2410275920457066,0.0,0.967741935483871,0.5475033141847105,0.24714560447595363,0.03225806451612903,1.0,0.3200176756517897,0.26613197848944353,0.0,1.0,20,0.14520547945205478,3.625570776255708,8
237,1092,1327,14.150255243147958,124.00457875457876,4,7,6,1,855,0.7808219178082192,240,969,0.8849315068493151,0.9298245614035088,795,174,0.9298245614035088,0.725,0.8849315068493151,169,939,5.556213017751479,0.0036529680365296802,0.006392694063926941,0.005479452054794521,0.0009132420091324201,0.5207373271889401,0.33825461106303406,0.0,1.0,0.34163417227933357,0.2409112684113668,0.0,0.967741935483871,0.5476190476190477,0.2472040096915455,0.03225806451612903,1.0,0.32098546614675644,0.2669460988566261,0.0,1.0,20,0.14560439560439561,3.630952380952381,8
238,1093,1332,14.069594710749477,122.6779505946935,13,12,12,0,840,0.7692307692307693,252,974,0.891941391941392,0.9214285714285714,774,200,0.9214285714285714,0.7936507936507936,0.891941391941392,173,952,5.502890173410405,0.011904761904761904,0.01098901098901099,0.01098901098901099,0.0,0.5218251040344716,0.33812969430893575,0.0,1.0,0.3399344804179087,0.24008366499826705,0.0,0.967741935483871,0.5476492636425346,0.24676133790217028,0.03225806451612903,1.0,0.31933417938199093,0.26630894379509173,0.0,1.0,20,0.1454711802378774,3.6541628545288196,8
239,1100,1339,14.025007564494336,121.75636363636363,14,7,5,2,838,0.7666971637694419,255,950,0.869167429094236,0.9140811455847255,766,184,0.9140811455847255,0.7215686274509804,0.869167429094236,165,922,5.587878787878788,0.012808783165599268,0.006404391582799634,0.004574565416285453,0.0018298261665141812,0.5193255131964809,0.33726714056447876,0.0,1.0,0.33997067448680357,0.2405047019796208,0.0,0.967741935483871,0.550058651026393,0.24658109932198818,0.03225806451612903,1.0,0.31856304985337247,0.2657078107421093,0.0,1.0,20,0.14636363636363636,3.6645454545454546,8
240,1101,1343,14.029100810533228,120.8219800181653,11,10,10,0,866,0.7872727272727272,234,947,0.860909090909091,0.9087759815242494,787,160,0.9087759815242494,0.6837606837606838,0.860909090909091,167,918,5.497005988023952,0.01,0.00909090909090909,0.00909090909090909,0.0,0.5196741964782748,0.3368215461990934,0.0,1.0,0.34095104157510764,0.24179223754360366,0.0,0.967741935483871,0.5507603058802848,0.24645182626326567,0.03225806451612903,1.0,0.3201195394216401,0.26605582610024886,0.0,1.0,20,0.14713896457765668,3.681198910081744,8
241,1099,1343,14.022081506314777,119.70427661510465,12,14,12,2,837,0.7602179836512262,264,947,0.860127157129882,0.9091995221027479,761,186,0.9091995221027479,0.7045454545454546,0.860127157129882,167,914,5.473053892215569,0.010899182561307902,0.012715712988192553,0.010899182561307902,0.0018165304268846503,0.5184772080190202,0.3375411586763634,0.0,1.0,0.34069095071766126,0.24135920915344267,0.0,0.967741935483871,0.5523789955678182,0.24571859995470105,0.03225806451612903,1.0,0.31632862719774574,0.2641739867448611,0.0,1.0,20,0.1510464058234759,3.694267515923567,8
242,1097,1344,14.047776845958632,118.84867821330903,9,11,11,0,841,0.7652411282984531,258,959,0.8726114649681529,0.9120095124851367,767,192,0.9120095124851367,0.7441860465116279,0.8726114649681529,170,930,5.470588235294118,0.00818926296633303,0.010009099181073703,0.010009099181073703,0.0,0.5187755462110742,0.3380205554176854,0.0,1.0,0.33981239156644216,0.24098226877444123,0.0,0.967741935483871,0.5515923192283941,0.24584411804680573,0.03225806451612903,1.0,0.31578792601523215,0.26316805922644054,0.0,1.0,20,0.1504102096627165,3.7037374658158613,8
243,1095,1349,14.06996830928432,118.19634703196347,8,10,10,0,833,0.7593436645396536,264,969,0.8833181403828624,0.929171668667467,774,195,0.929171668667467,0.7386363636363636,0.8833181403828624,171,945,5.526315789473684,0.007292616226071103,0.009115770282588878,0.009115770282588878,0.0,0.5174252467226396,0.3368478904180354,0.0,1.0,0.34043305346884667,0.2411542838312553,0.0,0.967741935483871,0.5532184415967005,0.24534773910938232,0.03225806451612903,1.0,0.3144793047576963,0.26273201367153787,0.0,1.0,20,0.1506849315068493,3.721461187214612,9
244,1096,1355,14.00906892785439,117.17883211678833,13,12,10,2,833,0.7607305936073059,262,931,0.8502283105022831,0.9027611044417767,752,179,0.9027611044417767,0.683206106870229,0.8502283105022831,172,909,5.284883720930233,0.011872146118721462,0.010958904109589041,0.0091324200913242,0.0018264840182648401,0.5183364728043325,0.33636075948539546,0.0,1.0,0.3410348481280904,0.24206162957528213,0.0,0.967741935483871,0.5543913350600423,0.24494251899813993,0.03225806451612903,1.0,0.31407464092300447,0.26354478511284796,0.0,1.0,20,0.15054744525547445,3.738138686131387,9
245,1093,1366,14.060892805682082,116.74290942360476,7,10,9,1,839,0.7655109489051095,257,954,0.8704379562043796,0.9117997616209773,765,189,0.9117997616209773,0.7354085603112841,0.8704379562043796,171,936,5.473684210526316,0.006386861313868613,0.009124087591240875,0.008211678832116789,0.0009124087591240876,0.519139391435233,0.33632508297898805,0.0,1.0,0.33837027417879173,0.24104426945704616,0.0,0.8709677419354839,0.5547324617064605,0.24518270235880665,0.03225806451612903,1.0,0.3143464274119765,0.26341692527778665,0.0,1.0,20,0.15096065873741996,3.743824336688015,9
246,1083,1377,14.165125371824594,116.3111726685134,5,15,13,2,836,0.7648673376029277,257,931,0.8517840805123513,0.8983253588516746,751,180,0.8983253588516746,0.7003891050583657,0.8517840805123513,170,912,5.364705882352941,0.004574565416285453,0.013723696248856358,0.011893870082342177,0.0018298261665141812,0.5200309772734043,0.33632466000988387,0.0,1.0,0.33875435617907246,0.24177656974219516,0.0,0.8709677419354839,0.554016620498615,0.24561928349456497,0.03225806451612903,1.0,0.3135257498585173,0.2630513807966519,0.0,1.0,20,0.15143120960295475,3.752539242843952,9
247,1077,1386,14.306774769156478,116.5506035283194,3,9,8,1,815,0.752539242843952,268,953,0.8799630655586335,0.9374233128834356,764,189,0.9374233128834356,0.7052238805970149,0.8799630655586335,166,928,5.590361445783133,0.002770083102493075,0.008310249307479225,0.007386888273314866,0.0009233610341643582,0.5202324257944708,0.3368824295794995,0.0,1.0,0.3391739299727439,0.24233805411713755,0.0,0.8709677419354839,0.5554257645191243,0.24576392683730883,0.03225806451612903,1.0,0.3126067032078354,0.26220588815027446,0.0,1.0,20,0.1532033426183844,3.7493036211699162,9
248,1086,1389,14.28369877080112,115.3987108655617,15,6,5,1,798,0.7409470752089137,279,941,0.8737233054781801,0.9223057644110275,736,205,0.9223057644110275,0.7347670250896058,0.8737233054781801,173,917,5.300578034682081,0.013927576601671309,0.005571030640668524,0.004642525533890436,0.0009285051067780873,0.5200796055367433,0.33729397768139663,0.0,1.0,0.34108596209825937,0.24358948039945494,0.0,0.8709677419354839,0.5548624725242084,0.24598628533494557,0.03225806451612903,1.0,0.31301609932869956,0.2624430405840404,0.0,1.0,20,0.15285451197053407,3.7596685082872927,9
249,1086,1395,14.291465227451999,114.39318600368324,11,11,10,1,792,0.7292817679558011,294,941,0.8664825046040515,0.9154040404040404,725,216,0.9154040404040404,0.7346938775510204,0.8664825046040515,170,917,5.394117647058824,0.010128913443830571,0.010128913443830571,0.009208103130755065,0.0009208103130755065,0.5174953959484346,0.3372646307929783,0.0,1.0,0.34191766173587596,0.24422422758429976,0.0,0.8709677419354839,0.5574169785540308,0.2452111997158608,0.03225806451612903,1.0,0.3122438068080556,0.26288801129074274,0.0,1.0,20,0.15561694290976058,3.779926335174954,9
250,1082,1399,14.343421166558278,113.34103512014788,9,13,11,2,857,0.7891344383057091,229,980,0.9023941068139963,0.94049008168028,806,174,0.94049008168028,0.759825327510917,0.9023941068139963,178,962,5.404494382022472,0.008287292817679558,0.011970534069981584,0.010128913443830571,0.001841620626151013,0.5167252996243515,0.33662074412782517,0.0,1.0,0.34020034583507247,0.24357500930335912,0.0,0.8709677419354839,0.5573609206368135,0.24566866202589116,0.03225806451612903,1.0,0.3118776459364379,0.26275089814025737,0.0,1.0,20,0.1589648798521257,3.7929759704251387,9
251,1079,1409,14.318423074831301,112.35773864689527,11,14,11,3,841,0.777264325323475,241,970,0.8964879852125693,0.929845422116528,782,188,0.929845422116528,0.7800829875518672,0.8964879852125693,168,948,5.642857142857143,0.010166358595194085,0.012939001848428836,0.010166358595194085,0.0027726432532347504,0.5145146342192591,0.33669858975951666,0.0,1.0,0.3420431104068881,0.244903866363854,0.0,0.8709677419354839,0.5579837962270919,0.24566519954298668,0.03225806451612903,1.0,0.31116027384974143,0.26264794272001923,0.0,1.0,20,0.15848007414272475,3.7979610750695088,9
252,1078,1416,14.217125534355013,110.35343228200371,15,16,16,0,823,0.76274328081557,256,968,0.897126969416126,0.93681652490887,771,197,0.93681652490887,0.76953125,0.897126969416126,165,940,5.696969696969697,0.013901760889712697,0.014828544949026877,0.014828544949026877,0.0,0.5147226045843557,0.3369946102766482,0.0,1.0,0.34116344485008077,0.24496824890743701,0.0,0.8709677419354839,0.5555090071219104,0.24586148546436706,0.03225806451612903,1.0,0.3105511999521216,0.26081056081617743,0.0,1.0,20,0.15769944341372913,3.8135435992578848,9
253,1079,1422,14.217270650247103,109.53660797034291,10,9,9,0,868,0.8051948051948052,210,931,0.8636363636363636,0.9147465437788018,794,137,0.9147465437788018,0.6523809523809524,0.8636363636363636,171,908,5.309941520467836,0.00927643784786642,0.008348794063079777,0.008348794063079777,0.0,0.5168764387575114,0.33702084238714924,0.0,1.0,0.3417441478071093,0.2450061780834731,0.0,0.8709677419354839,0.5553828216090168,0.24635074053731426,0.03225806451612903,1.0,0.3113695476695865,0.2617318992040434,0.0,1.0,20,0.1566265060240964,3.821130676552363,9
254,1076,1427,14.270262361644184,108.76765799256506,8,11,10,1,829,0.768303985171455,250,935,0.8665430954587581,0.9155609167671894,759,176,0.9155609167671894,0.704,0.8665430954587581,170,910,5.352941176470588,0.0074142724745134385,0.010194624652455977,0.009267840593141797,0.0009267840593141798,0.5174481352680177,0.33726930753484563,0.0,1.0,0.34215733301355084,0.2444283550931804,0.0,0.8709677419354839,0.5551325098932727,0.2463029671810725,0.03225806451612903,1.0,0.3117580045569013,0.2625448333392365,0.0,1.0,20,0.15613382899628253,3.83271375464684,9
255,1071,1431,14.178482346756653,107.01307189542484,12,17,16,1,828,0.7695167286245354,248,937,0.870817843866171,0.9118357487922706,755,182,0.9118357487922706,0.7338709677419355,0.870817843866171,168,909,5.410714285714286,0.011152416356877323,0.015799256505576207,0.01486988847583643,0.0009293680297397769,0.5149242492696003,0.3361451924798472,0.0,1.0,0.3408933465859462,0.2441404141902647,0.0,0.8709677419354839,0.5537483810728592,0.2455759881835021,0.03225806451612903,1.0,0.30977982590885816,0.26021354007557085,0.0,1.0,20,0.1568627450980392,3.854341736694678,9
256,1075,1432,14.191442963741837,105.9860465116279,14,10,8,2,798,0.7450980392156863,273,932,0.8702147525676938,0.9260651629072681,739,193,0.9260651629072681,0.706959706959707,0.8702147525676938,170,903,5.311764705882353,0.013071895424836602,0.009337068160597572,0.007469654528478058,0.0018674136321195146,0.5127081770442611,0.33686873078152463,0.0,1.0,0.34151537884471117,0.24441909543510154,0.0,0.8709677419354839,0.5526481620405101,0.24573164355923033,0.03225806451612903,1.0,0.30979744936234055,0.2595776813885426,0.0,1.0,20,0.15813953488372093,3.870697674418605,9
257,1074,1443,14.292857323992926,106.07262569832402,5,6,5,1,811,0.7544186046511628,264,922,0.8576744186046512,0.9186189889025894,745,177,0.9186189889025894,0.6704545454545454,0.8576744186046512,169,902,5.337278106508876,0.004651162790697674,0.005581395348837209,0.004651162790697674,0.0009302325581395349,0.511863999519433,0.3369814130774577,0.0,1.0,0.3409022646723133,0.24409051654250055,0.0,0.8709677419354839,0.5532528383492522,0.24559035103675217,0.03225806451612903,1.0,0.3089145191325764,0.2589906477663793,0.0,1.0,20,0.15921787709497207,3.876163873370577,9
258,1077,1448,14.192843611353007,104.1652739090065,16,13,13,0,804,0.7486033519553073,270,923,0.8594040968342644,0.917910447761194,738,185,0.917910447761194,0.6851851851851852,0.8594040968342644,169,897,5.3076923076923075,0.0148975791433892,0.012104283054003724,0.012104283054003724,0.0,0.5137628418246624,0.3374693356708886,0.0,1.0,0.340162338634798,0.24416919132027026,0.0,0.8709677419354839,0.5516817923143739,0.24628436307221074,0.03225806451612903,1.0,0.3090723934465511,0.25813964883468377,0.0,1.0,20,0.15970287836583102,3.895078922934076,9
259,1069,1452,14.257602764436617,102.79700654817587,8,16,15,1,845,0.7845868152274837,232,925,0.8588672237697307,0.9112426035502958,770,155,0.9112426035502958,0.6681034482758621,0.8588672237697307,174,903,5.189655172413793,0.007428040854224698,0.014856081708449397,0.013927576601671309,0.0009285051067780873,0.5131717915447057,0.33828085882926556,0.0,1.0,0.3402939135157971,0.24393377279132414,0.0,0.8709677419354839,0.5533359485802227,0.24599645569490944,0.03225806451612903,1.0,0.30722109900721206,0.2578204315854712,0.0,1.0,20,0.16089803554724041,3.91955098222638,9
260,1071,1456,14.21909438472257,101.3202614379085,13,11,11,0,797,0.7455565949485501,272,966,0.9036482694106641,0.946047678795483,754,212,0.946047678795483,0.7794117647058824,0.9036482694106641,170,940,5.529411764705882,0.01216089803554724,0.01028999064546305,0.01028999064546305,0.0,0.5140507816029637,0.33876532897635286,0.0,1.0,0.34032107466642575,0.24410904298206332,0.0,0.8709677419354839,0.5514894129694888,0.247767316012906,0.03225806451612903,1.0,0.3084244450468359,0.2590748275620571,0.0,1.0,20,0.16059757236227826,3.9355742296918765,9
261,1070,1459,14.244497752567097,100.12056074766355,10,11,11,0,836,0.780578898225957,235,945,0.8823529411764706,0.9318181818181818,779,166,0.9318181818181818,0.7063829787234043,0.8823529411764706,171,919,5.374269005847953,0.009337068160597572,0.01027077497665733,0.01027077497665733,0.0,0.5148628278564968,0.3374826697852341,0.0,1.0,0.3398251432016883,0.24486959735059174,0.0,0.8709677419354839,0.5528791076273741,0.24745733805888417,0.03225806451612903,1.0,0.30883328308712693,0.2593457554046183,0.0,1.0,20,0.16261682242990655,3.944859813084112,9
262,1065,1464,14.233009991672263,99.05539906103286,9,14,12,2,819,0.7654205607476635,251,923,0.8626168224299066,0.9010989010989011,738,185,0.9010989010989011,0.7370517928286853,0.8626168224299066,171,899,5.257309941520468,0.008411214953271028,0.013084112149532711,0.011214953271028037,0.001869158878504673,0.5118582462517037,0.33695713915583275,0.0,1.0,0.3412691200969256,0.24567317361127705,0.0,0.8709677419354839,0.5539300318037256,0.24674467941003864,0.03225806451612903,1.0,0.3076480387702559,0.25872772755955253,0.0,1.0,20,0.16338028169014085,3.96056338028169,9
263,1057,1475,14.223628979254071,97.73320719016083,8,16,14,2,789,0.7408450704225352,276,900,0.8450704225352113,0.8859315589353612,699,201,0.8859315589353612,0.7282608695652174,0.8450704225352113,167,878,5.25748502994012,0.007511737089201878,0.015023474178403756,0.013145539906103286,0.0018779342723004694,0.5090792565691092,0.3369499526519612,0.0,1.0,0.3413495284890286,0.24540381508096756,0.0,0.8709677419354839,0.555528427991577,0.24623087318044048,0.03225806451612903,1.0,0.3051545762504959,0.25692239167006775,0.0,1.0,20,0.16556291390728478,3.9820245979186377,9
264,1066,1482,14.02991773083805,95.55534709193246,20,11,11,0,828,0.783349101229896,229,930,0.879848628192999,0.9202898550724637,762,168,0.9202898550724637,0.7336244541484717,0.879848628192999,174,911,5.235632183908046,0.01892147587511826,0.010406811731315043,0.010406811731315043,0.0,0.5093506021908855,0.3366694715154932,0.0,1.0,0.34140289293711795,0.2452228184719456,0.0,0.8709677419354839,0.5569811777522242,0.2461828104030102,0.03225806451612903,1.0,0.30215457241421045,0.25679342676740663,0.0,1.0,20,0.1651031894934334,4.014071294559099,9
265,1063,1490,14.011299752991713,93.83160865475071,13,16,14,2,794,0.7448405253283302,272,938,0.8799249530956847,0.9256926952141058,735,203,0.9256926952141058,0.7463235294117647,0.8799249530956847,160,906,5.6625,0.012195121951219513,0.0150093808630394,0.013133208255159476,0.001876172607879925,0.5104542833732892,0.3366054253521299,0.0,1.0,0.34097047309804873,0.2456392743208752,0.0,0.8709677419354839,0.554911540679149,0.2469290438931197,0.03225806451612903,1.0,0.3015810396625497,0.25519126299048145,0.0,1.0,20,0.16462841015992474,4.02728127939793,9
266,1072,1493,13.958735042078171,93.00466417910448,16,7,5,2,811,0.7629350893697083,252,942,0.8861712135465664,0.935881627620222,759,183,0.935881627620222,0.7261904761904762,0.8861712135465664,176,921,5.232954545454546,0.015051740357478834,0.00658513640639699,0.004703668861712135,0.0018814675446848542,0.5115250361097737,0.3363011946598202,0.0,1.0,0.3393115069812229,0.24648590784181304,0.0,0.8709677419354839,0.5541947520462205,0.2477911426989063,0.03225806451612903,1.0,0.3016068849301878,0.2550639152781278,0.0,1.0,20,0.166044776119403,4.038246268656716,9
267,1077,1500,13.929252235781226,92.0724233983287,12,7,7,0,815,0.7602611940298507,257,917,0.855410447761194,0.9042944785276074,737,180,0.9042944785276074,0.7003891050583657,0.855410447761194,164,888,5.414634146341464,0.011194029850746268,0.0065298507462686565,0.0065298507462686565,0.0,0.510977326504328,0.33681496437931235,0.0,1.0,0.33971306197022794,0.24667918208946824,0.0,0.8709677419354839,0.5546769700781742,0.24792713073203942,0.03225806451612903,1.0,0.3023032917003624,0.25529302044213426,0.0,1.0,20,0.16620241411327763,4.049210770659239,9
268,1075,1509,13.88234993164949,90.3246511627907,13,15,13,2,798,0.7409470752089137,279,934,0.8672237697307336,0.9210526315789473,735,199,0.9210526315789473,0.7132616487455197,0.8672237697307336,168,911,5.4226190476190474,0.012070566388115135,0.013927576601671309,0.012070566388115135,0.0018570102135561746,0.5125581395348837,0.3365236166961958,0.0,1.0,0.3380945236309077,0.24658323188107661,0.0,0.8709677419354839,0.5548387096774194,0.2480268429274826,0.03225806451612903,1.0,0.3023255813953488,0.2557797637711434,0.0,1.0,20,0.1655813953488372,4.0669767441860465,9
269,1078,1512,13.84356491841323,89.21428571428571,13,10,9,1,834,0.7758139534883721,241,944,0.878139534883721,0.9268585131894485,773,171,0.9268585131894485,0.7095435684647303,0.878139534883721,172,919,5.343023255813954,0.012093023255813953,0.009302325581395349,0.008372093023255815,0.0009302325581395349,0.5132862529175893,0.3357343161398972,0.0,1.0,0.3389490693638159,0.24638308336673856,0.0,0.8709677419354839,0.5550900712191035,0.2478284726861914,0.0,1.0,0.3024717218265605,0.255476374196791,0.0,1.0,20,0.16512059369202226,4.086270871985158,9
270,1075,1520,13.800206901974803,87.71069767441861,11,14,13,1,839,0.7782931354359925,239,954,0.8849721706864564,0.932061978545888,782,172,0.932061978545888,0.7196652719665272,0.8849721706864564,166,928,5.590361445783133,0.01020408163265306,0.012987012987012988,0.012059369202226345,0.0009276437847866419,0.5139384846211553,0.33792183985054275,0.0,1.0,0.3394748687171793,0.24644145004100343,0.0,0.8709677419354839,0.5548687171792949,0.24883845365612806,0.0,1.0,0.30259564891222807,0.25538251827220887,0.0,1.0,20,0.16744186046511628,4.105116279069767,9
271,1069,1526,13.825797490833768,86.5154349859682,9,15,12,3,814,0.7572093023255814,261,930,0.8651162790697674,0.9176904176904177,747,183,0.9176904176904177,0.7011494252873564,0.8651162790697674,168,904,5.380952380952381,0.008372093023255815,0.013953488372093023,0.011162790697674419,0.0027906976744186047,0.5123872174778962,0.3385607285795579,0.0,1.0,0.3404749690696762,0.24712795712186617,0.0,0.8709677419354839,0.5547240411599625,0.24896982064859532,0.0,1.0,0.3006729231419174,0.25395607241737583,0.0,1.0,20,0.16931711880261927,4.12067352666043,9
272,1083,1530,13.73336056390176,85.51523545706371,18,4,4,0,817,0.764265668849392,252,947,0.8858746492048644,0.9290085679314566,759,188,0.9290085679314566,0.746031746031746,0.8858746492048644,169,920,5.443786982248521,0.01683816651075772,0.0037418147801683817,0.0037418147801683817,0.0,0.5134185208351949,0.3400185815145589,0.0,1.0,0.3404819348881542,0.24740728170852488,0.0,0.8709677419354839,0.5536889762606857,0.24999818734058352,0.0,1.0,0.29997319274416945,0.25361613979178693,0.0,1.0,20,0.17082179132040629,4.132963988919667,9
273,1086,1531,13.773001097997174,84.81307550644567,13,10,6,4,826,0.76269621421976,257,938,0.866112650046168,0.9225181598062954,762,176,0.9225181598062954,0.6848249027237354,0.866112650046168,175,914,5.222857142857142,0.012003693444136657,0.009233610341643583,0.00554016620498615,0.003693444136657433,0.5135448226697559,0.3395862555417229,0.0,1.0,0.34075922295491,0.24761471438959706,0.0,0.8709677419354839,0.553466405275352,0.24969357730999808,0.0,1.0,0.29831283787797774,0.2529387002123965,0.0,1.0,20,0.1694290976058932,4.150092081031308,9
274,1077,1544,13.770705581329462,83.33704735376044,9,18,16,2,822,0.7569060773480663,264,943,0.8683241252302025,0.9136253041362531,751,192,0.9136253041362531,0.7272727272727273,0.8683241252302025,163,919,5.638036809815951,0.008287292817679558,0.016574585635359115,0.014732965009208104,0.001841620626151013,0.5130439991613502,0.3398315808298376,0.0,1.0,0.3410309401863001,0.2479244422179307,0.0,0.8709677419354839,0.5523407314224099,0.2500280356629314,0.0,1.0,0.297451103723006,0.2518714419307819,0.0,1.0,20,0.17084493964716807,4.1717734447539465,9
275,1067,1548,13.778579850172754,81.53139643861293,8,18,17,1,823,0.7641597028783659,254,945,0.8774373259052924,0.9270959902794653,763,182,0.9270959902794653,0.7165354330708661,0.8774373259052924,170,919,5.405882352941177,0.007428040854224698,0.016713091922005572,0.015784586815227482,0.0009285051067780873,0.5105360220092512,0.33967024701072984,0.0,1.0,0.3410526952262902,0.2482195658390506,0.0,0.8709677419354839,0.5520754602896272,0.24948720526986118,0.0,1.0,0.29564349850349186,0.2511215118814223,0.0,1.0,20,0.1733833177132146,4.1930646672914715,9
276,1072,1559,13.786793125926854,81.3125,9,4,4,0,817,0.7656982193064668,250,898,0.8416119962511716,0.8935128518971848,730,168,0.8935128518971848,0.672,0.8416119962511716,163,872,5.3496932515337425,0.008434864104967198,0.0037488284910965324,0.0037488284910965324,0.0,0.5108630235917188,0.3399232447957042,0.0,1.0,0.3410267212325469,0.2485855220423862,0.0,0.8709677419354839,0.5500421280693307,0.2497264608711988,0.0,1.0,0.294174289841117,0.2482851486258887,0.0,1.0,20,0.17257462686567165,4.204291044776119,9
277,1076,1566,13.789499583898385,80.68587360594796,11,7,6,1,809,0.7546641791044776,263,951,0.8871268656716418,0.9493201483312732,768,183,0.9493201483312732,0.6958174904942965,0.8871268656716418,167,925,5.538922155688622,0.010261194029850746,0.0065298507462686565,0.005597014925373134,0.0009328358208955224,0.5127713155054563,0.3394018447531657,0.0,1.0,0.3397889435184075,0.24802816355205776,0.0,0.8709677419354839,0.5500659551504976,0.24967840298995572,0.0,1.0,0.29353039932845665,0.24765857435660776,0.0,1.0,20,0.17286245353159851,4.219330855018588,9
278,1072,1575,13.737027131213436,78.76399253731343,12,16,15,1,779,0.7239776951672863,297,935,0.8689591078066915,0.926829268292683,722,213,0.926829268292683,0.7171717171717171,0.8689591078066915,163,907,5.564417177914111,0.011152416356877323,0.01486988847583643,0.013940520446096654,0.0009293680297397769,0.5127286952335098,0.33927819950286736,0.0,1.0,0.341478093403948,0.2482331223028618,0.0,0.8709677419354839,0.5497111218103032,0.250549185625487,0.0,1.0,0.2924289841116996,0.2459414555842749,0.0,1.0,20,0.16884328358208955,4.244402985074627,9
279,1081,1579,13.683819149382042,77.96392229417206,15,6,6,0,773,0.7210820895522388,299,905,0.8442164179104478,0.9133247089262613,706,199,0.9133247089262613,0.6655518394648829,0.8442164179104478,175,884,5.051428571428572,0.013992537313432836,0.005597014925373134,0.005597014925373134,0.0,0.5135627107516935,0.3394916140026406,0.0,1.0,0.34084330518337264,0.2485595540393653,0.0,0.8709677419354839,0.5502073945868521,0.25168083542183667,0.0,1.0,0.2920533556145743,0.2453307127897941,0.0,1.0,20,0.1683626271970398,4.25531914893617,9
280,1085,1577,13.784250733930616,77.7889400921659,9,5,4,1,813,0.7520814061054579,268,952,0.8806660499537465,0.923739237392374,751,201,0.923739237392374,0.75,0.8806660499537465,177,927,5.237288135593221,0.008325624421831638,0.004625346901017576,0.0037002775208140612,0.0009250693802035153,0.5142262524156385,0.3389035453371519,0.0,1.0,0.33997324215846586,0.2480546895577591,0.0,0.8709677419354839,0.5497844507209751,0.2516158840303619,0.0,1.0,0.2920469748773599,0.24510514629276522,0.0,1.0,20,0.16682027649769585,4.269124423963134,9
281,1083,1592,13.839249737285813,77.43490304709141,10,12,7,5,788,0.7262672811059908,297,924,0.8516129032258064,0.9086294416243654,716,208,0.9086294416243654,0.7003367003367004,0.8516129032258064,165,904,5.4787878787878785,0.009216589861751152,0.011059907834101382,0.0064516129032258064,0.004608294930875576,0.5123462306019718,0.3384221320947915,0.0,1.0,0.340988294164954,0.24856164286343124,0.0,0.8709677419354839,0.5487445268519345,0.2511086105486615,0.0,1.0,0.29106722664045515,0.2433406169994026,0.0,1.0,19,0.16528162511542013,4.278855032317636,9
282,1089,1591,13.761205055300039,76.0532598714417,16,10,10,0,825,0.7617728531855956,258,973,0.8984302862419206,0.936969696969697,773,200,0.936969696969697,0.7751937984496124,0.8984302862419206,171,943,5.514619883040936,0.014773776546629732,0.009233610341643583,0.009233610341643583,0.0,0.5097899819307443,0.3390447968156344,0.0,1.0,0.33979087058265944,0.2480911198120584,0.0,0.8709677419354839,0.5481797446606831,0.2508564023625769,0.0,1.0,0.2873604075950117,0.2416995151742784,0.0,1.0,19,0.16988062442607896,4.313131313131313,9
283,1095,1595,13.783711367512767,75.75981735159817,11,5,4,1,821,0.7539026629935721,268,958,0.8797061524334252,0.9183922046285018,754,204,0.9183922046285018,0.7611940298507462,0.8797061524334252,175,937,5.354285714285714,0.010101010101010102,0.004591368227731864,0.0036730945821854912,0.0009182736455463728,0.5084990425688614,0.3394299502550342,0.0,1.0,0.3401973781116512,0.24784872780486442,0.0,0.8709677419354839,0.5478862866401532,0.2506686871025791,0.0,1.0,0.2879952864928561,0.2420838165727012,0.0,1.0,19,0.1689497716894977,4.323287671232877,9
284,1094,1597,13.817043177978675,74.69012797074954,11,12,10,2,805,0.7351598173515982,290,972,0.8876712328767123,0.9304347826086956,749,223,0.9304347826086956,0.7689655172413793,0.8876712328767123,171,945,5.526315789473684,0.01004566210045662,0.010958904109589041,0.0091324200913242,0.0018264840182648401,0.5085215545202572,0.3394161291719749,0.0,1.0,0.3395942678539836,0.248002744184429,0.0,0.8709677419354839,0.5477383971221325,0.25096298160152947,0.0,1.0,0.2881995636020523,0.24174622824320674,0.0,1.0,19,0.16727605118829983,4.3327239488117,9
285,1098,1597,13.865678082652448,74.61384335154827,9,5,4,1,845,0.7723948811700183,249,953,0.8711151736745887,0.9301775147928995,786,167,0.9301775147928995,0.6706827309236948,0.8711151736745887,177,930,5.254237288135593,0.008226691042047532,0.004570383912248629,0.003656307129798903,0.0009140767824497258,0.5076091427228392,0.34003738972999037,0.0,1.0,0.3399142135260591,0.2476736312167498,0.0,0.8709677419354839,0.5478876549738528,0.2510744984102255,0.0,1.0,0.2878253716434573,0.24138629689545438,0.0,1.0,19,0.16757741347905283,4.341530054644808,9
286,1098,1608,13.878456370274673,74.09927140255009,9,9,7,2,817,0.74408014571949,281,964,0.8779599271402551,0.9204406364749081,752,212,0.9204406364749081,0.7544483985765125,0.8779599271402551,157,932,5.936305732484076,0.00819672131147541,0.00819672131147541,0.006375227686703097,0.0018214936247723133,0.5090487102649979,0.3401108164807201,0.0,1.0,0.33903284564310476,0.24770313274812744,0.0,0.8709677419354839,0.5467124977965803,0.2516839317975165,0.0,1.0,0.2875903402080028,0.2403331843332173,0.0,1.0,19,0.16666666666666666,4.353369763205829,9
287,1098,1610,14.000951659718295,74.14754098360656,6,6,5,1,841,0.7659380692167578,257,960,0.8743169398907104,0.9120095124851367,767,193,0.9120095124851367,0.7509727626459144,0.8743169398907104,169,931,5.508875739644971,0.00546448087431694,0.00546448087431694,0.004553734061930784,0.0009107468123861566,0.5087842999001116,0.3399505226231954,0.0,1.0,0.34026676067924083,0.24739983740515878,0.0,0.8709677419354839,0.546271813855103,0.25105664746272965,0.0,1.0,0.2874434455608438,0.24034132758999657,0.0,1.0,19,0.1657559198542805,4.3570127504553735,9
288,1102,1606,14.045606165718466,73.70689655172414,10,6,6,0,831,0.7568306010928961,267,968,0.8816029143897997,0.9362214199759326,778,190,0.9362214199759326,0.7116104868913857,0.8816029143897997,172,936,5.441860465116279,0.009107468123861567,0.00546448087431694,0.00546448087431694,0.0,0.5086645980914466,0.3400625525861764,0.0,1.0,0.3413734558866577,0.24787412231966355,0.0,0.8709677419354839,0.545928224342837,0.25074433837266774,0.0,1.0,0.28680990574322346,0.24018733574335133,0.0,1.0,19,0.16515426497277677,4.369328493647913,9
289,1112,1611,13.960504088913401,73.14928057553956,16,6,5,1,840,0.7622504537205081,262,975,0.8847549909255898,0.9238095238095239,776,199,0.9238095238095239,0.7595419847328244,0.8847549909255898,169,949,5.615384615384615,0.014519056261343012,0.0054446460980036296,0.004537205081669692,0.0009074410163339383,0.5096600139243445,0.34013816465493,0.0,1.0,0.3422487816198654,0.24796881666794499,0.0,0.8709677419354839,0.547690879554421,0.25126567450468074,0.0,1.0,0.2870735669528893,0.24001465268021802,0.0,1.0,19,0.16546762589928057,4.372302158273381,9
290,1116,1619,14.042722504706594,73.43817204301075,7,3,2,1,823,0.7401079136690647,289,944,0.8489208633093526,0.9161603888213852,754,190,0.9161603888213852,0.657439446366782,0.8489208633093526,175,927,5.297142857142857,0.006294964028776978,0.002697841726618705,0.0017985611510791368,0.0008992805755395684,0.5096542952942537,0.34052177479971496,0.0,1.0,0.3427563880217366,0.24777030990405127,0.0,0.8709677419354839,0.5480113307896867,0.25093644627606326,0.0,1.0,0.28737426292056883,0.24050077047838872,0.0,1.0,19,0.16577060931899643,4.379928315412187,9
291,1120,1620,14.096261922921604,73.30803571428571,10,6,5,1,846,0.7580645161290323,270,991,0.8879928315412187,0.9208037825059102,779,212,0.9208037825059102,0.7851851851851852,0.8879928315412187,171,963,5.631578947368421,0.008960573476702509,0.005376344086021506,0.004480286738351254,0.0008960573476702509,0.5106566820276497,0.3409703031061339,0.0,1.0,0.3420794930875576,0.2478759509628072,0.0,0.8709677419354839,0.5475518433179724,0.2509611542735447,0.0,1.0,0.28796082949308754,0.24049493639406114,0.0,1.0,19,0.16607142857142856,4.391964285714286,9
292,1125,1626,14.090298879457135,73.1031111111111,11,6,4,2,846,0.7553571428571428,274,993,0.8866071428571428,0.91725768321513,776,217,0.91725768321513,0.791970802919708,0.8866071428571428,175,974,5.565714285714286,0.009821428571428571,0.005357142857142857,0.0035714285714285713,0.0017857142857142857,0.5108530465949821,0.34104829216802984,0.0,1.0,0.3422222222222222,0.24799701457463905,0.0,0.8709677419354839,0.5481577060931899,0.2508562155770043,0.0,1.0,0.2877706093189964,0.24004077025099374,0.0,1.0,19,0.1671111111111111,4.4062222222222225,9
293,1131,1638,14.06739530201199,72.8656056587091,12,6,4,2,861,0.7653333333333333,264,955,0.8488888888888889,0.9210220673635308,793,162,0.9210220673635308,0.6136363636363636,0.8488888888888889,162,929,5.734567901234568,0.010666666666666666,0.005333333333333333,0.0035555555555555557,0.0017777777777777779,0.5133624254870084,0.3410214606873613,0.0,1.0,0.3416331536465018,0.2476126000212559,0.0,0.8709677419354839,0.5471606628447563,0.25156412848574766,0.0,1.0,0.28852571232993923,0.23948300282900037,0.0,1.0,19,0.16445623342175067,4.407603890362511,9
294,1141,1640,14.003265063559528,72.45223488168273,14,4,4,0,896,0.7922192749778957,235,976,0.8629531388152077,0.8995535714285714,806,170,0.8995535714285714,0.723404255319149,0.8629531388152077,172,950,5.523255813953488,0.01237842617152962,0.0035366931918656055,0.0035366931918656055,0.0,0.5130191399734245,0.34030816679621384,0.0,1.0,0.3429080320036188,0.24768119619052947,0.0,0.8709677419354839,0.5469735093720844,0.2511437509567693,0.0,1.0,0.28924825421955835,0.23981425578039964,0.0,1.0,19,0.16301489921121823,4.41717791411043,9
295,1146,1644,14.029066521847518,72.36649214659685,11,6,4,2,840,0.7361963190184049,301,990,0.8676599474145487,0.9166666666666666,770,220,0.9166666666666666,0.7308970099667774,0.8676599474145487,175,969,5.537142857142857,0.009640666082383873,0.0052585451358457495,0.0035056967572304996,0.0017528483786152498,0.51390530878793,0.3405664759647559,0.0,1.0,0.34248156279907677,0.24752376481251379,0.0,0.8709677419354839,0.5467544896695379,0.2516064516969641,0.0,1.0,0.28818330237009515,0.23863739329487269,0.0,1.0,19,0.1631762652705061,4.429319371727749,9
296,1149,1647,14.118448773273073,72.7154046997389,9,6,2,4,842,0.7347294938917975,304,983,0.8577661431064573,0.9180522565320665,773,210,0.9180522565320665,0.6907894736842105,0.8577661431064573,171,957,5.5964912280701755,0.007853403141361256,0.005235602094240838,0.0017452006980802793,0.0034904013961605585,0.5132373171621888,0.3406539882257498,0.0,1.0,0.34105393189028327,0.24706546740476135,0.0,0.8709677419354839,0.5458322805244392,0.25163923622167467,0.0,1.0,0.2877958392992504,0.2378235030698901,0.0,1.0,19,0.16449086161879894,4.429068755439513,9
297,1149,1654,14.10642686286658,72.06440382941689,9,9,8,1,860,0.7484769364664926,289,989,0.8607484769364665,0.9104651162790698,783,206,0.9104651162790698,0.71280276816609,0.8607484769364665,171,967,5.654970760233918,0.007832898172323759,0.007832898172323759,0.006962576153176675,0.0008703220191470844,0.5126196692776327,0.3405311873830994,0.0,1.0,0.34102585698643983,0.2472745826403309,0.0,0.8709677419354839,0.5454953816783177,0.25202039139091076,0.0,1.0,0.28605519526095624,0.23652319877872943,0.0,1.0,19,0.16449086161879894,4.441253263707572,9
298,1156,1662,14.070136995713654,71.93512110726644,11,4,4,0,846,0.7362924281984334,303,1015,0.8833768494342907,0.9148936170212766,774,241,0.9148936170212766,0.7953795379537953,0.8833768494342907,170,993,5.841176470588235,0.009573542210617928,0.0034812880765883376,0.0034812880765883376,0.0,0.5131432079473156,0.33987449270999537,0.0,1.0,0.3417792164304052,0.24782345392619515,0.0,0.8709677419354839,0.5449547940618373,0.2521362423972814,0.0,1.0,0.286220560330394,0.236291093237349,0.0,1.0,19,0.16349480968858132,4.454152249134948,9
299,1159,1665,13.996341336142864,71.05522001725626,13,10,8,2,883,0.763840830449827,273,1005,0.8693771626297578,0.9218573046432617,814,191,0.9218573046432617,0.6996336996336996,0.8693771626297578,173,981,5.670520231213873,0.01124567474048443,0.00865051903114187,0.006920415224913495,0.0017301038062283738,0.5093100281109967,0.33984158261040937,0.0,1.0,0.3416181914331042,0.2490534962781021,0.0,0.8709677419354839,0.5463831445350552,0.25218668529166427,0.0,1.0,0.28436638926772245,0.23429392810688152,0.0,1.0,19,0.16738567730802417,4.474547023295945,9
300,1160,1668,14.067168609368704,71.17413793103448,7,6,4,2,878,0.7575496117342536,281,1004,0.8662640207075065,0.9214123006833713,809,195,0.9214123006833713,0.693950177935943,0.8662640207075065,177,984,5.559322033898305,0.0060396893874029335,0.005176876617773943,0.003451251078515962,0.001725625539257981,0.5091768631813125,0.33974908144859517,0.0,1.0,0.3407953281423804,0.24830176159709125,0.0,0.8709677419354839,0.5454115684093437,0.2520345469085952,0.0,1.0,0.2853448275862069,0.23420611643828496,0.0,1.0,19,0.16637931034482759,4.4767241379310345,9
301,1168,1682,13.998240094779005,70.85873287671232,13,5,4,1,850,0.7327586206896551,310,1008,0.8689655172413793,0.9247058823529412,786,222,0.9247058823529412,0.7161290322580646,0.8689655172413793,160,982,6.1375,0.011206896551724138,0.004310344827586207,0.0034482758620689655,0.0008620689655172414,0.5065178965974371,0.34013534716678395,0.0,1.0,0.34152673442333187,0.24817964487965175,0.0,0.8709677419354839,0.5460671674768006,0.2516568741252885,0.0,1.0,0.28526844896155545,0.23394586377306922,0.0,1.0,19,0.1660958904109589,4.487157534246576,9
302,1170,1683,14.051131944735166,71.04957264957265,8,6,4,2,879,0.752568493150685,289,1027,0.8792808219178082,0.9249146757679181,813,214,0.9249146757679181,0.740484429065744,0.8792808219178082,175,1003,5.731428571428571,0.00684931506849315,0.005136986301369863,0.003424657534246575,0.0017123287671232876,0.5070030328094844,0.339557878342984,0.0,1.0,0.3425420457678522,0.24912484354996847,0.0,0.8709677419354839,0.5459608491866557,0.2517800078466429,0.0,1.0,0.28469809760132336,0.23322416242365407,0.0,1.0,19,0.16495726495726495,4.495726495726496,9
303,1181,1690,13.964760916870476,71.02455546147333,13,2,2,0,917,0.7837606837606838,253,1027,0.8777777777777778,0.9280261723009815,851,176,0.9280261723009815,0.6956521739130435,0.8777777777777778,170,1004,5.905882352941177,0.011111111111111112,0.0017094017094017094,0.0017094017094017094,0.0,0.504984840621671,0.3395304477776139,0.0,1.0,0.3432301767228429,0.24893378574361386,0.0,0.8709677419354839,0.5453825353035973,0.25158438707030745,0.0,1.0,0.2858703668296414,0.2332035310273554,0.0,1.0,19,0.1651143099068586,4.507197290431837,9
304,1189,1697,13.91382495207468,71.09335576114381,11,3,2,1,927,0.7849280270956817,254,1039,0.8797629127857748,0.9223300970873787,855,184,0.9223300970873787,0.7244094488188977,0.8797629127857748,171,1017,5.947368421052632,0.009314140558848433,0.002540220152413209,0.001693480101608806,0.000846740050804403,0.5042459100898017,0.3390885174743499,0.0,1.0,0.34325402208415856,0.24874947007018322,0.0,0.8709677419354839,0.5446159689628042,0.25105226198226754,0.0,1.0,0.284787975799669,0.2314677507483924,0.0,1.0,19,0.16400336417157274,4.521446593776282,9
305,1189,1703,13.95712034106334,71.28511354079058,7,7,4,3,900,0.7569386038687973,289,1046,0.87973086627418,0.9177777777777778,826,220,0.9177777777777778,0.7612456747404844,0.87973086627418,177,1029,5.813559322033898,0.005887300252312868,0.005887300252312868,0.00336417157275021,0.002523128679562658,0.5024824330556987,0.33918084865534304,0.0,1.0,0.34328115250006785,0.24932179707882882,0.0,0.8709677419354839,0.5448330122900784,0.25131325868617,0.0,1.0,0.284299628313302,0.23106955639449053,0.0,1.0,19,0.16568544995794784,4.524810765349033,9
306,1195,1714,13.957590667304665,71.90376569037657,7,1,0,1,939,0.7897392767031118,250,1033,0.8687973086627419,0.9126730564430245,857,176,0.9126730564430245,0.704,0.8687973086627419,165,1009,6.115151515151515,0.005887300252312868,0.0008410428931875525,0.0,0.0008410428931875525,0.5017411256579836,0.33931652713719823,0.0,1.0,0.3433661762721015,0.24902484743963918,0.0,0.8709677419354839,0.5447968686732352,0.2512499458423882,0.0,1.0,0.2844108516668916,0.23062529756164435,0.0,1.0,19,0.16569037656903765,4.529707112970711,9
307,1194,1718,14.035199192718618,72.19179229480737,5,6,4,2,902,0.7548117154811715,293,1027,0.8594142259414226,0.9024390243902439,814,213,0.9024390243902439,0.726962457337884,0.8594142259414226,172,1003,5.8313953488372094,0.0041841004184100415,0.00502092050209205,0.0033472803347280333,0.0016736401673640166,0.5020262603339277,0.3399261937483145,0.0,1.0,0.34370778624304316,0.24867740311443412,0.0,0.8709677419354839,0.5449019289998379,0.2514814266040173,0.0,1.0,0.28470308531906846,0.2306366602756157,0.0,1.0,19,0.1658291457286432,4.536013400335008,9
308,1198,1724,14.067594704604451,72.72454090150251,7,3,1,2,918,0.7688442211055276,276,1061,0.8886097152428811,0.9302832244008714,854,207,0.9302832244008714,0.75,0.8886097152428811,180,1047,5.816666666666666,0.005862646566164154,0.002512562814070352,0.0008375209380234506,0.0016750418760469012,0.502073348053207,0.33990394753178377,0.0,1.0,0.34261403414292635,0.24814311624138477,0.0,0.8709677419354839,0.5442942538639668,0.2512197344307216,0.0,1.0,0.28445258226075715,0.23035042904189712,0.0,1.0,19,0.166110183639399,4.541736227045075,9
309,1204,1732,13.960222206085366,72.08471760797342,15,9,7,2,898,0.7495826377295493,300,1041,0.8689482470784641,0.9042316258351893,812,229,0.9042316258351893,0.7633333333333333,0.8689482470784641,168,1017,6.053571428571429,0.012520868113522538,0.007512520868113523,0.005843071786310518,0.001669449081803005,0.5020630157539385,0.3408578372868458,0.0,1.0,0.34305004822634233,0.2478437694298793,0.0,0.8709677419354839,0.5441806880291502,0.25170419968423774,0.0,1.0,0.28373164719751365,0.22986112968078956,0.0,1.0,19,0.16611295681063123,4.54983388704319,9
310,1206,1738,13.963019122825493,72.19071310116087,9,7,4,3,917,0.7616279069767442,287,1036,0.8604651162790697,0.9127589967284624,837,199,0.9127589967284624,0.6933797909407665,0.8604651162790697,174,1016,5.839080459770115,0.007475083056478406,0.005813953488372093,0.0033222591362126247,0.0024916943521594683,0.501765366714813,0.3412405010323147,0.0,1.0,0.343497565933772,0.24840653520679512,0.0,0.8709677419354839,0.5448831113250949,0.2519551309094855,0.0,1.0,0.2836088375327663,0.22989767271083875,0.0,1.0,19,0.16749585406301823,4.54726368159204,9
311,1211,1740,13.919403613196494,71.9702725020644,11,6,5,1,899,0.7454394693200663,307,1033,0.8565505804311775,0.9054505005561735,814,219,0.9054505005561735,0.7133550488599348,0.8565505804311775,168,1003,5.970238095238095,0.00912106135986733,0.004975124378109453,0.0041459369817578775,0.0008291873963515755,0.5008923576889268,0.34116799315332313,0.0,1.0,0.34367757918009645,0.24839373544609514,0.0,0.8709677419354839,0.5445779281319091,0.25209545761789076,0.0,1.0,0.28384965770757303,0.22936916178913552,0.0,1.0,19,0.1676300578034682,4.555739058629232,9
312,1219,1744,13.891703003440705,72.12469237079573,10,2,2,0,905,0.7473162675474814,306,1068,0.8819157720891825,0.9281767955801105,840,228,0.9281767955801105,0.7450980392156863,0.8819157720891825,174,1046,6.011494252873563,0.008257638315441783,0.0016515276630883566,0.0016515276630883566,0.0,0.4995104395458996,0.3410626342068059,0.0,1.0,0.3445711715049353,0.24889862734529328,0.0,0.8709677419354839,0.5454761967768398,0.252019886054839,0.0,1.0,0.2828600915610363,0.22856397220678637,0.0,1.0,19,0.16735028712059064,4.562756357670222,9
313,1220,1749,13.933078895089164,72.31557377049181,6,5,4,1,886,0.726825266611977,333,1083,0.8884331419196062,0.9266365688487584,821,262,0.9266365688487584,0.7867867867867868,0.8884331419196062,168,1056,6.285714285714286,0.004922067268252666,0.004101722723543888,0.003281378178835111,0.0008203445447087777,0.5002115282919091,0.3408858944036063,0.0,1.0,0.3442622950819672,0.24891373233117212,0.0,0.8709677419354839,0.5450819672131147,0.2522855600438011,0.0,1.0,0.28368588048651505,0.22869154806249875,0.0,1.0,19,0.16721311475409836,4.56639344262295,9
314,1221,1755,13.96018946145436,72.56183456183456,7,6,4,2,920,0.7540983606557377,300,1075,0.8811475409836066,0.933695652173913,859,216,0.933695652173913,0.72,0.8811475409836066,167,1048,6.275449101796407,0.005737704918032787,0.004918032786885246,0.003278688524590164,0.001639344262295082,0.4998018546405643,0.34055395509439695,0.0,1.0,0.3441916990304087,0.24905679487586327,0.0,0.8709677419354839,0.5455338035983197,0.25202039226968187,0.0,1.0,0.28313650894296055,0.22824725633519002,0.0,1.0,19,0.1678951678951679,4.573300573300573,9
315,1225,1758,13.950315760725141,72.36816326530612,9,5,5,0,900,0.7371007371007371,321,1036,0.8484848484848485,0.9155555555555556,824,212,0.9155555555555556,0.660436137071651,0.8484848484848485,178,1017,5.713483146067416,0.007371007371007371,0.004095004095004095,0.004095004095004095,0.0,0.5005398288347597,0.3405101610456592,0.0,1.0,0.3436734693877551,0.24891831071803083,0.0,0.8709677419354839,0.5444897959183673,0.251995993343195,0.0,1.0,0.28294930875576035,0.22890194625698054,0.0,1.0,19,0.16653061224489796,4.588571428571429,9
316,1229,1756,13.895118220191105,71.84377542717657,13,9,7,2,904,0.7379591836734694,321,1070,0.8734693877551021,0.9314159292035398,842,228,0.9314159292035398,0.7102803738317757,0.8734693877551021,176,1044,5.931818181818182,0.010612244897959184,0.007346938775510204,0.005714285714285714,0.0016326530612244899,0.4998031444394866,0.34107115411670574,0.0,1.0,0.34328985012729996,0.24909011796270536,0.0,0.8709677419354839,0.5452636552140476,0.25234058271173765,0.0,1.0,0.2825795952649676,0.228781292197618,0.0,1.0,19,0.16842961757526445,4.60292921074044,9
317,1232,1763,13.831803028066217,71.70048701298701,11,8,5,3,954,0.7762408462164361,275,1055,0.8584214808787632,0.909853249475891,868,187,0.909853249475891,0.68,0.8584214808787632,176,1038,5.8977272727272725,0.008950366151342554,0.006509357200976403,0.0040683482506102524,0.0024410089503661514,0.49869082530372855,0.34041351677415427,0.0,1.0,0.34483661499790536,0.24982857481128778,0.0,0.8709677419354839,0.5452712609970675,0.25158038270481053,0.0,1.0,0.28084415584415584,0.22733048651258184,0.0,1.0,19,0.1680194805194805,4.619318181818182,9
318,1234,1768,13.8392904129692,71.9773095623987,8,6,3,3,927,0.752435064935065,305,1059,0.859577922077922,0.9093851132686084,843,216,0.9093851132686084,0.7081967213114754,0.859577922077922,171,1035,6.052631578947368,0.006493506493506494,0.00487012987012987,0.002435064935064935,0.002435064935064935,0.49911120405709203,0.3407166713711685,0.0,1.0,0.34412087624823545,0.24940673960200252,0.0,0.8709677419354839,0.544622784545407,0.2519321512996195,0.0,1.0,0.28044126104459666,0.22705443268202755,0.0,1.0,19,0.16774716369529985,4.633711507293355,9
319,1238,1776,13.808277152299913,71.90549273021001,9,5,5,0,915,0.7414910858995137,319,1067,0.8646677471636953,0.9234972677595629,845,222,0.9234972677595629,0.6959247648902821,0.8646677471636953,175,1050,6.0,0.007293354943273906,0.004051863857374392,0.004051863857374392,0.0,0.5006253582781802,0.3407650571972003,0.0,1.0,0.3438167700244932,0.24973272543072988,0.0,0.8709677419354839,0.5445307207254156,0.25213747520469815,0.0,1.0,0.28130699880139665,0.22755163927409663,0.0,1.0,19,0.16639741518578352,4.64297253634895,9
320,1243,1781,13.779546182227163,72.02333065164923,12,7,3,4,916,0.7399030694668821,322,1094,0.8836833602584814,0.9235807860262009,846,248,0.9235807860262009,0.7701863354037267,0.8836833602584814,176,1075,6.107954545454546,0.009693053311793215,0.005654281098546042,0.0024232633279483036,0.0032310177705977385,0.5009991435912076,0.3412763558237343,0.0,1.0,0.3436015882490333,0.2494141034865181,0.0,0.8709677419354839,0.5444683777541328,0.2526199074805304,0.0,1.0,0.28097993927283105,0.22736326376979804,0.0,1.0,19,0.16733708769107,4.654062751407884,9
321,1246,1793,13.731929844013331,72.30738362760835,10,7,2,5,978,0.7868061142397426,265,1084,0.8720836685438456,0.9130879345603272,893,191,0.9130879345603272,0.720754716981132,0.8720836685438456,176,1072,6.090909090909091,0.008045052292839904,0.0056315366049879325,0.0016090104585679806,0.004022526146419952,0.5009579040024854,0.34179604558433785,0.0,1.0,0.34254129342929635,0.24892880371148174,0.0,0.8709677419354839,0.5423807797856366,0.2531947498703173,0.0,1.0,0.28035520115984053,0.2269317540442134,0.0,1.0,19,0.16773675762439808,4.665329052969502,9
322,1246,1801,13.753538618533463,72.74317817014446,4,4,3,1,994,0.797752808988764,252,1103,0.8852327447833066,0.9285714285714286,923,180,0.9285714285714286,0.7142857142857143,0.8852327447833066,179,1090,6.089385474860335,0.0032102728731942215,0.0032102728731942215,0.002407704654895666,0.0008025682182985554,0.5000258892973645,0.3418780087050652,0.0,1.0,0.3424636255372029,0.24907085360691444,0.0,0.8709677419354839,0.5423548904882721,0.2531957835976111,0.0,1.0,0.28012219748356026,0.22620075735616385,0.0,1.0,19,0.16853932584269662,4.666934189406099,9
323,1249,1797,13.829070551395274,73.52361889511609,7,4,0,4,953,0.7648475120385233,293,1067,0.8563402889245586,0.9108079748163693,868,199,0.9108079748163693,0.6791808873720137,0.8563402889245586,177,1040,5.875706214689266,0.0056179775280898875,0.0032102728731942215,0.0,0.0032102728731942215,0.4996771610837057,0.34206031434549916,0.0,1.0,0.3426483121981456,0.24926170004451267,0.0,0.8709677419354839,0.5434282910199127,0.2533639235876485,0.0,1.0,0.2796301557374932,0.22611206257922037,0.0,1.0,19,0.16973578863090472,4.66693354683747,9
324,1256,1802,13.803191973481447,74.10828025477707,7,0,0,0,1002,0.8022417934347478,247,1127,0.9023218574859888,0.9281437125748503,930,197,0.9281437125748503,0.7975708502024291,0.9023218574859888,176,1108,6.295454545454546,0.005604483586869495,0.0,0.0,0.0,0.5008989110334908,0.3420237458842149,0.0,1.0,0.34248510376001645,0.2488911685467518,0.0,0.8709677419354839,0.5420176700226012,0.25392364288103964,0.0,1.0,0.27981816313951097,0.22577675714385814,0.0,1.0,19,0.16878980891719744,4.671178343949045,9
325,1263,1807,13.708341096550889,73.96595407759304,12,5,4,1,991,0.7890127388535032,265,1119,0.8909235668789809,0.9374369323915237,929,190,0.9374369323915237,0.7169811320754716,0.8909235668789809,171,1095,6.4035087719298245,0.009554140127388535,0.003980891719745223,0.0031847133757961785,0.0007961783439490446,0.4996551988353383,0.3418016402482719,0.0,1.0,0.34357520496513677,0.24940952234328886,0.0,0.8709677419354839,0.5435854212959416,0.2535620036887173,0.0,1.0,0.28046382141853754,0.22639864203104113,0.0,1.0,19,0.16864608076009502,4.684877276326207,9
326,1263,1809,13.725632135217866,74.30878859857482,8,8,3,5,992,0.7854315122723674,271,1123,0.8891528107680127,0.9314516129032258,924,199,0.9314516129032258,0.7343173431734318,0.8891528107680127,176,1101,6.255681818181818,0.006334125098970704,0.006334125098970704,0.0023752969121140144,0.00395882818685669,0.5005746686077696,0.3413140713059487,0.0,1.0,0.3441881848134242,0.2500302898579084,0.0,0.8709677419354839,0.5433555538528337,0.2534226625092665,0.0,1.0,0.28041273976451353,0.22682542878843528,0.0,1.0,19,0.16785431512272367,4.688836104513064,9
327,1267,1807,13.75373737347483,74.71270718232044,7,3,2,1,973,0.770387965162312,290,1096,0.8677751385589866,0.9126413155190134,888,208,0.9126413155190134,0.7172413793103448,0.8677751385589866,175,1069,6.1085714285714285,0.0055423594615993665,0.0023752969121140144,0.001583531274742676,0.000791765637371338,0.5006492349212007,0.3410626185131713,0.0,1.0,0.34422180920131373,0.2501782692041573,0.0,0.8709677419354839,0.5426076329658579,0.25368047475576216,0.0,1.0,0.2810805305904219,0.22632596791910425,0.0,1.0,19,0.1665351223362273,4.6874506708760855,9
328,1271,1812,13.71934260707814,74.9590873328088,9,5,3,2,959,0.7569060773480663,308,1084,0.8555643251775849,0.9092805005213764,872,212,0.9092805005213764,0.6883116883116883,0.8555643251775849,169,1058,6.260355029585799,0.007103393843725336,0.003946329913180742,0.0023677979479084454,0.0015785319652722968,0.5009009923605999,0.3411794695610293,0.0,1.0,0.3442298418821857,0.2500345354495046,0.0,0.8709677419354839,0.5421182203497373,0.2537019249058984,0.0,1.0,0.28108423644069946,0.22619905632290982,0.0,1.0,19,0.16601101494885917,4.690794649881982,9
329,1271,1808,13.781358142810468,75.48308418568057,3,3,3,0,960,0.7553107789142408,311,1104,0.8686073957513769,0.9166666666666666,880,224,0.9166666666666666,0.7202572347266881,0.8686073957513769,175,1075,6.142857142857143,0.0023603461841070024,0.0023603461841070024,0.0023603461841070024,0.0,0.5009009923605999,0.3411026720700219,0.0,1.0,0.3451435242760336,0.25007163048490544,0.0,0.8709677419354839,0.5424481612141824,0.25370179541714916,0.0,1.0,0.28075429557625436,0.2262052471449371,0.0,1.0,19,0.16601101494885917,4.692368214004721,9
330,1272,1812,13.789943752937496,75.95125786163523,4,3,3,0,979,0.7702596380802518,292,1124,0.8843430369787569,0.9376915219611849,918,206,0.9376915219611849,0.7054794520547946,0.8843430369787569,178,1106,6.213483146067416,0.003147128245476003,0.0023603461841070024,0.0023603461841070024,0.0,0.501470886589572,0.3412139155420295,0.0,1.0,0.3448468249137756,0.2500923577584726,0.0,0.8709677419354839,0.5420724284844796,0.25414234070193054,0.0,1.0,0.2807364576993305,0.22593261881772048,0.0,1.0,19,0.16588050314465408,4.698899371069182,9
331,1283,1812,13.698885130140534,76.05845674201092,13,2,1,1,1011,0.7948113207547169,261,1129,0.8875786163522013,0.9297725024727992,940,189,0.9297725024727992,0.7241379310344828,0.8875786163522013,172,1101,6.401162790697675,0.010220125786163521,0.0015723270440251573,0.0007861635220125787,0.0007861635220125787,0.5024514117617479,0.34048964091244105,0.0,1.0,0.3447062077288613,0.24996143488395034,0.0,0.8709677419354839,0.5418499987428658,0.25439798307804073,0.0,1.0,0.280642647021849,0.22558089886246016,0.0,1.0,19,0.1652377240841777,4.713951675759938,9
332,1292,1821,13.634883608336148,76.5216718266254,9,0,0,0,969,0.7552611067809821,314,1095,0.8534684333593141,0.8988648090815273,871,224,0.8988648090815273,0.7133757961783439,0.8534684333593141,166,1070,6.445783132530121,0.007014809041309431,0.0,0.0,0.0,0.5013482472785379,0.34062763134784363,0.0,1.0,0.34412763407570157,0.2494417199966061,0.0,0.8709677419354839,0.5418705682612603,0.25407677924532807,0.0,1.0,0.2799860181763707,0.22515160313219001,0.0,1.0,19,0.16640866873065016,4.726006191950464,9
333,1293,1822,13.615256162206961,76.89404485692188,5,4,4,0,1006,0.7786377708978328,286,1139,0.881578947368421,0.911530815109344,917,222,0.911530815109344,0.7762237762237763,0.881578947368421,175,1115,6.371428571428571,0.003869969040247678,0.0030959752321981426,0.0030959752321981426,0.0,0.5018835915475388,0.3409353404474973,0.0,1.0,0.34441034852680685,0.24969408720928943,0.0,0.8709677419354839,0.5422997280642667,0.2542725218797,0.0,1.0,0.27932041014894093,0.2239447479390537,0.0,1.0,19,0.1662799690641918,4.731631863882444,9
334,1295,1826,13.563023128658006,77.18146718146718,8,6,4,2,1004,0.7764887857695282,289,1136,0.8785769528228925,0.9173306772908366,921,215,0.9173306772908366,0.7439446366782007,0.8785769528228925,174,1114,6.402298850574713,0.006187161639597835,0.004640371229698376,0.0030935808197989174,0.0015467904098994587,0.5030763482376386,0.34042318999278576,0.0,1.0,0.3453979324947067,0.24988931665103728,0.0,0.8709677419354839,0.5415618383360319,0.25417423039198556,0.0,1.0,0.2794868601320214,0.22336253811574003,0.0,1.0,19,0.16447876447876447,4.737451737451737,9
335,1305,1827,13.48204239620971,77.42605363984674,11,1,1,0,1009,0.7791505791505792,286,1107,0.8548262548262548,0.8989098116947473,907,200,0.8989098116947473,0.6993006993006993,0.8548262548262548,181,1089,6.016574585635359,0.008494208494208495,0.0007722007722007722,0.0007722007722007722,0.0,0.5032752440983809,0.3407522932106467,0.0,1.0,0.34658262266716106,0.24997919381901404,0.0,0.8709677419354839,0.5420343591645038,0.2544556519599134,0.0,1.0,0.2800395501174144,0.22420533404487414,0.0,1.0,19,0.16398467432950192,4.74176245210728,9
336,1308,1836,13.441670137550037,77.81498470948013,7,4,2,2,1005,0.7701149425287356,300,1163,0.8911877394636015,0.9333333333333333,938,225,0.9333333333333333,0.75,0.8911877394636015,176,1148,6.5227272727272725,0.0053639846743295016,0.0030651340996168583,0.0015325670498084292,0.0015325670498084292,0.5029594554601954,0.3406150352912216,0.0,1.0,0.3476127059287758,0.25040638195597903,0.0,0.8709677419354839,0.5424928479826379,0.254290323047895,0.0,1.0,0.27947124395777845,0.22412313097376765,0.0,1.0,19,0.1636085626911315,4.75,9
337,1309,1841,13.430297332276629,78.20244461420933,6,5,3,2,1009,0.7714067278287462,299,1134,0.8669724770642202,0.9147670961347869,923,211,0.9147670961347869,0.705685618729097,0.8669724770642202,171,1110,6.491228070175438,0.0045871559633027525,0.00382262996941896,0.0022935779816513763,0.0015290519877675841,0.5024027206190393,0.34049424066348394,0.0,1.0,0.3480864486557086,0.25082353203122215,0.0,0.8709677419354839,0.5425219941348973,0.25432041976705644,0.0,1.0,0.27928238744178024,0.2234880681498598,0.0,1.0,19,0.16348357524828114,4.757066462948816,9
338,1314,1841,13.418298076899859,78.7435312024353,6,1,1,0,1015,0.7754010695187166,294,1125,0.8594346829640948,0.9044334975369458,918,207,0.9044334975369458,0.7040816326530612,0.8594346829640948,177,1102,6.2259887005649714,0.004583651642475172,0.0007639419404125286,0.0007639419404125286,0.0,0.502749545833947,0.3401031565781502,0.0,1.0,0.3474984042814357,0.2506846081994585,0.0,0.8709677419354839,0.5426916089753032,0.2541577129940851,0.0,1.0,0.27974173908773997,0.22302864880893114,0.0,1.0,19,0.1628614916286149,4.758751902587519,9
339,1313,1844,13.472965761717264,79.56740289413557,2,3,1,2,1009,0.7678843226788432,305,1157,0.880517503805175,0.9236868186323092,932,225,0.9236868186323092,0.7377049180327869,0.880517503805175,178,1138,6.393258426966292,0.0015220700152207,0.00228310502283105,0.00076103500761035,0.0015220700152207,0.5033781293762131,0.34008457956845,0.0,1.0,0.34793504164312217,0.250827292685858,0.0,0.8709677419354839,0.5429329533449623,0.25420682576447384,0.0,1.0,0.280372454118861,0.22371385545830236,0.0,1.0,19,0.16222391469916222,4.760853008377761,9
340,1315,1848,13.490001935610177,80.35589353612167,6,4,0,4,1016,0.7738004569687738,297,1150,0.8758568164508759,0.9133858267716536,928,222,0.9133858267716536,0.7474747474747475,0.8758568164508759,180,1134,6.3,0.00456968773800457,0.0030464584920030465,0.0,0.0030464584920030465,0.5034711149270208,0.33994887465466916,0.0,1.0,0.34811725745124494,0.25104665388127717,0.0,0.8709677419354839,0.5438488899791487,0.2536619641132382,0.0,1.0,0.281442413835398,0.2244732008231359,0.0,1.0,19,0.16197718631178706,4.76425855513308,9
341,1318,1856,13.490593596523805,80.95827010622155,6,3,1,2,947,0.7201520912547529,368,1144,0.8699619771863117,0.9134107708553326,865,279,0.9134107708553326,0.7581521739130435,0.8699619771863117,180,1132,6.288888888888889,0.0045627376425855515,0.0022813688212927757,0.0007604562737642585,0.001520912547528517,0.5032062264428019,0.3397441825232225,0.0,1.0,0.34788780654951296,0.25098405763168447,0.0,0.8709677419354839,0.5443242449459101,0.25359443667210835,0.0,1.0,0.2815115766802095,0.22484229661749536,0.0,1.0,19,0.16160849772382396,4.7693474962063735,9
342,1317,1858,13.485388109837466,81.08124525436598,6,7,5,2,996,0.7556904400606981,322,1173,0.8899848254931715,0.9196787148594378,916,257,0.9196787148594378,0.7981366459627329,0.8899848254931715,179,1154,6.446927374301676,0.004552352048558422,0.005311077389984826,0.0037936267071320183,0.0015174506828528073,0.5030984397580033,0.3394784281471867,0.0,1.0,0.3470252528963676,0.25029599220263465,0.0,0.8709677419354839,0.5452519166238029,0.2532487811895294,0.0,1.0,0.28133343130771304,0.2249330186120585,0.0,1.0,19,0.16173120728929385,4.776006074411542,9
343,1319,1867,13.48333697393808,81.80439727065959,4,2,1,1,1003,0.7615793470007594,314,1167,0.8861047835990888,0.9162512462612163,919,248,0.9162512462612163,0.7898089171974523,0.8861047835990888,173,1149,6.641618497109826,0.0030372057706909645,0.0015186028853454822,0.0007593014426727411,0.0007593014426727411,0.50338721905647,0.3400828107207132,0.0,1.0,0.34681699234512947,0.2504603006439449,0.0,0.8709677419354839,0.5449387365795202,0.25344356176534877,0.0,1.0,0.2825209714104038,0.2258358845868277,0.0,1.0,19,0.16224412433661864,4.7733131159969675,9
344,1322,1870,13.426663352331431,82.19137670196672,8,5,2,3,1072,0.8127369219105383,247,1190,0.9021986353297953,0.9347014925373134,1002,188,0.9347014925373134,0.7611336032388664,0.9021986353297953,180,1173,6.516666666666667,0.006065200909780136,0.0037907505686125853,0.001516300227445034,0.002274450341167551,0.5043433702601142,0.33913240221569874,0.0,1.0,0.3475916255917232,0.2505812494813211,0.0,0.8709677419354839,0.5454589819920941,0.2529617069751988,0.0,1.0,0.2816846420379679,0.22569000682408927,0.0,1.0,19,0.16111951588502268,4.7844175491679275,9
345,1332,1872,13.342380976690455,82.28228228228228,12,2,2,0,975,0.737518910741301,347,1165,0.8812405446293494,0.9364102564102564,913,252,0.9364102564102564,0.7262247838616714,0.8812405446293494,177,1144,6.463276836158192,0.009077155824508321,0.0015128593040847202,0.0015128593040847202,0.0,0.5028819141722368,0.3387481568242101,0.0,1.0,0.3472827666376053,0.25029304901826266,0.0,0.8709677419354839,0.5453114404727308,0.2526045159170895,0.0,1.0,0.281095611740773,0.2251898215370421,0.0,1.0,19,0.1614114114114114,4.795045045045045,9
346,1335,1877,13.316270274664916,82.93558052434457,5,2,1,1,1031,0.774024024024024,301,1183,0.8881381381381381,0.9340446168768186,963,220,0.9340446168768186,0.7308970099667774,0.8881381381381381,174,1162,6.67816091954023,0.0037537537537537537,0.0015015015015015015,0.0007507507507507507,0.0007507507507507507,0.5021867826507188,0.3389694660428208,0.0,1.0,0.34693729612178326,0.25058463968795025,0.0,0.8709677419354839,0.5446901051105473,0.2525900320735137,0.0,1.0,0.280657242962426,0.22453455250124443,0.0,1.0,19,0.16179775280898875,4.7910112359550565,9
347,1339,1880,13.320627943747319,83.66467513069455,6,2,0,2,993,0.7438202247191011,342,1179,0.8831460674157303,0.9174219536757301,911,268,0.9174219536757301,0.783625730994152,0.8831460674157303,175,1157,6.611428571428571,0.0044943820224719105,0.00149812734082397,0.0,0.00149812734082397,0.501312968271941,0.338934203449947,0.0,1.0,0.34618998289527575,0.2502905738635946,0.0,0.8709677419354839,0.5447493314702835,0.25235494663117636,0.0,1.0,0.27962610518200876,0.22379408726901567,0.0,1.0,19,0.16280806572068707,4.798356982823003,9
348,1349,1878,13.237499739290994,83.82802075611563,12,2,1,1,1007,0.7520537714712472,332,1160,0.8663181478715459,0.9106256206554121,917,243,0.9106256206554121,0.7319277108433735,0.8663181478715459,180,1138,6.322222222222222,0.008961911874533234,0.0014936519790888724,0.0007468259895444362,0.0007468259895444362,0.5022836509720462,0.3393072371294152,0.0,1.0,0.3460627944235874,0.2501771123420726,0.0,0.8709677419354839,0.5458762763337239,0.25296991126130014,0.0,1.0,0.280566249790765,0.22464816514737584,0.0,1.0,19,0.16234247590808007,4.802075611564121,9
349,1348,1881,13.202214910417403,83.97477744807122,6,7,6,1,993,0.7361008154188288,356,1144,0.8480355819125278,0.9144008056394763,908,236,0.9144008056394763,0.6629213483146067,0.8480355819125278,180,1127,6.261111111111111,0.004447739065974796,0.005189028910303929,0.004447739065974796,0.0007412898443291327,0.5030870106250598,0.33963787617852575,0.0,1.0,0.345529817172394,0.2500594235896004,0.0,0.8709677419354839,0.5460179955968221,0.25296746997516123,0.0,1.0,0.280535081841677,0.22447766446531014,0.0,1.0,19,0.16246290801186944,4.804154302670623,9
350,1347,1877,13.26118612682332,84.74387527839643,2,3,2,1,991,0.7351632047477745,357,1177,0.8731454005934718,0.9061553985872856,898,279,0.9061553985872856,0.7815126050420168,0.8731454005934718,179,1152,6.435754189944134,0.001483679525222552,0.002225519287833828,0.001483679525222552,0.000741839762611276,0.5042986804607611,0.3393978619332609,0.0,1.0,0.34525947745288216,0.25016531073513454,0.0,0.8709677419354839,0.5460401848791819,0.25302035318516114,0.0,1.0,0.2798093732787317,0.2239564546270757,0.0,1.0,19,0.16184112843355605,4.807720861172977,9
351,1349,1884,13.218905645777603,85.18013343217198,5,3,3,0,1027,0.7624350408314774,320,1196,0.8878990348923533,0.937682570593963,963,233,0.937682570593963,0.728125,0.8878990348923533,178,1181,6.634831460674158,0.003711952487008166,0.0022271714922048997,0.0022271714922048997,0.0,0.5045792582319041,0.33929766150843327,0.0,1.0,0.34546498003299936,0.25004593559784544,0.0,0.8709677419354839,0.54537411224563,0.2528561540385226,0.0,1.0,0.2796336593414477,0.22371273602288258,0.0,1.0,19,0.1608598962194218,4.8117123795404,9
352,1345,1880,13.263162562567452,85.6907063197026,4,8,4,4,1012,0.7501853224610823,337,1180,0.8747220163083765,0.9209486166007905,932,248,0.9209486166007905,0.7359050445103857,0.8747220163083765,183,1159,6.333333333333333,0.0029651593773165306,0.005930318754633061,0.0029651593773165306,0.0029651593773165306,0.5035615781268737,0.3399245047426827,0.0,1.0,0.34476555941959464,0.24970395119500272,0.0,0.8709677419354839,0.5464923851780789,0.2529294227337471,0.0,1.0,0.2795539033457249,0.22353734719807775,0.0,1.0,19,0.16282527881040892,4.811895910780669,9
353,1344,1884,13.28957570814655,86.52529761904762,4,5,1,4,1051,0.7814126394052044,294,1179,0.8765799256505576,0.9276879162702188,975,204,0.9276879162702188,0.6938775510204082,0.8765799256505576,179,1162,6.4916201117318435,0.002973977695167286,0.0037174721189591076,0.0007434944237918215,0.002973977695167286,0.5036962365591398,0.3399422044062232,0.0,1.0,0.3443740399385561,0.24948313773092357,0.0,0.8709677419354839,0.5469230030721965,0.25277838853674434,0.0,1.0,0.27901785714285715,0.22360461588774844,0.0,1.0,19,0.16294642857142858,4.8117559523809526,9
354,1343,1887,13.311946545229262,86.83469843633657,5,6,4,2,973,0.7239583333333334,371,1180,0.8779761904761905,0.9218910585817061,897,283,0.9218910585817061,0.7628032345013477,0.8779761904761905,179,1162,6.4916201117318435,0.003720238095238095,0.004464285714285714,0.002976190476190476,0.001488095238095238,0.5026781639564768,0.34028528070281827,0.0,1.0,0.3446064420051402,0.24967271143380573,0.0,0.8709677419354839,0.5465376023827252,0.2533260986089006,0.0,1.0,0.27936973074243987,0.22431950778021295,0.0,1.0,19,0.16306775874906926,4.814594192107223,9
355,1348,1883,13.309202855021399,87.32863501483679,7,2,1,1,1011,0.7527922561429635,332,1180,0.8786299329858526,0.9258160237388724,936,244,0.9258160237388724,0.7349397590361446,0.8786299329858526,177,1153,6.5141242937853105,0.0052122114668652275,0.0014892032762472078,0.0007446016381236039,0.0007446016381236039,0.5021297980281421,0.3400790551702945,0.0,1.0,0.3451230018187039,0.2497334874466371,0.0,0.8709677419354839,0.5464966018952809,0.2532917055888278,0.0,1.0,0.2788838901119939,0.22408115358418704,0.0,1.0,19,0.16246290801186944,4.822700296735905,9
356,1352,1886,13.258468206497446,87.60724852071006,8,4,3,1,1033,0.766320474777448,315,1176,0.8724035608308606,0.9138431752178122,944,232,0.9138431752178122,0.7365079365079366,0.8724035608308606,179,1158,6.4692737430167595,0.005934718100890208,0.002967359050445104,0.002225519287833828,0.000741839762611276,0.5007635044855888,0.3401011721591856,0.0,1.0,0.34505630845581214,0.24927726760214006,0.0,0.8709677419354839,0.5476235922886047,0.2532009162640793,0.0,1.0,0.279180187058599,0.22467830208330897,0.0,1.0,19,0.16420118343195267,4.824704142011834,9
357,1355,1877,13.266188273050505,87.81476014760148,9,6,3,3,1010,0.7470414201183432,342,1173,0.867603550295858,0.9386138613861386,948,225,0.9386138613861386,0.6578947368421053,0.867603550295858,182,1146,6.2967032967032965,0.006656804733727811,0.004437869822485207,0.0022189349112426036,0.0022189349112426036,0.5012736578978693,0.3399339488108595,0.0,1.0,0.34529222711581953,0.24881706559628905,0.0,0.8709677419354839,0.5475776693250803,0.2528018735126257,0.0,1.0,0.2793238900130937,0.2244136766092072,0.0,1.0,19,0.16309963099630997,4.828782287822878,9
358,1355,1874,13.223074350486318,87.89151291512916,8,8,6,2,1053,0.7771217712177122,302,1166,0.8605166051660517,0.9240265906932573,973,193,0.9240265906932573,0.6390728476821192,0.8605166051660517,182,1145,6.291208791208791,0.005904059040590406,0.005904059040590406,0.004428044280442804,0.0014760147601476014,0.5008689441733126,0.34007977782316623,0.0,1.0,0.34479228663254374,0.24926457437415184,0.0,0.8709677419354839,0.5477919295321986,0.253101512981194,0.0,1.0,0.27868110939173907,0.2229684201379769,0.0,1.0,19,0.16309963099630997,4.83690036900369,9
359,1360,1884,13.155799848578024,88.38602941176471,7,2,1,1,1034,0.76309963099631,321,1161,0.8568265682656827,0.9313346228239845,963,198,0.9313346228239845,0.616822429906542,0.8568265682656827,170,1141,6.711764705882353,0.0051660516605166054,0.0014760147601476014,0.0007380073800738007,0.0007380073800738007,0.501826375711575,0.33975806895388905,0.0,1.0,0.3449952561669829,0.24940764120213652,0.0,0.8709677419354839,0.5476280834914611,0.25358307484609255,0.0,1.0,0.2800759013282732,0.22407641758628966,0.0,1.0,19,0.16176470588235295,4.838235294117647,9
360,1363,1881,13.126835172649924,88.58473954512105,8,5,3,2,1006,0.7397058823529412,354,1184,0.8705882352941177,0.9304174950298211,936,248,0.9304174950298211,0.7005649717514124,0.8705882352941177,168,1149,6.839285714285714,0.0058823529411764705,0.003676470588235294,0.0022058823529411764,0.0014705882352941176,0.5013135162000331,0.3390270492617493,0.0,1.0,0.34553759496367126,0.24911971437563085,0.0,0.8709677419354839,0.5480320923958062,0.25296845567188736,0.0,1.0,0.27872577095117507,0.2234354978698859,0.0,1.0,19,0.16067498165810712,4.853264856933236,10
361,1368,1875,13.113892212776397,88.97880116959064,8,3,2,1,998,0.7322083639031548,365,1150,0.8437270726338958,0.9108216432865731,909,241,0.9108216432865731,0.6602739726027397,0.8437270726338958,178,1122,6.303370786516854,0.00586940572267058,0.0022010271460014674,0.001467351430667645,0.0007336757153338225,0.5031597811733636,0.3390204311363593,0.0,1.0,0.34488775702697605,0.24896689991412843,0.0,0.8709677419354839,0.5472788153178645,0.2534026810613264,0.0,1.0,0.2786030937558951,0.2234673459187632,0.0,1.0,19,0.1600877192982456,4.869883040935672,10
362,1370,1867,13.075280208842115,89.04452554744526,9,7,4,3,1027,0.7507309941520468,341,1204,0.8801169590643275,0.9230769230769231,948,256,0.9230769230769231,0.750733137829912,0.8801169590643275,186,1182,6.354838709677419,0.006578947368421052,0.005116959064327485,0.0029239766081871343,0.0021929824561403508,0.5035083588415351,0.3393680964007497,0.0,1.0,0.3457734871674123,0.24949390363082102,0.0,0.8709677419354839,0.547869084059336,0.25305601069894007,0.0,1.0,0.27758417706616434,0.22366600347152546,0.0,1.0,19,0.15985401459854015,4.881751824817519,10
363,1377,1871,13.007673017423887,89.4647785039942,9,2,1,1,1039,0.7583941605839416,331,1215,0.8868613138686131,0.9451395572666025,982,233,0.9451395572666025,0.7039274924471299,0.8868613138686131,179,1198,6.692737430167598,0.006569343065693431,0.00145985401459854,0.00072992700729927,0.00072992700729927,0.5037833532457189,0.3393461181240257,0.0,1.0,0.34511678028439574,0.24917928255830366,0.0,0.8709677419354839,0.5474031906669478,0.25331313500093156,0.0,1.0,0.27706327453323026,0.2235265229938825,0.0,1.0,19,0.15976761074800291,4.89760348583878,10
364,1377,1856,13.059195204381217,90.09295570079884,5,5,3,2,1063,0.7719680464778504,314,1185,0.8605664488017429,0.9219190968955786,980,205,0.9219190968955786,0.6528662420382165,0.8605664488017429,178,1148,6.449438202247191,0.0036310820624546117,0.0036310820624546117,0.002178649237472767,0.0014524328249818446,0.5043924379787758,0.33934323463014165,0.0,1.0,0.3455384543303582,0.2490892166274253,0.0,0.8709677419354839,0.5475906013540421,0.2536298167412682,0.0,1.0,0.27783634361749476,0.22332923262486806,0.0,1.0,19,0.15904139433551198,4.89760348583878,10
365,1374,1846,13.115902385630912,90.47889374090248,5,8,4,4,1030,0.7480029048656499,347,1169,0.8489469862018881,0.9,927,242,0.9,0.6974063400576369,0.8489469862018881,184,1143,6.211956521739131,0.0036310820624546117,0.005809731299927378,0.002904865649963689,0.002904865649963689,0.504038127435789,0.33941379410609146,0.0,1.0,0.346551157440015,0.24941227253534837,0.0,0.8709677419354839,0.5485279616847443,0.2535585476248431,0.0,1.0,0.27696389162792884,0.22318076802795805,0.0,1.0,19,0.15938864628820962,4.904657933042213,10
366,1376,1842,13.097559749161832,90.58575581395348,7,5,5,0,991,0.7212518195050946,383,1136,0.826783114992722,0.8940464177598385,886,250,0.8940464177598385,0.6527415143603134,0.826783114992722,177,1109,6.265536723163842,0.005094614264919942,0.00363901018922853,0.00363901018922853,0.0,0.5038681545386346,0.3390312730287544,0.0,1.0,0.3477588147036759,0.24963631500940925,0.0,0.8709677419354839,0.5491841710427606,0.25349533614637865,0.0,1.0,0.2763972243060765,0.2231307458916349,0.0,1.0,19,0.15915697674418605,4.915697674418604,10
367,1382,1839,13.03123334179887,90.93994211287989,10,4,2,2,1060,0.7703488372093024,316,1122,0.815406976744186,0.879245283018868,932,190,0.879245283018868,0.6012658227848101,0.815406976744186,172,1091,6.343023255813954,0.007267441860465116,0.0029069767441860465,0.0014534883720930232,0.0014534883720930232,0.5036646281686196,0.33852307594243747,0.0,1.0,0.34636571588627985,0.24951957283597265,0.0,0.8709677419354839,0.5491106857756407,0.2535853529385884,0.0,1.0,0.27599085010036883,0.2222593647989669,0.0,1.0,19,0.15846599131693198,4.929811866859624,11
368,1381,1833,13.011875420091101,91.06444605358436,7,8,6,2,1041,0.7532561505065123,341,1193,0.8632416787264834,0.914505283381364,952,241,0.914505283381364,0.7067448680351907,0.8632416787264834,187,1174,6.278074866310161,0.005065123010130246,0.005788712011577424,0.004341534008683068,0.001447178002894356,0.5034220177057298,0.3378481653006229,0.0,1.0,0.34603256172479036,0.24920571026089558,0.0,0.8709677419354839,0.5499053981453365,0.2534715733390325,0.0,1.0,0.27544322720796055,0.22217703633716082,0.0,1.0,19,0.15930485155684287,4.947863866763215,11
369,1379,1822,13.068633401811358,91.68382886149384,5,7,3,4,1035,0.7494569152787834,346,1207,0.8740043446777698,0.9169082125603865,949,258,0.9169082125603865,0.7456647398843931,0.8740043446777698,178,1174,6.595505617977528,0.003620564808110065,0.005068790731354091,0.002172338884866039,0.002896451846488052,0.502327539825493,0.33766858856468623,0.0,1.0,0.34616014409693796,0.24872147028319003,0.0,0.8709677419354839,0.5510772181805422,0.25302306433793187,0.0,1.0,0.27453273760789726,0.22248299883740152,0.0,1.0,19,0.1602610587382161,4.959390862944162,11
370,1377,1811,13.103171834027574,92.0885984023239,5,7,5,2,1063,0.7708484408992023,316,1191,0.8636693255982596,0.9200376293508937,978,213,0.9200376293508937,0.6740506329113924,0.8636693255982596,178,1158,6.50561797752809,0.0036258158085569255,0.005076142131979695,0.0036258158085569255,0.0014503263234227702,0.5018858200388877,0.3373967012326011,0.0,1.0,0.3456321596739054,0.24856122211152162,0.0,0.8709677419354839,0.5517370628060065,0.25295404509329755,0.0,1.0,0.2754702836929276,0.22301669981859942,0.0,1.0,19,0.16122004357298475,4.957879448075526,11
371,1381,1803,13.078160451798398,92.20492396813903,10,6,3,3,1013,0.7356572258533043,364,1190,0.8641975308641975,0.9190523198420533,931,259,0.9190523198420533,0.7115384615384616,0.8641975308641975,176,1158,6.579545454545454,0.007262164124909223,0.004357298474945534,0.002178649237472767,0.002178649237472767,0.5036556025320594,0.33755342202247396,0.0,1.0,0.3453551657284343,0.24821283311012274,0.0,0.8709677419354839,0.5506061526243256,0.2527042298973016,0.0,1.0,0.2757702459648221,0.22292321088179115,0.0,1.0,19,0.16002896451846488,4.9811730629978275,11
372,1383,1790,13.07889477269102,92.53723788864787,7,5,4,1,1025,0.7422157856625634,356,1163,0.8421433743664012,0.8975609756097561,920,243,0.8975609756097561,0.6825842696629213,0.8421433743664012,180,1130,6.277777777777778,0.005068790731354091,0.003620564808110065,0.002896451846488052,0.000724112961622013,0.5035103678305693,0.33730017887586006,0.0,1.0,0.34434259324050104,0.2482500023417409,0.0,0.8709677419354839,0.5502064236232593,0.2531094286132808,0.0,1.0,0.2753014717887715,0.22285342534844524,0.0,1.0,19,0.16052060737527116,4.9971077368040495,12
373,1382,1787,13.083109287156661,93.0520984081042,5,6,3,3,1067,0.7715112075198843,316,1171,0.8467100506146059,0.8894095595126523,949,222,0.8894095595126523,0.7025316455696202,0.8467100506146059,172,1140,6.627906976744186,0.0036153289949385392,0.004338394793926247,0.0021691973969631237,0.0021691973969631237,0.502264133327109,0.3366417381830129,0.0,1.0,0.3439148499136362,0.24783589160460348,0.0,0.8709677419354839,0.5499042995191634,0.2527818496920343,0.0,1.0,0.27505718687269504,0.22182412304961294,0.0,1.0,19,0.15991316931982633,5.005788712011578,12
374,1391,1764,13.048924141460924,93.06326383896477,13,4,3,1,1048,0.7583212735166426,334,1179,0.8531114327062229,0.9074427480916031,951,228,0.9074427480916031,0.6826347305389222,0.8531114327062229,188,1144,6.085106382978723,0.009406657018813314,0.002894356005788712,0.002170767004341534,0.000723589001447178,0.5029336054358665,0.3360049036563056,0.0,1.0,0.3444725307854642,0.2482650390671519,0.0,0.8709677419354839,0.5504278657730572,0.252962057875868,0.0,1.0,0.2753414809489576,0.22256128272066633,0.0,1.0,19,0.1588785046728972,5.0172537742631205,12
375,1393,1754,13.027630055688618,93.4572864321608,8,6,3,3,1069,0.7685118619698059,322,1184,0.8511861969805895,0.9045837231057062,967,217,0.9045837231057062,0.6739130434782609,0.8511861969805895,185,1159,6.264864864864865,0.005751258087706686,0.004313443565780014,0.002156721782890007,0.002156721782890007,0.5038788412106616,0.33623922666412104,0.0,1.0,0.344788458421138,0.24846800456972304,0.0,0.8709677419354839,0.5495449598221522,0.25358553986449944,0.0,1.0,0.274830373063474,0.22179219903113231,0.0,1.0,18,0.15793251974156497,5.025125628140704,12
376,1392,1750,12.992389037390433,93.625,10,11,5,6,1064,0.7638190954773869,329,1187,0.8521177315147165,0.9116541353383458,970,217,0.9116541353383458,0.6595744680851063,0.8521177315147165,178,1161,6.522471910112359,0.007178750897343862,0.007896625987078248,0.003589375448671931,0.004307250538406317,0.5036614757137561,0.3363977123803715,0.0,1.0,0.34394697812384134,0.2483474082616595,0.0,0.8709677419354839,0.550101965146459,0.2531690404137021,0.0,1.0,0.2742167222840193,0.22095738834276973,0.0,1.0,18,0.15948275862068967,5.038074712643678,12
377,1397,1743,12.938816570659293,93.8117394416607,9,4,3,1,1043,0.7492816091954023,349,1179,0.8469827586206896,0.9031639501438159,942,237,0.9031639501438159,0.6790830945558739,0.8469827586206896,179,1151,6.430167597765363,0.00646551724137931,0.0028735632183908046,0.0021551724137931034,0.0007183908045977011,0.502112822407463,0.3358807750575757,0.0,1.0,0.34387050592283,0.24848508385702187,0.0,0.8709677419354839,0.5512965571385688,0.25286374491937313,0.0,1.0,0.2734661832960029,0.22086289293478967,0.0,1.0,18,0.16105941302791696,5.048675733715104,12
378,1399,1733,12.942035878935437,94.30521801286633,6,4,3,1,1056,0.7559055118110236,341,1164,0.8332140300644237,0.8901515151515151,940,224,0.8901515151515151,0.656891495601173,0.8332140300644237,175,1129,6.451428571428571,0.004294917680744453,0.002863278453829635,0.0021474588403722263,0.0007158196134574087,0.5019022804307224,0.33571995991184717,0.0,1.0,0.3433327953146256,0.2486778534918606,0.0,0.8709677419354839,0.5520071940787198,0.2527428966634548,0.0,1.0,0.27277548479328556,0.22035504735302147,0.0,1.0,18,0.16154395997140814,5.061472480343102,12
379,1407,1722,12.851758622151195,94.27078891257996,15,7,3,4,1068,0.7634024303073624,331,1157,0.8270192994996426,0.901685393258427,963,194,0.901685393258427,0.5861027190332326,0.8270192994996426,174,1120,6.436781609195402,0.010721944245889922,0.005003573981415297,0.002144388849177984,0.0028591851322373124,0.5021207327418209,0.3360153403461642,0.0,1.0,0.34275626475915355,0.2483492483724866,0.0,0.8709677419354839,0.5496251461586079,0.25303161321463835,0.0,1.0,0.2725084256138662,0.21949678822419408,0.0,1.0,18,0.15991471215351813,5.070362473347548,12
380,1411,1708,12.839987969249828,94.43656980864635,11,7,3,4,1019,0.7242359630419332,388,1173,0.8336886993603412,0.9038272816486752,921,252,0.9038272816486752,0.6494845360824743,0.8336886993603412,179,1138,6.35754189944134,0.007818052594171997,0.004975124378109453,0.0021321961620469083,0.0028429282160625444,0.501863240438033,0.33582254173168996,0.0,1.0,0.34260762213941154,0.24820882532490027,0.0,0.8709677419354839,0.5493701561464073,0.25361625672681554,0.0,1.0,0.2731533344002195,0.22017807329782046,0.0,1.0,18,0.16087880935506732,5.0829199149539335,12
381,1411,1694,12.861195003984784,94.86605244507442,7,7,3,4,1045,0.7406094968107725,366,1203,0.8525868178596739,0.9052631578947369,946,257,0.9052631578947369,0.7021857923497268,0.8525868178596739,181,1170,6.464088397790055,0.004961020552799433,0.004961020552799433,0.002126151665485471,0.002834868887313962,0.5026405431974578,0.3357690123583979,0.0,1.0,0.34217324706796826,0.24822417992792317,0.0,0.8709677419354839,0.5490043666125602,0.2539486882201673,0.0,1.0,0.2726503737911799,0.22022535954201997,0.0,1.0,18,0.16087880935506732,5.091424521615875,12
382,1409,1685,12.812334489880765,94.95386799148332,9,11,8,3,1072,0.7597448618001418,339,1181,0.8369950389794472,0.8936567164179104,958,223,0.8936567164179104,0.6578171091445427,0.8369950389794472,183,1155,6.311475409836065,0.0063784549964564135,0.007795889440113395,0.005669737774627924,0.002126151665485471,0.5021864053664232,0.33537855954568707,0.0,1.0,0.34270473225119624,0.24858478432257353,0.0,0.8709677419354839,0.5483870967741935,0.25474060756914496,0.0,1.0,0.27228187458504083,0.22010291639534507,0.0,1.0,18,0.16181689141234917,5.102200141944642,12
383,1409,1673,12.79443771462016,95.26401703335699,9,9,4,5,1059,0.751596877217885,350,1159,0.8225691980127751,0.8923512747875354,945,214,0.8923512747875354,0.6114285714285714,0.8225691980127751,180,1127,6.261111111111111,0.0063875088715401,0.0063875088715401,0.0028388928317956,0.0035486160397444995,0.5017743080198722,0.33510121586157826,0.0,1.0,0.3424757892808901,0.2489357083215499,0.0,0.8709677419354839,0.548707616932622,0.2549548513300023,0.0,1.0,0.27102268824835735,0.21998768694134313,0.0,1.0,18,0.16323633782824698,5.113555713271824,12
384,1414,1658,12.73783738739691,95.30480905233381,12,7,5,2,1041,0.7388218594748048,368,1187,0.8424414478353442,0.9029779058597502,940,247,0.9029779058597502,0.6711956521739131,0.8424414478353442,178,1150,6.46067415730337,0.008516678495386799,0.0049680624556423,0.0035486160397444995,0.0014194464158978,0.5002965734361454,0.33469010303637164,0.0,1.0,0.3434320390564402,0.24917857951424013,0.0,0.8709677419354839,0.5493452571063557,0.2549094681023269,0.0,1.0,0.27042934708217364,0.21997610241338902,0.0,1.0,18,0.16336633663366337,5.126591230551627,12
385,1415,1648,12.755023222687742,95.84734982332155,5,4,2,2,1038,0.7340876944837341,376,1161,0.8210749646393211,0.8728323699421965,906,255,0.8728323699421965,0.6781914893617021,0.8210749646393211,178,1129,6.342696629213483,0.003536067892503536,0.002828854314002829,0.0014144271570014145,0.0014144271570014145,0.49964664310954066,0.3349564682444962,0.0,1.0,0.34364527527641625,0.24887405762495632,0.0,0.8709677419354839,0.5498917132109883,0.254851365505743,0.0,1.0,0.26996466431095406,0.2199939593261865,0.0,1.0,18,0.16466431095406361,5.128621908127209,12
386,1416,1634,12.727265162245423,95.96045197740114,10,9,6,3,1024,0.7236749116607774,391,1181,0.8346289752650177,0.8916015625,913,268,0.8916015625,0.6854219948849105,0.8346289752650177,182,1149,6.313186813186813,0.007067137809187279,0.0063604240282685515,0.004240282685512367,0.0021201413427561835,0.49974940769090576,0.3347683004394484,0.0,1.0,0.3438126480772736,0.24942034213803102,0.0,0.8709677419354839,0.5501184618188446,0.25513175567741825,0.0,1.0,0.2689083287771095,0.21817264420112592,0.0,1.0,18,0.16454802259887005,5.144774011299435,12
387,1411,1626,12.74043146333582,96.4004252303331,5,10,5,5,1093,0.7718926553672316,323,1214,0.8573446327683616,0.9130832570905764,998,216,0.9130832570905764,0.6687306501547987,0.8573446327683616,183,1189,6.497267759562842,0.0035310734463276836,0.007062146892655367,0.0035310734463276836,0.0035310734463276836,0.5002857730733179,0.33399772395012844,0.0,1.0,0.3442765368875883,0.24943968617627477,0.0,0.8709677419354839,0.5493701561464073,0.25521345462708916,0.0,1.0,0.26906106399030655,0.21819589306371273,0.0,1.0,18,0.1630049610205528,5.150956768249468,12
388,1416,1615,12.718864814090798,96.80437853107344,12,7,1,6,1045,0.7406094968107725,366,1146,0.81218993621545,0.8928229665071771,933,213,0.8928229665071771,0.5819672131147541,0.81218993621545,176,1111,6.3125,0.008504606661941885,0.004961020552799433,0.0007087172218284905,0.004252303330970942,0.49890650628758887,0.33460412516244825,0.0,1.0,0.343265901221068,0.24905057820916807,0.0,0.8709677419354839,0.5496628394386732,0.2550710653310517,0.0,1.0,0.2683160196828868,0.21847054170853208,0.0,1.0,18,0.16596045197740114,5.15819209039548,12
389,1421,1609,12.664411082673507,97.14637579169599,12,7,2,5,1064,0.751412429378531,352,1142,0.806497175141243,0.868421052631579,924,218,0.868421052631579,0.6193181818181818,0.806497175141243,175,1111,6.348571428571429,0.00847457627118644,0.0049435028248587575,0.0014124293785310734,0.0035310734463276836,0.4993530226328574,0.3345388330480283,0.0,1.0,0.34380604299561873,0.2490858516227825,0.0,0.8709677419354839,0.5488411159792059,0.2554659619596492,0.0,1.0,0.2692787904928378,0.21855086069566146,0.0,1.0,18,0.16467276565798733,5.1681914144968335,12
390,1425,1594,12.636939217140597,97.4498245614035,10,6,3,3,1074,0.7558057705840957,347,1146,0.8064743138634765,0.8743016759776536,939,207,0.8743016759776536,0.5965417867435159,0.8064743138634765,180,1111,6.1722222222222225,0.007037297677691766,0.00422237860661506,0.00211118930330753,0.00211118930330753,0.4998754951895869,0.3348610177057203,0.0,1.0,0.3444708545557442,0.24899864769771993,0.0,0.8709677419354839,0.5483418222976797,0.2553936450596579,0.0,1.0,0.26804753820033955,0.21802339369286775,0.0,1.0,18,0.16421052631578947,5.176140350877193,12
391,1423,1584,12.642507337833283,97.87350667603654,6,8,4,4,1089,0.7642105263157895,336,1162,0.8154385964912281,0.8769513314967861,955,207,0.8769513314967861,0.6160714285714286,0.8154385964912281,180,1132,6.288888888888889,0.004210526315789474,0.005614035087719298,0.002807017543859649,0.002807017543859649,0.49962596060118336,0.3343308669424132,0.0,1.0,0.34409357785686756,0.2487966289644788,0.0,0.8709677419354839,0.548953823136037,0.2553849517521768,0.0,1.0,0.2681522453698456,0.218312787017358,0.0,1.0,18,0.1651440618411806,5.1876317638791285,12
392,1427,1572,12.625342078025877,98.18920812894184,12,8,2,6,1012,0.7111735769501054,411,1159,0.814476458186929,0.8784584980237155,889,270,0.8784584980237155,0.656934306569343,0.814476458186929,175,1122,6.411428571428571,0.008432888264230498,0.005621925509486999,0.0014054813773717498,0.004216444132115249,0.49985306417704634,0.3340903033599705,0.0,1.0,0.34351334855437754,0.24879230884995904,0.0,0.8709677419354839,0.5492008951782444,0.25590668798816385,0.0,1.0,0.2685082623143522,0.2181680713760905,0.0,1.0,18,0.16538192011212333,5.194814295725298,12
393,1427,1560,12.58509187487284,98.47302032235459,8,8,5,3,1097,0.7687456201822004,330,1176,0.8241065171688857,0.8805834092980857,966,210,0.8805834092980857,0.6363636363636364,0.8241065171688857,179,1143,6.385474860335195,0.005606166783461808,0.005606166783461808,0.00350385423966363,0.002102312543798178,0.4998304586658227,0.3343935466422796,0.0,1.0,0.3416370911228157,0.24788481688698166,0.0,0.8709677419354839,0.5479801975721681,0.2555426615808961,0.0,1.0,0.26719714266338135,0.2170038041282128,0.0,1.0,18,0.16608269096005607,5.213034337771549,12
394,1424,1549,12.604139731616645,98.76334269662921,12,15,4,11,1065,0.7463209530483532,362,1167,0.8177995795374913,0.9032863849765258,962,205,0.9032863849765258,0.5662983425414365,0.8177995795374913,174,1130,6.494252873563219,0.008409250175192713,0.01051156271899089,0.002803083391730904,0.007708479327259986,0.5002944907575209,0.3341897556274885,0.0,1.0,0.34018213120695906,0.24726081982779266,0.0,0.8709677419354839,0.5463483146067416,0.25631473405284544,0.0,1.0,0.26871148967017033,0.21746971558955167,0.0,1.0,18,0.16713483146067415,5.216292134831461,12
395,1426,1536,12.590098392611065,98.94039270687237,10,8,4,4,1062,0.7457865168539326,362,1162,0.8160112359550562,0.8813559322033898,936,226,0.8813559322033898,0.6243093922651933,0.8160112359550562,180,1129,6.272222222222222,0.007022471910112359,0.0056179775280898875,0.0028089887640449437,0.0028089887640449437,0.49952495136406827,0.33391195223401976,0.0,1.0,0.33970501741845,0.2478276932469497,0.0,0.8709677419354839,0.5467809799574719,0.2564070775828404,0.0,1.0,0.26851558611953125,0.21743036682692102,0.0,1.0,18,0.16830294530154277,5.225105189340813,12
396,1421,1523,12.592490319829976,99.16819141449683,8,13,6,7,1092,0.7657784011220197,334,1172,0.8218793828892006,0.8763736263736264,957,215,0.8763736263736264,0.6437125748502994,0.8218793828892006,173,1132,6.543352601156069,0.005610098176718092,0.0091164095371669,0.004207573632538569,0.004908835904628331,0.4987854986265919,0.3338886929373041,0.0,1.0,0.33933395382624687,0.24770162529625825,0.0,0.8709677419354839,0.5465937209143947,0.2565798705569498,0.0,1.0,0.26807563959955505,0.21647003648750957,0.0,1.0,18,0.1688951442646024,5.243490499648135,12
397,1409,1506,12.683063794332995,99.6139105748758,6,18,7,11,1108,0.7797325826882477,313,1183,0.8325123152709359,0.8971119133574007,994,189,0.8971119133574007,0.6038338658146964,0.8325123152709359,191,1157,6.057591623036649,0.00422237860661506,0.012667135819845179,0.0049261083743842365,0.007741027445460943,0.49975960988117857,0.33406619708375457,0.0,1.0,0.3402092538748598,0.2479847755011653,0.0,0.8709677419354839,0.5449529522196022,0.2571557742826298,0.0,1.0,0.26866457565420454,0.21647532553364876,0.0,1.0,18,0.16678495386799147,5.242015613910575,12
398,1408,1491,12.651200449353258,99.49573863636364,12,13,8,5,1011,0.7175301632363378,398,1156,0.8204400283889283,0.8763600395647874,886,270,0.8763600395647874,0.678391959798995,0.8204400283889283,177,1118,6.31638418079096,0.008516678495386799,0.009226401703335699,0.0056777856635912,0.0035486160397444995,0.5014204545454546,0.3339382426146227,0.0,1.0,0.3400384897360704,0.2478677797243407,0.0,0.8709677419354839,0.5432093108504399,0.25741034151816344,0.0,1.0,0.26880956744868034,0.2164120790195097,0.0,1.0,18,0.16619318181818182,5.261363636363637,12
399,1408,1479,12.64417607527452,99.79119318181819,10,10,5,5,1026,0.7286931818181818,382,1163,0.8259943181818182,0.8996101364522417,923,240,0.8996101364522417,0.6282722513089005,0.8259943181818182,181,1132,6.254143646408839,0.007102272727272727,0.007102272727272727,0.0035511363636363635,0.0035511363636363635,0.5022223240469208,0.33385861293626784,0.0,1.0,0.33953445747800587,0.24797132318327111,0.0,0.8709677419354839,0.5421554252199413,0.2579262346958016,0.0,1.0,0.26954270527859236,0.21634710639051088,0.0,1.0,18,0.16761363636363635,5.2663352272727275,12
400,1399,1466,12.709738082020213,100.25089349535382,6,15,7,8,1041,0.7393465909090909,367,1178,0.8366477272727273,0.8972142170989433,934,244,0.8972142170989433,0.6648501362397821,0.8366477272727273,178,1143,6.421348314606742,0.004261363636363636,0.01065340909090909,0.004971590909090909,0.005681818181818182,0.5017408748184187,0.3346579068838082,0.0,1.0,0.33932071295164745,0.24760509688052776,0.0,0.8709677419354839,0.5420461620051189,0.258120632389219,0.0,1.0,0.2694781987133667,0.21680036452124582,0.0,1.0,18,0.16726233023588277,5.270192994996426,12
401,1396,1453,12.695533946490023,100.25071633237822,12,15,8,7,1052,0.7519656897784132,347,1117,0.7984274481772695,0.8688212927756654,914,203,0.8688212927756654,0.5850144092219021,0.7984274481772695,174,1078,6.195402298850575,0.008577555396711936,0.010721944245889922,0.005718370264474625,0.005003573981415297,0.5018254921896663,0.33481794675882015,0.0,1.0,0.3406507070893798,0.24818761031837444,0.0,0.8709677419354839,0.5412699879841021,0.25845134298098565,0.0,1.0,0.2702652740549034,0.2175759227091265,0.0,1.0,18,0.1683381088825215,5.267908309455588,12
402,1395,1436,12.729991363328368,100.49534050179211,9,10,4,6,1070,0.7664756446991404,326,1173,0.8402578796561605,0.8990654205607477,962,211,0.8990654205607477,0.647239263803681,0.8402578796561605,180,1136,6.311111111111111,0.0064469914040114614,0.0071633237822349575,0.0028653295128939827,0.004297994269340974,0.49975719736385704,0.3347665594773692,0.0,1.0,0.3412417620534166,0.24828587811220917,0.0,0.8709677419354839,0.5413342582957568,0.2583971659547799,0.0,1.0,0.27034339229968785,0.21751089761678283,0.0,1.0,18,0.16845878136200718,5.2767025089605735,12
403,1396,1434,12.717403241842854,100.87965616045845,8,7,4,3,993,0.7118279569892473,402,1115,0.7992831541218638,0.8811681772406847,875,240,0.8811681772406847,0.5970149253731343,0.7992831541218638,170,1083,6.370588235294117,0.005734767025089606,0.005017921146953405,0.002867383512544803,0.002150537634408602,0.4992836676217765,0.3342227549017889,0.0,1.0,0.3417136519086792,0.24855517542381378,0.0,0.8709677419354839,0.541940105370182,0.2586289349087616,0.0,1.0,0.2700573065902579,0.21759262354901626,0.0,1.0,18,0.167621776504298,5.280085959885387,12
404,1389,1424,12.749663456307983,101.16126709863211,6,13,8,5,1057,0.7571633237822349,339,1155,0.8273638968481375,0.8845789971617786,935,220,0.8845789971617786,0.6489675516224189,0.8273638968481375,177,1122,6.338983050847458,0.004297994269340974,0.009312320916905445,0.0057306590257879654,0.0035816618911174787,0.4992916695696602,0.33402511648223016,0.0,1.0,0.3412526997840173,0.24806840408741132,0.0,0.8709677419354839,0.5421630785666178,0.25872307754650886,0.0,1.0,0.2702570891102905,0.21774925240951346,0.0,1.0,18,0.1677465802735781,5.297336213102952,12
405,1384,1407,12.79692265083225,101.33309248554913,9,14,6,8,1047,0.7537796976241901,342,1176,0.8466522678185745,0.9092645654250239,952,224,0.9092645654250239,0.6549707602339181,0.8466522678185745,179,1138,6.35754189944134,0.0064794816414686825,0.010079193664506839,0.004319654427645789,0.005759539236861051,0.5000466157001678,0.3339975685436773,0.0,1.0,0.3405976132761514,0.24848984103565025,0.0,0.8709677419354839,0.5410451239977624,0.2592668848370247,0.0,1.0,0.2705342159239232,0.21699426546012773,0.0,1.0,18,0.16979768786127167,5.30635838150289,12
406,1385,1396,12.816113158420073,101.60866425992779,8,7,4,3,1004,0.7254335260115607,380,1093,0.7897398843930635,0.8814741035856574,885,208,0.8814741035856574,0.5473684210526316,0.7897398843930635,179,1061,5.927374301675978,0.005780346820809248,0.0050578034682080926,0.002890173410404624,0.002167630057803468,0.5005240479795039,0.3334377459419538,0.0,1.0,0.34163270059392103,0.2493745908200851,0.0,0.8709677419354839,0.5417957377431001,0.2595670333518388,0.0,1.0,0.2703388843600792,0.21699951697340336,0.0,1.0,18,0.16967509025270758,5.32202166064982,12
407,1381,1393,12.822234714385903,101.78421433743664,7,11,7,4,1029,0.7429602888086643,356,1147,0.828158844765343,0.8833819241982507,909,238,0.8833819241982507,0.6685393258426966,0.828158844765343,172,1116,6.488372093023256,0.005054151624548736,0.007942238267148015,0.005054151624548736,0.002888086642599278,0.49949779262339117,0.33325059353654346,0.0,1.0,0.3407301861671066,0.24916904554139327,0.0,0.8709677419354839,0.54072551447058,0.2595727123898501,0.0,1.0,0.27039779495923943,0.21672618253877554,0.0,1.0,18,0.17089065894279507,5.336712527154236,12
408,1382,1376,12.850012923878834,102.17076700434153,5,4,4,0,1071,0.775524981897176,310,1149,0.832005792903693,0.9094304388422035,974,175,0.9094304388422035,0.5645161290322581,0.832005792903693,179,1111,6.206703910614525,0.003620564808110065,0.002896451846488052,0.002896451846488052,0.0,0.5008869800662901,0.33309557807156304,0.0,1.0,0.34067037019746976,0.2494965488059643,0.0,0.8709677419354839,0.5401241772092806,0.2598575187039656,0.0,1.0,0.27057560337986086,0.2167450267226693,0.0,1.0,18,0.17221418234442837,5.348769898697539,12
409,1390,1359,12.776653135875232,101.70935251798561,18,10,5,5,1032,0.7467438494934877,350,1098,0.7945007235890015,0.8682170542635659,896,202,0.8682170542635659,0.5771428571428572,0.7945007235890015,171,1052,6.152046783625731,0.013024602026049204,0.00723589001447178,0.00361794500723589,0.00361794500723589,0.5016477140867951,0.332125974844767,0.0,1.0,0.33949872360176375,0.2490606527672693,0.0,0.8709677419354839,0.539870039452309,0.26015356216622637,0.0,1.0,0.270735669528893,0.2163098138939764,0.0,1.0,18,0.17266187050359713,5.371942446043166,12
410,1388,1358,12.798540898962935,102.29250720461096,8,10,3,7,1016,0.7309352517985611,374,1124,0.8086330935251799,0.8848425196850394,899,225,0.8848425196850394,0.6016042780748663,0.8086330935251799,175,1098,6.274285714285714,0.0057553956834532375,0.007194244604316547,0.002158273381294964,0.005035971223021582,0.5037649902389142,0.332205229757268,0.0,1.0,0.33977874872176256,0.24881073531633757,0.0,0.8709677419354839,0.539718322952496,0.2599845530932907,0.0,1.0,0.2705447615506182,0.21653436049969083,0.0,1.0,18,0.1729106628242075,5.376801152737752,12
411,1385,1347,12.8206940102318,102.5682310469314,9,12,6,6,1011,0.728386167146974,377,1147,0.8263688760806917,0.8941641938674579,904,243,0.8941641938674579,0.6445623342175066,0.8263688760806917,177,1113,6.288135593220339,0.006484149855907781,0.008645533141210375,0.004322766570605188,0.004322766570605188,0.503225806451613,0.3321808899123427,0.0,1.0,0.3398625829742634,0.24914792733845573,0.0,0.8709677419354839,0.5389775241644347,0.26040073671561786,0.0,1.0,0.2699429369977874,0.2166247921439976,0.0,1.0,18,0.17328519855595667,5.388447653429603,13
412,1380,1336,12.87510039056334,103.24782608695652,3,8,5,3,1035,0.7472924187725631,350,1133,0.8180505415162455,0.8821256038647343,913,220,0.8821256038647343,0.6285714285714286,0.8180505415162455,169,1091,6.455621301775148,0.0021660649819494585,0.005776173285198556,0.0036101083032490976,0.0021660649819494585,0.503833567087424,0.33219373068814345,0.0,1.0,0.3402524544179523,0.24963114063231154,0.0,0.8709677419354839,0.5386863020102852,0.2607391193946449,0.0,1.0,0.27021972884525475,0.2168532554454795,0.0,1.0,18,0.17391304347826086,5.393478260869565,13
413,1382,1324,12.867424535610471,103.49348769898698,11,9,3,6,1056,0.7652173913043478,324,1119,0.8108695652173913,0.8825757575757576,932,187,0.8825757575757576,0.5771604938271605,0.8108695652173913,172,1079,6.273255813953488,0.007971014492753623,0.006521739130434782,0.002173913043478261,0.004347826086956522,0.503594603426544,0.33201544939383526,0.0,1.0,0.33973670696979597,0.249710282275979,0.0,0.8709677419354839,0.5394472713692171,0.2601146008053157,0.0,1.0,0.27113580131646514,0.21808695757462165,0.0,1.0,18,0.17221418234442837,5.400868306801737,13
414,1377,1326,12.831199564506427,103.63834422657952,9,14,8,6,1036,0.7496382054992764,346,1152,0.8335745296671491,0.890926640926641,923,229,0.890926640926641,0.661849710982659,0.8335745296671491,166,1120,6.746987951807229,0.006512301013024602,0.010130246020260492,0.005788712011577424,0.004341534008683068,0.5054700494295687,0.33241351198207986,0.0,1.0,0.33928362264858153,0.24881795642593685,0.0,0.8709677419354839,0.5388525780682644,0.26073115506651223,0.0,1.0,0.2716752172792653,0.21800605067996287,0.0,1.0,18,0.17429193899782136,5.412490922294844,13
415,1382,1316,12.770436566662887,103.57380607814761,10,5,4,1,1038,0.7538126361655774,339,1151,0.8358750907770516,0.9036608863198459,938,213,0.9036608863198459,0.6283185840707964,0.8358750907770516,180,1121,6.227777777777778,0.007262164124909223,0.0036310820624546117,0.002904865649963689,0.0007262164124909223,0.5059754446571122,0.3322350607860167,0.0,1.0,0.33824284580551794,0.24891464823572296,0.0,0.8709677419354839,0.5384669249801596,0.2606718769841927,0.0,1.0,0.27057560337986086,0.21645649957711335,0.0,1.0,18,0.17510853835021709,5.436324167872648,13
416,1381,1306,12.775914883287015,103.84721216509776,10,11,4,7,1056,0.76410998552822,326,1133,0.8198263386396527,0.8825757575757576,932,201,0.8825757575757576,0.6165644171779141,0.8198263386396527,175,1098,6.274285714285714,0.00723589001447178,0.007959479015918957,0.002894356005788712,0.005065123010130246,0.5058279414169256,0.33223525382003305,0.0,1.0,0.3387213566606713,0.24949454995561787,0.0,0.8709677419354839,0.5396977412347295,0.26086373157087267,0.0,1.0,0.2705613043376702,0.216589872316088,0.0,1.0,18,0.17523533671252717,5.444605358435916,13
417,1377,1302,12.703027693908961,103.68264342774147,8,12,11,1,1048,0.7588703837798697,333,1085,0.7856625633598842,0.8654580152671756,907,178,0.8654580152671756,0.5345345345345346,0.7856625633598842,176,1057,6.005681818181818,0.005792903692976104,0.008689355539464157,0.007965242577842143,0.000724112961622013,0.5074144353081734,0.33222346141112885,0.0,1.0,0.3393773279921287,0.24954253761919562,0.0,0.8709677419354839,0.5392976784501137,0.2615240511624525,0.0,1.0,0.27104270621032167,0.2167916157734372,0.0,1.0,18,0.17719680464778503,5.461147421931735,13
418,1373,1288,12.731630237803303,103.89366351056081,8,12,6,6,1059,0.7690631808278867,318,1124,0.8162672476397966,0.8555240793201133,906,218,0.8555240793201133,0.6855345911949685,0.8162672476397966,182,1092,6.0,0.005809731299927378,0.008714596949891068,0.004357298474945534,0.004357298474945534,0.5064022742757794,0.3324217982927994,0.0,1.0,0.34015459436599865,0.24964002019612422,0.0,0.8709677419354839,0.5397880788478255,0.2610899697240257,0.0,1.0,0.2711509996945704,0.2168171097250722,0.0,1.0,18,0.17479970866715222,5.455207574654042,13
419,1367,1289,12.707564954754373,103.88002926115581,9,15,8,7,993,0.7232337946103423,380,1080,0.786598689002185,0.8449144008056395,839,241,0.8449144008056395,0.6342105263157894,0.786598689002185,171,1052,6.152046783625731,0.0065549890750182084,0.010924981791697014,0.005826656955571741,0.005098324836125273,0.5048965240578616,0.3323327704753477,0.0,1.0,0.3423555230431602,0.2506459720575843,0.0,1.0,0.5408594284635534,0.2611150127643709,0.0,1.0,0.2709960591830474,0.21664912148507431,0.0,1.0,18,0.1733723482077542,5.47037307973665,13
420,1370,1276,12.69976924340674,104.05693430656935,8,5,4,1,1018,0.7446964155084126,349,1118,0.8178493050475494,0.8683693516699411,884,234,0.8683693516699411,0.670487106017192,0.8178493050475494,178,1083,6.084269662921348,0.005852231163130944,0.0036576444769568397,0.002926115581565472,0.000731528895391368,0.505250765246056,0.3321424876418691,0.0,1.0,0.34412526489286555,0.25111898848921405,0.0,1.0,0.5419119378384741,0.2611887049900057,0.0,1.0,0.27047327525311987,0.2167378730318689,0.0,1.0,18,0.172992700729927,5.481751824817518,13
421,1378,1270,12.646586848158353,104.2133526850508,12,4,1,3,1008,0.7357664233576642,362,1095,0.7992700729927007,0.8660714285714286,873,222,0.8660714285714286,0.6132596685082873,0.7992700729927007,176,1065,6.051136363636363,0.008759124087591242,0.00291970802919708,0.00072992700729927,0.0021897810218978104,0.5041434524088206,0.3318188433414105,0.0,1.0,0.3455686127627698,0.2519768057381671,0.0,1.0,0.5439393230020132,0.2604816262165557,0.0,1.0,0.26930099723769835,0.21654158820323702,0.0,1.0,18,0.16981132075471697,5.488388969521045,13
422,1373,1259,12.741184435807648,104.86088856518572,5,10,4,6,993,0.7206095791001451,385,1103,0.8004354136429608,0.865055387713998,859,244,0.865055387713998,0.6337662337662338,0.8004354136429608,181,1073,5.928176795580111,0.00362844702467344,0.00725689404934688,0.002902757619738752,0.0043541364296081275,0.5047576533609003,0.3316733946992153,0.0,1.0,0.3461927025820548,0.25221768357386787,0.0,1.0,0.5443225336559923,0.2600031757546642,0.0,1.0,0.2686840683222517,0.2163239648919512,0.0,1.0,18,0.16824471959213402,5.486525855790241,13
423,1360,1238,12.822927065357744,105.31617647058823,8,21,10,11,1040,0.7574654042243263,333,1076,0.7836853605243991,0.8596153846153847,894,182,0.8596153846153847,0.5465465465465466,0.7836853605243991,181,1036,5.723756906077348,0.005826656955571741,0.01529497450837582,0.007283321194464676,0.008011653313911144,0.504388045540797,0.33121836111746794,0.0,1.0,0.34682163187855786,0.252156028810733,0.0,1.0,0.5458728652751423,0.2585617515099493,0.0,1.0,0.26847722960151804,0.2176721607621807,0.0,1.0,18,0.16470588235294117,5.490441176470588,13
424,1366,1222,12.80212016004028,105.33674963396778,13,7,3,4,997,0.7330882352941176,363,1088,0.8,0.8796389167502507,877,211,0.8796389167502507,0.581267217630854,0.8,169,1041,6.159763313609467,0.009558823529411765,0.005147058823529412,0.0022058823529411764,0.0029411764705882353,0.5058092854106645,0.3313492018786314,0.0,1.0,0.34652623624427337,0.25194247104172773,0.0,1.0,0.5463798233599395,0.2582293415717633,0.0,1.0,0.26925801728616633,0.21871435908109021,0.0,1.0,18,0.16398243045387995,5.5058565153733525,13
425,1356,1210,12.853951339214364,105.73746312684366,7,17,9,8,1021,0.7474377745241582,345,1116,0.8169838945827232,0.8765915768854065,895,221,0.8765915768854065,0.6405797101449275,0.8169838945827232,180,1084,6.022222222222222,0.005124450951683748,0.012445095168374817,0.006588579795021962,0.005856515373352855,0.5062327528784851,0.33085354364742586,0.0,1.0,0.3472261870777429,0.252300390679128,0.0,1.0,0.5458892377961747,0.25792898576929363,0.0,1.0,0.2678180607098677,0.21799427557998488,0.0,1.0,18,0.16371681415929204,5.519911504424779,14
426,1358,1202,12.78071102612245,105.24889543446244,13,11,8,3,1011,0.745575221238938,345,1114,0.8215339233038348,0.884272997032641,894,220,0.884272997032641,0.6376811594202898,0.8215339233038348,171,1077,6.298245614035087,0.009587020648967551,0.008112094395280236,0.0058997050147492625,0.0022123893805309734,0.5077438358116775,0.3302212158171179,0.0,1.0,0.3465960378165234,0.2518923361938635,0.0,1.0,0.5457741460401919,0.25827983119103604,0.0,1.0,0.2679224666254929,0.21768967453813207,0.0,1.0,18,0.16494845360824742,5.555964653902798,14
427,1357,1173,12.862398775955855,105.19528371407516,10,11,6,5,1034,0.7614138438880707,324,1118,0.8232695139911634,0.8965183752417795,927,191,0.8965183752417795,0.5895061728395061,0.8232695139911634,184,1073,5.831521739130435,0.007363770250368188,0.008100147275405008,0.004418262150220913,0.003681885125184094,0.5083081750540803,0.32959920601441967,0.0,1.0,0.34682767965388545,0.2523454479715678,0.0,1.0,0.5463665105664772,0.25816504412083807,0.0,1.0,0.2680723607578387,0.2185365264027452,0.0,1.0,18,0.16359616801768606,5.575534266764922,14
428,1357,1150,12.895405136833809,105.16285924834193,10,10,7,3,990,0.7295504789977892,367,1145,0.8437730287398674,0.8909090909090909,882,263,0.8909090909090909,0.7166212534059946,0.8437730287398674,179,1101,6.150837988826815,0.007369196757553427,0.007369196757553427,0.005158437730287398,0.002210759027266028,0.509021323127392,0.3293290811876102,0.0,1.0,0.3473031117027599,0.2524542724575303,0.0,1.0,0.5461287945420401,0.25837388049351134,0.0,1.0,0.26885682363848146,0.21901273115803335,0.0,1.0,18,0.16359616801768606,5.592483419307295,14
429,1363,1137,12.875645106913929,105.17094644167278,11,5,3,2,1006,0.7413411938098747,351,1139,0.8393515106853353,0.8986083499005965,904,235,0.8986083499005965,0.6695156695156695,0.8393515106853353,184,1110,6.032608695652174,0.008106116433308769,0.0036845983787767134,0.002210759027266028,0.0014738393515106854,0.5088396090218446,0.33023646674503865,0.0,1.0,0.34672094289162897,0.25237903750431595,0.0,1.0,0.5453103921615033,0.2589882423002843,0.0,1.0,0.2690696518590396,0.21947877847842828,0.0,1.0,18,0.16434336023477622,5.600146735143067,14
430,1369,1118,12.857908774137865,105.25566106647187,11,5,3,2,1022,0.7498165810711666,341,1158,0.8495964783565664,0.9129158512720157,933,225,0.9129158512720157,0.6598240469208211,0.8495964783565664,181,1120,6.1878453038674035,0.008070432868672046,0.003668378576669112,0.0022010271460014674,0.001467351430667645,0.5096255802445863,0.33005819624088933,0.0,1.0,0.3459318080067862,0.2526494669442062,0.0,1.0,0.5456301986380452,0.2588071631338028,0.0,1.0,0.2689978557458941,0.21942443422384802,0.0,1.0,18,0.1643535427319211,5.614317019722425,14
431,1366,1104,12.849523898613068,105.0285505124451,10,13,10,3,1020,0.7450693937180424,349,1127,0.8232286340394448,0.888235294117647,906,221,0.888235294117647,0.6332378223495702,0.8232286340394448,173,1086,6.277456647398844,0.007304601899196494,0.009495982468955442,0.007304601899196494,0.002191380569758948,0.509611297407075,0.33079817315223936,0.0,1.0,0.3458177868039484,0.2528356921470578,0.0,1.0,0.5459547536957445,0.2586471978381641,0.0,1.0,0.2694705521182638,0.22030843890279236,0.0,1.0,18,0.16471449487554904,5.618594436310396,14
432,1372,1085,12.812138182232593,104.70408163265306,17,11,4,7,1043,0.7635431918008785,323,1123,0.822108345534407,0.87823585810163,916,207,0.87823585810163,0.6408668730650154,0.822108345534407,180,1084,6.022222222222222,0.012445095168374817,0.008052708638360176,0.0029282576866764276,0.005124450951683748,0.509968964544343,0.3309893059271629,0.0,1.0,0.3457396783598232,0.25217197971726624,0.0,1.0,0.5457772970939527,0.2587308295865895,0.0,1.0,0.2693971597855732,0.2201510416289794,0.0,1.0,18,0.1661807580174927,5.645772594752186,14
433,1366,1066,12.85594654484543,104.58565153733528,7,13,10,3,1049,0.7645772594752187,323,1092,0.7959183673469388,0.8589132507149666,901,191,0.8589132507149666,0.5913312693498453,0.7959183673469388,181,1054,5.823204419889502,0.00510204081632653,0.009475218658892129,0.007288629737609329,0.002186588921282799,0.5081471685637369,0.330289006497989,0.0,1.0,0.3461720115241109,0.25240330704355857,0.0,1.0,0.5466395881547254,0.25865420396661315,0.0,1.0,0.2693288622301988,0.22064396071072997,0.0,1.0,18,0.16398243045387995,5.6530014641288435,14
434,1363,1047,12.905834571431992,104.8892149669846,9,12,5,7,1048,0.767203513909224,318,1118,0.8184480234260615,0.8864503816793893,929,189,0.8864503816793893,0.5943396226415094,0.8184480234260615,184,1083,5.885869565217392,0.006588579795021962,0.008784773060029283,0.0036603221083455345,0.005124450951683748,0.5087686081461672,0.3304579091496289,0.0,1.0,0.3459872671762952,0.25174706575077666,0.0,1.0,0.5459494000426005,0.25898177994450566,0.0,1.0,0.2692589875275128,0.21993484421283216,0.0,1.0,18,0.16507703595011006,5.654438738077769,14
435,1366,1035,12.856830753258127,104.70278184480235,14,11,6,5,1041,0.7637564196625092,322,1086,0.7967718268525312,0.8520653218059558,887,199,0.8520653218059558,0.6180124223602484,0.7967718268525312,175,1049,5.994285714285715,0.010271460014673514,0.008070432868672046,0.004402054292002935,0.003668378576669112,0.507887403768951,0.33130624842337963,0.0,1.0,0.34560525197185094,0.25171527644275515,0.0,1.0,0.5463798233599395,0.2587627386019844,0.0,1.0,0.2686676427525622,0.21966643079776668,0.0,1.0,18,0.16471449487554904,5.667642752562226,14
436,1368,1023,12.764533132367886,104.13304093567251,14,12,9,3,1037,0.7591508052708639,329,1139,0.8338213762811127,0.892960462873674,926,213,0.892960462873674,0.6474164133738601,0.8338213762811127,178,1105,6.207865168539326,0.010248901903367497,0.008784773060029283,0.006588579795021962,0.0021961932650073207,0.5087247689115261,0.33103880904274047,0.0,1.0,0.3450999811356348,0.2517597772718743,0.0,1.0,0.5457460856442181,0.2590777106327628,0.0,1.0,0.2685578192793812,0.21928187433440322,0.0,1.0,18,0.16447368421052633,5.692982456140351,14
437,1371,1003,12.787634394948604,103.94237782640408,13,10,5,5,978,0.7149122807017544,390,1100,0.804093567251462,0.8732106339468303,854,246,0.8732106339468303,0.6307692307692307,0.804093567251462,178,1058,5.943820224719101,0.009502923976608187,0.007309941520467836,0.003654970760233918,0.003654970760233918,0.5102468177219359,0.33137172075455035,0.0,1.0,0.34559186842662526,0.2519576148373848,0.0,1.0,0.5461047975341757,0.25855248025078426,0.0,1.0,0.2688642620173643,0.21944874445408555,0.0,1.0,18,0.1648431801604668,5.6900072939460244,14
438,1378,989,12.724481680423837,103.65965166908563,14,7,4,3,1043,0.7607585703865791,328,1128,0.8227571115973742,0.8801534036433365,918,210,0.8801534036433365,0.6402439024390244,0.8227571115973742,183,1097,5.994535519125683,0.010211524434719184,0.005105762217359592,0.0029175784099197666,0.002188183807439825,0.5101362423334426,0.3310860091579575,0.0,1.0,0.34610702748256006,0.2517336957529933,0.0,1.0,0.5472868579989699,0.25834731706008185,0.0,1.0,0.26864553583969286,0.22028754020432958,0.0,1.0,18,0.16400580551523947,5.720609579100145,14
439,1378,979,12.734404609175154,103.85486211901306,9,9,5,4,1044,0.7576197387518142,334,1119,0.8120464441219158,0.8697318007662835,908,211,0.8697318007662835,0.6317365269461078,0.8120464441219158,172,1081,6.284883720930233,0.006531204644412192,0.006531204644412192,0.00362844702467344,0.002902757619738752,0.5095510089423662,0.33130404723189244,0.0,1.0,0.3463411208389906,0.2513844934533468,0.0,1.0,0.5471932206563977,0.25821533422701587,0.0,1.0,0.26897326653869563,0.2202715540234172,0.0,1.0,18,0.16400580551523947,5.729317851959362,14
440,1370,965,12.765730433007137,103.7934306569343,9,17,10,7,1015,0.7365747460087083,363,1110,0.8055152394775036,0.8679802955665025,881,229,0.8679802955665025,0.6308539944903582,0.8055152394775036,178,1074,6.033707865168539,0.006531204644412192,0.012336719883889695,0.00725689404934688,0.0050798258345428155,0.5103367082646574,0.3305925549670266,0.0,1.0,0.34793972215681657,0.2517329238907889,0.0,1.0,0.546974334824582,0.25820483038324865,0.0,1.0,0.26946079585589827,0.22063954703746858,0.0,1.0,18,0.16423357664233576,5.748175182481752,14
441,1369,957,12.766917036662933,103.98758217677137,9,10,5,5,1054,0.7693430656934307,316,1107,0.808029197080292,0.8624288425047438,909,198,0.8624288425047438,0.6265822784810127,0.808029197080292,163,1062,6.515337423312883,0.006569343065693431,0.0072992700729927005,0.0036496350364963502,0.0036496350364963502,0.5114870755672848,0.3311965284093319,0.0,1.0,0.34760479747402157,0.2518607914697074,0.0,1.0,0.5465962911472937,0.25816137355931307,0.0,1.0,0.26982256886354533,0.22060317802435886,0.0,1.0,18,0.16508400292184075,5.7545653761869975,14
442,1364,947,12.804351504289663,104.1217008797654,9,14,8,6,1001,0.7311906501095691,368,1074,0.7845142439737034,0.8471528471528471,848,226,0.8471528471528471,0.6141304347826086,0.7845142439737034,170,1034,6.08235294117647,0.006574141709276844,0.010226442658875092,0.005843681519357195,0.004382761139517896,0.5107369217670986,0.3312521551234743,0.0,1.0,0.34883170939362407,0.25197790496956163,0.0,1.0,0.5479377542332797,0.2577076559801689,0.0,1.0,0.2693926780815438,0.2213756200716775,0.0,1.0,18,0.16202346041055718,5.774926686217009,14
443,1359,927,12.84662618220446,104.17733627667403,8,13,7,6,1043,0.7646627565982405,321,1112,0.8152492668621701,0.8638542665388304,901,211,0.8638542665388304,0.6573208722741433,0.8152492668621701,187,1079,5.770053475935829,0.005865102639296188,0.009530791788856305,0.005131964809384164,0.004398826979472141,0.5105509269149517,0.33098358343866835,0.0,1.0,0.34759904104061334,0.25174218731125936,0.0,1.0,0.5483633601557122,0.25756110442559177,0.0,1.0,0.2693156732891832,0.22140565231456696,0.0,1.0,18,0.16114790286975716,5.785871964679911,14
444,1359,918,12.787785188297265,103.89551140544518,12,12,8,4,1020,0.7505518763796909,339,1060,0.7799852832965416,0.8401960784313726,857,203,0.8401960784313726,0.5988200589970502,0.7799852832965416,164,1015,6.189024390243903,0.008830022075055188,0.008830022075055188,0.005886681383370125,0.0029433406916850625,0.5096726720311424,0.3318628913267862,0.0,1.0,0.34771772413302005,0.25073527051963,0.0,1.0,0.5496451375537041,0.25644076778464964,0.0,1.0,0.2699090887512165,0.2220774557297924,0.0,1.0,18,0.15967623252391464,5.7947019867549665,14
445,1358,913,12.808649779299577,104.30412371134021,8,9,4,5,958,0.7049300956585725,401,1037,0.7630610743193524,0.8110647181628392,777,260,0.8110647181628392,0.6483790523690773,0.7630610743193524,173,1005,5.809248554913295,0.005886681383370125,0.006622516556291391,0.0029433406916850625,0.003679175864606328,0.5098817045940425,0.3321956125116026,0.0,1.0,0.34861513611097916,0.25069568170779255,0.0,1.0,0.5494322770677942,0.256657069839578,0.0,1.0,0.26982279443203955,0.2220536256424671,0.0,1.0,18,0.15979381443298968,5.796759941089838,14
446,1356,901,12.858842182131589,104.66297935103245,9,11,4,7,1036,0.7628865979381443,322,1067,0.7857142857142857,0.8638996138996139,895,172,0.8638996138996139,0.5341614906832298,0.7857142857142857,174,1029,5.913793103448276,0.0066273932253313695,0.008100147275405008,0.0029455081001472753,0.005154639175257732,0.5104434294414312,0.3312829367122487,0.0,1.0,0.3492958416595299,0.2516371850623454,0.0,1.0,0.549505186031021,0.2572534758481602,0.0,1.0,0.2700066609572747,0.22212334878350434,0.0,1.0,18,0.1607669616519174,5.800884955752212,14
447,1356,892,12.861346849854812,104.70870206489676,10,10,6,4,1002,0.7389380530973452,354,1093,0.806047197640118,0.845309381237525,847,246,0.845309381237525,0.6949152542372882,0.806047197640118,171,1055,6.169590643274854,0.007374631268436578,0.007374631268436578,0.004424778761061947,0.0029498525073746312,0.510705109905795,0.33137417771565886,0.0,1.0,0.3500808830526215,0.2517096598449168,0.0,1.0,0.5498620230278809,0.2574976604391257,0.0,1.0,0.2701018174897707,0.22201108532593553,0.0,1.0,18,0.1607669616519174,5.806047197640118,14
448,1358,886,12.844848148506617,104.77466863033874,12,10,4,6,1017,0.75,339,1080,0.7964601769911505,0.8761061946902655,891,189,0.8761061946902655,0.5575221238938053,0.7964601769911505,168,1042,6.2023809523809526,0.008849557522123894,0.007374631268436578,0.0029498525073746312,0.004424778761061947,0.5117820324005891,0.33100355482155785,0.0,1.0,0.34977908689248893,0.25144972561214146,0.0,1.0,0.550311178678322,0.2573987930754168,0.0,1.0,0.26977528623687586,0.22197330266251822,0.0,1.0,18,0.16053019145802652,5.812223858615611,14
449,1364,878,12.764973051507917,104.60263929618769,13,7,5,2,1033,0.7606774668630338,325,1103,0.8122238586156112,0.8635043562439496,892,211,0.8635043562439496,0.6492307692307693,0.8122238586156112,172,1067,6.203488372093023,0.009572901325478646,0.005154639175257732,0.003681885125184094,0.0014727540500736377,0.5124160438936713,0.33085238099598113,0.0,1.0,0.34954119761611957,0.2514452597044521,0.0,1.0,0.5502554157600984,0.257529516635487,0.0,1.0,0.2704805600227036,0.22195405780757202,0.0,1.0,18,0.16055718475073313,5.820381231671554,14
450,1363,859,12.807738274806923,104.62876008804109,11,12,6,6,990,0.7258064516129032,374,1087,0.7969208211143695,0.8707070707070707,862,225,0.8707070707070707,0.6016042780748663,0.7969208211143695,170,1038,6.105882352941176,0.008064516129032258,0.008797653958944282,0.004398826979472141,0.004398826979472141,0.5147800156201926,0.3313721830761596,0.0,1.0,0.3493243083331361,0.251048282272334,0.0,1.0,0.5496887794949471,0.25827858466700837,0.0,1.0,0.27065533808250297,0.22103853222769887,0.0,1.0,18,0.16287600880410857,5.828319882611885,14
451,1358,850,12.855083177631801,104.7120765832106,9,14,7,7,1007,0.7388114453411592,356,1099,0.8063096111518708,0.8649453823237339,871,228,0.8649453823237339,0.6404494382022472,0.8063096111518708,177,1067,6.028248587570621,0.006603081438004402,0.010271460014673514,0.005135730007336757,0.005135730007336757,0.5170791961613379,0.33039471771695095,0.0,1.0,0.34949403772150694,0.2515687424825285,0.0,1.0,0.548885932823412,0.2580180062513578,0.0,1.0,0.2709867452135493,0.22051182496863203,0.0,1.0,18,0.1634756995581738,5.838733431516936,14
452,1345,846,12.847454951756307,104.39405204460967,11,24,14,10,999,0.7356406480117821,359,1067,0.7857142857142857,0.8538538538538538,853,214,0.8538538538538538,0.596100278551532,0.7857142857142857,170,1033,6.076470588235294,0.008100147275405008,0.017673048600883652,0.010309278350515464,0.007363770250368188,0.5175920374145581,0.3308710817939294,0.0,1.0,0.3503537594435784,0.2526794555544978,0.0,1.0,0.5492505096534357,0.2580720655317786,0.0,1.0,0.27015229643842187,0.21945417310315232,0.0,1.0,18,0.16356877323420074,5.842379182156134,15
453,1343,830,12.89044728699623,104.71183916604616,6,8,5,3,1014,0.753903345724907,331,1092,0.8118959107806691,0.873767258382643,886,206,0.873767258382643,0.622356495468278,0.8118959107806691,185,1061,5.735135135135135,0.0044609665427509295,0.005947955390334572,0.0037174721189591076,0.0022304832713754648,0.5176182355343117,0.33156505553360494,0.0,1.0,0.35003482814113807,0.25230803764846227,0.0,1.0,0.5491316984123171,0.2581399927423993,0.0,1.0,0.2694977541853818,0.21939187340264346,0.0,1.0,17,0.16381236038719285,5.842889054355919,15
454,1340,822,12.858701136629351,104.30671641791045,11,14,10,4,1001,0.7453462397617274,342,1095,0.8153387937453462,0.8741258741258742,875,220,0.8741258741258742,0.6432748538011696,0.8153387937453462,182,1069,5.873626373626373,0.008190618019359643,0.010424422933730455,0.007446016381236039,0.0029784065524944155,0.5160808858931151,0.33137271787926925,0.0,1.0,0.3498074145402022,0.2523660724762753,0.0,1.0,0.5508907077515647,0.25818474624393056,0.0,1.0,0.2692826191622532,0.21917482361757856,0.0,1.0,17,0.1626865671641791,5.85,15
455,1334,817,12.90781503237158,104.4767616191904,9,15,6,9,1020,0.7611940298507462,320,1110,0.8283582089552238,0.8784313725490196,896,214,0.8784313725490196,0.66875,0.8283582089552238,180,1085,6.027777777777778,0.006716417910447761,0.011194029850746268,0.004477611940298508,0.006716417910447761,0.5180635488707259,0.33150964173193825,0.0,1.0,0.34997823668810757,0.2525847244642891,0.0,1.0,0.5493543550805243,0.25844931985539527,0.0,1.0,0.26918798665183535,0.21959158133123863,0.0,1.0,17,0.1634182908545727,5.8500749625187405,15
456,1331,814,12.880834615192944,104.0999248685199,10,13,10,3,958,0.7181409295352323,376,1036,0.7766116941529235,0.8632567849686847,827,209,0.8632567849686847,0.5558510638297872,0.7766116941529235,167,1000,5.9880239520958085,0.0074962518740629685,0.009745127436281859,0.0074962518740629685,0.0022488755622188904,0.5170984707108407,0.3312883969091237,0.0,1.0,0.35016116914277406,0.2522815708699817,0.0,1.0,0.5512711761712028,0.2579771922600179,0.0,1.0,0.26807396815394685,0.22002637472441536,0.0,1.0,17,0.16078136739293764,5.869271224643126,15
457,1322,808,12.926200181410591,104.20953101361573,7,16,9,7,1025,0.7700976709241172,306,1075,0.8076634109691961,0.8663414634146341,888,187,0.8663414634146341,0.6111111111111112,0.8076634109691961,175,1044,5.965714285714285,0.005259203606311044,0.012021036814425245,0.0067618332081141996,0.005259203606311044,0.5173490800839392,0.3312320297276781,0.0,1.0,0.3507637499389976,0.2521838383882698,0.0,1.0,0.5519252354692303,0.2579227931610685,0.0,1.0,0.26794690351861794,0.219870325129355,0.0,1.0,17,0.15960665658093798,5.857791225416037,15
458,1327,805,12.882099284865031,104.25697061039939,11,6,3,3,978,0.7397881996974282,344,1040,0.7866868381240545,0.852760736196319,834,206,0.852760736196319,0.5988372093023255,0.7866868381240545,171,1008,5.894736842105263,0.00832072617246596,0.0045385779122541605,0.0022692889561270802,0.0022692889561270802,0.5173444830687702,0.33078289778662956,0.0,1.0,0.3497338162724555,0.2522262499406582,0.0,1.0,0.5522765393684518,0.2577585095999476,0.0,1.0,0.2679582857281766,0.21983279505898826,0.0,1.0,17,0.15749811605124342,5.870384325546345,15
459,1321,792,12.85389290091641,103.54352763058289,12,18,14,4,973,0.7332328560663149,354,1064,0.80180859080633,0.8406988694758479,818,246,0.8406988694758479,0.6949152542372882,0.80180859080633,174,1025,5.890804597701149,0.00904295403165034,0.013564431047475508,0.010550113036925395,0.003014318010550113,0.5174965202314962,0.3311927317157873,0.0,1.0,0.34966179092085664,0.2522262999130428,0.0,1.0,0.5531244658250103,0.25812175725717096,0.0,1.0,0.267270640521599,0.21972148451624307,0.0,1.0,17,0.15897047691143074,5.885692657077971,15
460,1323,781,12.801762041955902,102.85714285714286,17,15,8,7,977,0.7395912187736563,344,1065,0.8062074186222559,0.8741044012282497,854,211,0.8741044012282497,0.6133720930232558,0.8062074186222559,171,1025,5.994152046783626,0.012869038607115822,0.011355034065102196,0.006056018168054504,0.005299015897047691,0.5178358081583888,0.3315272368391749,0.0,1.0,0.35157145295394143,0.25371277154690447,0.0,1.0,0.5524589764221101,0.2583050592410152,0.0,1.0,0.26867090922390463,0.21993575876792115,0.0,1.0,17,0.15948601662887377,5.876795162509448,15
461,1325,777,12.73006543495993,102.43018867924528,14,12,8,4,984,0.7437641723356009,339,1049,0.7928949357520786,0.8455284552845529,832,217,0.8455284552845529,0.640117994100295,0.7928949357520786,173,1018,5.884393063583815,0.010582010582010581,0.009070294784580499,0.006046863189720333,0.0030234315948601664,0.5150334753499696,0.3312332809102845,0.0,1.0,0.35065124771758976,0.25347977379288067,0.0,1.0,0.5536214242239805,0.2575712162973624,0.0,1.0,0.2701399878271455,0.220765091016574,0.0,1.0,17,0.15622641509433963,5.876226415094339,15
462,1315,764,12.78997423726919,102.04486692015209,8,18,12,6,979,0.7388679245283019,346,1057,0.7977358490566038,0.8631256384065373,845,212,0.8631256384065373,0.6127167630057804,0.7977358490566038,177,1021,5.768361581920904,0.0060377358490566035,0.013584905660377358,0.009056603773584906,0.004528301886792453,0.5141910953023426,0.3317431178385547,0.0,1.0,0.35157610695449526,0.25400266577473063,0.0,1.0,0.5538329449282472,0.25705142994477526,0.0,1.0,0.26937323684533304,0.22080706837245823,0.0,1.0,17,0.155893536121673,5.877566539923954,15
463,1317,757,12.782299692890682,102.02657555049355,10,8,5,3,949,0.7216730038022814,366,1044,0.7939163498098859,0.8440463645943098,801,243,0.8440463645943098,0.6639344262295082,0.7939163498098859,175,1012,5.782857142857143,0.0076045627376425855,0.006083650190114068,0.0038022813688212928,0.0022813688212927757,0.512920371322899,0.3310734109039361,0.0,1.0,0.3514585935777794,0.2531769820525484,0.0,1.0,0.5542410659612511,0.25620183443177996,0.0,1.0,0.26979694809807236,0.22137473425629411,0.0,1.0,17,0.1548974943052392,5.888382687927107,15
464,1322,746,12.720385404157994,101.54009077155824,18,13,6,7,974,0.7395596051632498,343,1035,0.785876993166287,0.8624229979466119,840,195,0.8624229979466119,0.5685131195335277,0.785876993166287,173,997,5.763005780346821,0.01366742596810934,0.009870918754745633,0.004555808656036446,0.005315110098709187,0.5126152945195451,0.33087800687642316,0.0,1.0,0.3519349958518374,0.2529604324205132,0.0,1.0,0.5534624957298325,0.2561284708319042,0.0,1.0,0.26999658386608755,0.22136737241211277,0.0,1.0,17,0.15431164901664146,5.913767019667171,16
465,1309,734,12.738732098316298,101.21084797555386,6,19,15,4,993,0.7511346444780636,329,1095,0.8282904689863843,0.8882175226586103,882,213,0.8882175226586103,0.6474164133738601,0.8282904689863843,182,1065,5.851648351648351,0.0045385779122541605,0.014372163388804841,0.0113464447806354,0.0030257186081694403,0.5118657433647946,0.33075011720518804,0.0,1.0,0.35168436876216763,0.25332252634746544,0.0,1.0,0.5525271692254614,0.25638707656885706,0.0,1.0,0.269696148254023,0.2199513482610335,0.0,1.0,17,0.15508021390374332,5.926661573720398,16
466,1307,726,12.745629511444164,101.10941086457537,12,14,6,8,1048,0.80061115355233,261,1068,0.8158899923605806,0.8711832061068703,913,155,0.8711832061068703,0.5938697318007663,0.8158899923605806,185,1045,5.648648648648648,0.009167303284950344,0.0106951871657754,0.004583651642475172,0.006111535523300229,0.5123034775526323,0.33069804748816156,0.0,1.0,0.3524693338598613,0.2539641244562486,0.0,1.0,0.5514969025347385,0.2569047617426112,0.0,1.0,0.2707011871560086,0.21984383175321612,0.0,1.0,17,0.15378729915837797,5.915837796480489,16
467,1298,725,12.772499318586624,100.8020030816641,9,18,13,5,928,0.7100229533282326,379,1056,0.8079571537872992,0.8631465517241379,801,255,0.8631465517241379,0.6728232189973615,0.8079571537872992,169,1024,6.059171597633136,0.006885998469778117,0.013771996939556235,0.009946442234123947,0.0038255547054322878,0.5089964709975645,0.3306286937407803,0.0,1.0,0.3541179979124211,0.25422480224529515,0.0,1.0,0.5512450917043591,0.2561450235849393,0.0,1.0,0.2716089268850341,0.2201513054212344,0.0,1.0,17,0.15408320493066255,5.918335901386749,16
468,1294,712,12.80693323296506,100.88485316846986,8,12,7,5,1030,0.7935285053929122,268,1061,0.8174114021571649,0.883495145631068,910,151,0.883495145631068,0.5634328358208955,0.8174114021571649,175,1023,5.845714285714286,0.0061633281972265025,0.009244992295839754,0.00539291217257319,0.003852080123266564,0.5093234282295458,0.3305144459333063,0.0,1.0,0.353741835768061,0.25409284815858296,0.0,1.0,0.5507054893553373,0.25611317279979373,0.0,1.0,0.2708281398015655,0.21960555358235428,0.0,1.0,17,0.15301391035548687,5.938176197836167,16
469,1282,706,12.858592703553832,100.78315132605304,6,18,12,6,949,0.7333848531684699,345,1063,0.821483771251932,0.8851422550052687,840,223,0.8851422550052687,0.6463768115942029,0.821483771251932,179,1036,5.787709497206704,0.00463678516228748,0.013910355486862442,0.00927357032457496,0.00463678516228748,0.5086306678073576,0.32952951620971577,0.0,1.0,0.3533792964621811,0.2540919132222947,0.0,1.0,0.5505007297066076,0.25606025595610127,0.0,1.0,0.27074631372351665,0.2195068321790538,0.0,1.0,16,0.15210608424336974,5.941497659906396,16
470,1287,698,12.751638220579585,99.87334887334887,19,14,8,6,969,0.7558502340093604,313,1053,0.8213728549141965,0.890608875128999,863,190,0.890608875128999,0.6070287539936102,0.8213728549141965,178,1023,5.747191011235955,0.014820592823712949,0.0109204368174727,0.0062402496099844,0.0046801872074883,0.505877634909893,0.33050768736632,0.0,1.0,0.3525829009699977,0.2530302415523214,0.0,1.0,0.5511191317642931,0.2545531604745666,0.0,1.0,0.2687921397598817,0.21917929067135353,0.0,1.0,16,0.15462315462315462,5.97979797979798,17
471,1289,694,12.680742837407394,99.31807602792863,17,15,8,7,998,0.7754467754467754,289,1063,0.8259518259518259,0.8907815631262525,889,174,0.8907815631262525,0.6020761245674741,0.8259518259518259,182,1041,5.71978021978022,0.01320901320901321,0.011655011655011656,0.006216006216006216,0.005439005439005439,0.5031156935859256,0.33036018856413013,0.0,1.0,0.3530118371330614,0.2536358684755078,0.0,1.0,0.5518656623038615,0.25392716074264543,0.0,1.0,0.2685752896719137,0.21878326948059393,0.0,1.0,16,0.1551590380139643,5.989914662529093,17
472,1287,693,12.711368854288093,99.68453768453769,5,7,4,3,986,0.764934057408844,303,1034,0.8021722265321956,0.8732251521298174,861,173,0.8732251521298174,0.570957095709571,0.8021722265321956,167,1000,5.9880239520958085,0.003878975950349108,0.005430566330488751,0.0031031807602792862,0.0023273855702094647,0.5020427601072762,0.3303016003785207,0.0,1.0,0.3536606762413214,0.25367740541584843,0.0,1.0,0.5518710680001002,0.25379324186089514,0.0,1.0,0.2678647517357195,0.21883696038456654,0.0,1.0,16,0.1554001554001554,5.997668997668998,17
473,1286,693,12.6814697504911,99.44323483670296,12,13,8,5,942,0.7319347319347319,345,1022,0.7940947940947941,0.8832271762208068,832,190,0.8832271762208068,0.5507246376811594,0.7940947940947941,169,991,5.863905325443787,0.009324009324009324,0.010101010101010102,0.006216006216006216,0.003885003885003885,0.5009782772287162,0.3289939870289997,0.0,1.0,0.35293232328299806,0.25308992247345685,0.0,1.0,0.5540811719259519,0.25389977512272766,0.0,1.0,0.26651783474640045,0.21887115782299535,0.0,1.0,16,0.15629860031104198,6.005443234836703,17
474,1282,689,12.750784779498199,99.61154446177846,7,11,6,5,964,0.749611197511664,322,1057,0.8219284603421462,0.8807053941908713,849,208,0.8807053941908713,0.6459627329192547,0.8219284603421462,179,1032,5.76536312849162,0.005443234836702955,0.008553654743390357,0.004665629860031105,0.0038880248833592537,0.5003019475617734,0.3296990095672186,0.0,1.0,0.3531276734940365,0.2533353239204971,0.0,1.0,0.5541241004478888,0.25389709595276927,0.0,1.0,0.2665190478586886,0.21878472240934854,0.0,1.0,16,0.15600624024961,6.017940717628705,18
475,1277,682,12.795626189264105,99.59827721221613,9,14,8,6,967,0.7542901716068643,315,1052,0.8205928237129485,0.890382626680455,861,191,0.890382626680455,0.6063492063492063,0.8205928237129485,174,1019,5.85632183908046,0.0070202808112324495,0.0109204368174727,0.0062402496099844,0.0046801872074883,0.4995326748680122,0.32971248502836004,0.0,1.0,0.35534392603632503,0.25452214011685065,0.0,1.0,0.5545254755348978,0.2538955826745377,0.0,1.0,0.2662490211433046,0.21846764328005353,0.0,1.0,16,0.15661707126076743,6.018010963194988,18
476,1269,678,12.800044961435683,99.27344365642237,7,15,12,3,987,0.7729052466718872,290,1058,0.8285043069694596,0.8885511651469098,877,181,0.8885511651469098,0.6241379310344828,0.8285043069694596,174,1028,5.908045977011494,0.00548159749412686,0.011746280344557557,0.009397024275646046,0.0023492560689115116,0.5000635501665015,0.32892568222122837,0.0,1.0,0.3566435344060601,0.2555083044865795,0.0,1.0,0.5555809756221561,0.2536253078387453,0.0,1.0,0.26569053610920457,0.21833288544116122,0.0,1.0,16,0.15602836879432624,6.029944838455477,18
477,1258,682,12.825345508987702,99.04848966613673,7,18,13,5,937,0.7383766745468873,332,1032,0.8132387706855791,0.8751334044823906,820,212,0.8751334044823906,0.6385542168674698,0.8132387706855791,170,1006,5.91764705882353,0.005516154452324665,0.014184397163120567,0.01024428684003152,0.003940110323089046,0.49979486127493716,0.328156398307768,0.0,1.0,0.35806964459715884,0.25656872645124174,0.0,1.0,0.5554900251294937,0.2541662969837457,0.0,1.0,0.26585978768141955,0.2175004071174427,0.0,1.0,16,0.15421303656597773,6.04054054054054,18
478,1258,682,12.830111834929037,98.6685214626391,12,12,7,5,943,0.7496025437201908,315,1031,0.8195548489666137,0.8791092258748674,829,202,0.8791092258748674,0.6412698412698413,0.8195548489666137,167,998,5.976047904191617,0.009538950715421303,0.009538950715421303,0.005564387917329093,0.00397456279809221,0.5019744602287297,0.32777219780738637,0.0,1.0,0.35822349864095593,0.2571110222589961,0.0,1.0,0.5554900251294937,0.25426391183008723,0.0,1.0,0.2646033129904098,0.2168009858697742,0.0,1.0,16,0.15262321144674085,6.042130365659777,18
479,1256,678,12.857673455246445,98.71894904458598,7,9,6,3,967,0.7686804451510334,291,1030,0.8187599364069952,0.8665977249224406,838,192,0.8665977249224406,0.6597938144329897,0.8187599364069952,175,1001,5.72,0.005564387917329093,0.007154213036565978,0.0047694753577106515,0.0023847376788553257,0.502722416272858,0.32730647382971023,0.0,1.0,0.35768954181220464,0.2568210073272745,0.0,1.0,0.5549106225600986,0.2538805740423622,0.0,1.0,0.2645623587425519,0.21713522880138234,0.0,1.0,16,0.15286624203821655,6.054140127388535,18
480,1254,680,12.807488167720289,98.0909090909091,11,13,10,3,962,0.7659235668789809,294,1024,0.8152866242038217,0.8762993762993763,843,181,0.8762993762993763,0.6156462585034014,0.8152866242038217,169,995,5.887573964497041,0.00875796178343949,0.010350318471337579,0.007961783439490446,0.0023885350318471337,0.502520965169522,0.32702073824486416,0.0,1.0,0.35723105417502704,0.25698522646494165,0.0,1.0,0.5546380614292329,0.2538693969685664,0.0,1.0,0.2631578947368421,0.21554210292888168,0.0,1.0,16,0.15311004784688995,6.078947368421052,18
481,1253,672,12.802199476642963,97.72705506783718,10,11,9,2,952,0.759170653907496,302,1036,0.8261562998405104,0.8771008403361344,835,201,0.8771008403361344,0.6655629139072847,0.8261562998405104,171,999,5.842105263157895,0.007974481658692184,0.008771929824561403,0.007177033492822967,0.001594896331738437,0.5007337229359214,0.32682200200468003,0.0,1.0,0.3572329634683212,0.2569811227663843,0.0,1.0,0.5538707102952913,0.25390017169916507,0.0,1.0,0.263033236361764,0.21468346147455658,0.0,1.0,16,0.15482841181165202,6.07901037509976,18
482,1249,674,12.82474583450772,97.85348278622898,7,11,6,5,978,0.7805267358339985,275,1044,0.8332003192338387,0.8936605316973415,874,170,0.8936605316973415,0.6181818181818182,0.8332003192338387,174,1020,5.862068965517241,0.00558659217877095,0.008778930566640064,0.004788507581803671,0.0039904229848363925,0.5000129135566518,0.3266795165786166,0.0,1.0,0.35786048193393427,0.2569970043859291,0.0,1.0,0.5546372581936517,0.25360488318084456,0.0,1.0,0.26142204085849324,0.21423741648875205,0.0,1.0,16,0.1545236188951161,6.090472377902322,18
483,1245,681,12.89617841893049,98.31807228915663,5,9,4,5,941,0.7534027221777422,308,1028,0.8230584467574059,0.8746014877789585,823,205,0.8746014877789585,0.6655844155844156,0.8230584467574059,168,1003,5.970238095238095,0.0040032025620496394,0.007205764611689352,0.0032025620496397116,0.0040032025620496394,0.5001684155978754,0.32757019030328616,0.0,1.0,0.35753335924342533,0.2567874093892672,0.0,1.0,0.5543723280217644,0.2535097131026608,0.0,1.0,0.2615623785464438,0.2142887574399656,0.0,1.0,16,0.15421686746987953,6.095582329317269,18
484,1245,679,12.89019548107879,97.51807228915662,15,15,8,7,904,0.7261044176706827,341,1024,0.8224899598393575,0.8727876106194691,789,235,0.8727876106194691,0.6891495601173021,0.8224899598393575,175,997,5.6971428571428575,0.012048192771084338,0.012048192771084338,0.00642570281124498,0.005622489959839358,0.49871745044694904,0.3275524130467731,0.0,1.0,0.35844021246275426,0.2567128110700578,0.0,1.0,0.5549164399533618,0.25345836283598533,0.0,1.0,0.26127736753465475,0.21450957796327108,0.0,1.0,16,0.1534136546184739,6.102008032128514,18
485,1242,682,12.840850483339585,96.90096618357488,9,12,10,2,932,0.7485943775100402,313,1004,0.8064257028112449,0.8776824034334764,818,186,0.8776824034334764,0.5942492012779552,0.8064257028112449,165,972,5.890909090909091,0.007228915662650603,0.00963855421686747,0.008032128514056224,0.001606425702811245,0.5009609890395305,0.32835897586842416,0.0,1.0,0.3568386057867124,0.2564070491439931,0.0,1.0,0.5555555555555556,0.2539683661773741,0.0,1.0,0.26089553789413533,0.21463148890937506,0.0,1.0,16,0.1529790660225443,6.115136876006441,18
486,1237,677,12.88609223645066,96.78253839935327,8,13,8,5,957,0.7705314009661836,285,1014,0.8164251207729468,0.8808777429467085,843,171,0.8808777429467085,0.6,0.8164251207729468,170,979,5.758823529411765,0.00644122383252818,0.010466988727858293,0.00644122383252818,0.004025764895330112,0.5000651941481733,0.32854839813523273,0.0,1.0,0.35731608730800324,0.256573298839311,0.0,1.0,0.554254570109787,0.25480388928839437,0.0,1.0,0.26187185438235067,0.2148952641031416,0.0,1.0,16,0.15278900565885206,6.101050929668553,18
487,1236,675,12.936788242336906,96.6051779935275,9,10,6,4,917,0.7413096200485044,320,1024,0.8278092158447857,0.8865866957470011,813,211,0.8865866957470011,0.659375,0.8278092158447857,172,994,5.77906976744186,0.007275666936135812,0.008084074373484237,0.004850444624090542,0.0032336297493936943,0.5002870863346904,0.329034128602657,0.0,1.0,0.35778786929742146,0.2565474202789783,0.0,1.0,0.5540766259526047,0.2548895644116176,0.0,1.0,0.2623969099070884,0.21581262686829064,0.0,1.0,16,0.1529126213592233,6.11326860841424,18
488,1233,685,12.869725449953133,96.00324412003243,12,15,11,4,925,0.7483818770226537,311,1010,0.8171521035598706,0.8810810810810811,815,195,0.8810810810810811,0.6270096463022508,0.8171521035598706,167,987,5.910179640718563,0.009708737864077669,0.012135922330097087,0.00889967637540453,0.003236245954692557,0.4982863720796379,0.32940582064730506,0.0,1.0,0.3590508332679277,0.25665440506122267,0.0,1.0,0.5561311252387307,0.25504959420188644,0.0,1.0,0.26151793422808256,0.2164187678349427,0.0,1.0,16,0.1573398215733982,6.121654501216545,18
489,1226,684,12.980813248280892,96.53507340946166,4,11,5,6,969,0.7858880778588808,264,1026,0.8321167883211679,0.890608875128999,863,163,0.890608875128999,0.6174242424242424,0.8321167883211679,176,1001,5.6875,0.0032441200324412004,0.008921330089213302,0.0040551500405515,0.004866180048661801,0.4981581855496501,0.3299846291495685,0.0,1.0,0.3595484923433142,0.25648570061424886,0.0,1.0,0.5552018102404883,0.2557125308094351,0.0,1.0,0.26177445666473714,0.216442274718053,0.0,1.0,16,0.15742251223491027,6.109298531810767,18
490,1218,674,13.081799827375965,96.47372742200328,8,16,9,7,953,0.7773246329526917,273,1050,0.8564437194127243,0.9076600209863589,865,185,0.9076600209863589,0.6776556776556777,0.8564437194127243,179,1019,5.692737430167598,0.0065252854812398045,0.013050570962479609,0.00734094616639478,0.005709624796084829,0.49899359076222255,0.33036752570109834,0.0,1.0,0.36138036972297266,0.25668514527497405,0.0,1.0,0.556438370676413,0.256050667639556,0.0,1.0,0.26264632660628207,0.21758749155068519,0.0,1.0,16,0.15763546798029557,6.103448275862069,18
491,1216,679,13.113509508044025,96.39555921052632,7,9,7,2,907,0.7446633825944171,311,1027,0.8431855500821018,0.8897464167585446,807,220,0.8897464167585446,0.707395498392283,0.8431855500821018,173,1005,5.809248554913295,0.005747126436781609,0.007389162561576354,0.005747126436781609,0.0016420361247947454,0.4978247028862479,0.33073892826867696,0.0,1.0,0.36046264855687604,0.2565463612626324,0.0,1.0,0.556929117147708,0.25584440953549736,0.0,1.0,0.2623089983022071,0.2173858690429624,0.0,1.0,16,0.15871710526315788,6.104440789473684,18
492,1208,685,13.176813343633853,96.42135761589404,9,17,7,10,900,0.7401315789473685,316,1032,0.8486842105263158,0.8944444444444445,805,227,0.8944444444444445,0.7183544303797469,0.8486842105263158,173,1011,5.84393063583815,0.007401315789473684,0.013980263157894737,0.005756578947368421,0.008223684210526315,0.4964751121555223,0.330499334976752,0.0,1.0,0.3605800042725913,0.255890244847926,0.0,1.0,0.5566385387737662,0.2555150035522482,0.0,1.0,0.2610286263618885,0.21781966001970973,0.0,1.0,16,0.15894039735099338,6.117549668874172,18
493,1207,687,13.15836871212174,95.93786246893123,10,11,9,2,898,0.7433774834437086,310,1013,0.8385761589403974,0.8875278396436526,797,216,0.8875278396436526,0.6967741935483871,0.8385761589403974,172,987,5.738372093023256,0.008278145695364239,0.009105960264900662,0.0074503311258278145,0.0016556291390728477,0.4949354571451479,0.3307775395120985,0.0,1.0,0.36093219659513054,0.2557505958554374,0.0,1.0,0.5575540529705749,0.2548601194662374,0.0,1.0,0.2610043563086297,0.21771825243704818,0.0,1.0,16,0.15990057995028997,6.130074565037282,18
494,1208,697,13.12931666998226,95.60264900662251,10,9,7,2,882,0.7307373653686827,325,971,0.8044739022369511,0.8650793650793651,763,208,0.8650793650793651,0.64,0.8044739022369511,169,950,5.621301775147929,0.008285004142502071,0.007456503728251864,0.00579950289975145,0.0016570008285004142,0.4963682973723563,0.33106068161654817,0.0,1.0,0.36276970732749414,0.25646397239358826,0.0,1.0,0.5572527237769707,0.2550777054868478,0.0,1.0,0.26134907071138647,0.21793367457616472,0.0,1.0,16,0.15811258278145696,6.123344370860927,18
495,1209,699,13.0958218362557,95.1166253101737,12,11,7,4,925,0.765728476821192,283,1013,0.8385761589403974,0.8854054054054054,819,194,0.8854054054054054,0.6855123674911661,0.8385761589403974,174,989,5.683908045977011,0.009933774834437087,0.009105960264900662,0.005794701986754967,0.0033112582781456954,0.49489047199765207,0.33095914557006545,0.0,1.0,0.3641505909976253,0.2569351718835468,0.0,1.0,0.5579657941780731,0.2545526652942408,0.0,1.0,0.26126630913311455,0.21803627546891682,0.0,1.0,16,0.1588089330024814,6.137303556658395,18
496,1206,709,13.101809088490887,95.01824212271974,8,11,6,5,949,0.7849462365591398,260,998,0.8254755996691481,0.8830347734457323,838,160,0.8830347734457323,0.6153846153846154,0.8254755996691481,167,975,5.838323353293413,0.006617038875103391,0.009098428453267164,0.004962779156327543,0.0041356492969396195,0.4966297544535387,0.33093073356721564,0.0,1.0,0.36551115390787997,0.2571450756655875,0.0,1.0,0.5581768576472476,0.25521842649381227,0.0,1.0,0.26127427379232865,0.2177135702788448,0.0,1.0,16,0.15754560530679934,6.1318407960199,18
497,1208,713,13.098650196864838,95.0364238410596,9,7,5,2,934,0.7744610281923715,272,1020,0.845771144278607,0.8843683083511777,826,194,0.8843683083511777,0.7132352941176471,0.845771144278607,178,1002,5.629213483146067,0.007462686567164179,0.005804311774461028,0.0041459369817578775,0.001658374792703151,0.49751655629139074,0.33113112436412817,0.0,1.0,0.36741615039521475,0.257635827425769,0.0,1.0,0.5573595385601366,0.25510773931384073,0.0,1.0,0.2618030335398419,0.21773061051680065,0.0,1.0,16,0.15562913907284767,6.130794701986755,18
498,1198,717,13.173091084698134,94.9449081803005,5,15,9,6,929,0.7690397350993378,279,1032,0.8543046357615894,0.9041980624327234,840,192,0.9041980624327234,0.6881720430107527,0.8543046357615894,175,1011,5.777142857142858,0.0041390728476821195,0.012417218543046357,0.0074503311258278145,0.004966887417218543,0.4956648177069309,0.3313104171644479,0.0,1.0,0.36760191717378427,0.25755317397859795,0.0,1.0,0.5586192040497604,0.25453566623612833,0.0,1.0,0.2609456621250471,0.21716987787913597,0.0,1.0,16,0.15776293823038398,6.133555926544241,18
499,1191,721,13.197255829551084,94.55415617128463,8,15,10,5,918,0.7662771285475793,280,1022,0.8530884808013356,0.9084967320261438,834,188,0.9084967320261438,0.6714285714285714,0.8530884808013356,174,1000,5.747126436781609,0.00667779632721202,0.012520868113522538,0.008347245409015025,0.004173622704507512,0.49673627474878795,0.33061889567074076,0.0,1.0,0.36702689526285853,0.25782737203183664,0.0,1.0,0.5593564638010887,0.2545247598187999,0.0,1.0,0.2609625958126811,0.2169992451309819,0.0,1.0,16,0.15785054575986565,6.135180520570949,18
500,1187,732,13.201190678605819,93.84498736310026,11,15,9,6,870,0.7304785894206549,321,1004,0.8429890848026869,0.903448275862069,786,218,0.903448275862069,0.6791277258566978,0.8429890848026869,164,979,5.969512195121951,0.009235936188077247,0.012594458438287154,0.007556675062972292,0.005037783375314861,0.4980569068130555,0.33006567685730176,0.0,1.0,0.3688072397206294,0.25844711943155996,0.0,1.0,0.5603717694377258,0.25489802162448516,0.0,1.0,0.2611625947767481,0.21711369115910306,0.0,1.0,16,0.15585509688289806,6.13732097725358,19
501,1188,739,13.2071553957573,93.67424242424242,11,10,5,5,900,0.7582139848357203,287,1017,0.8567818028643639,0.8955555555555555,806,211,0.8955555555555555,0.735191637630662,0.8567818028643639,174,998,5.735632183908046,0.009267059814658803,0.008424599831508003,0.004212299915754001,0.004212299915754001,0.49478657543173665,0.33052025882511776,0.0,1.0,0.3688226349516672,0.2581489262560632,0.0,1.0,0.5619908765070055,0.25419625766250614,0.0,1.0,0.2599380905832519,0.2165696662498593,0.0,1.0,16,0.1590909090909091,6.140572390572391,19
502,1189,743,13.204383071279718,93.29857022708158,11,10,7,3,887,0.7466329966329966,301,1020,0.8585858585858586,0.8985343855693348,797,223,0.8985343855693348,0.7408637873754153,0.8585858585858586,177,1001,5.655367231638418,0.009259259259259259,0.008417508417508417,0.005892255892255892,0.0025252525252525255,0.4948859166011015,0.3308436875391286,0.0,1.0,0.3694077430207005,0.2588001758670659,0.0,1.0,0.5625491738788355,0.25418078793723775,0.0,1.0,0.2606147752245042,0.21692196951753268,0.0,1.0,16,0.16063919259882253,6.137931034482759,19
503,1193,751,13.163979456666114,93.0536462699078,12,8,5,3,903,0.7594617325483599,286,984,0.8275862068965517,0.8815060908084164,796,188,0.8815060908084164,0.6573426573426573,0.8275862068965517,167,959,5.74251497005988,0.010092514718250631,0.00672834314550042,0.004205214465937763,0.002523128679562658,0.49430819565746426,0.3315981428960574,0.0,1.0,0.3698996836384285,0.25916898244176406,0.0,1.0,0.5611497174377417,0.2547601930455966,0.0,1.0,0.2627423410756293,0.2186690180010868,0.0,1.0,16,0.1601005867560771,6.123218776194467,19
504,1179,750,13.269948440417988,92.46140797285835,4,18,14,4,937,0.7854149203688181,256,1057,0.8860016764459346,0.9252934898612594,867,190,0.9252934898612594,0.7421875,0.8860016764459346,182,1038,5.7032967032967035,0.003352891869237217,0.015088013411567477,0.01173512154233026,0.003352891869237217,0.49333771101808527,0.3315485226956435,0.0,1.0,0.3713371090864319,0.2600483873463965,0.0,1.0,0.5621494432132206,0.25481968427656515,0.0,1.0,0.2623601192919095,0.21850649708835573,0.0,1.0,16,0.1594571670907549,6.124681933842239,19
505,1181,763,13.159862658820707,91.29381879762913,15,13,10,3,890,0.7548770144189991,289,969,0.821882951653944,0.8775280898876404,781,188,0.8775280898876404,0.6505190311418685,0.821882951653944,168,950,5.654761904761905,0.01272264631043257,0.01102629346904156,0.008481764206955046,0.002544529262086514,0.49362213542377975,0.3322617689199075,0.0,1.0,0.3707082570812051,0.2603372471115554,0.0,1.0,0.5605965420228892,0.2549037086837526,0.0,1.0,0.2618338750648712,0.21741100456369208,0.0,1.0,16,0.16088060965283657,6.135478408128704,19
506,1180,766,13.182637300487908,90.99661016949153,10,11,7,4,898,0.7603725656223539,283,1011,0.8560541913632514,0.8953229398663697,804,207,0.8953229398663697,0.7314487632508834,0.8560541913632514,171,985,5.760233918128655,0.00846740050804403,0.009314140558848433,0.0059271803556308214,0.003386960203217612,0.4934117003827228,0.33300777315487506,0.0,1.0,0.37091306724986334,0.2604099889131822,0.0,1.0,0.5596774193548387,0.2558000188104961,0.0,1.0,0.262547840349918,0.21823841658259518,0.0,1.0,16,0.16271186440677965,6.127118644067797,19
507,1177,770,13.25693283952048,91.10790144435005,7,10,6,4,879,0.7449152542372881,301,1005,0.8516949152542372,0.9101251422070534,800,205,0.9101251422070534,0.6810631229235881,0.8516949152542372,171,980,5.730994152046784,0.005932203389830509,0.00847457627118644,0.005084745762711864,0.003389830508474576,0.4930797270260641,0.33318561714042355,0.0,1.0,0.37054293309946007,0.2601289929817234,0.0,1.0,0.5600076739660701,0.2558820116581016,0.0,1.0,0.2623400115109491,0.21855706024447263,0.0,1.0,16,0.1631265930331351,6.129141886151232,19
508,1161,774,13.342066970422474,90.26012058570198,4,20,16,4,880,0.7476635514018691,297,982,0.8343245539507221,0.8943181818181818,787,195,0.8943181818181818,0.6565656565656566,0.8343245539507221,168,954,5.678571428571429,0.0033984706881903144,0.016992353440951572,0.013593882752761258,0.0033984706881903144,0.493123280820205,0.33338776235288564,0.0,1.0,0.37067600233391684,0.2596851032511147,0.0,1.0,0.5592231391181128,0.25574972550381114,0.0,1.0,0.26164874551971323,0.21728992167068747,0.0,1.0,16,0.1636520241171404,6.131782945736434,19
509,1166,773,13.339057541154338,89.93310463121784,12,7,5,2,906,0.7803617571059431,255,1007,0.8673557278208441,0.9094922737306843,824,183,0.9094922737306843,0.7176470588235294,0.8673557278208441,181,987,5.45303867403315,0.0103359173126615,0.006029285099052541,0.004306632213608958,0.0017226528854435831,0.4930559397997012,0.33261849959118134,0.0,1.0,0.3711060698279201,0.260267458187566,0.0,1.0,0.5603386266806839,0.25552397367241586,0.0,1.0,0.2610523986056548,0.2172128217979365,0.0,1.0,16,0.1646655231560892,6.1415094339622645,19
510,1167,784,13.249619486413318,89.12767780634104,13,12,9,3,921,0.7898799313893653,245,1016,0.8713550600343053,0.9033659066232356,832,184,0.9033659066232356,0.7510204081632653,0.8713550600343053,172,999,5.808139534883721,0.011149228130360206,0.010291595197255575,0.007718696397941681,0.002572898799313894,0.49409846034773475,0.3337464000569081,0.0,1.0,0.3692677668131686,0.2602878987420793,0.0,1.0,0.558725156867623,0.25537291594356437,0.0,1.0,0.2612156895264947,0.21721184858438308,0.0,1.0,16,0.16538131962296487,6.150814053127678,19
511,1161,790,13.291673363686384,88.86907838070628,5,11,9,2,876,0.7506426735218509,291,988,0.8466152527849186,0.906392694063927,794,194,0.906392694063927,0.6666666666666666,0.8466152527849186,176,970,5.511363636363637,0.004284490145672665,0.009425878320479864,0.007712082262210797,0.001713796058269066,0.49262315578894716,0.33415045955319295,0.0,1.0,0.36962018282348363,0.260797646473002,0.0,1.0,0.559084215498319,0.255697743973546,0.0,1.0,0.26017615514989856,0.21592103396642362,0.0,1.0,16,0.16709732988802756,6.151593453919035,19
512,1156,792,13.3988988745981,88.72750865051903,8,13,7,6,875,0.7536606373815676,286,1003,0.8639104220499569,0.9188571428571428,804,199,0.9188571428571428,0.6958041958041958,0.8639104220499569,177,982,5.548022598870056,0.0068906115417743325,0.01119724375538329,0.006029285099052541,0.00516795865633075,0.49224243777207277,0.33448045746803884,0.0,1.0,0.3711072664359862,0.26187845127290127,0.0,1.0,0.5610280165197008,0.25640491368665064,0.0,1.0,0.25987833463556204,0.21652122995570894,0.0,1.0,16,0.16868512110726644,6.142733564013841,19
513,1151,800,13.478615767004277,88.8879235447437,4,9,7,2,889,0.7690311418685121,267,988,0.8546712802768166,0.9178852643419573,816,172,0.9178852643419573,0.6441947565543071,0.8546712802768166,169,965,5.710059171597633,0.0034602076124567475,0.007785467128027681,0.006055363321799308,0.0017301038062283738,0.4918584120400213,0.33479905297376356,0.0,1.0,0.36941229225638295,0.2615945642196099,0.0,1.0,0.5599618844763319,0.2563294859911229,0.0,1.0,0.2589613519800454,0.21519151279265614,0.0,1.0,16,0.17028670721112077,6.148566463944396,19
514,1156,809,13.42082624682984,88.24567474048443,14,9,7,2,876,0.7610773240660296,275,990,0.8601216333622936,0.910958904109589,798,192,0.910958904109589,0.6981818181818182,0.8601216333622936,174,973,5.591954022988506,0.01216333622936577,0.007819287576020852,0.006081668114682885,0.0017376194613379669,0.48964728206273017,0.3342674986831322,0.0,1.0,0.37066078803437885,0.26195391854763966,0.0,1.0,0.5597722960151803,0.25628994167584157,0.0,1.0,0.258901663132046,0.21524505785809017,0.0,1.0,16,0.1704152249134948,6.160899653979238,19
515,1153,809,13.529859425527656,88.22983521248916,7,10,6,4,850,0.7352941176470589,306,993,0.8589965397923875,0.9235294117647059,785,208,0.9235294117647059,0.6797385620915033,0.8589965397923875,175,968,5.531428571428571,0.006055363321799308,0.00865051903114187,0.005190311418685121,0.0034602076124567475,0.491033209299723,0.3347441809482245,0.0,1.0,0.3705061130850796,0.26248214702893924,0.0,1.0,0.5592423691352152,0.2564884741974305,0.0,1.0,0.2586800212629046,0.21534970684954044,0.0,1.0,16,0.16999132697311362,6.169124024284475,19
516,1155,818,13.55239489174898,87.94545454545455,11,9,5,4,845,0.7328707718993929,308,998,0.8655680832610582,0.9100591715976332,769,229,0.9100591715976332,0.7435064935064936,0.8655680832610582,172,979,5.691860465116279,0.009540329575021683,0.007805724197745013,0.004336513443191674,0.003469210754553339,0.4907415165479681,0.3347779264286693,0.0,1.0,0.3707303449238933,0.26296952745337,0.0,1.0,0.5593352883675464,0.25699919332803484,0.0,1.0,0.25873481357352324,0.21445420115423658,0.0,1.0,16,0.17056277056277055,6.1454545454545455,19
517,1164,819,13.518688055095222,87.84364261168385,13,4,2,2,922,0.7982683982683982,233,992,0.8588744588744589,0.9023861171366594,832,160,0.9023861171366594,0.6866952789699571,0.8588744588744589,171,964,5.637426900584796,0.011255411255411256,0.003463203463203463,0.0017316017316017316,0.0017316017316017316,0.4907992462033034,0.33496927258235487,0.0,1.0,0.36944352067398295,0.2620596167205025,0.0,1.0,0.5578095554816539,0.2568121132989633,0.0,1.0,0.2579813767874959,0.21458280156575518,0.0,1.0,16,0.17268041237113402,6.162371134020619,19
518,1167,824,13.527739976436726,87.74550128534705,10,7,4,3,905,0.7774914089347079,259,997,0.8565292096219931,0.9237569060773481,836,161,0.9237569060773481,0.6216216216216216,0.8565292096219931,181,983,5.430939226519337,0.00859106529209622,0.006013745704467354,0.003436426116838488,0.002577319587628866,0.48970340271443186,0.33433387192291636,0.0,1.0,0.3720595958758327,0.26259331091988325,0.0,1.0,0.5588633662271608,0.25701876859881156,0.0,1.0,0.2577051717942339,0.21480523380885003,0.0,1.0,16,0.17052270779777207,6.16452442159383,19
519,1165,827,13.580370046261773,87.67038626609443,5,7,7,0,912,0.781491002570694,255,1030,0.882604970008569,0.9265350877192983,845,185,0.9265350877192983,0.7254901960784313,0.882604970008569,184,1017,5.5271739130434785,0.004284490145672665,0.005998286203941731,0.005998286203941731,0.0,0.4879966772809082,0.33496101833712205,0.0,1.0,0.3715630624394296,0.26211492088343213,0.0,1.0,0.5575245742766164,0.2566285042858949,0.0,1.0,0.25668004984078635,0.2137248818756378,0.0,1.0,16,0.17167381974248927,6.173390557939914,19
520,1175,833,13.454573293735493,86.90978723404255,18,8,5,3,845,0.7253218884120172,320,985,0.8454935622317596,0.9159763313609467,774,211,0.9159763313609467,0.659375,0.8454935622317596,177,968,5.468926553672317,0.015450643776824034,0.0068669527896995704,0.004291845493562232,0.002575107296137339,0.48905971173644475,0.33475793793581005,0.0,1.0,0.37309540150995196,0.2632906616273423,0.0,1.0,0.5568428277282086,0.2569799872028791,0.0,1.0,0.25493479752916953,0.21241169435371499,0.0,1.0,15,0.16936170212765958,6.182978723404255,19
521,1178,839,13.405646070777944,86.23005093378607,12,9,8,1,922,0.7846808510638298,253,1051,0.894468085106383,0.9370932754880694,864,187,0.9370932754880694,0.7391304347826086,0.894468085106383,172,1029,5.982558139534884,0.010212765957446808,0.007659574468085106,0.006808510638297872,0.000851063829787234,0.4887452763020976,0.33553471607092206,0.0,1.0,0.37233692973328225,0.2636090023971836,0.0,1.0,0.5570129799003231,0.2569784643519674,0.0,1.0,0.254970151706008,0.2122435007720589,0.0,1.0,15,0.17232597623089982,6.191850594227504,19
522,1180,844,13.457538817817458,86.30932203389831,7,5,4,1,884,0.7504244482173175,294,1051,0.8921901528013583,0.9287330316742082,821,230,0.9287330316742082,0.782312925170068,0.8921901528013583,178,1034,5.808988764044944,0.005942275042444821,0.004244482173174873,0.003395585738539898,0.0008488964346349745,0.48884636413340626,0.33482756493371224,0.0,1.0,0.3728813559322034,0.26383790596304124,0.0,1.0,0.5575451066156369,0.25692389753210115,0.0,1.0,0.2549207217058502,0.21230384417114748,0.0,1.0,15,0.17203389830508475,6.1991525423728815,19
523,1182,853,13.50326087664775,86.69204737732656,6,4,3,1,889,0.7533898305084745,291,993,0.8415254237288136,0.8987626546681665,799,194,0.8987626546681665,0.6666666666666666,0.8415254237288136,171,973,5.690058479532164,0.005084745762711864,0.003389830508474576,0.002542372881355932,0.000847457627118644,0.4882375416189073,0.33543298733031734,0.0,1.0,0.3723595873587686,0.2630604030948221,0.0,1.0,0.5568746247475574,0.25716433890719864,0.0,1.0,0.2551989520222695,0.21236862639822482,0.0,1.0,15,0.17089678510998307,6.204737732656515,19
524,1174,855,13.593933768013871,86.60136286201022,3,11,9,2,913,0.772419627749577,269,1029,0.8705583756345178,0.9211391018619934,841,188,0.9211391018619934,0.6988847583643123,0.8705583756345178,178,1009,5.668539325842697,0.0025380710659898475,0.009306260575296108,0.007614213197969543,0.001692047377326565,0.4882947738638237,0.3356305779761302,0.0,1.0,0.37253393416497227,0.26234080698158785,0.0,1.0,0.5566851678848161,0.2575768759564432,0.0,1.0,0.25471231521679394,0.21229010831325074,0.0,1.0,15,0.17120954003407154,6.222316865417376,19
525,1172,865,13.573612472848728,86.18259385665529,7,9,8,1,899,0.7657580919931857,275,1011,0.8611584327086882,0.9154616240266963,823,188,0.9154616240266963,0.6836363636363636,0.8611584327086882,166,987,5.945783132530121,0.00596252129471891,0.007666098807495741,0.0068143100511073255,0.0008517887563884157,0.4879169877793681,0.33499793614387846,0.0,1.0,0.3725641307937906,0.262035481265175,0.0,1.0,0.5560662776615656,0.25708311194619854,0.0,1.0,0.2529725861499505,0.21150466486081373,0.0,1.0,15,0.1697952218430034,6.234641638225256,19
526,1172,872,13.56859486969971,86.06058020477816,6,6,6,0,917,0.7824232081911263,255,1029,0.8779863481228669,0.9280261723009815,851,178,0.9280261723009815,0.6980392156862745,0.8779863481228669,171,1007,5.888888888888889,0.005119453924914676,0.005119453924914676,0.005119453924914676,0.0,0.48637564681272705,0.3345488900809691,0.0,1.0,0.3733348012771111,0.2616668395425052,0.0,1.0,0.5572222833865462,0.2564996473114852,0.0,1.0,0.25211934382913137,0.21153067609023293,0.0,1.0,15,0.17150170648464164,6.243174061433447,19
527,1176,878,13.496179353830826,85.3937074829932,13,9,7,2,899,0.7670648464163823,273,1043,0.8899317406143344,0.9265850945494994,833,210,0.9265850945494994,0.7692307692307693,0.8899317406143344,175,1024,5.851428571428571,0.011092150170648464,0.007679180887372013,0.005972696245733789,0.0017064846416382253,0.4862025455343428,0.3347190332567154,0.0,1.0,0.3726958525345622,0.26119762719100514,0.0,1.0,0.5569727891156463,0.25653708644166756,0.0,1.0,0.2512069343866579,0.2127500050075534,0.0,1.0,15,0.17346938775510204,6.266156462585034,19
528,1179,888,13.523071496508926,85.71331636980491,8,5,2,3,891,0.7576530612244898,285,1010,0.858843537414966,0.9225589225589226,822,188,0.9225589225589226,0.6596491228070176,0.858843537414966,176,996,5.659090909090909,0.006802721088435374,0.004251700680272109,0.0017006802721088435,0.002551020408163265,0.48636077594462224,0.3340566884675314,0.0,1.0,0.3730608224575228,0.2614247198572951,0.0,1.0,0.5565131740950505,0.2566415789860164,0.0,1.0,0.25163479164956637,0.21296316067833562,0.0,1.0,15,0.17217981340118746,6.269720101781171,19
529,1180,891,13.596564087274068,85.82372881355933,7,6,4,2,886,0.7514843087362172,293,1035,0.8778625954198473,0.9232505643340858,818,217,0.9232505643340858,0.7406143344709898,0.8778625954198473,170,1008,5.929411764705883,0.005937234944868533,0.005089058524173028,0.0033927056827820186,0.0016963528413910093,0.4854018589393111,0.33439721599091016,0.0,1.0,0.3734007654455987,0.2611088328921008,0.0,1.0,0.5564789502460361,0.2566626582985049,0.0,1.0,0.25202296336796065,0.21290490191454217,0.0,1.0,15,0.17288135593220338,6.269491525423729,19
530,1176,901,13.64127826851557,85.66581632653062,8,12,6,6,911,0.7720338983050847,269,1022,0.8661016949152542,0.9275521405049396,845,177,0.9275521405049396,0.6579925650557621,0.8661016949152542,173,1005,5.809248554913295,0.006779661016949152,0.010169491525423728,0.005084745762711864,0.005084745762711864,0.48554421768707484,0.33441618185472216,0.0,1.0,0.37467083607636603,0.2616036236809842,0.0,1.0,0.554805793285056,0.25686066924673834,0.0,1.0,0.2530721966205837,0.2131177254267443,0.0,1.0,15,0.1717687074829932,6.2687074829931975,19
531,1175,909,13.70211297041094,85.78468085106383,5,6,5,1,904,0.7687074829931972,272,1054,0.8962585034013606,0.9280973451327433,839,215,0.9280973451327433,0.7904411764705882,0.8962585034013606,173,1035,5.982658959537572,0.004251700680272109,0.00510204081632653,0.004251700680272109,0.0008503401360544217,0.4862594371997255,0.3349350855675708,0.0,1.0,0.3734797529169527,0.2611731516279369,0.0,1.0,0.5535483870967741,0.2572497777198537,0.0,1.0,0.25375428963623886,0.21310076343252737,0.0,1.0,15,0.17191489361702128,6.269787234042553,19
532,1175,916,13.72159129985696,85.4331914893617,8,8,7,1,903,0.7685106382978724,272,1013,0.8621276595744681,0.9147286821705426,826,187,0.9147286821705426,0.6875,0.8621276595744681,169,989,5.85207100591716,0.006808510638297872,0.006808510638297872,0.005957446808510639,0.000851063829787234,0.48642415923129717,0.3343702004594413,0.0,1.0,0.37336993822923814,0.260919747116551,0.0,1.0,0.5535758407687028,0.25703052833426654,0.0,1.0,0.2533973919011668,0.213481472295089,0.0,1.0,15,0.17106382978723406,6.2842553191489365,19
533,1175,922,13.75571300347542,85.52085106382978,6,6,5,1,905,0.7702127659574468,270,1035,0.8808510638297873,0.918232044198895,831,204,0.918232044198895,0.7555555555555555,0.8808510638297873,177,1018,5.751412429378531,0.005106382978723404,0.005106382978723404,0.00425531914893617,0.000851063829787234,0.4842278654770076,0.334061787412461,0.0,1.0,0.37326012354152366,0.2610089678337229,0.0,1.0,0.5548112560054907,0.2565318231813897,0.0,1.0,0.2524914207275223,0.21347426281808493,0.0,1.0,15,0.1727659574468085,6.302978723404255,19
534,1171,929,13.78675604085636,85.2732707087959,7,11,8,3,897,0.7634042553191489,278,1033,0.8791489361702127,0.9241917502787068,829,204,0.9241917502787068,0.7338129496402878,0.8791489361702127,177,1017,5.745762711864407,0.005957446808510639,0.009361702127659575,0.006808510638297872,0.002553191489361702,0.48384342029145205,0.3346665691622523,0.0,1.0,0.37191812897716314,0.2611787886708418,0.0,1.0,0.5547230103853888,0.2564840049890369,0.0,1.0,0.25329880719539405,0.2142609956306407,0.0,1.0,15,0.17335610589239966,6.305721605465414,17
535,1171,935,13.879811114191746,85.87788215200683,3,3,2,1,886,0.7566182749786508,285,1032,0.8812980358667806,0.9379232505643341,831,201,0.9379232505643341,0.7052631578947368,0.8812980358667806,172,1010,5.872093023255814,0.0025619128949615714,0.0025619128949615714,0.0017079419299743809,0.0008539709649871904,0.4840637998953197,0.3343689930959902,0.0,1.0,0.37271700504118344,0.26127671272385006,0.0,1.0,0.5547505578358723,0.2565058423047625,0.0,1.0,0.2531059750420099,0.21403876569418942,0.0,1.0,15,0.17335610589239966,6.3074295473953885,17
536,1178,944,13.86622890144482,85.79541595925298,10,3,3,0,876,0.7480785653287788,295,1028,0.8778821520068317,0.9200913242009132,806,222,0.9200913242009132,0.752542372881356,0.8778821520068317,166,1003,6.042168674698795,0.008539709649871904,0.0025619128949615714,0.0025619128949615714,0.0,0.48425434032531905,0.33392061016099966,0.0,1.0,0.37272030231666575,0.2607970218625014,0.0,1.0,0.5543019880606824,0.2566785890483381,0.0,1.0,0.25368311517607756,0.2141166609842286,0.0,1.0,15,0.1731748726655348,6.3115449915110355,17
537,1181,949,13.807007743518843,85.41574936494496,9,6,6,0,903,0.766553480475382,275,1020,0.865874363327674,0.9158361018826136,827,193,0.9158361018826136,0.7018181818181818,0.865874363327674,182,1007,5.532967032967033,0.007640067911714771,0.0050933786078098476,0.0050933786078098476,0.0,0.4853186200868591,0.33335456629605964,0.0,1.0,0.37327579142880557,0.2610943187194649,0.0,1.0,0.5537133648357051,0.25710811740445966,0.0,1.0,0.2517003086504056,0.2118633081204801,0.0,1.0,15,0.1718882303132938,6.328535139712108,17
538,1186,953,13.781580170306537,85.15261382799325,12,7,4,3,909,0.7696867061812024,272,1047,0.88653683319221,0.9328932893289329,848,199,0.9328932893289329,0.7316176470588235,0.88653683319221,170,1021,6.0058823529411764,0.010160880609652836,0.0059271803556308214,0.003386960203217612,0.002540220152413209,0.48762443561986624,0.33289808149003947,0.0,1.0,0.3752923897078823,0.2615885423659899,0.0,1.0,0.553527715824403,0.25819857448097094,0.0,1.0,0.252271120056574,0.21173911020742917,0.0,1.0,15,0.16863406408094436,6.338111298482294,17
539,1190,962,13.71255159447434,84.78487394957983,13,9,6,3,897,0.7563237774030354,289,953,0.8035413153456998,0.8862876254180602,795,158,0.8862876254180602,0.5467128027681661,0.8035413153456998,171,933,5.456140350877193,0.010961214165261383,0.007588532883642495,0.00505902192242833,0.002529510961214165,0.4876389265383572,0.3326626741922093,0.0,1.0,0.3771753862835457,0.26194465745675577,0.0,1.0,0.5525887774464625,0.2580726667938419,0.0,1.0,0.2518839793982109,0.2117292603656467,0.0,1.0,15,0.16638655462184873,6.347058823529411,17
540,1198,960,13.73116821627252,84.98914858096828,11,3,1,2,923,0.7756302521008404,267,1054,0.8857142857142857,0.9295774647887324,858,196,0.9295774647887324,0.7340823970037453,0.8857142857142857,177,1029,5.813559322033898,0.009243697478991597,0.0025210084033613447,0.0008403361344537816,0.0016806722689075631,0.48906780117399967,0.33329441287777023,0.0,1.0,0.3770800797027304,0.261422773655567,0.0,1.0,0.5523722332920459,0.25823563883489437,0.0,1.0,0.25305616888362326,0.2123767757141485,0.0,1.0,15,0.1652754590984975,6.351419031719533,17
541,1206,970,13.666259894759353,84.78441127694859,13,5,3,2,883,0.7370617696160268,315,1034,0.8631051752921536,0.9071347678369196,801,233,0.9071347678369196,0.7396825396825397,0.8631051752921536,169,1013,5.994082840236686,0.010851419031719533,0.004173622704507512,0.0025041736227045075,0.001669449081803005,0.48796340876263844,0.33361483129939845,0.0,1.0,0.3760766062162307,0.2610683032569948,0.0,1.0,0.5524260418338416,0.25864912267355894,0.0,1.0,0.2538650831862195,0.21215865696179492,0.0,1.0,15,0.16666666666666666,6.348258706467662,17
542,1209,979,13.658375676268587,85.11827956989248,6,3,3,0,945,0.7835820895522388,261,1064,0.8822553897180763,0.9291005291005291,878,186,0.9291005291005291,0.7126436781609196,0.8822553897180763,175,1048,5.988571428571428,0.004975124378109453,0.0024875621890547263,0.0024875621890547263,0.0,0.48856693081458946,0.3333127347002478,0.0,1.0,0.37623735958803595,0.26113462815197114,0.0,1.0,0.5521225219456228,0.25869374889834273,0.0,1.0,0.25422236452413355,0.21222055496073308,0.0,1.0,15,0.1662531017369727,6.349875930521092,17
543,1218,981,13.623017154015661,85.03448275862068,13,4,2,2,893,0.738626964433416,316,1076,0.8899917287014061,0.921612541993281,823,253,0.921612541993281,0.8006329113924051,0.8899917287014061,169,1047,6.195266272189349,0.010752688172043012,0.0033085194375516956,0.0016542597187758478,0.0016542597187758478,0.48871762275544256,0.3335718279935504,0.0,1.0,0.3748079877112135,0.2605802579319932,0.0,1.0,0.552624609354309,0.25863492686076095,0.0,1.0,0.25414481699242547,0.21162721811438812,0.0,1.0,15,0.16748768472906403,6.357963875205255,17
544,1223,988,13.626566690760642,85.49223221586263,7,2,1,1,930,0.7635467980295566,288,1038,0.8522167487684729,0.9032258064516129,840,198,0.9032258064516129,0.6875,0.8522167487684729,170,1015,5.970588235294118,0.005747126436781609,0.0016420361247947454,0.0008210180623973727,0.0008210180623973727,0.48938358874264765,0.33331809628396836,0.0,1.0,0.37546488012027535,0.2609171268425954,0.0,1.0,0.5524226518608393,0.2586965385959656,0.0,1.0,0.25371244691794376,0.2110989213541537,0.0,1.0,15,0.16598528209321342,6.364677023712183,17
545,1230,993,13.54539245223559,85.2,12,5,4,1,932,0.7620605069501226,291,1105,0.9035159443990188,0.9366952789699571,873,232,0.9366952789699571,0.7972508591065293,0.9035159443990188,182,1092,6.0,0.009811937857726901,0.004088307440719542,0.003270645952575634,0.0008176614881439084,0.488722790453711,0.33326544505933076,0.0,1.0,0.3762129556779439,0.26184772758832003,0.0,1.0,0.5538683451350642,0.2590452891075456,0.0,1.0,0.25287175452399685,0.21056044133952026,0.0,1.0,15,0.16585365853658537,6.368292682926829,17
546,1240,1002,13.45738023990695,85.02903225806452,13,3,2,1,909,0.7390243902439024,321,1072,0.8715447154471545,0.9174917491749175,834,238,0.9174917491749175,0.7414330218068536,0.8715447154471545,176,1057,6.005681818181818,0.01056910569105691,0.0024390243902439024,0.0016260162601626016,0.0008130081300813008,0.488735691987513,0.3337614865131244,0.0,1.0,0.3753642039542143,0.2617436858594261,0.0,1.0,0.5535900104058273,0.25933567965659055,0.0,1.0,0.25187304890738815,0.2099979926624474,0.0,1.0,15,0.16532258064516128,6.384677419354839,18
547,1241,1000,13.484856564551889,85.20547945205479,7,6,4,2,959,0.7733870967741936,281,1098,0.885483870967742,0.9343065693430657,896,202,0.9343065693430657,0.7188612099644128,0.885483870967742,180,1076,5.977777777777778,0.00564516129032258,0.004838709677419355,0.0032258064516129032,0.0016129032258064516,0.48852382313950765,0.33343640185419626,0.0,1.0,0.37477580515193265,0.26186243114150987,0.0,1.0,0.5544176132671362,0.2591840829515516,0.0,1.0,0.25187803800265135,0.21009311724771715,0.0,1.0,15,0.16599516518936341,6.385979049153908,18
548,1243,1010,13.44878166695274,85.18905872888173,7,5,5,0,949,0.7647058823529411,292,1090,0.878323932312651,0.9188619599578504,872,218,0.9188619599578504,0.7465753424657534,0.878323932312651,173,1073,6.202312138728324,0.0056406124093473006,0.0040290088638195,0.0040290088638195,0.0,0.4882568188306127,0.3332268865089312,0.0,1.0,0.37482158150157013,0.26179889722289257,0.0,1.0,0.5544338618846184,0.25924477110998095,0.0,1.0,0.2519658474554278,0.2099483828952858,0.0,1.0,15,0.16492357200321803,6.393403057119872,18
549,1245,1016,13.448272151826073,85.18152610441767,7,5,5,0,905,0.7280772325020113,338,1063,0.8551890587288817,0.9060773480662984,820,243,0.9060773480662984,0.7189349112426036,0.8551890587288817,171,1040,6.081871345029239,0.0056315366049879325,0.004022526146419952,0.004022526146419952,0.0,0.48832750356263765,0.3335913787296663,0.0,1.0,0.37504858142246406,0.26250443694827036,0.0,1.0,0.5547868894934578,0.25966918639261766,0.0,1.0,0.25213110506542297,0.20989580486457649,0.0,1.0,15,0.1646586345381526,6.3967871485943775,18
550,1251,1021,13.432234777482584,85.3445243804956,11,5,2,3,945,0.7590361445783133,300,1074,0.8626506024096385,0.91005291005291,860,214,0.91005291005291,0.7133333333333334,0.8626506024096385,179,1058,5.910614525139665,0.008835341365461847,0.004016064257028112,0.001606425702811245,0.0024096385542168677,0.4901884943657977,0.3333782704836464,0.0,1.0,0.374126505247415,0.26185738468411257,0.0,1.0,0.5546530517521466,0.2599173425965053,0.0,1.0,0.25264949330857894,0.20985189338298016,0.0,1.0,15,0.16386890487609912,6.403677058353317,18
551,1254,1029,13.377983918055243,85.36842105263158,9,6,4,2,1004,0.8025579536370904,247,1095,0.8752997601918465,0.9073705179282868,911,184,0.9073705179282868,0.7449392712550608,0.8752997601918465,179,1082,6.044692737430168,0.007194244604316547,0.004796163069544364,0.0031974420463629096,0.0015987210231814548,0.4904563461439522,0.33372693550124594,0.0,1.0,0.37451767248032103,0.2613718861572087,0.0,1.0,0.5538406132633636,0.2596867253964139,0.0,1.0,0.25207079281782163,0.20943627985960264,0.0,1.0,15,0.1634768740031898,6.410685805422648,18
552,1248,1038,13.43346807014631,85.69871794871794,3,9,6,3,971,0.7743221690590112,283,1120,0.8931419457735247,0.9320288362512873,905,215,0.9320288362512873,0.7597173144876325,0.8931419457735247,176,1105,6.278409090909091,0.0023923444976076554,0.007177033492822967,0.004784688995215311,0.0023923444976076554,0.490875723738627,0.33359773456748465,0.0,1.0,0.37419871794871795,0.2615681185716696,0.0,1.0,0.5537117452440032,0.2602843371647954,0.0,1.0,0.2523263027295285,0.20928438224810958,0.0,1.0,15,0.16346153846153846,6.413461538461538,18
553,1253,1039,13.420544535282128,85.92498004788507,9,4,3,1,957,0.7668269230769231,291,1090,0.8733974358974359,0.9299895506792059,890,200,0.9299895506792059,0.6872852233676976,0.8733974358974359,185,1076,5.816216216216216,0.007211538461538462,0.003205128205128205,0.002403846153846154,0.0008012820512820513,0.4911567077723142,0.3338493137904009,0.0,1.0,0.3743531653064902,0.2616875045338073,0.0,1.0,0.5534845403290168,0.2604170119687735,0.0,1.0,0.25252941327909795,0.20912785963257916,0.0,1.0,15,0.16440542697525937,6.419792498004789,18
554,1254,1045,13.440418243217543,86.15869218500798,6,5,4,1,920,0.7342378292098962,333,1090,0.8699122106943336,0.925,851,239,0.925,0.7177177177177178,0.8699122106943336,176,1072,6.090909090909091,0.004788507581803671,0.0039904229848363925,0.0031923383878691143,0.0007980845969672786,0.4915882080567989,0.3334887575832018,0.0,1.0,0.37513505170551015,0.2619526446175438,0.0,1.0,0.5536605443226835,0.260394073467561,0.0,1.0,0.25268817204301075,0.2100504173344254,0.0,1.0,15,0.1634768740031898,6.4330143540669855,18
555,1254,1058,13.415751370594487,86.44258373205741,4,4,4,0,972,0.7751196172248804,282,1116,0.8899521531100478,0.918724279835391,893,223,0.918724279835391,0.7907801418439716,0.8899521531100478,167,1096,6.562874251497006,0.003189792663476874,0.003189792663476874,0.003189792663476874,0.0,0.4908164840253126,0.33380416657793965,0.0,1.0,0.3737716725832176,0.2612285225959532,0.0,1.0,0.5525286824098369,0.25981797624554626,0.0,1.0,0.2521736893553532,0.2094986217713138,0.0,1.0,15,0.16507177033492823,6.442583732057416,18
556,1254,1060,13.465559126568799,86.78070175438596,7,7,3,4,961,0.766347687400319,293,1114,0.8883572567783095,0.9323621227887617,896,218,0.9323621227887617,0.7440273037542662,0.8883572567783095,181,1097,6.060773480662983,0.005582137161084529,0.005582137161084529,0.0023923444976076554,0.003189792663476874,0.4891701394248083,0.33380453133807797,0.0,1.0,0.3731542933580285,0.260986535198499,0.0,1.0,0.5543808200854041,0.25974990390190017,0.0,1.0,0.2514276894582497,0.2092603104273864,0.0,1.0,15,0.1682615629984051,6.443381180223286,18
557,1254,1066,13.510379555662523,87.25757575757575,5,5,2,3,945,0.7535885167464115,309,1100,0.8771929824561403,0.908994708994709,859,241,0.908994708994709,0.7799352750809061,0.8771929824561403,178,1084,6.089887640449438,0.003987240829346092,0.003987240829346092,0.001594896331738437,0.0023923444976076554,0.4889643463497453,0.33350929412528413,0.0,1.0,0.3738745691207491,0.2618587750935634,0.0,1.0,0.5560014405515254,0.2597761361804424,0.0,1.0,0.2503729999485517,0.20913891006565022,0.0,1.0,15,0.16985645933014354,6.443381180223286,18
558,1253,1075,13.482954641818825,87.10853950518755,9,10,6,4,962,0.7671451355661882,292,1114,0.8883572567783095,0.9303534303534303,895,219,0.9303534303534303,0.75,0.8883572567783095,175,1098,6.274285714285714,0.007177033492822967,0.007974481658692184,0.004784688995215311,0.003189792663476874,0.48835053935071954,0.33372087456251687,0.0,1.0,0.37378678268928767,0.2619226073639864,0.0,1.0,0.5562907087506114,0.2599559021739188,0.0,1.0,0.2507530314342353,0.209432463698687,0.0,1.0,15,0.16999201915403034,6.454908220271348,18
559,1252,1080,13.503143617757146,87.39696485623003,4,5,4,1,975,0.7781324820430966,278,1098,0.8762968874700718,0.9261538461538461,903,195,0.9261538461538461,0.7014388489208633,0.8762968874700718,177,1080,6.101694915254237,0.0031923383878691143,0.0039904229848363925,0.0031923383878691143,0.0007980845969672786,0.48899824796454705,0.3341869709874773,0.0,1.0,0.37259095125219005,0.26128413546870866,0.0,1.0,0.5554982994950015,0.2602950926922711,0.0,1.0,0.24981964340925486,0.2087860512964463,0.0,1.0,15,0.17092651757188498,6.467252396166134,18
560,1252,1092,13.462612034816848,87.22444089456869,8,8,7,1,950,0.7587859424920128,302,1085,0.8666134185303515,0.911578947368421,866,219,0.911578947368421,0.7251655629139073,0.8666134185303515,168,1065,6.339285714285714,0.006389776357827476,0.006389776357827476,0.005591054313099041,0.0007987220447284345,0.4895650829640317,0.3340011620766829,0.0,1.0,0.3744718128413893,0.2616725561691562,0.0,1.0,0.5554725342677522,0.2603580522616723,0.0,1.0,0.25038647840873957,0.2087280417777596,0.0,1.0,15,0.17012779552715654,6.483226837060703,18
561,1252,1098,13.476002893240544,87.46645367412141,5,5,4,1,979,0.7819488817891374,273,1088,0.8690095846645367,0.9193054136874361,900,188,0.9193054136874361,0.6886446886446886,0.8690095846645367,179,1073,5.994413407821229,0.003993610223642172,0.003993610223642172,0.003194888178913738,0.0007987220447284345,0.4892559002370401,0.334585581374725,0.0,1.0,0.3747552303411316,0.2619162411329246,0.0,1.0,0.5557301865402453,0.26037006638822574,0.0,1.0,0.25012882613624654,0.20887364876464315,0.0,1.0,15,0.17092651757188498,6.491214057507987,18
562,1249,1103,13.513455715841987,87.56044835868695,7,10,6,4,923,0.737220447284345,329,1091,0.8714057507987221,0.9295774647887324,858,233,0.9295774647887324,0.7082066869300911,0.8714057507987221,177,1073,6.062146892655368,0.005591054313099041,0.007987220447284345,0.004792332268370607,0.003194888178913738,0.4902760918412149,0.33452256620512527,0.0,1.0,0.3733050956894548,0.2621161270129705,0.0,1.0,0.5552054546863298,0.26022846982558157,0.0,1.0,0.24892171801957694,0.2078444577291492,0.0,1.0,15,0.1721377101681345,6.506805444355485,18
563,1246,1102,13.548828819391867,87.64686998394863,4,7,6,1,978,0.7830264211369096,271,1093,0.8751000800640513,0.918200408997955,898,195,0.918200408997955,0.7195571955719557,0.8751000800640513,181,1073,5.928176795580111,0.0032025620496397116,0.005604483586869495,0.004803843074459567,0.0008006405124099279,0.49067985294879096,0.33444685458096196,0.0,1.0,0.37420390410604254,0.26221701812453335,0.0,1.0,0.5547299746284885,0.2602442921537111,0.0,1.0,0.24763112929115105,0.20734064589929205,0.0,1.0,15,0.1725521669341894,6.50561797752809,18
564,1258,1107,13.372545159621557,87.02066772655007,17,5,5,0,966,0.7752808988764045,280,1081,0.8675762439807384,0.922360248447205,891,190,0.922360248447205,0.6785714285714286,0.8675762439807384,166,1052,6.337349397590361,0.013643659711075442,0.0040128410914927765,0.0040128410914927765,0.0,0.49115339248166573,0.3344622996881608,0.0,1.0,0.3737883994050977,0.2626661657004005,0.0,1.0,0.5554130981075953,0.2597805673139735,0.0,1.0,0.24693574029437407,0.20765528422679433,0.0,1.0,15,0.17329093799682035,6.523052464228935,18
565,1262,1115,13.303971132962388,87.013470681458,11,7,4,3,969,0.7702702702702703,289,1081,0.8593004769475358,0.9205366357069144,892,189,0.9205366357069144,0.6539792387543253,0.8593004769475358,170,1059,6.229411764705882,0.008744038155802861,0.005564387917329093,0.003179650238473768,0.0023847376788553257,0.4921016307959716,0.3345263258456776,0.0,1.0,0.3723736005316702,0.2623913619541367,0.0,1.0,0.554419508205102,0.25939007446700024,0.0,1.0,0.24594857113644497,0.20610874662298057,0.0,1.0,15,0.1735340729001585,6.530110935023772,18
566,1257,1121,13.34023566494131,87.26252983293556,3,8,7,1,946,0.7496038034865293,316,1119,0.8866877971473851,0.9133192389006343,864,255,0.9133192389006343,0.8069620253164557,0.8866877971473851,180,1105,6.138888888888889,0.002377179080824089,0.006339144215530904,0.005546751188589541,0.000792393026941363,0.49108219775707646,0.3344967015947413,0.0,1.0,0.37154515359150053,0.2619770505070621,0.0,1.0,0.5554700130879976,0.25887066865174924,0.0,1.0,0.24587471450201454,0.20630477215575502,0.0,1.0,15,0.17501988862370724,6.537788385043755,18
567,1257,1124,13.363144660497387,87.61972951471758,6,6,4,2,1003,0.7979315831344471,254,1136,0.903739061256961,0.9361914257228315,939,197,0.9361914257228315,0.7755905511811023,0.903739061256961,174,1113,6.396551724137931,0.00477326968973747,0.00477326968973747,0.0031821797931583136,0.0015910898965791568,0.4909025585752046,0.3338750479283932,0.0,1.0,0.3719044319552442,0.26303561164028344,0.0,1.0,0.5547771191007776,0.2591300074989195,0.0,1.0,0.24608001642415375,0.20537977775434832,0.0,1.0,15,0.17501988862370724,6.536197295147176,17
568,1262,1130,13.353743834036806,88.04278922345483,8,3,1,2,959,0.7629276054097056,298,1100,0.8750994431185362,0.935349322210636,897,203,0.935349322210636,0.6812080536912751,0.8750994431185362,180,1086,6.033333333333333,0.006364359586316627,0.002386634844868735,0.0007955449482895784,0.0015910898965791568,0.4906446500690149,0.33446656400696784,0.0,1.0,0.3706865702162466,0.26253006599565903,0.0,1.0,0.5545217524666428,0.2595275075264218,0.0,1.0,0.2454884719595113,0.20507847137731738,0.0,1.0,15,0.17670364500792393,6.545166402535657,17
569,1260,1139,13.360044790370704,88.21746031746032,6,8,6,2,943,0.7472266244057052,319,1153,0.9136291600633915,0.9448568398727466,891,262,0.9448568398727466,0.8213166144200627,0.9136291600633915,176,1138,6.465909090909091,0.004754358161648178,0.006339144215530904,0.004754358161648178,0.001584786053882726,0.4898361495135689,0.3342783214298761,0.0,1.0,0.37109575012800816,0.2621019616781219,0.0,1.0,0.5546338965693804,0.25992155250544335,0.0,1.0,0.24592933947772658,0.20520393458599534,0.0,1.0,15,0.1761904761904762,6.557142857142857,17
570,1264,1146,13.310907930030744,88.05379746835443,11,7,4,3,976,0.7746031746031746,284,1102,0.8746031746031746,0.9118852459016393,890,212,0.9118852459016393,0.7464788732394366,0.8746031746031746,177,1086,6.135593220338983,0.00873015873015873,0.005555555555555556,0.0031746031746031746,0.002380952380952381,0.48879644752960394,0.3342611816013724,0.0,1.0,0.3701000408329931,0.2615612134232997,0.0,1.0,0.5539505920783993,0.25991197932811755,0.0,1.0,0.24550837076357696,0.20482032932555172,0.0,1.0,15,0.17721518987341772,6.568037974683544,17
571,1265,1155,13.308815327082291,88.4901185770751,4,3,3,0,991,0.7840189873417721,273,1122,0.8876582278481012,0.9182643794147326,910,212,0.9182643794147326,0.7765567765567766,0.8876582278481012,174,1105,6.350574712643678,0.0031645569620253164,0.0023734177215189874,0.0023734177215189874,0.0,0.48848654851459894,0.334044793005605,0.0,1.0,0.3698329720770114,0.26160500784932567,0.0,1.0,0.5551192145862552,0.2603603480286869,0.0,1.0,0.24544179523141657,0.20474098521705006,0.0,1.0,15,0.17707509881422925,6.571541501976284,17
572,1270,1156,13.311257905185352,88.94881889763779,7,2,1,1,997,0.7881422924901186,268,1122,0.8869565217391304,0.9277833500501504,925,197,0.9277833500501504,0.7350746268656716,0.8869565217391304,176,1099,6.244318181818182,0.005533596837944664,0.0015810276679841897,0.0007905138339920949,0.0007905138339920949,0.4891541783083566,0.3334785196395825,0.0,1.0,0.36924053848107696,0.2611729527752294,0.0,1.0,0.5548387096774193,0.2604556482523416,0.0,1.0,0.24439928879857759,0.20470770019753154,0.0,1.0,15,0.1763779527559055,6.58740157480315,17
573,1269,1161,13.310919353856976,89.21749408983452,4,5,5,0,991,0.7803149606299212,279,1102,0.8677165354330708,0.9273461150353178,919,183,0.9273461150353178,0.6559139784946236,0.8677165354330708,171,1078,6.304093567251462,0.0031496062992125984,0.003937007874015748,0.003937007874015748,0.0,0.489870103459671,0.3338140536530896,0.0,1.0,0.3692518874399451,0.26102746860369497,0.0,1.0,0.5542591321589263,0.2603784110073308,0.0,1.0,0.24438852029792318,0.2048080016195791,0.0,1.0,15,0.1765169424743893,6.596532702915682,17
574,1270,1168,13.278615827976642,89.54724409448819,6,5,4,1,996,0.7848699763593381,273,1094,0.8620961386918834,0.9126506024096386,909,185,0.9126506024096386,0.6776556776556777,0.8620961386918834,169,1070,6.331360946745562,0.004728132387706856,0.003940110323089046,0.0031520882584712374,0.0007880220646178094,0.4896875793751587,0.333861314201425,0.0,1.0,0.3706629413258827,0.26162984587999744,0.0,1.0,0.5534671069342139,0.26027517696545704,0.0,1.0,0.2442722885445771,0.2051290253939211,0.0,1.0,15,0.1763779527559055,6.603149606299213,17
575,1272,1167,13.270373747918224,89.53930817610063,8,6,5,1,993,0.7818897637795276,277,1096,0.862992125984252,0.9224572004028198,916,180,0.9224572004028198,0.6498194945848376,0.862992125984252,166,1061,6.391566265060241,0.006299212598425197,0.004724409448818898,0.003937007874015748,0.0007874015748031496,0.49066747819030226,0.3338902195452447,0.0,1.0,0.3716271048894299,0.26215231640441433,0.0,1.0,0.5522925542706432,0.2599491114085933,0.0,1.0,0.24462365591397853,0.20526747918493596,0.0,1.0,15,0.17531446540880502,6.612421383647798,17
576,1271,1174,13.318845747413308,89.9976396538159,4,5,3,2,934,0.7342767295597484,338,1109,0.8718553459119497,0.9186295503211992,858,251,0.9186295503211992,0.742603550295858,0.8718553459119497,173,1089,6.294797687861272,0.0031446540880503146,0.003930817610062893,0.0023584905660377358,0.0015723270440251573,0.49161188802314665,0.33441626999667484,0.0,1.0,0.3716403136976219,0.2622206591576618,0.0,1.0,0.5519910662165936,0.2599140206117953,0.0,1.0,0.24433390015481843,0.20530346967119742,0.0,1.0,15,0.17545239968528717,6.61369000786782,17
577,1276,1183,13.309043754045248,90.41614420062696,7,2,1,1,926,0.7285601888276947,345,1133,0.8914240755310779,0.9125269978401728,845,288,0.9125269978401728,0.8347826086956521,0.8914240755310779,172,1114,6.476744186046512,0.0055074744295830055,0.0015735641227380016,0.0007867820613690008,0.0007867820613690008,0.4919607644857923,0.3343974631780099,0.0,1.0,0.3727373849732026,0.2622884049011216,0.0,1.0,0.5510668419455961,0.2598770819972176,0.0,1.0,0.24390737182728287,0.20545630168913878,0.0,1.0,15,0.17476489028213166,6.622257053291536,17
578,1276,1188,13.276911262850422,90.46630094043887,8,8,5,3,997,0.7813479623824452,279,1141,0.8942006269592476,0.9237713139418254,921,220,0.9237713139418254,0.7885304659498208,0.8942006269592476,175,1121,6.405714285714286,0.006269592476489028,0.006269592476489028,0.003918495297805642,0.0023510971786833857,0.49145515218930125,0.33462871814032485,0.0,1.0,0.3733946809586409,0.2629352781669303,0.0,1.0,0.5511932450197189,0.2601783936618715,0.0,1.0,0.2438315299828092,0.2051829567578116,0.0,1.0,15,0.17476489028213166,6.620689655172414,17
579,1280,1190,13.18411830443203,90.27421875,11,7,6,1,1010,0.7915360501567398,266,1131,0.8863636363636364,0.9316831683168317,941,190,0.9316831683168317,0.7142857142857143,0.8863636363636364,177,1110,6.271186440677966,0.008620689655172414,0.0054858934169279,0.004702194357366771,0.0007836990595611285,0.4922883064516129,0.334396557814744,0.0,1.0,0.37379032258064515,0.2623667963902348,0.0,1.0,0.551789314516129,0.259864504021493,0.0,1.0,0.24369959677419356,0.20497632354161435,0.0,1.0,15,0.17265625,6.63125,17
580,1281,1196,13.199310894343585,90.69945355191257,6,5,3,2,955,0.74609375,325,1097,0.85703125,0.9172774869109948,876,221,0.9172774869109948,0.68,0.85703125,180,1083,6.016666666666667,0.0046875,0.00390625,0.00234375,0.0015625,0.4937674699705371,0.3338156217833932,0.0,1.0,0.3737755281911813,0.26242901056790724,0.0,1.0,0.5510312004230565,0.2602498588739779,0.0,1.0,0.2438870841832238,0.20486337217792794,0.0,1.0,15,0.17096018735362997,6.639344262295082,17
581,1278,1201,13.220400393596194,91.3716744913928,3,6,3,3,1031,0.804839968774395,250,1134,0.8852459016393442,0.9340446168768186,963,171,0.9340446168768186,0.684,0.8852459016393442,173,1112,6.427745664739884,0.00234192037470726,0.00468384074941452,0.00234192037470726,0.00234192037470726,0.49396738856075517,0.3338566390303864,0.0,1.0,0.37321419556767127,0.26252099823731695,0.0,1.0,0.550153970417487,0.2604297528036632,0.0,1.0,0.2432985006815084,0.20386463962782372,0.0,1.0,15,0.1705790297339593,6.644757433489828,17
582,1275,1204,13.205193918068238,91.20235294117647,8,11,8,3,988,0.7730829420970265,290,1141,0.8928012519561815,0.9342105263157895,923,218,0.9342105263157895,0.7517241379310344,0.8928012519561815,178,1122,6.303370786516854,0.006259780907668232,0.008607198748043818,0.006259780907668232,0.002347417840375587,0.4939152435167615,0.33389565321451936,0.0,1.0,0.37366223908918406,0.26228343626833395,0.0,1.0,0.549348513598988,0.26032982260175974,0.0,1.0,0.2429854522454143,0.20325521953287534,0.0,1.0,15,0.16941176470588235,6.650196078431373,17
583,1277,1207,13.137658634537251,91.04933437744714,9,7,6,1,986,0.7733333333333333,289,1109,0.8698039215686274,0.9148073022312373,902,207,0.9148073022312373,0.7162629757785467,0.8698039215686274,169,1081,6.396449704142012,0.007058823529411765,0.005490196078431373,0.004705882352941176,0.000784313725490196,0.4944047288251194,0.3341776147591112,0.0,1.0,0.37191502260843207,0.2619166931089723,0.0,1.0,0.5493975294920049,0.2599909577602951,0.0,1.0,0.24202389673377625,0.20263374144465132,0.0,1.0,15,0.16992952231793265,6.666405638214566,17
584,1274,1213,13.13124405822486,91.20643642072214,5,8,7,1,976,0.7642913077525451,301,1116,0.8739232576350823,0.923155737704918,901,215,0.923155737704918,0.7142857142857143,0.8739232576350823,167,1089,6.520958083832335,0.003915426781519186,0.006264682850430697,0.00548159749412686,0.0007830853563038371,0.4949359396364004,0.3341950055547586,0.0,1.0,0.3716260697827518,0.2618380882916996,0.0,1.0,0.5495265103560034,0.2601661061084519,0.0,1.0,0.24178356206005974,0.20270952430186978,0.0,1.0,15,0.17032967032967034,6.67425431711146,17
585,1278,1218,13.058052241576908,91.16431924882629,11,7,5,2,999,0.7841444270015698,275,1113,0.8736263736263736,0.913913913913914,913,200,0.913913913913914,0.7272727272727273,0.8736263736263736,173,1091,6.30635838150289,0.008634222919937205,0.005494505494505495,0.003924646781789639,0.0015698587127158557,0.4938916654046141,0.3339942484643228,0.0,1.0,0.37116967035186027,0.2612838874693039,0.0,1.0,0.5504316219900046,0.2599254333105566,0.0,1.0,0.2409510828411328,0.2026811717665719,0.0,1.0,15,0.1697965571205008,6.685446009389671,17
586,1278,1219,13.032847075289157,91.17214397496087,10,10,5,5,996,0.7793427230046949,282,1129,0.8834115805946792,0.9196787148594378,916,213,0.9196787148594378,0.7553191489361702,0.8834115805946792,173,1103,6.375722543352601,0.00782472613458529,0.00782472613458529,0.003912363067292645,0.003912363067292645,0.4917714170326619,0.33401943861889105,0.0,1.0,0.37250744611035386,0.2611079755844665,0.0,1.0,0.5498510777929224,0.2602815185694673,0.0,1.0,0.24122873441365036,0.20291118469073371,0.0,1.0,15,0.16823161189358374,6.687793427230047,17
587,1281,1222,13.001263097412126,91.33567525370805,8,5,4,1,999,0.7816901408450704,279,1123,0.878716744913928,0.9129129129129129,912,211,0.9129129129129129,0.7562724014336918,0.878716744913928,171,1097,6.415204678362573,0.006259780907668232,0.003912363067292645,0.003129890453834116,0.000782472613458529,0.49311273954319956,0.3339681946326732,0.0,1.0,0.37312079776384377,0.2607521390891809,0.0,1.0,0.5494951021127648,0.26005953797352216,0.0,1.0,0.2415955276875425,0.2029962768149739,0.0,1.0,15,0.1678376268540203,6.694769711163154,17
588,1279,1229,12.90855060536892,90.92572322126661,9,11,10,1,993,0.775175644028103,288,1133,0.8844652615144418,0.9244712990936556,918,215,0.9244712990936556,0.7465277777777778,0.8844652615144418,177,1117,6.3107344632768365,0.00702576112412178,0.00858704137392662,0.0078064012490242,0.00078064012490242,0.49257232212666147,0.33341040553215034,0.0,1.0,0.3741582385432167,0.2605264143601915,0.0,1.0,0.5493455068223663,0.26011329380672527,0.0,1.0,0.24081313526192338,0.20224399041105115,0.0,1.0,15,0.1673182173573104,6.715402658326818,17
589,1281,1238,12.911836019534764,91.45823575331772,4,2,2,0,948,0.7412040656763096,331,1140,0.8913213448006255,0.9367088607594937,888,252,0.9367088607594937,0.7613293051359517,0.8913213448006255,164,1113,6.786585365853658,0.003127443315089914,0.001563721657544957,0.001563721657544957,0.0,0.49215582584170636,0.3333384136277362,0.0,1.0,0.37420362116290196,0.26061006857321384,0.0,1.0,0.5487648258668882,0.2600944194341415,0.0,1.0,0.23990833774017273,0.201306717730163,0.0,1.0,15,0.16705698672911787,6.722872755659641,17
590,1283,1236,12.879143248601968,91.24318004676539,10,8,6,2,991,0.7736143637782982,290,1139,0.8891491022638564,0.9455095862764884,937,202,0.9455095862764884,0.696551724137931,0.8891491022638564,180,1117,6.205555555555556,0.0078064012490242,0.00624512099921936,0.00468384074941452,0.00156128024980484,0.49191662685741583,0.3331195091561159,0.0,1.0,0.3750785708897996,0.2612845556285617,0.0,1.0,0.5482613833505141,0.2602380317480194,0.0,1.0,0.2389560757297664,0.20021336612174712,0.0,1.0,15,0.16601714731098988,6.745908028059236,17
591,1284,1237,12.824141882574317,91.02180685358256,9,8,8,0,993,0.7739672642244739,290,1101,0.8581449727201871,0.9133937562940584,907,194,0.9133937562940584,0.6689655172413793,0.8581449727201871,174,1076,6.183908045977011,0.007014809041309431,0.006235385814497272,0.006235385814497272,0.0,0.4920610993869962,0.3332294580729474,0.0,1.0,0.37636920912471106,0.2616680734759068,0.0,1.0,0.5480102502261079,0.2603170596778362,0.0,1.0,0.23879509597025425,0.20075201790123448,0.0,1.0,15,0.16666666666666666,6.761682242990654,17
592,1284,1243,12.801344458472496,91.32943925233644,7,7,4,3,1002,0.780373831775701,282,1133,0.882398753894081,0.9251497005988024,927,206,0.9251497005988024,0.7304964539007093,0.882398753894081,176,1115,6.3352272727272725,0.005451713395638629,0.005451713395638629,0.003115264797507788,0.002336448598130841,0.49098080594915083,0.33293431637293625,0.0,1.0,0.37531403879007136,0.2611545152294436,0.0,1.0,0.5483619736709878,0.25991853480340055,0.0,1.0,0.23819214149331724,0.20022021142467608,0.0,1.0,15,0.16666666666666666,6.7725856697819315,17
593,1282,1250,12.82581326827175,91.91185647425897,2,4,4,0,978,0.7616822429906542,306,1113,0.866822429906542,0.9202453987730062,900,213,0.9202453987730062,0.696078431372549,0.866822429906542,172,1092,6.348837209302325,0.001557632398753894,0.003115264797507788,0.003115264797507788,0.0,0.49104222233405465,0.3327539315916618,0.0,1.0,0.3756479291429722,0.26124914953308004,0.0,1.0,0.548412259071008,0.2599526431478587,0.0,1.0,0.23813597705198533,0.2003702624025654,0.0,1.0,15,0.16614664586583464,6.778471138845553,17
594,1284,1251,12.843850003909196,92.30607476635514,8,6,2,4,997,0.7776911076443058,285,1147,0.8946957878315133,0.9348044132397192,932,215,0.9348044132397192,0.7543859649122807,0.8946957878315133,177,1125,6.3559322033898304,0.0062402496099844,0.0046801872074883,0.0015600624024961,0.0031201248049922,0.4911315445683851,0.33201209938557485,0.0,1.0,0.3760426087830369,0.26145152779122277,0.0,1.0,0.549040297457542,0.25942616589100403,0.0,1.0,0.23856898804140286,0.20096623368937377,0.0,1.0,15,0.16666666666666666,6.788940809968848,17
595,1287,1257,12.827589300560664,92.66588966588967,7,4,3,1,965,0.7515576323987538,319,1089,0.8481308411214953,0.9202072538860103,888,201,0.9202072538860103,0.6300940438871473,0.8481308411214953,173,1068,6.173410404624278,0.005451713395638629,0.003115264797507788,0.002336448598130841,0.000778816199376947,0.4908639747349425,0.33207634250376306,0.0,1.0,0.37646940872747325,0.2612257098214342,0.0,1.0,0.5486377421861293,0.2592834122337231,0.0,1.0,0.23853923853923853,0.20089789059324342,0.0,1.0,15,0.1655011655011655,6.792540792540793,17
596,1288,1261,12.79838865671165,92.652950310559,11,10,5,5,965,0.7498057498057498,322,1113,0.8648018648018648,0.9015544041450777,870,243,0.9015544041450777,0.7546583850931677,0.8648018648018648,170,1087,6.394117647058824,0.008547008547008548,0.00777000777000777,0.003885003885003885,0.003885003885003885,0.49293728711681023,0.33175476077716953,0.0,1.0,0.37652774994990984,0.2610924472081471,0.0,1.0,0.5484872770987779,0.2598366130608633,0.0,1.0,0.2378531356441595,0.20065464899316837,0.0,1.0,15,0.1638198757763975,6.801242236024844,17
597,1287,1263,12.84486594567306,93.1025641025641,5,6,4,2,924,0.717391304347826,364,1071,0.8315217391304348,0.8874458874458875,820,251,0.8874458874458875,0.6895604395604396,0.8315217391304348,178,1051,5.904494382022472,0.0038819875776397515,0.004658385093167702,0.003105590062111801,0.0015527950310559005,0.49332029977191266,0.3322394914841637,0.0,1.0,0.37566734340927893,0.26071779609919443,0.0,1.0,0.5477354187031606,0.260374953819244,0.0,1.0,0.23788756046820564,0.2004143567311517,0.0,1.0,15,0.16472416472416473,6.805749805749806,17
598,1284,1268,12.872678320527308,93.27725856697819,6,9,6,3,967,0.7513597513597513,320,1122,0.8717948717948718,0.9172699069286453,887,235,0.9172699069286453,0.734375,0.8717948717948718,176,1103,6.267045454545454,0.004662004662004662,0.006993006993006993,0.004662004662004662,0.002331002331002331,0.4944226710883329,0.33192258321493456,0.0,1.0,0.3768465480856195,0.2611183047367358,0.0,1.0,0.5473068033363481,0.2609991044423473,0.0,1.0,0.23771480253240881,0.20045748449881176,0.0,1.0,15,0.16277258566978192,6.816199376947041,17
599,1280,1268,12.928802814966307,93.6109375,4,8,5,3,1003,0.7811526479750779,281,1095,0.852803738317757,0.9162512462612163,919,176,0.9162512462612163,0.6263345195729537,0.852803738317757,178,1073,6.02808988764045,0.003115264797507788,0.006230529595015576,0.003894080996884735,0.002336448598130841,0.4956653225806452,0.3314492674893471,0.0,1.0,0.3775201612903226,0.26160187068415136,0.0,1.0,0.5467237903225806,0.2616009529679699,0.0,1.0,0.23860887096774194,0.20072058076992252,0.0,1.0,15,0.1609375,6.8171875,17
600,1287,1271,12.879314734043405,93.70862470862471,12,5,2,3,950,0.7421875,330,1098,0.8578125,0.9042105263157895,859,239,0.9042105263157895,0.7242424242424242,0.8578125,170,1071,6.3,0.009375,0.00390625,0.0015625,0.00234375,0.49484923678472065,0.3316992479394586,0.0,1.0,0.37814873298744267,0.2616550541975605,0.0,1.0,0.5460560944431913,0.26172659152575695,0.0,1.0,0.23843898037446426,0.2000775018691255,0.0,1.0,15,0.16006216006216006,6.822066822066822,17
601,1288,1276,12.85702653536721,93.65217391304348,10,9,5,4,1009,0.7839937839937839,278,1129,0.8772338772338772,0.9197224975222993,928,201,0.9197224975222993,0.7230215827338129,0.8772338772338772,181,1115,6.1602209944751385,0.00777000777000777,0.006993006993006993,0.003885003885003885,0.003108003108003108,0.49599278701662997,0.3317765147135208,0.0,1.0,0.37747946303346025,0.26139826549808454,0.0,1.0,0.5448807854137447,0.2616967611746126,0.0,1.0,0.23898016429573232,0.20020282177947482,0.0,1.0,15,0.15993788819875776,6.821428571428571,16
602,1288,1275,12.883940700097494,93.82841614906832,7,7,4,3,974,0.7562111801242236,314,1138,0.8835403726708074,0.9291581108829569,905,233,0.9291581108829569,0.7420382165605095,0.8835403726708074,181,1118,6.176795580110498,0.005434782608695652,0.005434782608695652,0.003105590062111801,0.002329192546583851,0.4953165698256863,0.330811699871551,0.0,1.0,0.37803045481867364,0.2617113865360082,0.0,1.0,0.5458324984972951,0.26126286795749787,0.0,1.0,0.23985674213584451,0.20080211926504568,0.0,1.0,15,0.15916149068322982,6.827639751552795,16
603,1288,1274,12.828386773016552,93.54813664596273,15,15,8,7,992,0.7701863354037267,296,1101,0.8548136645962733,0.9032258064516129,896,205,0.9032258064516129,0.6925675675675675,0.8548136645962733,175,1075,6.142857142857143,0.011645962732919254,0.011645962732919254,0.006211180124223602,0.005434782608695652,0.49559206571829295,0.33010894539223473,0.0,1.0,0.37890703265878584,0.2623738276292951,0.0,1.0,0.5468593468242837,0.2610063720038244,0.0,1.0,0.24073331997595673,0.2011429328624609,0.0,1.0,15,0.15916149068322982,6.833850931677019,16
604,1288,1283,12.80349666172777,93.48214285714286,8,8,5,3,965,0.7492236024844721,323,1081,0.8392857142857143,0.883937823834197,853,228,0.883937823834197,0.7058823529411765,0.8392857142857143,166,1056,6.36144578313253,0.006211180124223602,0.006211180124223602,0.0038819875776397515,0.002329192546583851,0.4934632338208776,0.32951756728224896,0.0,1.0,0.3804097375275496,0.26322488352266493,0.0,1.0,0.5474604287717892,0.26094109234808344,0.0,1.0,0.2400821478661591,0.20074396688041615,0.0,1.0,15,0.15993788819875776,6.84472049689441,16
605,1293,1282,12.770203874381725,93.69218870843001,9,4,3,1,1013,0.7864906832298136,275,1122,0.8711180124223602,0.9072063178677197,919,203,0.9072063178677197,0.7381818181818182,0.8711180124223602,178,1099,6.174157303370786,0.006987577639751553,0.003105590062111801,0.002329192546583851,0.0007763975155279503,0.49300202080682587,0.32912846477261243,0.0,1.0,0.3798617867924058,0.26246000571389616,0.0,1.0,0.5482623556121049,0.26089770998193623,0.0,1.0,0.23920365242122596,0.20070907714149863,0.0,1.0,15,0.1608662026295437,6.852281515854601,16
606,1295,1283,12.778621687831151,94.12972972972973,8,6,2,4,954,0.7378190255220418,339,1132,0.8754833720030936,0.9203354297693921,878,254,0.9203354297693921,0.7492625368731564,0.8754833720030936,168,1101,6.553571428571429,0.006187161639597835,0.004640371229698376,0.0015467904098994587,0.0030935808197989174,0.49062149707311,0.3291476147035647,0.0,1.0,0.3784780171876946,0.2623102528286128,0.0,1.0,0.5491842072487233,0.26053310715298234,0.0,1.0,0.23796238634948313,0.19882398860427697,0.0,0.967741935483871,15,0.16293436293436295,6.86023166023166,16
607,1299,1290,12.747183934727923,94.46574287913779,7,3,2,1,994,0.7675675675675676,301,1105,0.8532818532818532,0.9154929577464789,910,195,0.9154929577464789,0.6478405315614618,0.8532818532818532,171,1083,6.333333333333333,0.005405405405405406,0.0023166023166023165,0.0015444015444015444,0.0007722007722007722,0.4911718691797661,0.3291509232834338,0.0,1.0,0.3792495467977849,0.2624004497676796,0.0,1.0,0.5495294146862351,0.260702531272337,0.0,1.0,0.2379001216816906,0.19935181344685637,0.0,0.967741935483871,15,0.1624326404926867,6.869899923017706,16
608,1297,1292,12.761836423251806,94.69313801079414,8,10,4,6,1004,0.7729022324865281,295,1099,0.8460354118552733,0.8874501992031872,891,208,0.8874501992031872,0.7050847457627119,0.8460354118552733,174,1075,6.17816091954023,0.006158583525789068,0.007698229407236336,0.003079291762894534,0.004618937644341801,0.4904369885840774,0.32887663388361926,0.0,1.0,0.37983435720148234,0.2628212416751339,0.0,1.0,0.5500783445668666,0.2605219670337817,0.0,1.0,0.23687417613848336,0.19908658341721983,0.0,0.967741935483871,15,0.16345412490362374,6.877409406322283,16
609,1300,1289,12.709114263249802,94.63076923076923,11,8,5,3,1010,0.7787201233616037,287,1125,0.8673862760215882,0.9207920792079208,930,195,0.9207920792079208,0.6794425087108014,0.8673862760215882,167,1089,6.520958083832335,0.008481110254433308,0.006168080185042405,0.0038550501156515036,0.002313030069390902,0.49009925558312656,0.3292299042592683,0.0,1.0,0.38009925558312657,0.2631703763651297,0.0,1.0,0.5497022332506204,0.2610050202815229,0.0,1.0,0.2370967741935484,0.1985695866269822,0.0,0.967741935483871,15,0.16230769230769232,6.889230769230769,16
610,1302,1294,12.706891859136208,95.0168970814132,7,5,3,2,998,0.7676923076923077,302,1121,0.8623076923076923,0.9138276553106213,912,209,0.9138276553106213,0.6920529801324503,0.8623076923076923,173,1099,6.3526011560693645,0.005384615384615384,0.0038461538461538464,0.002307692307692308,0.0015384615384615385,0.48934641494475,0.3291286845194067,0.0,1.0,0.381150587185967,0.2635403394985747,0.0,1.0,0.5506416926812348,0.2607490072084636,0.0,1.0,0.23712898270650612,0.1984509369123307,0.0,0.967741935483871,15,0.1620583717357911,6.893241167434716,16
611,1314,1291,12.586426611446866,94.50532724505327,18,6,3,3,1014,0.7788018433179723,288,1139,0.8748079877112135,0.9457593688362919,959,180,0.9457593688362919,0.625,0.8748079877112135,174,1110,6.379310344827586,0.013824884792626729,0.004608294930875576,0.002304147465437788,0.002304147465437788,0.4923160013747729,0.3291205548726183,0.0,1.0,0.3808120980016694,0.26353046295106874,0.0,1.0,0.5503756076005302,0.260866373483243,0.0,1.0,0.2371483281779349,0.19818899832301853,0.0,0.967741935483871,15,0.16057838660578386,6.906392694063927,16
612,1317,1297,12.552784579006182,94.76841305998481,7,4,3,1,1002,0.7625570776255708,312,1167,0.8881278538812786,0.9331337325349301,935,232,0.9331337325349301,0.7435897435897436,0.8881278538812786,172,1145,6.656976744186046,0.00532724505327245,0.0030441400304414,0.00228310502283105,0.00076103500761035,0.4912190462194136,0.3288316650602027,0.0,1.0,0.38165919612021454,0.263974173670267,0.0,1.0,0.5517182256839837,0.2611172769370973,0.0,1.0,0.23726945403776914,0.19814691865972467,0.0,0.967741935483871,15,0.16021260440394836,6.912680334092634,16
613,1309,1294,12.573099944522989,94.8472116119175,4,12,10,2,1047,0.7949886104783599,270,1171,0.8891419893697798,0.9321872015281757,976,195,0.9321872015281757,0.7222222222222222,0.8891419893697798,184,1152,6.260869565217392,0.0030372057706909645,0.009111617312072893,0.007593014426727411,0.0015186028853454822,0.4901796495724389,0.32832793145532113,0.0,1.0,0.38300598831908134,0.2640977470325832,0.0,1.0,0.5519603735922521,0.2604423250147605,0.0,1.0,0.237561300179896,0.19838615222122694,0.0,0.967741935483871,15,0.15813598166539344,6.919786096256685,16
614,1310,1295,12.584080940716373,95.1648854961832,6,5,4,1,980,0.7486631016042781,329,1172,0.8953399541634836,0.9295918367346939,911,261,0.9295918367346939,0.7933130699088146,0.8953399541634836,174,1147,6.591954022988506,0.004583651642475172,0.0038197097020626434,0.0030557677616501145,0.0007639419404125286,0.4896084708199951,0.3290746939421583,0.0,1.0,0.3828859886727407,0.26418300629389047,0.0,1.0,0.5517360256094558,0.2603901014128588,0.0,1.0,0.23673971928096527,0.19746813606412453,0.0,0.967741935483871,15,0.15954198473282444,6.925190839694657,16
615,1301,1300,12.616562743340035,95.71560338201384,2,11,7,4,1051,0.8022900763358779,259,1171,0.8938931297709923,0.9362511893434824,984,187,0.9362511893434824,0.722007722007722,0.8938931297709923,173,1149,6.641618497109826,0.0015267175572519084,0.008396946564885497,0.0053435114503816794,0.0030534351145038168,0.4892514442984305,0.3294461752165379,0.0,1.0,0.38193945104262234,0.2634215398230419,0.0,1.0,0.5518831667947732,0.25976621303509295,0.0,1.0,0.23671617366293915,0.19720251804841027,0.0,0.967741935483871,15,0.1606456571867794,6.926210607225212,16
616,1295,1305,12.648628945725042,95.61853281853281,7,13,7,6,987,0.7586471944657955,314,1152,0.8854727132974635,0.9240121580547113,912,240,0.9240121580547113,0.7643312101910829,0.8854727132974635,172,1129,6.563953488372093,0.005380476556495004,0.009992313604919293,0.005380476556495004,0.004611837048424289,0.4868850417237514,0.3286069237589845,0.0,1.0,0.38144227176485246,0.26346511359066277,0.0,1.0,0.553817411881928,0.25896483555530114,0.0,1.0,0.2363930751027525,0.19737879758681764,0.0,0.967741935483871,15,0.1613899613899614,6.93050193050193,16
617,1295,1305,12.63815260491338,95.88957528957529,7,7,4,3,1027,0.7930501930501931,268,1155,0.8918918918918919,0.9250243427458618,950,205,0.9250243427458618,0.7649253731343284,0.8918918918918919,174,1129,6.488505747126437,0.005405405405405406,0.005405405405405406,0.003088803088803089,0.0023166023166023165,0.4878316104122556,0.3295443132432423,0.0,1.0,0.3808942583136131,0.26246883490502176,0.0,1.0,0.5519740939095777,0.2589534876033331,0.0,1.0,0.23631834599576532,0.1975964017451284,0.0,0.967741935483871,15,0.1613899613899614,6.935907335907336,16
618,1288,1313,12.695495591171472,96.36180124223603,4,11,6,5,990,0.7644787644787645,305,1154,0.8911196911196911,0.9262626262626262,917,237,0.9262626262626262,0.7770491803278688,0.8911196911196911,177,1139,6.435028248587571,0.003088803088803089,0.008494208494208495,0.004633204633204633,0.003861003861003861,0.4854237627729914,0.329571385062816,0.0,1.0,0.38176217190943695,0.2628841656875806,0.0,1.0,0.5520186335403726,0.2586378440283978,0.0,1.0,0.23547385293528353,0.19670405456585247,0.0,0.967741935483871,15,0.1622670807453416,6.933229813664596,16
619,1289,1316,12.681598948800477,96.60977501939487,11,10,3,7,1026,0.796583850931677,262,1143,0.8874223602484472,0.9307992202729045,955,188,0.9307992202729045,0.7175572519083969,0.8874223602484472,174,1120,6.436781609195402,0.008540372670807454,0.007763975155279503,0.002329192546583851,0.005434782608695652,0.4843214294652018,0.3297505794860713,0.0,1.0,0.38256713130959236,0.2637814668517072,0.0,1.0,0.5534673039865862,0.25808489598951473,0.0,1.0,0.2357916864786406,0.19674506857064572,0.0,0.967741935483871,15,0.16291698991466252,6.944142746314973,16
620,1295,1318,12.619734085188723,96.51042471042472,12,6,4,2,952,0.7385570209464701,337,1087,0.843289371605896,0.907563025210084,864,223,0.907563025210084,0.6617210682492581,0.843289371605896,177,1066,6.022598870056497,0.009309542280837859,0.004654771140418929,0.0031031807602792862,0.0015515903801396431,0.4826753020301407,0.32893995815075605,0.0,1.0,0.38375887408145476,0.2641396857217099,0.0,1.0,0.5541910574168638,0.25810666923177644,0.0,1.0,0.23554614522356457,0.19681093228441787,0.0,0.967741935483871,15,0.16293436293436295,6.9644787644787645,16
621,1293,1316,12.697318577865984,97.13302397525135,4,6,2,4,1006,0.7768339768339768,289,1131,0.8733590733590734,0.9224652087475149,928,203,0.9224652087475149,0.7024221453287197,0.8733590733590734,185,1114,6.021621621621621,0.003088803088803089,0.004633204633204633,0.0015444015444015444,0.003088803088803089,0.4823740737968715,0.3288970888770656,0.0,1.0,0.3837287628171544,0.26388495374136006,0.0,1.0,0.5536511738143353,0.2580997027007354,0.0,1.0,0.23618491629868024,0.19786649012904486,0.0,0.967741935483871,15,0.16318638824439288,6.965970610982212,16
622,1296,1316,12.718161224995185,97.52932098765432,7,4,2,2,948,0.7331786542923434,345,1104,0.8538283062645011,0.9113924050632911,864,240,0.9113924050632911,0.6956521739130435,0.8538283062645011,177,1081,6.107344632768362,0.005413766434648105,0.0030935808197989174,0.0015467904098994587,0.0015467904098994587,0.4834976105137396,0.3287111928149469,0.0,1.0,0.38425925925925924,0.2642351001015046,0.0,1.0,0.5528424930306651,0.25857159244102884,0.0,1.0,0.2364595778574273,0.19792252608703906,0.0,0.967741935483871,15,0.16203703703703703,6.970679012345679,16
623,1292,1320,12.70438707585795,97.40557275541795,9,13,8,5,940,0.7253086419753086,356,1119,0.8634259259259259,0.9191489361702128,864,255,0.9191489361702128,0.7162921348314607,0.8634259259259259,176,1099,6.244318181818182,0.006944444444444444,0.010030864197530864,0.006172839506172839,0.0038580246913580245,0.48284729851193453,0.32926473991898264,0.0,1.0,0.38469989014281436,0.264380275089806,0.0,1.0,0.5524568061520024,0.25827109565782536,0.0,1.0,0.2359682412863278,0.19689585980951485,0.0,0.967741935483871,15,0.163312693498452,6.981424148606811,16
624,1298,1322,12.689584220138883,97.66718027734977,9,3,1,2,977,0.7561919504643962,315,1104,0.8544891640866873,0.9037871033776868,883,221,0.9037871033776868,0.7015873015873015,0.8544891640866873,176,1082,6.1477272727272725,0.00696594427244582,0.0023219814241486067,0.0007739938080495357,0.0015479876160990713,0.4831254038471097,0.32944788696507343,0.0,1.0,0.3849346388985536,0.26397557131706656,0.0,1.0,0.5521646205079775,0.25826356753135704,0.0,1.0,0.23532481733684577,0.19675669125598189,0.0,0.967741935483871,15,0.1633281972265023,6.986902927580894,16
625,1302,1320,12.620060136497328,97.3394777265745,13,9,6,3,988,0.7611710323574731,310,1110,0.8551617873651772,0.9058704453441295,895,215,0.9058704453441295,0.6935483870967742,0.8551617873651772,180,1088,6.044444444444444,0.010015408320493066,0.006933744221879815,0.004622496147919877,0.0023112480739599386,0.4831276943659878,0.32928626812824935,0.0,1.0,0.3851147118576879,0.26450797780433527,0.0,1.0,0.5529210643674743,0.2592252505835391,0.0,1.0,0.2356176601754125,0.19709913295462714,0.0,0.967741935483871,15,0.16282642089093702,7.0,16
626,1302,1326,12.532885593056484,97.15668202764977,11,11,6,5,1046,0.8033794162826421,256,1156,0.8878648233486943,0.9321223709369025,975,181,0.9321223709369025,0.70703125,0.8878648233486943,171,1133,6.625730994152047,0.008448540706605223,0.008448540706605223,0.004608294930875576,0.0038402457757296467,0.48201278430206634,0.32878270500194606,0.0,1.0,0.385312918091274,0.2645335597794529,0.0,1.0,0.5545067142361627,0.25864631114764486,0.0,1.0,0.2347257321242753,0.19626388355648713,0.0,0.967741935483871,15,0.16359447004608296,7.005376344086022,16
627,1300,1333,12.555967759071946,97.4976923076923,7,9,3,6,1000,0.7680491551459293,302,1123,0.8625192012288786,0.919,919,204,0.919,0.6754966887417219,0.8625192012288786,171,1101,6.43859649122807,0.005376344086021506,0.0069124423963133645,0.002304147465437788,0.004608294930875576,0.4827047146401985,0.32938396612735116,0.0,1.0,0.38488833746898266,0.2641753341219999,0.0,1.0,0.553970223325062,0.2579032649008387,0.0,1.0,0.23513647642679902,0.19685197427633339,0.0,0.967741935483871,15,0.16384615384615384,7.006923076923077,16
628,1296,1339,12.578389869186113,97.76388888888889,7,11,6,5,969,0.7453846153846154,331,1113,0.8561538461538462,0.9143446852425181,886,227,0.9143446852425181,0.6858006042296072,0.8561538461538462,173,1092,6.312138728323699,0.005384615384615384,0.008461538461538461,0.004615384615384616,0.0038461538461538464,0.4821784149741139,0.3290622620488933,0.0,1.0,0.385478892871366,0.2644412951829806,0.0,1.0,0.5539625647152528,0.25774585181196935,0.0,1.0,0.23461768219832735,0.19660508095664703,0.0,0.967741935483871,15,0.16358024691358025,7.006172839506172,16
629,1296,1345,12.566229592723131,98.05324074074075,6,6,4,2,999,0.7708333333333334,297,1166,0.8996913580246914,0.9379379379379379,937,229,0.9379379379379379,0.7710437710437711,0.8996913580246914,172,1144,6.651162790697675,0.004629629629629629,0.004629629629629629,0.0030864197530864196,0.0015432098765432098,0.48148148148148145,0.32895055942075835,0.0,1.0,0.385205097570689,0.26456848979622677,0.0,1.0,0.5543359219434488,0.2578138174495123,0.0,1.0,0.23436877737953007,0.19620319219692123,0.0,0.967741935483871,15,0.16435185185185186,7.010802469135802,16
630,1294,1346,12.594528095837237,98.44667697063369,4,6,5,1,994,0.7669753086419753,302,1152,0.8888888888888888,0.9456740442655935,940,212,0.9456740442655935,0.7019867549668874,0.8888888888888888,174,1127,6.477011494252873,0.0030864197530864196,0.004629629629629629,0.0038580246913580245,0.0007716049382716049,0.4813780724933938,0.32925521358453663,0.0,1.0,0.3858503265692776,0.2649588676111795,0.0,1.0,0.5550181981353143,0.25775789472695443,0.0,1.0,0.23458144288776986,0.1962678261282954,0.0,0.967741935483871,15,0.16460587326120557,7.013910355486862,16
631,1288,1351,12.595632569752844,98.56288819875776,6,12,8,4,1004,0.7758887171561051,290,1149,0.8879443585780525,0.9352589641434262,939,210,0.9352589641434262,0.7241379310344828,0.8879443585780525,178,1132,6.359550561797753,0.00463678516228748,0.00927357032457496,0.0061823802163833074,0.0030911901081916537,0.4810408735724304,0.329505277676978,0.0,1.0,0.3867461430575035,0.26402504587932024,0.0,1.0,0.5542726908435183,0.25715208149606444,0.0,1.0,0.23459727509517134,0.1963649728756238,0.0,0.967741935483871,15,0.16304347826086957,7.019409937888199,16
632,1285,1357,12.593050873014366,98.73540856031128,6,9,6,3,1007,0.781832298136646,281,1135,0.8812111801242236,0.9304865938430983,937,198,0.9304865938430983,0.7046263345195729,0.8812111801242236,173,1114,6.4393063583815024,0.004658385093167702,0.006987577639751553,0.004658385093167702,0.002329192546583851,0.48040667754487265,0.32923619785277874,0.0,1.0,0.3873729132672273,0.2640189571584302,0.0,1.0,0.5554411949290825,0.25630685441271056,0.0,1.0,0.23529559432659722,0.19680290873509323,0.0,0.967741935483871,15,0.16264591439688716,7.01556420233463,16
633,1286,1367,12.557348963381056,98.76049766718506,11,10,5,5,950,0.7392996108949417,335,1130,0.8793774319066148,0.9221052631578948,876,254,0.9221052631578948,0.7582089552238805,0.8793774319066148,171,1111,6.497076023391813,0.008560311284046693,0.007782101167315175,0.0038910505836575876,0.0038910505836575876,0.4806602117092259,0.32894349254123667,0.0,1.0,0.38747303466613153,0.2641031208106166,0.0,1.0,0.555887222194351,0.25684109197749583,0.0,1.0,0.23611598856168162,0.19751624024861927,0.0,0.967741935483871,15,0.1640746500777605,7.026438569206843,16
634,1284,1372,12.543493322182783,98.94704049844236,7,9,5,4,999,0.7768273716951789,287,1140,0.8864696734059098,0.9279279279279279,927,213,0.9279279279279279,0.7421602787456446,0.8864696734059098,182,1127,6.1923076923076925,0.005443234836702955,0.006998444790046656,0.0038880248833592537,0.003110419906687403,0.4787709777911768,0.328733534087593,0.0,1.0,0.3862174655813486,0.263945473253778,0.0,1.0,0.5569791980705456,0.25668361469045403,0.0,1.0,0.23434830670284393,0.1960031930049487,0.0,0.967741935483871,15,0.1658878504672897,7.042056074766355,16
635,1283,1378,12.525491174054393,98.87685113016367,8,9,7,2,976,0.7601246105919003,308,1142,0.8894080996884736,0.9313524590163934,909,233,0.9313524590163934,0.7564935064935064,0.8894080996884736,174,1122,6.448275862068965,0.006230529595015576,0.007009345794392523,0.005451713395638629,0.001557632398753894,0.48037613456364875,0.3299929585769506,0.0,1.0,0.3860156387499057,0.26374637699037895,0.0,1.0,0.5558293314560129,0.25712578815240617,0.0,1.0,0.23551152792095142,0.1968018878266303,0.0,0.967741935483871,15,0.16601714731098988,7.0366328916601715,16
636,1280,1384,12.57034351621526,99.390625,5,8,3,5,980,0.7638347622759158,303,1119,0.8721745908028059,0.9275510204081633,909,210,0.9275510204081633,0.693069306930693,0.8721745908028059,181,1106,6.110497237569061,0.003897116134060795,0.006235385814497272,0.002338269680436477,0.003897116134060795,0.4792338709677419,0.3294721891937667,0.0,1.0,0.38618951612903224,0.26403284230407115,0.0,1.0,0.555922379032258,0.2571701289895393,0.0,1.0,0.23518145161290321,0.19651599164784292,0.0,0.967741935483871,15,0.16640625,7.0390625,16
637,1281,1393,12.529131126936752,99.22404371584699,12,11,6,5,941,0.73515625,339,1086,0.8484375,0.9139213602550478,860,226,0.9139213602550478,0.6666666666666666,0.8484375,171,1066,6.233918128654971,0.009375,0.00859375,0.0046875,0.00390625,0.4807987711213517,0.32836888580915513,0.0,1.0,0.38674422704036665,0.26425098232432825,0.0,1.0,0.5561179522046787,0.25719652295273426,0.0,1.0,0.235526680264914,0.19656700996971913,0.0,0.967741935483871,15,0.1647150663544106,7.035128805620609,16
638,1277,1397,12.545281475131794,99.65231010180109,6,10,5,5,1000,0.78064012490242,281,1131,0.882903981264637,0.924,924,207,0.924,0.7366548042704626,0.882903981264637,179,1114,6.223463687150838,0.00468384074941452,0.0078064012490242,0.0039032006245121,0.0039032006245121,0.48005658423219744,0.3281246690793468,0.0,1.0,0.3873999040088918,0.26388756962314636,0.0,1.0,0.555965342157779,0.2569371932804237,0.0,1.0,0.2358349963371814,0.19606147681113464,0.0,0.967741935483871,15,0.16366483946750196,7.040720438527799,16
639,1282,1396,12.540072200781838,99.77145085803433,9,4,3,1,962,0.7533281127642913,315,1127,0.8825371965544244,0.9334719334719335,898,229,0.9334719334719335,0.726984126984127,0.8825371965544244,172,1098,6.383720930232558,0.007047768206734534,0.0031323414252153485,0.0023492560689115116,0.0007830853563038371,0.4799708117356953,0.32774570058189945,0.0,1.0,0.3879019676916109,0.2637963692098133,0.0,1.0,0.5565900055357053,0.2566564635999063,0.0,1.0,0.2357707211514267,0.19627125077750765,0.0,0.967741935483871,15,0.16380655226209048,7.048361934477379,16
640,1282,1405,12.5465793375711,100.30655226209048,5,5,3,2,982,0.765990639625585,300,1128,0.8798751950078003,0.9307535641547862,914,214,0.9307535641547862,0.7133333333333334,0.8798751950078003,174,1111,6.385057471264368,0.0039001560062402497,0.0039001560062402497,0.00234009360374415,0.0015600624024961,0.4797946756579941,0.3276754438845985,0.0,1.0,0.38863167429923007,0.2638438979724896,0.0,1.0,0.556514518645262,0.25676794861523583,0.0,1.0,0.2355945850737255,0.19622014185534156,0.0,0.967741935483871,15,0.16380655226209048,7.049921996879875,16
641,1286,1411,12.528746990502585,100.45800933125972,10,6,2,4,959,0.7480499219968799,323,1121,0.874414976599064,0.913451511991658,876,245,0.913451511991658,0.7585139318885449,0.874414976599064,181,1108,6.121546961325967,0.0078003120124804995,0.0046801872074883,0.0015600624024961,0.0031201248049922,0.47940601013394873,0.32740999745169425,0.0,1.0,0.38937942106055284,0.26389122776753243,0.0,1.0,0.55583705413134,0.2572549262292647,0.0,1.0,0.23654241709727586,0.19677726777794444,0.0,0.967741935483871,15,0.16174183514774496,7.048989113530326,16
642,1284,1410,12.492259848728592,100.10436137071652,8,10,9,1,983,0.7643856920684292,303,1136,0.8833592534992224,0.9338758901322483,918,218,0.9338758901322483,0.7194719471947195,0.8833592534992224,175,1110,6.3428571428571425,0.006220839813374806,0.007776049766718507,0.006998444790046656,0.0007776049766718507,0.4814089036277761,0.32681191403220183,0.0,1.0,0.38986031554617623,0.26383265794727734,0.0,1.0,0.5564767360064315,0.257811982668144,0.0,1.0,0.23643352426891767,0.1975592836187175,0.0,0.967741935483871,15,0.16121495327102803,7.0607476635514015,16
643,1277,1415,12.48196715546872,100.1620986687549,5,12,9,3,1037,0.807632398753894,247,1098,0.8551401869158879,0.9132111861137898,947,151,0.9132111861137898,0.611336032388664,0.8551401869158879,175,1078,6.16,0.003894080996884735,0.009345794392523364,0.007009345794392523,0.002336448598130841,0.4804354965013767,0.3276579186382301,0.0,1.0,0.3906838103417789,0.26392203268120207,0.0,1.0,0.5556622123424357,0.2581514109777077,0.0,1.0,0.23606234369868895,0.19721214565658682,0.0,0.967741935483871,15,0.16131558339859045,7.068128425998434,16
644,1269,1424,12.518539875727393,100.49093774625689,5,13,7,6,959,0.7509788566953798,318,1119,0.8762725137039937,0.9249217935349322,887,232,0.9249217935349322,0.7295597484276729,0.8762725137039937,173,1101,6.364161849710983,0.003915426781519186,0.010180109631949883,0.00548159749412686,0.004698512137823023,0.4808713998830677,0.327326019939021,0.0,1.0,0.3901726022522179,0.2638890330358304,0.0,1.0,0.5557080759551589,0.25830055789429146,0.0,1.0,0.2364828795851445,0.1971020952942799,0.0,0.967741935483871,15,0.16233254531126873,7.0638297872340425,16
645,1271,1429,12.53093965727792,100.88276947285601,5,3,2,1,988,0.7785657998423956,281,1121,0.8833727344365643,0.9261133603238867,915,206,0.9261133603238867,0.7330960854092526,0.8833727344365643,172,1098,6.383720930232558,0.003940110323089046,0.002364066193853428,0.0015760441292356187,0.0007880220646178094,0.4812314408263749,0.32703892375789756,0.0,1.0,0.38986320144158776,0.26401984257483074,0.0,1.0,0.5556204157254891,0.2585258522446606,0.0,1.0,0.23707520113702696,0.19712542922037393,0.0,0.967741935483871,15,0.16207710464201416,7.071597167584579,16
646,1270,1434,12.548697982009493,101.21732283464567,5,6,5,1,966,0.7600314712824547,305,1121,0.8819826907946499,0.9285714285714286,897,224,0.9285714285714286,0.7344262295081967,0.8819826907946499,179,1105,6.173184357541899,0.003933910306845004,0.004720692368214005,0.003933910306845004,0.0007867820613690008,0.4823469646939294,0.3269893866861864,0.0,1.0,0.3903225806451613,0.2646113620795065,0.0,1.0,0.5560833121666243,0.2581608745821916,0.0,1.0,0.23680467360934723,0.19685885091667513,0.0,0.967741935483871,15,0.16062992125984252,7.074803149606299,16
647,1271,1437,12.586332769255314,101.64437450826121,6,5,3,2,965,0.7598425196850394,305,1123,0.8842519685039371,0.933678756476684,901,222,0.933678756476684,0.7278688524590164,0.8842519685039371,175,1101,6.291428571428572,0.004724409448818898,0.003937007874015748,0.002362204724409449,0.0015748031496062992,0.48336336641202,0.32736444900936895,0.0,1.0,0.3903454227050075,0.2642948420148765,0.0,1.0,0.5548336336641202,0.2582123760579077,0.0,1.0,0.23730362173548897,0.19705615803907375,0.0,0.967741935483871,15,0.15971675845790717,7.085759244689221,17
648,1264,1443,12.57227463472333,101.57990506329114,5,12,8,4,972,0.7647521636506688,299,1080,0.8497246262785209,0.9176954732510288,892,188,0.9176954732510288,0.6287625418060201,0.8497246262785209,169,1055,6.242603550295858,0.003933910306845004,0.00944138473642801,0.006294256490952006,0.003147128245476003,0.4815996325030625,0.3271530946458681,0.0,1.0,0.3904144548795427,0.2641132028444799,0.0,1.0,0.5559922417313189,0.25767462327721985,0.0,1.0,0.23619334422213148,0.19658690140786445,0.0,0.967741935483871,15,0.16139240506329114,7.093354430379747,17
649,1260,1447,12.607418867698515,101.65238095238095,9,13,6,7,966,0.7642405063291139,298,1095,0.8662974683544303,0.9202898550724637,889,206,0.9202898550724637,0.6912751677852349,0.8662974683544303,171,1070,6.257309941520468,0.007120253164556962,0.010284810126582278,0.004746835443037975,0.005537974683544304,0.4816436251920123,0.326561449813136,0.0,1.0,0.3910650281618024,0.26517335667284775,0.0,1.0,0.5568100358422939,0.2578901972125242,0.0,1.0,0.23627752176139272,0.19652985531260103,0.0,0.967741935483871,15,0.16031746031746033,7.092063492063492,17
650,1262,1449,12.5734350777199,101.36133122028527,10,8,7,1,961,0.7626984126984127,299,1091,0.8658730158730159,0.9177939646201873,882,209,0.9177939646201873,0.6989966555183946,0.8658730158730159,176,1069,6.073863636363637,0.007936507936507936,0.006349206349206349,0.005555555555555556,0.0007936507936507937,0.4821072542303563,0.3258299965738993,0.0,1.0,0.3901385409743878,0.2656094090454567,0.0,1.0,0.5570011758090077,0.2582481848513836,0.0,1.0,0.23664434333623025,0.19643558842320802,0.0,0.967741935483871,15,0.1576862123613312,7.109350237717908,17
651,1262,1453,12.546041733974537,101.0689381933439,8,8,8,0,939,0.7440570522979397,323,1086,0.8605388272583201,0.9148029818956337,859,227,0.9148029818956337,0.7027863777089783,0.8605388272583201,181,1071,5.917127071823204,0.006339144215530904,0.006339144215530904,0.006339144215530904,0.0,0.4812637390726446,0.3260583407201526,0.0,1.0,0.3895506364705281,0.26522561509775194,0.0,1.0,0.5567711262205408,0.25788672750308533,0.0,1.0,0.23659322120545984,0.1964174136704092,0.0,0.967741935483871,15,0.15689381933438987,7.116481774960381,17
652,1262,1461,12.460650487773464,100.81695721077655,10,10,7,3,992,0.786053882725832,270,1071,0.8486529318541997,0.905241935483871,898,173,0.905241935483871,0.6407407407407407,0.8486529318541997,173,1052,6.08092485549133,0.00792393026941363,0.00792393026941363,0.005546751188589541,0.002377179080824089,0.4798578804764583,0.3269494410928969,0.0,1.0,0.3887071213128163,0.264689038312891,0.0,1.0,0.5569756147436224,0.25771687833837026,0.0,1.0,0.23518736260927356,0.19580226068103668,0.0,0.967741935483871,15,0.1600633914421553,7.128367670364501,17
653,1265,1463,12.369806187161629,100.1288537549407,15,12,8,4,951,0.7535657686212361,311,1086,0.8605388272583201,0.9137749737118822,869,217,0.9137749737118822,0.6977491961414791,0.8605388272583201,177,1065,6.016949152542373,0.011885895404120444,0.009508716323296355,0.006339144215530904,0.003169572107765452,0.4781078668876705,0.3261155593895553,0.0,1.0,0.3892133112329466,0.26593808387404194,0.0,1.0,0.5590207828637,0.2576746039789717,0.0,1.0,0.23473160780313657,0.19527716610455964,0.0,0.967741935483871,15,0.16205533596837945,7.143873517786561,17
654,1265,1464,12.437484408518722,100.67351778656126,6,6,2,4,951,0.7517786561264822,314,1109,0.8766798418972332,0.9263932702418507,881,228,0.9263932702418507,0.7261146496815286,0.8766798418972332,180,1090,6.055555555555555,0.0047430830039525695,0.0047430830039525695,0.0015810276679841897,0.0031620553359683794,0.47874537804411577,0.3261425968394746,0.0,1.0,0.38913680989417315,0.26562453886028614,0.0,1.0,0.5583322708147392,0.2584336306530112,0.0,1.0,0.23554762208338645,0.19519180956643697,0.0,0.967741935483871,15,0.16126482213438736,7.150197628458498,17
655,1267,1465,12.387679286472034,100.37726913970008,9,7,7,0,1003,0.7928853754940711,262,1093,0.8640316205533597,0.9232303090727817,926,167,0.9232303090727817,0.6374045801526718,0.8640316205533597,175,1069,6.1085714285714285,0.0071146245059288534,0.005533596837944664,0.005533596837944664,0.0,0.47875346895129467,0.32583473749766484,0.0,1.0,0.3896173332993864,0.2651924193177401,0.0,1.0,0.5580874303027217,0.25816065716961667,0.0,1.0,0.2356340861063727,0.19513821702781056,0.0,0.967741935483871,15,0.16022099447513813,7.162588792423047,17
656,1267,1468,12.35144748221644,100.28255722178375,9,9,6,3,1012,0.7987371744277821,255,1100,0.8681925808997633,0.9169960474308301,928,172,0.9169960474308301,0.6745098039215687,0.8681925808997633,170,1073,6.311764705882353,0.007103393843725336,0.007103393843725336,0.004735595895816891,0.0023677979479084454,0.47826972528451767,0.32496736465033504,0.0,1.0,0.3896427934923747,0.26538876187421573,0.0,1.0,0.5588766962853579,0.257392170396033,0.0,1.0,0.23532856379051356,0.1955611593709773,0.0,0.967741935483871,15,0.16022099447513813,7.167324388318863,17
657,1269,1466,12.365917564244452,100.44050433412136,8,6,4,2,987,0.7790055248618785,280,1074,0.8476716653512234,0.9108409321175278,899,175,0.9108409321175278,0.625,0.8476716653512234,176,1048,5.954545454545454,0.006314127861089187,0.004735595895816891,0.0031570639305445935,0.0015785319652722968,0.47962581661963954,0.324616750683596,0.0,1.0,0.3880627367243702,0.26518071415425176,0.0,1.0,0.5587839040138285,0.25711137641269005,0.0,1.0,0.23462721472330259,0.1951141052925915,0.0,0.967741935483871,15,0.1599684791174153,7.193065405831363,17
658,1260,1470,12.390056010699055,100.41825396825396,6,15,10,5,964,0.7596532702915682,305,1123,0.8849487785657998,0.9190871369294605,886,237,0.9190871369294605,0.7770491803278688,0.8849487785657998,172,1099,6.3895348837209305,0.004728132387706856,0.01182033096926714,0.007880220646178092,0.003940110323089046,0.4799283154121864,0.3254546545811088,0.0,1.0,0.387352790578597,0.2644060825295733,0.0,1.0,0.5575268817204301,0.2576415023808682,0.0,1.0,0.23453661034306195,0.19425692441099132,0.0,0.967741935483871,15,0.16031746031746033,7.203968253968254,17
659,1257,1470,12.490752119047754,100.89498806682577,5,8,4,4,935,0.7420634920634921,325,1102,0.8746031746031746,0.9197860962566845,860,242,0.9197860962566845,0.7446153846153846,0.8746031746031746,174,1076,6.183908045977011,0.003968253968253968,0.006349206349206349,0.0031746031746031746,0.0031746031746031746,0.47909769805219804,0.3255979161799522,0.0,1.0,0.3867374958298047,0.26426433293134594,0.0,1.0,0.5576256832704596,0.2575457635675592,0.0,1.0,0.2341211794595427,0.19367342449502564,0.0,0.967741935483871,15,0.15990453460620524,7.212410501193317,17
660,1256,1469,12.481272307125435,100.82165605095541,9,10,8,2,960,0.7637231503579952,297,1107,0.8806682577565632,0.928125,891,216,0.928125,0.7272727272727273,0.8806682577565632,174,1080,6.206896551724138,0.007159904534606206,0.007955449482895784,0.006364359586316627,0.0015910898965791568,0.4795305116087939,0.3253938614665266,0.0,1.0,0.3861208136429012,0.26424884251381586,0.0,1.0,0.5569395931785494,0.2575579200668249,0.0,1.0,0.2338196013971646,0.19280750091886553,0.0,0.967741935483871,15,0.1592356687898089,7.232484076433121,17
661,1259,1472,12.48304819766249,101.12073073868149,7,4,3,1,961,0.7651273885350318,295,1099,0.875,0.9250780437044746,889,210,0.9250780437044746,0.711864406779661,0.875,171,1073,6.2748538011695905,0.005573248407643312,0.0031847133757961785,0.0023885350318471337,0.0007961783439490446,0.4805401111993646,0.3247977520732072,0.0,1.0,0.38814727510312846,0.2650319788131502,0.0,1.0,0.5562786645827462,0.2578444757903992,0.0,1.0,0.23454354454380077,0.1932848141512292,0.0,0.967741935483871,15,0.15647339158061954,7.237490071485306,17
662,1261,1470,12.518590430480607,101.39254559873116,7,5,3,2,955,0.7585385226370135,304,1101,0.8745035742652899,0.9267015706806283,885,216,0.9267015706806283,0.7105263157894737,0.8745035742652899,177,1076,6.0790960451977405,0.005559968228752979,0.003971405877680699,0.0023828435266084196,0.0015885623510722795,0.4806477194239083,0.32485627711756077,0.0,1.0,0.38842700365813104,0.2649715459626054,0.0,1.0,0.5558824281803996,0.2581523089787686,0.0,1.0,0.2345552684761198,0.1932737152162363,0.0,0.967741935483871,15,0.15622521808088818,7.25614591593973,17
663,1263,1469,12.544215898384234,101.61995249406176,6,4,3,1,999,0.7922283901665345,262,1089,0.8636003172085647,0.933933933933934,933,156,0.933933933933934,0.5954198473282443,0.8636003172085647,176,1064,6.045454545454546,0.004758128469468675,0.0031720856463124504,0.0023790642347343376,0.0007930214115781126,0.48067836436543815,0.3247527674540298,0.0,1.0,0.3881694889280515,0.26525093858001847,0.0,1.0,0.555027711797308,0.2578960140045942,0.0,1.0,0.23451587362398793,0.19320526695318838,0.0,0.967741935483871,15,0.1559778305621536,7.26049089469517,17
664,1267,1466,12.530029229780531,101.30623520126282,11,7,6,1,950,0.7521773555027712,313,1092,0.8646080760095012,0.911578947368421,866,226,0.911578947368421,0.7220447284345048,0.8646080760095012,173,1062,6.138728323699422,0.00870942201108472,0.0055423594615993665,0.004750593824228029,0.000791765637371338,0.48053568246047307,0.32517662998778224,0.0,1.0,0.3866894111057362,0.2651808573198614,0.0,1.0,0.5561269954426254,0.2582920604817031,0.0,1.0,0.23441199684293607,0.19299134626402073,0.0,0.967741935483871,15,0.15706393054459353,7.271507498026835,17
665,1269,1471,12.455751532228318,100.79038613081167,12,10,8,2,928,0.7324388318863457,339,1080,0.8524072612470402,0.9191810344827587,853,227,0.9191810344827587,0.6696165191740413,0.8524072612470402,170,1055,6.205882352941177,0.009471191791633781,0.007892659826361484,0.006314127861089187,0.0015785319652722968,0.480312158417855,0.3250099870217616,0.0,1.0,0.3855969902641145,0.26530653039352914,0.0,1.0,0.5564960980197767,0.2585578454113069,0.0,1.0,0.23269528966165892,0.1915449298756263,0.0,0.967741935483871,15,0.15760441292356187,7.306540583136328,17
666,1272,1467,12.447006557813864,100.56682389937107,10,7,6,1,962,0.7580772261623325,307,1093,0.8613081166272656,0.9116424116424117,877,216,0.9116424116424117,0.7035830618892508,0.8613081166272656,176,1065,6.051136363636363,0.007880220646178092,0.005516154452324665,0.004728132387706856,0.0007880220646178094,0.4811320754716981,0.3253844851027818,0.0,1.0,0.3855244471495232,0.265537373240003,0.0,1.0,0.5551328869953337,0.2591154142261273,0.0,1.0,0.2331101643335362,0.19165570591738115,0.0,0.967741935483871,15,0.1580188679245283,7.312106918238993,17
667,1279,1469,12.3980147028349,100.33463643471462,11,4,4,0,979,0.7696540880503144,293,1073,0.8435534591194969,0.8886618998978549,870,203,0.8886618998978549,0.6928327645051194,0.8435534591194969,174,1049,6.028735632183908,0.008647798742138365,0.0031446540880503146,0.0031446540880503146,0.0,0.4797598930616157,0.3252183849951932,0.0,1.0,0.3858861509748039,0.26500816159943613,0.0,1.0,0.5557012787207748,0.25903410239314384,0.0,1.0,0.2318847890236828,0.1918375222535523,0.0,0.967741935483871,15,0.15793588741204065,7.325254104769351,17
668,1272,1471,12.469298820970597,100.40487421383648,2,9,8,1,974,0.7615324472243941,305,1078,0.8428459734167318,0.9004106776180698,877,201,0.9004106776180698,0.659016393442623,0.8428459734167318,176,1056,6.0,0.001563721657544957,0.007036747458952306,0.006254886630179828,0.0007818608287724785,0.47961046865489954,0.3249152324511933,0.0,1.0,0.38646277135321566,0.2655766977882231,0.0,1.0,0.5558429701765064,0.2590738515801215,0.0,1.0,0.23272976262933656,0.19228132296906358,0.0,0.967741935483871,15,0.15644654088050314,7.330188679245283,17
669,1276,1471,12.421149391592683,100.11206896551724,12,8,6,2,970,0.7625786163522013,302,1106,0.8694968553459119,0.9268041237113402,899,207,0.9268041237113402,0.6854304635761589,0.8694968553459119,174,1080,6.206896551724138,0.009433962264150943,0.006289308176100629,0.0047169811320754715,0.0015723270440251573,0.48017999797755084,0.32387153815525566,0.0,1.0,0.3867934068156538,0.26527906928883044,0.0,1.0,0.5556426332288401,0.25875004932167983,0.0,1.0,0.2331125492971989,0.1922283343158451,0.0,0.967741935483871,15,0.15517241379310345,7.340909090909091,17
670,1273,1473,12.488729439107027,100.53967007069913,4,7,3,4,966,0.7570532915360502,310,1118,0.8761755485893417,0.9265010351966874,895,223,0.9265010351966874,0.7193548387096774,0.8761755485893417,170,1090,6.411764705882353,0.003134796238244514,0.0054858934169279,0.0023510971786833857,0.003134796238244514,0.4813369485340699,0.3238958372018653,0.0,1.0,0.3865899703519753,0.26498414664706055,0.0,1.0,0.554316701720599,0.25892304965555457,0.0,1.0,0.2338646326939158,0.1923209065337572,0.0,0.967741935483871,15,0.15475255302435192,7.347211311861744,17
671,1278,1466,12.466601740418541,100.32003129890454,12,7,5,2,960,0.7541241162608012,313,1102,0.8656716417910447,0.9083333333333333,872,230,0.9083333333333333,0.7348242811501597,0.8656716417910447,172,1067,6.203488372093023,0.009426551453260016,0.0054988216810683424,0.003927729772191673,0.0015710919088766694,0.48170023726588923,0.32391592591488766,0.0,1.0,0.3860366500075723,0.265063324228193,0.0,1.0,0.5544449492654854,0.25930611761182853,0.0,1.0,0.2343884093089,0.19213720270502588,0.0,0.967741935483871,15,0.1541471048513302,7.348982785602504,17
672,1278,1455,12.479247265481014,100.15258215962442,8,8,8,0,983,0.769170579029734,295,1103,0.8630672926447575,0.9206510681586979,905,198,0.9206510681586979,0.6711864406779661,0.8630672926447575,185,1077,5.821621621621621,0.006259780907668232,0.006259780907668232,0.006259780907668232,0.0,0.482608915139583,0.3231758401922666,0.0,1.0,0.3850017668736433,0.26501876343267605,0.0,1.0,0.5525013882578627,0.25906937874509617,0.0,1.0,0.23524660507849965,0.19231299843552885,0.0,0.967741935483871,15,0.15258215962441316,7.381064162754304,17
673,1275,1449,12.531869524859399,100.0721568627451,7,10,8,2,974,0.7621283255086072,304,1085,0.848982785602504,0.9106776180698152,887,198,0.9106776180698152,0.6513157894736842,0.848982785602504,173,1052,6.08092485549133,0.005477308294209703,0.00782472613458529,0.006259780907668232,0.001564945226917058,0.48435167615433267,0.3226068513868028,0.0,1.0,0.3847438330170778,0.2649342069788936,0.0,1.0,0.5514484503478811,0.2593068088340653,0.0,1.0,0.23736875395319418,0.1944679753700564,0.0,0.967741935483871,15,0.15215686274509804,7.387450980392157,17
674,1271,1458,12.522908003248455,100.05035405192761,7,11,7,4,937,0.7349019607843137,338,1067,0.8368627450980393,0.9071504802561366,850,217,0.9071504802561366,0.6420118343195266,0.8368627450980393,169,1045,6.183431952662722,0.005490196078431373,0.008627450980392156,0.005490196078431373,0.003137254901960784,0.4848354102687749,0.32274920583557487,0.0,1.0,0.3848379482754245,0.2650181901085999,0.0,1.0,0.5508235831577879,0.2591168314943989,0.0,1.0,0.23750666226745515,0.19461099365468026,0.0,0.967741935483871,15,0.15263571990558616,7.39417781274587,17
675,1265,1460,12.58495005811798,100.52173913043478,6,12,5,7,990,0.7789142407553108,281,1084,0.8528717545239969,0.9111111111111111,902,182,0.9111111111111111,0.6476868327402135,0.8528717545239969,170,1056,6.211764705882353,0.004720692368214005,0.00944138473642801,0.003933910306845004,0.0055074744295830055,0.4847124824684432,0.32288668273934407,0.0,1.0,0.38485273492286115,0.26485376066430727,0.0,1.0,0.5498916231034043,0.25946364351535567,0.0,1.0,0.23666964171873006,0.19382559245260886,0.0,0.967741935483871,15,0.15177865612648223,7.402371541501976,17
676,1257,1453,12.654433467117943,100.50437549721559,6,14,10,4,971,0.7675889328063241,294,1097,0.867193675889328,0.9237899073120495,897,200,0.9237899073120495,0.6802721088435374,0.867193675889328,179,1069,5.972067039106145,0.0047430830039525695,0.011067193675889328,0.007905138339920948,0.0031620553359683794,0.48533374393717754,0.32285821618941524,0.0,1.0,0.38468447660841226,0.26498560745058847,0.0,1.0,0.5495932455667616,0.2592985779676095,0.0,1.0,0.2367644417070855,0.19422288841314458,0.0,0.967741935483871,15,0.15194908512330946,7.416070007955449,17
677,1247,1440,12.780630785041831,100.26864474739375,4,14,11,3,956,0.7605409705648369,301,1097,0.8727128082736675,0.9257322175732218,885,212,0.9257322175732218,0.7043189368770764,0.8727128082736675,176,1060,6.0227272727272725,0.0031821797931583136,0.011137629276054098,0.008750994431185362,0.002386634844868735,0.48674237524898467,0.32277604797372916,0.0,1.0,0.3833458364591148,0.265035922175773,0.0,1.0,0.5489820731044831,0.25934920899533914,0.0,1.0,0.2361797345888196,0.19357436107055062,0.0,0.967741935483871,15,0.1507618283881315,7.430633520449078,17
678,1249,1439,12.773377859678888,100.26821457165732,10,8,5,3,943,0.756214915797915,304,1078,0.8644747393744988,0.9321314952279958,879,199,0.9321314952279958,0.6546052631578947,0.8644747393744988,174,1051,6.040229885057471,0.00801924619085806,0.006415396952686447,0.00400962309542903,0.0024057738572574178,0.4874351093778248,0.32346627130737426,0.0,1.0,0.3830419174048917,0.2651775235363124,0.0,1.0,0.5468374699759808,0.25919700001903745,0.0,1.0,0.23572406312146493,0.19314321070548457,0.0,0.967741935483871,15,0.1489191353082466,7.464371497197758,17
679,1247,1431,12.817701134168546,99.62630312750602,10,12,11,1,927,0.7421937550040032,322,1062,0.8502802241793435,0.8932038834951457,828,234,0.8932038834951457,0.7267080745341615,0.8502802241793435,180,1034,5.7444444444444445,0.008006405124099279,0.009607686148919135,0.008807045636509208,0.0008006405124099279,0.487285614507075,0.323557033423939,0.0,1.0,0.383501047675712,0.26562618790184506,0.0,1.0,0.5460589285252347,0.25955011320107235,0.0,1.0,0.2347052280311457,0.19230074340240685,0.0,0.967741935483871,15,0.1491579791499599,7.489174017642342,17
680,1247,1430,12.84728254812969,99.62068965517241,8,8,5,3,931,0.7465918203688853,316,1072,0.859663191659984,0.9269602577873255,863,209,0.9269602577873255,0.6613924050632911,0.859663191659984,178,1049,5.893258426966292,0.006415396952686447,0.006415396952686447,0.00400962309542903,0.0024057738572574178,0.48759603694026954,0.3237108937874714,0.0,1.0,0.3836821274284088,0.26578717518999445,0.0,1.0,0.5457226375559407,0.26027087382948216,0.0,1.0,0.23545541557803246,0.19266994398391127,0.0,0.967741935483871,15,0.1491579791499599,7.5028067361668,17
681,1252,1419,12.803151852254189,99.25638977635782,14,9,6,3,938,0.7522052927024859,309,1071,0.8588612670408982,0.9168443496801706,860,211,0.9168443496801706,0.6828478964401294,0.8588612670408982,166,1026,6.180722891566265,0.011226944667201283,0.007217321571772253,0.0048115477145148355,0.0024057738572574178,0.48959084819128107,0.32342288761953564,0.0,1.0,0.3819952591981861,0.2655794889202731,0.0,1.0,0.5452437390497784,0.2602742655959905,0.0,1.0,0.23376790683293827,0.19167290429994965,0.0,0.967741935483871,15,0.1477635782747604,7.52555910543131,17
682,1247,1417,12.82227005443327,98.66960705693664,10,15,11,4,930,0.7428115015974441,322,1074,0.8578274760383386,0.9139784946236559,850,224,0.9139784946236559,0.6956521739130435,0.8578274760383386,174,1046,6.011494252873563,0.007987220447284345,0.011980830670926517,0.00878594249201278,0.003194888178913738,0.48930336032283933,0.32258146664703624,0.0,1.0,0.3805779030964638,0.2649712675267349,0.0,1.0,0.5459813229169361,0.25976633189195564,0.0,1.0,0.23191142613239515,0.19065828180333871,0.0,0.967741935483871,15,0.14595028067361668,7.555733761026463,17
683,1238,1408,12.889416311392758,98.34329563812601,7,16,12,4,956,0.7666399358460305,291,1073,0.8604651162790697,0.9037656903765691,864,209,0.9037656903765691,0.718213058419244,0.8604651162790697,181,1045,5.773480662983426,0.0056134723336006415,0.012830793905372895,0.009623095429029671,0.0032076984763432237,0.4859815519307937,0.32223612370300936,0.0,1.0,0.3821460211579551,0.26585958920849645,0.0,1.0,0.5491687946219188,0.2599455796984104,0.0,1.0,0.2313565063317526,0.1895383240456117,0.0,0.967741935483871,15,0.1470113085621971,7.560581583198708,17
684,1240,1413,12.838398908190186,98.05,10,8,7,1,914,0.7382875605815832,324,1035,0.8360258481421647,0.9037199124726477,826,209,0.9037199124726477,0.6450617283950617,0.8360258481421647,177,1017,5.745762711864407,0.008077544426494346,0.006462035541195477,0.005654281098546042,0.0008077544426494346,0.4851716961498439,0.3222943368747859,0.0,1.0,0.38168574401664934,0.2660369557824918,0.0,1.0,0.5488293444328823,0.2601514970733956,0.0,1.0,0.23103537981269512,0.18806938553887179,0.0,0.967741935483871,15,0.14838709677419354,7.571774193548387,17
685,1241,1413,12.859611131880861,98.24818694601129,10,9,5,4,935,0.7540322580645161,305,1061,0.8556451612903225,0.9080213903743316,849,212,0.9080213903743316,0.6950819672131148,0.8556451612903225,174,1035,5.948275862068965,0.008064516129032258,0.007258064516129033,0.004032258064516129,0.0032258064516129032,0.48428686543110394,0.3228298194337972,0.0,1.0,0.38143016817862807,0.2661639127238335,0.0,1.0,0.5497647578695641,0.25970136789141485,0.0,1.0,0.23121312157209326,0.1882804398149746,0.0,0.967741935483871,15,0.14907332796132153,7.56809024979855,17
686,1242,1418,12.778025098649945,97.56199677938808,13,12,10,2,950,0.765511684125705,291,1054,0.8493150684931506,0.9052631578947369,860,194,0.9052631578947369,0.6666666666666666,0.8493150684931506,169,1028,6.0828402366863905,0.010475423045930701,0.009669621273166801,0.008058017727639,0.0016116035455278,0.48368915900472703,0.32247278928747747,0.0,1.0,0.37987637005869823,0.26599701039324425,0.0,1.0,0.5516077086904576,0.2595013826507603,0.0,1.0,0.23042958807334685,0.1878244067987411,0.0,0.967741935483871,15,0.15056360708534622,7.584541062801932,17
687,1247,1414,12.736611954245236,97.04811547714515,13,8,7,1,948,0.7632850241545893,294,1055,0.8494363929146538,0.8976793248945147,851,204,0.8976793248945147,0.6938775510204082,0.8494363929146538,176,1027,5.8352272727272725,0.010466988727858293,0.00644122383252818,0.005636070853462158,0.0008051529790660225,0.4804304524406964,0.3225454811206515,0.0,1.0,0.37977597847737793,0.2657757897572056,0.0,1.0,0.5513619784256408,0.25941969393908626,0.0,1.0,0.22922109837804278,0.18756660642965403,0.0,0.967741935483871,15,0.15316760224538895,7.607858861267041,17
688,1250,1413,12.710903022253621,96.7144,12,9,6,3,940,0.7538091419406576,307,1014,0.8131515637530072,0.8946808510638298,841,173,0.8946808510638298,0.5635179153094463,0.8131515637530072,169,982,5.810650887573964,0.009623095429029671,0.007217321571772253,0.0048115477145148355,0.0024057738572574178,0.48098064516129035,0.3217019837158966,0.0,1.0,0.379741935483871,0.2664883517591511,0.0,1.0,0.5502709677419355,0.26002279064444817,0.0,1.0,0.23042580645161287,0.18790341619815912,0.0,0.967741935483871,15,0.1504,7.6312,17
689,1251,1409,12.750615542565006,96.82973621103118,8,7,5,2,908,0.7264,342,1037,0.8296,0.9030837004405287,820,217,0.9030837004405287,0.6345029239766082,0.8296,176,1009,5.732954545454546,0.0064,0.0056,0.004,0.0016,0.480312524174209,0.3208597206531109,0.0,1.0,0.38005724452695905,0.2677606287148047,0.0,1.0,0.5510172507155566,0.2601826438456246,0.0,1.0,0.2303963280988113,0.1875652962850351,0.0,0.967741935483871,15,0.14948041566746603,7.639488409272582,17
690,1252,1399,12.799658062528515,97.05591054313099,8,7,4,3,966,0.7721822541966427,285,1071,0.8561151079136691,0.9047619047619048,874,197,0.9047619047619048,0.6912280701754386,0.8561151079136691,181,1042,5.7569060773480665,0.006394884092725819,0.005595523581135092,0.0031974420463629096,0.002398081534772182,0.48003194888178913,0.320970509512767,0.0,1.0,0.3795990930640008,0.2682615217104166,0.0,1.0,0.55037101927239,0.2603000543759123,0.0,1.0,0.22967123570029888,0.1868139175111261,0.0,0.967741935483871,15,0.1501597444089457,7.654952076677317,17
691,1253,1402,12.772907740086422,97.0023942537909,11,10,5,5,964,0.7699680511182109,288,1048,0.8370607028753994,0.9107883817427386,878,170,0.9107883817427386,0.5902777777777778,0.8370607028753994,171,1022,5.976608187134503,0.00878594249201278,0.007987220447284345,0.003993610223642172,0.003993610223642172,0.47910820482455013,0.3198656250650014,0.0,1.0,0.3788327369152743,0.2678994504744516,0.0,1.0,0.5515022011688078,0.25955551572943786,0.0,1.0,0.22928198130937366,0.18683811654514607,0.0,0.967741935483871,15,0.15083798882681565,7.670391061452514,17
692,1247,1400,12.791139151573752,96.89093825180433,8,14,10,4,931,0.7430167597765364,322,1068,0.8523543495610535,0.9033297529538131,841,227,0.9033297529538131,0.7049689440993789,0.8523543495610535,177,1043,5.892655367231638,0.006384676775738229,0.0111731843575419,0.007980845969672785,0.0031923383878691143,0.478076415655638,0.3184459158290581,0.0,1.0,0.3791292650748894,0.2688120884918036,0.0,1.0,0.5512843728173423,0.25986569839611784,0.0,1.0,0.2304369195747213,0.18699912962967993,0.0,0.967741935483871,15,0.14995990376904572,7.67682437850842,17
693,1247,1404,12.779617750135937,96.66800320769848,9,9,6,3,977,0.7834803528468324,270,1055,0.8460304731355253,0.8986693961105425,878,177,0.8986693961105425,0.6555555555555556,0.8460304731355253,173,1032,5.965317919075145,0.007217321571772253,0.007217321571772253,0.0048115477145148355,0.0024057738572574178,0.47833510101663346,0.31836141166298776,0.0,1.0,0.3784308146002018,0.26819218992399735,0.0,1.0,0.5506635279509532,0.2595248504260805,0.0,1.0,0.23048865664692036,0.1870023037548884,0.0,0.967741935483871,15,0.14995990376904572,7.6920609462710505,17
694,1243,1402,12.838086671604536,96.77312952534191,6,10,7,3,940,0.7538091419406576,307,1030,0.8259823576583801,0.898936170212766,845,185,0.898936170212766,0.6026058631921825,0.8259823576583801,179,1007,5.625698324022347,0.0048115477145148355,0.00801924619085806,0.0056134723336006415,0.0024057738572574178,0.4766563724599694,0.31801958665513996,0.0,1.0,0.3790776736822983,0.2681448464617818,0.0,1.0,0.5511639374043028,0.2586603773122748,0.0,1.0,0.22920613500116782,0.18607082096831598,0.0,0.967741935483871,15,0.1504424778761062,7.691069991954948,17
695,1242,1400,12.886818170240097,96.86876006441224,8,9,5,4,931,0.7489943684633951,312,1083,0.8712791633145616,0.9269602577873255,863,220,0.9269602577873255,0.7051282051282052,0.8712791633145616,171,1052,6.152046783625731,0.006436041834271922,0.007240547063555913,0.004022526146419952,0.003218020917135961,0.47672848163731757,0.31822959090475544,0.0,1.0,0.37873357228195936,0.26823455403849955,0.0,1.0,0.5508804737416237,0.25954167213707924,0.0,1.0,0.2298581891849774,0.18617994433866555,0.0,0.967741935483871,15,0.15056360708534622,7.6964573268921095,17
696,1241,1406,12.874395415609692,96.46091861402095,10,11,8,3,879,0.7077294685990339,363,1033,0.8317230273752013,0.9021615472127418,793,240,0.9021615472127418,0.6611570247933884,0.8317230273752013,170,1009,5.935294117647059,0.008051529790660225,0.008856682769726247,0.00644122383252818,0.0024154589371980675,0.47607288607002674,0.31792734027868297,0.0,1.0,0.3798445582386733,0.26891344663750505,0.0,1.0,0.551428348626238,0.2593641234651042,0.0,1.0,0.22960151802656548,0.18561551244643426,0.0,0.967741935483871,15,0.14907332796132153,7.709911361804996,17
697,1227,1413,12.90034529620166,95.92991035044825,4,18,16,2,896,0.7219983883964545,345,1060,0.8541498791297341,0.9084821428571429,814,246,0.9084821428571429,0.7130434782608696,0.8541498791297341,172,1039,6.040697674418604,0.0032232070910556,0.014504431909750202,0.0128928283642224,0.0016116035455278,0.4770092278570865,0.31837237361055365,0.0,1.0,0.3804190656466072,0.2681587535742167,0.0,1.0,0.5514367589452376,0.2598347306074852,0.0,1.0,0.22896127454846596,0.18566341821924814,0.0,0.967741935483871,15,0.14751426242868787,7.715566422167889,17
698,1228,1415,12.964530279807146,96.23208469055375,5,4,4,0,903,0.7359413202933985,324,1031,0.8402607986960066,0.9036544850498339,816,215,0.9036544850498339,0.6635802469135802,0.8402607986960066,168,1001,5.958333333333333,0.004074979625101874,0.0032599837000814994,0.0032599837000814994,0.0,0.47609540821687507,0.3177646317888776,0.0,1.0,0.3807659976883472,0.2684574884614796,0.0,1.0,0.5516444257644215,0.2597720493952272,0.0,1.0,0.229142586949669,0.18553209791731579,0.0,0.967741935483871,15,0.1473941368078176,7.737785016286645,17
699,1233,1413,12.927665509771842,95.72100567721006,13,8,7,1,906,0.737785016286645,322,1028,0.8371335504885994,0.9050772626931567,820,208,0.9050772626931567,0.6459627329192547,0.8371335504885994,180,1006,5.588888888888889,0.010586319218241042,0.006514657980456026,0.005700325732899023,0.0008143322475570033,0.4761792637940507,0.3171106988499026,0.0,1.0,0.38147188865342857,0.26867669216443774,0.0,1.0,0.5519451639065484,0.26007607428290763,0.0,1.0,0.229155220678649,0.18554903672276643,0.0,0.967741935483871,15,0.14517437145174372,7.752635847526358,17
700,1237,1414,12.893762706682525,95.51899757477769,11,7,5,2,930,0.754257907542579,303,1037,0.8410381184103812,0.8935483870967742,831,206,0.8935483870967742,0.6798679867986799,0.8410381184103812,179,1017,5.681564245810056,0.008921330089213302,0.0056772100567721,0.0040551500405515,0.0016220600162206002,0.47526534018306515,0.3182064030573268,0.0,1.0,0.3800036508722977,0.2679700347806437,0.0,1.0,0.55151641588651,0.25944677492205315,0.0,1.0,0.2289357707252197,0.18545222684511292,0.0,0.967741935483871,15,0.14793856103476152,7.7704122877930475,17
701,1241,1415,12.869968475788156,95.17888799355359,13,9,4,5,920,0.7437348423605498,317,1044,0.8439773645917542,0.8923913043478261,821,223,0.8923913043478261,0.7034700315457413,0.8439773645917542,174,1019,5.85632183908046,0.010509296685529508,0.007275666936135812,0.0032336297493936943,0.004042037186742118,0.47651477736476827,0.31786533713235726,0.0,1.0,0.3795066413662239,0.26864362310252193,0.0,1.0,0.5509084765147774,0.2602894299410459,0.0,1.0,0.22941956278755424,0.1854134908995788,0.0,0.967741935483871,15,0.14826752618855762,7.7912973408541495,17
702,1242,1420,12.931715529003691,95.77536231884058,6,5,2,3,902,0.7268331990330379,339,1051,0.846897663174859,0.8968957871396895,809,242,0.8968957871396895,0.7138643067846607,0.846897663174859,171,1027,6.005847953216374,0.004834810636583401,0.0040290088638195,0.0016116035455278,0.0024174053182917004,0.4760272193652278,0.3184486371599908,0.0,1.0,0.3793309438470729,0.2682790600965189,0.0,1.0,0.5503350475299984,0.2600896963036449,0.0,1.0,0.22894914549893514,0.18461817287925827,0.0,0.967741935483871,15,0.14814814814814814,7.793880837359098,17
703,1248,1421,12.88508742106915,95.54727564102564,12,6,4,2,941,0.7576489533011272,301,1052,0.8470209339774557,0.9075451647183846,854,198,0.9075451647183846,0.6578073089700996,0.8470209339774557,176,1029,5.846590909090909,0.00966183574879227,0.004830917874396135,0.00322061191626409,0.001610305958132045,0.4755479735318445,0.31889033676079753,0.0,1.0,0.3784636062861869,0.268146307421643,0.0,1.0,0.5507650951199339,0.25955167857664757,0.0,1.0,0.22691790736145576,0.1835578029743701,0.0,0.967741935483871,15,0.15144230769230768,7.802884615384615,17
704,1243,1422,12.938656759320828,95.57280772325021,7,12,7,5,969,0.7764423076923077,279,1059,0.8485576923076923,0.8926728586171311,865,194,0.8926728586171311,0.6953405017921147,0.8485576923076923,176,1036,5.886363636363637,0.005608974358974359,0.009615384615384616,0.005608974358974359,0.004006410256410256,0.47522902447253007,0.31860076904920276,0.0,1.0,0.3782212648898347,0.2675161408352051,0.0,1.0,0.5520982015415358,0.2591207795143228,0.0,1.0,0.22616977655516052,0.18350813237460817,0.0,0.967741935483871,15,0.15285599356395815,7.79646017699115,17
705,1246,1419,12.942721257372614,95.46147672552166,10,7,5,2,924,0.7433628318584071,319,1073,0.8632341110217217,0.9199134199134199,850,223,0.9199134199134199,0.6990595611285266,0.8632341110217217,175,1045,5.9714285714285715,0.008045052292839904,0.0056315366049879325,0.004022526146419952,0.0016090104585679806,0.4741883705276239,0.3192597401798237,0.0,1.0,0.3784238595764511,0.2675765543896116,0.0,1.0,0.5515973696473877,0.25950650131920283,0.0,1.0,0.22730803086004248,0.18449841700721448,0.0,0.967741935483871,15,0.15409309791332262,7.80016051364366,17
706,1242,1419,13.006472369942934,95.5925925925926,5,9,7,2,937,0.7520064205457464,309,1060,0.8507223113964687,0.9220917822838848,864,196,0.9220917822838848,0.6343042071197411,0.8507223113964687,175,1035,5.914285714285715,0.0040128410914927765,0.0072231139646869984,0.0056179775280898875,0.0016051364365971107,0.47441691340709574,0.3183970049868467,0.0,1.0,0.37966858864474573,0.2686303569227927,0.0,1.0,0.5527764791439406,0.2598794743535741,0.0,1.0,0.22757259363149965,0.18454796590996758,0.0,0.967741935483871,15,0.1529790660225443,7.797101449275362,17
707,1239,1417,13.018411228317156,95.15980629539952,10,13,10,3,934,0.7520128824476651,308,1073,0.8639291465378421,0.9229122055674518,862,211,0.9229122055674518,0.685064935064935,0.8639291465378421,176,1047,5.948863636363637,0.008051529790660225,0.010466988727858293,0.008051529790660225,0.0024154589371980675,0.47428987997604727,0.3177522721627695,0.0,1.0,0.3813949855502617,0.2688337997276336,0.0,1.0,0.5541669921112239,0.2597064049589882,0.0,1.0,0.22729047879403266,0.18420243451668167,0.0,0.967741935483871,15,0.15415657788539144,7.793381759483454,17
708,1231,1412,13.109336758398978,94.86677497969131,7,15,11,4,882,0.711864406779661,357,1025,0.8272800645682001,0.9024943310657596,796,229,0.9024943310657596,0.6414565826330533,0.8272800645682001,176,996,5.659090909090909,0.005649717514124294,0.012106537530266344,0.00887812752219532,0.003228410008071025,0.47399177170409584,0.3185826272020511,0.0,1.0,0.3823799166688504,0.2696015250938456,0.0,1.0,0.5550431068368229,0.2603564119416939,0.0,1.0,0.22821728990330442,0.18478342076475868,0.0,0.967741935483871,15,0.15597075548334688,7.796100731112916,17
709,1235,1411,13.115912430824382,94.77894736842106,10,6,4,2,903,0.7335499593826158,328,1045,0.8489033306255077,0.9125138427464009,824,221,0.9125138427464009,0.6737804878048781,0.8489033306255077,178,1022,5.741573033707865,0.008123476848090982,0.00487408610885459,0.003249390739236393,0.0016246953696181965,0.4760872404335902,0.31824445396081774,0.0,1.0,0.38364894867441557,0.270336228563548,0.0,1.0,0.555439467154238,0.26029947008671017,0.0,1.0,0.22813112184928824,0.18577527344514427,0.0,0.967741935483871,15,0.15546558704453442,7.80080971659919,17
710,1244,1415,12.970661989108848,94.12861736334405,16,7,5,2,956,0.7740890688259109,279,1056,0.8550607287449393,0.9069037656903766,867,189,0.9069037656903766,0.6774193548387096,0.8550607287449393,177,1037,5.858757062146893,0.012955465587044534,0.005668016194331984,0.004048582995951417,0.0016194331983805667,0.47526190229229337,0.3181673462408297,0.0,1.0,0.3831034125090758,0.270102452759625,0.0,1.0,0.5574369878643295,0.259591686968115,0.0,1.0,0.2258064516129032,0.1847388337177247,0.0,0.967741935483871,15,0.15755627009646303,7.831189710610932,17
711,1249,1405,12.985919905354638,94.13931144915932,10,5,4,1,960,0.7717041800643086,284,1072,0.8617363344051447,0.9135416666666667,877,195,0.9135416666666667,0.6866197183098591,0.8617363344051447,183,1045,5.7103825136612025,0.008038585209003215,0.0040192926045016075,0.003215434083601286,0.0008038585209003215,0.47625196931738945,0.3183839778267446,0.0,1.0,0.3824478937989101,0.27047630325955746,0.0,1.0,0.5577106846767738,0.2599729591567631,0.0,1.0,0.2258581058395103,0.18463961355170153,0.0,0.967741935483871,15,0.15852682145716573,7.833466773418735,17
712,1255,1403,13.004961753700812,94.2398406374502,11,5,2,3,909,0.7277822257806245,340,1073,0.8590872698158527,0.9174917491749175,834,239,0.9174917491749175,0.7029411764705882,0.8590872698158527,177,1048,5.9209039548022595,0.008807045636509208,0.0040032025620496394,0.0016012810248198558,0.0024019215372297837,0.47687957846035217,0.3183282869233171,0.0,1.0,0.3823158976995245,0.27072227341867766,0.0,1.0,0.5578203315769181,0.2601312915285436,0.0,1.0,0.22639763526539006,0.18537463407422675,0.0,0.967741935483871,15,0.15776892430278885,7.835856573705179,17
713,1261,1402,12.984719851425831,94.32355273592387,10,4,3,1,951,0.7577689243027889,304,1064,0.847808764940239,0.9095688748685594,865,199,0.9095688748685594,0.6546052631578947,0.847808764940239,168,1031,6.136904761904762,0.00796812749003984,0.0031872509960159364,0.002390438247011952,0.0007968127490039841,0.47872911923460637,0.3195619430914139,0.0,1.0,0.38146888030492954,0.2706865938820168,0.0,1.0,0.5563940548975468,0.26026362846272477,0.0,1.0,0.22542273157504283,0.18498717062714298,0.0,0.967741935483871,15,0.1578112609040444,7.847739888977002,17
714,1268,1392,13.024896299419133,94.51577287066246,9,2,2,0,928,0.7359238699444886,333,1075,0.852498017446471,0.9084051724137931,843,232,0.9084051724137931,0.6966966966966966,0.852498017446471,176,1041,5.9147727272727275,0.007137192704203013,0.0015860428231562252,0.0015860428231562252,0.0,0.47832502289610257,0.31963974433675896,0.0,1.0,0.3813473084359418,0.27075814221386946,0.0,1.0,0.5562735321054239,0.260331782673718,0.0,1.0,0.22539940978935585,0.184882394264244,0.0,0.967741935483871,15,0.15851735015772872,7.849369085173501,17
715,1273,1386,12.95390990226668,94.06991358994502,13,8,6,2,994,0.7839116719242902,274,1096,0.8643533123028391,0.9164989939637826,911,185,0.9164989939637826,0.6751824817518248,0.8643533123028391,169,1059,6.266272189349112,0.01025236593059937,0.006309148264984227,0.00473186119873817,0.0015772870662460567,0.4775359197222715,0.3198307943830777,0.0,1.0,0.3805336644451765,0.2704112319727489,0.0,1.0,0.5566986797759926,0.25984090707495283,0.0,1.0,0.2252489673871728,0.1847487767638441,0.0,0.967741935483871,15,0.16025137470542028,7.857816182246661,18
716,1270,1381,12.984126614994874,94.02598425196851,6,9,7,2,967,0.7596229379418696,306,1092,0.8578161822466615,0.9069286452947259,877,215,0.9069286452947259,0.7026143790849673,0.8578161822466615,179,1066,5.955307262569832,0.004713275726630008,0.007069913589945012,0.0054988216810683424,0.0015710919088766694,0.47759715519431034,0.32049997175050843,0.0,1.0,0.37856235712471425,0.2697766215943315,0.0,1.0,0.5557277114554229,0.2593870660753366,0.0,1.0,0.22547625095250193,0.18477017430389756,0.0,0.967741935483871,15,0.16141732283464566,7.862204724409449,18
717,1270,1378,13.026372287080099,94.35669291338583,5,5,4,1,992,0.7811023622047244,278,1069,0.841732283464567,0.9032258064516129,896,173,0.9032258064516129,0.6223021582733813,0.841732283464567,173,1039,6.005780346820809,0.003937007874015748,0.003937007874015748,0.0031496062992125984,0.0007874015748031496,0.47698755397510795,0.3209473158678013,0.0,1.0,0.37757175514351027,0.2696751097231042,0.0,1.0,0.5564389128778258,0.2597100741992516,0.0,1.0,0.22504445008890017,0.18426934224397215,0.0,0.967741935483871,15,0.16299212598425197,7.874015748031496,18
718,1270,1382,13.004804157647659,94.39763779527559,8,8,6,2,963,0.7582677165354331,307,1043,0.8212598425196851,0.8868120456905504,854,189,0.8868120456905504,0.6156351791530945,0.8212598425196851,177,1024,5.785310734463277,0.006299212598425197,0.006299212598425197,0.004724409448818898,0.0015748031496062992,0.47719075438150876,0.3207958450588866,0.0,1.0,0.3776733553467107,0.2699823350976754,0.0,1.0,0.5574041148082296,0.2592267575239456,0.0,1.0,0.22562865125730253,0.18439751311662358,0.0,0.967741935483871,15,0.16299212598425197,7.877952755905512,18
719,1269,1376,13.042675608648722,94.49960598896769,6,7,6,1,976,0.768503937007874,294,1077,0.8480314960629921,0.9006147540983607,879,198,0.9006147540983607,0.673469387755102,0.8480314960629921,173,1044,6.034682080924855,0.004724409448818898,0.005511811023622047,0.004724409448818898,0.0007874015748031496,0.4768804494267775,0.3200969559872732,0.0,1.0,0.3794961742799766,0.270795057482245,0.0,1.0,0.5575129006837998,0.25937262033508274,0.0,1.0,0.2258572917461044,0.1844235519852319,0.0,0.967741935483871,15,0.1607565011820331,7.878644602048857,18
720,1270,1375,13.02977508160219,94.49133858267716,9,8,6,2,967,0.7620173364854216,302,1089,0.8581560283687943,0.9027921406411582,873,216,0.9027921406411582,0.7152317880794702,0.8581560283687943,176,1064,6.045454545454546,0.0070921985815602835,0.006304176516942475,0.004728132387706856,0.0015760441292356187,0.4765557531115062,0.3200544848253861,0.0,1.0,0.3796291592583185,0.27060576133530373,0.0,1.0,0.5573025146050292,0.2595366812458813,0.0,1.0,0.22593345186690372,0.1843353366724065,0.0,0.967741935483871,15,0.16141732283464566,7.888188976377953,18
721,1273,1370,12.968272010096689,94.07148468185389,11,8,7,1,978,0.7700787401574803,292,1076,0.8472440944881889,0.8946830265848671,875,201,0.8946830265848671,0.6883561643835616,0.8472440944881889,179,1050,5.865921787709497,0.008661417322834646,0.006299212598425197,0.005511811023622047,0.0007874015748031496,0.4760915287737881,0.3212462111819563,0.0,1.0,0.37860780984719866,0.2696097884883981,0.0,1.0,0.555786432861161,0.2595537403252307,0.0,1.0,0.22613587410992575,0.18396229699217975,0.0,0.967741935483871,15,0.16182246661429694,7.900235663786331,18
722,1272,1364,12.961306809294962,93.64150943396227,12,13,9,4,962,0.755695208169678,311,1102,0.8656716417910447,0.9074844074844075,873,229,0.9074844074844075,0.7363344051446945,0.8656716417910447,181,1077,5.9502762430939224,0.009426551453260016,0.01021209740769835,0.007069913589945012,0.003142183817753339,0.47519780888618385,0.3225350535465523,0.0,1.0,0.37900689795090287,0.2691694778642747,0.0,1.0,0.5560458510854128,0.2598782044501285,0.0,1.0,0.22618685331710284,0.18372752284353003,0.0,0.967741935483871,15,0.16273584905660377,7.90251572327044,18
723,1279,1359,12.926192395928428,93.62314308053166,13,6,3,3,957,0.7523584905660378,315,1069,0.8404088050314465,0.910135841170324,871,198,0.910135841170324,0.6285714285714286,0.8404088050314465,178,1042,5.853932584269663,0.010220125786163521,0.0047169811320754715,0.0023584905660377358,0.0023584905660377358,0.47514439204015235,0.323726682164907,0.0,1.0,0.3787737395646801,0.26906437696989816,0.0,1.0,0.5559030492572322,0.25989690891193773,0.0,1.0,0.2258316729299604,0.1834818140579039,0.0,0.967741935483871,15,0.163408913213448,7.909304143862393,18
724,1278,1357,12.919916822555265,93.53051643192488,7,8,7,1,989,0.7732603596559813,290,1075,0.8405003909304144,0.916076845298281,906,169,0.916076845298281,0.5827586206896552,0.8405003909304144,176,1049,5.9602272727272725,0.00547302580140735,0.006254886630179828,0.00547302580140735,0.0007818608287724785,0.475970518451209,0.32394373769104484,0.0,1.0,0.3790953606946338,0.26924752791337103,0.0,1.0,0.5556060376596496,0.26029501525330956,0.0,1.0,0.22530163057196223,0.18341754658975903,0.0,0.967741935483871,15,0.162754303599374,7.917840375586854,18
725,1278,1359,12.875440414056007,93.15492957746478,9,9,8,1,1006,0.7871674491392802,272,1076,0.8419405320813772,0.9015904572564613,907,169,0.9015904572564613,0.6213235294117647,0.8419405320813772,170,1048,6.1647058823529415,0.007042253521126761,0.007042253521126761,0.006259780907668232,0.000782472613458529,0.47602100055530316,0.3238871498517357,0.0,1.0,0.3809631985461154,0.26988549771064196,0.0,1.0,0.5559594123883084,0.26057886114710394,0.0,1.0,0.22560452319652682,0.18339593286480094,0.0,0.967741935483871,15,0.16118935837245696,7.924882629107981,18
726,1279,1358,12.86644810435906,93.02892885066458,11,10,6,4,933,0.7300469483568075,345,1069,0.8364632237871674,0.9046087888531619,844,225,0.9046087888531619,0.6521739130434783,0.8364632237871674,176,1044,5.931818181818182,0.008607198748043818,0.00782472613458529,0.004694835680751174,0.003129890453834116,0.4760271381371535,0.32391383516368555,0.0,1.0,0.3834396832202578,0.27034899518706884,0.0,1.0,0.5561048197936896,0.26110280747706244,0.0,1.0,0.224772377613559,0.18228664983818924,0.0,0.967741935483871,15,0.16106333072713058,7.917122752150117,18
727,1278,1356,12.821073855033315,92.35602503912364,10,11,10,1,948,0.7412040656763096,331,1041,0.8139171227521501,0.8744725738396625,829,212,0.8744725738396625,0.6404833836858006,0.8139171227521501,168,1007,5.994047619047619,0.007818608287724784,0.008600469116497263,0.007818608287724784,0.0007818608287724785,0.47839365944772577,0.32523787455890735,0.0,1.0,0.3821495279923267,0.2698148088007564,0.0,1.0,0.5538644050684033,0.26108546901844176,0.0,1.0,0.22406481902165684,0.18112049796940022,0.0,0.967741935483871,15,0.16040688575899845,7.948356807511737,18
728,1284,1349,12.712630893690756,91.58489096573209,16,10,7,3,1032,0.8075117370892019,246,1106,0.865414710485133,0.9079457364341085,937,169,0.9079457364341085,0.6869918699186992,0.865414710485133,171,1070,6.257309941520468,0.012519561815336464,0.00782472613458529,0.005477308294209703,0.002347417840375587,0.47897196261682246,0.32526441815740964,0.0,1.0,0.3820219073459954,0.2701547787614261,0.0,1.0,0.5537383177570093,0.26180224848005157,0.0,1.0,0.22462566576223497,0.18108660816047195,0.0,0.967741935483871,15,0.16121495327102803,7.955607476635514,18
729,1284,1342,12.725278748523273,91.52959501557632,9,9,6,3,958,0.7461059190031153,326,1070,0.8333333333333334,0.8872651356993737,850,220,0.8872651356993737,0.6748466257668712,0.8333333333333334,175,1038,5.9314285714285715,0.007009345794392523,0.007009345794392523,0.004672897196261682,0.002336448598130841,0.4760074364385489,0.32530840982985254,0.0,1.0,0.3824741232036981,0.27057953981250843,0.0,1.0,0.5545673801627977,0.2617329039763253,0.0,1.0,0.22331926439553815,0.17974369969786036,0.0,0.967741935483871,15,0.16510903426791276,7.969626168224299,18
730,1279,1348,12.776391807242922,91.84597341673182,5,10,6,4,929,0.7235202492211839,355,1045,0.8138629283489096,0.883745963401507,821,224,0.883745963401507,0.6309859154929578,0.8138629283489096,172,1023,5.9476744186046515,0.003894080996884735,0.00778816199376947,0.004672897196261682,0.003115264797507788,0.4761532447224394,0.3256266060476309,0.0,1.0,0.38376756034200105,0.27047207531855766,0.0,1.0,0.5541375570632299,0.2619498617185236,0.0,1.0,0.2226537869807561,0.17968633109878232,0.0,0.967741935483871,15,0.1641907740422205,7.971071149335418,18
731,1285,1344,12.744522652752682,91.7875486381323,11,5,4,1,990,0.7740422204847537,289,1084,0.8475371383893667,0.896969696969697,888,196,0.896969696969697,0.6782006920415224,0.8475371383893667,179,1059,5.916201117318436,0.008600469116497263,0.003909304143862392,0.003127443315089914,0.0007818608287724785,0.4766662482741308,0.3258164551141279,0.0,1.0,0.3821513744194803,0.27009847965654815,0.0,1.0,0.5540353960085351,0.26175904898310876,0.0,1.0,0.2224927827287561,0.18005884981225953,0.0,0.967741935483871,15,0.1642023346303502,7.9976653696498055,19
732,1279,1348,12.850594631405558,92.71071149335418,1,7,3,4,971,0.7556420233463035,314,1089,0.8474708171206226,0.8949536560247168,869,220,0.8949536560247168,0.7006369426751592,0.8474708171206226,172,1065,6.191860465116279,0.0007782101167315176,0.005447470817120622,0.0023346303501945525,0.0031128404669260703,0.4765820071124114,0.3255827643781455,0.0,1.0,0.38182551892859845,0.2701266380191166,0.0,1.0,0.5542636636485158,0.26165960616455647,0.0,1.0,0.22295644278544227,0.18023840689189402,0.0,0.967741935483871,15,0.1641907740422205,7.99061767005473,19
733,1277,1353,12.779375224171073,92.09710258418167,11,13,10,3,981,0.7670054730258014,298,1076,0.8412822517591869,0.9051987767584098,888,188,0.9051987767584098,0.6308724832214765,0.8412822517591869,176,1057,6.005681818181818,0.008600469116497263,0.010164190774042221,0.007818608287724784,0.0023455824863174357,0.47732841589410663,0.32595610616035864,0.0,1.0,0.3816404375173668,0.26957533721875704,0.0,1.0,0.5540202591759922,0.2623175848146991,0.0,1.0,0.22272463182357846,0.1801338636991735,0.0,0.967741935483871,15,0.16288175411119812,7.992169146436962,19
734,1279,1358,12.696530671816872,91.5793588741204,12,10,8,2,946,0.74079874706343,331,1100,0.8613938919342208,0.8995771670190275,851,249,0.8995771670190275,0.7522658610271903,0.8613938919342208,174,1079,6.2011494252873565,0.009397024275646046,0.007830853563038372,0.006264682850430697,0.0015661707126076742,0.477237761355898,0.3266121996354133,0.0,1.0,0.38195162551388434,0.26999500839267937,0.0,1.0,0.5534313601856289,0.2627396975923729,0.0,1.0,0.22318343463895685,0.18019445119889205,0.0,0.967741935483871,15,0.163408913213448,8.002345582486317,19
735,1287,1359,12.595147743613309,91.03807303807304,16,8,5,3,971,0.7591868647380766,308,1089,0.8514464425332291,0.8898043254376931,864,225,0.8898043254376931,0.7305194805194806,0.8514464425332291,172,1062,6.174418604651163,0.012509773260359656,0.006254886630179828,0.003909304143862392,0.0023455824863174357,0.47542421735970125,0.32689393520662446,0.0,1.0,0.3832117703085445,0.2700765037736728,0.0,1.0,0.555530491014362,0.2624293874526527,0.0,1.0,0.22217209313983508,0.18010803428906702,0.0,0.967741935483871,15,0.1655011655011655,8.020979020979022,19
736,1291,1353,12.595484764599997,91.00387296669248,12,8,4,4,938,0.7288267288267288,349,1117,0.8679098679098679,0.9125799573560768,856,261,0.9125799573560768,0.7478510028653295,0.8679098679098679,178,1089,6.117977528089888,0.009324009324009324,0.006216006216006216,0.003108003108003108,0.003108003108003108,0.4763249294120586,0.3268518041061761,0.0,1.0,0.3841733090127683,0.27097285317972575,0.0,1.0,0.5559331351040704,0.26240286868287055,0.0,1.0,0.22175857674720773,0.18010425907805994,0.0,0.967741935483871,15,0.16421378776142526,8.030209140201395,19
737,1291,1356,12.6297222088529,91.48024786986832,5,5,3,2,952,0.737412858249419,339,1098,0.8505034856700232,0.9096638655462185,866,232,0.9096638655462185,0.6843657817109144,0.8505034856700232,167,1068,6.395209580838324,0.0038729666924864447,0.0038729666924864447,0.0023237800154918666,0.001549186676994578,0.47657479823092874,0.32692651780712273,0.0,1.0,0.38457309912296045,0.27097687147275606,0.0,1.0,0.5554084105844431,0.26264002639508155,0.0,1.0,0.2222083406211739,0.18001084888880986,0.0,0.967741935483871,15,0.16343919442292795,8.030209140201395,19
738,1292,1359,12.596052864770124,91.64086687306502,6,5,5,0,999,0.7738187451587917,292,1089,0.8435321456235476,0.8918918918918919,891,198,0.8918918918918919,0.678082191780822,0.8435321456235476,174,1066,6.126436781609195,0.004647560030983733,0.0038729666924864447,0.0038729666924864447,0.0,0.47690502346948965,0.3266555167089368,0.0,1.0,0.38447518226305805,0.27046040614499495,0.0,1.0,0.5552531708778587,0.2623459919065291,0.0,1.0,0.22233596324777788,0.18083438229014354,0.0,0.967741935483871,15,0.16253869969040247,8.044117647058824,19
739,1296,1359,12.551496359131429,91.54629629629629,12,8,5,3,961,0.7438080495356038,331,1111,0.8599071207430341,0.9136316337148803,878,233,0.9136316337148803,0.7039274924471299,0.8599071207430341,179,1090,6.089385474860335,0.009287925696594427,0.006191950464396285,0.003869969040247678,0.0023219814241486067,0.47747411389884503,0.3257165824413996,0.0,1.0,0.3849810832337714,0.27083683550053994,0.0,1.0,0.5563520509757068,0.26204582057528325,0.0,1.0,0.22172441258462766,0.18094423712468957,0.0,0.967741935483871,15,0.16049382716049382,8.0625,19
740,1291,1357,12.621432004820145,91.77769171185128,4,9,6,3,988,0.7623456790123457,308,1074,0.8287037037037037,0.8724696356275303,862,212,0.8724696356275303,0.6883116883116883,0.8287037037037037,174,1046,6.011494252873563,0.0030864197530864196,0.006944444444444444,0.004629629629629629,0.0023148148148148147,0.47744933909697407,0.32560962526976533,0.0,1.0,0.38512281052447467,0.270302401587896,0.0,1.0,0.5570325579070988,0.2617168472363534,0.0,1.0,0.22160865545588562,0.18124736290127083,0.0,0.967741935483871,15,0.1603408210689388,8.063516653756778,19
741,1290,1355,12.64062077382996,91.77441860465116,8,9,6,3,980,0.7591014717273431,311,1097,0.8497288923315259,0.9153061224489796,897,200,0.9153061224489796,0.6430868167202572,0.8497288923315259,181,1076,5.94475138121547,0.006196746707978312,0.006971340046475601,0.004647560030983733,0.0023237800154918666,0.4770442610652663,0.32539312277556215,0.0,1.0,0.3861965491372843,0.27022635711222975,0.0,1.0,0.55743935983996,0.2619309252776776,0.0,1.0,0.22128032008002,0.1815031687496683,0.0,0.967741935483871,15,0.16124031007751938,8.06279069767442,19
742,1288,1353,12.664725495517045,91.71739130434783,8,10,6,4,953,0.7387596899224806,337,1097,0.8503875968992248,0.9034627492130115,861,236,0.9034627492130115,0.7002967359050445,0.8503875968992248,172,1067,6.203488372093023,0.006201550387596899,0.007751937984496124,0.004651162790697674,0.0031007751937984496,0.47640753356040877,0.3250643871917383,0.0,1.0,0.38637046684031257,0.27050082589607743,0.0,1.0,0.5575035063113604,0.26156142702200813,0.0,1.0,0.22132338208775795,0.18151615861991224,0.0,0.967741935483871,15,0.1622670807453416,8.06444099378882,19
743,1292,1357,12.618114247040134,91.67569659442725,12,8,4,4,951,0.7383540372670807,337,1092,0.8478260869565217,0.900105152471083,856,236,0.900105152471083,0.7002967359050445,0.8478260869565217,174,1070,6.149425287356322,0.009316770186335404,0.006211180124223602,0.003105590062111801,0.003105590062111801,0.4750574253470488,0.32552159006855685,0.0,1.0,0.38734644961549985,0.2706084505627288,0.0,1.0,0.5591231399181065,0.2602847054154231,0.0,1.0,0.21976430640167782,0.180800142858906,0.0,0.967741935483871,15,0.16408668730650156,8.063467492260061,19
744,1288,1360,12.650178545698562,91.61180124223603,6,10,8,2,941,0.728328173374613,351,1064,0.8235294117647058,0.8937300743889479,841,223,0.8937300743889479,0.6353276353276354,0.8235294117647058,175,1042,5.954285714285715,0.0046439628482972135,0.007739938080495356,0.006191950464396285,0.0015479876160990713,0.47588158685634135,0.3254133203537048,0.0,1.0,0.38544379883790825,0.2699241820720674,0.0,1.0,0.5579292726908436,0.2602813416926751,0.0,1.0,0.2200711280304548,0.18151206708565948,0.0,0.967741935483871,15,0.16459627329192547,8.075310559006212,20
745,1286,1358,12.667518320410348,91.6796267496112,6,8,6,2,979,0.7600931677018633,309,1108,0.860248447204969,0.9101123595505618,891,217,0.9101123595505618,0.7022653721682848,0.860248447204969,179,1085,6.06145251396648,0.004658385093167702,0.006211180124223602,0.004658385093167702,0.0015527950310559005,0.477298951487483,0.3255278775208529,0.0,1.0,0.38564190036622686,0.2704135708816266,0.0,1.0,0.5578437766517834,0.2608905609757752,0.0,1.0,0.22018762855566149,0.18147644805752466,0.0,0.967741935483871,15,0.1640746500777605,8.076982892690513,20
746,1287,1353,12.68595537244996,91.6977466977467,11,10,5,5,939,0.7301710730948678,347,1097,0.8530326594090202,0.9105431309904153,855,242,0.9105431309904153,0.6974063400576369,0.8530326594090202,177,1069,6.03954802259887,0.008553654743390357,0.007776049766718507,0.0038880248833592537,0.0038880248833592537,0.4758753791011856,0.3250475037837086,0.0,1.0,0.38722209689951625,0.2711948099769719,0.0,1.0,0.5588139459107201,0.26056440024686706,0.0,1.0,0.21886357370228338,0.18163843611569735,0.0,0.967741935483871,15,0.16472416472416473,8.093240093240093,20
747,1284,1355,12.689645544771084,91.81619937694704,9,12,6,6,980,0.7614607614607615,307,1094,0.85003885003885,0.9193877551020408,901,193,0.9193877551020408,0.6286644951140065,0.85003885003885,172,1068,6.209302325581396,0.006993006993006993,0.009324009324009324,0.004662004662004662,0.004662004662004662,0.4763340367802231,0.324891115863457,0.0,1.0,0.3870214048839313,0.2717829462230272,0.0,1.0,0.5593156466686765,0.2607475782972454,0.0,1.0,0.2191488292633906,0.18188376308896653,0.0,0.967741935483871,15,0.1658878504672897,8.106697819314642,20
748,1287,1351,12.726687666338073,92.1919191919192,8,5,2,3,958,0.7461059190031153,326,1119,0.8714953271028038,0.9196242171189979,881,238,0.9196242171189979,0.7300613496932515,0.8714953271028038,181,1096,6.05524861878453,0.006230529595015576,0.003894080996884735,0.001557632398753894,0.002336448598130841,0.4763014763014763,0.32455362553879247,0.0,1.0,0.3871970323583227,0.2715389509280361,0.0,1.0,0.5592901721933979,0.26027944513920126,0.0,1.0,0.2183622828784119,0.18186326752439122,0.0,0.967741935483871,15,0.16472416472416473,8.114996114996115,20
749,1295,1345,12.694457987168347,92.13899613899613,11,3,3,0,971,0.7544677544677545,316,1111,0.8632478632478633,0.9279093717816684,901,210,0.9279093717816684,0.6645569620253164,0.8632478632478633,177,1082,6.112994350282486,0.008547008547008548,0.002331002331002331,0.002331002331002331,0.0,0.4770706190061028,0.3245864265133858,0.0,1.0,0.38674803836094157,0.27152267288291076,0.0,1.0,0.5576784157429319,0.2604596235273729,0.0,1.0,0.21992776186324575,0.18317138186475643,0.0,0.967741935483871,15,0.1637065637065637,8.138223938223938,21
750,1295,1336,12.710110500611036,92.04787644787645,9,9,6,3,966,0.745945945945946,329,1111,0.857915057915058,0.9099378881987578,879,232,0.9099378881987578,0.7051671732522796,0.857915057915058,176,1078,6.125,0.0069498069498069494,0.0069498069498069494,0.004633204633204633,0.0023166023166023165,0.476223689126915,0.32388107641950775,0.0,1.0,0.38642421223066387,0.27099922873604254,0.0,1.0,0.5576036866359447,0.25998829235291304,0.0,1.0,0.21942956781666462,0.1836454251220636,0.0,0.967741935483871,15,0.1637065637065637,8.147490347490347,21
751,1289,1335,12.736558485575934,91.85725368502715,7,13,9,4,968,0.7474903474903475,327,1101,0.8501930501930502,0.9163223140495868,887,214,0.9163223140495868,0.654434250764526,0.8501930501930502,177,1077,6.084745762711864,0.005405405405405406,0.010038610038610039,0.0069498069498069494,0.003088803088803089,0.4764633749593333,0.3241235753756235,0.0,1.0,0.38734703070647414,0.27125669732983854,0.0,1.0,0.5576465877524462,0.2598753281431481,0.0,1.0,0.21917465402037087,0.1837851355904381,0.0,0.967741935483871,15,0.1621411947245927,8.168347556245152,21
752,1285,1334,12.794770009044575,92.18677042801556,5,9,4,5,1006,0.7804499612102405,283,1104,0.8564778898370831,0.9065606361829026,912,192,0.9065606361829026,0.6784452296819788,0.8564778898370831,172,1075,6.25,0.003878975950349108,0.0069821567106283944,0.0031031807602792862,0.003878975950349108,0.4754612777708046,0.32404545714676,0.0,1.0,0.38611773565959584,0.27051642311786545,0.0,1.0,0.5577256181749717,0.25992536722172677,0.0,1.0,0.21912890674030375,0.18364023796484757,0.0,0.967741935483871,15,0.16264591439688716,8.183657587548637,21
753,1289,1329,12.759681988576713,92.2567882079131,8,4,4,0,999,0.777431906614786,286,1104,0.8591439688715953,0.9109109109109109,910,194,0.9109109109109109,0.6783216783216783,0.8591439688715953,183,1082,5.912568306010929,0.0062256809338521405,0.0031128404669260703,0.0031128404669260703,0.0,0.47406091243524606,0.3243585582927311,0.0,1.0,0.38624590204960085,0.27059696439635256,0.0,1.0,0.5576716134037388,0.25952783832982007,0.0,1.0,0.2183488075277159,0.18293229691177512,0.0,0.967741935483871,15,0.16369278510473234,8.2133436772692,22
754,1292,1318,12.762372149623555,92.02476780185758,11,8,6,2,965,0.7486423584173778,324,1095,0.8494957331264547,0.8932642487046633,862,233,0.8932642487046633,0.7191358024691358,0.8494957331264547,174,1058,6.080459770114943,0.008533747090768037,0.0062063615205585725,0.004654771140418929,0.0015515903801396431,0.4752821332268051,0.3242074338550682,0.0,1.0,0.38539898132427847,0.270463316037458,0.0,1.0,0.556826126036153,0.26061355913580914,0.0,1.0,0.2178168381104564,0.18300087750612126,0.0,0.967741935483871,15,0.16253869969040247,8.237616099071207,22
755,1294,1305,12.742020943754033,91.64683153013911,12,10,8,2,984,0.7616099071207431,308,1123,0.8691950464396285,0.9065040650406504,892,231,0.9065040650406504,0.75,0.8691950464396285,179,1089,6.083798882681564,0.009287925696594427,0.007739938080495356,0.006191950464396285,0.0015479876160990713,0.4765169267587376,0.32375483969945434,0.0,1.0,0.38502767113725883,0.2709959876342313,0.0,1.0,0.5559156404247894,0.2607730391637883,0.0,1.0,0.21745525253028866,0.18335024919333012,0.0,0.967741935483871,15,0.16228748068006182,8.279752704791346,22
756,1289,1298,12.800562863843698,91.5399534522886,4,9,9,0,972,0.7511591962905718,322,1119,0.8647604327666152,0.911522633744856,886,233,0.911522633744856,0.7236024844720497,0.8647604327666152,181,1093,6.038674033149171,0.0030911901081916537,0.006955177743431221,0.006955177743431221,0.0,0.4767386571235516,0.3239017792785641,0.0,1.0,0.3841937986436097,0.2711996080260804,0.0,1.0,0.5559948947671363,0.260920877600307,0.0,1.0,0.21762306364023123,0.18357752734393118,0.0,0.967741935483871,15,0.1621411947245927,8.297129557796742,22
757,1289,1292,12.823761723250728,91.50349107835531,11,11,5,6,955,0.7408844065166796,334,1062,0.8238944918541505,0.8900523560209425,850,212,0.8900523560209425,0.6347305389221557,0.8238944918541505,167,1023,6.125748502994012,0.008533747090768037,0.008533747090768037,0.003878975950349108,0.004654771140418929,0.47711404189294027,0.3237365667272826,0.0,1.0,0.38301759303285865,0.27123655673450403,0.0,1.0,0.5549438174128483,0.261375977084532,0.0,1.0,0.21699742235791686,0.18249658974822458,0.0,0.967741935483871,15,0.1613653995345229,8.314197051978278,22
758,1288,1287,12.847166717121274,91.62965838509317,10,11,6,5,938,0.7276958882854926,351,1081,0.8386346004654771,0.8955223880597015,840,241,0.8955223880597015,0.6866096866096866,0.8386346004654771,168,1044,6.214285714285714,0.007757951900698216,0.008533747090768037,0.004654771140418929,0.003878975950349108,0.47633239831697055,0.3236016920332989,0.0,1.0,0.3831646964536165,0.2713648665392122,0.0,1.0,0.555324584251653,0.26116003680805006,0.0,1.0,0.21618914045281507,0.18203481718059208,0.0,0.967741935483871,15,0.1622670807453416,8.319099378881987,22
759,1294,1275,12.82623917632393,91.54173106646058,12,6,4,2,974,0.7562111801242236,314,1082,0.8400621118012422,0.8870636550308009,864,218,0.8870636550308009,0.6942675159235668,0.8400621118012422,167,1037,6.209580838323354,0.009316770186335404,0.004658385093167702,0.003105590062111801,0.0015527950310559005,0.4749713317046418,0.3234227773723017,0.0,1.0,0.3824101311262901,0.27122884521134444,0.0,1.0,0.5554419903275665,0.2610282331149457,0.0,1.0,0.21488757042429077,0.18113840042096718,0.0,0.967741935483871,15,0.16383307573415765,8.333848531684698,22
760,1295,1266,12.838145173810425,91.36602316602317,11,10,5,5,962,0.7434312210200927,332,1105,0.8539412673879444,0.9012474012474012,867,238,0.9012474012474012,0.7168674698795181,0.8539412673879444,178,1074,6.033707865168539,0.008500772797527048,0.0077279752704791345,0.0038639876352395673,0.0038639876352395673,0.47520239133142356,0.32391365306015724,0.0,1.0,0.382588118071989,0.2716082643169713,0.0,1.0,0.5552870843193424,0.2609807665627313,0.0,1.0,0.21514509901606677,0.18126094974232673,0.0,0.967741935483871,15,0.1637065637065637,8.355212355212355,22
761,1297,1255,12.856341941014154,91.29760986892829,10,8,5,3,996,0.7691119691119691,299,1096,0.8463320463320463,0.8985943775100401,895,201,0.8985943775100401,0.6722408026755853,0.8463320463320463,171,1056,6.175438596491228,0.007722007722007722,0.006177606177606178,0.003861003861003861,0.0023166023166023165,0.47516601586788365,0.3242298123789391,0.0,1.0,0.3827442982565225,0.271185378731337,0.0,1.0,0.5543064640485487,0.26159130204437697,0.0,1.0,0.21536050936404108,0.1809559490389853,0.0,0.967741935483871,15,0.16345412490362374,8.35697764070933,22
762,1297,1249,12.863795841521393,91.14649190439475,11,11,6,5,991,0.764070932922128,306,1084,0.8357748650732459,0.8829465186680121,875,209,0.8829465186680121,0.6830065359477124,0.8357748650732459,177,1055,5.96045197740113,0.008481110254433308,0.008481110254433308,0.004626060138781804,0.0038550501156515036,0.4765090655855945,0.32371334347995456,0.0,1.0,0.38309249633148457,0.27101910020635955,0.0,1.0,0.5537095530628995,0.26171757650554567,0.0,1.0,0.21633048971572114,0.182147093580477,0.0,0.967741935483871,15,0.16268311488049345,8.368542791056283,22
763,1297,1245,12.879402251830815,91.28296067848882,8,8,4,4,977,0.7532767925983038,320,1101,0.848882035466461,0.9027635619242579,882,219,0.9027635619242579,0.684375,0.848882035466461,174,1071,6.155172413793103,0.006168080185042405,0.006168080185042405,0.0030840400925212026,0.0030840400925212026,0.47486756037505906,0.3237858498755171,0.0,1.0,0.3818489317780486,0.270805369417405,0.0,1.0,0.5539831372646554,0.2617379258319525,0.0,1.0,0.21573357873007187,0.1822295650288304,0.0,0.967741935483871,15,0.16345412490362374,8.38550501156515,22
764,1304,1246,12.743551846722426,90.8282208588957,15,8,6,2,999,0.7702390131071704,298,1098,0.8465690053970701,0.8908908908908909,890,208,0.8908908908908909,0.697986577181208,0.8465690053970701,169,1068,6.319526627218935,0.01156515034695451,0.006168080185042405,0.004626060138781804,0.0015420200462606013,0.4762517316445676,0.32340737560710653,0.0,1.0,0.3822481694043143,0.2717327966430951,0.0,1.0,0.5531120126657432,0.2619881319276738,0.0,1.0,0.21707401543637442,0.18328082962534759,0.0,0.967741935483871,15,0.16180981595092025,8.409509202453988,22
765,1308,1245,12.650969411434867,90.4770642201835,13,9,6,3,1004,0.7699386503067485,300,1104,0.8466257668711656,0.897410358565737,901,203,0.897410358565737,0.6766666666666666,0.8466257668711656,174,1077,6.189655172413793,0.009969325153374233,0.006901840490797546,0.004601226993865031,0.0023006134969325155,0.47580645161290325,0.32346142210331713,0.0,1.0,0.3824109697149058,0.2720429921512342,0.0,1.0,0.5529002663509913,0.2621710676820139,0.0,1.0,0.2153743711157147,0.18107035593830065,0.0,0.967741935483871,15,0.1628440366972477,8.434250764525993,22
766,1312,1221,12.691993759169641,90.41996951219512,12,8,4,4,971,0.7423547400611621,337,1113,0.8509174311926605,0.8949536560247168,869,244,0.8949536560247168,0.7240356083086054,0.8509174311926605,180,1069,5.938888888888889,0.009174311926605505,0.0061162079510703364,0.0030581039755351682,0.0030581039755351682,0.4760769079464988,0.322477864938097,0.0,1.0,0.38215479937057434,0.2719457760007332,0.0,1.0,0.5525914634146342,0.26237837056353974,0.0,1.0,0.21552911093627064,0.18069895086546858,0.0,0.967741935483871,15,0.16234756097560976,8.448932926829269,23
767,1315,1217,12.669748977487986,90.30038022813689,12,9,5,4,981,0.7477134146341463,331,1063,0.8102134146341463,0.9011213047910296,884,179,0.9011213047910296,0.540785498489426,0.8102134146341463,167,1026,6.1437125748503,0.009146341463414634,0.006859756097560976,0.0038109756097560975,0.003048780487804878,0.4761682816141297,0.32252547308541224,0.0,1.0,0.3815282718017907,0.27153284343812933,0.0,1.0,0.5527781184839936,0.2625313079378474,0.0,1.0,0.21594505090150862,0.18129822558472714,0.0,0.967741935483871,15,0.1634980988593156,8.452471482889734,23
768,1321,1204,12.625448795761136,90.04314912944739,12,6,5,1,1012,0.7695817490494297,303,1104,0.8395437262357415,0.9051383399209486,916,188,0.9051383399209486,0.6204620462046204,0.8395437262357415,181,1072,5.922651933701657,0.009125475285171103,0.0045627376425855515,0.0038022813688212928,0.0007604562737642585,0.47678933359380726,0.3225004614624487,0.0,1.0,0.38123611145026987,0.27206531871052814,0.0,1.0,0.5525628189787795,0.26294927710908816,0.0,1.0,0.21603868037410562,0.18201859060732864,0.0,0.967741935483871,15,0.161998485995458,8.466313398940196,23
769,1325,1198,12.608628474415598,90.09433962264151,9,5,4,1,997,0.7547312641937926,324,1135,0.8591975775927327,0.8946840521564694,892,243,0.8946840521564694,0.75,0.8591975775927327,173,1102,6.369942196531792,0.006813020439061317,0.003785011355034065,0.003028009084027252,0.000757002271006813,0.4776384662203287,0.32227683668965595,0.0,1.0,0.38139987827145466,0.27216019493946186,0.0,1.0,0.5530858186244675,0.2628839203650385,0.0,1.0,0.2159707851491175,0.18266589570298433,0.0,0.967741935483871,15,0.16150943396226414,8.483773584905661,23
770,1320,1198,12.54495462360029,89.64772727272727,9,14,12,2,983,0.7418867924528302,342,1102,0.8316981132075472,0.9023397761953205,887,215,0.9023397761953205,0.6286549707602339,0.8316981132075472,169,1071,6.337278106508876,0.006792452830188679,0.010566037735849057,0.009056603773584906,0.0015094339622641509,0.47671065493646136,0.3227638322463559,0.0,1.0,0.3816715542521994,0.2724437636558556,0.0,1.0,0.5536656891495602,0.26272768570855864,0.0,1.0,0.21500488758553274,0.18239706325544908,0.0,0.967741935483871,15,0.1606060606060606,8.495454545454546,23
771,1323,1189,12.553440193961823,89.65230536659108,9,6,5,1,950,0.7196969696969697,370,1098,0.8318181818181818,0.8821052631578947,838,260,0.8821052631578947,0.7027027027027027,0.8318181818181818,180,1069,5.938888888888889,0.006818181818181818,0.004545454545454545,0.003787878787878788,0.0007575757575757576,0.4774583668592885,0.3224327533427085,0.0,1.0,0.38136688367103116,0.2721037594301135,0.0,1.0,0.5524345939092483,0.2625742361062344,0.0,1.0,0.2153463535952015,0.18341187751484966,0.0,0.967741935483871,15,0.1602418745275888,8.500377928949357,23
772,1325,1183,12.55662408695747,89.71849056603773,10,8,4,4,968,0.7316704459561603,355,1078,0.8148148148148148,0.8615702479338843,834,244,0.8615702479338843,0.6873239436619718,0.8148148148148148,175,1047,5.982857142857143,0.007558578987150416,0.006046863189720333,0.0030234315948601664,0.0030234315948601664,0.47715155203895315,0.3229316516111583,0.0,1.0,0.38152160681679853,0.27219012730989545,0.0,1.0,0.5531345100426049,0.26272466390247967,0.0,1.0,0.214607425441266,0.18348413010467401,0.0,0.967741935483871,15,0.16,8.52301886792453,23
773,1321,1183,12.599884063170462,90.27479182437547,4,8,5,3,999,0.7539622641509434,326,1114,0.840754716981132,0.8948948948948949,894,220,0.8948948948948949,0.6748466257668712,0.840754716981132,179,1093,6.106145251396648,0.0030188679245283017,0.0060377358490566035,0.0037735849056603774,0.0022641509433962265,0.47757075529291104,0.3233046146923971,0.0,1.0,0.3824082439989256,0.2720214466123284,0.0,1.0,0.5526604966911675,0.2631273909339571,0.0,1.0,0.21474445068496498,0.1833698286033691,0.0,0.967741935483871,15,0.15972747918243754,8.516275548826647,22
774,1318,1179,12.621600628900879,90.47723823975721,9,12,6,6,983,0.7441332323996972,338,1101,0.8334595003785011,0.8891149542217701,874,227,0.8891149542217701,0.6715976331360947,0.8334595003785011,172,1069,6.215116279069767,0.006813020439061317,0.009084027252081756,0.004542013626040878,0.004542013626040878,0.4759655391844927,0.32330166000193067,0.0,1.0,0.3827402222331,0.27211314163152,0.0,1.0,0.5526457486905869,0.26365318436248764,0.0,1.0,0.21545352195408485,0.18296578789700804,0.0,0.967741935483871,15,0.16009104704097116,8.492412746585735,22
775,1320,1173,12.569956689640899,89.81969696969696,14,12,8,4,977,0.7412746585735963,341,1093,0.8292867981790591,0.8935516888433982,873,220,0.8935516888433982,0.6451612903225806,0.8292867981790591,177,1064,6.011299435028248,0.010622154779969651,0.009104704097116844,0.006069802731411229,0.0030349013657056147,0.47475562072336264,0.3230270606587699,0.0,1.0,0.3815982404692082,0.27102511804578333,0.0,1.0,0.5527126099706745,0.26306444557082354,0.0,1.0,0.21642228739002933,0.1833374703391936,0.0,0.967741935483871,15,0.1606060606060606,8.503787878787879,22
776,1323,1166,12.572100122714934,89.97052154195012,10,7,3,4,1044,0.7909090909090909,276,1097,0.831060606060606,0.8773946360153256,916,181,0.8773946360153256,0.6557971014492754,0.831060606060606,185,1075,5.8108108108108105,0.007575757575757576,0.005303030303030303,0.0022727272727272726,0.0030303030303030303,0.4747275254187696,0.3235504738040737,0.0,1.0,0.38287859946846126,0.27163670659400446,0.0,1.0,0.5520932387291834,0.2636852487145063,0.0,1.0,0.2169799819569405,0.1834398743875076,0.0,0.967741935483871,15,0.1617535903250189,8.510959939531368,22
777,1324,1163,12.509154462198913,89.7273413897281,13,12,7,5,1037,0.7838246409674982,286,1106,0.8359788359788359,0.892960462873674,926,180,0.892960462873674,0.6293706293706294,0.8359788359788359,173,1076,6.219653179190751,0.009826152683295541,0.009070294784580499,0.005291005291005291,0.003779289493575208,0.4741740571094435,0.3238625240606405,0.0,1.0,0.3821508624890362,0.27064042052641685,0.0,1.0,0.5527726342461748,0.2641470952987906,0.0,1.0,0.21681609979534158,0.18293118816419202,0.0,0.967741935483871,15,0.16314199395770393,8.534743202416918,22
778,1324,1149,12.569773425502088,89.95543806646526,9,9,4,5,976,0.7371601208459214,348,1120,0.8459214501510574,0.9026639344262295,881,239,0.9026639344262295,0.6867816091954023,0.8459214501510574,182,1088,5.978021978021978,0.006797583081570997,0.006797583081570997,0.0030211480362537764,0.0037764350453172208,0.4735405905857129,0.3234616872976271,0.0,1.0,0.3822970470714355,0.2714317823900607,0.0,1.0,0.5540152031965695,0.2638868717310732,0.0,1.0,0.21696228437774095,0.18308861908359175,0.0,0.967741935483871,15,0.16314199395770393,8.542296072507552,23
779,1330,1136,12.564768622600564,90.04511278195488,12,6,3,3,965,0.7288519637462235,359,1112,0.8398791540785498,0.9119170984455959,880,232,0.9119170984455959,0.6462395543175488,0.8398791540785498,171,1070,6.257309941520468,0.00906344410876133,0.004531722054380665,0.0022658610271903325,0.0022658610271903325,0.4740722774678632,0.32378538216868813,0.0,1.0,0.3827067669172932,0.2717024095603868,0.0,1.0,0.5543536260004851,0.2641184448756006,0.0,1.0,0.21658986175115208,0.18200999555181463,0.0,0.967741935483871,15,0.1631578947368421,8.542857142857143,23
780,1324,1121,12.598196601732521,89.83383685800604,11,17,9,8,1020,0.7669172932330827,310,1128,0.8481203007518797,0.9009803921568628,919,209,0.9009803921568628,0.6741935483870968,0.8481203007518797,180,1093,6.072222222222222,0.008270676691729323,0.012781954887218045,0.006766917293233083,0.006015037593984963,0.472809667673716,0.32376296735613846,0.0,1.0,0.3848065490692915,0.2709037587349938,0.0,1.0,0.5530162752168404,0.26526822853643983,0.0,1.0,0.21762011499853814,0.18184219539515986,0.0,0.967741935483871,15,0.16163141993957703,8.527945619335348,23
781,1323,1117,12.615655878253566,90.08238851095994,7,8,5,3,1003,0.7575528700906344,321,1127,0.8512084592145015,0.9002991026919243,903,224,0.9002991026919243,0.6978193146417445,0.8512084592145015,178,1101,6.185393258426966,0.005287009063444109,0.006042296072507553,0.0037764350453172208,0.0022658610271903325,0.4731426620827543,0.3238893623086674,0.0,1.0,0.385073025626021,0.27111126017423004,0.0,1.0,0.5525077414478337,0.2653012878059492,0.0,1.0,0.2178577524199644,0.18217217240257197,0.0,0.967741935483871,15,0.16250944822373395,8.535903250188964,23
782,1327,1104,12.630193524630323,90.11152976639035,12,8,3,5,975,0.7369614512471655,348,1104,0.8344671201814059,0.8984615384615384,876,228,0.8984615384615384,0.6551724137931034,0.8344671201814059,181,1072,5.922651933701657,0.009070294784580499,0.006046863189720333,0.0022675736961451248,0.003779289493575208,0.4744876874832875,0.32460134736633506,0.0,1.0,0.384228310280283,0.27133558164294574,0.0,1.0,0.5527870287089481,0.26541113138285133,0.0,1.0,0.2168121156136811,0.1814250884040917,0.0,0.967741935483871,15,0.16201959306706856,8.56970610399397,24
783,1330,1102,12.560960296458003,89.83834586466165,10,7,7,0,1004,0.7565938206480783,323,1085,0.8176337603617182,0.8864541832669323,890,195,0.8864541832669323,0.6037151702786377,0.8176337603617182,174,1057,6.074712643678161,0.007535795026375283,0.0052750565184626974,0.0052750565184626974,0.0,0.472980839194761,0.32497464833454265,0.0,1.0,0.38488964346349747,0.27124763745998526,0.0,1.0,0.5528256124181421,0.26519057120804307,0.0,1.0,0.21569245694882366,0.18095988053622705,0.0,0.967741935483871,15,0.16090225563909774,8.584962406015038,24
784,1335,1092,12.54389522541451,89.94007490636704,10,5,4,1,987,0.7421052631578947,343,1107,0.8323308270676691,0.8936170212765957,882,225,0.8936170212765957,0.6559766763848397,0.8323308270676691,178,1075,6.03932584269663,0.007518796992481203,0.0037593984962406013,0.0030075187969924814,0.0007518796992481203,0.4723450525552737,0.3252859453198584,0.0,1.0,0.3842213362329347,0.27104941396954096,0.0,1.0,0.5538721759091458,0.26497689619316256,0.0,1.0,0.21461882324513712,0.18102194083639442,0.0,0.967741935483871,15,0.16254681647940075,8.612734082397004,24
785,1338,1092,12.49254134957977,89.8677130044843,10,7,5,2,1005,0.7528089887640449,330,1094,0.8194756554307117,0.8766169154228856,881,213,0.8766169154228856,0.6454545454545455,0.8194756554307117,173,1067,6.167630057803469,0.00749063670411985,0.0052434456928838954,0.003745318352059925,0.00149812734082397,0.4730459520709773,0.3251528752139951,0.0,1.0,0.38497516755870587,0.2712559404112736,0.0,1.0,0.5538598775254351,0.26485310172723325,0.0,1.0,0.2147885626115049,0.18119802868894394,0.0,0.967741935483871,15,0.16143497757847533,8.638266068759343,24
786,1339,1079,12.51144794850609,90.04107542942495,8,7,5,2,1029,0.7690582959641256,309,1105,0.8258594917787743,0.8756073858114675,901,204,0.8756073858114675,0.6601941747572816,0.8258594917787743,176,1068,6.068181818181818,0.005979073243647235,0.00523168908819133,0.0037369207772795215,0.0014947683109118087,0.47343949504926636,0.32533333497550937,0.0,1.0,0.38512129899539854,0.2713047202366048,0.0,1.0,0.5532535112867089,0.26459128059343484,0.0,1.0,0.2155917993688116,0.18162914052204016,0.0,0.967741935483871,15,0.16056758775205376,8.64973861090366,24
787,1329,1072,12.508839975624145,89.63882618510158,6,16,13,3,1032,0.7707244212098581,307,1111,0.8297236743838685,0.8914728682170543,920,191,0.8914728682170543,0.6221498371335505,0.8297236743838685,177,1081,6.107344632768362,0.004480955937266617,0.01194921583271098,0.009708737864077669,0.0022404779686333084,0.4742590839583485,0.3248397852007661,0.0,1.0,0.3847423481152455,0.27138594567009117,0.0,1.0,0.5526590451224545,0.26443727960090624,0.0,1.0,0.2153693050802204,0.18210736348568662,0.0,0.967741935483871,15,0.1617757712565839,8.677200902934537,24
788,1325,1061,12.5736667317137,90.19849056603773,6,10,4,6,1017,0.7652370203160271,312,1124,0.8457486832204665,0.904621435594887,920,204,0.904621435594887,0.6538461538461539,0.8457486832204665,180,1093,6.072222222222222,0.004514672686230248,0.007524454477050414,0.0030097817908201654,0.004514672686230248,0.4736214242239805,0.3253312229342658,0.0,1.0,0.3849300060864273,0.27093733981084533,0.0,1.0,0.552477175897748,0.2646551879298116,0.0,1.0,0.2147048082775411,0.18184340264381724,0.0,0.967741935483871,15,0.16226415094339622,8.667924528301887,24
789,1322,1058,12.60769818881942,90.3714069591528,7,10,5,5,986,0.7441509433962264,339,1042,0.7864150943396226,0.8651115618661258,853,189,0.8651115618661258,0.5575221238938053,0.7864150943396226,169,1008,5.964497041420119,0.005283018867924529,0.007547169811320755,0.0037735849056603774,0.0037735849056603774,0.4734273583524474,0.32450190896702147,0.0,1.0,0.386340344541506,0.27028707793739126,0.0,1.0,0.5535112976428677,0.26482744703282435,0.0,1.0,0.21497242691913523,0.18194541116414598,0.0,0.967741935483871,15,0.16111951588502268,8.661119515885023,23
790,1312,1047,12.687399404278697,90.39710365853658,4,14,9,5,1022,0.773071104387292,300,1123,0.8494704992435703,0.910958904109589,931,192,0.910958904109589,0.64,0.8494704992435703,182,1094,6.010989010989011,0.0030257186081694403,0.01059001512859304,0.00680786686838124,0.0037821482602118004,0.475044256490952,0.3247966365880327,0.0,1.0,0.38817859952793077,0.27065408334538427,0.0,1.0,0.5539929189614478,0.2652400005897579,0.0,1.0,0.21572580645161288,0.18292169369837352,0.0,0.967741935483871,15,0.1600609756097561,8.663871951219512,23
791,1314,1043,12.715693028667177,90.82724505327245,7,5,3,2,969,0.7385670731707317,343,1112,0.8475609756097561,0.9029927760577915,875,237,0.9029927760577915,0.6909620991253644,0.8475609756097561,179,1087,6.072625698324022,0.005335365853658537,0.0038109756097560975,0.0022865853658536584,0.001524390243902439,0.47466489910148774,0.32434336896557464,0.0,1.0,0.3880296558157804,0.2710218931456111,0.0,1.0,0.5553346099081848,0.2647116886460641,0.0,1.0,0.21483281779348948,0.18281939133230757,0.0,0.967741935483871,15,0.16057838660578386,8.678082191780822,23
792,1308,1045,12.727730594650888,91.09480122324159,8,14,7,7,981,0.7465753424657534,333,1096,0.8340943683409436,0.8899082568807339,873,223,0.8899082568807339,0.6696696696696697,0.8340943683409436,174,1072,6.160919540229885,0.0060882800608828,0.0106544901065449,0.00532724505327245,0.00532724505327245,0.47477064220183485,0.32390585709600284,0.0,1.0,0.3887984610831607,0.2711069886002338,0.0,1.0,0.5546019532406037,0.2659940282244001,0.0,1.0,0.21423991318930652,0.18196145005434494,0.0,0.967741935483871,15,0.15978593272171254,8.686544342507645,23
793,1307,1034,12.732606802029649,91.10252486610558,12,13,6,7,1010,0.77217125382263,298,1115,0.8524464831804281,0.8940594059405941,903,212,0.8940594059405941,0.7114093959731543,0.8524464831804281,175,1079,6.1657142857142855,0.009174311926605505,0.009938837920489297,0.0045871559633027525,0.005351681957186544,0.4749117654317941,0.32372896051514455,0.0,1.0,0.38840486709282523,0.2708721314532967,0.0,1.0,0.5550756472591751,0.2658164051283669,0.0,1.0,0.2146506404719007,0.18209412921800003,0.0,0.967741935483871,15,0.16067329762815608,8.693955623565417,23
794,1311,1031,12.710900663019746,91.01449275362319,10,6,5,1,944,0.722264728385616,363,1074,0.8217291507268554,0.8792372881355932,830,244,0.8792372881355932,0.6721763085399449,0.8217291507268554,180,1051,5.838888888888889,0.0076511094108645756,0.0045906656465187455,0.0038255547054322878,0.0007651109410864575,0.4737088162200733,0.3235203138905852,0.0,1.0,0.388868384144091,0.27135396028409686,0.0,1.0,0.5564823700204227,0.2659149494001381,0.0,1.0,0.21382347875298344,0.1817209463722501,0.0,0.967741935483871,15,0.16094584286803967,8.718535469107552,23
795,1318,1016,12.695851532930817,91.03717754172989,13,6,2,4,1022,0.7795575896262396,289,1097,0.8367658276125095,0.8874755381604696,907,190,0.8874755381604696,0.657439446366782,0.8367658276125095,178,1060,5.955056179775281,0.009916094584286803,0.004576659038901602,0.0015255530129672007,0.0030511060259344014,0.4741054383474473,0.3233582704168024,0.0,1.0,0.3893240001958001,0.27155659584639896,0.0,1.0,0.5560477752214988,0.2664970798565961,0.0,1.0,0.21393607127123204,0.1813257896550757,0.0,0.967741935483871,15,0.16009104704097116,8.723823975720789,23
796,1319,1007,12.742402962325228,91.52084912812737,8,7,2,5,1026,0.7784522003034902,292,1097,0.8323216995447648,0.8879142300194932,911,186,0.8879142300194932,0.636986301369863,0.8323216995447648,170,1058,6.223529411764706,0.006069802731411229,0.005311077389984826,0.0015174506828528073,0.0037936267071320183,0.47303675805228784,0.3233869618956949,0.0,1.0,0.38959133263224827,0.27175484226065466,0.0,1.0,0.5565555528381717,0.26590807102863734,0.0,1.0,0.21357822397221746,0.18144395645069109,0.0,0.967741935483871,15,0.1599696739954511,8.742987111448066,23
797,1325,1001,12.72357787794092,91.78339622641509,10,4,2,2,1011,0.7664897649734648,308,1105,0.8377558756633814,0.9020771513353115,912,193,0.9020771513353115,0.6266233766233766,0.8377558756633814,170,1069,6.288235294117647,0.0075815011372251705,0.003032600454890068,0.001516300227445034,0.001516300227445034,0.4744491783323189,0.32372040496232557,0.0,1.0,0.38831405964698723,0.2712459997931456,0.0,1.0,0.5560073037127207,0.26627690778223195,0.0,1.0,0.21356055995130857,0.18133086494061545,0.0,0.967741935483871,15,0.16,8.764528301886793,23
798,1324,998,12.672705697102712,91.45015105740181,10,11,8,3,1020,0.769811320754717,305,1094,0.8256603773584905,0.8813725490196078,899,195,0.8813725490196078,0.639344262295082,0.8256603773584905,178,1069,6.00561797752809,0.007547169811320755,0.00830188679245283,0.0060377358490566035,0.0022641509433962265,0.4738573238475782,0.3234607137351292,0.0,1.0,0.3895575479972712,0.2717958063429981,0.0,1.0,0.5570607153298899,0.2657234344658445,0.0,1.0,0.21381931585615438,0.1808115701860791,0.0,0.967741935483871,15,0.16012084592145015,8.781722054380664,23
799,1331,987,12.580072500017533,90.75281743050338,17,10,7,3,1023,0.7726586102719033,301,1115,0.8421450151057401,0.8856304985337243,906,209,0.8856304985337243,0.6943521594684385,0.8421450151057401,169,1073,6.349112426035503,0.01283987915407855,0.0075528700906344415,0.005287009063444109,0.0022658610271903325,0.47565497685465696,0.32275831629705826,0.0,1.0,0.38787232495576934,0.27189788930340913,0.0,1.0,0.556239548241681,0.265793839756897,0.0,1.0,0.21405201037299143,0.18102153448267827,0.0,0.967741935483871,15,0.15702479338842976,8.796393688955673,23
800,1332,971,12.661726806771428,91.17492492492492,7,6,3,3,972,0.7302779864763336,359,1094,0.821938392186326,0.8827160493827161,858,236,0.8827160493827161,0.6573816155988857,0.821938392186326,179,1057,5.905027932960894,0.005259203606311044,0.004507888805409466,0.002253944402704733,0.002253944402704733,0.4751767896929187,0.32281818544156965,0.0,1.0,0.38784752494429914,0.2714723257547666,0.0,1.0,0.5552649423617165,0.26592963425762983,0.0,1.0,0.21435144822241595,0.18102859575336328,0.0,0.967741935483871,15,0.15765765765765766,8.788288288288289,23
801,1341,961,12.639077084369735,91.34377330350485,13,4,1,3,974,0.7312312312312312,358,1079,0.81006006006006,0.8696098562628337,847,232,0.8696098562628337,0.6480446927374302,0.81006006006006,171,1040,6.081871345029239,0.00975975975975976,0.003003003003003003,0.0007507507507507507,0.0022522522522522522,0.476101128190325,0.32347330315635975,0.0,1.0,0.38752976834812725,0.2715753121683504,0.0,1.0,0.5559644944793245,0.2655995736457727,0.0,1.0,0.21411560943927258,0.18197640764803,0.0,0.967741935483871,15,0.1580909768829232,8.806114839671887,23
802,1336,949,12.68492249277235,91.27320359281437,8,13,8,5,990,0.738255033557047,351,1111,0.8284862043251305,0.8878787878787879,879,232,0.8878787878787879,0.6609686609686609,0.8284862043251305,180,1079,5.9944444444444445,0.005965697240865026,0.009694258016405667,0.005965697240865026,0.0037285607755406414,0.47679640718562877,0.3240510501577512,0.0,1.0,0.38861792543944373,0.2716909465659573,0.0,1.0,0.554761444852231,0.26624070966977825,0.0,1.0,0.2145789067027236,0.1812868780681808,0.0,0.967741935483871,15,0.15718562874251496,8.798652694610778,23
803,1334,941,12.708608591166549,91.73163418290855,7,9,4,5,1010,0.7559880239520959,326,1104,0.8263473053892215,0.8762376237623762,885,219,0.8762376237623762,0.6717791411042945,0.8263473053892215,177,1073,6.062146892655368,0.005239520958083832,0.006736526946107785,0.0029940119760479044,0.0037425149700598802,0.47927649078686463,0.32358375076385215,0.0,1.0,0.38886202060260194,0.27211962033628595,0.0,1.0,0.5540939207815447,0.2668036077424948,0.0,1.0,0.21451371088649226,0.18166840985646468,0.0,0.967741935483871,15,0.15742128935532235,8.808095952023988,23
804,1338,933,12.676863380499734,91.73617339312406,12,8,5,3,1011,0.7578710644677661,323,1089,0.8163418290854573,0.8753709198813057,885,204,0.8753709198813057,0.631578947368421,0.8163418290854573,179,1060,5.921787709497207,0.008995502248875561,0.005997001499250375,0.0037481259370314842,0.0022488755622188904,0.47801244032981344,0.32395059373928814,0.0,1.0,0.38996576498384683,0.27227785886889677,0.0,1.0,0.5544867158493659,0.2669919624497954,0.0,1.0,0.2149814359419451,0.18161691653733297,0.0,0.967741935483871,15,0.15695067264573992,8.813153961136024,23
805,1333,923,12.705703429986007,91.74343585896474,9,14,7,7,1023,0.7645739910313901,315,1095,0.8183856502242153,0.8719452590420332,892,203,0.8719452590420332,0.6444444444444445,0.8183856502242153,187,1072,5.732620320855615,0.006726457399103139,0.01046337817638266,0.00523168908819133,0.00523168908819133,0.4799022336229219,0.32359763092608823,0.0,1.0,0.390049125184522,0.27222142633719193,0.0,1.0,0.5517992401326137,0.26755485609781027,0.0,1.0,0.2159814147085158,0.18284743100276457,0.0,0.967741935483871,15,0.15528882220555137,8.831957989497374,23
806,1333,916,12.764193868610134,92.17029257314329,7,7,2,5,987,0.7404351087771943,346,1031,0.77344336084021,0.8520770010131712,841,190,0.8520770010131712,0.5491329479768786,0.77344336084021,176,1000,5.681818181818182,0.005251312828207052,0.005251312828207052,0.0015003750937734434,0.0037509377344336083,0.4801442296057885,0.3239380589420323,0.0,1.0,0.390920310722842,0.2725888640487288,0.0,1.0,0.5519686373206205,0.267924387697062,0.0,1.0,0.21612661229823588,0.18303012573331962,0.0,0.967741935483871,15,0.15603900975243812,8.834208552138035,23
807,1335,906,12.772638513216055,92.3123595505618,8,6,5,1,976,0.7321830457614403,357,1083,0.8124531132783196,0.8790983606557377,858,225,0.8790983606557377,0.6302521008403361,0.8124531132783196,180,1053,5.85,0.006001500375093774,0.00450112528132033,0.0037509377344336083,0.0007501875468867217,0.4798115259151866,0.32341424059365487,0.0,1.0,0.39055213241512626,0.27243383103263197,0.0,1.0,0.5525431919777697,0.2678200760517091,0.0,1.0,0.21589948048809957,0.1833444117792688,0.0,0.967741935483871,15,0.15580524344569288,8.855430711610486,23
808,1342,906,12.710544121042856,92.2026825633383,16,9,3,6,979,0.7333333333333333,356,1078,0.8074906367041198,0.8600612870275791,842,236,0.8600612870275791,0.6629213483146067,0.8074906367041198,167,1045,6.25748502994012,0.01198501872659176,0.006741573033707865,0.0022471910112359553,0.0044943820224719105,0.47971251382145086,0.3244485822044874,0.0,1.0,0.39036584779577904,0.27152046203505825,0.0,1.0,0.5508148646699678,0.26847511010436736,0.0,1.0,0.21609538002980627,0.18308236807169875,0.0,0.967741935483871,15,0.15499254843517138,8.871087928464977,23
809,1346,897,12.687399580731842,92.32912332838039,11,7,3,4,1040,0.7749627421758569,302,1109,0.8263785394932935,0.8894230769230769,925,184,0.8894230769230769,0.609271523178808,0.8263785394932935,176,1076,6.113636363636363,0.00819672131147541,0.005216095380029807,0.0022354694485842027,0.0029806259314456036,0.4814504146095959,0.3249677069075091,0.0,1.0,0.3911470066625126,0.2715719509899254,0.0,1.0,0.550232468964195,0.2685846916394167,0.0,1.0,0.2156449216315966,0.18285676214512236,0.0,0.967741935483871,15,0.15453194650817237,8.87964338781575,23
810,1349,895,12.639994916781006,92.41289844329133,10,7,4,3,1018,0.7563150074294205,328,1094,0.812778603268945,0.8732809430255403,889,205,0.8732809430255403,0.625,0.812778603268945,181,1073,5.928176795580111,0.007429420505200594,0.005200594353640416,0.0029717682020802376,0.002228826151560178,0.48090580836461894,0.32562778269964376,0.0,1.0,0.39147277553265264,0.27112246755693664,0.0,1.0,0.5500370644922165,0.2678065502976985,0.0,1.0,0.21638489681723616,0.18336246875284573,0.0,0.967741935483871,15,0.15344699777613047,8.88139362490734,23
811,1352,889,12.612876634480601,92.4733727810651,11,8,4,4,990,0.7338769458858414,359,1102,0.8169014084507042,0.8686868686868687,860,242,0.8686868686868687,0.6740947075208914,0.8169014084507042,174,1070,6.149425287356322,0.00815418828762046,0.005930318754633061,0.0029651593773165306,0.0029651593773165306,0.47874117197938537,0.3260866094889717,0.0,1.0,0.3922027104409238,0.2709549700037533,0.0,1.0,0.5508923458675319,0.26840740041662386,0.0,1.0,0.21561843863332697,0.18296807783649158,0.0,0.967741935483871,15,0.15532544378698224,8.880917159763314,23
812,1344,890,12.573183070527701,91.88764880952381,9,17,14,3,945,0.6989644970414202,407,1096,0.8106508875739645,0.8793650793650793,831,265,0.8793650793650793,0.6511056511056511,0.8106508875739645,176,1073,6.096590909090909,0.006656804733727811,0.01257396449704142,0.010355029585798817,0.0022189349112426036,0.47842261904761907,0.32570094655547893,0.0,1.0,0.3915370583717358,0.26999578660820533,0.0,1.0,0.5505712365591398,0.26800304686858123,0.0,1.0,0.21555779569892472,0.18313846936154154,0.0,0.967741935483871,15,0.15625,8.883928571428571,23
813,1346,887,12.527247146640121,91.96359583952452,11,9,4,5,1050,0.78125,294,1108,0.8244047619047619,0.8933333333333333,938,170,0.8933333333333333,0.5782312925170068,0.8244047619047619,165,1070,6.484848484848484,0.00818452380952381,0.006696428571428571,0.002976190476190476,0.003720238095238095,0.47797536308296984,0.3254236983804693,0.0,1.0,0.3948856827877103,0.271644171404795,0.0,1.0,0.5513588649762737,0.2687774481629706,0.0,1.0,0.21547716052341465,0.18186592862797313,0.0,0.967741935483871,15,0.15601783060921248,8.856612184249629,23
814,1344,883,12.484055862176135,91.6547619047619,11,13,9,4,1024,0.7607726597325408,322,1123,0.8343239227340268,0.89453125,916,207,0.89453125,0.6428571428571429,0.8343239227340268,183,1102,6.021857923497268,0.008172362555720654,0.009658246656760773,0.006686478454680535,0.0029717682020802376,0.4770545314900153,0.32495762600404715,0.0,1.0,0.39566532258064513,0.2716975656759477,0.0,1.0,0.5515552995391705,0.26880813499623174,0.0,1.0,0.21538978494623656,0.1820668316048101,0.0,0.967741935483871,15,0.15401785714285715,8.869791666666666,23
815,1340,884,12.462521530985056,91.70522388059702,8,12,7,5,1021,0.7596726190476191,323,1121,0.8340773809523809,0.8795298726738492,898,223,0.8795298726738492,0.6904024767801857,0.8340773809523809,171,1093,6.391812865497076,0.005952380952380952,0.008928571428571428,0.005208333333333333,0.003720238095238095,0.4771064034665383,0.32546385296483465,0.0,1.0,0.39795377948964855,0.27234388188230474,0.0,1.0,0.5517091959557053,0.268334680488799,0.0,1.0,0.2158883004333173,0.1829155366238642,0.0,0.967741935483871,15,0.15447761194029852,8.866417910447762,23
816,1333,882,12.54125990133003,92.3165791447862,8,15,3,12,1010,0.753731343283582,330,1082,0.8074626865671641,0.8633663366336634,872,210,0.8633663366336634,0.6363636363636364,0.8074626865671641,170,1050,6.176470588235294,0.005970149253731343,0.011194029850746268,0.002238805970149254,0.008955223880597015,0.47699828182852166,0.3252286985106368,0.0,1.0,0.39909977494373594,0.2718061735334497,0.0,1.0,0.5519928369189071,0.2679342606292814,0.0,1.0,0.21690099944340924,0.1833847122929913,0.0,0.967741935483871,15,0.15528882220555137,8.843210802700675,23
817,1327,882,12.632968981121651,93.01431801055011,5,11,3,8,991,0.7434358589647412,342,1111,0.8334583645911477,0.9011099899091827,893,218,0.9011099899091827,0.6374269005847953,0.8334583645911477,176,1087,6.176136363636363,0.0037509377344336083,0.008252063015753939,0.002250562640660165,0.006001500375093774,0.47463354158057225,0.3243687021014012,0.0,1.0,0.40083136835452265,0.27182778237221894,0.0,1.0,0.5534190631305151,0.2677268222765094,0.0,1.0,0.21768724019738922,0.183721008849059,0.0,0.967741935483871,15,0.15599095704596835,8.829691032403918,23
818,1334,871,12.625325823943276,93.15217391304348,10,3,2,1,989,0.7452901281085155,338,1111,0.8372268274302939,0.9009100101112234,891,220,0.9009100101112234,0.650887573964497,0.8372268274302939,177,1077,6.084745762711864,0.007535795026375283,0.002260738507912585,0.0015071590052750565,0.0007535795026375283,0.47485128403540167,0.32483458991530817,0.0,1.0,0.4003965759055956,0.2715201833605167,0.0,1.0,0.5528848478986313,0.26780719702381794,0.0,1.0,0.21860037723073947,0.18518094594992393,0.0,0.967741935483871,15,0.15517241379310345,8.835082458770614,23
819,1333,872,12.60366254974811,93.20030007501876,8,9,6,3,1010,0.7571214392803598,324,1130,0.8470764617691154,0.897029702970297,906,224,0.897029702970297,0.691358024691358,0.8470764617691154,177,1108,6.259887005649717,0.005997001499250375,0.006746626686656672,0.004497751124437781,0.0022488755622188904,0.4762238946833482,0.3246011418051445,0.0,1.0,0.3998741620889093,0.271848414553823,0.0,1.0,0.5527914236623672,0.2676585079105593,0.0,1.0,0.21808677975945598,0.18527405260161325,0.0,0.967741935483871,15,0.15528882220555137,8.849212303075769,23
820,1329,878,12.588870455145312,93.32204665161775,6,10,6,4,1025,0.7689422355588897,308,1128,0.846211552888222,0.895609756097561,918,210,0.895609756097561,0.6818181818181818,0.846211552888222,175,1109,6.337142857142857,0.00450112528132033,0.007501875468867217,0.00450112528132033,0.003000750187546887,0.47510861914124125,0.324327101448372,0.0,1.0,0.40056797495084834,0.27210527439941906,0.0,1.0,0.5529988591956115,0.26828535953899174,0.0,1.0,0.21864608364280685,0.18541516923008217,0.0,0.967741935483871,15,0.1565086531226486,8.847253574115877,23
821,1327,877,12.585489171667982,93.54107008289374,5,7,6,1,972,0.7313769751693002,357,1108,0.8337095560571859,0.9032921810699589,878,230,0.9032921810699589,0.6442577030812325,0.8337095560571859,175,1082,6.182857142857143,0.003762227238525207,0.005267118133935289,0.004514672686230248,0.0007524454477050414,0.4747793956778569,0.3246700356801102,0.0,1.0,0.39929990033303353,0.27178401158218796,0.0,1.0,0.5530787369035175,0.2686043949851666,0.0,1.0,0.21776016724603153,0.1847775638220878,0.0,0.967741935483871,15,0.15674453654860587,8.851544837980407,23
822,1321,881,12.611563757625584,94.09311127933384,4,10,5,5,1007,0.758854559155991,320,1106,0.8334589299171062,0.8947368421052632,901,205,0.8947368421052632,0.640625,0.8334589299171062,174,1084,6.2298850574712645,0.003014318010550113,0.007535795026375283,0.0037678975131876413,0.0037678975131876413,0.47566603990134554,0.3247085411056547,0.0,1.0,0.40069839564357407,0.27188248000457277,0.0,1.0,0.5528802715440404,0.2686270461834656,0.0,1.0,0.21870039803667796,0.1856819528339636,0.0,0.967741935483871,15,0.15594246782740348,8.835730507191522,23
823,1321,877,12.648975628540843,94.36790310370931,8,8,3,5,980,0.7418622255866768,341,1136,0.8599545798637396,0.9030612244897959,885,251,0.9030612244897959,0.7360703812316716,0.8599545798637396,172,1104,6.4186046511627906,0.006056018168054504,0.006056018168054504,0.002271006813020439,0.003785011355034065,0.4753730067641816,0.32440975406139155,0.0,1.0,0.40165075333935685,0.27235571759986427,0.0,1.0,0.5532221435373983,0.2686885486282692,0.0,1.0,0.21906668945813287,0.1861256754980907,0.0,0.967741935483871,15,0.15594246782740348,8.82437547312642,23
824,1322,869,12.657812503600006,94.22919818456883,13,12,5,7,961,0.7274791824375473,360,1098,0.8311884935654807,0.8928199791883454,858,240,0.8928199791883454,0.6666666666666666,0.8311884935654807,179,1069,5.972067039106145,0.00984102952308857,0.009084027252081756,0.003785011355034065,0.005299015897047691,0.47777072861256165,0.32565119451505115,0.0,1.0,0.40410424088624275,0.27220414067608867,0.0,1.0,0.5530476794690352,0.2687613434401738,0.0,1.0,0.21909618857059196,0.1868772787546234,0.0,0.967741935483871,15,0.15658093797276854,8.786686838124055,23
825,1322,866,12.67540766954932,94.5945537065053,7,7,4,3,995,0.7526475037821483,327,1125,0.850983358547655,0.9125628140703518,908,217,0.9125628140703518,0.6636085626911316,0.850983358547655,178,1100,6.179775280898877,0.00529500756429652,0.00529500756429652,0.0030257186081694403,0.0022692889561270802,0.47703869991703673,0.3256777484911893,0.0,1.0,0.4048118686252501,0.27208813700699386,0.0,1.0,0.5529256746864477,0.26887323526445817,0.0,1.0,0.21780293787516472,0.18590350706360095,0.0,0.967741935483871,15,0.15658093797276854,8.797276853252647,23
826,1319,871,12.701240903865973,95.1281273692191,6,9,3,6,991,0.7496217851739788,331,1094,0.8275340393343419,0.8678102926337034,860,234,0.8678102926337034,0.7069486404833837,0.8275340393343419,170,1069,6.288235294117647,0.0045385779122541605,0.00680786686838124,0.0022692889561270802,0.0045385779122541605,0.4770720731737142,0.3261407005441964,0.0,1.0,0.40455868326444766,0.27219485825729184,0.0,1.0,0.5527158893589963,0.26902553027799114,0.0,1.0,0.21773582137005063,0.18569641392074804,0.0,0.967741935483871,15,0.1561789234268385,8.788476118271419,23
827,1312,875,12.657401875041412,94.77286585365853,8,15,10,5,1012,0.7672479150871873,307,1105,0.8377558756633814,0.8903162055335968,901,204,0.8903162055335968,0.6644951140065146,0.8377558756633814,179,1088,6.078212290502793,0.006065200909780136,0.011372251705837756,0.0075815011372251705,0.0037907505686125853,0.47669158143194335,0.3260034432276107,0.0,1.0,0.40578284815106214,0.2723094371927708,0.0,1.0,0.554066679779701,0.2691433499723388,0.0,1.0,0.21788945712037766,0.18611771374242864,0.0,0.967741935483871,15,0.15701219512195122,8.782774390243903,23
828,1314,875,12.614271742057033,94.62557077625571,15,13,4,9,981,0.7477134146341463,331,1069,0.8147865853658537,0.8817533129459735,865,204,0.8817533129459735,0.6163141993957704,0.8147865853658537,172,1041,6.0523255813953485,0.011432926829268292,0.009908536585365854,0.003048780487804878,0.006859756097560976,0.4754750331418471,0.3256239152966693,0.0,1.0,0.40786566504639865,0.27293258015127836,0.0,1.0,0.5566602837924093,0.26913307412803333,0.0,1.0,0.21682132861982617,0.1852530254670448,0.0,0.967741935483871,15,0.1567732115677321,8.777777777777779,23
829,1309,879,12.655471953807378,95.03132161955692,4,9,5,4,996,0.7579908675799086,318,1124,0.8554033485540334,0.9056224899598394,902,222,0.9056224899598394,0.6981132075471698,0.8554033485540334,176,1104,6.2727272727272725,0.0030441400304414,0.00684931506849315,0.00380517503805175,0.0030441400304414,0.474752951033786,0.32476822546621353,0.0,1.0,0.4080928559106928,0.27274912837971854,0.0,1.0,0.5565193819463269,0.26922798329421277,0.0,1.0,0.21691022450035732,0.185433784376817,0.0,0.967741935483871,15,0.15660809778456838,8.782276546982429,23
830,1306,880,12.605621232115581,94.86294027565084,10,13,8,5,1049,0.8013750954927426,260,1114,0.851031321619557,0.9065776930409915,951,163,0.9065776930409915,0.6269230769230769,0.851031321619557,180,1095,6.083333333333333,0.007639419404125287,0.009931245225362872,0.006111535523300229,0.0038197097020626434,0.47463320654053254,0.32512323236317503,0.0,1.0,0.4086350837326483,0.2720658625256253,0.0,1.0,0.554932569283209,0.2693602281780607,0.0,1.0,0.21639579113767723,0.18434682314707898,0.0,0.967741935483871,15,0.15696784073506892,8.782542113323125,23
831,1303,882,12.595742429959282,94.93399846508058,6,9,7,2,1009,0.7725880551301685,297,1116,0.8545176110260337,0.9078295341922695,916,200,0.9078295341922695,0.6734006734006734,0.8545176110260337,173,1091,6.30635838150289,0.004594180704441042,0.006891271056661562,0.005359877488514548,0.0015313935681470138,0.47436437006412,0.3246127578960159,0.0,1.0,0.4090807813234966,0.27234229994616793,0.0,1.0,0.5555418017973411,0.269557091509535,0.0,1.0,0.2164483945238036,0.18434783414932757,0.0,0.967741935483871,15,0.15732924021488873,8.785111281657713,23
832,1300,894,12.587560700914567,95.29846153846154,5,8,5,3,969,0.7436684574059862,334,1112,0.8534151957022257,0.9071207430340558,879,233,0.9071207430340558,0.6976047904191617,0.8534151957022257,172,1096,6.372093023255814,0.003837298541826554,0.0061396776669224865,0.003837298541826554,0.0023023791250959325,0.47404466501240694,0.3250049994476497,0.0,1.0,0.4090570719602977,0.27187682672417074,0.0,1.0,0.5553598014888338,0.2697364509239353,0.0,1.0,0.21774193548387097,0.18431175670925146,0.0,0.967741935483871,15,0.15846153846153846,8.766153846153847,23
833,1305,894,12.498793715214516,95.19310344827586,14,9,4,5,1024,0.7876923076923077,276,1120,0.8615384615384616,0.921875,944,176,0.921875,0.6376811594202898,0.8615384615384616,175,1095,6.257142857142857,0.010769230769230769,0.006923076923076923,0.003076923076923077,0.0038461538461538464,0.4746014089729329,0.32523594017687185,0.0,1.0,0.4085032752440984,0.27258219348079865,0.0,1.0,0.5542701767395872,0.26962222011522713,0.0,1.0,0.21638857990359658,0.18301970073557003,0.0,0.9354838709677419,14,0.16015325670498085,8.80383141762452,23
834,1296,886,12.568330836735347,94.83410493827161,9,18,11,7,959,0.7348659003831418,346,1109,0.849808429118774,0.8884254431699687,852,257,0.8884254431699687,0.7427745664739884,0.849808429118774,174,1075,6.17816091954023,0.006896551724137931,0.013793103448275862,0.00842911877394636,0.0053639846743295016,0.4740641178813222,0.32601248352207823,0.0,1.0,0.40837813620071683,0.2727857267049599,0.0,1.0,0.5545848267622461,0.27022504660035285,0.0,1.0,0.21652230187176424,0.1830012534978877,0.0,0.9354838709677419,14,0.15895061728395063,8.800154320987655,23
835,1297,889,12.517353329036851,94.55435620663069,13,12,7,5,973,0.7507716049382716,323,1096,0.845679012345679,0.8900308324768756,866,230,0.8900308324768756,0.7120743034055728,0.845679012345679,166,1065,6.4156626506024095,0.010030864197530864,0.009259259259259259,0.005401234567901234,0.0038580246913580245,0.47409655035192877,0.32501372847502275,0.0,1.0,0.40870992613226553,0.27367297108054556,0.0,1.0,0.5573905041410699,0.26960326022725284,0.0,1.0,0.21553460840152214,0.1829917371750374,0.0,0.9354838709677419,14,0.15805705474171164,8.801079414032383,23
836,1295,889,12.52485303109696,94.81235521235521,5,7,5,2,1038,0.8003084040092521,259,1125,0.8673862760215882,0.9007707129094412,935,190,0.9007707129094412,0.7335907335907336,0.8673862760215882,174,1099,6.316091954022989,0.0038550501156515036,0.005397070161912105,0.0038550501156515036,0.0015420200462606013,0.47398181591729976,0.32467534395235775,0.0,1.0,0.40896749283846057,0.27418911263645207,0.0,1.0,0.5572549508033379,0.26975652043661197,0.0,1.0,0.21556856395566074,0.1836523514433479,0.0,0.9354838709677419,14,0.1583011583011583,8.817760617760618,23
837,1290,892,12.579503541114393,95.11395348837209,5,10,6,4,986,0.7613899613899614,309,1114,0.8602316602316602,0.8955375253549696,883,231,0.8955375253549696,0.7475728155339806,0.8602316602316602,176,1093,6.2102272727272725,0.003861003861003861,0.007722007722007722,0.004633204633204633,0.003088803088803089,0.47336834208552137,0.3236731385248589,0.0,1.0,0.40950237559389846,0.27420996672893316,0.0,1.0,0.5577644411102776,0.2695403951109123,0.0,1.0,0.21572893223305828,0.1830024753517649,0.0,0.9354838709677419,14,0.1573643410852713,8.8015503875969,23
838,1291,892,12.539452410504113,95.00619674670799,10,9,6,3,997,0.7728682170542636,293,1153,0.8937984496124031,0.9327983951855566,930,223,0.9327983951855566,0.7610921501706485,0.8937984496124031,176,1129,6.4147727272727275,0.007751937984496124,0.0069767441860465115,0.004651162790697674,0.002325581395348837,0.47260188401089426,0.32321399923647465,0.0,1.0,0.4086104794982634,0.2733633557241364,0.0,1.0,0.557532295544839,0.2698040650007407,0.0,1.0,0.21596162014942155,0.1836629882547771,0.0,0.9354838709677419,14,0.15724244771494966,8.806351665375677,23
839,1290,895,12.446685236901452,94.31007751937985,14,15,11,4,936,0.7250193648334624,355,1108,0.8582494190549961,0.938034188034188,878,230,0.938034188034188,0.647887323943662,0.8582494190549961,175,1086,6.2057142857142855,0.010844306738962044,0.011618900077459334,0.008520526723470178,0.003098373353989156,0.4721430357589397,0.32295613005047175,0.0,1.0,0.40815203800950234,0.27333598667440506,0.0,1.0,0.5587896974243561,0.26950726343252074,0.0,1.0,0.21620405101275317,0.1836374124244629,0.0,0.9354838709677419,14,0.15658914728682172,8.807751937984497,23
840,1292,895,12.400925340071256,94.36300309597523,10,8,5,3,994,0.7705426356589147,296,1104,0.8558139534883721,0.9235412474849095,918,186,0.9235412474849095,0.6283783783783784,0.8558139534883721,180,1084,6.022222222222222,0.007751937984496124,0.006201550387596899,0.003875968992248062,0.002325581395348837,0.47013881953460496,0.32230072104194185,0.0,1.0,0.40749525616698296,0.2728026589809495,0.0,1.0,0.5591231399181065,0.26931509484327926,0.0,1.0,0.21594427244582043,0.18414924953859155,0.0,0.9354838709677419,14,0.15712074303405574,8.820433436532507,23
841,1295,894,12.366146419068183,94.32355212355212,10,7,5,2,971,0.7515479876160991,321,1130,0.8746130030959752,0.9124613800205973,886,244,0.9124613800205973,0.7601246105919003,0.8746130030959752,175,1104,6.308571428571429,0.007739938080495356,0.005417956656346749,0.003869969040247678,0.0015479876160990713,0.4690995142608046,0.3218667606642565,0.0,1.0,0.4053804957030764,0.2725949932155289,0.0,1.0,0.5597459210362437,0.26876470362768945,0.0,1.0,0.21554365425333166,0.18326771739007452,0.0,0.9354838709677419,14,0.15675675675675677,8.839382239382239,23
842,1300,897,12.253324067729423,93.76230769230769,14,9,7,2,957,0.738996138996139,338,1114,0.8602316602316602,0.9122257053291536,873,241,0.9122257053291536,0.7130177514792899,0.8602316602316602,175,1092,6.24,0.010810810810810811,0.0069498069498069494,0.005405405405405406,0.0015444015444015444,0.4716873449131514,0.32173779849387774,0.0,1.0,0.4056575682382134,0.2728042636383439,0.0,1.0,0.5595037220843673,0.2687544195942881,0.0,1.0,0.2160545905707196,0.18365141451425904,0.0,0.9354838709677419,14,0.15538461538461537,8.851538461538462,23
843,1299,902,12.267581851985838,94.17705927636644,5,6,3,3,992,0.7630769230769231,308,1087,0.8361538461538461,0.8931451612903226,886,201,0.8931451612903226,0.6525974025974026,0.8361538461538461,175,1067,6.097142857142857,0.0038461538461538464,0.004615384615384616,0.002307692307692308,0.002307692307692308,0.4708833097419851,0.3217581596531703,0.0,1.0,0.4065410116963421,0.2728878465602453,0.0,1.0,0.5600586058754873,0.26887919935614657,0.0,1.0,0.21572425438923243,0.18338367252021157,0.0,0.9354838709677419,14,0.1562740569668976,8.849114703618168,23
844,1299,906,12.2676910825172,94.04695919938415,12,12,6,6,918,0.7066974595842956,381,1100,0.8468052347959969,0.9084967320261438,834,266,0.9084967320261438,0.6981627296587927,0.8468052347959969,172,1076,6.255813953488372,0.009237875288683603,0.009237875288683603,0.004618937644341801,0.004618937644341801,0.469492661849065,0.32189567419766973,0.0,1.0,0.4071121706523629,0.27323821710420904,0.0,1.0,0.5610519257990016,0.26860470239906736,0.0,1.0,0.21612158235863815,0.18390668878512226,0.0,0.9354838709677419,14,0.1585835257890685,8.83679753656659,23
845,1300,908,12.244155105355508,93.93153846153847,8,7,6,1,970,0.7467282525019245,329,1146,0.8822170900692841,0.9164948453608247,889,257,0.9164948453608247,0.7811550151975684,0.8822170900692841,170,1118,6.576470588235294,0.006158583525789068,0.005388760585065435,0.004618937644341801,0.0007698229407236335,0.4695285359801489,0.3227009853791805,0.0,1.0,0.4070967741935484,0.27335630458210153,0.0,1.0,0.5608933002481389,0.26938953592501574,0.0,1.0,0.2155086848635236,0.18335114197550847,0.0,0.9354838709677419,14,0.15923076923076923,8.847692307692308,23
846,1299,918,12.17073497953419,93.8144726712856,10,11,6,5,1031,0.7930769230769231,269,1143,0.8792307692307693,0.9214354995150339,950,193,0.9214354995150339,0.7174721189591078,0.8792307692307693,171,1124,6.573099415204679,0.007692307692307693,0.008461538461538461,0.004615384615384616,0.0038461538461538464,0.46936849685862575,0.32163242800397085,0.0,1.0,0.40609401773076065,0.2727079144962619,0.0,1.0,0.5612257567856167,0.26883940626386066,0.0,1.0,0.21478060046189376,0.18359570397396427,0.0,0.9354838709677419,14,0.1578137028483449,8.86451116243264,23
847,1303,926,12.118629117592446,94.0729086722947,10,6,3,3,981,0.7551963048498845,318,1112,0.8560431100846805,0.9011213047910296,884,228,0.9011213047910296,0.7169811320754716,0.8560431100846805,167,1087,6.508982035928144,0.007698229407236336,0.004618937644341801,0.0023094688221709007,0.0023094688221709007,0.46975961181392817,0.32208593801840507,0.0,1.0,0.40566434778303173,0.27242949384101217,0.0,1.0,0.5618795335825514,0.26833689131072763,0.0,1.0,0.21441833981135344,0.18284555752389636,0.0,0.9354838709677419,14,0.15886415963161934,8.880276285495011,23
848,1298,922,12.155694351435509,93.99537750385208,6,11,9,2,994,0.762854950115119,309,1091,0.837298541826554,0.9044265593561368,899,192,0.9044265593561368,0.6213592233009708,0.837298541826554,174,1061,6.097701149425287,0.004604758250191865,0.00844205679201842,0.006907137375287797,0.0015349194167306216,0.4716685719966201,0.3223286297917457,0.0,1.0,0.4055122023957453,0.27221796600676235,0.0,1.0,0.5613102042845072,0.2688154009519848,0.0,1.0,0.21474725383965407,0.18284879322277173,0.0,0.9354838709677419,14,0.15793528505392912,8.88135593220339,23
849,1296,931,12.057689252134361,93.63811728395062,11,13,9,4,1010,0.7781201848998459,288,1124,0.8659476117103235,0.9138613861386139,923,201,0.9138613861386139,0.6979166666666666,0.8659476117103235,160,1093,6.83125,0.00847457627118644,0.010015408320493066,0.006933744221879815,0.0030816640986132513,0.4718986459577858,0.32371673784301624,0.0,1.0,0.40504281162883315,0.27159243685798673,0.0,1.0,0.5598616089207488,0.2689650396163731,0.0,1.0,0.21378434886499403,0.18191728169748184,0.0,0.9354838709677419,14,0.1566358024691358,8.88425925925926,23
850,1296,929,12.015018875696777,93.33564814814815,9,9,8,1,984,0.7592592592592593,312,1124,0.8672839506172839,0.9227642276422764,908,216,0.9227642276422764,0.6923076923076923,0.8672839506172839,177,1099,6.209039548022599,0.006944444444444444,0.006944444444444444,0.006172839506172839,0.0007716049382716049,0.47162485065710874,0.32357624911925953,0.0,1.0,0.405241935483871,0.27124787802909356,0.0,1.0,0.5604340900039825,0.26925180954258343,0.0,1.0,0.2139336917562724,0.18199327864286205,0.0,0.9354838709677419,14,0.1574074074074074,8.89891975308642,23
851,1296,939,11.961368210628693,93.3641975308642,8,8,6,2,986,0.7608024691358025,310,1116,0.8611111111111112,0.9188640973630832,906,210,0.9188640973630832,0.6774193548387096,0.8611111111111112,172,1098,6.383720930232558,0.006172839506172839,0.006172839506172839,0.004629629629629629,0.0015432098765432098,0.4720977698128236,0.3230685895416383,0.0,1.0,0.40466945440063723,0.2709938820824659,0.0,1.0,0.5605087614496216,0.2690172481903939,0.0,1.0,0.2143817204301075,0.1820704688524183,0.0,0.9354838709677419,14,0.1566358024691358,8.907407407407407,23
852,1293,941,12.029137744285325,93.8646558391338,4,7,3,4,949,0.7322530864197531,347,1102,0.8503086419753086,0.9230769230769231,876,226,0.9230769230769231,0.6512968299711815,0.8503086419753086,174,1078,6.195402298850575,0.0030864197530864196,0.005401234567901234,0.0023148148148148147,0.0030864197530864196,0.4725694184567023,0.32354257736911635,0.0,1.0,0.4046603298156326,0.2711260174338273,0.0,1.0,0.5610358506099843,0.2690603887710419,0.0,1.0,0.2136816106578849,0.18150482582570768,0.0,0.9354838709677419,14,0.15699922660479504,8.911059551430782,23
853,1284,946,12.047615055164885,93.68380062305296,10,19,9,10,991,0.7664346481051817,302,1131,0.8747099767981439,0.9283551967709385,920,211,0.9283551967709385,0.6986754966887417,0.8747099767981439,174,1110,6.379310344827586,0.007733952049497293,0.014694508894044857,0.0069605568445475635,0.007733952049497293,0.4703798613204703,0.32286995060154494,0.0,1.0,0.4045322078183097,0.2705245160776829,0.0,1.0,0.5628077580142699,0.2682358280921782,0.0,1.0,0.2112099286503869,0.17862369315004195,0.0,0.9354838709677419,14,0.15809968847352024,8.91822429906542,24
854,1283,954,11.995613475819386,93.55962587685113,9,10,8,2,980,0.7632398753894081,304,1111,0.8652647975077882,0.9193877551020408,901,210,0.9193877551020408,0.6907894736842105,0.8652647975077882,172,1091,6.343023255813954,0.007009345794392523,0.00778816199376947,0.006230529595015576,0.001557632398753894,0.4698916350287884,0.32307187626972855,0.0,1.0,0.4048475096170769,0.2705259291898035,0.0,1.0,0.562089859955246,0.26824072252960224,0.0,1.0,0.21039398586981117,0.17814783578431578,0.0,0.9354838709677419,14,0.15744349181605613,8.927513639906469,24
855,1286,956,12.005369269594809,93.97356143079315,8,5,2,3,975,0.759937646141855,308,1143,0.8908807482462977,0.9353846153846154,912,231,0.9353846153846154,0.75,0.8908807482462977,175,1120,6.4,0.006235385814497272,0.003897116134060795,0.001558846453624318,0.002338269680436477,0.46897105302764264,0.32271059562104154,0.0,1.0,0.40548336928711187,0.27053296367994295,0.0,1.0,0.562810414889881,0.2679433847390712,0.0,1.0,0.21010384789043296,0.1777969813382349,0.0,0.9354838709677419,14,0.15707620528771385,8.919129082426128,24
856,1285,965,11.99005593029202,94.25214007782101,7,8,4,4,990,0.7698289269051322,296,1140,0.8864696734059098,0.9292929292929293,920,220,0.9292929292929293,0.7432432432432432,0.8864696734059098,173,1122,6.485549132947977,0.005443234836702955,0.006220839813374806,0.003110419906687403,0.003110419906687403,0.4673528304255052,0.3230360323179387,0.0,1.0,0.40499560687837327,0.2699914004735563,0.0,1.0,0.5632735032007029,0.2668022198592946,0.0,1.0,0.2089870716706414,0.17633295063919605,0.0,0.9354838709677419,14,0.15719844357976653,8.925291828793775,24
857,1282,968,12.01102976793412,94.61076443057722,4,7,5,2,997,0.775875486381323,288,1118,0.8700389105058366,0.9297893681043129,927,191,0.9297893681043129,0.6631944444444444,0.8700389105058366,181,1102,6.088397790055248,0.0031128404669260703,0.005447470817120622,0.0038910505836575876,0.0015564202334630351,0.4670373911730663,0.32212726487467674,0.0,1.0,0.4057420361330582,0.27056721515700666,0.0,1.0,0.5645412913290725,0.2672921518180485,0.0,1.0,0.20902319963766292,0.176537564450867,0.0,0.9354838709677419,14,0.15756630265210608,8.935257410296412,24
858,1276,967,12.07413265779004,94.90438871473354,5,11,6,5,946,0.7379095163806553,336,1080,0.8424336973478939,0.8985200845665962,850,230,0.8985200845665962,0.6845238095238095,0.8424336973478939,176,1055,5.994318181818182,0.0039001560062402497,0.00858034321372855,0.0046801872074883,0.0039001560062402497,0.46506219031246837,0.32153257076834385,0.0,1.0,0.40706845990494483,0.27058274173369984,0.0,1.0,0.5665891394478714,0.2667717327389922,0.0,1.0,0.20821114369501467,0.1761724624176883,0.0,0.9354838709677419,14,0.1590909090909091,8.933385579937305,24
859,1277,979,12.092385638390505,95.4283476898982,4,3,2,1,933,0.7311912225705329,343,1083,0.8487460815047022,0.8992497320471597,839,244,0.8992497320471597,0.7113702623906706,0.8487460815047022,174,1069,6.14367816091954,0.003134796238244514,0.0023510971786833857,0.001567398119122257,0.0007836990595611285,0.4643190946522848,0.32136440883305045,0.0,1.0,0.4070275595523783,0.2706463674554239,0.0,1.0,0.5668022330563063,0.2665986586935915,0.0,1.0,0.2079470533255867,0.17613403430953853,0.0,0.9354838709677419,14,0.15896632732967894,8.937353171495692,24
860,1282,975,12.102651650314009,95.56786271450858,9,4,2,2,956,0.7486296006264683,321,1131,0.8856695379796398,0.9131799163179917,873,258,0.9131799163179917,0.8037383177570093,0.8856695379796398,183,1110,6.065573770491803,0.007047768206734534,0.0031323414252153485,0.0015661707126076742,0.0015661707126076742,0.4640179155553319,0.3213319576692815,0.0,1.0,0.40760404609732775,0.2714510318005906,0.0,1.0,0.5683659604448694,0.2660529477519892,0.0,1.0,0.2072618388606512,0.1750956369366679,0.0,0.9354838709677419,14,0.15834633385335414,8.958658346333854,24
861,1280,984,12.13755471198904,96.06640625,5,7,3,4,959,0.7480499219968799,323,1118,0.8720748829953198,0.9249217935349322,887,231,0.9249217935349322,0.7151702786377709,0.8720748829953198,175,1102,6.297142857142857,0.0039001560062402497,0.00546021840873635,0.00234009360374415,0.0031201248049922,0.463835685483871,0.3213651880383839,0.0,1.0,0.4074596774193548,0.2713592092309441,0.0,1.0,0.5691532258064516,0.2660427982232792,0.0,1.0,0.20657762096774196,0.17472798389822786,0.0,0.9354838709677419,14,0.15859375,8.9625,24
862,1278,982,12.114792314226824,96.03129890453835,9,11,7,4,998,0.7796875,282,1122,0.8765625,0.9078156312625251,906,216,0.9078156312625251,0.7659574468085106,0.8765625,174,1094,6.287356321839081,0.00703125,0.00859375,0.00546875,0.003125,0.46271896612650815,0.3210150727775689,0.0,1.0,0.4078196779241759,0.2716278648477588,0.0,1.0,0.5715331415013377,0.26609407858079154,0.0,1.0,0.20551264576707556,0.17414146266100675,0.0,0.9354838709677419,14,0.15884194053208137,8.959311424100157,24
863,1275,989,12.149389570724392,96.4,3,6,6,0,966,0.755868544600939,312,1112,0.8701095461658842,0.9089026915113871,878,234,0.9089026915113871,0.75,0.8701095461658842,174,1093,6.281609195402299,0.002347417840375587,0.004694835680751174,0.004694835680751174,0.0,0.46284629981024666,0.32091077405112595,0.0,1.0,0.4075648323845667,0.2717552508801191,0.0,1.0,0.5716635041113219,0.2658996490796211,0.0,1.0,0.2058697027197976,0.1742356757877615,0.0,0.9354838709677419,14,0.15764705882352942,8.96156862745098,24
864,1267,990,12.179449167538888,96.29281767955801,6,14,11,3,958,0.7513725490196078,317,1116,0.8752941176470588,0.9112734864300627,873,243,0.9112734864300627,0.7665615141955836,0.8752941176470588,182,1099,6.038461538461538,0.004705882352941176,0.010980392156862745,0.008627450980392156,0.002352941176470588,0.46210250273697073,0.32108524587395304,0.0,1.0,0.4080250528299005,0.27213093659263415,0.0,1.0,0.5717340937444306,0.2655298540602041,0.0,1.0,0.2064312447488352,0.17503594004753065,0.0,0.9354838709677419,14,0.15706393054459353,8.970797158642462,24
865,1263,987,12.26086256605274,96.6571654790182,5,9,5,4,933,0.7363851617995264,334,1112,0.877663772691397,0.9260450160771704,864,248,0.9260450160771704,0.7425149700598802,0.877663772691397,187,1096,5.86096256684492,0.003946329913180742,0.007103393843725336,0.003946329913180742,0.0031570639305445935,0.46052665185298697,0.32096569436782907,0.0,1.0,0.4082445789594667,0.271832770120439,0.0,1.0,0.5730339948407529,0.2654016734855306,0.0,1.0,0.2067019130079432,0.17508031061279092,0.0,0.9354838709677419,14,0.1583531274742676,8.970704671417261,24
866,1259,994,12.197902073370198,95.96505162827641,11,15,12,3,954,0.7553444180522565,309,1091,0.8638163103721298,0.9224318658280922,880,211,0.9224318658280922,0.6828478964401294,0.8638163103721298,174,1072,6.160919540229885,0.00870942201108472,0.011876484560570071,0.009501187648456057,0.0023752969121140144,0.4574290911886033,0.3197990082852551,0.0,1.0,0.40879858566706806,0.27136418916797544,0.0,1.0,0.5752901688488047,0.2649050861510839,0.0,1.0,0.2058469343308822,0.17472547782024117,0.0,0.9354838709677419,14,0.15885623510722796,8.995234312946783,24
867,1257,1003,12.152963175118431,95.88862370723946,9,11,7,4,963,0.7648927720413026,296,1126,0.8943606036536934,0.9376947040498442,903,223,0.9376947040498442,0.7533783783783784,0.8943606036536934,173,1108,6.404624277456647,0.007148530579825258,0.008737092930897538,0.005559968228752979,0.003177124702144559,0.4572843688249031,0.31897560180703205,0.0,1.0,0.4080888957322863,0.2706739302961306,0.0,1.0,0.5747683937690867,0.2641694561598678,0.0,1.0,0.20517360843790897,0.17477622777220367,0.0,0.9354838709677419,14,0.1575178997613365,9.026252983293556,24
868,1254,1003,12.174471751036213,95.66108452950559,8,11,9,2,913,0.726332537788385,344,1083,0.8615751789976134,0.9200438116100766,840,243,0.9200438116100766,0.7063953488372093,0.8615751789976134,178,1061,5.96067415730337,0.006364359586316627,0.008750994431185362,0.007159904534606206,0.0015910898965791568,0.4569377990430622,0.31868933249924297,0.0,1.0,0.4094510469722694,0.27096247187516737,0.0,1.0,0.5744970931728147,0.2641590267356258,0.0,1.0,0.20458404074702888,0.17455425802446886,0.0,0.9354838709677419,14,0.15789473684210525,9.036682615629983,24
869,1254,1009,12.192988443746765,95.73444976076556,7,7,5,2,937,0.7472089314194578,317,1040,0.8293460925039873,0.8954108858057631,839,201,0.8954108858057631,0.6340694006309149,0.8293460925039873,168,1014,6.035714285714286,0.005582137161084529,0.005582137161084529,0.003987240829346092,0.001594896331738437,0.45722076452127386,0.31849303739696794,0.0,1.0,0.4096311159129495,0.271016456335836,0.0,1.0,0.5726706796316304,0.2644634288833491,0.0,1.0,0.2053557647785152,0.1748363062649122,0.0,0.9354838709677419,14,0.15789473684210525,9.037480063795853,24
870,1250,1012,12.23442509006646,96.0408,5,9,6,3,939,0.7488038277511961,315,1069,0.8524720893141946,0.8903088391906283,836,233,0.8903088391906283,0.7396825396825397,0.8524720893141946,174,1046,6.011494252873563,0.003987240829346092,0.007177033492822967,0.004784688995215311,0.0023923444976076554,0.45765161290322576,0.3182001872525122,0.0,1.0,0.4100129032258064,0.2708558368003616,0.0,1.0,0.5728,0.2642674947914137,0.0,1.0,0.2041548387096774,0.17387752264859926,0.0,0.9354838709677419,14,0.1576,9.0456,24
871,1246,1014,12.222231583650988,95.6139646869984,8,12,10,2,960,0.768,290,1067,0.8536,0.9072916666666667,871,196,0.9072916666666667,0.6758620689655173,0.8536,178,1047,5.882022471910112,0.0064,0.0096,0.008,0.0016,0.45622119815668205,0.3181970199756564,0.0,1.0,0.41008647025319733,0.2704330621884512,0.0,1.0,0.572179361052141,0.26437424001686277,0.0,1.0,0.20359343447418837,0.17380433823514702,0.0,0.9354838709677419,14,0.15890850722311398,9.0561797752809,24
872,1252,1023,12.136717716358174,95.42651757188499,11,5,5,0,961,0.7712680577849117,285,1083,0.8691813804173355,0.9115504682622269,876,207,0.9115504682622269,0.7263157894736842,0.8691813804173355,175,1067,6.097142857142857,0.00882825040128411,0.0040128410914927765,0.0040128410914927765,0.0,0.4562506441306812,0.3181130929459632,0.0,1.0,0.40897145212820774,0.2708268559396218,0.0,1.0,0.5710604967535814,0.2648222904241931,0.0,1.0,0.20382871276924663,0.17355186836491682,0.0,0.9354838709677419,14,0.1597444089456869,9.065495207667732,24
873,1252,1025,12.20174853381706,96.03274760383387,4,4,2,2,976,0.7795527156549521,276,1089,0.8698083067092651,0.9241803278688525,902,187,0.9241803278688525,0.677536231884058,0.8698083067092651,183,1074,5.868852459016393,0.003194888178913738,0.003194888178913738,0.001597444089456869,0.001597444089456869,0.4555292177677007,0.3179372417022385,0.0,1.0,0.4100535916726785,0.2708845899178324,0.0,1.0,0.5714985056168195,0.2654192939113822,0.0,1.0,0.20413789549623826,0.1733463867071895,0.0,0.9354838709677419,14,0.15894568690095848,9.057507987220447,24
874,1252,1030,12.202816170194673,95.99840255591054,10,10,5,5,936,0.7476038338658147,316,1058,0.8450479233226837,0.936965811965812,877,181,0.936965811965812,0.5727848101265823,0.8450479233226837,172,1035,6.017441860465116,0.007987220447284345,0.007987220447284345,0.003993610223642172,0.003993610223642172,0.4552973307224569,0.31692541945007824,0.0,1.0,0.41131608780789447,0.271404676483137,0.0,1.0,0.5741780892507472,0.26542295553369716,0.0,1.0,0.2042151911779862,0.1729360133631714,0.0,0.9354838709677419,14,0.1573482428115016,9.064696485623003,24
875,1248,1035,12.249459701136496,96.01442307692308,6,10,8,2,931,0.7436102236421726,321,1071,0.8554313099041534,0.9140708915145005,851,220,0.9140708915145005,0.6853582554517134,0.8554313099041534,168,1044,6.214285714285714,0.004792332268370607,0.007987220447284345,0.006389776357827476,0.001597444089456869,0.4562138130686518,0.3170964389074465,0.0,1.0,0.4119882133995037,0.27192156412568863,0.0,1.0,0.5743899917287014,0.26562895360492395,0.0,1.0,0.20450785773366417,0.17316201155088096,0.0,0.9354838709677419,14,0.15705128205128205,9.065705128205128,24
876,1243,1034,12.279782053647525,95.87208366854385,7,12,8,4,953,0.7636217948717948,295,1088,0.8717948717948718,0.9307450157397692,887,201,0.9307450157397692,0.6813559322033899,0.8717948717948718,175,1062,6.0685714285714285,0.005608974358974359,0.009615384615384616,0.00641025641025641,0.003205128205128205,0.45638803103833075,0.31673096776285115,0.0,1.0,0.41053123296914334,0.2719744680032595,0.0,1.0,0.5750655282485142,0.265534030811394,0.0,1.0,0.20405885864064569,0.1730003923557646,0.0,0.9354838709677419,14,0.1576830249396621,9.074014481094126,24
877,1243,1034,12.32061473382409,96.02574416733708,5,5,5,0,943,0.7586484312148029,300,1071,0.8616251005631537,0.9215270413573701,869,202,0.9215270413573701,0.6733333333333333,0.8616251005631537,177,1048,5.9209039548022595,0.004022526146419952,0.004022526146419952,0.004022526146419952,0.0,0.45618041678561233,0.3162790928045621,0.0,1.0,0.41081670256663116,0.271991274246707,0.0,1.0,0.5762852619832352,0.265561587140524,0.0,1.0,0.2032543534113617,0.17287072547238977,0.0,0.9354838709677419,14,0.1568785197103781,9.087691069991955,24
878,1239,1041,12.366516720745608,96.0726392251816,6,10,7,3,934,0.7514078841512469,309,1084,0.8720836685438456,0.9250535331905781,864,220,0.9250535331905781,0.7119741100323624,0.8720836685438456,170,1061,6.241176470588235,0.004827031375703942,0.008045052292839904,0.0056315366049879325,0.002413515687851971,0.45489338436303994,0.3167973156273792,0.0,1.0,0.4105548178812258,0.27220155003360813,0.0,1.0,0.5763232575698404,0.26557037274565815,0.0,1.0,0.20307740373349997,0.17201180700952337,0.0,0.9354838709677419,14,0.15738498789346247,9.092816787732042,24
879,1244,1040,12.406688326435344,96.33199356913184,9,4,2,2,898,0.7247780468119451,341,1066,0.8603712671509282,0.9153674832962138,822,244,0.9153674832962138,0.7155425219941349,0.8603712671509282,180,1045,5.805555555555555,0.007263922518159807,0.003228410008071025,0.0016142050040355124,0.0016142050040355124,0.4544653044290012,0.3162963658579048,0.0,1.0,0.4116533554610518,0.2725735600110803,0.0,1.0,0.5762369048853854,0.2652333301479613,0.0,1.0,0.20293538014728763,0.1722465378947656,0.0,0.9354838709677419,14,0.15594855305466238,9.104501607717042,24
880,1246,1044,12.411592987314405,96.29454253611557,10,8,4,4,911,0.7323151125401929,333,1108,0.8906752411575563,0.9418221734357849,858,250,0.9418221734357849,0.7507507507507507,0.8906752411575563,180,1092,6.066666666666666,0.008038585209003215,0.006430868167202572,0.003215434083601286,0.003215434083601286,0.4540982757727955,0.3157652679293498,0.0,1.0,0.4125977320975509,0.2725114142868745,0.0,1.0,0.5757261947910733,0.2652349809399294,0.0,1.0,0.20260964117433852,0.17111311299941018,0.0,0.9354838709677419,14,0.15248796147672553,9.130016051364366,24
881,1249,1047,12.354270340455212,96.14971977582066,11,8,6,2,959,0.7696629213483146,287,1088,0.8731942215088283,0.9228362877997914,885,203,0.9228362877997914,0.7073170731707317,0.8731942215088283,174,1065,6.120689655172414,0.00882825040128411,0.006420545746388443,0.004815409309791332,0.0016051364365971107,0.45422144166946465,0.31503987760831853,0.0,1.0,0.413517911103076,0.27248493658891054,0.0,1.0,0.5764611689351481,0.2651393841144578,0.0,1.0,0.20248456829980113,0.17137109624342267,0.0,0.9354838709677419,14,0.1521216973578863,9.128102481985588,24
882,1247,1051,12.393952936486857,96.39454691259022,7,9,5,4,951,0.7614091273018415,298,1074,0.8598879103282626,0.917981072555205,873,201,0.917981072555205,0.674496644295302,0.8598879103282626,174,1052,6.045977011494253,0.005604483586869495,0.007205764611689352,0.0040032025620496394,0.0032025620496397116,0.45383759733036705,0.31566964938496844,0.0,1.0,0.4130429159013892,0.27285501833840886,0.0,1.0,0.5762992472255994,0.2647070558568195,0.0,1.0,0.2021626096179217,0.17044920753565898,0.0,0.9354838709677419,14,0.15316760224538895,9.125100240577385,24
883,1246,1061,12.397298594154273,96.62921348314607,5,6,5,1,955,0.7658380112269446,292,1064,0.8532477947072975,0.9057591623036649,865,199,0.9057591623036649,0.6815068493150684,0.8532477947072975,175,1049,5.994285714285715,0.00400962309542903,0.0048115477145148355,0.00400962309542903,0.0008019246190858059,0.4550561797752809,0.3163547741867765,0.0,1.0,0.41311551804484026,0.27240728651885826,0.0,1.0,0.576528763009372,0.26520614221384886,0.0,1.0,0.20224719101123595,0.17078508392586006,0.0,0.9354838709677419,14,0.15248796147672553,9.12841091492777,24
884,1244,1062,12.416240993734263,96.46864951768488,9,11,8,3,964,0.7736757624398074,282,1095,0.8788121990369181,0.9190871369294605,886,209,0.9190871369294605,0.7411347517730497,0.8788121990369181,176,1072,6.090909090909091,0.0072231139646869984,0.00882825040128411,0.006420545746388443,0.002407704654895666,0.45306503474743287,0.3162926710321832,0.0,1.0,0.41455761850430456,0.2723976525148942,0.0,1.0,0.576677730525879,0.2653963513066318,0.0,1.0,0.20337620578778134,0.17163568231532297,0.0,0.9354838709677419,14,0.15112540192926044,9.133440514469454,24
885,1244,1061,12.453401195577461,96.64228295819936,7,7,5,2,936,0.752411575562701,308,1090,0.8762057877813505,0.9113247863247863,853,237,0.9113247863247863,0.7694805194805194,0.8762057877813505,178,1067,5.99438202247191,0.005627009646302251,0.005627009646302251,0.0040192926045016075,0.001607717041800643,0.4540504097085365,0.31608555145799405,0.0,1.0,0.41463541126439163,0.2723729084177814,0.0,1.0,0.5775593818068665,0.2650579991474765,0.0,1.0,0.20347992946789753,0.17206292918593635,0.0,0.9354838709677419,14,0.15112540192926044,9.139067524115756,24
886,1249,1063,12.471503859429914,96.78943154523618,9,4,3,1,913,0.7339228295819936,331,1058,0.8504823151125402,0.9178532311062432,838,220,0.9178532311062432,0.6646525679758308,0.8504823151125402,175,1035,5.914285714285715,0.007234726688102894,0.003215434083601286,0.002411575562700965,0.0008038585209003215,0.4530333944575015,0.31604286609112736,0.0,1.0,0.4140344533691469,0.27233953873332467,0.0,1.0,0.5782432397530928,0.2641368209738595,0.0,1.0,0.20351765283194298,0.1718870007215473,0.0,0.9354838709677419,14,0.1521216973578863,9.140912730184148,24
887,1256,1072,12.374681802307514,96.40286624203821,12,5,5,0,946,0.7574059247397918,303,1078,0.8630904723779024,0.912262156448203,863,215,0.912262156448203,0.7095709570957096,0.8630904723779024,174,1061,6.097701149425287,0.009607686148919135,0.0040032025620496394,0.0040032025620496394,0.0,0.45312821039654816,0.31564905889198486,0.0,1.0,0.4156050955414013,0.2734295861105126,0.0,1.0,0.5774604479145263,0.26502041344625415,0.0,1.0,0.20351345798232998,0.17209096235068025,0.0,0.9354838709677419,14,0.1520700636942675,9.139331210191083,24
888,1249,1076,12.457859301191238,96.57165732586068,4,11,7,4,932,0.7420382165605095,324,1101,0.8765923566878981,0.9173819742489271,855,246,0.9173819742489271,0.7592592592592593,0.8765923566878981,169,1074,6.355029585798817,0.0031847133757961785,0.00875796178343949,0.005573248407643312,0.0031847133757961785,0.4519744828120561,0.31604716957334644,0.0,1.0,0.41548077171414555,0.2731032015249476,0.0,1.0,0.5775200805805936,0.2646554923090279,0.0,1.0,0.20385340530488907,0.17191808998040162,0.0,0.9354838709677419,14,0.15292233787029624,9.127301841473178,24
889,1253,1086,12.4217623091655,96.66241021548284,9,5,3,2,926,0.7413931144915933,323,1084,0.8678943154523618,0.9125269978401728,845,239,0.9125269978401728,0.739938080495356,0.8678943154523618,167,1061,6.3532934131736525,0.007205764611689352,0.0040032025620496394,0.0024019215372297837,0.0016012810248198558,0.450711839971166,0.31612627697111845,0.0,1.0,0.41490101176531163,0.273383460602616,0.0,1.0,0.5776845248822182,0.2644607491794921,0.0,1.0,0.20284221095178023,0.17057437437322542,0.0,0.9354838709677419,14,0.15403032721468476,9.142059058260175,24
890,1251,1089,12.381749242270256,96.37090327737809,9,11,9,2,986,0.7869114126097366,267,1080,0.8619313647246608,0.9036511156186613,891,189,0.9036511156186613,0.7078651685393258,0.8619313647246608,179,1062,5.932960893854749,0.007182761372705506,0.008778930566640064,0.007182761372705506,0.0015961691939345571,0.4497305381501251,0.31490935201124254,0.0,1.0,0.4142234599417241,0.2732341458071276,0.0,1.0,0.5812898068641861,0.2644489207522256,0.0,1.0,0.20241871019313581,0.17082371092709692,0.0,0.9354838709677419,14,0.1550759392486011,9.144684252597921,24
891,1251,1097,12.443079995420467,97.14708233413269,6,6,0,6,958,0.7657873701039168,293,1075,0.8593125499600319,0.907098121085595,869,206,0.907098121085595,0.7030716723549488,0.8593125499600319,175,1058,6.045714285714285,0.004796163069544364,0.004796163069544364,0.0,0.004796163069544364,0.4491632500451252,0.3145380769888803,0.0,1.0,0.4147133905778603,0.2730434407658406,0.0,1.0,0.5817281658544132,0.26433894927716306,0.0,1.0,0.2024702818390449,0.17067000613768368,0.0,0.9354838709677419,14,0.1550759392486011,9.16466826538769,24
892,1253,1099,12.459331915853815,97.09337589784518,9,7,5,2,946,0.7561950439648282,305,1084,0.8665067945643485,0.9164904862579282,867,217,0.9164904862579282,0.7114754098360656,0.8665067945643485,179,1065,5.949720670391062,0.007194244604316547,0.005595523581135092,0.003996802557953637,0.0015987210231814548,0.44983652138094377,0.3159175930191498,0.0,1.0,0.4155446283757691,0.2728686904024343,0.0,1.0,0.5823185644775121,0.2647858522569562,0.0,1.0,0.20294518960945343,0.1706028108790807,0.0,0.9354838709677419,14,0.1556264964086193,9.174780526735834,24
893,1258,1100,12.449199872734019,97.36486486486487,9,4,2,2,951,0.7589784517158819,302,1113,0.888268156424581,0.9316508937960042,886,227,0.9316508937960042,0.7516556291390728,0.888268156424581,180,1094,6.0777777777777775,0.007182761372705506,0.0031923383878691143,0.0015961691939345571,0.0015961691939345571,0.4491255961844197,0.31626924993903255,0.0,1.0,0.4152520642084209,0.2725886946715536,0.0,1.0,0.5808503000153854,0.26515957759211595,0.0,1.0,0.20306169547156264,0.17005176152498602,0.0,0.9354838709677419,14,0.15659777424483307,9.166931637519873,24
894,1258,1108,12.419160000082373,97.50794912559618,8,8,5,3,973,0.7734499205087441,285,1115,0.8863275039745628,0.9280575539568345,903,212,0.9280575539568345,0.743859649122807,0.8863275039745628,172,1095,6.366279069767442,0.006359300476947536,0.006359300476947536,0.00397456279809221,0.0023847376788553257,0.4482281142622699,0.31565223466260445,0.0,1.0,0.41627775783373505,0.27366518911641813,0.0,1.0,0.5802605261808298,0.2651079007524457,0.0,1.0,0.20298476844966407,0.17077199759649916,0.0,0.9354838709677419,14,0.1573926868044515,9.171701112877583,24
895,1254,1115,12.428423752739938,97.27990430622009,7,11,9,2,935,0.7432432432432432,323,1066,0.8473767885532592,0.895187165775401,837,229,0.895187165775401,0.7089783281733746,0.8473767885532592,163,1036,6.355828220858895,0.005564387917329093,0.008744038155802861,0.007154213036565978,0.001589825119236884,0.4473684210526316,0.31541310308294646,0.0,1.0,0.41642228739002934,0.2740454226511404,0.0,1.0,0.5805937130215568,0.26452402937663344,0.0,1.0,0.2030405926840562,0.17058766682079618,0.0,0.9354838709677419,14,0.15709728867623604,9.18421052631579,24
896,1252,1118,12.414803973913594,97.23642172523962,10,12,7,5,968,0.7719298245614035,286,1099,0.8763955342902712,0.9256198347107438,896,203,0.9256198347107438,0.7097902097902098,0.8763955342902712,175,1077,6.154285714285714,0.007974481658692184,0.009569377990430622,0.005582137161084529,0.003987240829346092,0.4495001545913635,0.31607190899687615,0.0,1.0,0.41631454189425954,0.2735499940678332,0.0,1.0,0.5791507781098629,0.26478751932735234,0.0,1.0,0.20398330413274243,0.17162594230035524,0.0,0.9354838709677419,14,0.1573482428115016,9.184504792332268,24
897,1251,1122,12.42307224093161,97.49560351718625,7,8,4,4,986,0.7875399361022364,266,1093,0.8730031948881789,0.9239350912778904,911,182,0.9239350912778904,0.6842105263157895,0.8730031948881789,179,1076,6.011173184357542,0.005591054313099041,0.006389776357827476,0.003194888178913738,0.003194888178913738,0.44857017611717076,0.31648250786333276,0.0,1.0,0.41656996983058714,0.2732239955912796,0.0,1.0,0.5788401536835048,0.26487569614085227,0.0,1.0,0.20368221551790827,0.17170312302865265,0.0,0.9354838709677419,14,0.1574740207833733,9.188649080735411,24
898,1250,1126,12.45205057528669,97.5368,8,9,5,4,964,0.7705835331734612,287,1105,0.8832933653077538,0.9201244813278008,887,218,0.9201244813278008,0.759581881533101,0.8832933653077538,172,1081,6.284883720930233,0.006394884092725819,0.007194244604316547,0.003996802557953637,0.0031974420463629096,0.4464,0.3168488931042594,0.0,1.0,0.41698064516129035,0.27303852178924,0.0,1.0,0.5787354838709677,0.2651002507249725,0.0,1.0,0.20369032258064518,0.17166974755863956,0.0,0.9354838709677419,14,0.16,9.1704,24
899,1259,1126,12.461482989869921,97.65766481334393,10,1,1,0,884,0.7072,366,1103,0.8824,0.9355203619909502,827,276,0.9355203619909502,0.7540983606557377,0.8824,185,1088,5.881081081081081,0.008,0.0008,0.0008,0.0,0.44669348433216327,0.3163359791102495,0.0,1.0,0.4170488611032822,0.2732284884608329,0.0,1.0,0.5781598298700966,0.26509724481125796,0.0,1.0,0.20356657869789133,0.17193251400286855,0.0,0.9354838709677419,14,0.15885623510722796,9.169976171564734,24
900,1257,1131,12.42034855513933,97.47414478918058,8,10,7,3,1011,0.8030182684670373,248,1093,0.8681493248610008,0.923837784371909,934,159,0.923837784371909,0.6411290322580645,0.8681493248610008,176,1074,6.1022727272727275,0.006354249404289118,0.007942811755361398,0.005559968228752979,0.0023828435266084196,0.4468909590166038,0.31565310943427666,0.0,1.0,0.4160186824749147,0.2729988438511879,0.0,1.0,0.5770523776528858,0.26530631151974016,0.0,1.0,0.20360818128159724,0.17139964596004087,0.0,0.9354838709677419,14,0.1583134447096261,9.181384248210025,24
901,1255,1136,12.436340251698914,97.54183266932272,7,9,7,2,938,0.7462211614956245,319,1070,0.8512330946698489,0.9019189765458422,846,224,0.9019189765458422,0.7021943573667712,0.8512330946698489,170,1045,6.147058823529412,0.005568814638027049,0.007159904534606206,0.005568814638027049,0.0015910898965791568,0.4448271430407403,0.31556234316234244,0.0,1.0,0.4146253694897828,0.2726732318960847,0.0,1.0,0.576918133915949,0.2650985951357089,0.0,1.0,0.204266803752731,0.17103924378424204,0.0,0.9354838709677419,14,0.15856573705179283,9.189641434262947,24
902,1254,1135,12.503412557973416,98.02950558213716,3,4,4,0,944,0.7521912350597609,311,1099,0.8756972111553785,0.9290254237288136,877,222,0.9290254237288136,0.7138263665594855,0.8756972111553785,181,1079,5.961325966850829,0.002390438247011952,0.0031872509960159364,0.0031872509960159364,0.0,0.4451046972269383,0.3153613584003954,0.0,1.0,0.41397849462365593,0.2728809979517641,0.0,1.0,0.5771466790142512,0.2649303560218262,0.0,1.0,0.20414673046251994,0.17097205663992776,0.0,0.9354838709677419,14,0.1594896331738437,9.195374800637959,24
903,1254,1139,12.508284610427715,98.08851674641149,8,8,5,3,962,0.7671451355661882,292,1100,0.8771929824561403,0.9178794178794178,883,217,0.9178794178794178,0.7431506849315068,0.8771929824561403,179,1083,6.050279329608938,0.006379585326953748,0.006379585326953748,0.003987240829346092,0.0023923444976076554,0.4451046972269383,0.3157505508545627,0.0,1.0,0.41467304625199364,0.2731263187402607,0.0,1.0,0.5762206101764676,0.2653671829259474,0.0,1.0,0.2045325924782631,0.17118781362524052,0.0,0.9354838709677419,14,0.16028708133971292,9.187400318979266,23
904,1262,1143,12.4200447714057,97.65213946117274,13,5,5,0,979,0.7807017543859649,275,1117,0.8907496012759171,0.940755873340143,921,196,0.940755873340143,0.7127272727272728,0.8907496012759171,176,1097,6.232954545454546,0.01036682615629984,0.003987240829346092,0.003987240829346092,0.0,0.4460150299064465,0.31657280000748506,0.0,1.0,0.41388477071724356,0.2727072966332793,0.0,1.0,0.5750728490363478,0.26571270773323125,0.0,1.0,0.20397730177393794,0.17109433106827862,0.0,0.9354838709677419,14,0.15927099841521394,9.19809825673534,23
905,1259,1146,12.457491888408866,97.77521842732327,5,8,7,1,903,0.7155309033280507,359,1071,0.8486529318541997,0.8970099667774086,810,261,0.8970099667774086,0.7270194986072424,0.8486529318541997,178,1052,5.910112359550562,0.003961965134706815,0.006339144215530904,0.005546751188589541,0.000792393026941363,0.44461810448640754,0.3162354801959207,0.0,1.0,0.4140767121883728,0.2730359212496167,0.0,1.0,0.5769812190934945,0.26556019144315696,0.0,1.0,0.20297727330959028,0.1707334189183598,0.0,0.9354838709677419,14,0.16123907863383638,9.202541699761715,23
906,1259,1158,12.415512276499573,97.76648133439238,7,7,7,0,928,0.7370929308975377,331,1108,0.8800635424940428,0.9234913793103449,857,251,0.9234913793103449,0.7583081570996979,0.8800635424940428,177,1097,6.19774011299435,0.005559968228752979,0.005559968228752979,0.005559968228752979,0.0,0.4435932255502319,0.3160856615667699,0.0,1.0,0.4138461144277332,0.2729904960922034,0.0,1.0,0.5780060980296703,0.2652858765312809,0.0,1.0,0.20259294370852443,0.17091628579403295,0.0,0.9354838709677419,14,0.16282764098490865,9.219221604447975,23
907,1256,1167,12.473761259533758,98.2157643312102,3,6,5,1,934,0.7418586179507546,325,1108,0.8800635424940428,0.9250535331905781,864,244,0.9250535331905781,0.7507692307692307,0.8800635424940428,181,1098,6.066298342541437,0.0023828435266084196,0.004765687053216839,0.003971405877680699,0.0007942811755361397,0.4434199712348469,0.31584552552008205,0.0,1.0,0.4133963427162523,0.2727623523053172,0.0,1.0,0.5792582699815081,0.26506717688850645,0.0,1.0,0.2020238339839737,0.1698599124062918,0.0,0.9354838709677419,14,0.16321656050955413,9.230891719745223,23
908,1254,1174,12.515939960348994,98.71212121212122,3,5,4,1,954,0.7595541401273885,302,1073,0.8542993630573248,0.9255765199161425,883,190,0.9255765199161425,0.6291390728476821,0.8542993630573248,172,1052,6.116279069767442,0.0023885350318471337,0.003980891719745223,0.0031847133757961785,0.0007961783439490446,0.4424036631167361,0.31531114879481337,0.0,1.0,0.4147502186551423,0.2728251643394618,0.0,1.0,0.5800277820651335,0.2645389984772229,0.0,1.0,0.20157431702423215,0.17010529626368207,0.0,0.9354838709677419,14,0.1634768740031898,9.236044657097288,23
909,1258,1179,12.518649622294097,99.01351351351352,8,4,2,2,947,0.75518341307815,307,1075,0.8572567783094099,0.9123548046462513,864,211,0.9123548046462513,0.6872964169381107,0.8572567783094099,171,1051,6.146198830409356,0.006379585326953748,0.003189792663476874,0.001594896331738437,0.001594896331738437,0.4428688650700036,0.3151072433040948,0.0,1.0,0.414021231858044,0.2723002011352352,0.0,1.0,0.5812092927842453,0.2639302332350329,0.0,1.0,0.20113851992409867,0.16965916683066024,0.0,0.9354838709677419,14,0.16295707472178061,9.253577106518282,23
910,1252,1191,12.517928339150314,98.90015974440895,4,10,9,1,959,0.7623211446740858,299,1101,0.8751987281399046,0.9197080291970803,882,219,0.9197080291970803,0.7324414715719063,0.8751987281399046,174,1087,6.247126436781609,0.003179650238473768,0.00794912559618442,0.007154213036565978,0.000794912559618442,0.4429300216427908,0.3151998687337211,0.0,1.0,0.415000515304545,0.2720835751121727,0.0,1.0,0.5812892919715552,0.2641042257854077,0.0,1.0,0.20091724209007522,0.16957656341307084,0.0,0.9354838709677419,14,0.16134185303514376,9.265974440894569,23
911,1247,1195,12.55397651798885,98.83801122694467,6,11,9,2,963,0.7691693290734825,289,1085,0.8666134185303515,0.9262720664589823,892,193,0.9262720664589823,0.6678200692041523,0.8666134185303515,173,1062,6.138728323699422,0.004792332268370607,0.00878594249201278,0.00718849840255591,0.001597444089456869,0.44100680342499415,0.3144580971977723,0.0,1.0,0.4150089246449543,0.27265173453641595,0.0,1.0,0.581240137620612,0.2641188050377465,0.0,1.0,0.20182631864862768,0.17097665638866064,0.0,0.967741935483871,14,0.16279069767441862,9.278267842822775,23
912,1235,1187,12.632444410182536,98.31255060728745,5,17,15,2,954,0.7650360866078588,293,1108,0.888532477947073,0.9308176100628931,888,220,0.9308176100628931,0.7508532423208191,0.888532477947073,192,1092,5.6875,0.00400962309542903,0.0136327185244587,0.012028869286287089,0.0016038492381716118,0.4413216664490009,0.31411686459268984,0.0,1.0,0.4146010186757215,0.271783660212016,0.0,1.0,0.5808018806321014,0.26351494280351917,0.0,1.0,0.20114927517304426,0.17052184687157973,0.0,0.967741935483871,14,0.16113360323886639,9.304453441295546,23
913,1240,1188,12.600137002023775,97.98145161290323,12,7,5,2,950,0.7692307692307693,285,1081,0.8753036437246964,0.9284210526315789,882,199,0.9284210526315789,0.6982456140350877,0.8753036437246964,178,1060,5.955056179775281,0.009716599190283401,0.005668016194331984,0.004048582995951417,0.0016194331983805667,0.43829344432882417,0.3136519164814496,0.0,1.0,0.4139177939646202,0.27189119283346685,0.0,1.0,0.5801768990634755,0.26328253936972745,0.0,1.0,0.20072840790842872,0.17046873100294038,0.0,0.967741935483871,14,0.1629032258064516,9.326612903225806,23
914,1242,1197,12.52939667912339,97.512077294686,12,10,7,3,940,0.7580645161290323,300,1089,0.8782258064516129,0.9414893617021277,885,204,0.9414893617021277,0.68,0.8782258064516129,171,1069,6.251461988304094,0.00967741935483871,0.008064516129032258,0.00564516129032258,0.0024193548387096775,0.43727598566308246,0.3133565980697261,0.0,1.0,0.41475767492597787,0.271706115202098,0.0,1.0,0.5805932159368344,0.26247784084760084,0.0,1.0,0.20069087320139212,0.1713014599136643,0.0,0.967741935483871,14,0.16264090177133655,9.333333333333334,23
915,1241,1204,12.565929714423959,97.78646253021756,6,7,4,3,947,0.7624798711755234,295,1071,0.8623188405797102,0.9049630411826821,857,214,0.9049630411826821,0.7254237288135593,0.8623188405797102,177,1055,5.96045197740113,0.004830917874396135,0.005636070853462158,0.00322061191626409,0.0024154589371980675,0.4356268357983936,0.313551771628465,0.0,1.0,0.413584258272465,0.27136868579376977,0.0,1.0,0.5815289438798056,0.2621730289283761,0.0,1.0,0.2000987757011775,0.17026283894023378,0.0,0.967741935483871,14,0.1643835616438356,9.343271555197422,23
916,1238,1204,12.636532177999593,97.97415185783522,5,8,6,2,951,0.7663174858984689,290,1078,0.8686543110394843,0.9242902208201893,879,199,0.9242902208201893,0.6862068965517242,0.8686543110394843,177,1055,5.96045197740113,0.0040290088638195,0.0064464141821112,0.004834810636583401,0.0016116035455278,0.43650007816978476,0.3140037950709865,0.0,1.0,0.4129970295481787,0.2714181304848977,0.0,1.0,0.5809317838344885,0.2625190455579944,0.0,1.0,0.200505497941529,0.17051975834688735,0.0,0.967741935483871,14,0.16397415185783523,9.349757673667206,23
917,1243,1214,12.567688752848975,97.6781979082864,11,6,5,1,939,0.7584814216478191,299,1076,0.8691437802907916,0.9297124600638977,873,203,0.9297124600638977,0.6789297658862876,0.8691437802907916,172,1058,6.151162790697675,0.008885298869143781,0.004846526655896607,0.004038772213247173,0.0008077544426494346,0.4361975449614616,0.3132779265664954,0.0,1.0,0.41520255365530845,0.2717995862822621,0.0,1.0,0.5821763164041212,0.26244912646659124,0.0,1.0,0.20102250019463835,0.17085361667482202,0.0,0.967741935483871,14,0.16170555108608206,9.345132743362832,23
918,1242,1212,12.524128317265186,96.95169082125604,11,12,10,2,925,0.7441673370876911,318,1093,0.8793242156074015,0.9275675675675675,858,235,0.9275675675675675,0.7389937106918238,0.8793242156074015,181,1072,5.922651933701657,0.008849557522123894,0.009654062751407884,0.008045052292839904,0.0016090104585679806,0.438288920056101,0.3134828284878323,0.0,1.0,0.41519921043062696,0.27215842827330095,0.0,1.0,0.5804893252298582,0.2634209363214016,0.0,1.0,0.2004311464339515,0.17049831057980538,0.0,0.967741935483871,14,0.16022544283413848,9.35024154589372,23
919,1241,1220,12.55638832734407,97.22159548751007,8,9,4,5,922,0.7423510466988728,320,1077,0.8671497584541062,0.9197396963123644,848,229,0.9197396963123644,0.715625,0.8671497584541062,175,1060,6.057142857142857,0.00644122383252818,0.007246376811594203,0.00322061191626409,0.004025764895330112,0.4383561643835616,0.31315063128342346,0.0,1.0,0.4171453822359699,0.2729167791414273,0.0,1.0,0.5816849055132437,0.2634295689262953,0.0,1.0,0.2012684879519638,0.17081129437247033,0.0,0.967741935483871,14,0.16116035455278002,9.332796132151492,23
920,1237,1219,12.546630933723153,96.70978172999192,10,14,10,4,965,0.7775987107171636,276,1083,0.8726833199033038,0.933678756476684,901,182,0.933678756476684,0.6594202898550725,0.8726833199033038,178,1060,5.955056179775281,0.008058017727639,0.011281224818694601,0.008058017727639,0.0032232070910556,0.43654001616814875,0.3131727500483906,0.0,1.0,0.4159386653453986,0.2726180376821357,0.0,1.0,0.5806451612903226,0.2626429082823578,0.0,1.0,0.20045896680313974,0.17086659856974215,0.0,0.967741935483871,14,0.16410670978173,9.35408245755861,24
921,1237,1235,12.529132907947218,96.87873888439773,7,7,5,2,912,0.7372675828617623,325,1046,0.8455941794664511,0.8859649122807017,808,238,0.8859649122807017,0.7323076923076923,0.8455941794664511,166,1028,6.192771084337349,0.005658852061438965,0.005658852061438965,0.004042037186742118,0.0016168148746968471,0.4360966959605706,0.3132679305293537,0.0,1.0,0.4160429759824758,0.27221480120269537,0.0,1.0,0.5798889091715128,0.26259857683113796,0.0,1.0,0.20064151041802486,0.1713237514773775,0.0,0.967741935483871,14,0.16329830234438156,9.3589329021827,24
922,1232,1233,12.649686439275404,97.4853896103896,2,7,4,3,934,0.7550525464834277,303,1073,0.8674211802748585,0.911134903640257,851,222,0.911134903640257,0.7326732673267327,0.8674211802748585,185,1056,5.708108108108108,0.0016168148746968471,0.005658852061438965,0.0032336297493936943,0.002425222312045271,0.4352482195224131,0.3133578058095481,0.0,1.0,0.41657938835358194,0.27260388375699596,0.0,1.0,0.5797811059907834,0.26274189252208796,0.0,1.0,0.20043464599916214,0.17136245039374745,0.0,0.967741935483871,14,0.16396103896103897,9.362012987012987,24
923,1229,1236,12.707175629268354,98.0073230268511,3,6,4,2,989,0.8027597402597403,243,1083,0.8790584415584416,0.9352881698685541,925,158,0.9352881698685541,0.6502057613168725,0.8790584415584416,179,1065,5.949720670391062,0.002435064935064935,0.00487012987012987,0.003246753246753247,0.0016233766233766235,0.43612693246541906,0.31337660853670163,0.0,1.0,0.4172287986561327,0.27257752187799794,0.0,1.0,0.5786241108690516,0.2631976168866979,0.0,1.0,0.20037271319457203,0.1704727468853679,0.0,0.967741935483871,14,0.16273393002441008,9.35720097640358,24
924,1224,1241,12.731520007603338,97.88153594771242,6,11,8,3,915,0.7445077298616761,314,1052,0.8559804719283971,0.940983606557377,861,191,0.940983606557377,0.60828025477707,0.8559804719283971,168,1025,6.101190476190476,0.004882017900732303,0.008950366151342554,0.006509357200976403,0.0024410089503661514,0.43548387096774194,0.3129953719269025,0.0,1.0,0.4171410499683744,0.27318126706936074,0.0,1.0,0.5796436854311617,0.26303525724776394,0.0,1.0,0.20034788108791904,0.17072256169441508,0.0,0.967741935483871,14,0.16339869281045752,9.366830065359476,24
925,1224,1243,12.730598903962164,97.72957516339869,7,7,7,0,935,0.7638888888888888,289,1087,0.8880718954248366,0.9379679144385027,877,210,0.9379679144385027,0.726643598615917,0.8880718954248366,172,1061,6.1686046511627906,0.005718954248366013,0.005718954248366013,0.005718954248366013,0.0,0.43619544592030357,0.3127663208030284,0.0,1.0,0.41693021294539323,0.2726779761146004,0.0,1.0,0.5790902382458359,0.2634346577348679,0.0,1.0,0.2000316255534472,0.17023120646149908,0.0,0.967741935483871,14,0.16176470588235295,9.379084967320262,24
926,1223,1247,12.695572300278382,97.08340147179068,11,12,10,2,951,0.7769607843137255,273,1066,0.8709150326797386,0.9221871713985279,877,189,0.9221871713985279,0.6923076923076923,0.8709150326797386,181,1051,5.806629834254144,0.008986928104575163,0.00980392156862745,0.008169934640522876,0.0016339869281045752,0.4347585260992272,0.3130786484245792,0.0,1.0,0.4165062115896922,0.27297554181692113,0.0,1.0,0.580012133041437,0.263295843059505,0.0,1.0,0.19940389839896605,0.16994855534554584,0.0,0.967741935483871,14,0.16271463614063778,9.404742436631235,24
927,1224,1248,12.663540698430465,96.3374183006536,14,13,9,4,925,0.7563368765331153,298,1079,0.8822567457072772,0.9405405405405406,870,209,0.9405405405405406,0.7013422818791947,0.8822567457072772,172,1052,6.116279069767442,0.011447260834014717,0.01062959934587081,0.007358953393295176,0.003270645952575634,0.43218954248366015,0.3118787097963527,0.0,1.0,0.4167720851781573,0.2725798554488235,0.0,1.0,0.5806978705460679,0.26266197306924044,0.0,1.0,0.19916192283364959,0.1702895648385502,0.0,0.967741935483871,14,0.16258169934640523,9.42156862745098,23
928,1221,1250,12.725607150869855,96.44226044226045,5,8,6,2,903,0.7377450980392157,321,1090,0.8905228758169934,0.937984496124031,847,243,0.937984496124031,0.7570093457943925,0.8905228758169934,175,1067,6.097142857142857,0.004084967320261438,0.006535947712418301,0.004901960784313725,0.0016339869281045752,0.4319040448072706,0.3119434697441961,0.0,1.0,0.4169506750151912,0.273036374260203,0.0,1.0,0.5809886132466777,0.2631316446445946,0.0,1.0,0.19803968191064966,0.16956736471170147,0.0,0.967741935483871,14,0.16216216216216217,9.427518427518427,23
929,1215,1261,12.795178839241023,96.6962962962963,3,9,7,2,919,0.7526617526617526,302,1037,0.8493038493038493,0.9107725788900979,837,200,0.9107725788900979,0.6622516556291391,0.8493038493038493,170,1018,5.988235294117647,0.002457002457002457,0.007371007371007371,0.005733005733005733,0.001638001638001638,0.43138191955396255,0.3118212329898973,0.0,1.0,0.4174432497013142,0.272774901710851,0.0,1.0,0.5801938138855701,0.26338723296189726,0.0,1.0,0.19790256206026816,0.16941911728132117,0.0,0.967741935483871,14,0.16213991769547326,9.440329218106996,23
930,1219,1262,12.79376585195332,96.43970467596391,10,6,5,1,895,0.7366255144032922,320,1067,0.8781893004115227,0.924022346368715,827,240,0.924022346368715,0.75,0.8781893004115227,186,1054,5.666666666666667,0.00823045267489712,0.0049382716049382715,0.00411522633744856,0.0008230452674897119,0.4321892614252825,0.3122892398449401,0.0,1.0,0.41689380507555107,0.27253093664342654,0.0,1.0,0.5789515467464077,0.263129786102037,0.0,1.0,0.1975442589113234,0.16934376892364827,0.0,0.967741935483871,14,0.1616078753076292,9.451189499589828,23
931,1223,1262,12.806014493491388,96.43090760425184,10,6,4,2,906,0.7432321575061526,313,1060,0.8695652173913043,0.9249448123620309,838,222,0.9249448123620309,0.7092651757188498,0.8695652173913043,176,1036,5.886363636363637,0.008203445447087777,0.004922067268252666,0.003281378178835111,0.0016406890894175555,0.43296494606071795,0.3123919024565471,0.0,1.0,0.4167435971830243,0.2726800895556471,0.0,1.0,0.5777174056392266,0.26318820606565135,0.0,1.0,0.19774219924564135,0.16922263291403933,0.0,0.967741935483871,14,0.16189697465249386,9.456255110384301,23
932,1224,1268,12.78899123533509,96.1781045751634,9,8,7,1,935,0.7645134914145544,288,1054,0.8618152085036794,0.9240641711229947,864,190,0.9240641711229947,0.6597222222222222,0.8618152085036794,173,1033,5.971098265895954,0.007358953393295176,0.006541291905151268,0.005723630417007359,0.0008176614881439084,0.4332173729706936,0.3126501700167588,0.0,1.0,0.41627134724857684,0.27250134545771204,0.0,1.0,0.5765601939700612,0.26280980668090426,0.0,1.0,0.1972380349989458,0.1690369971237425,0.0,0.967741935483871,14,0.16258169934640523,9.468137254901961,23
933,1226,1272,12.841847188230057,96.55301794453507,5,3,1,2,967,0.7900326797385621,257,1057,0.863562091503268,0.9152016546018614,885,172,0.9152016546018614,0.669260700389105,0.863562091503268,178,1039,5.837078651685394,0.004084967320261438,0.0024509803921568627,0.0008169934640522876,0.0016339869281045752,0.43219491659211706,0.3116085856115654,0.0,1.0,0.4168289217491975,0.2724078021208622,0.0,1.0,0.5769615323896227,0.2626868778288961,0.0,1.0,0.1970741461874441,0.16877682311415645,0.0,0.967741935483871,14,0.16231647634584012,9.469004893964112,23
934,1231,1276,12.835713902657762,96.3931762794476,11,6,5,1,872,0.7112561174551386,354,1049,0.8556280587275693,0.9197247706422018,802,247,0.9197247706422018,0.6977401129943502,0.8556280587275693,168,1021,6.0773809523809526,0.00897226753670473,0.004893964110929853,0.004078303425774877,0.0008156606851549756,0.4324310159587013,0.31179625687960255,0.0,1.0,0.41589580985823227,0.27216689774101754,0.0,1.0,0.5767930609784858,0.26284751223846553,0.0,1.0,0.1979769922171851,0.16981432371633146,0.0,0.967741935483871,14,0.16084484159220147,9.47766043866775,23
935,1229,1270,12.922408129276393,96.62815296989422,5,7,6,1,925,0.7514216084484159,306,1056,0.8578391551584078,0.9254054054054054,856,200,0.9254054054054054,0.6535947712418301,0.8578391551584078,177,1027,5.80225988700565,0.004061738424045491,0.005686433793663688,0.00487408610885459,0.0008123476848090983,0.432242316071288,0.31123494950598685,0.0,1.0,0.41512900601065644,0.2719466096316459,0.0,1.0,0.5765505656316439,0.2625567023955044,0.0,1.0,0.19719677681828918,0.16990131942684902,0.0,0.967741935483871,14,0.161106590724166,9.491456468673718,23
936,1237,1268,12.9054197199306,96.64995957962813,11,3,2,1,930,0.7567127746135069,299,1032,0.8397070789259561,0.8838709677419355,822,210,0.8838709677419355,0.7023411371237458,0.8397070789259561,178,1008,5.662921348314606,0.008950366151342554,0.0024410089503661514,0.0016273393002441008,0.0008136696501220504,0.43223720238871355,0.3113905459727894,0.0,1.0,0.4145304717448562,0.2715021364637553,0.0,0.967741935483871,0.5754296294364617,0.26188218448417794,0.0,1.0,0.19730357003155397,0.17030691372975937,0.0,0.967741935483871,14,0.16168148746968472,9.505254648342765,23
937,1237,1262,12.891938884814895,96.17461600646726,9,9,9,0,928,0.7502021018593371,309,1075,0.8690379951495554,0.9267241379310345,860,215,0.9267241379310345,0.6957928802588996,0.8690379951495554,182,1051,5.774725274725275,0.007275666936135812,0.007275666936135812,0.007275666936135812,0.0,0.4311940960179414,0.3103198041110741,0.0,1.0,0.41390460792239286,0.2710964976577804,0.0,0.967741935483871,0.5769942889926201,0.261506878973393,0.0,1.0,0.19646908493493623,0.16961553098121002,0.0,0.967741935483871,14,0.16006467259498788,9.527081649151173,23
938,1237,1267,12.919703848558637,95.99029911075182,9,9,7,2,913,0.7380759902991108,324,1067,0.862570735650768,0.9255202628696605,845,222,0.9255202628696605,0.6851851851851852,0.862570735650768,171,1043,6.099415204678363,0.007275666936135812,0.007275666936135812,0.005658852061438965,0.0016168148746968471,0.43247190132213736,0.31021283290371277,0.0,1.0,0.41445223876704823,0.27108678458965,0.0,0.967741935483871,0.5756904060291548,0.2616237211977209,0.0,1.0,0.19719925939447674,0.17036844352772193,0.0,0.967741935483871,14,0.15844785772029102,9.537590945836701,23
939,1233,1267,13.019136860856188,96.38767234387673,7,11,4,7,927,0.7493936944219887,310,1092,0.8827809215844786,0.9277238403451996,860,232,0.9277238403451996,0.7483870967741936,0.8827809215844786,178,1070,6.01123595505618,0.005658852061438965,0.00889248181083266,0.0032336297493936943,0.005658852061438965,0.4327760772309866,0.3105269119242014,0.0,1.0,0.4150380660858645,0.2706692650553971,0.0,0.967741935483871,0.5754650341417471,0.26219486632615546,0.0,1.0,0.19765586165397797,0.17078015663373833,0.0,0.967741935483871,14,0.15815085158150852,9.540145985401459,23
940,1237,1265,12.961180521043808,95.82619240097009,14,10,7,3,937,0.7599351175993512,296,1052,0.8532035685320357,0.9231590181430096,865,187,0.9231590181430096,0.6317567567567568,0.8532035685320357,174,1024,5.885057471264368,0.0113544201135442,0.008110300081103,0.0056772100567721,0.0024330900243309003,0.4320807364330978,0.3107723245363553,0.0,1.0,0.4143740057892404,0.27001421177623375,0.0,0.967741935483871,0.5739692805173807,0.2620449220001717,0.0,1.0,0.19709494875739955,0.17098672762166306,0.0,0.967741935483871,14,0.15844785772029102,9.554567502021019,23
941,1243,1271,12.83826610506885,95.2260659694288,14,8,7,1,921,0.7445432497978981,316,1064,0.8601455133387227,0.9239956568946797,851,213,0.9239956568946797,0.6740506329113924,0.8601455133387227,166,1036,6.240963855421687,0.01131770412287793,0.0064672594987873885,0.005658852061438965,0.0008084074373484236,0.4328238133547868,0.31056744574611267,0.0,1.0,0.41333402538084235,0.26940398847015345,0.0,0.967741935483871,0.5722108322736356,0.26243927723514415,0.0,1.0,0.19676640801391015,0.17059460823739528,0.0,0.967741935483871,14,0.1568785197103781,9.585679806918744,23
942,1246,1266,12.830030025758518,95.0481540930979,10,7,5,2,934,0.7514078841512469,309,1067,0.8584070796460177,0.930406852248394,869,198,0.930406852248394,0.6407766990291263,0.8584070796460177,184,1046,5.684782608695652,0.008045052292839904,0.0056315366049879325,0.004022526146419952,0.0016090104585679806,0.4314451405788847,0.3107228346609818,0.0,1.0,0.41257184280018644,0.26883449375094426,0.0,0.967741935483871,0.5722052503495055,0.2623280627326043,0.0,1.0,0.19546419510174493,0.16979495232400127,0.0,0.967741935483871,14,0.1581059390048154,9.606741573033707,23
943,1253,1267,12.814726223612352,95.18595371109338,10,3,2,1,914,0.7335473515248796,332,1081,0.8675762439807384,0.9354485776805251,855,226,0.9354485776805251,0.6807228915662651,0.8675762439807384,182,1064,5.846153846153846,0.008025682182985553,0.002407704654895666,0.0016051364365971107,0.0008025682182985554,0.43315397883788587,0.31056411756631375,0.0,1.0,0.412609736632083,0.26893353583541685,0.0,0.967741935483871,0.5713255927708982,0.26245748625688187,0.0,1.0,0.19553072625698323,0.16960096435260844,0.0,0.967741935483871,14,0.15722266560255388,9.615323224261772,23
944,1255,1264,12.826920433565213,95.37768924302789,8,6,4,2,976,0.7789305666400639,277,1092,0.8715083798882681,0.9313524590163934,909,183,0.9313524590163934,0.6606498194945848,0.8715083798882681,175,1064,6.08,0.006384676775738229,0.004788507581803671,0.0031923383878691143,0.0015961691939345571,0.43310628453926225,0.3104744544756542,0.0,1.0,0.4128261148952577,0.26821477893754897,0.0,0.967741935483871,0.5715974810435677,0.26277867434443625,0.0,1.0,0.19583601079552757,0.16959884978917783,0.0,0.967741935483871,14,0.15776892430278885,9.626294820717131,23
945,1255,1262,12.869515244739793,95.64701195219124,6,6,4,2,983,0.7832669322709164,272,1097,0.8741035856573706,0.9237029501525941,908,189,0.9237029501525941,0.6948529411764706,0.8741035856573706,176,1071,6.0852272727272725,0.004780876494023904,0.004780876494023904,0.0031872509960159364,0.0015936254980079682,0.4329520627168745,0.3108175515290365,0.0,1.0,0.4115152294049608,0.2678625706153304,0.0,0.967741935483871,0.5703894101015294,0.2630512703671077,0.0,1.0,0.19570749261020434,0.1696958401644176,0.0,0.967741935483871,14,0.15856573705179283,9.628685258964143,23
946,1257,1264,12.81957410311858,95.16945107398568,10,8,8,0,955,0.7609561752988048,300,1110,0.8844621513944223,0.9319371727748691,890,220,0.9319371727748691,0.7333333333333333,0.8844621513944223,170,1082,6.364705882352941,0.00796812749003984,0.006374501992031873,0.006374501992031873,0.0,0.43305874201247213,0.3108887183202698,0.0,1.0,0.4105525187979573,0.2671145889532693,0.0,0.967741935483871,0.5695075320142685,0.2623974696351103,0.0,1.0,0.19575538275977108,0.16999897945150863,0.0,0.967741935483871,14,0.1575178997613365,9.66030230708035,23
947,1260,1257,12.845999957951902,95.26269841269841,10,7,4,3,970,0.771678599840891,287,1094,0.8703261734287987,0.9350515463917526,907,187,0.9350515463917526,0.6515679442508711,0.8703261734287987,178,1065,5.98314606741573,0.007955449482895784,0.005568814638027049,0.0031821797931583136,0.002386634844868735,0.43218125960061443,0.3104101898291575,0.0,1.0,0.41185355862775225,0.2674201267054033,0.0,0.967741935483871,0.571121351766513,0.2626137859141175,0.0,1.0,0.19590373783922171,0.1698284955557102,0.0,0.967741935483871,14,0.15714285714285714,9.648412698412699,20
948,1265,1267,12.772995068240334,95.12806324110672,10,5,4,1,959,0.7611111111111111,301,1081,0.8579365079365079,0.9124087591240876,875,206,0.9124087591240876,0.6843853820598007,0.8579365079365079,171,1062,6.2105263157894735,0.007936507936507936,0.003968253968253968,0.0031746031746031746,0.0007936507936507937,0.43202856049980876,0.31012512789657815,0.0,1.0,0.4106591865357644,0.26766700324455467,0.0,0.967741935483871,0.5700624760933316,0.26309150383218544,0.0,1.0,0.19581792681371923,0.16973855206121716,0.0,0.967741935483871,14,0.15731225296442689,9.64505928853755,20
949,1262,1265,12.801995477031086,95.22662440570522,6,9,8,1,962,0.7604743083003953,303,1115,0.8814229249011858,0.9293139293139293,894,221,0.9293139293139293,0.7293729372937293,0.8814229249011858,176,1089,6.1875,0.0047430830039525695,0.0071146245059288534,0.006324110671936759,0.0007905138339920949,0.43103624559071624,0.3096262790342927,0.0,1.0,0.41028066049792955,0.26748305638599473,0.0,0.967741935483871,0.5707530289862481,0.2626288564548408,0.0,1.0,0.19528653954296815,0.16954087214878436,0.0,0.967741935483871,14,0.15847860538827258,9.655309033280506,20
950,1265,1262,12.727841744736784,94.40948616600791,14,11,10,1,942,0.7464342313787639,320,1088,0.8621236133122029,0.9225053078556263,869,219,0.9225053078556263,0.684375,0.8621236133122029,176,1061,6.028409090909091,0.011093502377179081,0.008716323296354992,0.00792393026941363,0.000792393026941363,0.430396531939309,0.3099832568885888,0.0,1.0,0.41060818564324875,0.2667726184023623,0.0,0.967741935483871,0.5711589952824174,0.26309111578127153,0.0,1.0,0.19510391431850058,0.1694167473300962,0.0,0.967741935483871,14,0.16047430830039525,9.680632411067194,20
951,1264,1262,12.717988343213838,94.12737341772151,10,11,8,3,952,0.7525691699604743,313,1090,0.8616600790513834,0.9159663865546218,872,218,0.9159663865546218,0.6964856230031949,0.8616600790513834,178,1068,6.0,0.007905138339920948,0.008695652173913044,0.006324110671936759,0.0023715415019762848,0.4282360146998775,0.31010771425421996,0.0,1.0,0.41057574520212337,0.2667923291545951,0.0,0.967741935483871,0.5706665986116782,0.2633944066064465,0.0,1.0,0.1948499387505104,0.1692185335091072,0.0,0.967741935483871,14,0.1629746835443038,9.692246835443038,20
952,1266,1255,12.733102207667406,93.89810426540285,10,8,7,1,921,0.7286392405063291,343,1119,0.8852848101265823,0.9391965255157437,865,254,0.9391965255157437,0.7405247813411079,0.8852848101265823,184,1096,5.956521739130435,0.007911392405063292,0.006329113924050633,0.005537974683544304,0.0007911392405063291,0.4295724405034908,0.3103024163716613,0.0,1.0,0.4108189369617286,0.26688962063484617,0.0,0.967741935483871,0.5701472761555317,0.2629454853408916,0.0,1.0,0.1951791265351883,0.16900172516911635,0.0,0.967741935483871,14,0.16192733017377567,9.702211690363349,20
953,1263,1262,12.71355727422172,93.62628661916072,8,11,9,2,939,0.7417061611374408,327,1113,0.8791469194312796,0.9361022364217252,879,234,0.9361022364217252,0.7155963302752294,0.8791469194312796,172,1092,6.348837209302325,0.00631911532385466,0.008688783570300158,0.0071090047393364926,0.001579778830963665,0.42849845477996584,0.3109179801690593,0.0,1.0,0.40931729369396985,0.26667917816891185,0.0,0.967741935483871,0.5712716777769264,0.26322697249744,0.0,1.0,0.1956682757387684,0.1695690224952304,0.0,0.967741935483871,14,0.16310372129849565,9.703087885985749,20
954,1269,1258,12.697692792857438,93.63041765169424,12,6,3,3,950,0.7521773555027712,313,1107,0.8764845605700713,0.9347368421052632,888,219,0.9347368421052632,0.6996805111821086,0.8764845605700713,185,1088,5.881081081081081,0.009501187648456057,0.004750593824228029,0.0023752969121140144,0.0023752969121140144,0.428582322885686,0.3106900813722271,0.0,1.0,0.41050865553267757,0.2669923070327009,0.0,0.967741935483871,0.5713668369811128,0.2631243704368331,0.0,1.0,0.1951244312260098,0.16950041700549276,0.0,0.967741935483871,14,0.16390858944050432,9.713947990543735,20
955,1266,1268,12.656027964727713,93.43127962085308,8,11,9,2,961,0.7572892040977147,308,1077,0.8486997635933806,0.9136316337148803,878,199,0.9136316337148803,0.6461038961038961,0.8486997635933806,170,1057,6.2176470588235295,0.006304176516942475,0.008668242710795903,0.0070921985815602835,0.0015760441292356187,0.4277633389390001,0.30970584589769373,0.0,1.0,0.4104622127095755,0.26713963225611626,0.0,0.967741935483871,0.5705804413188605,0.26345426174009,0.0,1.0,0.19497528410538653,0.16953770774698254,0.0,0.967741935483871,14,0.16429699842022116,9.725118483412322,20
956,1271,1266,12.653627184245849,93.43273013375295,11,6,4,2,914,0.721958925750395,352,1097,0.8665086887835703,0.9288840262582057,849,248,0.9288840262582057,0.7045454545454546,0.8665086887835703,179,1074,6.0,0.008688783570300158,0.004739336492890996,0.00315955766192733,0.001579778830963665,0.42818710185020686,0.309774373936622,0.0,1.0,0.4117408187609452,0.2676838296419192,0.0,0.967741935483871,0.5711022562879114,0.26363988235178404,0.0,1.0,0.19509657115301643,0.1696932275625851,0.0,0.967741935483871,14,0.16365066876475218,9.730920535011801,20
957,1273,1269,12.671250998411011,93.53024351924587,7,5,4,1,899,0.7073170731707317,372,1101,0.8662470495672698,0.9154616240266963,823,278,0.9154616240266963,0.7473118279569892,0.8662470495672698,181,1085,5.994475138121547,0.0055074744295830055,0.003933910306845004,0.003147128245476003,0.0007867820613690008,0.4285786686263082,0.3095193173087961,0.0,1.0,0.41137267820490075,0.26754354323071183,0.0,0.967741935483871,0.570230342345995,0.26406732700541635,0.0,1.0,0.19494209766110027,0.16971058219446855,0.0,0.967741935483871,14,0.1633935585231736,9.746268656716419,20
958,1282,1271,12.587975473174838,93.2145085803432,13,4,4,0,933,0.7329143754909663,340,1068,0.8389630793401414,0.9131832797427653,852,216,0.9131832797427653,0.6352941176470588,0.8389630793401414,174,1044,6.0,0.01021209740769835,0.003142183817753339,0.003142183817753339,0.0,0.42763323436163253,0.3095220145053766,0.0,1.0,0.41001962659151525,0.2674851200935656,0.0,0.967741935483871,0.5693221277238186,0.26348363147257664,0.0,1.0,0.19420260681395,0.1691782455858471,0.0,0.967741935483871,14,0.16380655226209048,9.765210608424336,20
959,1281,1279,12.525332984896556,93.03512880562062,9,10,7,3,991,0.7730109204368175,291,1108,0.8642745709828393,0.9182643794147326,910,198,0.9182643794147326,0.6804123711340206,0.8642745709828393,179,1095,6.11731843575419,0.0070202808112324495,0.0078003120124804995,0.00546021840873635,0.00234009360374415,0.426657601168442,0.3091462914514499,0.0,1.0,0.40913097126740705,0.26775594053013985,0.0,0.967741935483871,0.5713026617310065,0.26399525892279624,0.0,1.0,0.1936742967943391,0.1695068645543882,0.0,0.967741935483871,14,0.16627634660421545,9.770491803278688,20
960,1282,1286,12.520501217636784,93.14742589703589,8,7,4,3,941,0.7345823575331772,340,1092,0.8524590163934426,0.9107332624867163,857,235,0.9107332624867163,0.6911764705882353,0.8524590163934426,179,1078,6.022346368715084,0.00624512099921936,0.00546448087431694,0.00312256049960968,0.00234192037470726,0.42617382114639424,0.30922179565175684,0.0,1.0,0.40974284132655625,0.2678558914763027,0.0,0.967741935483871,0.572618388606512,0.26407072390288483,0.0,1.0,0.19347290020633084,0.1696992550436627,0.0,0.967741935483871,14,0.16458658346333854,9.776911076443058,20
961,1284,1291,12.519121076139653,93.3613707165109,7,5,3,2,954,0.7441497659906396,328,1101,0.858814352574103,0.9266247379454927,884,217,0.9266247379454927,0.6615853658536586,0.858814352574103,171,1077,6.298245614035087,0.00546021840873635,0.0039001560062402497,0.00234009360374415,0.0015600624024961,0.42764546276756105,0.31023400686671126,0.0,1.0,0.40995879811074265,0.26789369399096385,0.0,0.967741935483871,0.5718520751683248,0.26434210197908103,0.0,1.0,0.1932469098583057,0.1694257376572585,0.0,0.967741935483871,14,0.16433021806853582,9.784267912772586,20
962,1287,1293,12.48523412971576,93.42113442113443,11,8,4,4,991,0.7718068535825545,293,1097,0.8543613707165109,0.9202825428859738,912,185,0.9202825428859738,0.6313993174061433,0.8543613707165109,169,1068,6.319526627218935,0.008566978193146417,0.006230529595015576,0.003115264797507788,0.003115264797507788,0.4264731684086523,0.30997154030052576,0.0,1.0,0.4097551194325388,0.26791339532546316,0.0,0.967741935483871,0.572574379025992,0.2638145491060684,0.0,1.0,0.19257086999022482,0.16911806555339165,0.0,0.967741935483871,14,0.16394716394716394,9.797979797979798,20
963,1287,1302,12.476193770509868,93.87334887334887,7,7,3,4,979,0.7606837606837606,308,1095,0.8508158508158508,0.9213483146067416,902,193,0.9213483146067416,0.6266233766233766,0.8508158508158508,175,1079,6.1657142857142855,0.005439005439005439,0.005439005439005439,0.002331002331002331,0.003108003108003108,0.42677394290297516,0.3097557391446532,0.0,1.0,0.40852695691405366,0.26807325133672255,0.0,0.967741935483871,0.5731759280146377,0.26460952262307125,0.0,1.0,0.19312228989648345,0.16912991518870435,0.0,0.967741935483871,14,0.16472416472416473,9.792540792540793,20
964,1284,1300,12.518426641143359,94.17367601246106,6,9,5,4,982,0.763014763014763,305,1107,0.8601398601398601,0.9307535641547862,914,193,0.9307535641547862,0.6327868852459017,0.8601398601398601,179,1084,6.055865921787709,0.004662004662004662,0.006993006993006993,0.003885003885003885,0.003108003108003108,0.42739423173550395,0.3097595940013607,0.0,1.0,0.4083006732991659,0.2677184173857263,0.0,0.967741935483871,0.5724550296452617,0.26526733160128285,0.0,1.0,0.1935483870967742,0.16946426830508068,0.0,0.967741935483871,14,0.16433021806853582,9.799844236760125,20
965,1286,1302,12.534022906751252,94.16485225505443,8,6,5,1,942,0.7336448598130841,342,1101,0.8574766355140186,0.921443736730361,868,233,0.921443736730361,0.6812865497076024,0.8574766355140186,178,1081,6.073033707865169,0.006230529595015576,0.004672897196261682,0.003894080996884735,0.000778816199376947,0.426027191090152,0.30957447904434543,0.0,1.0,0.4083931169417549,0.26805298047912135,0.0,0.967741935483871,0.5726684392715597,0.2649818010466293,0.0,1.0,0.19294637034064113,0.16847863749574038,0.0,0.967741935483871,14,0.16485225505443235,9.79860031104199,20
966,1289,1302,12.533410624059123,94.4034134988363,7,4,3,1,995,0.7737169517884914,291,1119,0.8701399688958009,0.9366834170854271,932,187,0.9366834170854271,0.6426116838487973,0.8701399688958009,175,1094,6.251428571428572,0.005443234836702955,0.003110419906687403,0.0023328149300155523,0.0007776049766718507,0.425736379789284,0.30890524156403537,0.0,1.0,0.409019244725844,0.26769287979406653,0.0,0.967741935483871,0.5713105933581921,0.26534602121485823,0.0,1.0,0.1930478740709227,0.16865177253265737,0.0,0.967741935483871,14,0.165244375484872,9.807602792862685,20
967,1287,1303,12.5572373971208,94.43900543900544,12,14,6,8,944,0.7323506594259116,345,1106,0.8580294802172227,0.9258474576271186,874,232,0.9258474576271186,0.672463768115942,0.8580294802172227,181,1088,6.011049723756906,0.009309542280837859,0.010861132660977503,0.004654771140418929,0.0062063615205585725,0.42629771662029725,0.3083947239395522,0.0,1.0,0.4109080883274432,0.2684134975938918,0.0,0.967741935483871,0.5728500889791213,0.26586976931211703,0.0,1.0,0.1935483870967742,0.16871642913489646,0.0,0.967741935483871,14,0.1623931623931624,9.808857808857809,20
968,1284,1302,12.597327264374078,94.34968847352025,6,9,8,1,934,0.7257187257187258,353,1117,0.8679098679098679,0.9261241970021413,865,252,0.9261241970021413,0.7138810198300283,0.8679098679098679,174,1090,6.264367816091954,0.004662004662004662,0.006993006993006993,0.006216006216006216,0.000777000777000777,0.42568586071751585,0.3085987830466176,0.0,1.0,0.4101346598331826,0.26748050036790194,0.0,0.967741935483871,0.5728569992965531,0.26611518490091723,0.0,1.0,0.1932217867551,0.16861296365212736,0.0,0.967741935483871,14,0.16199376947040497,9.824766355140186,20
969,1283,1306,12.58804184129276,94.47466874512861,8,9,6,3,1002,0.780373831775701,282,1127,0.8777258566978193,0.9261477045908184,928,199,0.9261477045908184,0.7056737588652482,0.8777258566978193,170,1101,6.476470588235294,0.006230529595015576,0.007009345794392523,0.004672897196261682,0.002336448598130841,0.42792849420461115,0.3088107323541529,0.0,1.0,0.40962461971689335,0.2682509644175564,0.0,0.967741935483871,0.5716943655243507,0.26590803766179993,0.0,1.0,0.19412666884569935,0.16926358253895854,0.0,0.967741935483871,14,0.1597817614964926,9.830085736554949,20
970,1280,1311,12.629293626447684,94.76328125,4,7,5,2,944,0.7357755261106781,339,1114,0.8682774746687452,0.9279661016949152,876,238,0.9279661016949152,0.7020648967551623,0.8682774746687452,174,1093,6.281609195402299,0.003117692907248636,0.005455962587685113,0.003897116134060795,0.001558846453624318,0.4284022177419355,0.30893822400956916,0.0,1.0,0.4095010080645161,0.26814601279083516,0.0,0.967741935483871,0.5719002016129032,0.2659409930575971,0.0,1.0,0.19390120967741936,0.16917196077137545,0.0,0.967741935483871,14,0.159375,9.83671875,20
971,1283,1312,12.624724621236982,95.13250194855807,9,6,3,3,982,0.7671875,298,1107,0.86484375,0.9185336048879837,902,205,0.9185336048879837,0.6879194630872483,0.86484375,185,1093,5.908108108108108,0.00703125,0.0046875,0.00234375,0.00234375,0.42843134789932863,0.3096252239619014,0.0,1.0,0.4086691976969301,0.2676606587789673,0.0,0.967741935483871,0.5712166545143691,0.26608210441752556,0.0,1.0,0.19402609810675583,0.1691680359939258,0.0,0.967741935483871,14,0.1597817614964926,9.831644583008574,20
972,1286,1314,12.612965932259636,95.43701399688958,8,5,3,2,984,0.7669524551831645,299,1104,0.8604832424006236,0.9227642276422764,908,196,0.9227642276422764,0.6555183946488294,0.8604832424006236,173,1079,6.236994219653179,0.006235385814497272,0.003897116134060795,0.002338269680436477,0.001558846453624318,0.4285857623037174,0.3093073833846308,0.0,1.0,0.40967240254853765,0.2669392520856463,0.0,0.967741935483871,0.5716901620428435,0.26648380328142746,0.0,1.0,0.1938493954748407,0.16955184405933935,0.0,0.967741935483871,14,0.16018662519440124,9.837480559875583,20
973,1276,1315,12.689736050775705,95.63166144200628,3,13,8,5,1003,0.7799377916018663,283,1141,0.8872472783825817,0.9292123629112662,932,209,0.9292123629112662,0.7385159010600707,0.8872472783825817,178,1120,6.292134831460674,0.0023328149300155523,0.01010886469673406,0.006220839813374806,0.0038880248833592537,0.42714126807563957,0.30942384468287953,0.0,1.0,0.410961674587926,0.26707097199580826,0.0,0.967741935483871,0.5716199817979574,0.2666698989379765,0.0,1.0,0.19370007078572152,0.16991303399591656,0.0,0.967741935483871,14,0.15987460815047022,9.842476489028213,20
974,1274,1319,12.703402209599146,95.64285714285714,6,8,7,1,929,0.7280564263322884,347,1079,0.8456112852664577,0.9031216361679225,839,240,0.9031216361679225,0.69164265129683,0.8456112852664577,170,1053,6.194117647058824,0.004702194357366771,0.006269592476489028,0.0054858934169279,0.0007836990595611285,0.4266977262368968,0.3097725503151474,0.0,1.0,0.41165746695700617,0.26738721623473816,0.0,0.967741935483871,0.5725173444067453,0.26584728313929495,0.0,1.0,0.19377626981313617,0.1698516212678651,0.0,0.967741935483871,14,0.16169544740973313,9.846153846153847,20
975,1274,1327,12.612146240033686,95.3563579277865,9,9,7,2,1004,0.7880690737833596,270,1108,0.869701726844584,0.9083665338645418,912,196,0.9083665338645418,0.725925925925926,0.869701726844584,177,1093,6.175141242937853,0.00706436420722135,0.00706436420722135,0.005494505494505495,0.0015698587127158557,0.42814098344052265,0.3098285755797213,0.0,1.0,0.4106952954879222,0.26775159290411715,0.0,0.967741935483871,0.5710487669013015,0.26609009286554475,0.0,1.0,0.19314326226768622,0.1691163562556728,0.0,0.967741935483871,14,0.16169544740973313,9.858712715855573,20
976,1276,1329,12.54569700330437,94.86833855799372,11,9,8,1,979,0.7684458398744113,295,1125,0.8830455259026687,0.9346271705822268,915,210,0.9346271705822268,0.711864406779661,0.8830455259026687,169,1096,6.485207100591716,0.008634222919937205,0.00706436420722135,0.006279434850863423,0.0007849293563579278,0.4277732834462534,0.31011154188529105,0.0,1.0,0.41159368995853984,0.26785384300497933,0.0,0.967741935483871,0.571240772575589,0.26627883303497824,0.0,1.0,0.19304277480028315,0.16921498282267874,0.0,0.967741935483871,14,0.16065830721003135,9.878526645768025,20
977,1272,1339,12.555917014930793,95.18632075471699,4,8,6,2,978,0.7664576802507836,298,1098,0.8605015673981191,0.9284253578732107,908,190,0.9284253578732107,0.6375838926174496,0.8605015673981191,166,1074,6.469879518072289,0.003134796238244514,0.006269592476489028,0.004702194357366771,0.001567398119122257,0.42797727733820246,0.3102258738124861,0.0,1.0,0.41184824508013795,0.26737050278549584,0.0,0.967741935483871,0.5715155203895314,0.26669804776787215,0.0,1.0,0.19390342868736052,0.16968382847686597,0.0,0.967741935483871,14,0.16037735849056603,9.88993710691824,20
978,1267,1341,12.611467787960532,95.17205998421468,6,11,9,2,908,0.7138364779874213,364,1099,0.8639937106918238,0.9284140969162996,843,256,0.9284140969162996,0.7032967032967034,0.8639937106918238,175,1076,6.148571428571429,0.0047169811320754715,0.008647798742138365,0.007075471698113208,0.0015723270440251573,0.4293606945540647,0.3099430179219822,0.0,1.0,0.411945922550093,0.26719925851026216,0.0,0.967741935483871,0.5704356239020292,0.2668885104750549,0.0,1.0,0.19382844921964507,0.16991456417078968,0.0,0.967741935483871,14,0.15943172849250198,9.888713496448304,20
979,1273,1345,12.505400188247057,94.60958366064415,13,7,7,0,919,0.7253354380426204,348,1073,0.8468823993685872,0.9020674646354734,829,244,0.9020674646354734,0.7011494252873564,0.8468823993685872,171,1048,6.128654970760234,0.010260457774269928,0.0055248618784530384,0.0055248618784530384,0.0,0.42911081265996,0.30919516109497924,0.0,1.0,0.41180346147023794,0.26768280750410955,0.0,0.967741935483871,0.571193269644984,0.2673489317394102,0.0,1.0,0.19385246940171807,0.1689847677453335,0.0,0.967741935483871,14,0.15946582875098192,9.904163393558523,20
980,1269,1353,12.526242491523028,94.91489361702128,3,7,7,0,936,0.7352710133542812,337,1105,0.8680282796543598,0.9294871794871795,870,235,0.9294871794871795,0.6973293768545994,0.8680282796543598,172,1085,6.308139534883721,0.002356637863315004,0.0054988216810683424,0.0054988216810683424,0.0,0.42860774295228654,0.3085135221680668,0.0,1.0,0.4129744019929333,0.26804794045128105,0.0,0.967741935483871,0.5711634764483082,0.267266730137973,0.0,1.0,0.1944380894277943,0.16948363841551126,0.0,0.967741935483871,14,0.15839243498817968,9.912529550827424,20
981,1265,1352,12.561037978324768,94.91304347826087,5,9,8,1,981,0.7730496453900709,288,1094,0.8620961386918834,0.9317023445463812,914,180,0.9317023445463812,0.625,0.8620961386918834,172,1065,6.191860465116279,0.003940110323089046,0.0070921985815602835,0.006304176516942475,0.0007880220646178094,0.42802499043733266,0.3081919307310423,0.0,1.0,0.41269922223638916,0.26806326244179185,0.0,0.967741935483871,0.5702154787708785,0.26772797447864816,0.0,1.0,0.19474690807089123,0.1696040527564287,0.0,0.967741935483871,14,0.15731225296442689,9.920158102766798,20
982,1262,1357,12.575947821231662,95.07765451664025,9,12,6,6,944,0.7462450592885376,321,1107,0.8750988142292491,0.9396186440677966,887,220,0.9396186440677966,0.6853582554517134,0.8750988142292491,178,1090,6.123595505617978,0.0071146245059288534,0.009486166007905139,0.0047430830039525695,0.0047430830039525695,0.4281222841368028,0.30882134592758914,0.0,1.0,0.41160983589796024,0.26763577625383284,0.0,0.967741935483871,0.5689381933438986,0.2682535986649826,0.0,1.0,0.1945708297121824,0.16977026170579512,0.0,0.967741935483871,14,0.15927099841521394,9.925515055467512,20
983,1262,1360,12.596381310283936,95.12202852614897,8,8,5,3,920,0.7290015847860539,342,1112,0.8811410459587956,0.9391304347826087,864,248,0.9391304347826087,0.7251461988304093,0.8811410459587956,170,1085,6.382352941176471,0.006339144215530904,0.006339144215530904,0.003961965134706815,0.002377179080824089,0.42837789479065486,0.3086804516148944,0.0,1.0,0.41327130514799854,0.2676925575607506,0.0,0.967741935483871,0.5679157507284904,0.26796096790867313,0.0,1.0,0.19464751290833804,0.16995666935787246,0.0,0.967741935483871,14,0.1576862123613312,9.94215530903328,20
984,1263,1356,12.587023497113998,94.68646080760095,12,11,7,4,945,0.748811410459588,317,1074,0.8510301109350238,0.9111111111111111,861,213,0.9111111111111111,0.6719242902208202,0.8510301109350238,176,1046,5.943181818181818,0.009508716323296355,0.008716323296354992,0.005546751188589541,0.003169572107765452,0.4301330677087324,0.308308116357889,0.0,1.0,0.41289300947564683,0.26788075831381875,0.0,0.967741935483871,0.5683089418435369,0.2680866989811391,0.0,1.0,0.1955661124307205,0.1710891107689882,0.0,0.967741935483871,14,0.15676959619952494,9.951702296120349,20
985,1265,1360,12.597792914449812,94.81185770750989,7,5,5,0,902,0.714172604908947,361,1061,0.8400633412509897,0.9035476718403548,815,246,0.9035476718403548,0.6814404432132964,0.8400633412509897,170,1035,6.088235294117647,0.0055423594615993665,0.00395882818685669,0.00395882818685669,0.0,0.42914701007267625,0.3084998142772421,0.0,1.0,0.4129542266989672,0.26799888562379964,0.0,0.967741935483871,0.5688639551192146,0.2679621619552255,0.0,1.0,0.19571592502868798,0.1713364717815193,0.0,0.967741935483871,14,0.15810276679841898,9.95494071146245,20
986,1271,1356,12.518102905064701,94.29032258064517,16,10,6,4,956,0.7557312252964427,309,1083,0.8561264822134388,0.9257322175732218,885,198,0.9257322175732218,0.6407766990291263,0.8561264822134388,179,1058,5.910614525139665,0.012648221343873518,0.007905138339920948,0.0047430830039525695,0.0031620553359683794,0.4277302606532829,0.3088474356917032,0.0,1.0,0.41224842009086066,0.26867467378285254,0.0,0.967741935483871,0.570467754625517,0.2678020071200139,0.0,1.0,0.19453820969010938,0.17013105752258464,0.0,0.967741935483871,14,0.15971675845790717,9.96852871754524,20
987,1273,1358,12.46124911850697,94.12411626080126,9,7,6,1,969,0.7623918174665618,302,1118,0.8796223446105429,0.936016511867905,907,211,0.936016511867905,0.6986754966887417,0.8796223446105429,173,1093,6.317919075144508,0.007081038552321007,0.0055074744295830055,0.004720692368214005,0.0007867820613690008,0.42868002939462285,0.30915161036661026,0.0,1.0,0.41421077971771025,0.26967918897462273,0.0,0.967741935483871,0.5715480323340851,0.2675293415930939,0.0,1.0,0.1940551909383473,0.16954447815742368,0.0,0.967741935483871,14,0.1586802827965436,9.961508248232521,20
988,1269,1363,12.427594340676256,93.69188337273444,8,12,10,2,967,0.7596229379418696,306,1132,0.8892380204241949,0.937952430196484,907,225,0.937952430196484,0.7352941176470589,0.8892380204241949,179,1116,6.23463687150838,0.006284367635506678,0.009426551453260016,0.007855459544383346,0.0015710919088766694,0.4304379877475279,0.30946440028209876,0.0,1.0,0.4144741859223671,0.26977933571108054,0.0,0.967741935483871,0.5701466737842853,0.26723792612401287,0.0,1.0,0.19387884796258167,0.1697515428287424,0.0,0.967741935483871,14,0.15681639085894405,9.972419227738376,20
989,1267,1353,12.516425309723223,94.24625098658248,5,7,3,4,1002,0.789598108747045,267,1121,0.8833727344365643,0.9251497005988024,927,194,0.9251497005988024,0.7265917602996255,0.8833727344365643,180,1091,6.061111111111111,0.003940110323089046,0.005516154452324665,0.002364066193853428,0.0031520882584712374,0.429004251852229,0.30960700999846713,0.0,1.0,0.4145428622348958,0.2700649572448143,0.0,0.967741935483871,0.5707156860249001,0.2673126371304658,0.0,1.0,0.19293734246505587,0.1689612222766892,0.0,0.967741935483871,14,0.15706393054459353,9.97316495659037,20
990,1262,1360,12.540246913941107,94.44690966719493,7,12,6,6,932,0.7355958958168903,335,1083,0.8547750591949487,0.9206008583690987,858,225,0.9206008583690987,0.6716417910447762,0.8547750591949487,172,1062,6.174418604651163,0.0055248618784530384,0.009471191791633781,0.004735595895816891,0.004735595895816891,0.42888911609835895,0.31026640810993417,0.0,1.0,0.41311793875568736,0.27021218690111026,0.0,0.967741935483871,0.5704974183323961,0.26741981353058136,0.0,1.0,0.19211696743520268,0.16869050615534115,0.0,0.967741935483871,14,0.15847860538827258,9.978605388272584,20
991,1271,1367,12.472619370595645,94.45633359559402,12,3,1,2,974,0.7717908082408875,288,1051,0.8328050713153724,0.9024640657084189,879,172,0.9024640657084189,0.5972222222222222,0.8328050713153724,166,1024,6.168674698795181,0.009508716323296355,0.002377179080824089,0.000792393026941363,0.001584786053882726,0.4295322453744828,0.310447282335554,0.0,1.0,0.41224842009086066,0.27037876210439454,0.0,0.967741935483871,0.57171137788381,0.26706732825328927,0.0,1.0,0.19123880104565874,0.1680653285760004,0.0,0.967741935483871,14,0.15971675845790717,9.985837922895358,20
992,1271,1370,12.433114775295884,94.27301337529504,10,10,7,3,978,0.7694728560188828,293,1090,0.8575924468922108,0.908997955010225,889,201,0.908997955010225,0.6860068259385665,0.8575924468922108,171,1064,6.222222222222222,0.007867820613690008,0.007867820613690008,0.0055074744295830055,0.0023603461841070024,0.4276287403872998,0.31049461554787705,0.0,1.0,0.4123753204233395,0.2700108851707324,0.0,0.967741935483871,0.5718890383492805,0.2674852035114906,0.0,1.0,0.19128956117865029,0.16779299996854558,0.0,0.967741935483871,14,0.16129032258064516,9.992918961447678,20
993,1270,1369,12.447373486825843,94.05905511811024,7,8,8,0,978,0.7694728560188828,293,1120,0.8811959087332809,0.9222903885480572,902,218,0.9222903885480572,0.7440273037542662,0.8811959087332809,180,1099,6.105555555555555,0.0055074744295830055,0.006294256490952006,0.006294256490952006,0.0,0.4277114554229109,0.3101857583585583,0.0,1.0,0.4120650241300483,0.26997857376649287,0.0,0.967741935483871,0.5721869443738887,0.2677654766647022,0.0,1.0,0.19154178308356617,0.1678036800127681,0.0,0.967741935483871,14,0.16062992125984252,10.000787401574803,20
994,1283,1363,12.399367064164736,94.01636788776305,16,3,0,3,939,0.7393700787401575,331,1091,0.8590551181102363,0.919062832800852,863,228,0.919062832800852,0.6888217522658611,0.8590551181102363,182,1067,5.862637362637362,0.012598425196850394,0.002362204724409449,0.0,0.002362204724409449,0.4283056344756493,0.3109632326743381,0.0,1.0,0.41198803208206575,0.27011274995349976,0.0,0.967741935483871,0.5716692228396149,0.2673050555286772,0.0,1.0,0.1919392552736781,0.1683753204403215,0.0,0.967741935483871,14,0.1597817614964926,10.00701480904131,20
995,1286,1356,12.422365298479315,94.06531881804044,9,6,5,1,910,0.7092751363990647,373,1086,0.8464536243180046,0.9142857142857143,832,254,0.9142857142857143,0.6809651474530831,0.8464536243180046,178,1057,5.938202247191011,0.007014809041309431,0.004676539360872954,0.003897116134060795,0.000779423226812159,0.4296142075954448,0.3111621290812974,0.0,1.0,0.41107710831284805,0.26989830423688504,0.0,0.967741935483871,0.5722169267044599,0.26765378159101044,0.0,1.0,0.1921185973009582,0.16838476894419582,0.0,0.967741935483871,14,0.1594090202177294,10.015552099533437,20
996,1283,1365,12.43063326769318,94.28604832424006,4,7,7,0,941,0.7317262830482115,345,1093,0.8499222395023328,0.9117959617428267,858,235,0.9117959617428267,0.6811594202898551,0.8499222395023328,176,1078,6.125,0.003110419906687403,0.005443234836702955,0.005443234836702955,0.0,0.42772735272672413,0.3109649951865058,0.0,1.0,0.41188746134312226,0.27002590016367345,0.0,0.967741935483871,0.5726749302290499,0.2676734758319785,0.0,1.0,0.19148668694843235,0.1682884766801594,0.0,0.967741935483871,14,0.1597817614964926,10.02182385035074,20
997,1281,1370,12.473058908274535,94.88758782201405,5,7,3,4,986,0.7685113016367888,297,1097,0.8550272798129385,0.922920892494929,910,187,0.922920892494929,0.6296296296296297,0.8550272798129385,180,1082,6.011111111111111,0.003897116134060795,0.005455962587685113,0.002338269680436477,0.003117692907248636,0.4273626954748055,0.31070933807476886,0.0,1.0,0.4120520762509129,0.26968309813190444,0.0,0.967741935483871,0.5724610309486037,0.2675210547203472,0.0,1.0,0.19158419581476163,0.16845474200617516,0.0,0.967741935483871,14,0.1592505854800937,10.031225604996097,20
998,1280,1376,12.465726600157968,94.94375,7,8,6,2,930,0.7259953161592506,351,1101,0.8594847775175644,0.9247311827956989,860,241,0.9247311827956989,0.6866096866096866,0.8594847775175644,176,1083,6.153409090909091,0.00546448087431694,0.00624512099921936,0.00468384074941452,0.00156128024980484,0.4288054435483871,0.3113586554809363,0.0,1.0,0.4110635080645161,0.26931203288708944,0.0,0.967741935483871,0.5720766129032258,0.267770001170641,0.0,1.0,0.19097782258064516,0.16829031764128355,0.0,0.967741935483871,14,0.15859375,10.04140625,20
999,1272,1377,12.406857613668981,94.28537735849056,10,18,14,4,981,0.76640625,299,1132,0.884375,0.9306829765545361,913,219,0.9306829765545361,0.7324414715719063,0.884375,181,1114,6.154696132596685,0.0078125,0.0140625,0.0109375,0.003125,0.4287127206329885,0.3110354807715522,0.0,1.0,0.410453438831406,0.26925630175903814,0.0,0.967741935483871,0.5726567255021302,0.2680944731485615,0.0,1.0,0.18921180766889836,0.16709970916630798,0.0,0.967741935483871,14,0.15880503144654087,10.06132075471698,20
