step,population_size,food_count,average_energy,average_age,birth_count,death_count,average_exploration_tendency,average_site_fidelity,average_risk_tolerance,average_reproduction_timing
0,100,691,9.35,1.0,0,0,0.4687096774193548,0.5170967741935484,0.4603225806451613,0.4935483870967742
1,100,886,8.500000000000002,2.0,0,0,0.4687096774193548,0.5170967741935484,0.4603225806451613,0.4935483870967742
2,100,1074,8.000000000000002,3.0,0,0,0.4687096774193548,0.5170967741935484,0.4603225806451613,0.4935483870967742
3,100,1261,7.550000000000001,4.0,0,0,0.4687096774193548,0.5170967741935484,0.4603225806451613,0.4935483870967742
4,100,1450,7.000000000000003,5.0,0,0,0.4687096774193548,0.5170967741935484,0.4603225806451613,0.4935483870967742
5,100,1636,6.600000000000002,6.0,0,0,0.4687096774193548,0.5170967741935484,0.4603225806451613,0.4935483870967742
6,100,1822,6.200000000000002,7.0,0,0,0.4687096774193548,0.5170967741935484,0.4603225806451613,0.4935483870967742
7,100,2001,6.150000000000002,8.0,0,0,0.4687096774193548,0.5170967741935484,0.4603225806451613,0.4935483870967742
