step,population_size,food_count,average_energy,average_age,birth_count,death_count,age_death_count,energy_death_count,move_count,move_rate,non_move_count,eat_count,eat_rate,eat_per_move,eat_after_move_count,eat_without_move_count,eat_after_move_rate,eat_without_move_rate,total_eat_rate,shared_food_cell_count,shared_food_consumer_count,mean_consumers_per_shared_food,birth_rate,death_rate,age_death_rate,energy_death_rate,average_exploration_tendency,std_exploration_tendency,min_exploration_tendency,max_exploration_tendency,average_site_fidelity,std_site_fidelity,min_site_fidelity,max_site_fidelity,average_risk_tolerance,std_risk_tolerance,min_risk_tolerance,max_risk_tolerance,average_reproduction_timing,std_reproduction_timing,min_reproduction_timing,max_reproduction_timing,active_lineage_count,largest_lineage_share,average_generation,max_generation
0,100,493,9.754999999999999,1.0,0,0,0,0,59,0.59,41,7,0.07,0.1016949152542373,6,1,0.1016949152542373,0.024390243902439025,0.07,0,0,0.0,0.0,0.0,0.0,0.0,0.46774193548387094,0.2920557585068356,0.0,1.0,0.5312903225806451,0.2807176398808428,0.0,1.0,0.492258064516129,0.3030067843173676,0.0,1.0,0.5383870967741935,0.27871770448416805,0.0,1.0,100,0.01,0.0,0
1,100,669,10.424999999999997,2.0,0,0,0,0,46,0.46,54,24,0.24,0.5217391304347826,24,0,0.5217391304347826,0.0,0.24,0,0,0.0,0.0,0.0,0.0,0.0,0.46774193548387094,0.2920557585068356,0.0,1.0,0.5312903225806451,0.2807176398808428,0.0,1.0,0.492258064516129,0.3030067843173676,0.0,1.0,0.5383870967741935,0.27871770448416805,0.0,1.0,100,0.01,0.0,0
2,100,848,10.949999999999998,3.0,0,0,0,0,45,0.45,55,21,0.21,0.4444444444444444,20,1,0.4444444444444444,0.01818181818181818,0.21,0,0,0.0,0.0,0.0,0.0,0.0,0.46774193548387094,0.2920557585068356,0.0,1.0,0.5312903225806451,0.2807176398808428,0.0,1.0,0.492258064516129,0.3030067843173676,0.0,1.0,0.5383870967741935,0.27871770448416805,0.0,1.0,100,0.01,0.0,0
3,101,1029,11.207920792079205,3.9603960396039604,1,0,0,0,46,0.46,54,20,0.2,0.391304347826087,18,2,0.391304347826087,0.037037037037037035,0.2,1,2,2.0,0.01,0.0,0.0,0.0,0.4694985627595018,0.29113677122504494,0.0,1.0,0.5266687959118492,0.28312192161517524,0.0,1.0,0.4960076652826573,0.30382564280657204,0.0,1.0,0.5416799744490578,0.2792825074805463,0.0,1.0,100,0.019801980198019802,0.009900990099009901,1
4,103,1198,11.866019417475725,4.864077669902913,2,0,0,0,49,0.48514851485148514,52,31,0.3069306930693069,0.5714285714285714,28,3,0.5714285714285714,0.057692307692307696,0.3069306930693069,0,0,0.0,0.019801980198019802,0.0,0.0,0.0,0.46695897275289694,0.2895680301487373,0.0,1.0,0.5217663639210773,0.285087901486591,0.0,1.0,0.4982774819918572,0.3029320749946297,0.0,1.0,0.539304729094895,0.27707235728556556,0.0,1.0,100,0.019417475728155338,0.02912621359223301,1
5,105,1368,12.379047619047617,5.752380952380952,2,0,0,0,63,0.6116504854368932,40,31,0.30097087378640774,0.42857142857142855,27,4,0.42857142857142855,0.1,0.30097087378640774,1,2,2.0,0.019417475728155338,0.0,0.0,0.0,0.46175115207373274,0.2904527540805753,0.0,1.0,0.5278033794162826,0.2856987591374409,0.0,1.0,0.5029185867895545,0.3024009186587789,0.0,1.0,0.5422427035330262,0.2752386421907396,0.0,1.0,100,0.01904761904761905,0.047619047619047616,1
6,109,1537,12.580733944954126,6.504587155963303,4,0,0,0,64,0.6095238095238096,41,31,0.29523809523809524,0.453125,29,2,0.453125,0.04878048780487805,0.29523809523809524,0,0,0.0,0.0380952380952381,0.0,0.0,0.0,0.46788990825688076,0.28748486072360613,0.0,1.0,0.5205682154483575,0.28691458983406604,0.0,1.0,0.515833086712045,0.30472936755873997,0.0,1.0,0.5451316957679787,0.27427431062144203,0.0,1.0,100,0.027522935779816515,0.08256880733944955,1
7,111,1696,13.500900900900898,7.36936936936937,2,0,0,0,70,0.6422018348623854,39,42,0.3853211009174312,0.5428571428571428,38,4,0.5428571428571428,0.10256410256410256,0.3853211009174312,1,2,2.0,0.01834862385321101,0.0,0.0,0.0,0.46469049694856146,0.2861555835830182,0.0,1.0,0.5190351641964545,0.290485586630972,0.0,1.0,0.5178727114210985,0.3040858479750662,0.0,1.0,0.5457715780296425,0.2721433905389172,0.0,1.0,100,0.02702702702702703,0.0990990990990991,1
8,116,1856,13.821551724137926,8.008620689655173,5,0,0,0,74,0.6666666666666666,37,41,0.36936936936936937,0.5,37,4,0.5,0.10810810810810811,0.36936936936936937,1,2,2.0,0.04504504504504504,0.0,0.0,0.0,0.4663515016685206,0.2855054648098959,0.0,1.0,0.5150166852057843,0.2912767361850953,0.0,1.0,0.5303114571746385,0.304448367099638,0.0,1.0,0.5497775305895439,0.2705341173044553,0.0,1.0,100,0.034482758620689655,0.13793103448275862,1
9,118,1998,15.305084745762707,8.85593220338983,2,0,0,0,85,0.7327586206896551,31,60,0.5172413793103449,0.6588235294117647,56,4,0.6588235294117647,0.12903225806451613,0.5172413793103449,2,4,2.0,0.017241379310344827,0.0,0.0,0.0,0.46200109349371243,0.28501562783478807,0.0,1.0,0.5073810825587752,0.2947137993252868,0.0,1.0,0.5251503553854565,0.3051289575267465,0.0,1.0,0.5459267359212685,0.27064590678290323,0.0,1.0,100,0.03389830508474576,0.15254237288135594,1
10,125,2147,15.616799999999996,9.304,7,0,0,0,77,0.652542372881356,41,56,0.4745762711864407,0.6363636363636364,49,7,0.6363636363636364,0.17073170731707318,0.4745762711864407,4,9,2.25,0.059322033898305086,0.0,0.0,0.0,0.4552258064516129,0.2878089318793128,0.0,1.0,0.504774193548387,0.2997954488217511,0.0,1.0,0.5205161290322581,0.30660692838352227,0.0,1.0,0.5421935483870969,0.2719703723840791,0.0,1.0,100,0.04,0.208,2
11,130,2290,16.43538461538461,9.907692307692308,5,0,0,0,76,0.608,49,61,0.488,0.6447368421052632,49,12,0.6447368421052632,0.24489795918367346,0.488,4,8,2.0,0.04,0.0,0.0,0.0,0.46277915632754346,0.2863447238275369,0.0,1.0,0.5004962779156328,0.29792189919951595,0.0,1.0,0.5275434243176178,0.3060232486976781,0.0,1.0,0.5431761786600496,0.2733032940986589,0.0,1.0,100,0.046153846153846156,0.25384615384615383,2
12,142,2416,16.62746478873239,9.985915492957746,12,0,0,0,93,0.7153846153846154,37,75,0.5769230769230769,0.6989247311827957,65,10,0.6989247311827957,0.2702702702702703,0.5769230769230769,1,2,2.0,0.09230769230769231,0.0,0.0,0.0,0.44956837800999544,0.2882762652782568,0.0,1.0,0.4909132212630622,0.30047170678255447,0.0,1.0,0.5254429804634257,0.30252466101530257,0.0,1.0,0.536347114947751,0.2731723011917679,0.0,1.0,100,0.04929577464788732,0.34507042253521125,2
13,154,2546,16.603896103896098,10.12987012987013,12,0,0,0,103,0.7253521126760564,39,81,0.5704225352112676,0.6796116504854369,70,11,0.6796116504854369,0.28205128205128205,0.5704225352112676,9,20,2.2222222222222223,0.08450704225352113,0.0,0.0,0.0,0.45014662756598245,0.2836199929576527,0.0,1.0,0.4819857561793045,0.3047266295485025,0.0,1.0,0.5207373271889401,0.304908215664279,0.0,1.0,0.5358190196899875,0.27273724720922643,0.0,1.0,100,0.05844155844155844,0.4155844155844156,2
14,167,2657,16.986826347305385,10.263473053892216,13,0,0,0,108,0.7012987012987013,46,96,0.6233766233766234,0.8148148148148148,88,8,0.8148148148148148,0.17391304347826086,0.6233766233766234,7,14,2.0,0.08441558441558442,0.0,0.0,0.0,0.4537376859184856,0.2812888013045792,0.0,1.0,0.4830983194900521,0.3028123240841097,0.0,1.0,0.5255939733436353,0.3040108237952996,0.0,1.0,0.5360247247440603,0.272480680366528,0.0,1.0,100,0.059880239520958084,0.47904191616766467,2
15,182,2766,17.039560439560436,10.335164835164836,15,0,0,0,131,0.7844311377245509,36,101,0.6047904191616766,0.732824427480916,96,5,0.732824427480916,0.1388888888888889,0.6047904191616766,10,20,2.0,0.08982035928143713,0.0,0.0,0.0,0.4574618929457639,0.28102624287153954,0.0,1.0,0.4803261254874158,0.3012041846224578,0.0,1.0,0.5281814959234313,0.3016669089588862,0.0,1.0,0.5281814959234313,0.26959987757314063,0.0,1.0,100,0.06043956043956044,0.5439560439560439,2
16,194,2859,17.79432989690721,10.6340206185567,12,0,0,0,139,0.7637362637362637,43,118,0.6483516483516484,0.762589928057554,106,12,0.762589928057554,0.27906976744186046,0.6483516483516484,11,22,2.0,0.06593406593406594,0.0,0.0,0.0,0.45859660791486534,0.2802343933066457,0.0,1.0,0.46707682075157964,0.30285921919433717,0.0,1.0,0.5359161955437313,0.3028024302941617,0.0,1.0,0.5287662121715996,0.26705557491130005,0.0,1.0,100,0.06701030927835051,0.6030927835051546,3
17,216,2940,17.6037037037037,10.449074074074074,22,0,0,0,153,0.788659793814433,41,136,0.7010309278350515,0.8300653594771242,127,9,0.8300653594771242,0.21951219512195122,0.7010309278350515,16,33,2.0625,0.1134020618556701,0.0,0.0,0.0,0.45265830346475505,0.280763007125606,0.0,1.0,0.45908004778972517,0.30115867001149876,0.0,1.0,0.5467443249701314,0.2986690183467454,0.0,1.0,0.5267323775388292,0.2643140932710711,0.0,1.0,100,0.06944444444444445,0.6898148148148148,3
18,233,3018,17.933905579399138,10.6137339055794,17,0,0,0,168,0.7777777777777778,48,143,0.6620370370370371,0.7559523809523809,127,16,0.7559523809523809,0.3333333333333333,0.6620370370370371,18,39,2.1666666666666665,0.0787037037037037,0.0,0.0,0.0,0.45396649591582444,0.27861674610433257,0.0,1.0,0.4628270801605981,0.3055656670752112,0.0,1.0,0.5467257372282985,0.29971114742397154,0.0,1.0,0.5278969957081545,0.2596688967183421,0.0,1.0,100,0.07296137339055794,0.759656652360515,3
19,264,3076,17.339772727272724,10.25,31,0,0,0,172,0.7381974248927039,61,166,0.7124463519313304,0.8430232558139535,145,21,0.8430232558139535,0.3442622950819672,0.7124463519313304,20,44,2.2,0.13304721030042918,0.0,0.0,0.0,0.458088954056696,0.2823687804676418,0.0,1.0,0.46175464320625614,0.3058652188151047,0.0,1.0,0.5434995112414467,0.2989772465373214,0.0,1.0,0.52297165200391,0.26011921226334206,0.0,1.0,100,0.07954545454545454,0.8409090909090909,3
20,289,3118,17.52768166089965,10.27681660899654,25,0,0,0,196,0.7424242424242424,68,182,0.6893939393939394,0.826530612244898,162,20,0.826530612244898,0.29411764705882354,0.6893939393939394,22,46,2.090909090909091,0.0946969696969697,0.0,0.0,0.0,0.45384529523384304,0.2792703218763226,0.0,1.0,0.45016184842058266,0.3057939096038197,0.0,1.0,0.5490568143766046,0.2981958518216018,0.0,1.0,0.522379729880567,0.2580027606997368,0.0,1.0,100,0.08650519031141868,0.9273356401384083,3
21,315,3164,17.49460317460317,10.346031746031747,26,0,0,0,216,0.7474048442906575,73,186,0.643598615916955,0.7731481481481481,167,19,0.7731481481481481,0.2602739726027397,0.643598615916955,28,60,2.142857142857143,0.08996539792387544,0.0,0.0,0.0,0.45222734254992314,0.2790606594277928,0.0,1.0,0.4492575524833589,0.30545054719792425,0.0,1.0,0.5502304147465438,0.2987454922884184,0.0,1.0,0.5307731694828469,0.259609319860379,0.0,1.0,100,0.08571428571428572,0.9809523809523809,3
22,350,3181,17.25228571428571,10.211428571428572,35,0,0,0,236,0.7492063492063492,79,206,0.653968253968254,0.7627118644067796,180,26,0.7627118644067796,0.3291139240506329,0.653968253968254,21,44,2.0952380952380953,0.1111111111111111,0.0,0.0,0.0,0.45714285714285713,0.2797124938047443,0.0,1.0,0.4467281105990783,0.30448300162362,0.0,1.0,0.5608294930875576,0.29900448556613374,0.0,1.0,0.5266359447004608,0.25865639827069825,0.0,1.0,100,0.08857142857142856,1.06,3
23,380,3188,17.428421052631574,10.326315789473684,30,0,0,0,251,0.7171428571428572,99,228,0.6514285714285715,0.7888446215139442,198,30,0.7888446215139442,0.30303030303030304,0.6514285714285715,32,67,2.09375,0.08571428571428572,0.0,0.0,0.0,0.4545840407470289,0.2794599424873526,0.0,1.0,0.44906621392190155,0.3050842139788818,0.0,1.0,0.5587436332767403,0.29860305853779123,0.0,1.0,0.5248726655348047,0.25556451186417745,0.0,1.0,100,0.09210526315789473,1.1210526315789473,4
24,423,3180,17.0160756501182,10.174940898345154,43,0,0,0,272,0.7157894736842105,108,244,0.6421052631578947,0.7683823529411765,209,35,0.7683823529411765,0.32407407407407407,0.6421052631578947,32,68,2.125,0.11315789473684211,0.0,0.0,0.0,0.4578662396095478,0.2795351509436057,0.0,1.0,0.44558834744147024,0.30744738163674984,0.0,1.0,0.5705788149164951,0.293859039645515,0.0,1.0,0.5287882254251506,0.25686470780249204,0.0,1.0,100,0.09929078014184398,1.2056737588652482,4
25,458,3149,17.231222707423576,10.320960698689957,35,0,0,0,318,0.75177304964539,105,281,0.6643026004728132,0.7641509433962265,243,38,0.7641509433962265,0.3619047619047619,0.6643026004728132,41,91,2.2195121951219514,0.08274231678486997,0.0,0.0,0.0,0.4578109592900409,0.27987936453114576,0.0,1.0,0.44471052260881816,0.3093388304000181,0.0,1.0,0.5678264544302014,0.2946943419563589,0.0,1.0,0.5247922242569376,0.25508014853253874,0.0,1.0,100,0.10043668122270742,1.2489082969432315,4
26,504,3092,17.15079365079365,10.287698412698413,46,0,0,0,331,0.722707423580786,127,315,0.6877729257641921,0.8187311178247734,271,44,0.8187311178247734,0.3464566929133858,0.6877729257641921,49,107,2.183673469387755,0.10043668122270742,0.0,0.0,0.0,0.45999743983614955,0.27563156540947265,0.0,1.0,0.4384280593958013,0.3119464576577987,0.0,1.0,0.5709805427547363,0.2919103759314197,0.0,1.0,0.528289810547875,0.2543672886257598,0.0,1.0,100,0.10714285714285714,1.3253968253968254,4
27,552,3018,17.085688405797097,10.306159420289855,48,0,0,0,383,0.7599206349206349,121,349,0.6924603174603174,0.804177545691906,308,41,0.804177545691906,0.33884297520661155,0.6924603174603174,59,134,2.2711864406779663,0.09523809523809523,0.0,0.0,0.0,0.4609630668536699,0.27675161543006643,0.0,1.0,0.43425666199158486,0.3116219468097258,0.0,1.0,0.5686652641421225,0.29171807539052536,0.0,1.0,0.5249532491818606,0.255013868295147,0.0,1.0,100,0.10507246376811594,1.391304347826087,4
28,603,2947,16.861028192371474,10.349917081260365,51,0,0,0,397,0.7192028985507246,155,365,0.6612318840579711,0.783375314861461,311,54,0.783375314861461,0.34838709677419355,0.6612318840579711,71,165,2.323943661971831,0.09239130434782608,0.0,0.0,0.0,0.46771518750334345,0.27932519439902614,0.0,1.0,0.43444069972717053,0.31054451009070344,0.0,1.0,0.5709623923393784,0.29052362607850407,0.0,1.0,0.5250093617931846,0.2555726190787418,0.0,1.0,100,0.1111111111111111,1.4461028192371477,4
29,651,2855,16.88755760368663,10.513056835637482,48,0,0,0,425,0.7048092868988391,178,400,0.6633499170812603,0.7952941176470588,338,62,0.7952941176470588,0.34831460674157305,0.6633499170812603,78,186,2.3846153846153846,0.07960199004975124,0.0,0.0,0.0,0.46821267528863786,0.27808304551561086,0.0,1.0,0.4282741192210495,0.3122119085754375,0.0,1.0,0.5731133244140528,0.291134942997952,0.0,1.0,0.5248501065358505,0.25569503919291336,0.0,1.0,100,0.12135176651305683,1.5253456221198156,5
30,705,2744,16.785531914893614,10.608510638297872,55,1,0,1,490,0.7526881720430108,161,431,0.6620583717357911,0.7693877551020408,377,54,0.7693877551020408,0.33540372670807456,0.6620583717357911,84,204,2.4285714285714284,0.08448540706605223,0.0015360983102918587,0.0,0.0015360983102918587,0.47224891329215285,0.2766593152959834,0.0,1.0,0.4276824525280256,0.3129540855033969,0.0,1.0,0.5737817433081674,0.29120860529772297,0.0,1.0,0.5246396705559369,0.25372968667041534,0.0,1.0,100,0.12482269503546099,1.5801418439716313,5
31,757,2625,16.78375165125495,10.8110964332893,52,0,0,0,504,0.7148936170212766,201,457,0.64822695035461,0.746031746031746,376,81,0.746031746031746,0.40298507462686567,0.64822695035461,97,235,2.422680412371134,0.07375886524822695,0.0,0.0,0.0,0.47458132696978733,0.27756177613998323,0.0,1.0,0.42966719222738314,0.31492303709084346,0.0,1.0,0.5755315975625346,0.2922996688594202,0.0,1.0,0.5257595772787318,0.25383927699649933,0.0,1.0,100,0.12549537648612946,1.6393659180977542,5
32,807,2490,16.8907063197026,11.070631970260223,51,1,0,1,535,0.7067371202113606,222,494,0.6525759577278731,0.7570093457943925,405,89,0.7570093457943925,0.4009009009009009,0.6525759577278731,107,266,2.485981308411215,0.06737120211360634,0.001321003963011889,0.0,0.001321003963011889,0.4745173282168126,0.27725297316447656,0.0,1.0,0.4278690490466483,0.3147115111755518,0.0,1.0,0.576048287164728,0.29186766496413413,0.0,1.0,0.5238038134068833,0.25189061154435133,0.0,1.0,100,0.13011152416356878,1.695167286245353,5
33,866,2378,16.587990762124708,11.248267898383371,59,0,0,0,577,0.7149938042131351,230,506,0.6270136307311028,0.7452339688041595,430,76,0.7452339688041595,0.33043478260869563,0.6270136307311028,118,312,2.6440677966101696,0.07311028500619579,0.0,0.0,0.0,0.4713178872085227,0.2788417963863415,0.0,1.0,0.42285629144006553,0.31644275447432035,0.0,1.0,0.5783729419652834,0.2909483253656532,0.0,1.0,0.524323921627058,0.24919118467108137,0.0,1.0,100,0.13625866050808313,1.7609699769053118,5
34,923,2234,16.497183098591545,11.464788732394366,59,2,0,2,608,0.7020785219399538,258,564,0.651270207852194,0.7861842105263158,478,86,0.7861842105263158,0.3333333333333333,0.651270207852194,136,356,2.6176470588235294,0.06812933025404157,0.0023094688221709007,0.0,0.0023094688221709007,0.47467934155803304,0.2782572362122104,0.0,1.0,0.4177471778562192,0.3185745502835676,0.0,1.0,0.5810995002271695,0.2897196971534977,0.0,1.0,0.5216859469471918,0.2497561896429734,0.0,1.0,100,0.1419284940411701,1.8104008667388949,5
35,957,2105,16.80741901776384,11.960292580982236,39,5,0,5,633,0.685807150595883,290,584,0.6327193932827736,0.764612954186414,484,100,0.764612954186414,0.3448275862068966,0.6327193932827736,141,396,2.8085106382978724,0.04225352112676056,0.005417118093174431,0.0,0.005417118093174431,0.47365759935281626,0.2786460758213964,0.0,1.0,0.41739980449657865,0.3184869938291399,0.0,1.0,0.5814541409647083,0.2887008372963198,0.0,1.0,0.5240839990561904,0.24939904297303458,0.0,1.0,100,0.14211076280041798,1.8349007314524557,5
36,994,1988,16.960160965794767,12.456740442655935,38,1,0,1,669,0.6990595611285266,288,603,0.6300940438871473,0.7488789237668162,501,102,0.7488789237668162,0.3541666666666667,0.6300940438871473,150,436,2.9066666666666667,0.03970741901776385,0.0010449320794148381,0.0,0.0010449320794148381,0.4766015447523853,0.2788445242788411,0.0,1.0,0.4191601220224573,0.319325373802575,0.0,1.0,0.5833711949114039,0.2876980914348447,0.0,1.0,0.5241124164340885,0.24878897270912148,0.0,1.0,100,0.14285714285714285,1.8682092555331993,5
37,1058,1863,16.54247006931317,12.60680529300567,67,3,0,3,698,0.7022132796780685,296,623,0.6267605633802817,0.7349570200573066,513,110,0.7349570200573066,0.3716216216216216,0.6267605633802817,133,431,3.2406015037593985,0.06740442655935613,0.0030181086519114686,0.0,0.0030181086519114686,0.4793889871333618,0.2788918832627572,0.0,1.0,0.4170071345813769,0.31957776050698106,0.0,1.0,0.5866211354350875,0.28676343824821643,0.0,1.0,0.5258857247393134,0.2475072651522853,0.0,1.0,100,0.14839319470699433,1.9376181474480152,5
38,1100,1746,16.52933333333333,13.016363636363636,46,4,0,4,717,0.6776937618147448,341,650,0.6143667296786389,0.7350069735006973,527,123,0.7350069735006973,0.36070381231671556,0.6143667296786389,141,474,3.3617021276595747,0.043478260869565216,0.003780718336483932,0.0,0.003780718336483932,0.47844574780058646,0.2773100213586305,0.0,1.0,0.4189442815249267,0.31943306281254785,0.0,1.0,0.5891202346041056,0.2858949966740316,0.0,1.0,0.5282697947214077,0.2474812775546597,0.0,1.0,99,0.14636363636363636,1.9681818181818183,5
39,1139,1641,16.494995610184368,13.489025460930641,44,5,0,5,742,0.6745454545454546,358,687,0.6245454545454545,0.7358490566037735,546,141,0.7358490566037735,0.39385474860335196,0.6245454545454545,157,539,3.43312101910828,0.04,0.004545454545454545,0.0,0.004545454545454545,0.480840578889235,0.27689938110501144,0.0,1.0,0.4178254835877538,0.3192891060912074,0.0,1.0,0.5891699000254893,0.28536564574245216,0.0,1.0,0.5294684074881759,0.2475229345827671,0.0,1.0,99,0.14574187884108866,2.009657594381036,5
40,1171,1538,16.571477369769426,14.061485909479078,35,3,0,3,763,0.6698858647936786,376,704,0.6180860403863038,0.745740498034076,569,135,0.745740498034076,0.35904255319148937,0.6180860403863038,167,568,3.4011976047904193,0.030728709394205442,0.0026338893766461808,0.0,0.0026338893766461808,0.4824109528663122,0.2761696031893769,0.0,1.0,0.4183906779427564,0.3184579307578675,0.0,1.0,0.5921049006914411,0.28540381292216616,0.0,1.0,0.5295721880939919,0.2471246515372795,0.0,1.0,99,0.14859094790777114,2.0418445772843725,5
41,1221,1440,16.260114660114656,14.375921375921376,56,6,0,6,824,0.703672075149445,347,720,0.6148590947907772,0.7233009708737864,596,124,0.7233009708737864,0.3573487031700288,0.6148590947907772,155,577,3.7225806451612904,0.04782237403928266,0.005123825789923143,0.0,0.005123825789923143,0.4869884547303902,0.2762609905868489,0.0,1.0,0.4166864812026102,0.3174228287705193,0.0,1.0,0.5925338828564635,0.2848957396635746,0.0,1.0,0.5268024622863333,0.24833088225697958,0.0,1.0,99,0.1506961506961507,2.081900081900082,5
42,1244,1343,16.401688102893885,15.02491961414791,29,6,0,6,852,0.6977886977886978,369,707,0.579033579033579,0.6960093896713615,593,114,0.6960093896713615,0.3089430894308943,0.579033579033579,155,565,3.6451612903225805,0.02375102375102375,0.004914004914004914,0.0,0.004914004914004914,0.48636033606472356,0.2765380398881935,0.0,1.0,0.4156985789855824,0.3176774682159056,0.0,1.0,0.5916917332226947,0.2847194661690725,0.0,1.0,0.5278757390312208,0.24805226287116422,0.0,1.0,99,0.15112540192926044,2.1093247588424435,5
43,1276,1268,16.293338557993728,15.536050156739812,38,6,0,6,855,0.6872990353697749,389,720,0.5787781350482315,0.6888888888888889,589,131,0.6888888888888889,0.33676092544987146,0.5787781350482315,154,599,3.8896103896103895,0.03054662379421222,0.00482315112540193,0.0,0.00482315112540193,0.48650015168368893,0.27664009293896863,0.0,1.0,0.4177621599757306,0.3176536072376573,0.0,1.0,0.5937910809990898,0.28351832511830916,0.0,1.0,0.5308170694711296,0.24729205769955673,0.0,1.0,98,0.15203761755485892,2.1308777429467085,5
44,1303,1190,16.269378357636217,16.139677666922488,31,4,0,4,888,0.6959247648902821,388,729,0.5713166144200627,0.6734234234234234,598,131,0.6734234234234234,0.33762886597938147,0.5713166144200627,161,612,3.801242236024845,0.024294670846394983,0.003134796238244514,0.0,0.003134796238244514,0.4858762656895997,0.27649387238385376,0.0,1.0,0.4158888916396405,0.31830774620775687,0.0,1.0,0.5939643007451787,0.28221693118473806,0.0,1.0,0.531156388483153,0.24761322334436003,0.0,1.0,98,0.15042210283960092,2.1473522640061398,5
45,1332,1126,16.127652652652646,16.644894894894893,40,11,0,11,899,0.6899462778204144,404,740,0.56792018419033,0.6718576195773082,604,136,0.6718576195773082,0.33663366336633666,0.56792018419033,164,640,3.902439024390244,0.03069838833461243,0.00844205679201842,0.0,0.00844205679201842,0.48532403371113053,0.2759519567620229,0.0,1.0,0.41647292453744067,0.31978148189478806,0.0,1.0,0.5941586748038361,0.28239779168834395,0.0,1.0,0.5310471762084665,0.24687730031562766,0.0,1.0,98,0.15165165165165165,2.174924924924925,5
46,1351,1066,16.118504811250922,17.256106587712804,30,11,0,11,920,0.6906906906906907,412,751,0.5638138138138138,0.6706521739130434,617,134,0.6706521739130434,0.32524271844660196,0.5638138138138138,173,664,3.838150289017341,0.02252252252252252,0.008258258258258258,0.0,0.008258258258258258,0.4856378787517013,0.27622568597424435,0.0,1.0,0.4142690002626489,0.3196054606137329,0.0,1.0,0.5996275160574007,0.280955105069631,0.0,1.0,0.5311000214894582,0.2461055247636195,0.0,1.0,98,0.15840118430792005,2.203552923760178,6
47,1364,1004,16.19540566959921,17.936950146627566,26,13,0,13,931,0.689119170984456,420,782,0.5788304959289415,0.6981740064446831,650,132,0.6981740064446831,0.3142857142857143,0.5788304959289415,158,678,4.291139240506329,0.01924500370096225,0.009622501850481125,0.0,0.009622501850481125,0.4859048339797559,0.2759126023122243,0.0,1.0,0.41365528332229684,0.319985801602311,0.0,1.0,0.5968687919780532,0.2812857264233273,0.0,1.0,0.5323999621606281,0.24587647800619736,0.0,1.0,98,0.1590909090909091,2.219941348973607,6
48,1384,945,16.157369942196524,18.53251445086705,29,9,0,9,946,0.6935483870967742,418,800,0.5865102639296188,0.6945031712473573,657,143,0.6945031712473573,0.34210526315789475,0.5865102639296188,165,706,4.278787878787878,0.02126099706744868,0.006598240469208211,0.0,0.006598240469208211,0.48862576915905276,0.2754328240059609,0.0,1.0,0.4140406488905463,0.320835339280804,0.0,1.0,0.5994312884579527,0.28092317709214626,0.0,1.0,0.5341226925228417,0.2453445192661657,0.0,1.0,98,0.16184971098265896,2.236271676300578,6
49,1401,884,16.16324054246966,19.133476088508207,26,9,0,9,960,0.6936416184971098,424,817,0.5903179190751445,0.68125,654,163,0.68125,0.38443396226415094,0.5903179190751445,168,724,4.309523809523809,0.01878612716763006,0.006502890173410405,0.0,0.006502890173410405,0.4902258755266975,0.27617114361092415,0.0,1.0,0.41125002878128525,0.3205127709872474,0.0,1.0,0.599686859616403,0.28036069504763084,0.0,1.0,0.5334899035251318,0.24548592066323693,0.0,1.0,96,0.16202712348322626,2.259100642398287,6
50,1416,823,16.18034369114877,19.760593220338983,30,15,0,15,949,0.6773733047822984,452,828,0.5910064239828694,0.7070600632244468,671,157,0.7070600632244468,0.3473451327433628,0.5910064239828694,158,725,4.5886075949367084,0.021413276231263382,0.010706638115631691,0.0,0.010706638115631691,0.4879943502824859,0.2749427789665585,0.0,1.0,0.4110852925095681,0.3222911298724111,0.0,1.0,0.6003280481137234,0.28099029716183777,0.0,1.0,0.5343767085839256,0.2452388117300518,0.0,1.0,96,0.1617231638418079,2.278954802259887,6
51,1434,771,16.11675964667596,20.270571827057182,33,15,0,15,950,0.6709039548022598,466,835,0.5896892655367232,0.6978947368421052,663,172,0.6978947368421052,0.36909871244635195,0.5896892655367232,156,739,4.737179487179487,0.023305084745762712,0.01059322033898305,0.0,0.01059322033898305,0.48926980699149686,0.2748534935606631,0.0,1.0,0.4122238718675485,0.3223656592159309,0.0,1.0,0.6002384487335223,0.28085516898551566,0.0,1.0,0.5348000179961309,0.2457226648966123,0.0,1.0,96,0.16248256624825663,2.300557880055788,6
52,1452,713,16.074793388429747,20.91115702479339,27,9,0,9,995,0.693863319386332,439,851,0.5934449093444909,0.7095477386934673,706,145,0.7095477386934673,0.33029612756264237,0.5934449093444909,172,765,4.4476744186046515,0.01882845188284519,0.006276150627615063,0.0,0.006276150627615063,0.4907802363814094,0.27442004505651946,0.0,1.0,0.4106682662401137,0.32249144556198733,0.0,1.0,0.6012174531236115,0.2796956235587171,0.0,1.0,0.5352128321336532,0.24517195609588496,0.0,1.0,96,0.16391184573002754,2.3161157024793386,6
53,1473,649,15.996447159990943,21.414120841819415,34,13,0,13,991,0.6825068870523416,461,865,0.5957300275482094,0.7063572149344097,700,165,0.7063572149344097,0.3579175704989154,0.5957300275482094,162,763,4.709876543209877,0.023415977961432508,0.008953168044077135,0.0,0.008953168044077135,0.49035324004117115,0.273750392160148,0.0,1.0,0.41026651774960027,0.3230709091717892,0.0,1.0,0.60475658629525,0.278799887209188,0.0,1.0,0.537612509033572,0.24453402475650796,0.0,1.0,96,0.16632722335369993,2.342837746096402,6
54,1477,604,16.076867524260884,22.11306702775897,21,17,0,17,1000,0.6788866259334692,473,877,0.5953835709436525,0.724,724,153,0.724,0.32346723044397463,0.5953835709436525,159,791,4.9748427672955975,0.014256619144602852,0.011541072640868975,0.0,0.011541072640868975,0.4890689497018805,0.27374661413556783,0.0,1.0,0.4097014436412082,0.3247396780428648,0.0,1.0,0.6062419464040011,0.2781157154285117,0.0,1.0,0.5382532159783344,0.24337120212315116,0.0,1.0,95,0.16790792146242384,2.3574813811780637,6
55,1492,568,15.982931188561208,22.728552278820377,26,11,0,11,1017,0.6885578876100203,460,891,0.6032498307379824,0.7059980334316618,718,173,0.7059980334316618,0.3760869565217391,0.6032498307379824,167,822,4.922155688622754,0.017603249830737983,0.007447528774542992,0.0,0.007447528774542992,0.4904868978638761,0.2731770706686906,0.0,1.0,0.4113335639539912,0.32510551630673507,0.0,1.0,0.6074331920781804,0.27781852057120027,0.0,1.0,0.539630718671625,0.24422518176249808,0.0,1.0,95,0.16689008042895442,2.3679624664879357,6
56,1493,538,16.046729180620666,23.391158740790356,18,17,0,17,1014,0.6796246648793566,478,868,0.5817694369973191,0.6982248520710059,708,160,0.6982248520710059,0.33472803347280333,0.5817694369973191,157,795,5.063694267515924,0.012064343163538873,0.011394101876675604,0.0,0.011394101876675604,0.4897910679947281,0.2739347423543266,0.0,1.0,0.4107555689994166,0.3257475877943545,0.0,1.0,0.6110234859451634,0.27582906498060217,0.0,1.0,0.5389883974677527,0.2427135089754557,0.0,1.0,95,0.1681178834561286,2.3851306095110516,6
57,1504,488,16.05458776595744,24.08776595744681,20,9,0,9,1033,0.6918955123911588,460,916,0.6135298057602143,0.7463697967086157,771,145,0.7463697967086157,0.31521739130434784,0.6135298057602143,167,833,4.9880239520958085,0.013395847287340924,0.006028131279303416,0.0,0.006028131279303416,0.4908845229924502,0.27426911580110713,0.0,1.0,0.40766557995881947,0.3262695624275068,0.0,1.0,0.6112302676733012,0.2757384547382892,0.0,1.0,0.5398721688400824,0.24202727437110347,0.0,1.0,95,0.16954787234042554,2.3949468085106385,6
58,1516,462,15.974428320140714,24.73746701846966,23,11,0,11,994,0.660904255319149,510,902,0.5997340425531915,0.6981891348088531,694,208,0.6981891348088531,0.40784313725490196,0.5997340425531915,166,842,5.072289156626506,0.015292553191489361,0.007313829787234043,0.0,0.007313829787234043,0.4934249723380713,0.27443753796426584,0.0,1.0,0.40788577751297983,0.3267848462908573,0.0,1.0,0.610030640905609,0.2758183824837276,0.0,1.0,0.5405991999319091,0.24242388148006105,0.0,1.0,95,0.16820580474934038,2.411609498680739,6
59,1513,434,16.08263934787397,25.59881031064111,11,14,0,14,1038,0.6846965699208444,478,905,0.5969656992084432,0.6868978805394991,713,192,0.6868978805394991,0.401673640167364,0.5969656992084432,160,837,5.23125,0.007255936675461741,0.009234828496042216,0.0,0.009234828496042216,0.49274033643903375,0.2748041058469519,0.0,1.0,0.40658380060976906,0.3270608171458079,0.0,1.0,0.6107498454256658,0.2757343452341401,0.0,1.0,0.540413193185937,0.24196575802425965,0.0,1.0,94,0.16853932584269662,2.4203569068076667,6
60,1530,401,15.946819172113281,26.162745098039217,26,9,0,9,1033,0.6827495042961005,480,938,0.619960343688037,0.7192642787996127,743,195,0.7192642787996127,0.40625,0.619960343688037,163,868,5.325153374233129,0.017184401850627893,0.005948446794448116,0.0,0.005948446794448116,0.49512966476913345,0.2745370267808795,0.0,1.0,0.40695762175838074,0.32706146179500173,0.0,1.0,0.613999578325954,0.27530715147536244,0.0,1.0,0.5409867172675522,0.2412006219128507,0.0,1.0,94,0.16797385620915034,2.430065359477124,6
61,1533,380,15.944400956729716,26.8969341161122,17,14,0,14,1043,0.6816993464052288,487,900,0.5882352941176471,0.6999041227229147,730,170,0.6999041227229147,0.3490759753593429,0.5882352941176471,158,837,5.2974683544303796,0.011111111111111112,0.009150326797385621,0.0,0.009150326797385621,0.4947919954548324,0.2745053458484019,0.0,1.0,0.4068135429160617,0.3281594554507064,0.0,1.0,0.6155756160175073,0.2736821471070644,0.0,1.0,0.5431475285651158,0.24018021710268875,0.0,1.0,93,0.16829745596868884,2.4409654272667973,6
62,1539,356,15.916309291747881,27.589993502274204,16,10,0,10,1060,0.6914546640574037,473,948,0.6183953033268101,0.7273584905660377,771,177,0.7273584905660377,0.37420718816067655,0.6183953033268101,166,890,5.36144578313253,0.010437051532941943,0.006523157208088715,0.0,0.006523157208088715,0.49630048837745494,0.2755559905080902,0.0,1.0,0.40445199019053013,0.32782272202813595,0.0,1.0,0.6167180196608606,0.27297727652067355,0.0,1.0,0.5444255800792304,0.24099608644455195,0.0,1.0,93,0.16894087069525665,2.4528914879792074,6
63,1557,329,15.748169556840068,28.132305716120744,25,7,0,7,1053,0.6842105263157895,486,944,0.6133853151397011,0.7369420702754036,776,168,0.7369420702754036,0.345679012345679,0.6133853151397011,166,883,5.319277108433735,0.016244314489928524,0.004548408057179987,0.0,0.004548408057179987,0.49795926823709785,0.27607580805252635,0.0,1.0,0.4041063252325605,0.32838958285049624,0.0,1.0,0.6178341309797585,0.2726026217319206,0.0,1.0,0.5450722025400377,0.24038954444963984,0.0,1.0,93,0.1676300578034682,2.4656390494540785,6
64,1560,306,15.746559829059821,28.848717948717947,15,12,0,12,1064,0.6833654463712268,493,975,0.626204238921002,0.7161654135338346,762,213,0.7161654135338346,0.43204868154158216,0.626204238921002,161,913,5.670807453416149,0.009633911368015413,0.007707129094412331,0.0,0.007707129094412331,0.49625723738626965,0.2757255398647656,0.0,1.0,0.4038254755996692,0.32854642778133153,0.0,1.0,0.6182588916459885,0.27150189503739114,0.0,1.0,0.5461745244003309,0.23966909349895177,0.0,1.0,91,0.16794871794871793,2.4756410256410257,6
65,1564,294,15.690473145780043,29.473785166240408,18,14,0,14,1060,0.6794871794871795,500,955,0.6121794871794872,0.7122641509433962,755,200,0.7122641509433962,0.4,0.6121794871794872,166,909,5.475903614457831,0.011538461538461539,0.008974358974358974,0.0,0.008974358974358974,0.49789621318373073,0.27661344480767197,0.0,1.0,0.40223578912630975,0.32817677762867,0.0,1.0,0.6199158485273492,0.2713287484585719,0.0,1.0,0.5472320765613399,0.23919048166264253,0.0,1.0,90,0.16815856777493607,2.491687979539642,6
66,1567,275,15.65598808764092,30.06573069559668,20,17,0,17,1074,0.6867007672634271,490,987,0.631074168797954,0.7346368715083799,789,198,0.7346368715083799,0.40408163265306124,0.631074168797954,171,939,5.491228070175438,0.01278772378516624,0.010869565217391304,0.0,0.010869565217391304,0.49836342301912423,0.2785878909133397,0.0,1.0,0.40084813800769914,0.32832163804836983,0.0,1.0,0.6207052720423245,0.2715232530352123,0.0,1.0,0.5479959651687013,0.23797112891201253,0.0,1.0,90,0.1684747925973197,2.5092533503509893,6
67,1566,257,15.69121616640773,30.89272030651341,11,12,0,12,1058,0.6751754945756222,509,992,0.6330567964262923,0.7344045368620038,777,215,0.7344045368620038,0.4223968565815324,0.6330567964262923,170,944,5.552941176470588,0.007019783024888321,0.007657945118059987,0.0,0.007657945118059987,0.49616858237547895,0.27875751649857156,0.0,1.0,0.3992707947101718,0.32815393079954525,0.0,1.0,0.6211222345816338,0.27133334745949766,0.0,1.0,0.5492728546121204,0.23683680977470695,0.0,1.0,90,0.1685823754789272,2.5127713920817367,6
68,1567,245,15.671981184808233,31.545628589661774,13,12,0,12,1086,0.6934865900383141,480,999,0.6379310344827587,0.7311233885819521,794,205,0.7311233885819521,0.4270833333333333,0.6379310344827587,165,952,5.7696969696969695,0.008301404853128991,0.007662835249042145,0.0,0.007662835249042145,0.4970459270848344,0.2795051555026397,0.0,1.0,0.3967721349609898,0.3276897724759762,0.0,1.0,0.6224962430779999,0.27091369773533,0.0,1.0,0.5500957243139758,0.23666975259657794,0.0,1.0,90,0.16975111678366306,2.530312699425654,6
69,1564,233,15.705314055793586,32.2269820971867,13,16,0,16,1047,0.6681557115507338,520,1024,0.6534779834077856,0.7602674307545367,796,228,0.7602674307545367,0.43846153846153846,0.6534779834077856,172,984,5.72093023255814,0.008296107211231652,0.01021059349074665,0.0,0.01021059349074665,0.496741192970877,0.279982801488837,0.0,1.0,0.3953881692929626,0.3282468620240722,0.0,1.0,0.6246596815444271,0.27054314489312176,0.0,1.0,0.5510065176140583,0.23590324812142913,0.0,1.0,89,0.170076726342711,2.5434782608695654,6
70,1563,221,15.686187577262425,32.856685860524635,19,20,0,20,1095,0.7001278772378516,469,1035,0.6617647058823529,0.7671232876712328,840,195,0.7671232876712328,0.4157782515991471,0.6617647058823529,170,993,5.841176470588235,0.012148337595907928,0.01278772378516624,0.0,0.01278772378516624,0.4960270777867211,0.28023870440910686,0.0,1.0,0.3918023651786267,0.3287187070011422,0.0,1.0,0.6288155532165192,0.26922678985328147,0.0,1.0,0.5546405795306792,0.23316545061146915,0.0,1.0,89,0.17210492642354447,2.5540626999360203,6
71,1562,212,15.677365247499681,33.64340588988476,12,13,0,13,1100,0.7037747920665387,463,1022,0.653870761356366,0.7681818181818182,845,177,0.7681818181818182,0.38228941684665224,0.653870761356366,176,989,5.619318181818182,0.007677543186180422,0.008317338451695458,0.0,0.008317338451695458,0.49661310974350503,0.28147416302237754,0.0,1.0,0.3894510759572095,0.3284072520168512,0.0,1.0,0.6292800793027963,0.2690725688475311,0.0,1.0,0.556090206930734,0.23242414996576502,0.0,1.0,88,0.17285531370038412,2.56145966709347,6
72,1561,216,15.631973852185245,34.506726457399104,8,9,0,9,1122,0.7183098591549296,440,1053,0.6741357234314981,0.7905525846702317,887,166,0.7905525846702317,0.37727272727272726,0.6741357234314981,174,1031,5.925287356321839,0.005121638924455826,0.005761843790012804,0.0,0.005761843790012804,0.49573267756400985,0.2815804668186952,0.0,1.0,0.3888326341675105,0.3284919309813994,0.0,1.0,0.6304891405426629,0.2686091779588522,0.0,1.0,0.5582649666260255,0.2318320174153912,0.0,1.0,88,0.17296604740550928,2.563741191543882,6
73,1565,217,15.560880415289352,35.30862619808307,10,6,0,6,1056,0.6764894298526586,505,1029,0.6591928251121076,0.7916666666666666,836,193,0.7916666666666666,0.3821782178217822,0.6591928251121076,161,991,6.15527950310559,0.0064061499039077515,0.003843689942344651,0.0,0.003843689942344651,0.4958260331856127,0.2814261504485478,0.0,1.0,0.3874265691023394,0.32823634867564383,0.0,1.0,0.6316190868803463,0.26850119506462633,0.0,1.0,0.5591054313099042,0.23209428370477533,0.0,1.0,88,0.1731629392971246,2.56741214057508,6
74,1565,213,15.530848466407562,36.00830670926518,13,13,0,13,1071,0.6843450479233227,494,1053,0.6728434504792332,0.7721755368814193,827,226,0.7721755368814193,0.4574898785425101,0.6728434504792332,173,1022,5.907514450867052,0.008306709265175719,0.008306709265175719,0.0,0.008306709265175719,0.49656807173039264,0.2819365947831138,0.0,1.0,0.3853035143769968,0.32841286866229163,0.0,1.0,0.6320519426981346,0.268087756041502,0.0,1.0,0.5590229825827063,0.23148707498314167,0.0,1.0,87,0.17380191693290734,2.576996805111821,6
75,1562,204,15.55252529871607,36.70998719590269,12,15,0,15,1064,0.6798722044728435,501,1062,0.678594249201278,0.7960526315789473,847,215,0.7960526315789473,0.4291417165668663,0.678594249201278,176,1029,5.846590909090909,0.0076677316293929714,0.009584664536741214,0.0,0.009584664536741214,0.49787286770476225,0.28233957775129465,0.0,1.0,0.3845566065011771,0.3286481887153531,0.0,1.0,0.6334723885837016,0.2674839458865465,0.0,1.0,0.5595597042666557,0.23044907270960027,0.0,1.0,86,0.17349551856594111,2.587067861715749,6
76,1562,204,15.519665039399342,37.45134443021767,10,10,0,10,1070,0.6850192061459667,492,1049,0.6715749039692702,0.7897196261682243,845,204,0.7897196261682243,0.4146341463414634,0.6715749039692702,175,1024,5.851428571428571,0.006402048655569782,0.006402048655569782,0.0,0.006402048655569782,0.4992771880550163,0.28254950612745955,0.0,1.0,0.38408161579447353,0.32860667116023845,0.0,1.0,0.6340506381396885,0.2678769049989079,0.0,1.0,0.5611498905456197,0.2298525990539984,0.0,1.0,86,0.17349551856594111,2.592829705505762,6
77,1557,203,15.536341334751729,38.15992292870906,11,16,0,16,1074,0.6875800256081946,488,1081,0.6920614596670934,0.7905027932960894,849,232,0.7905027932960894,0.47540983606557374,0.6920614596670934,176,1056,6.0,0.007042253521126761,0.010243277848911651,0.0,0.010243277848911651,0.49851865663911155,0.28273849774632875,0.0,1.0,0.38392690658213685,0.32903193847556933,0.0,1.0,0.6363146663351772,0.26651622247964823,0.0,1.0,0.5628483228706984,0.22920540457870534,0.0,1.0,86,0.17276814386640976,2.5998715478484264,6
78,1551,200,15.583462362911094,38.99484203739523,6,12,0,12,1083,0.6955684007707129,474,1101,0.7071290944123314,0.7987072945521699,865,236,0.7987072945521699,0.4978902953586498,0.7071290944123314,176,1074,6.1022727272727275,0.0038535645472061657,0.007707129094412331,0.0,0.007707129094412331,0.4977641895967222,0.28333734495143037,0.0,1.0,0.38222998689711113,0.32869223136408376,0.0,1.0,0.6381938811588778,0.2661084928363138,0.0,1.0,0.5635282128075539,0.2282758062820035,0.0,1.0,86,0.172147001934236,2.6099290780141846,6
79,1548,201,15.573121332892018,39.627260981912144,11,14,0,14,1079,0.6956802063185042,472,1091,0.7034171502256609,0.8202038924930491,885,206,0.8202038924930491,0.4364406779661017,0.7034171502256609,164,1056,6.439024390243903,0.0070921985815602835,0.009026434558349452,0.0,0.009026434558349452,0.4984371092773194,0.2837954727795938,0.0,1.0,0.38022005501375344,0.32816051302003135,0.0,1.0,0.6389305659748271,0.2661448153016106,0.0,1.0,0.5648703842627323,0.22776100299661284,0.0,1.0,85,0.1731266149870801,2.6233850129198966,6
80,1546,203,15.554012281945386,40.442432082794305,7,9,0,9,1109,0.7164082687338501,439,1091,0.7047803617571059,0.8169522091974752,906,185,0.8169522091974752,0.4214123006833713,0.7047803617571059,178,1071,6.01685393258427,0.004521963824289405,0.005813953488372093,0.0,0.005813953488372093,0.4990819179568502,0.28405230658684605,0.0,1.0,0.3798564453532529,0.3281548145784286,0.0,1.0,0.6408004006176188,0.2663339673895167,0.0,1.0,0.5653507490714852,0.22758710497718063,0.0,1.0,85,0.17270375161707632,2.628719275549806,6
81,1541,206,15.55574496293807,41.02920181700195,11,16,0,16,1090,0.705045278137128,456,1095,0.7082794307891332,0.8220183486238533,896,199,0.8220183486238533,0.43640350877192985,0.7082794307891332,179,1077,6.016759776536313,0.0071151358344113845,0.01034928848641656,0.0,0.01034928848641656,0.499047539302087,0.28452777989384004,0.0,1.0,0.37780243243809003,0.32759502305434096,0.0,1.0,0.6419375771911829,0.2658272930420918,0.0,1.0,0.5672688451152372,0.22653350022441565,0.0,1.0,85,0.17261518494484102,2.645684620376379,6
82,1532,213,15.611511959021476,41.88577023498694,4,13,0,13,1083,0.7027903958468527,458,1123,0.7287475665152499,0.8347183748845799,904,219,0.8347183748845799,0.4781659388646288,0.7287475665152499,173,1103,6.375722543352601,0.0025957170668397143,0.008436080467229072,0.0,0.008436080467229072,0.49871557314916193,0.2846696095516883,0.0,1.0,0.377853112103091,0.3277788063861421,0.0,1.0,0.6422344815969006,0.26532722817165705,0.0,1.0,0.5681588478059463,0.225682282429606,0.0,1.0,84,0.17297650130548303,2.6527415143603132,6
83,1520,208,15.731305355791632,42.73947368421052,6,18,0,18,1091,0.7121409921671018,441,1086,0.7088772845953003,0.8111824014665444,885,201,0.8111824014665444,0.4557823129251701,0.7088772845953003,181,1062,5.867403314917127,0.0039164490861618795,0.01174934725848564,0.0,0.01174934725848564,0.4976018675721562,0.28466906174107265,0.0,1.0,0.37786502546689305,0.3272607336427557,0.0,1.0,0.6449066213921901,0.26406684853992535,0.0,1.0,0.5698005093378607,0.22510686235043684,0.0,1.0,84,0.17434210526315788,2.658552631578947,6
84,1515,208,15.773394241401924,43.603300330033,4,9,0,9,1081,0.7111842105263158,439,1131,0.7440789473684211,0.8270120259019427,894,237,0.8270120259019427,0.5398633257403189,0.7440789473684211,180,1111,6.1722222222222225,0.002631578947368421,0.0059210526315789476,0.0,0.0059210526315789476,0.49624188225274135,0.2841425433835734,0.0,1.0,0.37862237836686896,0.32778453742768004,0.0,1.0,0.6465027147876078,0.2631255826377095,0.0,1.0,0.5707228787394868,0.2241941231389818,0.0,1.0,83,0.17557755775577558,2.6627062706270626,6
85,1512,216,15.750016937207175,44.2255291005291,10,13,0,13,1085,0.7161716171617162,430,1095,0.7227722772277227,0.8368663594470046,908,187,0.8368663594470046,0.43488372093023253,0.7227722772277227,167,1070,6.407185628742515,0.006600660066006601,0.008580858085808581,0.0,0.008580858085808581,0.49705581157194056,0.2844572178322988,0.0,1.0,0.3794802867383512,0.32886930881407717,0.0,1.0,0.6492148830858508,0.2609738035812583,0.0,1.0,0.5720259429936849,0.22373057231208354,0.0,1.0,83,0.17592592592592593,2.6765873015873014,6
86,1510,212,15.774255370236586,44.89536423841059,9,11,0,11,1038,0.6865079365079365,474,1129,0.7466931216931217,0.848747591522158,881,248,0.848747591522158,0.5232067510548524,0.7466931216931217,180,1105,6.138888888888889,0.005952380952380952,0.007275132275132275,0.0,0.007275132275132275,0.49794915616321295,0.2846818407126813,0.0,1.0,0.3795556505020295,0.3292772936435422,0.0,1.0,0.6510788293099765,0.25956382729816646,0.0,1.0,0.5731254005554368,0.2223031320195693,0.03225806451612903,1.0,82,0.176158940397351,2.6880794701986757,6
87,1516,217,15.672422345464323,45.52440633245383,11,5,0,5,1056,0.6993377483443709,454,1079,0.714569536423841,0.8229166666666666,869,210,0.8229166666666666,0.46255506607929514,0.714569536423841,168,1052,6.261904761904762,0.00728476821192053,0.0033112582781456954,0.0,0.0033112582781456954,0.49789343773938205,0.28443560777126237,0.0,1.0,0.379053536471189,0.3294691238773056,0.0,1.0,0.6516512043578176,0.2587891428004402,0.0,1.0,0.5728147076346923,0.2221761578000119,0.03225806451612903,1.0,81,0.17678100263852242,2.699208443271768,6
88,1512,227,15.652971081827985,46.208333333333336,9,13,0,13,1090,0.7189973614775725,426,1145,0.7552770448548812,0.8339449541284404,909,236,0.8339449541284404,0.5539906103286385,0.7552770448548812,171,1126,6.584795321637427,0.005936675461741424,0.008575197889182058,0.0,0.008575197889182058,0.4973544973544973,0.2843585205100804,0.0,1.0,0.3785202252944188,0.3293653281177886,0.0,1.0,0.6519030551288616,0.2585733240301653,0.0,1.0,0.5743727598566308,0.22123856298516167,0.03225806451612903,1.0,79,0.1779100529100529,2.7123015873015874,6
89,1510,228,15.652105213117594,46.912582781456955,10,12,0,12,1053,0.6964285714285714,459,1152,0.7619047619047619,0.8613485280151947,907,245,0.8613485280151947,0.5337690631808278,0.7619047619047619,171,1124,6.573099415204679,0.006613756613756613,0.007936507936507936,0.0,0.007936507936507936,0.4970305490279855,0.2849278076213819,0.0,1.0,0.3778252510147404,0.3298991024785028,0.0,1.0,0.6535996581926939,0.25788777352025366,0.0,1.0,0.5738944669942321,0.2203288849709595,0.03225806451612903,1.0,79,0.17947019867549668,2.723841059602649,6
90,1510,230,15.630955824964484,47.664900662251654,7,7,0,7,1073,0.7105960264900663,437,1194,0.7907284768211921,0.8769804287045666,941,253,0.8769804287045666,0.5789473684210527,0.7907284768211921,172,1168,6.790697674418604,0.004635761589403974,0.004635761589403974,0.0,0.004635761589403974,0.49709463789788505,0.28520647156353884,0.0,1.0,0.3777825251014741,0.3300002397424794,0.0,1.0,0.6535142063661611,0.2572189660681785,0.0,1.0,0.5748130741294596,0.21975541017642478,0.03225806451612903,1.0,78,0.17947019867549668,2.7317880794701987,6
91,1509,243,15.596251355663599,48.36911862160371,7,8,0,8,1033,0.6841059602649007,477,1161,0.7688741721854304,0.8809293320425944,910,251,0.8809293320425944,0.5262054507337526,0.7688741721854304,169,1143,6.763313609467455,0.004635761589403974,0.005298013245033113,0.0,0.005298013245033113,0.49757369759935016,0.28522778698161616,0.0,1.0,0.3786528142970136,0.3306350369458291,0.0,1.0,0.6558070929263131,0.2560763348086626,0.0,1.0,0.5757284251480365,0.2193246315089866,0.03225806451612903,1.0,77,0.1802518223989397,2.740888005301524,6
92,1509,246,15.58014797594193,49.15506958250497,5,5,0,5,1067,0.707090788601723,442,1179,0.7813121272365805,0.872539831302718,931,248,0.872539831302718,0.5610859728506787,0.7813121272365805,173,1155,6.676300578034682,0.0033134526176275677,0.0033134526176275677,0.0,0.0033134526176275677,0.4982150110092135,0.2857349441313255,0.0,1.0,0.37807563222813656,0.3303349672611954,0.0,1.0,0.6567049317001219,0.2554442201513335,0.0,1.0,0.5765193783535347,0.21953420022024106,0.03225806451612903,1.0,75,0.1802518223989397,2.7448641484426775,6
93,1506,241,15.612657532175382,49.97410358565737,7,10,0,10,1076,0.7130550033134526,433,1148,0.7607687210072896,0.8401486988847584,904,244,0.8401486988847584,0.5635103926096998,0.7607687210072896,180,1123,6.238888888888889,0.004638833664678595,0.0066269052352551355,0.0,0.0066269052352551355,0.49886475602964486,0.28578739711013457,0.0,1.0,0.3779934027331534,0.33047055832204736,0.0,1.0,0.6571563209527482,0.25548090663243456,0.0,1.0,0.5770252324037185,0.21842456662860496,0.03225806451612903,1.0,74,0.17928286852589642,2.747011952191235,6
94,1501,245,15.644973745696172,50.79680213191206,3,8,0,8,1088,0.7224435590969456,418,1173,0.7788844621513944,0.8676470588235294,944,229,0.8676470588235294,0.5478468899521531,0.7788844621513944,172,1149,6.680232558139535,0.00199203187250996,0.005312084993359893,0.0,0.005312084993359893,0.498936193075584,0.2860049420165687,0.0,1.0,0.3776836947411403,0.33063402423905297,0.0,1.0,0.6590015258644775,0.25439801176592014,0.0,1.0,0.5778083428252133,0.21832551772724082,0.03225806451612903,1.0,73,0.1798800799467022,2.755496335776149,6
95,1494,246,15.708950641871901,51.712182061579654,2,9,0,9,1103,0.7348434377081945,398,1164,0.7754830113257828,0.8594741613780599,948,216,0.8594741613780599,0.542713567839196,0.7754830113257828,182,1147,6.302197802197802,0.0013324450366422385,0.005996002664890073,0.0,0.005996002664890073,0.49930906421384463,0.2856094897001565,0.0,1.0,0.37744526493069047,0.33082404424299167,0.0,1.0,0.6589584143023708,0.25388189256009863,0.0,1.0,0.5781837025521441,0.21814608764569496,0.03225806451612903,1.0,72,0.18005354752342703,2.7590361445783134,6
96,1493,255,15.674940252681091,52.393168117883455,7,8,0,8,1079,0.7222222222222222,415,1151,0.7704149933065596,0.8591288229842446,927,224,0.8591288229842446,0.5397590361445783,0.7704149933065596,179,1139,6.363128491620111,0.004685408299866131,0.00535475234270415,0.0,0.00535475234270415,0.5000972279238597,0.28519532984102575,0.0,1.0,0.3777196810924097,0.3312722301920553,0.0,1.0,0.6593565672061016,0.254268865009624,0.0,1.0,0.5783332973229912,0.21790914979593162,0.03225806451612903,1.0,71,0.17950435365036838,2.77093101138647,6
97,1488,258,15.723761879250064,53.30174731182796,2,7,0,7,1071,0.7173476222371065,422,1174,0.7863362357669123,0.8720821661998133,934,240,0.8720821661998133,0.5687203791469194,0.7863362357669123,171,1148,6.713450292397661,0.0013395847287340924,0.004688546550569324,0.0,0.004688546550569324,0.49967481789802287,0.2855842479862158,0.0,1.0,0.3773846687478321,0.3318022846776656,0.0,1.0,0.6602714186611169,0.25357661576823176,0.0,1.0,0.5788458203260493,0.21741630160451542,0.03225806451612903,1.0,71,0.18010752688172044,2.7768817204301075,6
98,1483,260,15.779746568195252,54.17194875252866,2,7,0,7,1065,0.7157258064516129,423,1216,0.8172043010752689,0.8863849765258216,944,272,0.8863849765258216,0.6430260047281324,0.8172043010752689,184,1202,6.532608695652174,0.0013440860215053765,0.004704301075268817,0.0,0.004704301075268817,0.49994562025536726,0.2855065784138291,0.0,1.0,0.3777652100145738,0.3314624597282222,0.0,1.0,0.6607574010832445,0.2527517778818113,0.0,1.0,0.579013768951341,0.2171611417246462,0.03225806451612903,1.0,70,0.18004045853000675,2.781523937963587,6
99,1478,262,15.821861535666228,54.960757780784846,3,8,0,8,1097,0.7397167902899529,386,1175,0.7923128792987189,0.8787602552415679,964,211,0.8787602552415679,0.5466321243523317,0.7923128792987189,169,1146,6.781065088757397,0.0020229265003371545,0.005394470667565745,0.0,0.005394470667565745,0.5006984154699027,0.285582687758224,0.0,1.0,0.3765987166615741,0.3312834340550798,0.0,1.0,0.6617050067658998,0.25179714323706714,0.0,1.0,0.5786590422977869,0.21695807638357845,0.03225806451612903,1.0,70,0.17997293640054127,2.7922868741542626,6
100,1471,273,15.858449039682588,55.76002719238613,4,11,0,11,1082,0.7320703653585927,396,1182,0.7997293640054127,0.8826247689463955,955,227,0.8826247689463955,0.5732323232323232,0.7997293640054127,178,1171,6.578651685393258,0.0027063599458728013,0.007442489851150203,0.0,0.007442489851150203,0.5000767527027916,0.28582232899723997,0.0,1.0,0.3765487598956163,0.33144091396807857,0.0,1.0,0.6627486239336856,0.2512881164223511,0.0,1.0,0.5785399442994671,0.21655826548908919,0.03225806451612903,1.0,69,0.1794697484704283,2.7987763426240653,6
101,1472,283,15.812162506051537,56.28940217391305,10,9,0,9,1025,0.6968048946295038,446,1135,0.7715839564921821,0.8614634146341463,883,252,0.8614634146341463,0.5650224215246636,0.7715839564921821,166,1111,6.692771084337349,0.006798096532970768,0.006118286879673691,0.0,0.006118286879673691,0.500898492286115,0.28611230713879393,0.0,1.0,0.3767093267882188,0.3314793880042032,0.0,1.0,0.6654102384291726,0.2503249555419944,0.0,1.0,0.5784098877980365,0.21621544958811975,0.03225806451612903,1.0,68,0.1800271739130435,2.8158967391304346,6
102,1464,292,15.859469420325965,57.0792349726776,6,14,0,14,1088,0.7391304347826086,384,1139,0.7737771739130435,0.859375,935,204,0.859375,0.53125,0.7737771739130435,176,1124,6.386363636363637,0.004076086956521739,0.009510869565217392,0.0,0.009510869565217392,0.5017847699629826,0.2865417662769029,0.0,1.0,0.37449321346730124,0.3307386737331109,0.0,1.0,0.6665785298783712,0.2500386005603984,0.0,1.0,0.5778247840648687,0.2159609952241738,0.03225806451612903,1.0,67,0.18101092896174864,2.828551912568306,6
103,1464,300,15.841077800881829,57.778688524590166,8,8,0,8,1018,0.6953551912568307,446,1186,0.8101092896174863,0.8899803536345776,906,280,0.8899803536345776,0.6278026905829597,0.8101092896174863,172,1166,6.77906976744186,0.00546448087431694,0.00546448087431694,0.0,0.00546448087431694,0.5029305482108232,0.28608299242127877,0.0,1.0,0.3722897937599154,0.33083002594955957,0.0,1.0,0.6665124272871497,0.2505738414442934,0.0,1.0,0.5768552793936189,0.21557719716553078,0.03225806451612903,1.0,67,0.18101092896174864,2.83879781420765,6
104,1460,308,15.868395413876536,58.61095890410959,3,7,0,7,1060,0.7240437158469946,404,1174,0.8019125683060109,0.8849056603773585,938,236,0.8849056603773585,0.5841584158415841,0.8019125683060109,175,1157,6.611428571428571,0.0020491803278688526,0.0047814207650273225,0.0,0.0047814207650273225,0.5030711444984534,0.2861831954796847,0.0,1.0,0.3720945647370747,0.33104582010008515,0.0,1.0,0.6673000441891295,0.24993880628540416,0.0,1.0,0.5772646928855502,0.21506052021076527,0.03225806451612903,1.0,64,0.1815068493150685,2.8431506849315067,6
105,1462,312,15.83141214421711,59.26333789329686,8,6,0,6,1053,0.7212328767123287,407,1214,0.8315068493150685,0.8869895536562203,934,280,0.8869895536562203,0.687960687960688,0.8315068493150685,180,1198,6.655555555555556,0.005479452054794521,0.00410958904109589,0.0,0.00410958904109589,0.5015445037730021,0.28560931523713917,0.0,1.0,0.37357133400997306,0.33131889140322696,0.0,1.0,0.6673800803141963,0.24953553560121067,0.0,1.0,0.5772913816689467,0.21505114749777263,0.03225806451612903,1.0,63,0.1826265389876881,2.847469220246238,6
106,1462,317,15.826943379967222,60.10738714090287,3,3,0,3,1057,0.7229822161422709,405,1211,0.8283173734610123,0.8997161778618732,951,260,0.8997161778618732,0.6419753086419753,0.8283173734610123,177,1193,6.740112994350283,0.002051983584131327,0.002051983584131327,0.0,0.002051983584131327,0.5022064339614315,0.2861949841655824,0.0,1.0,0.37282114646308634,0.3314871608726497,0.0,1.0,0.6688142623891268,0.24907955990543612,0.0,1.0,0.5770045452539606,0.21449469942192537,0.03225806451612903,1.0,62,0.1826265389876881,2.8529411764705883,6
107,1461,318,15.841599886560592,60.87542778918549,5,6,0,6,1054,0.7209302325581395,408,1207,0.8255813953488372,0.9003795066413662,949,258,0.9003795066413662,0.6323529411764706,0.8255813953488372,173,1181,6.826589595375722,0.003419972640218878,0.004103967168262654,0.0,0.004103967168262654,0.5025060166478991,0.28627770213563936,0.0,1.0,0.3728334547702634,0.3315358099128022,0.0,1.0,0.6686096575478572,0.2493620450643071,0.0,1.0,0.5769137356207635,0.2146196592227698,0.03225806451612903,1.0,62,0.18206707734428473,2.8603696098562628,6
108,1459,321,15.866161095192505,61.72995202193283,4,6,0,6,1047,0.7166324435318275,414,1185,0.811088295687885,0.897803247373448,940,245,0.897803247373448,0.5917874396135265,0.811088295687885,180,1168,6.488888888888889,0.0027378507871321013,0.004106776180698152,0.0,0.004106776180698152,0.5044329965287758,0.2863851604299644,0.0,1.0,0.3730792190851002,0.3315028885021587,0.0,1.0,0.6699462734086538,0.24915485006941487,0.0,1.0,0.5771960467841429,0.21500214595335243,0.03225806451612903,1.0,62,0.18300205620287868,2.8594928032899247,6
109,1455,330,15.873571836803054,62.57113402061856,4,8,0,8,1105,0.7573680603152845,354,1227,0.8409869773817683,0.9158371040723982,1012,215,0.9158371040723982,0.6073446327683616,0.8409869773817683,173,1209,6.988439306358382,0.0027416038382453737,0.0054832076764907475,0.0,0.0054832076764907475,0.5054206850681743,0.2867230128261452,0.0,1.0,0.3737279680744928,0.33125365117101957,0.0,1.0,0.6707016960425674,0.24909575899276082,0.0,1.0,0.5775412925396298,0.2146840784519207,0.03225806451612903,1.0,62,0.18144329896907216,2.859106529209622,6
110,1458,337,15.812099526831545,63.23593964334705,9,6,0,6,1053,0.7237113402061855,402,1193,0.8199312714776632,0.8955365622032289,943,250,0.8955365622032289,0.6218905472636815,0.8199312714776632,173,1173,6.780346820809249,0.006185567010309278,0.004123711340206186,0.0,0.004123711340206186,0.5056197176866233,0.2869178181185098,0.0,1.0,0.374352847471127,0.33133228204383425,0.0,1.0,0.6713571396964467,0.24838952122399652,0.0,1.0,0.5771273065179876,0.21488387769705103,0.03225806451612903,1.0,62,0.18175582990397804,2.8641975308641974,6
111,1452,337,15.874264552495303,63.946280991735534,4,10,0,10,1099,0.7537722908093278,359,1217,0.8347050754458162,0.9090081892629663,999,218,0.9090081892629663,0.6072423398328691,0.8347050754458162,178,1195,6.713483146067416,0.0027434842249657062,0.006858710562414266,0.0,0.006858710562414266,0.507486892384253,0.2868718577005932,0.0,1.0,0.37398915844663644,0.33118172279569175,0.0,1.0,0.6726206344974673,0.2476658777808023,0.0,1.0,0.5772460677152759,0.21516627860498666,0.03225806451612903,1.0,59,0.18181818181818182,2.87603305785124,6
112,1455,346,15.816361439950423,64.7298969072165,6,3,0,3,1054,0.7258953168044077,398,1231,0.8477961432506887,0.926944971537002,977,254,0.926944971537002,0.6381909547738693,0.8477961432506887,177,1217,6.875706214689266,0.004132231404958678,0.002066115702479339,0.0,0.002066115702479339,0.5081919964527214,0.287180667002598,0.0,1.0,0.37228688615452826,0.33088665503347026,0.0,1.0,0.6721871189446846,0.2480482199400224,0.0,1.0,0.5766323024054982,0.21549530746606985,0.03225806451612903,1.0,59,0.18281786941580755,2.8831615120274914,6
113,1455,348,15.803116899992245,65.29415807560137,8,8,0,8,1070,0.7353951890034365,385,1196,0.8219931271477663,0.8785046728971962,940,256,0.8785046728971962,0.6649350649350649,0.8219931271477663,177,1175,6.638418079096045,0.005498281786941581,0.005498281786941581,0.0,0.005498281786941581,0.510519898015741,0.2867384068711707,0.0,1.0,0.3736836270923401,0.331545354447606,0.0,1.0,0.6731847910431216,0.24722254257126383,0.0,1.0,0.57778516794147,0.21556678009975905,0.03225806451612903,1.0,57,0.18281786941580755,2.8920962199312714,6
114,1454,356,15.77905713284569,66.0777166437414,4,5,0,5,1110,0.7628865979381443,345,1210,0.8316151202749141,0.9009009009009009,1000,210,0.9009009009009009,0.6086956521739131,0.8316151202749141,180,1198,6.655555555555556,0.0027491408934707906,0.003436426116838488,0.0,0.003436426116838488,0.5121134134978036,0.28645432460122316,0.0,1.0,0.3738297022673825,0.33165354015463083,0.0,1.0,0.6734037360784487,0.24712594695449053,0.0,1.0,0.5778497581754448,0.2155737103870043,0.03225806451612903,1.0,57,0.18225584594222832,2.8975240715268225,6
115,1449,365,15.793536456731786,66.77294685990339,5,10,0,10,1108,0.7620357634112792,346,1219,0.8383768913342503,0.9016245487364621,999,220,0.9016245487364621,0.6358381502890174,0.8383768913342503,175,1203,6.8742857142857146,0.0034387895460797797,0.0068775790921595595,0.0,0.0068775790921595595,0.5125002782786794,0.286194074694831,0.0,1.0,0.3735167746387943,0.33172679450998394,0.0,1.0,0.6754825352300808,0.24665000839218013,0.0,1.0,0.5769273581335292,0.21543036705394808,0.03225806451612903,1.0,54,0.1828847481021394,2.9061421670117324,6
116,1453,371,15.715171059722037,67.4735030970406,7,3,0,3,1104,0.7619047619047619,345,1225,0.8454106280193237,0.9103260869565217,1005,220,0.9103260869565217,0.6376811594202898,0.8454106280193237,175,1206,6.8914285714285715,0.004830917874396135,0.002070393374741201,0.0,0.002070393374741201,0.5134427102990475,0.2862859079622743,0.0,1.0,0.37364296339053793,0.33193943149550476,0.0,1.0,0.675820882268055,0.24690365053918778,0.0,1.0,0.5767377838953889,0.21514183385242555,0.03225806451612903,1.0,54,0.182381280110117,2.909841706813489,6
117,1457,386,15.613470750246709,68.17913520933425,6,2,0,2,1091,0.7508602890571232,362,1212,0.8341362697866483,0.9028414298808433,985,227,0.9028414298808433,0.6270718232044199,0.8341362697866483,167,1194,7.149700598802395,0.0041293874741913286,0.0013764624913971094,0.0,0.0013764624913971094,0.5127416033830008,0.2863045639588745,0.0,1.0,0.3735027785772798,0.3320904906828877,0.0,1.0,0.6758252706622092,0.2469176418668898,0.0,1.0,0.5763499900369738,0.21508466866011122,0.03225806451612903,1.0,54,0.182566918325326,2.9162663006177074,6
118,1452,391,15.657196263395042,69.11157024793388,1,6,0,6,1099,0.7542896362388469,358,1233,0.8462594371997255,0.9017288444040037,991,242,0.9017288444040037,0.6759776536312849,0.8462594371997255,179,1217,6.798882681564246,0.0006863417982155113,0.004118050789293068,0.0,0.004118050789293068,0.5140407002577091,0.2861929637219399,0.0,1.0,0.372633964276193,0.3319974557633461,0.0,1.0,0.6765084866257887,0.24709513709422434,0.0,1.0,0.5764907135874878,0.21486303525762804,0.03225806451612903,1.0,54,0.1825068870523416,2.918044077134986,6
119,1447,400,15.689702759508368,69.9163787145819,3,8,0,8,1075,0.740358126721763,377,1210,0.8333333333333334,0.8930232558139535,960,250,0.8930232558139535,0.6631299734748011,0.8333333333333334,169,1188,7.029585798816568,0.002066115702479339,0.005509641873278237,0.0,0.005509641873278237,0.5145239316048777,0.2861880174918385,0.0,1.0,0.3716699734712531,0.33230441599997884,0.0,1.0,0.6772410103216889,0.2466078840939816,0.0,1.0,0.5757406870722518,0.2153435569978523,0.03225806451612903,1.0,54,0.18313752591568763,2.9239806496199034,6
120,1443,406,15.719336351936683,70.75537075537075,2,6,0,6,1094,0.756046993780235,353,1239,0.8562543192812716,0.9195612431444241,1006,233,0.9195612431444241,0.660056657223796,0.8562543192812716,179,1224,6.837988826815643,0.00138217000691085,0.00414651002073255,0.0,0.00414651002073255,0.5151230635101604,0.2863542941624183,0.0,1.0,0.37057653186685446,0.33219801324731685,0.0,1.0,0.6773299353944515,0.24684726911531985,0.0,1.0,0.5759059307446404,0.21554866786195997,0.03225806451612903,1.0,54,0.18364518364518365,2.9272349272349274,6
121,1439,408,15.775542471192553,71.60806115357887,3,7,0,7,1051,0.7283437283437283,392,1228,0.851004851004851,0.9134157944814463,960,268,0.9134157944814463,0.6836734693877551,0.851004851004851,179,1209,6.754189944134078,0.002079002079002079,0.004851004851004851,0.0,0.004851004851004851,0.5161738662601717,0.2861163173663091,0.0,1.0,0.37028402340334915,0.33222279781169295,0.0,1.0,0.6779797798650496,0.24648492992981738,0.0,1.0,0.5759151740680132,0.21542753174886997,0.03225806451612903,1.0,53,0.18276580958999306,2.9325920778318277,6
122,1435,417,15.786088706805062,72.3205574912892,5,9,0,9,1097,0.7623349548297429,342,1236,0.8589298123697012,0.9124886052871468,1001,235,0.9124886052871468,0.6871345029239766,0.8589298123697012,181,1226,6.773480662983426,0.0034746351633078527,0.006254343293954135,0.0,0.006254343293954135,0.5168483758570305,0.2860655845505484,0.0,1.0,0.3710464201416208,0.33262843294767924,0.0,1.0,0.678475890749691,0.24588173549206152,0.0,1.0,0.5763066202090592,0.21548033497712074,0.03225806451612903,1.0,50,0.18257839721254354,2.9344947735191638,6
123,1430,427,15.82220543409939,73.23636363636363,4,9,0,9,1057,0.7365853658536585,378,1197,0.8341463414634146,0.9016083254493851,953,244,0.9016083254493851,0.6455026455026455,0.8341463414634146,178,1185,6.657303370786517,0.0027874564459930314,0.0062717770034843206,0.0,0.0062717770034843206,0.5178434468757049,0.2856759780880715,0.0,1.0,0.37126099706744864,0.3328386818002988,0.0,1.0,0.6798781863297992,0.245288727620793,0.0,1.0,0.5762688923979247,0.2154393734489046,0.03225806451612903,1.0,50,0.18321678321678322,2.937062937062937,6
124,1428,436,15.828469027144346,74.07352941176471,2,4,0,4,1079,0.7545454545454545,351,1206,0.8433566433566434,0.9128822984244671,985,221,0.9128822984244671,0.6296296296296297,0.8433566433566434,179,1194,6.670391061452514,0.0013986013986013986,0.002797202797202797,0.0,0.002797202797202797,0.5186590765338394,0.2856276502255544,0.0,1.0,0.3711032800216861,0.33316092378458984,0.0,1.0,0.6815306767868438,0.2441956472810844,0.0,1.0,0.5758561489111774,0.21522965373691136,0.03225806451612903,1.0,47,0.18347338935574228,2.942577030812325,6
125,1432,446,15.75073587343724,74.72206703910615,6,2,0,2,1080,0.7563025210084033,348,1230,0.8613445378151261,0.9231481481481482,997,233,0.9231481481481482,0.6695402298850575,0.8613445378151261,173,1213,7.011560693641618,0.004201680672268907,0.0014005602240896359,0.0,0.0014005602240896359,0.5178861056046135,0.28581449114601326,0.0,1.0,0.37011173184357543,0.3332605287463721,0.0,1.0,0.6825554153901604,0.24375136744576825,0.0,1.0,0.5756217336457019,0.2154788062122377,0.03225806451612903,1.0,46,0.18435754189944134,2.9490223463687153,6
126,1425,457,15.804079229802763,75.57684210526315,3,10,0,10,1073,0.7493016759776536,359,1220,0.8519553072625698,0.9217148182665424,989,231,0.9217148182665424,0.6434540389972145,0.8519553072625698,172,1203,6.994186046511628,0.002094972067039106,0.006983240223463687,0.0,0.006983240223463687,0.5176910016977929,0.2853381579700108,0.0,1.0,0.36971137521222414,0.33326076405343397,0.0,1.0,0.6823769100169779,0.24382823944228119,0.0,1.0,0.5755744199207697,0.2158730101779912,0.03225806451612903,1.0,44,0.18456140350877193,2.951578947368421,6
127,1421,458,15.858872702495177,76.53976073187896,3,7,0,7,1078,0.7564912280701754,347,1253,0.8792982456140351,0.9406307977736549,1014,239,0.9406307977736549,0.6887608069164265,0.8792982456140351,183,1237,6.759562841530054,0.002105263157894737,0.004912280701754386,0.0,0.004912280701754386,0.5184445302036277,0.2854459128177165,0.0,1.0,0.36936732423781526,0.3332767922339176,0.0,1.0,0.6827994824181063,0.2437871859101765,0.0,1.0,0.5761049692401988,0.21560858890197865,0.03225806451612903,1.0,44,0.18296973961998592,2.9528501055594654,6
128,1418,466,15.858012762622819,77.48942172073343,3,6,0,6,1138,0.800844475721323,283,1258,0.8852920478536243,0.9253075571177505,1053,205,0.9253075571177505,0.7243816254416962,0.8852920478536243,176,1242,7.056818181818182,0.00211118930330753,0.00422237860661506,0.0,0.00422237860661506,0.5192001455935211,0.28495751447083284,0.0,1.0,0.36998953546567176,0.3335493499130396,0.0,1.0,0.682697119978161,0.24375695167913838,0.0,1.0,0.576118112743983,0.215838622264166,0.03225806451612903,1.0,44,0.18406205923836388,2.947813822284908,6
129,1417,478,15.841099688425043,78.24417784050812,4,5,0,5,1071,0.7552891396332864,347,1196,0.843441466854725,0.903828197945845,968,228,0.903828197945845,0.6570605187319885,0.843441466854725,168,1176,7.0,0.0028208744710860366,0.003526093088857546,0.0,0.003526093088857546,0.5195437885582899,0.28518936691983043,0.0,1.0,0.3690213308443554,0.33357886294103123,0.0,1.0,0.6826780795410567,0.24352546987155738,0.0,1.0,0.5755457918819861,0.2160057600412002,0.03225806451612903,1.0,44,0.1834862385321101,2.951305575158786,6
130,1417,483,15.857136136283067,79.0409315455187,3,3,0,3,1025,0.7233592095977417,392,1235,0.8715596330275229,0.9190243902439025,942,293,0.9190243902439025,0.7474489795918368,0.8715596330275229,176,1216,6.909090909090909,0.002117148906139732,0.002117148906139732,0.0,0.002117148906139732,0.5202039747763335,0.28512017758674557,0.0,1.0,0.36924898126437045,0.3333576941182187,0.0,1.0,0.6822683087850296,0.24374194850702394,0.0,1.0,0.5755913219659891,0.2161563646818191,0.03225806451612903,1.0,44,0.18278052223006352,2.952011291460833,6
131,1422,491,15.77614203514641,79.54289732770745,8,3,0,3,1062,0.7494707127734651,355,1245,0.8786167960479887,0.9378531073446328,996,249,0.9378531073446328,0.7014084507042253,0.8786167960479887,178,1231,6.915730337078652,0.0056457304163726185,0.002117148906139732,0.0,0.002117148906139732,0.5217775962978086,0.28548746431795213,0.0,1.0,0.36933442221314816,0.3332058204698963,0.0,1.0,0.6832267138514586,0.24354291529236105,0.0,1.0,0.5758586271040333,0.21611229089492365,0.03225806451612903,1.0,44,0.18143459915611815,2.957805907172996,6
132,1421,495,15.797780283631539,80.35256861365235,4,5,0,5,1040,0.7313642756680732,382,1219,0.8572433192686357,0.9182692307692307,955,264,0.9182692307692307,0.6910994764397905,0.8572433192686357,177,1200,6.779661016949152,0.0028129395218002813,0.0035161744022503515,0.0,0.0035161744022503515,0.5213729540759574,0.2857084525937649,0.0,1.0,0.36973053960182517,0.3332827329236903,0.0,1.0,0.6827086785771038,0.24364795437551245,0.0,1.0,0.5757190529159384,0.2159513700808336,0.03225806451612903,1.0,44,0.18015482054890922,2.961294862772695,6
133,1419,502,15.820048763899003,81.14094432699083,3,5,0,5,1050,0.7389162561576355,371,1246,0.8768472906403941,0.9171428571428571,963,283,0.9171428571428571,0.7628032345013477,0.8768472906403941,186,1239,6.661290322580645,0.00211118930330753,0.003518648838845883,0.0,0.003518648838845883,0.5219032030734957,0.28542081110460726,0.0,1.0,0.3707517788538044,0.33334765449337983,0.0,1.0,0.6835117870376685,0.24324534828024097,0.0,1.0,0.5756893768896769,0.21536698099570037,0.03225806451612903,1.0,42,0.17970401691331925,2.967582804792107,6
134,1421,509,15.786919577227248,81.83391977480647,5,3,0,3,1060,0.7470049330514447,359,1194,0.8414376321353065,0.8896226415094339,943,251,0.8896226415094339,0.6991643454038997,0.8414376321353065,174,1175,6.752873563218391,0.0035236081747709656,0.0021141649048625794,0.0,0.0021141649048625794,0.5220993848039772,0.2854608500034479,0.0,1.0,0.3711607000976141,0.33351998944063194,0.0,1.0,0.6836621189076298,0.24272197487981106,0.0,1.0,0.5757871557966903,0.21540797521024896,0.03225806451612903,1.0,41,0.17945109078114005,2.9704433497536944,6
135,1420,523,15.760886074706212,82.59295774647887,4,5,0,5,1074,0.7558057705840957,347,1170,0.8233638282899367,0.8975791433891993,964,206,0.8975791433891993,0.5936599423631124,0.8233638282899367,167,1151,6.892215568862276,0.0028149190710767065,0.003518648838845883,0.0,0.003518648838845883,0.5226033621081326,0.2855914665109087,0.0,1.0,0.3704452521581099,0.333188407667527,0.0,1.0,0.6838936846887779,0.24282556139928266,0.0,1.0,0.5752158109950023,0.2154549048178532,0.03225806451612903,1.0,40,0.1795774647887324,2.973943661971831,6
136,1426,530,15.656759713984576,83.0827489481066,9,3,0,3,1097,0.7725352112676056,323,1248,0.8788732394366198,0.9325432999088423,1023,225,0.9325432999088423,0.6965944272445821,0.8788732394366198,182,1237,6.7967032967032965,0.006338028169014085,0.002112676056338028,0.0,0.002112676056338028,0.524612043613989,0.2855279600427062,0.0,1.0,0.3700402660272361,0.3328187124249973,0.0,1.0,0.6839116861964439,0.24295392230386756,0.0,1.0,0.5763697235669366,0.21476204253973807,0.03225806451612903,1.0,39,0.1788218793828892,2.9838709677419355,6
137,1426,539,15.629999100531053,84.06030855539971,1,1,0,1,1121,0.7861150070126227,305,1242,0.8709677419354839,0.9161462979482605,1027,215,0.9161462979482605,0.7049180327868853,0.8709677419354839,184,1235,6.711956521739131,0.0007012622720897616,0.0007012622720897616,0.0,0.0007012622720897616,0.5245668008867574,0.28550374267291734,0.0,1.0,0.3696783242093833,0.33287012419448997,0.0,1.0,0.6839116861964439,0.24295392230386756,0.0,1.0,0.5762792381124734,0.2148281682057788,0.03225806451612903,1.0,39,0.1788218793828892,2.9838709677419355,6
138,1427,542,15.630165599161076,84.95374912403643,2,1,0,1,1063,0.7454417952314165,363,1250,0.876577840112202,0.9209783631232361,979,271,0.9209783631232361,0.7465564738292011,0.876577840112202,177,1230,6.9491525423728815,0.001402524544179523,0.0007012622720897616,0.0,0.0007012622720897616,0.5245608879444809,0.28552639036785626,0.0,1.0,0.3696905305513484,0.33301665916540973,0.0,1.0,0.6837941090037751,0.2433142916808023,0.0,1.0,0.5762822976241608,0.21470197373775599,0.03225806451612903,1.0,39,0.17869656622284513,2.9859845830413456,6
139,1427,551,15.606798832712359,85.9187105816398,2,2,0,2,1101,0.7715487035739313,326,1225,0.8584442887175894,0.9191643960036331,1012,213,0.9191643960036331,0.6533742331288344,0.8584442887175894,177,1211,6.84180790960452,0.001401541695865452,0.001401541695865452,0.0,0.001401541695865452,0.5243800438546917,0.28516623664655194,0.0,1.0,0.37075298957885927,0.33319416867399,0.0,1.0,0.6833872098017497,0.2430907443070962,0.0,1.0,0.5765987747812917,0.21478627173144194,0.03225806451612903,1.0,39,0.17869656622284513,2.98458304134548,6
140,1425,560,15.609846055337721,86.68070175438596,3,5,0,5,1081,0.7575332866152769,346,1266,0.8871758934828311,0.9241443108233117,999,267,0.9241443108233117,0.7716763005780347,0.8871758934828311,178,1253,7.03932584269663,0.002102312543798178,0.00350385423966363,0.0,0.00350385423966363,0.5245953593661573,0.2854228320225729,0.0,1.0,0.3706847764572722,0.3336659424791128,0.0,1.0,0.6840520656479909,0.2426806183710908,0.0,1.0,0.576479909451047,0.21486506957207116,0.03225806451612903,1.0,38,0.17964912280701753,2.9873684210526315,6
141,1423,564,15.621791205387325,87.49191848208011,4,6,0,6,1099,0.7712280701754386,326,1210,0.8491228070175438,0.8898999090081893,978,232,0.8898999090081893,0.7116564417177914,0.8491228070175438,181,1195,6.602209944751381,0.002807017543859649,0.004210526315789474,0.0,0.004210526315789474,0.5253099993199284,0.28529530392415353,0.0,1.0,0.37138711944324804,0.33384051314708174,0.0,1.0,0.6832226327839866,0.24282579019236625,0.0,1.0,0.5762700337768911,0.21521076725791335,0.03225806451612903,1.0,37,0.1791988756148981,2.993675333801827,6
142,1421,575,15.62637207283627,88.29275158339198,2,4,0,4,1067,0.7498243148278285,356,1228,0.8629655657062544,0.9044048734770385,965,263,0.9044048734770385,0.7387640449438202,0.8629655657062544,174,1213,6.971264367816092,0.0014054813773717498,0.0028109627547434997,0.0,0.0028109627547434997,0.5254364259608181,0.28570108977748654,0.0,1.0,0.3705477741708474,0.3336953857380456,0.0,1.0,0.6826632766566026,0.24305010360601134,0.0,1.0,0.5768313999682187,0.21467645299450522,0.03225806451612903,1.0,35,0.17945109078114005,2.9978888106966926,6
143,1413,584,15.698978463599145,89.3857041755131,0,8,0,8,1106,0.7783251231527094,315,1211,0.8522167487684729,0.9141048824593129,1011,200,0.9141048824593129,0.6349206349206349,0.8522167487684729,177,1197,6.762711864406779,0.0,0.005629838142153413,0.0,0.005629838142153413,0.5264251306988106,0.2857640817993502,0.0,1.0,0.3691527977535785,0.33371728504118403,0.0,1.0,0.6828756021277081,0.24283075936635315,0.0,1.0,0.5768782960071228,0.21473459721848667,0.03225806451612903,1.0,34,0.18046709129511676,2.997876857749469,6
144,1411,592,15.720184790851638,90.2636428065202,4,6,0,6,1039,0.7353149327671621,374,1259,0.8910120311394196,0.9412897016361886,978,281,0.9412897016361886,0.7513368983957219,0.8910120311394196,178,1245,6.99438202247191,0.0028308563340410475,0.004246284501061571,0.0,0.004246284501061571,0.5269426853524154,0.28604568328358215,0.0,1.0,0.36846436981321873,0.3333895331814385,0.0,1.0,0.6830662307674722,0.24257630908011568,0.0,1.0,0.577833154248874,0.21453732300860795,0.03225806451612903,1.0,33,0.18072289156626506,2.9964564138908574,6
145,1407,600,15.766588219037294,91.12935323383084,1,5,0,5,1061,0.7519489723600283,350,1244,0.8816442239546421,0.9198868991517436,976,268,0.9198868991517436,0.7657142857142857,0.8816442239546421,179,1231,6.877094972067039,0.0007087172218284905,0.003543586109142452,0.0,0.003543586109142452,0.5276153793245753,0.2859922750188725,0.0,1.0,0.3674943256069881,0.33318365080276907,0.0,1.0,0.683930577527111,0.24225155347375626,0.0,1.0,0.5778710135956164,0.21419100530889743,0.03225806451612903,1.0,30,0.1812366737739872,3.000710732054016,6
146,1409,606,15.732036248542098,91.86657203690561,4,2,0,2,1091,0.775408670931059,316,1242,0.8827292110874201,0.925756186984418,1010,232,0.925756186984418,0.7341772151898734,0.8827292110874201,179,1227,6.854748603351955,0.0028429282160625444,0.0014214641080312722,0.0,0.0014214641080312722,0.5274617092882162,0.28598103019207355,0.0,1.0,0.3675679388264383,0.33327429418238297,0.0,1.0,0.6836694979280661,0.2422159367779952,0.0,1.0,0.5777146912704045,0.21412134590475299,0.03225806451612903,1.0,30,0.1816891412349184,3.0007097232079487,6
147,1412,611,15.703852035549444,92.6643059490085,4,1,0,1,1050,0.7452093683463449,359,1264,0.8970901348474095,0.9285714285714286,975,289,0.9285714285714286,0.8050139275766016,0.8970901348474095,178,1247,7.00561797752809,0.0028388928317956,0.0007097232079489,0.0,0.0007097232079489,0.5277346248743489,0.28610514548180316,0.0,1.0,0.3674723567577447,0.3330747814562679,0.0,1.0,0.6835191446586859,0.24238514373900424,0.0,1.0,0.5777666087910079,0.21403563698066158,0.03225806451612903,1.0,30,0.1813031161473088,3.0035410764872523,6
148,1406,615,15.78471974343187,93.75960170697013,1,7,0,7,1067,0.7556657223796034,345,1212,0.8583569405099151,0.9044048734770385,965,247,0.9044048734770385,0.7159420289855073,0.8583569405099151,182,1198,6.582417582417582,0.000708215297450425,0.004957507082152974,0.0,0.004957507082152974,0.5280594686367183,0.28616777686659367,0.0,1.0,0.36782453081264627,0.33309855916643893,0.0,1.0,0.6841875831689075,0.24216114615681303,0.0,1.0,0.5777084384894232,0.21414926333505702,0.03225806451612903,1.0,30,0.1813655761024182,3.0049786628733997,6
149,1409,623,15.735923222777208,94.38112136266857,5,2,0,2,1070,0.7610241820768137,336,1229,0.8741109530583214,0.9233644859813084,988,241,0.9233644859813084,0.7172619047619048,0.8741109530583214,176,1213,6.892045454545454,0.0035561877667140826,0.001422475106685633,0.0,0.001422475106685633,0.527484603585247,0.2859297600731808,0.0,1.0,0.36841502781657093,0.33323088886218566,0.0,1.0,0.6832345062844846,0.24234107732665083,0.0,1.0,0.5777375855674352,0.21416131891955065,0.03225806451612903,1.0,30,0.18026969481902058,3.0099361249112846,6
150,1406,629,15.774937094087154,95.41394025604552,0,3,0,3,1081,0.7672107877927609,328,1239,0.879347054648687,0.9250693802035153,1000,239,0.9250693802035153,0.7286585365853658,0.879347054648687,179,1224,6.837988826815643,0.0,0.0021291696238466998,0.0,0.0021291696238466998,0.5270958564676731,0.2858932598536155,0.0,1.0,0.36807690542834853,0.3331741581500924,0.0,1.0,0.6827651080622218,0.242303651749302,0.0,1.0,0.577547836461249,0.2142454753147953,0.03225806451612903,1.0,30,0.1806543385490754,3.0092460881934566,6
151,1409,635,15.715154827897791,95.95812633073102,6,3,1,2,1092,0.7766714082503556,314,1259,0.895448079658606,0.9331501831501832,1019,240,0.9331501831501832,0.7643312101910829,0.895448079658606,178,1243,6.98314606741573,0.004267425320056899,0.0021337126600284497,0.0007112375533428165,0.001422475106685633,0.5281027496050734,0.28556724528223454,0.0,1.0,0.36807161336111177,0.3332280811704439,0.0,1.0,0.6826392545616887,0.2427169864517095,0.0,1.0,0.5774628540030678,0.214184999123762,0.03225806451612903,1.0,29,0.18026969481902058,3.014194464158978,6
152,1404,639,15.78736758392708,97.09116809116809,0,5,0,5,1072,0.7608232789212207,337,1228,0.8715400993612491,0.917910447761194,984,244,0.917910447761194,0.7240356083086054,0.8715400993612491,188,1220,6.48936170212766,0.0,0.0035486160397444995,0.0,0.0035486160397444995,0.528719786784303,0.2858462155239718,0.0,1.0,0.3669469717856814,0.33265803519912773,0.0,1.0,0.6824970131421745,0.24285768082308012,0.0,1.0,0.5773596176821983,0.21447474295434965,0.03225806451612903,1.0,29,0.18091168091168092,3.0135327635327633,6
153,1404,647,15.780126003605961,97.86894586894587,5,5,0,5,1051,0.7485754985754985,353,1229,0.8753561253561254,0.9210275927687916,968,261,0.9210275927687916,0.7393767705382436,0.8753561253561254,181,1218,6.7292817679558015,0.0035612535612535613,0.0035612535612535613,0.0,0.0035612535612535613,0.5284670526606011,0.2854589715783217,0.0,1.0,0.3674754158625126,0.33302918450520186,0.0,1.0,0.6827037956070214,0.24278459264112875,0.0,1.0,0.5771298593879238,0.21454020379917027,0.03225806451612903,1.0,28,0.18091168091168092,3.0135327635327633,6
154,1402,656,15.794452774454832,98.7888730385164,3,5,0,5,1065,0.7585470085470085,339,1214,0.8646723646723646,0.9323943661971831,993,221,0.9323943661971831,0.6519174041297935,0.8646723646723646,180,1203,6.683333333333334,0.002136752136752137,0.0035612535612535613,0.0,0.0035612535612535613,0.5285536790759744,0.2854654978262062,0.0,1.0,0.36535364226220607,0.332483444427698,0.0,0.9354838709677419,0.6827803598545856,0.2429576331712095,0.0,1.0,0.5766416639823294,0.21453076431634463,0.03225806451612903,1.0,27,0.1833095577746077,3.0178316690442224,6
155,1403,667,15.744052365513507,99.63791874554526,3,2,0,2,1129,0.8052781740370899,273,1270,0.905848787446505,0.9362267493356953,1057,213,0.9362267493356953,0.7802197802197802,0.905848787446505,177,1258,7.107344632768362,0.0021398002853067048,0.0014265335235378032,0.0,0.0014265335235378032,0.5289586830064608,0.2853404326782995,0.0,1.0,0.3657600073575058,0.3324900417363523,0.0,0.9354838709677419,0.6824776400800129,0.24336406755033674,0.0,1.0,0.5755868760490195,0.21537417451845728,0.03225806451612903,1.0,27,0.18389166072701355,3.0178189593727724,6
156,1404,678,15.711585211605854,100.41239316239316,5,4,0,4,1059,0.7548111190306486,344,1209,0.8617248752672844,0.9235127478753541,978,231,0.9235127478753541,0.6715116279069767,0.8617248752672844,177,1197,6.762711864406779,0.003563791874554526,0.002851033499643621,0.0,0.002851033499643621,0.5286968109548754,0.28545933403365586,0.0,1.0,0.36533866372576046,0.33227801402063334,0.0,0.9354838709677419,0.6830254572190056,0.24325315200445943,0.0,1.0,0.5752688172043011,0.21559932178666,0.03225806451612903,1.0,27,0.18447293447293447,3.0178062678062676,6
157,1400,686,15.732472573153588,101.41071428571429,0,4,0,4,1147,0.8169515669515669,257,1228,0.8746438746438746,0.9058413251961639,1039,189,0.9058413251961639,0.7354085603112841,0.8746438746438746,179,1215,6.787709497206704,0.0,0.002849002849002849,0.0,0.002849002849002849,0.528294930875576,0.28561840222537993,0.0,1.0,0.3661981566820276,0.33235356505403113,0.0,0.9354838709677419,0.683294930875576,0.24306121136193126,0.0,1.0,0.5759447004608296,0.2155026935915915,0.03225806451612903,1.0,27,0.18357142857142858,3.0157142857142856,6
158,1398,699,15.72873400938189,102.28898426323319,3,5,0,5,1077,0.7692857142857142,323,1231,0.8792857142857143,0.9136490250696379,984,247,0.9136490250696379,0.7647058823529411,0.8792857142857143,179,1223,6.832402234636872,0.002142857142857143,0.0035714285714285713,0.0,0.0035714285714285713,0.5274816558216807,0.2860438803547131,0.0,1.0,0.36471456920024,0.3321607647370759,0.0,0.9354838709677419,0.6826341778577691,0.2434474651068221,0.0,1.0,0.5756610826526374,0.2153880137149603,0.03225806451612903,1.0,27,0.1838340486409156,3.0164520743919887,6
159,1395,706,15.771002091462769,103.10609318996416,4,7,0,7,1030,0.7367668097281831,368,1186,0.8483547925608012,0.9019417475728155,929,257,0.9019417475728155,0.6983695652173914,0.8483547925608012,180,1173,6.516666666666667,0.002861230329041488,0.005007153075822604,0.0,0.005007153075822604,0.5272517053994681,0.2864532558275888,0.0,1.0,0.36505954445600647,0.33241339060288666,0.0,0.9354838709677419,0.6828766331367788,0.2430879009588454,0.0,1.0,0.5759278529309747,0.21566366470345213,0.03225806451612903,1.0,25,0.18422939068100358,3.0186379928315414,6
160,1399,712,15.705617150228873,103.72551822730522,7,3,0,3,1091,0.782078853046595,304,1211,0.8681003584229391,0.9010082493125573,983,228,0.9010082493125573,0.75,0.8681003584229391,177,1194,6.745762711864407,0.005017921146953405,0.002150537634408602,0.0,0.002150537634408602,0.5274274251193248,0.28675145828207943,0.0,1.0,0.36403882957873135,0.3320064515252846,0.0,0.9354838709677419,0.6828149138785768,0.24265552748600197,0.0,1.0,0.5758721667550555,0.21612776182020318,0.03225806451612903,1.0,25,0.18513223731236597,3.02144388849178,6
161,1401,715,15.694699498739,104.3633119200571,6,4,0,4,1041,0.7441029306647605,358,1221,0.8727662616154396,0.9116234390009607,949,272,0.9116234390009607,0.7597765363128491,0.8727662616154396,181,1205,6.657458563535911,0.004288777698355968,0.0028591851322373124,0.0,0.0028591851322373124,0.5272731459096037,0.2868607142230968,0.0,1.0,0.3631737698878681,0.33153565013404884,0.0,0.9354838709677419,0.6825078860721605,0.24264650873210752,0.0,1.0,0.5759710805645737,0.21618177033832037,0.03225806451612903,1.0,25,0.1841541755888651,3.0256959314775163,6
162,1403,725,15.647015856012178,105.17605131860299,3,1,0,1,1101,0.7858672376873662,300,1238,0.8836545324768023,0.9182561307901907,1011,227,0.9182561307901907,0.7566666666666667,0.8836545324768023,175,1223,6.988571428571428,0.0021413276231263384,0.0007137758743754461,0.0,0.0007137758743754461,0.527372220817143,0.28700754863908473,0.0,1.0,0.3628859816522199,0.3313218971866192,0.0,0.9354838709677419,0.6827305543420781,0.24281405555928984,0.0,1.0,0.5754949072264502,0.21600814633195747,0.03225806451612903,1.0,25,0.18389166072701355,3.029935851746258,6
163,1405,732,15.630965892363538,105.95160142348755,4,2,0,2,1032,0.7355666429080542,371,1213,0.864575908766928,0.9176356589147286,947,266,0.9176356589147286,0.7169811320754716,0.864575908766928,180,1200,6.666666666666667,0.002851033499643621,0.0014255167498218105,0.0,0.0014255167498218105,0.526942945700838,0.28662824564339745,0.0,1.0,0.3635862702330387,0.3316592774136524,0.0,0.9354838709677419,0.6829985076340259,0.24263507658700112,0.0,1.0,0.5758236712202962,0.21600248180990847,0.03225806451612903,1.0,25,0.18434163701067616,3.029893238434164,6
164,1403,738,15.65051118895808,106.76692801140413,3,5,0,5,1078,0.7672597864768683,327,1218,0.8669039145907473,0.922077922077922,994,224,0.922077922077922,0.6850152905198776,0.8669039145907473,175,1199,6.851428571428571,0.002135231316725979,0.0035587188612099642,0.0,0.0035587188612099642,0.5267974156760858,0.2862001194655226,0.0,1.0,0.3652081944220909,0.33211712838160945,0.0,0.9354838709677419,0.6840641022693307,0.24223989265631674,0.0,1.0,0.5761616811900766,0.21573957665699697,0.03225806451612903,1.0,25,0.18460441910192446,3.0277975766215253,6
165,1404,748,15.60518567768893,107.42592592592592,4,3,1,2,1083,0.7719173200285103,320,1240,0.8838203848895224,0.9122807017543859,988,252,0.9122807017543859,0.7875,0.8838203848895224,175,1225,7.0,0.002851033499643621,0.0021382751247327157,0.0007127583749109052,0.0014255167498218105,0.5275020678246485,0.2866441818362685,0.0,1.0,0.36471831633121954,0.3320884293023878,0.0,0.9354838709677419,0.6849324510614833,0.24227504239158698,0.0,1.0,0.5758661887694145,0.21571305266011703,0.03225806451612903,1.0,25,0.18447293447293447,3.032763532763533,6
166,1406,757,15.54227928583404,108.15718349928876,3,1,1,0,1096,0.7806267806267806,308,1235,0.8796296296296297,0.9105839416058394,998,237,0.9105839416058394,0.7694805194805194,0.8796296296296297,175,1219,6.965714285714285,0.002136752136752137,0.0007122507122507123,0.0007122507122507123,0.0,0.5276923782866058,0.28671767103490464,0.0,1.0,0.36426834304593214,0.3321269698477676,0.0,0.9354838709677419,0.6848070481347222,0.24225151974311754,0.0,1.0,0.5754600100949846,0.21567711541579318,0.03225806451612903,1.0,25,0.18492176386913228,3.0341394025604553,6
167,1399,764,15.606630222974953,109.19085060757683,1,8,1,7,1100,0.7823613086770982,306,1243,0.884068278805121,0.9245454545454546,1017,226,0.9245454545454546,0.738562091503268,0.884068278805121,183,1233,6.737704918032787,0.0007112375533428165,0.005689900426742532,0.0007112375533428165,0.004978662873399715,0.527035440060873,0.28685091960844394,0.0,1.0,0.3639235398556573,0.3321473767697654,0.0,0.9354838709677419,0.6834144204385622,0.24243291614563567,0.0,1.0,0.5758029929212111,0.21569732717432036,0.03225806451612903,1.0,25,0.18441744102930666,3.0335954253037882,6
168,1395,772,15.66175696463629,110.20143369175628,0,4,1,3,1027,0.73409578270193,372,1257,0.8984989278055754,0.9386562804284323,964,293,0.9386562804284323,0.7876344086021505,0.8984989278055754,179,1244,6.949720670391062,0.0,0.0028591851322373124,0.0007147962830593281,0.002144388849177984,0.5268585963695225,0.28683646626785947,0.0,1.0,0.36450456700196554,0.33240755131178273,0.0,0.9354838709677419,0.6839634639842757,0.24162517353252966,0.06451612903225806,1.0,0.5755809920221991,0.2157266949083291,0.03225806451612903,1.0,24,0.18494623655913978,3.0365591397849463,6
169,1391,773,15.7167245458403,111.08554996405464,3,7,1,6,1086,0.7784946236559139,309,1202,0.8616487455197133,0.8977900552486188,975,227,0.8977900552486188,0.7346278317152104,0.8616487455197133,182,1185,6.510989010989011,0.002150537634408602,0.005017921146953405,0.0007168458781362007,0.004301075268817204,0.5259386377866933,0.28709841139359876,0.0,1.0,0.3633728345817583,0.3324780236021386,0.0,0.9354838709677419,0.6830082790287795,0.242413502620069,0.0,1.0,0.5748707126458106,0.21568282323995489,0.03225806451612903,1.0,24,0.1854780733285406,3.0381020848310567,6
170,1395,781,15.653522468289504,111.76415770609319,4,0,0,0,1096,0.787922358015816,295,1207,0.8677210639827462,0.8996350364963503,986,221,0.8996350364963503,0.7491525423728813,0.8677210639827462,179,1194,6.670391061452514,0.002875629043853343,0.0,0.0,0.0,0.5262111226731414,0.2870886942550071,0.0,1.0,0.3629321308821829,0.3323463242700291,0.0,0.9354838709677419,0.6826222684703434,0.2426681159492381,0.0,1.0,0.5752803792345936,0.2157211574171163,0.03225806451612903,1.0,24,0.18494623655913978,3.0379928315412186,6
171,1391,787,15.697371714273562,112.60244428468728,3,7,0,7,1078,0.7727598566308244,317,1221,0.875268817204301,0.9109461966604824,982,239,0.9109461966604824,0.7539432176656151,0.875268817204301,179,1206,6.737430167597766,0.002150537634408602,0.005017921146953405,0.0,0.005017921146953405,0.5277938823311148,0.28697428106725853,0.0,1.0,0.3629785951160687,0.33180434546192433,0.0,0.9354838709677419,0.6828227545743374,0.2423559825923965,0.0,1.0,0.5757983349180215,0.2160314150252442,0.03225806451612903,1.0,23,0.18619698058950396,3.03882099209202,6
172,1388,793,15.693085913622783,113.30619596541787,4,7,2,5,1117,0.803019410496046,274,1215,0.8734723220704529,0.9176365264100269,1025,190,0.9176365264100269,0.6934306569343066,0.8734723220704529,182,1203,6.6098901098901095,0.002875629043853343,0.0050323508267433505,0.0014378145219266715,0.0035945363048166786,0.5281677047503951,0.2871218456112204,0.0,1.0,0.3629032258064516,0.3314621106258708,0.0,0.9354838709677419,0.6828111927117226,0.2422981105340924,0.0,1.0,0.5752068420563354,0.21600625612336102,0.03225806451612903,1.0,23,0.18659942363112392,3.043227665706052,6
173,1389,799,15.682444512640824,114.1511879049676,4,3,0,3,1066,0.7680115273775217,322,1238,0.8919308357348703,0.9399624765478424,1002,236,0.9399624765478424,0.7329192546583851,0.8919308357348703,177,1221,6.898305084745763,0.002881844380403458,0.002161383285302594,0.0,0.002161383285302594,0.5276016628347152,0.28713280576138617,0.0,1.0,0.36294386771638915,0.3317303719861974,0.0,0.9354838709677419,0.6828305348475349,0.24253340429586723,0.0,1.0,0.5750714136417474,0.21581740098858954,0.03225806451612903,1.0,23,0.18718502519798416,3.0475161987041037,7
174,1392,811,15.581058528626173,114.45905172413794,7,4,2,2,1086,0.7818574514038877,303,1224,0.8812095032397408,0.919889502762431,999,225,0.919889502762431,0.7425742574257426,0.8812095032397408,168,1204,7.166666666666667,0.005039596832253419,0.0028797696184305254,0.0014398848092152627,0.0014398848092152627,0.5279245457916203,0.28719903175295614,0.0,1.0,0.3624397478680015,0.33197606999011736,0.0,0.9354838709677419,0.6836299592139414,0.24214612369565763,0.0,1.0,0.5752919911012236,0.21577557641875683,0.03225806451612903,1.0,22,0.1875,3.0524425287356323,7
175,1388,818,15.601753372331023,115.36095100864553,2,6,2,4,1072,0.7701149425287356,320,1215,0.8728448275862069,0.9347014925373134,1002,213,0.9347014925373134,0.665625,0.8728448275862069,172,1194,6.941860465116279,0.0014367816091954023,0.004310344827586207,0.0014367816091954023,0.0028735632183908046,0.5277028911406526,0.287600110972808,0.0,1.0,0.3624616528771962,0.3322214752549896,0.0,0.9354838709677419,0.6836246165287719,0.24200153888781176,0.0,1.0,0.5750906386538998,0.2158001632354541,0.03225806451612903,1.0,22,0.18659942363112392,3.054034582132565,7
176,1387,823,15.606323082505373,116.12545061283345,3,4,1,3,1067,0.7687319884726225,321,1235,0.8897694524495677,0.9250234301780693,987,248,0.9250234301780693,0.7725856697819314,0.8897694524495677,181,1221,6.745856353591161,0.002161383285302594,0.002881844380403458,0.0007204610951008645,0.002161383285302594,0.5274088889922552,0.28817287989917767,0.0,1.0,0.3636067632625532,0.3323344866159369,0.0,0.9354838709677419,0.682954624741261,0.24214069918910758,0.0,1.0,0.5750168616415099,0.2157735372159134,0.03225806451612903,1.0,22,0.18529199711607786,3.0555155010814707,7
177,1382,835,15.562067963937949,116.95513748191027,2,7,4,3,1122,0.8089401586157173,265,1234,0.889689978370584,0.9251336898395722,1038,196,0.9251336898395722,0.7396226415094339,0.889689978370584,175,1221,6.977142857142857,0.0014419610670511895,0.005046863734679163,0.002883922134102379,0.0021629416005767843,0.5280799215722889,0.28819891932099023,0.0,1.0,0.3634750945334018,0.33203654100911595,0.0,0.9354838709677419,0.6835815321413566,0.24203205010092146,0.0,1.0,0.574879790859437,0.21579236309360547,0.03225806451612903,1.0,22,0.18596237337192476,3.05643994211288,7
178,1380,848,15.565136742066,117.92173913043479,1,3,1,2,1053,0.7619392185238785,329,1223,0.8849493487698987,0.9249762583095916,974,249,0.9249762583095916,0.756838905775076,0.8849493487698987,174,1210,6.954022988505747,0.000723589001447178,0.002170767004341534,0.000723589001447178,0.001447178002894356,0.5286115007012623,0.28844304226841705,0.0,1.0,0.3634642356241234,0.33188127144855095,0.0,0.9354838709677419,0.683426834969612,0.24235920259728388,0.0,1.0,0.5748480598410471,0.21575056331893927,0.03225806451612903,1.0,22,0.1855072463768116,3.0594202898550726,7
179,1373,852,15.596728766766956,118.78514202476329,5,12,4,8,1097,0.7949275362318841,283,1251,0.9065217391304348,0.9389243391066545,1030,221,0.9389243391066545,0.7809187279151943,0.9065217391304348,185,1240,6.702702702702703,0.0036231884057971015,0.008695652173913044,0.002898550724637681,0.005797101449275362,0.527523905739727,0.2892904799340667,0.0,1.0,0.3628268684068322,0.3319160020955244,0.0,0.9354838709677419,0.6836219251462538,0.2419166689339164,0.0,1.0,0.5749829664262388,0.21587066136800107,0.03225806451612903,1.0,22,0.18718135469774216,3.0648215586307357,7
180,1373,859,15.588928199921638,119.53241077931537,3,3,1,2,1054,0.7676620538965768,319,1179,0.8587035688273853,0.9136622390891841,963,216,0.9136622390891841,0.677115987460815,0.8587035688273853,172,1158,6.732558139534884,0.0021849963583394027,0.0021849963583394027,0.0007283321194464676,0.0014566642388929353,0.5284166999506613,0.2892696541683769,0.0,1.0,0.36294434132932357,0.33180239081372087,0.0,0.9354838709677419,0.6843972464346969,0.24188144742202544,0.0,1.0,0.5749829664262388,0.21587066136800107,0.03225806451612903,1.0,22,0.18790968681718864,3.069919883466861,7
181,1370,865,15.618569797101438,120.30656934306569,3,6,2,4,1023,0.7450837581937363,350,1224,0.8914785142024764,0.9286412512218963,950,274,0.9286412512218963,0.7828571428571428,0.8914785142024764,178,1208,6.786516853932584,0.0021849963583394027,0.004369992716678805,0.0014566642388929353,0.0029133284777858705,0.5283494231222039,0.28972072997650083,0.0,1.0,0.36223216388038615,0.33167774480929163,0.0,0.9354838709677419,0.6844831645867672,0.24171531708767352,0.0,1.0,0.57581822462915,0.21532808094136105,0.03225806451612903,1.0,22,0.18759124087591242,3.0722627737226276,7
182,1364,876,15.654944833162197,121.02859237536657,2,8,5,3,1035,0.7554744525547445,335,1208,0.8817518248175182,0.9352657004830918,968,240,0.9352657004830918,0.7164179104477612,0.8817518248175182,179,1198,6.692737430167598,0.00145985401459854,0.00583941605839416,0.0036496350364963502,0.0021897810218978104,0.5289234698704002,0.28964439083044824,0.0,1.0,0.3636600132437801,0.3316953234447868,0.0,0.9354838709677419,0.6847034339229969,0.24161276936852288,0.0,1.0,0.576908523318513,0.21553120808206452,0.03225806451612903,1.0,22,0.18621700879765396,3.0762463343108504,7
183,1365,878,15.572178560309005,121.10695970695971,8,7,6,1,1007,0.7382697947214076,357,1183,0.8673020527859238,0.9096325719960278,916,267,0.9096325719960278,0.7478991596638656,0.8673020527859238,177,1162,6.564971751412429,0.005865102639296188,0.005131964809384164,0.004398826979472141,0.0007331378299120235,0.5309464728819567,0.28948899379565474,0.0,1.0,0.3608176769467092,0.33086157883372486,0.0,0.9354838709677419,0.684272716530781,0.24218607413521565,0.0,1.0,0.5754224270353303,0.21589323166331728,0.03225806451612903,1.0,22,0.18974358974358974,3.0923076923076924,7
184,1363,883,15.523843984965676,121.45487894350697,6,8,6,2,1068,0.7824175824175824,297,1200,0.8791208791208791,0.9222846441947565,985,215,0.9222846441947565,0.7239057239057239,0.8791208791208791,181,1186,6.552486187845304,0.004395604395604396,0.005860805860805861,0.004395604395604396,0.0014652014652014652,0.5316072231557523,0.28946298000850196,0.0,1.0,0.36113412065415473,0.33094969047524253,0.0,0.9354838709677419,0.6839987693181548,0.24208461643658266,0.0,1.0,0.5751307599460393,0.21564826931150344,0.03225806451612903,1.0,22,0.19002201027146,3.0997798972854,7
185,1357,885,15.566864974321467,122.20412675018423,3,9,4,5,1093,0.8019075568598679,270,1221,0.8958180484225972,0.9286367795059469,1015,206,0.9286367795059469,0.762962962962963,0.8958180484225972,181,1204,6.651933701657459,0.0022010271460014674,0.006603081438004402,0.00293470286133529,0.003668378576669112,0.5310338269902775,0.28952950091833396,0.0,1.0,0.3620415052178667,0.33097609541848144,0.0,0.9354838709677419,0.6827204221836595,0.24182627422611314,0.0,1.0,0.5765326740675589,0.21508555612001282,0.03225806451612903,1.0,22,0.18938835666912307,3.1016949152542375,7
186,1356,898,15.524864481034314,122.91002949852508,3,4,3,1,1025,0.7553426676492262,332,1194,0.8798820928518791,0.9102439024390244,933,261,0.9102439024390244,0.786144578313253,0.8798820928518791,175,1182,6.7542857142857144,0.002210759027266028,0.0029476787030213707,0.002210759027266028,0.0007369196757553427,0.5304738795318299,0.2896647951695156,0.0,1.0,0.3614520886858883,0.33074060100629304,0.0,0.9354838709677419,0.6823437053953754,0.24199320598328566,0.0,1.0,0.5758635455324008,0.21496549790636058,0.03225806451612903,1.0,22,0.18952802359882007,3.106194690265487,7
187,1351,908,15.524216334797265,123.54552183567728,4,9,5,4,1072,0.7905604719764012,284,1169,0.862094395280236,0.9085820895522388,974,195,0.9085820895522388,0.6866197183098591,0.862094395280236,176,1155,6.5625,0.0029498525073746312,0.00663716814159292,0.003687315634218289,0.0029498525073746312,0.5318640911153029,0.28947309917387426,0.0,1.0,0.3623838972326353,0.33080661292956554,0.0,0.9354838709677419,0.6828872280986605,0.24193935762158691,0.0,1.0,0.5767054272820611,0.21524064735924922,0.03225806451612903,1.0,22,0.18948926720947445,3.1058475203552924,7
188,1349,910,15.532500040113165,124.20088954781319,4,6,3,3,1050,0.7772020725388601,301,1175,0.8697261287934863,0.92,966,209,0.92,0.6943521594684385,0.8697261287934863,184,1161,6.309782608695652,0.0029607698001480384,0.0044411547002220575,0.0022205773501110288,0.0022205773501110288,0.5315765561108587,0.2894413239786922,0.0,1.0,0.3634711494775102,0.33073739482145126,0.0,0.9354838709677419,0.683684449652072,0.24123601014549356,0.0,1.0,0.5771539252492887,0.21432554594540673,0.03225806451612903,1.0,21,0.18902891030392885,3.106004447739066,7
189,1340,916,15.62964449050697,125.04477611940298,0,9,5,4,995,0.737583395107487,354,1215,0.9006671608598962,0.9376884422110553,933,282,0.9376884422110553,0.7966101694915254,0.9006671608598962,180,1201,6.6722222222222225,0.0,0.006671608598962194,0.0037064492216456633,0.0029651593773165306,0.5321376986037554,0.28957398451120386,0.0,1.0,0.3628069330765527,0.3310154320959438,0.0,0.9354838709677419,0.6841116995666827,0.2408502789935003,0.0,1.0,0.5779489648531536,0.2142743356697593,0.03225806451612903,1.0,21,0.18880597014925374,3.1067164179104476,7
190,1334,930,15.540809172856811,125.54347826086956,3,9,9,0,1047,0.7813432835820896,293,1200,0.8955223880597015,0.9302769818529131,974,226,0.9302769818529131,0.7713310580204779,0.8955223880597015,170,1184,6.964705882352941,0.002238805970149254,0.006716417910447761,0.006716417910447761,0.0,0.531073173090874,0.29018511701867566,0.0,1.0,0.3623349615514823,0.3312939867687612,0.0,0.9354838709677419,0.6836098079992262,0.2411885304119296,0.0,1.0,0.5778401122019635,0.21419425242230256,0.03225806451612903,1.0,21,0.18815592203898052,3.106446776611694,7
191,1323,937,15.555242511217271,125.99168556311413,5,16,10,6,1022,0.7661169415292354,312,1170,0.8770614692653673,0.9001956947162426,920,250,0.9001956947162426,0.8012820512820513,0.8770614692653673,179,1156,6.4581005586592175,0.0037481259370314842,0.01199400299850075,0.0074962518740629685,0.004497751124437781,0.5311974252066418,0.2906262817221495,0.0,1.0,0.3621046985102285,0.3316726131799917,0.0,0.9354838709677419,0.6838807207470802,0.24169994773216918,0.0,1.0,0.5780362324141126,0.21442807484119356,0.03225806451612903,1.0,21,0.1874527588813303,3.108087679516251,7
192,1320,945,15.569079265698173,126.67727272727272,2,5,4,1,1017,0.7687074829931972,306,1152,0.8707482993197279,0.9095378564405113,925,227,0.9095378564405113,0.7418300653594772,0.8707482993197279,175,1135,6.485714285714286,0.0015117157974300832,0.003779289493575208,0.0030234315948601664,0.0007558578987150416,0.5319403714565004,0.2903848526265756,0.0,1.0,0.36199902248289345,0.33155640933413594,0.0,0.9354838709677419,0.6836754643206256,0.2418839168164752,0.0,1.0,0.5780058651026393,0.21471716749217765,0.03225806451612903,1.0,21,0.18787878787878787,3.1113636363636363,7
193,1315,945,15.590661060535433,127.18098859315589,5,10,6,4,1043,0.7901515151515152,277,1158,0.8772727272727273,0.9213806327900288,961,197,0.9213806327900288,0.7111913357400722,0.8772727272727273,180,1138,6.322222222222222,0.003787878787878788,0.007575757575757576,0.004545454545454545,0.0030303030303030303,0.5328590702808782,0.2898251234208876,0.0,1.0,0.36178093953146084,0.331086312541331,0.0,0.9354838709677419,0.6841162762173433,0.24225184590626925,0.0,1.0,0.5774806819575616,0.21502414187923932,0.03225806451612903,1.0,21,0.18935361216730037,3.114828897338403,7
194,1314,953,15.608744213641355,127.88127853881278,3,4,3,1,998,0.75893536121673,317,1138,0.8653992395437262,0.9138276553106213,912,226,0.9138276553106213,0.7129337539432177,0.8653992395437262,175,1121,6.405714285714286,0.0022813688212927757,0.003041825095057034,0.0022813688212927757,0.0007604562737642585,0.5328472529091177,0.2901371202472213,0.0,1.0,0.36208081700790495,0.33116047432930046,0.0,0.9354838709677419,0.6849069573329406,0.242075710525581,0.0,1.0,0.5782393086856189,0.21433206901495394,0.03225806451612903,1.0,21,0.1887366818873668,3.1187214611872145,7
195,1311,964,15.631726916566594,128.3913043478261,4,7,4,3,1014,0.771689497716895,300,1159,0.8820395738203958,0.9211045364891519,934,225,0.9211045364891519,0.75,0.8820395738203958,172,1142,6.6395348837209305,0.0030441400304414,0.00532724505327245,0.0030441400304414,0.00228310502283105,0.5328855097069461,0.2900795031331059,0.0,1.0,0.3608917103417731,0.33101332434197794,0.0,0.9354838709677419,0.6842105263157895,0.24226685104157974,0.0,1.0,0.57707733569548,0.21428894280711264,0.03225806451612903,1.0,20,0.18916857360793288,3.1289092295957284,7
196,1304,974,15.587710364483042,128.66487730061348,5,12,9,3,999,0.7620137299771167,312,1174,0.8954996186117468,0.93993993993994,939,235,0.93993993993994,0.7532051282051282,0.8954996186117468,174,1158,6.655172413793103,0.0038138825324180014,0.009153318077803204,0.006864988558352402,0.002288329519450801,0.5336681179497328,0.2900579147911775,0.0,1.0,0.3618147635068276,0.3309654091226128,0.0,0.9354838709677419,0.6856075598654264,0.24148810940543222,0.0,1.0,0.5762913120918266,0.21424087092566899,0.03225806451612903,1.0,20,0.1901840490797546,3.1349693251533743,7
197,1299,980,15.646822751282512,129.51347190146265,3,8,3,5,1006,0.7714723926380368,298,1180,0.9049079754601227,0.9443339960238568,950,230,0.9443339960238568,0.7718120805369127,0.9049079754601227,185,1171,6.3297297297297295,0.0023006134969325155,0.006134969325153374,0.0023006134969325155,0.003834355828220859,0.5341081228736745,0.29030254426353513,0.0,1.0,0.3607986292185056,0.3307801655164284,0.0,0.9354838709677419,0.6844470932975738,0.2421515927872467,0.0,1.0,0.576696714594353,0.21418447462549275,0.03225806451612903,1.0,20,0.1901462663587375,3.1401077752117015,7
198,1290,987,15.697516590288599,130.0124031007752,2,11,10,1,970,0.7467282525019245,329,1148,0.8837567359507313,0.9226804123711341,895,253,0.9226804123711341,0.7689969604863222,0.8837567359507313,180,1135,6.305555555555555,0.001539645881447267,0.008468052347959968,0.007698229407236336,0.0007698229407236335,0.5354588647161791,0.2902417147594009,0.0,1.0,0.36184046011502874,0.3304970420754804,0.0,0.9354838709677419,0.684421105276319,0.24217330114692653,0.0,1.0,0.5769192298074519,0.21449876482032995,0.03225806451612903,1.0,20,0.18992248062015504,3.1410852713178294,7
199,1279,990,15.823214626129024,130.92494136043786,1,12,6,6,1035,0.8023255813953488,255,1158,0.8976744186046511,0.9381642512077295,971,187,0.9381642512077295,0.7333333333333333,0.8976744186046511,175,1136,6.491428571428571,0.0007751937984496124,0.009302325581395349,0.004651162790697674,0.004651162790697674,0.5368609548790638,0.2893326504776385,0.0,1.0,0.3626573179651441,0.33079021439127976,0.0,0.9354838709677419,0.6849353073217483,0.24163401502243195,0.0,1.0,0.5769628489999749,0.21480182403574727,0.03225806451612903,1.0,19,0.18999218139171228,3.142298670836591,7
200,1276,1001,15.823592683337303,131.31034482758622,7,10,4,6,963,0.7529319781078968,316,1063,0.8311180609851446,0.8733125649013499,841,222,0.8733125649013499,0.7025316455696202,0.8311180609851446,167,1041,6.233532934131737,0.00547302580140735,0.007818608287724784,0.003127443315089914,0.004691164972634871,0.5372636262513903,0.28897152496941303,0.0,1.0,0.36378804732531095,0.331216921364159,0.0,0.9354838709677419,0.6851299423601982,0.2419137354889007,0.0,1.0,0.5769289109111133,0.21425014711276766,0.03225806451612903,1.0,19,0.18730407523510972,3.14576802507837,7
201,1273,1006,15.800581853444713,131.53809897879026,5,8,7,1,976,0.7648902821316614,300,1121,0.8785266457680251,0.9170081967213115,895,226,0.9170081967213115,0.7533333333333333,0.8785266457680251,180,1106,6.144444444444445,0.003918495297805642,0.006269592476489028,0.0054858934169279,0.0007836990595611285,0.5370093505308771,0.28894479338142215,0.0,1.0,0.3644173022831513,0.3314146023518047,0.0,0.9354838709677419,0.6855028761118009,0.24199766418868013,0.0,1.0,0.5758051846032993,0.21432380030059847,0.03225806451612903,1.0,19,0.18774548311076197,3.1578947368421053,7
202,1271,1012,15.80060828019842,131.9134539732494,6,8,5,3,989,0.776904948939513,284,1083,0.8507462686567164,0.8827098078867543,873,210,0.8827098078867543,0.7394366197183099,0.8507462686567164,172,1061,6.1686046511627906,0.004713275726630008,0.006284367635506678,0.003927729772191673,0.002356637863315004,0.5356716834598106,0.2890288636247175,0.0,1.0,0.3636202126849572,0.33173948708166345,0.0,0.9354838709677419,0.6853125555188955,0.24233979169943837,0.0,1.0,0.5744524250653537,0.2143984718808409,0.03225806451612903,1.0,19,0.1888276947285602,3.1707317073170733,7
203,1263,1030,15.846703270428058,132.9255740300871,0,8,6,2,993,0.7812745869394178,278,1130,0.8890637293469709,0.9284994964753273,922,208,0.9284994964753273,0.7482014388489209,0.8890637293469709,171,1119,6.543859649122807,0.0,0.006294256490952006,0.004720692368214005,0.0015735641227380016,0.5363573672515516,0.28911162486432124,0.0,1.0,0.36439097897989936,0.33214097885646215,0.0,0.9354838709677419,0.6856435011365668,0.24210255951592233,0.0,1.0,0.5748984752126274,0.2145159357756946,0.03225806451612903,1.0,18,0.1876484560570071,3.1718131433095804,7
204,1261,1031,15.902474554043755,133.5900079302141,3,5,4,1,1009,0.7988915281076802,254,1124,0.889944576405384,0.9177403369672944,926,198,0.9177403369672944,0.7795275590551181,0.889944576405384,178,1103,6.196629213483146,0.0023752969121140144,0.00395882818685669,0.003167062549485352,0.000791765637371338,0.537003402317669,0.2890962961501062,0.0,1.0,0.3653526387147937,0.3319792252349975,0.0,0.9354838709677419,0.6861937530377836,0.24196694997843662,0.0,1.0,0.5748893607224169,0.21467817423555158,0.03225806451612903,1.0,18,0.18715305313243458,3.176843774781919,7
205,1251,1036,15.968457134073818,134.21422861710633,3,13,9,4,986,0.781919111816019,275,1127,0.893735130848533,0.9290060851926978,916,211,0.9290060851926978,0.7672727272727272,0.893735130848533,176,1108,6.295454545454546,0.0023790642347343376,0.010309278350515464,0.007137192704203013,0.0031720856463124504,0.537608622779196,0.28995465963521,0.0,1.0,0.3661586859544622,0.33176495962304753,0.0,0.9354838709677419,0.6861865346432531,0.2424349449809966,0.0,1.0,0.5751527810010056,0.21476877111592116,0.03225806451612903,1.0,18,0.18545163868904876,3.1766586730615507,7
206,1251,1043,15.976843837799668,134.67625899280574,4,4,4,0,956,0.7641886490807354,295,1113,0.8896882494004796,0.9184100418410042,878,235,0.9184100418410042,0.7966101694915254,0.8896882494004796,181,1101,6.082872928176796,0.0031974420463629096,0.0031974420463629096,0.0031974420463629096,0.0,0.537660194425105,0.2900712977374045,0.0,1.0,0.3648951806296898,0.3313453286479669,0.0,0.9354838709677419,0.6857997472989351,0.24252580490578265,0.0,1.0,0.574688636187824,0.2148648224769587,0.03225806451612903,1.0,18,0.18625099920063948,3.1806554756195045,7
207,1238,1053,15.907906528546834,134.6680129240711,6,19,16,3,1001,0.8001598721023181,250,1099,0.8784972022382095,0.9100899100899101,911,188,0.9100899100899101,0.752,0.8784972022382095,174,1083,6.224137931034483,0.004796163069544364,0.015187849720223821,0.012789768185451638,0.002398081534772182,0.5387461566522487,0.2900349737494763,0.0,1.0,0.36612121527958724,0.3312244828299039,0.0,0.9354838709677419,0.684454635468237,0.243396520740878,0.0,1.0,0.5745739746729898,0.21511419113233415,0.03225806451612903,1.0,18,0.1825525040387722,3.1873990306946687,7
208,1229,1063,15.976711052384447,135.09682668836453,4,13,9,4,951,0.7681744749596123,287,1102,0.8901453957996769,0.9232386961093586,878,224,0.9232386961093586,0.7804878048780488,0.8901453957996769,179,1091,6.094972067039106,0.0032310177705977385,0.01050080775444265,0.007269789983844911,0.0032310177705977385,0.537809391322607,0.29040401307389346,0.0,1.0,0.36518018845638994,0.3314225492383796,0.0,0.9354838709677419,0.6838762172235492,0.24372334313303712,0.0,1.0,0.5737420929683194,0.2150350555647857,0.03225806451612903,1.0,18,0.18063466232709519,3.193653376729048,7
209,1231,1070,15.896823406173912,135.0365556458164,8,6,6,0,952,0.774613506916192,277,1086,0.8836452400325467,0.9149159663865546,871,215,0.9149159663865546,0.776173285198556,0.8836452400325467,181,1074,5.933701657458563,0.006509357200976403,0.004882017900732303,0.004882017900732303,0.0,0.5392416341290847,0.2899599353362211,0.0,1.0,0.36437724378291975,0.3313225057764167,0.0,0.9354838709677419,0.6841801839574435,0.24397119993104793,0.0,1.0,0.5732030083069102,0.2152175493204087,0.03225806451612903,1.0,18,0.18196588139723802,3.1990251827782292,7
210,1225,1078,15.924129614856463,135.33877551020407,4,10,9,1,950,0.7717303005686433,281,1063,0.8635255889520714,0.8989473684210526,854,209,0.8989473684210526,0.7437722419928826,0.8635255889520714,175,1046,5.977142857142857,0.003249390739236393,0.008123476848090982,0.007311129163281885,0.0008123476848090983,0.5391441737985517,0.2898327046249645,0.0,1.0,0.36337063857801183,0.33083103727823066,0.0,0.9354838709677419,0.6844239631336405,0.2435975213005746,0.0,1.0,0.5724555628703094,0.21499371484107724,0.03225806451612903,1.0,18,0.18285714285714286,3.2057142857142855,7
211,1218,1084,15.987035281335789,135.79064039408868,4,11,6,5,952,0.7771428571428571,273,1068,0.8718367346938776,0.917016806722689,873,195,0.917016806722689,0.7142857142857143,0.8718367346938776,174,1048,6.022988505747127,0.0032653061224489797,0.008979591836734694,0.004897959183673469,0.004081632653061225,0.5384819111181737,0.2901270584756595,0.0,1.0,0.3620689655172414,0.33075584176770206,0.0,0.9354838709677419,0.6842523438741458,0.24441732442254174,0.0,1.0,0.5716934159648287,0.21471755250934596,0.03225806451612903,1.0,18,0.18308702791461412,3.2118226600985222,7
212,1213,1090,16.046583621278103,136.11459192085738,5,10,7,3,952,0.7816091954022989,266,1065,0.874384236453202,0.9264705882352942,882,183,0.9264705882352942,0.6879699248120301,0.874384236453202,174,1045,6.005747126436781,0.004105090311986864,0.008210180623973728,0.005747126436781609,0.0024630541871921183,0.5397973565938887,0.28989083856337,0.0,1.0,0.36148711538972955,0.3306058034420246,0.0,0.9354838709677419,0.6844666648937585,0.24482904091399615,0.0,1.0,0.5714703614073345,0.21512109673704632,0.03225806451612903,1.0,18,0.18219291014014838,3.213520197856554,7
213,1206,1098,16.09436599435865,136.52819237147597,4,11,8,3,961,0.7922506183017313,252,1088,0.8969497114591921,0.9323621227887617,896,192,0.9323621227887617,0.7619047619047619,0.8969497114591921,172,1068,6.209302325581396,0.0032976092333058533,0.009068425391591096,0.006595218466611707,0.00247320692497939,0.540335954635425,0.2901826769798267,0.0,1.0,0.3612582250040122,0.33002463102408075,0.0,0.9354838709677419,0.6846948055421815,0.24498189601908774,0.0,1.0,0.5705879206119938,0.21528789374020538,0.03225806451612903,1.0,18,0.18159203980099503,3.2155887230514097,7
214,1203,1112,16.0741730105669,136.82128013300084,4,7,7,0,947,0.785240464344942,259,1028,0.8524046434494196,0.8975712777191129,850,178,0.8975712777191129,0.6872586872586872,0.8524046434494196,166,1008,6.072289156626506,0.003316749585406302,0.005804311774461028,0.005804311774461028,0.0,0.5403158769742311,0.29043084328877466,0.0,1.0,0.3625345239052905,0.33021105769758585,0.0,0.9354838709677419,0.6850615396991393,0.24487569100482096,0.0,1.0,0.5713404660392031,0.21522311741312475,0.03225806451612903,1.0,18,0.18121363258520365,3.221113881961762,7
215,1197,1110,16.098106587722977,136.57226399331662,7,13,10,3,982,0.8162926018287614,221,1056,0.8778054862842892,0.9175152749490835,901,155,0.9175152749490835,0.7013574660633484,0.8778054862842892,178,1032,5.797752808988764,0.005818786367414797,0.010806317539484621,0.00831255195344971,0.0024937655860349127,0.5406796561295711,0.2897870961531062,0.0,1.0,0.3599051391920662,0.3290938030449775,0.0,0.9354838709677419,0.6854771336944512,0.2446103289835395,0.0,1.0,0.5714285714285714,0.21536941365991893,0.03225806451612903,1.0,18,0.18379281537176273,3.234753550543024,7
216,1193,1117,16.049828821953113,136.40821458507963,8,12,9,3,945,0.7894736842105263,252,1047,0.87468671679198,0.9195767195767196,869,178,0.9195767195767196,0.7063492063492064,0.87468671679198,176,1030,5.8522727272727275,0.006683375104427736,0.010025062656641603,0.007518796992481203,0.002506265664160401,0.5393288808371414,0.2897841922993515,0.0,1.0,0.3612200200091934,0.3298657066489631,0.0,0.9354838709677419,0.686044939566828,0.24465203119774143,0.0,1.0,0.5719925371116459,0.21511042474166792,0.03225806451612903,1.0,17,0.18524727577535624,3.2472757753562447,7
217,1185,1122,16.07589575977549,136.5873417721519,5,13,10,3,938,0.7862531433361274,255,1075,0.901089689857502,0.9285714285714286,871,204,0.9285714285714286,0.8,0.901089689857502,183,1063,5.808743169398907,0.004191114836546521,0.010896898575020955,0.008382229673093043,0.002514668901927913,0.5383421804818292,0.2901729666100431,0.0,1.0,0.3603647747379883,0.32976380254370796,0.0,0.9354838709677419,0.6861303933578332,0.24526869785812203,0.0,1.0,0.570763576970192,0.21500299359535724,0.03225806451612903,1.0,17,0.18565400843881857,3.2649789029535863,7
218,1179,1134,16.09690061547195,136.76081424936388,5,11,10,1,907,0.7654008438818566,278,1024,0.8641350210970464,0.9084895259095921,824,200,0.9084895259095921,0.7194244604316546,0.8641350210970464,165,1001,6.066666666666666,0.004219409282700422,0.009282700421940928,0.008438818565400843,0.0008438818565400844,0.5389477140277436,0.2910073759100207,0.0,1.0,0.35932583654819555,0.32942637235802336,0.0,0.9354838709677419,0.6863388875208625,0.24475562140960355,0.0,1.0,0.5708500916577744,0.21551148514192725,0.03225806451612903,1.0,17,0.18490245971162,3.270568278201866,7
219,1177,1139,16.178761672203322,137.12914188615125,4,6,5,1,883,0.7489397794741306,296,1041,0.8829516539440203,0.9388448471121178,829,212,0.9388448471121178,0.7162162162162162,0.8829516539440203,172,1018,5.9186046511627906,0.0033927056827820186,0.005089058524173028,0.004240882103477523,0.0008481764206955047,0.5394250006851755,0.29067736280552725,0.0,1.0,0.36021048592649435,0.32949446867387827,0.0,0.9354838709677419,0.6869844054046647,0.2445113072976328,0.0,1.0,0.5719023213747362,0.21568477018973792,0.03225806451612903,1.0,17,0.18351741716227699,3.2710280373831777,7
220,1162,1147,16.273277081734662,137.4380378657487,1,16,13,3,951,0.8079864061172473,226,1078,0.9158878504672897,0.9453207150368034,899,179,0.9453207150368034,0.7920353982300885,0.9158878504672897,173,1059,6.121387283236994,0.0008496176720475786,0.013593882752761258,0.011045029736618521,0.002548853016142736,0.5385320082172006,0.29145017078216684,0.0,1.0,0.3614457831325301,0.3292727271779868,0.0,0.9354838709677419,0.6846371661762256,0.24495428339975,0.0,1.0,0.5722336350008329,0.21590063178609656,0.03225806451612903,1.0,17,0.17900172117039587,3.2736660929432015,7
221,1154,1166,16.25301887451845,137.96533795493934,1,9,9,0,958,0.8244406196213425,204,1027,0.8838209982788297,0.907098121085595,869,158,0.907098121085595,0.7745098039215687,0.8838209982788297,165,1011,6.127272727272727,0.0008605851979345956,0.00774526678141136,0.00774526678141136,0.0,0.5385755017610555,0.2914358435335181,0.0,1.0,0.36213451109744504,0.3293798591742224,0.0,0.9354838709677419,0.6857214736959804,0.24503900548223825,0.0,1.0,0.5715603510929725,0.21613406073538804,0.03225806451612903,1.0,17,0.17937608318890816,3.2738301559792027,7
222,1152,1164,16.28668536983739,137.73263888888889,7,9,9,0,911,0.7894280762564991,243,984,0.8526863084922011,0.9001097694840834,820,164,0.9001097694840834,0.6748971193415638,0.8526863084922011,182,964,5.2967032967032965,0.006065857885615251,0.00779896013864818,0.00779896013864818,0.0,0.5394825268817205,0.2912424116209491,0.0,1.0,0.3639112903225806,0.32952986757913133,0.0,0.9354838709677419,0.6854838709677419,0.24550090841832664,0.0,1.0,0.572608646953405,0.2159371538906061,0.03225806451612903,1.0,17,0.17708333333333334,3.2821180555555554,7
223,1147,1166,16.41880874453155,138.24324324324326,3,8,7,1,910,0.7899305555555556,242,1022,0.8871527777777778,0.921978021978022,839,183,0.921978021978022,0.756198347107438,0.8871527777777778,183,1007,5.502732240437158,0.0026041666666666665,0.006944444444444444,0.006076388888888889,0.0008680555555555555,0.5405124166830723,0.2906546394014047,0.0,1.0,0.36471018364878927,0.3297809738630263,0.0,0.9354838709677419,0.6864189892285626,0.2452093989112476,0.0,1.0,0.5731360913462891,0.2157215183551381,0.03225806451612903,1.0,17,0.17698343504795117,3.2781168265039233,7
224,1142,1175,16.443803027127963,137.86164623467602,8,13,13,0,858,0.7480383609415867,289,1008,0.8788142981691369,0.9055944055944056,777,231,0.9055944055944056,0.7993079584775087,0.8788142981691369,176,993,5.642045454545454,0.006974716652136007,0.011333914559721011,0.011333914559721011,0.0,0.5400259872323598,0.2913615892791342,0.0,1.0,0.36246539743517314,0.32908000395681664,0.0,0.9354838709677419,0.6849895486130727,0.245846413094615,0.0,1.0,0.5731879554827412,0.21485328867595976,0.03225806451612903,1.0,17,0.17688266199649738,3.285464098073555,7
225,1139,1182,16.420687586105913,137.50043898156278,8,11,10,1,866,0.7583187390542907,276,1005,0.8800350262697023,0.9145496535796767,792,213,0.9145496535796767,0.7717391304347826,0.8800350262697023,178,990,5.561797752808989,0.0070052539404553416,0.009632224168126095,0.008756567425569177,0.0008756567425569177,0.5393808943895324,0.2909641644647726,0.0,1.0,0.3625421280693308,0.3288676818067687,0.0,0.9354838709677419,0.6862273074853437,0.24551029408939853,0.0,1.0,0.5721770653374494,0.21460359176009433,0.03225806451612903,1.0,17,0.17559262510974538,3.2941176470588234,7
226,1131,1193,16.476568081575078,137.57824933687002,4,12,11,1,906,0.7954345917471466,233,977,0.8577699736611062,0.8951434878587197,811,166,0.8951434878587197,0.7124463519313304,0.8577699736611062,172,960,5.5813953488372094,0.003511852502194908,0.010535557506584723,0.009657594381035996,0.000877963125548727,0.5396024072331079,0.29018805972450346,0.0,1.0,0.36174096574541514,0.3289413384995922,0.0,0.9354838709677419,0.6867174353270015,0.24538912103100968,0.0,1.0,0.5724309061350218,0.2145140180500237,0.03225806451612903,1.0,17,0.17595048629531387,3.2988505747126435,7
227,1128,1201,16.535735667848094,137.77482269503545,5,8,7,1,864,0.7639257294429708,267,999,0.883289124668435,0.9143518518518519,790,209,0.9143518518518519,0.7827715355805244,0.883289124668435,166,973,5.86144578313253,0.004420866489832007,0.007073386383731211,0.00618921308576481,0.0008841732979664014,0.5394360558224662,0.2899253555734352,0.0,1.0,0.3597002974147792,0.32882368119423916,0.0,0.9354838709677419,0.6874857012125372,0.24547881134014166,0.0,1.0,0.57212308396248,0.2140647435857426,0.03225806451612903,1.0,17,0.17819148936170212,3.298758865248227,7
228,1122,1209,16.563787974944848,137.64616755793227,5,11,10,1,913,0.8093971631205674,215,1009,0.8945035460992907,0.932092004381161,851,158,0.932092004381161,0.7348837209302326,0.8945035460992907,181,998,5.513812154696133,0.004432624113475178,0.00975177304964539,0.008865248226950355,0.0008865248226950354,0.5391581852682421,0.2899120576198287,0.0,1.0,0.3604450577885113,0.3291368560999172,0.0,0.9354838709677419,0.6875107814386752,0.24554774655339817,0.0,1.0,0.5721350123627164,0.2137284015814184,0.03225806451612903,1.0,17,0.17736185383244207,3.304812834224599,7
229,1116,1222,16.511703047650457,137.13888888888889,7,13,13,0,881,0.785204991087344,241,986,0.8787878787878788,0.9125993189557321,804,182,0.9125993189557321,0.7551867219917012,0.8787878787878788,173,972,5.618497109826589,0.006238859180035651,0.011586452762923352,0.011586452762923352,0.0,0.5402647704936987,0.28979256616178645,0.0,1.0,0.359839287778934,0.32899760117837906,0.0,0.9354838709677419,0.687998612556365,0.24541941319203156,0.0,1.0,0.5719736385709331,0.21331099870705267,0.03225806451612903,1.0,17,0.17562724014336917,3.314516129032258,7
230,1111,1222,16.642388077976392,137.2124212421242,4,9,9,0,884,0.7921146953405018,232,1013,0.9077060931899642,0.9355203619909502,827,186,0.9355203619909502,0.8017241379310345,0.9077060931899642,176,989,5.619318181818182,0.0035842293906810036,0.008064516129032258,0.008064516129032258,0.0,0.5403733921779275,0.2899229668867826,0.0,1.0,0.359861792630876,0.3288039129380062,0.0,0.9354838709677419,0.6876978020382684,0.24570289376629798,0.0,1.0,0.5720217183008623,0.21299656650048063,0.03225806451612903,1.0,17,0.17371737173717372,3.3204320432043204,7
231,1098,1231,16.65728708242107,136.96083788706738,3,16,16,0,888,0.7992799279927992,223,976,0.8784878487848785,0.918918918918919,816,160,0.918918918918919,0.7174887892376681,0.8784878487848785,173,958,5.53757225433526,0.0027002700270027003,0.0144014401440144,0.0144014401440144,0.0,0.5406604383336271,0.2903356450856179,0.0,1.0,0.35971561196310003,0.3292553808518656,0.0,0.9354838709677419,0.6873200540572301,0.24615870048426447,0.0,1.0,0.5702450202714613,0.2121652229854039,0.03225806451612903,1.0,17,0.17395264116575593,3.336976320582878,7
232,1100,1239,16.63508213497652,136.44363636363636,11,9,7,2,830,0.75591985428051,268,989,0.900728597449909,0.9397590361445783,780,209,0.9397590361445783,0.7798507462686567,0.900728597449909,173,970,5.606936416184971,0.010018214936247723,0.00819672131147541,0.006375227686703097,0.0018214936247723133,0.5396774193548387,0.29030760795538907,0.0,1.0,0.35953079178885633,0.3292086343336188,0.0,0.9354838709677419,0.686158357771261,0.24640690872689935,0.0,1.0,0.5683870967741935,0.21164464034949504,0.03225806451612903,1.0,17,0.17363636363636364,3.3436363636363637,7
233,1101,1245,16.572560879871624,135.79745685740235,10,9,8,1,875,0.7954545454545454,225,989,0.899090909090909,0.936,819,170,0.936,0.7555555555555555,0.899090909090909,170,965,5.676470588235294,0.00909090909090909,0.008181818181818182,0.007272727272727273,0.0009090909090909091,0.5390114558612406,0.29039418094642644,0.0,1.0,0.36002461105739647,0.3291277599240921,0.0,0.9354838709677419,0.685242155225455,0.246764576782204,0.0,1.0,0.5672848729893646,0.21134284483565688,0.03225806451612903,1.0,17,0.17257039055404177,3.3533151680290647,7
234,1099,1258,16.488130570888824,134.64331210191082,12,14,13,1,831,0.7547683923705722,270,982,0.8919164396003633,0.9265944645006017,770,212,0.9265944645006017,0.7851851851851852,0.8919164396003633,163,958,5.877300613496932,0.010899182561307902,0.012715712988192553,0.011807447774750226,0.0009082652134423251,0.5383486453961078,0.2924195152209636,0.0,1.0,0.35833162112184097,0.32829785605943623,0.0,0.9354838709677419,0.6844932343185888,0.24687378588080866,0.0,1.0,0.567260559452875,0.2112565934711893,0.03225806451612903,1.0,17,0.17288444040036396,3.364877161055505,7
235,1098,1269,16.53394169962604,134.6657559198543,5,6,6,0,841,0.7652411282984531,258,987,0.8980891719745223,0.9322235434007135,784,203,0.9322235434007135,0.7868217054263565,0.8980891719745223,166,964,5.807228915662651,0.004549590536851683,0.00545950864422202,0.00545950864422202,0.0,0.5380750925436276,0.29316946925648446,0.0,1.0,0.35771784476173685,0.3285268593488844,0.0,0.9354838709677419,0.6824137728421176,0.2477591571678058,0.0,1.0,0.5683353898583935,0.21151483633944126,0.03225806451612903,1.0,17,0.1703096539162113,3.366120218579235,7
236,1090,1279,16.576686796195123,134.69174311926605,3,11,11,0,858,0.7814207650273224,240,970,0.8834244080145719,0.9090909090909091,780,190,0.9090909090909091,0.7916666666666666,0.8834244080145719,169,949,5.615384615384615,0.00273224043715847,0.010018214936247723,0.010018214936247723,0.0,0.5378218407812962,0.2933160499527493,0.0,1.0,0.35717667949097365,0.3281165619137633,0.0,0.9354838709677419,0.6821544835750222,0.24816487247937366,0.0,1.0,0.5678307191476769,0.21134739563648575,0.03225806451612903,1.0,17,0.16972477064220184,3.371559633027523,7
237,1093,1283,16.641366489277377,134.58920402561756,7,4,4,0,819,0.7513761467889908,271,949,0.8706422018348624,0.9145299145299145,749,200,0.9145299145299145,0.7380073800738007,0.8706422018348624,168,921,5.482142857142857,0.006422018348623854,0.003669724770642202,0.003669724770642202,0.0,0.5382640262078329,0.2932239364415358,0.0,1.0,0.3561668093144054,0.32772097120360216,0.0,0.9354838709677419,0.6829973733140513,0.24817686601150643,0.0,1.0,0.5666853584393353,0.21118187250315285,0.03225806451612903,1.0,17,0.17108874656907594,3.3806038426349496,7
238,1089,1288,16.67567706704136,134.09274563820017,7,11,10,1,856,0.7831655992680695,237,989,0.9048490393412626,0.9264018691588785,793,196,0.9264018691588785,0.8270042194092827,0.9048490393412626,168,962,5.726190476190476,0.006404391582799634,0.010064043915827997,0.009149130832570906,0.0009149130832570906,0.5367457566871057,0.2940705079528669,0.0,1.0,0.35593471370597474,0.32779596223841034,0.0,0.9354838709677419,0.6832252140170029,0.24819065702839263,0.0,1.0,0.5661305133445895,0.2105216991096218,0.03225806451612903,1.0,17,0.1689623507805326,3.393939393939394,7
239,1091,1286,16.66346688094331,132.8551787351054,13,11,11,0,833,0.7649219467401286,256,997,0.9155188246097337,0.9399759903961584,783,214,0.9399759903961584,0.8359375,0.9155188246097337,176,971,5.517045454545454,0.011937557392102846,0.010101010101010102,0.010101010101010102,0.0,0.5382454687915792,0.2937521270653519,0.0,1.0,0.3556074628189586,0.32789650348881677,0.0,0.9354838709677419,0.6839241891132728,0.24799943604574828,0.0,1.0,0.5673693858845096,0.21047980989805387,0.03225806451612903,1.0,17,0.17048579285059579,3.4023831347387716,7
240,1086,1301,16.72255297722741,132.68508287292818,5,10,9,1,852,0.7809349220898258,239,931,0.8533455545371219,0.9061032863849765,772,159,0.9061032863849765,0.6652719665271967,0.8533455545371219,164,910,5.548780487804878,0.00458295142071494,0.00916590284142988,0.008249312557286892,0.0009165902841429881,0.5378720370700409,0.2940782442856732,0.0,1.0,0.35629418404324836,0.32785562475040464,0.0,0.9354838709677419,0.6836273985623478,0.2480818461106882,0.0,1.0,0.5680211489336423,0.21019585642024005,0.03225806451612903,1.0,17,0.1694290976058932,3.4079189686924494,7
241,1086,1308,16.652702907071532,131.76887661141805,13,13,11,2,814,0.7495395948434622,272,961,0.8848987108655617,0.9213759213759214,750,211,0.9213759213759214,0.7757352941176471,0.8848987108655617,169,937,5.544378698224852,0.011970534069981584,0.011970534069981584,0.010128913443830571,0.001841620626151013,0.5372779659003148,0.2940889849009534,0.0,1.0,0.3532347175191588,0.32695793671461765,0.0,0.9354838709677419,0.6829145131586764,0.24879671686012228,0.0,1.0,0.5656151606962514,0.21060927290167092,0.03225806451612903,1.0,17,0.1721915285451197,3.429097605893186,7
242,1085,1315,16.703880537652317,131.37511520737328,8,9,8,1,807,0.7430939226519337,279,957,0.8812154696132597,0.9021065675340768,728,229,0.9021065675340768,0.8207885304659498,0.8812154696132597,165,929,5.63030303030303,0.007366482504604052,0.008287292817679558,0.007366482504604052,0.0009208103130755065,0.5378326148357365,0.2940543536978453,0.0,1.0,0.35278727515980374,0.3266821342539574,0.0,0.9354838709677419,0.6820871116396611,0.2489282898258894,0.0,1.0,0.5654229225509142,0.2102099391542526,0.03225806451612903,1.0,17,0.17050691244239632,3.4377880184331797,7
243,1075,1320,16.682228672794263,129.86046511627907,12,22,18,4,802,0.7391705069124423,283,962,0.8866359447004608,0.9139650872817955,733,229,0.9139650872817955,0.8091872791519434,0.8866359447004608,170,937,5.511764705882353,0.011059907834101382,0.020276497695852536,0.016589861751152075,0.003686635944700461,0.5392048012003,0.29285202473954786,0.0,1.0,0.3548987246811703,0.3264494131547771,0.0,0.9354838709677419,0.6820105026256564,0.24899522050634576,0.0,1.0,0.56576144036009,0.20973834398383795,0.03225806451612903,1.0,17,0.16837209302325581,3.4502325581395348,7
244,1069,1327,16.63007703795276,128.66043030869972,11,17,14,3,837,0.7786046511627907,238,944,0.878139534883721,0.9259259259259259,775,169,0.9259259259259259,0.7100840336134454,0.878139534883721,174,925,5.316091954022989,0.010232558139534883,0.01581395348837209,0.013023255813953489,0.0027906976744186047,0.5376444672440327,0.2941439305151318,0.0,1.0,0.35559310781858233,0.32622703771603573,0.0,0.9354838709677419,0.6826397899755575,0.24797525134712786,0.0,1.0,0.5657080780952956,0.2100868098262345,0.03225806451612903,1.0,17,0.16744621141253507,3.46866230121609,8
245,1064,1332,16.7129236108327,128.02631578947367,7,12,12,0,827,0.7736202057998129,242,930,0.8699719363891487,0.9032648125755743,747,183,0.9032648125755743,0.756198347107438,0.8699719363891487,171,906,5.298245614035087,0.006548175865294668,0.011225444340505144,0.011225444340505144,0.0,0.5366238176085375,0.2946999864946859,0.0,1.0,0.3552934756245452,0.3263135765355566,0.0,0.9354838709677419,0.6807846228474412,0.24895119307603497,0.0,1.0,0.5653953431967015,0.21022059159427528,0.03225806451612903,1.0,17,0.16541353383458646,3.481203007518797,8
246,1051,1345,16.638816518114837,127.05613701236918,7,20,18,2,819,0.7697368421052632,245,927,0.8712406015037594,0.9072039072039072,743,184,0.9072039072039072,0.7510204081632653,0.8712406015037594,166,906,5.457831325301205,0.006578947368421052,0.018796992481203006,0.016917293233082706,0.0018796992481203006,0.5362941591725239,0.2942272049163286,0.0,1.0,0.35250606181516836,0.3260524996739668,0.0,0.9354838709677419,0.6815628740677082,0.24971860087431325,0.0,1.0,0.5626285258279365,0.20984356952317673,0.03225806451612903,1.0,17,0.1665080875356803,3.4928639391056135,8
247,1050,1348,16.63437872811737,126.26476190476191,10,11,10,1,798,0.7592768791627021,253,923,0.8782112274024738,0.9110275689223057,727,196,0.9110275689223057,0.7747035573122529,0.8782112274024738,166,892,5.373493975903615,0.009514747859181731,0.010466222645099905,0.009514747859181731,0.0009514747859181732,0.5360983102918586,0.294793394736244,0.0,1.0,0.35302611367127495,0.3255465568665736,0.0,0.9354838709677419,0.6814132104454685,0.2495839752618382,0.0,1.0,0.562457757296467,0.20990351690692372,0.03225806451612903,1.0,17,0.1676190476190476,3.498095238095238,8
248,1047,1354,16.612120005055317,125.0974212034384,11,14,12,2,808,0.7695238095238095,242,917,0.8733333333333333,0.9195544554455446,743,174,0.9195544554455446,0.71900826446281,0.8733333333333333,172,895,5.203488372093023,0.010476190476190476,0.013333333333333334,0.011428571428571429,0.0019047619047619048,0.5340296392149614,0.29453961163624653,0.0,1.0,0.3546230397140832,0.3258559927577555,0.0,0.9354838709677419,0.6808392642573251,0.2496813499700648,0.0,1.0,0.561542964537696,0.2099026989899527,0.03225806451612903,1.0,17,0.16714422158548234,3.506208213944604,8
249,1043,1362,16.613209229587156,124.21476510067114,8,12,12,0,801,0.7650429799426934,246,911,0.8701050620821394,0.9051186017478152,725,186,0.9051186017478152,0.7560975609756098,0.8701050620821394,165,884,5.357575757575757,0.007640878701050621,0.011461318051575931,0.011461318051575931,0.0,0.5331085887483376,0.2948966048271494,0.0,1.0,0.35143661274858506,0.32538048056322627,0.0,0.9354838709677419,0.6794606129960102,0.2502844491975284,0.0,1.0,0.5608202146413881,0.20973048650574827,0.03225806451612903,1.0,17,0.16682646212847554,3.5215723873441993,8
250,1036,1365,16.641239712191087,123.48359073359073,7,14,13,1,866,0.8302972195589645,177,932,0.8935762224352828,0.930715935334873,806,126,0.930715935334873,0.711864406779661,0.8935762224352828,171,906,5.298245614035087,0.006711409395973154,0.013422818791946308,0.012464046021093002,0.0009587727708533077,0.5324137501556857,0.2951416645487484,0.0,1.0,0.3537489102005231,0.3259165806941276,0.0,0.9354838709677419,0.6803462448623739,0.2501902077204536,0.0,1.0,0.5615892390085939,0.20936454770904028,0.03225806451612903,1.0,17,0.16602316602316602,3.531853281853282,8
251,1030,1371,16.629750853163088,121.91067961165048,13,19,16,3,773,0.7461389961389961,263,920,0.888030888030888,0.9327296248382924,721,199,0.9327296248382924,0.7566539923954373,0.888030888030888,170,896,5.270588235294118,0.012548262548262547,0.01833976833976834,0.015444015444015444,0.0028957528957528956,0.5316316943313498,0.2944775437658226,0.0,1.0,0.35258377701221416,0.32525196308075227,0.0,0.9354838709677419,0.6811775759473849,0.24974860705735724,0.0,1.0,0.5609145004697776,0.2084770385559964,0.03225806451612903,1.0,17,0.1669902912621359,3.5466019417475727,8
252,1015,1379,16.74148255651995,120.9743842364532,4,19,17,2,800,0.7766990291262136,230,908,0.8815533980582524,0.92625,741,167,0.92625,0.7260869565217392,0.8815533980582524,163,879,5.392638036809816,0.003883495145631068,0.018446601941747572,0.01650485436893204,0.001941747572815534,0.5301763864611473,0.2952050266396642,0.0,1.0,0.3539488320355951,0.32532005043568935,0.0,0.9354838709677419,0.6806928333068488,0.2493452882600466,0.0,1.0,0.5595741299856984,0.20773755092872678,0.03225806451612903,1.0,17,0.1684729064039409,3.5576354679802957,8
253,1012,1388,16.785424264105224,120.03458498023716,9,12,10,2,797,0.7852216748768472,218,919,0.9054187192118227,0.9259723964868256,738,181,0.9259723964868256,0.8302752293577982,0.9054187192118227,169,897,5.3076923076923075,0.008866995073891626,0.011822660098522168,0.009852216748768473,0.0019704433497536944,0.5291023842917252,0.29496987948889647,0.0,1.0,0.35407369628968505,0.3256443680000904,0.0,0.9354838709677419,0.6814675506821369,0.24862208287156404,0.0,1.0,0.5600854264949637,0.20698977799776128,0.03225806451612903,1.0,17,0.16996047430830039,3.5681818181818183,8
254,1014,1399,16.783190982862916,119.08974358974359,11,9,8,1,746,0.7371541501976284,266,884,0.8735177865612648,0.9168900804289544,684,200,0.9168900804289544,0.7518796992481203,0.8735177865612648,160,855,5.34375,0.010869565217391304,0.008893280632411068,0.007905138339920948,0.0009881422924901185,0.5303174906152573,0.29502082105103045,0.0,1.0,0.3548068969905198,0.3260061788142405,0.0,0.9354838709677419,0.6821594451867405,0.24757816183740358,0.06451612903225806,1.0,0.560412292422218,0.2072346307519591,0.03225806451612903,1.0,17,0.16962524654832348,3.5828402366863905,8
255,1013,1407,16.8407331659639,118.48864758144127,10,11,8,3,791,0.7800788954635108,223,900,0.8875739644970414,0.9241466498103666,731,169,0.9241466498103666,0.757847533632287,0.8875739644970414,167,875,5.2395209580838324,0.009861932938856016,0.010848126232741617,0.007889546351084813,0.0029585798816568047,0.53236951883578,0.29404960495294247,0.0,1.0,0.3545202687641308,0.3259416368630383,0.0,0.9354838709677419,0.682578097633984,0.24803391967668262,0.06451612903225806,1.0,0.5614113301276948,0.20770511606374198,0.03225806451612903,1.0,17,0.1688055281342547,3.590325765054294,8
256,1014,1411,16.849969117372428,117.52071005917159,11,10,9,1,816,0.805528134254689,197,877,0.8657453109575518,0.9080882352941176,741,136,0.9080882352941176,0.6903553299492385,0.8657453109575518,170,851,5.0058823529411764,0.01085883514313919,0.009871668311944718,0.008884501480750246,0.0009871668311944718,0.5299039256855634,0.2949795449950957,0.0,1.0,0.35229369472545646,0.3253550103248514,0.0,0.9354838709677419,0.6820003817522428,0.24790632249626696,0.06451612903225806,1.0,0.5622256155754916,0.2076237334677008,0.03225806451612903,1.0,17,0.16962524654832348,3.603550295857988,8
257,1007,1424,16.966322431242293,117.24230387288978,5,12,10,2,805,0.7938856015779092,209,882,0.8698224852071006,0.9130434782608695,735,147,0.9130434782608695,0.7033492822966507,0.8698224852071006,164,859,5.237804878048781,0.004930966469428008,0.011834319526627219,0.009861932938856016,0.0019723865877712033,0.5293269692795591,0.2954637560264663,0.0,1.0,0.3522760034596534,0.32559320540663783,0.0,0.9354838709677419,0.6823845981356312,0.24833324083552288,0.06451612903225806,1.0,0.561488932312522,0.20774433956697141,0.03225806451612903,1.0,17,0.16881827209533268,3.612711022840119,8
258,1004,1434,16.955353756961006,115.81972111553785,11,14,13,1,789,0.7835153922542205,218,904,0.8977159880834161,0.9378960709759189,740,164,0.9378960709759189,0.7522935779816514,0.8977159880834161,163,877,5.380368098159509,0.010923535253227408,0.013902681231380337,0.012909632571996028,0.0009930486593843098,0.5306515871995887,0.29610281709812164,0.0,1.0,0.3539390823801568,0.32549005914791335,0.0,0.9354838709677419,0.6813712890373989,0.2486764514881956,0.06451612903225806,1.0,0.5629417812620486,0.20806874664001912,0.03225806451612903,1.0,17,0.16733067729083664,3.6225099601593627,8
259,1005,1442,16.95921269705779,114.97810945273632,9,8,8,0,770,0.7669322709163346,234,885,0.8814741035856574,0.9194805194805195,708,177,0.9194805194805195,0.7564102564102564,0.8814741035856574,170,863,5.076470588235294,0.008964143426294821,0.00796812749003984,0.00796812749003984,0.0,0.5326592842240412,0.29529453013721035,0.0,1.0,0.35313753811587223,0.3252755429964573,0.0,0.9354838709677419,0.6820093082972235,0.24851670952174976,0.06451612903225806,1.0,0.5611619322741134,0.20854138150204463,0.03225806451612903,1.0,17,0.16716417910447762,3.63681592039801,8
260,998,1447,16.94343469791242,113.4629258517034,8,15,15,0,760,0.7562189054726368,245,874,0.8696517412935323,0.8947368421052632,680,194,0.8947368421052632,0.7918367346938775,0.8696517412935323,166,845,5.090361445783133,0.007960199004975124,0.014925373134328358,0.014925373134328358,0.0,0.531870191996897,0.2955078066436281,0.0,1.0,0.3519619884931153,0.32521239326709267,0.0,0.9354838709677419,0.6844010601848859,0.24755418913843877,0.06451612903225806,1.0,0.5609606309392979,0.2083301463630297,0.03225806451612903,1.0,17,0.16933867735470942,3.659318637274549,8
261,1002,1452,16.98102680072844,112.66566866267465,11,7,6,1,760,0.7615230460921844,238,871,0.872745490981964,0.9197368421052632,699,172,0.9197368421052632,0.7226890756302521,0.872745490981964,169,845,5.0,0.011022044088176353,0.0070140280561122245,0.006012024048096192,0.001002004008016032,0.5304230249179062,0.29546602733826666,0.0,1.0,0.35071791900070826,0.3244131337272332,0.0,0.9354838709677419,0.6843731891056597,0.2478070527349039,0.06451612903225806,1.0,0.5587212671431331,0.20752590924556047,0.03225806451612903,1.0,17,0.17065868263473055,3.6736526946107784,8
262,996,1456,17.01197559816368,111.02510040160642,11,17,15,2,775,0.7734530938123753,227,873,0.8712574850299402,0.9303225806451613,721,152,0.9303225806451613,0.6696035242290749,0.8712574850299402,169,846,5.005917159763314,0.010978043912175649,0.016966067864271458,0.014970059880239521,0.001996007984031936,0.5307358466122555,0.29473476135465937,0.0,1.0,0.3520209871745045,0.32533061643571154,0.0,0.9354838709677419,0.6841883663687006,0.24787826580312752,0.06451612903225806,1.0,0.557552791812411,0.20749758654203462,0.03225806451612903,1.0,17,0.1716867469879518,3.6927710843373496,8
263,990,1466,17.00765631752666,109.67272727272727,9,15,14,1,774,0.7771084337349398,222,846,0.8493975903614458,0.8992248062015504,696,150,0.8992248062015504,0.6756756756756757,0.8493975903614458,165,821,4.975757575757576,0.009036144578313253,0.015060240963855422,0.014056224899598393,0.001004016064257028,0.5320299771912675,0.295079686641831,0.0,1.0,0.3496904529162594,0.3244662773991492,0.0,0.9354838709677419,0.6844574780058651,0.2481114039757239,0.06451612903225806,1.0,0.557901596611274,0.2080629999552608,0.0967741935483871,1.0,16,0.17474747474747473,3.712121212121212,8
264,989,1469,16.991445510580153,108.0273003033367,12,13,11,2,773,0.7808080808080808,217,880,0.8888888888888888,0.926261319534282,716,164,0.926261319534282,0.7557603686635944,0.8888888888888888,171,854,4.994152046783626,0.012121212121212121,0.013131313131313131,0.011111111111111112,0.00202020202020202,0.5308066146971526,0.2953033002688298,0.0,1.0,0.34900029355164874,0.3236009218598613,0.0,0.9354838709677419,0.6850843145569,0.2474392955358601,0.06451612903225806,1.0,0.5561172901921132,0.20826501004369988,0.0967741935483871,1.0,16,0.17795753286147623,3.731041456016178,8
265,977,1477,17.04746720194042,106.76970317297851,6,18,16,2,792,0.8008088978766431,197,863,0.8725985844287159,0.9242424242424242,732,131,0.9242424242424242,0.6649746192893401,0.8725985844287159,163,834,5.116564417177914,0.006066734074823054,0.01820020222446916,0.016177957532861477,0.0020222446916076846,0.5314491365932579,0.294938840392107,0.0,1.0,0.3510747185261003,0.322865621893575,0.0,0.9354838709677419,0.6867302803182884,0.24691684256362526,0.06451612903225806,1.0,0.5565754284016244,0.20855384213761846,0.0967741935483871,1.0,16,0.1750255885363357,3.744114636642784,8
266,977,1478,17.109512584552128,105.77482088024566,9,9,9,0,760,0.7778915046059366,217,892,0.9129989764585466,0.9394736842105263,714,178,0.9394736842105263,0.8202764976958525,0.9129989764585466,167,860,5.149700598802395,0.009211873080859774,0.009211873080859774,0.009211873080859774,0.0,0.5295671410175983,0.2947687328500292,0.0,1.0,0.35368309835903194,0.32378312239935697,0.0,0.9354838709677419,0.6872255423118829,0.24670994556510106,0.06451612903225806,1.0,0.5580942318486479,0.20880516094868998,0.0967741935483871,1.0,16,0.172978505629478,3.7553735926305016,8
267,985,1489,17.031260368015005,104.58172588832487,14,6,6,0,744,0.7615148413510747,233,850,0.8700102354145343,0.907258064516129,675,175,0.907258064516129,0.7510729613733905,0.8700102354145343,170,831,4.8882352941176475,0.014329580348004094,0.006141248720573183,0.006141248720573183,0.0,0.5280825282462748,0.29489467234099087,0.0,1.0,0.3534959882102505,0.3239976954780138,0.0,0.9354838709677419,0.6875388897985918,0.24656734203558936,0.06451612903225806,1.0,0.5567054200098248,0.20818643735060877,0.0967741935483871,1.0,16,0.1736040609137056,3.7766497461928936,8
268,987,1493,16.9890853621823,103.41641337386018,11,9,9,0,760,0.7715736040609137,225,868,0.8812182741116751,0.925,703,165,0.925,0.7333333333333333,0.8812182741116751,169,841,4.976331360946745,0.01116751269035533,0.009137055837563452,0.009137055837563452,0.0,0.5261300127463476,0.2954594353528097,0.0,1.0,0.35176651305683565,0.32365583409374094,0.0,0.9354838709677419,0.6863744811582836,0.24713329011225485,0.06451612903225806,1.0,0.554335392358728,0.20816778941476122,0.0967741935483871,1.0,16,0.17325227963525835,3.7983789260385006,8
269,985,1499,16.917310417735152,101.77969543147208,14,16,12,4,802,0.8125633232016211,185,857,0.8682877406281662,0.9064837905236908,727,130,0.9064837905236908,0.7027027027027027,0.8682877406281662,170,833,4.9,0.014184397163120567,0.016210739614994935,0.0121580547112462,0.004052684903748734,0.5240871131488456,0.29573409658087624,0.0,1.0,0.35326674308170947,0.3238776299284468,0.0,0.9354838709677419,0.6853119371213361,0.24690552401853139,0.06451612903225806,1.0,0.5527427542164729,0.20753217714726302,0.0967741935483871,1.0,16,0.1736040609137056,3.8131979695431473,8
270,986,1512,16.807140170950515,100.00101419878297,13,12,12,0,759,0.7705583756345178,226,879,0.8923857868020305,0.919631093544137,698,181,0.919631093544137,0.8008849557522124,0.8923857868020305,160,852,5.325,0.013197969543147208,0.012182741116751269,0.012182741116751269,0.0,0.5209055813649153,0.2963317365974479,0.0,1.0,0.35264673166263166,0.32454165318296635,0.0,0.9354838709677419,0.6819341752273768,0.24801875830490042,0.06451612903225806,1.0,0.5535889550480927,0.20800692540744328,0.0967741935483871,1.0,16,0.17342799188640973,3.8225152129817443,8
271,982,1522,16.888766422141977,99.07331975560082,8,12,10,2,758,0.768762677484787,228,876,0.8884381338742393,0.9379947229551451,711,165,0.9379947229551451,0.7236842105263158,0.8884381338742393,166,852,5.132530120481928,0.008113590263691683,0.012170385395537525,0.010141987829614604,0.002028397565922921,0.5223375599500689,0.29698860850625053,0.0,1.0,0.35155377439064445,0.3241794305401551,0.0,0.9354838709677419,0.683266539649169,0.24807751250094995,0.06451612903225806,1.0,0.5540043361145786,0.20797681792206618,0.0967741935483871,1.0,16,0.17515274949083504,3.8380855397148674,8
272,976,1525,16.92254498582892,97.52663934426229,11,17,14,3,774,0.7881873727087576,208,832,0.8472505091649695,0.896640826873385,694,138,0.896640826873385,0.6634615384615384,0.8472505091649695,173,808,4.670520231213873,0.01120162932790224,0.017311608961303463,0.014256619144602852,0.003054989816700611,0.5181782125859333,0.2960465708912854,0.0,1.0,0.3538141195134849,0.3252992518025573,0.0,0.9354838709677419,0.6839965626652565,0.2471982363838684,0.06451612903225806,1.0,0.5549643046007403,0.20844434952409932,0.0967741935483871,1.0,16,0.17520491803278687,3.8565573770491803,8
273,971,1540,16.886830754621847,95.77960865087539,11,16,14,2,760,0.7786885245901639,216,845,0.8657786885245902,0.9118421052631579,693,152,0.9118421052631579,0.7037037037037037,0.8657786885245902,164,824,5.024390243902439,0.011270491803278689,0.01639344262295082,0.014344262295081968,0.0020491803278688526,0.5174911132520514,0.2951153962527158,0.0,1.0,0.35380884356001463,0.32526706097955943,0.0,0.9354838709677419,0.6828676788146574,0.2467241461016957,0.06451612903225806,1.0,0.5535032058735591,0.20777471614829252,0.0967741935483871,1.0,16,0.17610710607621008,3.879505664263646,8
274,964,1542,16.78384366748582,93.00414937759336,13,20,19,1,764,0.7868177136972193,207,859,0.8846549948506695,0.9201570680628273,703,156,0.9201570680628273,0.7536231884057971,0.8846549948506695,176,837,4.755681818181818,0.013388259526261586,0.02059732234809475,0.01956745623069001,0.0010298661174047373,0.5145228215767634,0.29520722020264706,0.0,1.0,0.3530651853834828,0.32433615162796275,0.0,0.9354838709677419,0.680698701646366,0.24675745581141317,0.06451612903225806,1.0,0.5512648909115245,0.20734607831086407,0.0967741935483871,1.0,16,0.17738589211618258,3.9149377593360994,8
275,965,1550,16.82955010549871,91.95233160621761,11,10,8,2,737,0.7645228215767634,227,859,0.8910788381742739,0.932157394843962,687,172,0.932157394843962,0.7577092511013216,0.8910788381742739,169,836,4.946745562130178,0.011410788381742738,0.01037344398340249,0.008298755186721992,0.002074688796680498,0.5139896373056995,0.2954197293078085,0.0,1.0,0.3504930636804278,0.323895843123899,0.0,0.9354838709677419,0.6804613070366037,0.2473420489098183,0.06451612903225806,1.0,0.5496573625271602,0.20654065757643725,0.0967741935483871,1.0,16,0.18238341968911917,3.937823834196891,8
276,969,1557,16.89463350269986,91.31475748194015,10,6,5,1,752,0.7792746113989637,213,861,0.8922279792746114,0.9175531914893617,690,171,0.9175531914893617,0.8028169014084507,0.8922279792746114,165,833,5.048484848484849,0.010362694300518135,0.0062176165803108805,0.0051813471502590676,0.0010362694300518134,0.5134991178135091,0.2957273276648736,0.0,1.0,0.3530077565831086,0.32461470991506236,0.0,0.9354838709677419,0.681214421252372,0.24708793399416473,0.06451612903225806,1.0,0.5502513399247645,0.20609375629912827,0.0967741935483871,1.0,16,0.1826625386996904,3.9432404540763675,8
277,965,1558,16.924844465498488,89.58134715025906,10,14,13,1,757,0.7812177502579979,212,871,0.8988648090815273,0.9286657859973579,703,168,0.9286657859973579,0.7924528301886793,0.8988648090815273,176,848,4.818181818181818,0.010319917440660475,0.014447884416924664,0.013415892672858616,0.0010319917440660474,0.5134882166137389,0.2973421678076982,0.0,1.0,0.35045963563429716,0.32354063503052816,0.0,0.9354838709677419,0.6799598863446431,0.24794207146531733,0.06451612903225806,1.0,0.5492896540197226,0.20704058079211596,0.0967741935483871,1.0,16,0.1844559585492228,3.9637305699481864,8
278,966,1560,16.92145360548945,87.92132505175984,12,11,11,0,737,0.7637305699481866,228,847,0.877720207253886,0.9280868385345997,684,163,0.9280868385345997,0.7149122807017544,0.877720207253886,168,817,4.863095238095238,0.012435233160621761,0.011398963730569948,0.011398963730569948,0.0,0.5142256060909638,0.2985211127289868,0.0,1.0,0.349128431176117,0.32352551430061166,0.0,0.9354838709677419,0.6804581580177653,0.248699773828041,0.06451612903225806,1.0,0.5494222934615641,0.2062079191654966,0.0967741935483871,1.0,16,0.18219461697722567,3.984472049689441,8
279,972,1568,16.830319252641146,86.26748971193416,15,9,9,0,741,0.7670807453416149,225,837,0.8664596273291926,0.9122807017543859,676,161,0.9122807017543859,0.7155555555555555,0.8664596273291926,166,811,4.885542168674699,0.015527950310559006,0.009316770186335404,0.009316770186335404,0.0,0.5121133678481349,0.29918465610064526,0.0,1.0,0.34823443515199787,0.32396863581136215,0.0,0.9354838709677419,0.6804393999734502,0.24814691238695047,0.06451612903225806,1.0,0.549050842957653,0.20589723289441011,0.0967741935483871,1.0,16,0.18209876543209877,4.010288065843621,8
280,979,1575,16.832064622406413,85.56179775280899,12,5,5,0,751,0.772633744855967,221,841,0.8652263374485597,0.9081225033288948,682,159,0.9081225033288948,0.7194570135746606,0.8652263374485597,165,813,4.927272727272728,0.012345679012345678,0.0051440329218107,0.0051440329218107,0.0,0.5118455303304886,0.29924265961694746,0.0,1.0,0.3496655573495008,0.3243056160623618,0.0,0.9354838709677419,0.6803848561731853,0.24819620486028393,0.06451612903225806,1.0,0.5497050973672938,0.2061232047651462,0.0967741935483871,1.0,16,0.18181818181818182,4.020429009193054,8
281,986,1584,16.86373808110867,85.02839756592292,12,5,4,1,752,0.7681307456588355,227,838,0.8559754851889684,0.8949468085106383,673,165,0.8949468085106383,0.7268722466960352,0.8559754851889684,165,812,4.921212121212121,0.012257405515832482,0.005107252298263534,0.0040858018386108275,0.0010214504596527069,0.5113524831512137,0.2995304228013696,0.0,1.0,0.3490479617876071,0.32371264144167144,0.0,0.9354838709677419,0.6789897271478114,0.24877709628264652,0.06451612903225806,1.0,0.5476673427991886,0.2064387027504509,0.0967741935483871,1.0,16,0.18052738336713997,4.044624746450304,8
282,981,1592,17.01410887689685,84.33843017329256,4,9,9,0,751,0.7616632860040567,235,866,0.8782961460446247,0.929427430093209,698,168,0.929427430093209,0.7148936170212766,0.8782961460446247,169,843,4.988165680473373,0.004056795131845842,0.009127789046653144,0.009127789046653144,0.0,0.5108020124297129,0.29934260892549813,0.0,1.0,0.3481634934727566,0.3235311911191125,0.0,0.9354838709677419,0.6781427772845352,0.24874985974408323,0.06451612903225806,1.0,0.5471375489132222,0.2066333340035784,0.0967741935483871,1.0,16,0.18144750254842,4.054026503567788,8
283,986,1599,16.884374215942216,82.37829614604462,16,11,11,0,736,0.7502548419979612,245,862,0.8786952089704383,0.9171195652173914,675,187,0.9171195652173914,0.763265306122449,0.8786952089704383,164,833,5.079268292682927,0.0163098878695209,0.011213047910295617,0.011213047910295617,0.0,0.5104037165477981,0.29899008197225474,0.0,1.0,0.3480991951841915,0.3231836304080541,0.0,0.9354838709677419,0.6794477524046326,0.24859554553052954,0.06451612903225806,1.0,0.5460315383105411,0.2059863729790025,0.0967741935483871,1.0,16,0.18356997971602435,4.064908722109534,8
284,988,1601,16.83251312294564,80.75,14,12,11,1,762,0.7728194726166329,224,875,0.8874239350912779,0.9278215223097113,707,168,0.9278215223097113,0.75,0.8874239350912779,170,847,4.982352941176471,0.014198782961460446,0.012170385395537525,0.011156186612576065,0.0010141987829614604,0.5099582081755256,0.29806765449524436,0.0,1.0,0.3457946976622698,0.32236073715717545,0.0,0.9354838709677419,0.6799986940054852,0.24842984151585953,0.06451612903225806,1.0,0.5444691132297245,0.2064540236254833,0.0967741935483871,1.0,16,0.18522267206477733,4.07995951417004,8
285,989,1605,16.864816166188138,79.94135490394338,10,9,8,1,737,0.7459514170040485,251,861,0.8714574898785425,0.8914518317503393,657,204,0.8914518317503393,0.8127490039840638,0.8714574898785425,168,833,4.958333333333333,0.010121457489878543,0.009109311740890687,0.008097165991902834,0.0010121457489878543,0.5087902410385204,0.29743439700145957,0.0,1.0,0.3473368342085521,0.32323641168201994,0.0,0.9354838709677419,0.6785609445839721,0.24946060642542248,0.06451612903225806,1.0,0.5448318601389478,0.20660329396738997,0.0967741935483871,1.0,16,0.18503538928210314,4.085945399393327,8
286,994,1608,16.835203504358123,78.78772635814889,15,10,8,2,738,0.7462082912032356,251,895,0.9049544994944388,0.9498644986449865,701,194,0.9498644986449865,0.7729083665338645,0.9049544994944388,175,873,4.988571428571428,0.015166835187057633,0.010111223458038422,0.008088978766430738,0.0020222446916076846,0.5087622509249042,0.2967759572102801,0.0,1.0,0.34750438112546245,0.32291897571048755,0.0,0.9354838709677419,0.6789446355552671,0.24876300678698776,0.06451612903225806,1.0,0.544525215810995,0.20676199712246865,0.0967741935483871,1.0,16,0.18611670020120724,4.104627766599598,8
287,996,1617,16.912075307231145,78.65562248995984,8,6,4,2,801,0.8058350100603622,193,853,0.858148893360161,0.8913857677902621,714,139,0.8913857677902621,0.7202072538860104,0.858148893360161,170,832,4.894117647058824,0.008048289738430584,0.006036217303822937,0.004024144869215292,0.002012072434607646,0.5093924083430497,0.2967339214794707,0.0,1.0,0.3449604871097292,0.3219802701103594,0.0,0.9354838709677419,0.6794597745821997,0.24864390938954786,0.06451612903225806,1.0,0.5436261173727167,0.2071062829610186,0.0967741935483871,1.0,16,0.18775100401606426,4.1194779116465865,8
288,996,1626,16.9229371468216,77.714859437751,12,12,8,4,764,0.7670682730923695,232,863,0.8664658634538153,0.9031413612565445,690,173,0.9031413612565445,0.7456896551724138,0.8664658634538153,162,834,5.148148148148148,0.012048192771084338,0.012048192771084338,0.008032128514056224,0.004016064257028112,0.5085503303536727,0.29629782610959904,0.0,1.0,0.3445718357300168,0.3212957104391357,0.0,0.9354838709677419,0.6776136805285659,0.24878032417165194,0.06451612903225806,1.0,0.5412294338644903,0.20784816698615174,0.0967741935483871,1.0,16,0.18775100401606426,4.142570281124498,8
289,997,1626,16.99299529635418,76.94182547642929,9,8,8,0,755,0.7580321285140562,241,863,0.8664658634538153,0.9298013245033112,702,161,0.9298013245033112,0.6680497925311203,0.8664658634538153,172,835,4.854651162790698,0.009036144578313253,0.008032128514056224,0.008032128514056224,0.0,0.5080726049115087,0.2966734754017208,0.0,1.0,0.34539101174491216,0.3216547352311732,0.0,0.9354838709677419,0.6770958035396513,0.2483950167196161,0.06451612903225806,1.0,0.5405571553369788,0.2084593438217282,0.0967741935483871,1.0,16,0.18956870611835505,4.14543630892678,8
290,1005,1625,17.0387650449029,76.64875621890548,12,4,3,1,767,0.769307923771314,230,874,0.876629889669007,0.9230769230769231,708,166,0.9230769230769231,0.7217391304347827,0.876629889669007,167,840,5.029940119760479,0.012036108324974924,0.004012036108324975,0.003009027081243731,0.0010030090270812437,0.5083614187128872,0.2969181221454222,0.0,1.0,0.3442144118119082,0.3212909285662105,0.0,0.9354838709677419,0.6784143797143316,0.24829869553268724,0.06451612903225806,1.0,0.5395281656234955,0.20833229757734992,0.0967741935483871,1.0,16,0.191044776119403,4.160199004975125,8
291,1015,1637,16.889457894637783,75.60788177339901,16,6,6,0,785,0.7810945273631841,220,894,0.8895522388059701,0.9222929936305733,724,170,0.9222929936305733,0.7727272727272727,0.8895522388059701,163,869,5.331288343558282,0.015920398009950248,0.005970149253731343,0.005970149253731343,0.0,0.5074527252502781,0.29617937685287743,0.0,1.0,0.3448911488955983,0.32134273649190154,0.0,0.9354838709677419,0.6791037660893056,0.2472554194510139,0.06451612903225806,1.0,0.5401875099316701,0.20823168832837533,0.0967741935483871,1.0,16,0.19113300492610838,4.173399014778325,8
292,1023,1642,16.911177216281224,75.19941348973607,14,6,4,2,758,0.7467980295566502,257,889,0.8758620689655172,0.9261213720316622,702,187,0.9261213720316622,0.7276264591439688,0.8758620689655172,165,859,5.206060606060606,0.013793103448275862,0.005911330049261084,0.003940886699507389,0.0019704433497536944,0.5066691892914578,0.29545391097374846,0.0,1.0,0.34585185885914294,0.32172434065756594,0.0,0.9354838709677419,0.6819285466527922,0.2457260123077649,0.06451612903225806,1.0,0.5403146974426891,0.20761077987241525,0.0967741935483871,1.0,16,0.1935483870967742,4.178885630498534,8
293,1017,1653,16.948611343440398,74.00196656833825,6,12,12,0,794,0.7761485826001955,229,900,0.8797653958944281,0.9219143576826196,732,168,0.9219143576826196,0.7336244541484717,0.8797653958944281,170,881,5.182352941176471,0.005865102639296188,0.011730205278592375,0.011730205278592375,0.0,0.5045516541377232,0.29641390039959786,0.0,1.0,0.3438322707520538,0.3215936366108029,0.0,0.9354838709677419,0.6828432771909793,0.24652293798790695,0.06451612903225806,1.0,0.5392837884987471,0.20696068692898725,0.0967741935483871,1.0,16,0.19567354965585054,4.189773844641102,8
294,1019,1651,17.055182817499354,73.65554465161924,10,8,5,3,802,0.7885939036381514,215,914,0.8987217305801377,0.9463840399002493,759,155,0.9463840399002493,0.7209302325581395,0.8987217305801377,181,893,4.933701657458563,0.00983284169124877,0.007866273352999017,0.004916420845624385,0.0029498525073746312,0.5033081135838425,0.29597115166872057,0.0,1.0,0.3422077305391117,0.32152914733546334,0.0,0.9354838709677419,0.6836557029345658,0.24702749652155045,0.06451612903225806,1.0,0.5387634936211972,0.2067508158947753,0.0967741935483871,1.0,16,0.19528949950932287,4.1992149165848875,8
295,1017,1655,17.099461073682452,72.72664700098328,8,10,9,1,791,0.7762512266928361,228,892,0.8753680078508341,0.922882427307206,730,162,0.922882427307206,0.7105263157894737,0.8753680078508341,165,861,5.218181818181818,0.007850834151128557,0.009813542688910697,0.008832188420019628,0.0009813542688910696,0.5019824277603324,0.29481551973309184,0.0,1.0,0.34154851397215086,0.3214818944950885,0.0,0.9354838709677419,0.6834142163859549,0.24723502079077286,0.06451612903225806,1.0,0.5373489390046626,0.20695799864712916,0.0967741935483871,1.0,16,0.19567354965585054,4.2114060963618485,8
296,1016,1660,17.166034915253984,72.07381889763779,8,9,8,1,775,0.7620452310717798,242,890,0.8751229105211407,0.9083870967741936,704,186,0.9083870967741936,0.768595041322314,0.8751229105211407,166,861,5.186746987951807,0.007866273352999017,0.008849557522123894,0.007866273352999017,0.0009832841691248771,0.49920624841249683,0.2943609448229405,0.0,1.0,0.34128143256286514,0.32133609029341254,0.0,0.9354838709677419,0.6814516129032259,0.24732612082437427,0.06451612903225806,1.0,0.5367983235966471,0.20699291909396403,0.0967741935483871,1.0,16,0.19586614173228348,4.2234251968503935,8
297,1030,1659,17.077972788932765,71.45825242718446,18,4,3,1,790,0.7775590551181102,226,902,0.8877952755905512,0.9253164556962026,731,171,0.9253164556962026,0.7566371681415929,0.8877952755905512,176,877,4.982954545454546,0.017716535433070866,0.003937007874015748,0.002952755905511811,0.000984251968503937,0.4997181334168494,0.29423782599177917,0.0,1.0,0.3392420920764172,0.320250304033487,0.0,0.9354838709677419,0.6823676792984654,0.24705158126819282,0.06451612903225806,1.0,0.5383964923269652,0.2072901340471823,0.0967741935483871,1.0,16,0.19611650485436893,4.227184466019417,8
298,1037,1668,17.098346346359282,71.5053037608486,12,5,2,3,787,0.7640776699029126,243,906,0.8796116504854369,0.9186785260482846,723,183,0.9186785260482846,0.7530864197530864,0.8796116504854369,169,884,5.230769230769231,0.011650485436893204,0.0048543689320388345,0.001941747572815534,0.002912621359223301,0.497122593088002,0.29461814425185306,0.0,1.0,0.3379786605281986,0.3202653048663172,0.0,0.9354838709677419,0.6816810277786418,0.2473368715294791,0.06451612903225806,1.0,0.5373129685507202,0.20732529771417565,0.0967741935483871,1.0,16,0.19768563162970107,4.23625843780135,8
299,1050,1670,16.999845238341955,70.90857142857143,16,3,3,0,806,0.7772420443587271,231,918,0.8852459016393442,0.9181141439205955,740,178,0.9181141439205955,0.7705627705627706,0.8852459016393442,174,894,5.137931034482759,0.015429122468659595,0.0028929604628736743,0.0028929604628736743,0.0,0.4982795698924731,0.29405606465844825,0.0,1.0,0.34012288786482336,0.3204298262278347,0.0,0.9354838709677419,0.6811674347158219,0.2471858854408081,0.06451612903225806,1.0,0.5378494623655914,0.20814149335956272,0.0967741935483871,1.0,16,0.19714285714285715,4.251428571428572,8
300,1052,1674,17.103447978148385,71.17775665399239,5,3,3,0,839,0.799047619047619,211,929,0.8847619047619047,0.9261025029797377,777,152,0.9261025029797377,0.7203791469194313,0.8847619047619047,173,906,5.236994219653179,0.004761904761904762,0.002857142857142857,0.002857142857142857,0.0,0.4989267754200908,0.2941672659055494,0.0,1.0,0.339874892677542,0.3200465090613285,0.0,0.9354838709677419,0.6806390285784374,0.2471643944261493,0.06451612903225806,1.0,0.537869495891083,0.20840495100556236,0.0967741935483871,1.0,16,0.1967680608365019,4.257604562737643,8
301,1067,1679,17.01199037913769,70.97750702905343,16,1,1,0,804,0.7642585551330798,248,911,0.8659695817490495,0.9191542288557214,739,172,0.9191542288557214,0.6935483870967742,0.8659695817490495,165,881,5.33939393939394,0.015209125475285171,0.0009505703422053232,0.0009505703422053232,0.0,0.5002872086343985,0.2941663322819857,0.0,1.0,0.3412038576654473,0.32015347586629533,0.0,0.9354838709677419,0.6821658554282432,0.24691324610794887,0.06451612903225806,1.0,0.5377754935453639,0.20808717202483987,0.0967741935483871,1.0,16,0.1958762886597938,4.2671040299906275,8
302,1073,1679,17.028038976164275,70.71109040074558,10,4,4,0,827,0.7750702905342081,240,923,0.8650421743205249,0.9165659008464329,758,165,0.9165659008464329,0.6875,0.8650421743205249,174,897,5.155172413793103,0.00937207122774133,0.0037488284910965324,0.0037488284910965324,0.0,0.5004659832246039,0.2941702992289031,0.0,1.0,0.3418513062562006,0.3202817289988464,0.0,0.9354838709677419,0.6831915341370292,0.24650091985037967,0.06451612903225806,1.0,0.5376845143252262,0.20779027760296911,0.0967741935483871,1.0,16,0.195712954333644,4.2814538676607645,8
303,1079,1684,17.059519418902447,70.93141797961076,9,3,2,1,838,0.7809878844361603,235,918,0.8555452003727866,0.9045346062052506,758,160,0.9045346062052506,0.6808510638297872,0.8555452003727866,168,891,5.303571428571429,0.008387698042870456,0.0027958993476234857,0.001863932898415657,0.0009319664492078285,0.500971628449281,0.2938944230379126,0.0,1.0,0.34353792340578193,0.3199594201652784,0.0,0.9354838709677419,0.6847738347932674,0.24538712873545598,0.06451612903225806,1.0,0.5376842357021137,0.20749390203560078,0.0967741935483871,1.0,16,0.19555143651529194,4.290083410565338,9
304,1081,1683,17.128618407354146,70.85568917668826,7,5,4,1,856,0.7933271547729379,223,951,0.881371640407785,0.9264018691588785,793,158,0.9264018691588785,0.7085201793721974,0.881371640407785,174,924,5.310344827586207,0.006487488415199258,0.004633920296570899,0.0037071362372567192,0.0009267840593141798,0.5003431708991077,0.293237544902881,0.0,1.0,0.3428724896302706,0.31979677865703904,0.0,0.9354838709677419,0.6859837068425293,0.244992872517031,0.06451612903225806,1.0,0.5363611948315479,0.20705919537652406,0.0967741935483871,1.0,16,0.19703977798334876,4.306197964847364,9
305,1080,1688,17.141941015660723,70.12777777777778,11,12,9,3,818,0.7567067530064755,263,939,0.8686401480111008,0.902200488997555,738,201,0.902200488997555,0.7642585551330798,0.8686401480111008,164,908,5.536585365853658,0.010175763182238668,0.011100832562442183,0.008325624421831638,0.0027752081406105457,0.4991039426523297,0.292839163639097,0.0,1.0,0.34390681003584234,0.32013404129542494,0.0,0.9354838709677419,0.6848864994026284,0.24496732255894796,0.06451612903225806,1.0,0.5358721624850658,0.20800371315392346,0.0967741935483871,1.0,16,0.19537037037037036,4.319444444444445,9
306,1081,1700,17.263467150678842,70.46901017576319,5,4,2,2,805,0.7453703703703703,275,923,0.8546296296296296,0.8981366459627329,723,200,0.8981366459627329,0.7272727272727273,0.8546296296296296,169,904,5.349112426035503,0.004629629629629629,0.003703703703703704,0.001851851851851852,0.001851851851851852,0.4990301691981738,0.29260189166360706,0.0,1.0,0.3446331055474322,0.32078789261711593,0.0,0.9354838709677419,0.6845215004028529,0.2450180126325055,0.06451612903225806,1.0,0.5352869207126019,0.2074492465479953,0.0967741935483871,1.0,16,0.1942645698427382,4.323774283071231,9
307,1082,1704,17.352025656551913,70.34195933456562,7,6,5,1,772,0.7141535615171137,309,938,0.8677150786308974,0.8924870466321243,689,249,0.8924870466321243,0.8058252427184466,0.8677150786308974,174,916,5.264367816091954,0.0064754856614246065,0.005550416281221091,0.004625346901017576,0.0009250693802035153,0.4993142925287699,0.2922902386263936,0.0,1.0,0.3452089917118836,0.3200253235820421,0.0,0.9354838709677419,0.6851708306004413,0.24468853407512037,0.06451612903225806,1.0,0.5355077216623934,0.20795728611582812,0.0967741935483871,1.0,16,0.19408502772643252,4.324399260628466,9
308,1089,1709,17.290040565896675,69.87695133149678,12,5,5,0,826,0.7634011090573013,256,932,0.8613678373382625,0.914043583535109,755,177,0.914043583535109,0.69140625,0.8613678373382625,171,908,5.309941520467836,0.011090573012939002,0.0046210720887245845,0.0046210720887245845,0.0,0.4991854024112089,0.2932902480694655,0.0,1.0,0.34479694303741226,0.319729500000107,0.0,0.9354838709677419,0.6869575520601914,0.24407173163345083,0.06451612903225806,1.0,0.5333392576794337,0.20785752979368533,0.0967741935483871,1.0,16,0.19375573921028466,4.342516069788797,9
309,1096,1713,17.25045866391742,69.40054744525547,12,5,5,0,799,0.7337006427915519,290,936,0.859504132231405,0.9111389236545682,728,208,0.9111389236545682,0.7172413793103448,0.859504132231405,161,901,5.596273291925466,0.011019283746556474,0.004591368227731864,0.004591368227731864,0.0,0.49929361902519426,0.2929910889441833,0.0,1.0,0.3448316458676713,0.31967808455250063,0.0,0.9354838709677419,0.6858370614551448,0.24516982679799215,0.06451612903225806,1.0,0.5330527431127855,0.20833583696694527,0.0967741935483871,1.0,16,0.19251824817518248,4.362226277372263,9
310,1098,1714,17.28745471178702,69.132058287796,10,8,5,3,848,0.7737226277372263,248,978,0.8923357664233577,0.9304245283018868,789,189,0.9304245283018868,0.7620967741935484,0.8923357664233577,164,943,5.75,0.009124087591240875,0.0072992700729927005,0.004562043795620438,0.002737226277372263,0.49682707562136436,0.29256933526821055,0.0,1.0,0.3463775780010576,0.31984334088675814,0.0,0.9354838709677419,0.6847347082672308,0.24465446850627037,0.06451612903225806,1.0,0.53211116986897,0.20859887316660908,0.0967741935483871,1.0,16,0.19216757741347906,4.371584699453552,9
311,1103,1719,17.277939722026375,68.98730734360834,9,4,4,0,841,0.7659380692167578,257,970,0.8834244080145719,0.9286563614744352,781,189,0.9286563614744352,0.7354085603112841,0.8834244080145719,174,949,5.454022988505747,0.00819672131147541,0.0036429872495446266,0.0036429872495446266,0.0,0.4960956921007223,0.2928858530918945,0.0,1.0,0.34670839060626446,0.3199405502906368,0.0,0.9354838709677419,0.6856081654139736,0.244045954568029,0.06451612903225806,1.0,0.5320972128798291,0.2081600871503052,0.0967741935483871,1.0,16,0.1931097008159565,4.384406165004533,9
312,1110,1718,17.198622212568814,68.32612612612613,14,7,6,1,853,0.7733454215775158,250,982,0.8902991840435177,0.9284876905041032,792,190,0.9284876905041032,0.76,0.8902991840435177,167,948,5.676646706586826,0.012692656391659111,0.006346328195829556,0.005439709882139619,0.0009066183136899365,0.4969195001453066,0.29202795563414125,0.0,1.0,0.34957861086893344,0.3205011227704086,0.0,0.9354838709677419,0.6850915431560594,0.24412207819926773,0.06451612903225806,1.0,0.5326358616681197,0.20860577811018421,0.0967741935483871,1.0,16,0.19099099099099098,4.389189189189189,9
313,1113,1724,17.26562007671559,68.61635220125787,6,3,3,0,846,0.7621621621621621,264,960,0.8648648648648649,0.9196217494089834,778,182,0.9196217494089834,0.6893939393939394,0.8648648648648649,164,930,5.670731707317073,0.005405405405405406,0.002702702702702703,0.002702702702702703,0.0,0.4971451757818161,0.2915317652138172,0.0,1.0,0.35011448279859725,0.3204420435513114,0.0,0.9354838709677419,0.685418659247022,0.24367076714956806,0.06451612903225806,1.0,0.5325623858794888,0.20875216037033353,0.0967741935483871,1.0,16,0.19137466307277629,4.395327942497754,9
314,1118,1729,17.33418317315629,69.08318425760287,6,1,1,0,856,0.7690925426774483,257,1000,0.8984725965858041,0.9299065420560748,796,204,0.9299065420560748,0.7937743190661478,0.8984725965858041,175,980,5.6,0.005390835579514825,0.0008984725965858042,0.0008984725965858042,0.0,0.49731663685152055,0.29078349013784355,0.0,1.0,0.34996249062265566,0.320521812189726,0.0,0.9354838709677419,0.6868255525419816,0.24372439776033922,0.06451612903225806,1.0,0.5322003577817531,0.2084977634261379,0.0967741935483871,1.0,16,0.19320214669051877,4.395348837209302,9
315,1124,1722,17.23716372130534,68.40569395017793,13,7,7,0,865,0.7737030411449016,253,1002,0.8962432915921288,0.9398843930635838,813,189,0.9398843930635838,0.7470355731225297,0.8962432915921288,173,968,5.595375722543353,0.011627906976744186,0.006261180679785331,0.006261180679785331,0.0,0.49612558833658593,0.2912979724404554,0.0,1.0,0.3490701412007806,0.3203560303268079,0.0,0.9354838709677419,0.6853403742394674,0.24435939505867846,0.06451612903225806,1.0,0.5317988749856504,0.20838810489623077,0.0967741935483871,1.0,16,0.19306049822064056,4.403914590747331,9
316,1130,1727,17.14406347800431,67.80442477876106,13,7,6,1,853,0.7588967971530249,271,1001,0.8905693950177936,0.9249706916764361,789,212,0.9249706916764361,0.7822878228782287,0.8905693950177936,169,975,5.769230769230769,0.011565836298932384,0.006227758007117438,0.005338078291814947,0.0008896797153024911,0.49528975164145017,0.2918133563225998,0.0,1.0,0.34838709677419355,0.32024389147661586,0.0,0.9354838709677419,0.6851270339708821,0.24401048833983824,0.06451612903225806,1.0,0.5305452469312019,0.20785747899714396,0.0967741935483871,1.0,16,0.1929203539823009,4.41858407079646,9
317,1137,1727,17.007937908611023,67.28671943711521,13,6,6,0,913,0.8079646017699115,217,1013,0.8964601769911504,0.9441401971522454,862,151,0.9441401971522454,0.695852534562212,0.8964601769911504,178,991,5.567415730337078,0.011504424778761062,0.005309734513274336,0.005309734513274336,0.0,0.4940278605271371,0.2928871681429847,0.0,1.0,0.3475756801997333,0.32052050267734994,0.0,0.9354838709677419,0.6859307175078729,0.2439895296874837,0.06451612903225806,1.0,0.5295202428575482,0.20771236521933079,0.0967741935483871,1.0,16,0.19525065963060687,4.433597185576077,9
318,1147,1722,17.02320420599682,67.51176983435047,11,1,1,0,846,0.7440633245382586,291,1011,0.8891820580474934,0.9243498817966903,782,229,0.9243498817966903,0.7869415807560137,0.8891820580474934,176,982,5.579545454545454,0.009674582233948988,0.0008795074758135445,0.0008795074758135445,0.0,0.4945017858649492,0.29338509670846064,0.0,1.0,0.348313974744776,0.3203838267479566,0.0,0.9354838709677419,0.6860815029389432,0.2443097564347318,0.06451612903225806,1.0,0.5287003965463902,0.20752473415541378,0.0967741935483871,1.0,16,0.1961639058413252,4.444638186573671,9
319,1153,1724,16.988926079194787,67.55160450997398,10,4,3,1,887,0.7733217088055798,260,1013,0.8831734960767219,0.9199549041713642,816,197,0.9199549041713642,0.7576923076923077,0.8831734960767219,172,987,5.738372093023256,0.008718395815170008,0.0034873583260680036,0.0026155187445510027,0.0008718395815170009,0.4931315222561061,0.29312695771130437,0.0,1.0,0.3476205131074616,0.3201490042813751,0.0,0.9354838709677419,0.6856727191338164,0.2442323022582726,0.06451612903225806,1.0,0.5283552024172565,0.20724241273747165,0.0967741935483871,1.0,16,0.19687771032090198,4.456201214223764,9
320,1159,1728,16.94913159339966,67.42622950819673,10,4,4,0,892,0.7736339982653946,261,976,0.8464874241110147,0.8733183856502242,779,197,0.8733183856502242,0.7547892720306514,0.8464874241110147,172,952,5.534883720930233,0.008673026886383347,0.003469210754553339,0.003469210754553339,0.0,0.49333407553786635,0.2930271610932992,0.0,1.0,0.34732388878065074,0.32018804442662935,0.0,0.9354838709677419,0.684655849035598,0.2448605017189656,0.06451612903225806,1.0,0.5285980684127028,0.2066519761889909,0.0967741935483871,1.0,16,0.19672131147540983,4.462467644521139,9
321,1165,1732,16.922493102092215,67.60944206008584,9,3,3,0,889,0.7670405522001725,270,996,0.8593615185504746,0.9122609673790776,811,185,0.9122609673790776,0.6851851851851852,0.8593615185504746,170,970,5.705882352941177,0.007765314926660914,0.0025884383088869713,0.0025884383088869713,0.0,0.49300844524435833,0.2925377725713015,0.0,1.0,0.3481378928423093,0.32078376804257436,0.0,0.9354838709677419,0.6838155890904056,0.2449039297214292,0.06451612903225806,1.0,0.5272324518897965,0.20627972343534234,0.0967741935483871,1.0,16,0.1982832618025751,4.470386266094421,9
322,1171,1737,16.835391656152062,67.34415029888984,11,5,5,0,895,0.7682403433476395,270,979,0.8403433476394849,0.8927374301675978,799,180,0.8927374301675978,0.6666666666666666,0.8403433476394849,165,949,5.751515151515152,0.00944206008583691,0.004291845493562232,0.004291845493562232,0.0,0.49450428362855015,0.29303672670681,0.0,1.0,0.34591333572077904,0.3200950400639057,0.0,0.9354838709677419,0.6830390347373351,0.24588063912170985,0.06451612903225806,1.0,0.5265970634417785,0.20615984837953094,0.0967741935483871,1.0,16,0.19897523484201537,4.484201537147737,9
323,1180,1736,16.818666413343813,67.6593220338983,10,1,1,0,887,0.7574722459436379,284,1023,0.8736122971818958,0.910935738444194,808,215,0.910935738444194,0.7570422535211268,0.8736122971818958,182,1004,5.516483516483516,0.008539709649871904,0.0008539709649871904,0.0008539709649871904,0.0,0.49587206123564787,0.29379143429761573,0.0,1.0,0.3448332422088573,0.3199709609762961,0.0,0.9354838709677419,0.6822854018589394,0.24653214677913582,0.06451612903225806,1.0,0.525888463641334,0.20589170326919184,0.0967741935483871,1.0,16,0.19915254237288135,4.496610169491525,9
324,1190,1737,16.79850955272748,68.07478991596639,11,1,0,1,884,0.7491525423728813,296,1028,0.8711864406779661,0.916289592760181,810,218,0.916289592760181,0.7364864864864865,0.8711864406779661,175,1004,5.7371428571428575,0.009322033898305085,0.000847457627118644,0.0,0.000847457627118644,0.4965302249932231,0.2933097310353064,0.0,1.0,0.3456763350501491,0.319891196665555,0.0,0.9354838709677419,0.6819734345351043,0.24636015802598468,0.06451612903225806,1.0,0.5263214963404718,0.2063050031721406,0.0967741935483871,1.0,16,0.1991596638655462,4.498319327731092,9
325,1192,1740,16.876680912839984,68.54278523489933,6,4,2,2,863,0.7252100840336134,327,1008,0.8470588235294118,0.8968713789107764,774,234,0.8968713789107764,0.7155963302752294,0.8470588235294118,174,985,5.660919540229885,0.005042016806722689,0.0033613445378151263,0.0016806722689075631,0.0016806722689075631,0.4973479108032042,0.29370361572548886,0.0,1.0,0.3457728945659233,0.3198668750428469,0.0,0.9354838709677419,0.6814245507685646,0.2467791534060332,0.06451612903225806,1.0,0.5258172764667677,0.20614304282261472,0.0967741935483871,1.0,16,0.19798657718120805,4.50251677852349,9
326,1205,1737,16.785219732822984,68.59253112033196,16,3,1,2,904,0.7583892617449665,288,1006,0.8439597315436241,0.8882743362831859,803,203,0.8882743362831859,0.7048611111111112,0.8439597315436241,172,975,5.6686046511627906,0.013422818791946308,0.0025167785234899327,0.0008389261744966443,0.0016778523489932886,0.4973899076428858,0.2935473736464678,0.0,1.0,0.3468076562709142,0.31996437533418987,0.0,0.9354838709677419,0.6832820238254584,0.24606206935532007,0.06451612903225806,1.0,0.5245080979788516,0.20659983704382562,0.0967741935483871,1.0,16,0.1991701244813278,4.519502074688797,9
327,1211,1736,16.80841435016655,69.20974401321222,9,3,0,3,940,0.7800829875518672,265,1049,0.870539419087137,0.9106382978723404,856,193,0.9106382978723404,0.7283018867924528,0.870539419087137,180,1028,5.711111111111111,0.007468879668049793,0.0024896265560165973,0.0,0.0024896265560165973,0.49774912762046825,0.293513176358629,0.0,1.0,0.3460483205029168,0.3196479382437861,0.0,0.9354838709677419,0.6827468634293173,0.2463110350975372,0.06451612903225806,1.0,0.5242534828587411,0.20653821528320793,0.0967741935483871,1.0,16,0.1981833195706028,4.52188274153592,9
328,1222,1738,16.703632305882874,69.17103109656301,14,3,2,1,908,0.749793559042114,303,1061,0.8761354252683733,0.9019823788546255,819,242,0.9019823788546255,0.7986798679867987,0.8761354252683733,170,1033,6.076470588235294,0.011560693641618497,0.002477291494632535,0.0016515276630883566,0.0008257638315441783,0.4960931313024656,0.29371333443086317,0.0,1.0,0.34702497228235046,0.31981590827497774,0.0,0.9354838709677419,0.6814318145821234,0.24617061731057932,0.06451612903225806,1.0,0.5250514756348662,0.20706813318767825,0.0967741935483871,1.0,16,0.1972176759410802,4.538461538461538,9
329,1225,1742,16.72665806377449,69.62122448979592,5,2,2,0,907,0.7422258592471358,315,1056,0.8641571194762684,0.9029768467475193,819,237,0.9029768467475193,0.7523809523809524,0.8641571194762684,173,1033,5.971098265895954,0.004091653027823241,0.0016366612111292963,0.0016366612111292963,0.0,0.4949572086899276,0.293661313410355,0.0,1.0,0.3465174456879526,0.3200247459293472,0.0,0.9354838709677419,0.680184331797235,0.24652612021691042,0.06451612903225806,1.0,0.5245029624753127,0.2068861658433895,0.0967741935483871,1.0,16,0.19673469387755102,4.542857142857143,9
330,1225,1739,16.82383694564486,70.28244897959183,3,3,2,1,940,0.7673469387755102,285,1058,0.8636734693877551,0.902127659574468,848,210,0.902127659574468,0.7368421052631579,0.8636734693877551,181,1036,5.723756906077348,0.0024489795918367346,0.0024489795918367346,0.0016326530612244899,0.0008163265306122449,0.4944832126398947,0.29352258996456015,0.0,1.0,0.3467281105990783,0.3199106885496392,0.0,0.9354838709677419,0.6809216589861751,0.24622712771800842,0.06451612903225806,1.0,0.5244239631336405,0.20706787548140487,0.0967741935483871,1.0,16,0.19673469387755102,4.542857142857143,9
331,1232,1736,16.851249616767245,70.83035714285714,9,2,0,2,903,0.7371428571428571,322,1060,0.8653061224489796,0.902547065337763,815,245,0.902547065337763,0.7608695652173914,0.8653061224489796,181,1038,5.734806629834254,0.007346938775510204,0.0016326530612244899,0.0,0.0016326530612244899,0.4948942186845413,0.2935558903730091,0.0,1.0,0.3465909090909091,0.3198782650735412,0.0,0.9354838709677419,0.6804566401340595,0.24631745576282604,0.06451612903225806,1.0,0.5238007959782154,0.20716347134911328,0.0967741935483871,1.0,16,0.1956168831168831,4.550324675324675,9
332,1236,1748,16.810614921089382,71.20711974110033,7,3,2,1,936,0.7597402597402597,296,1016,0.8246753246753247,0.8643162393162394,809,207,0.8643162393162394,0.6993243243243243,0.8246753246753247,166,994,5.9879518072289155,0.005681818181818182,0.002435064935064935,0.0016233766233766235,0.0008116883116883117,0.4939972857291993,0.2932284895972734,0.0,1.0,0.34776594634095415,0.320698105516004,0.0,0.9354838709677419,0.6814907610397746,0.24593094109720462,0.06451612903225806,1.0,0.524428437206389,0.20691521080725084,0.0967741935483871,1.0,16,0.19579288025889968,4.550970873786408,9
333,1246,1743,16.744049948107723,71.46629213483146,13,3,1,2,940,0.7605177993527508,296,1074,0.8689320388349514,0.9031914893617021,849,225,0.9031914893617021,0.7601351351351351,0.8689320388349514,182,1051,5.774725274725275,0.010517799352750809,0.0024271844660194173,0.0008090614886731392,0.0016181229773462784,0.49381245792989176,0.2923059113660699,0.0,1.0,0.34758970641536785,0.3206761449739565,0.0,0.9354838709677419,0.6808108527934551,0.24581491938532826,0.06451612903225806,1.0,0.524258271630508,0.2069903579385316,0.0967741935483871,1.0,16,0.1942215088282504,4.560192616372392,9
334,1253,1747,16.594068322108456,71.16041500399042,14,7,5,2,954,0.7656500802568218,292,1047,0.8402889245585875,0.889937106918239,849,198,0.889937106918239,0.678082191780822,0.8402889245585875,172,1023,5.9476744186046515,0.011235955056179775,0.0056179775280898875,0.0040128410914927765,0.0016051364365971107,0.4934222382411245,0.291610035469663,0.0,1.0,0.34714105501634784,0.3204025667445633,0.0,0.9354838709677419,0.6805602038977422,0.24612286697287986,0.06451612903225806,1.0,0.5242128568854105,0.2072554377945684,0.0967741935483871,1.0,16,0.19393455706304868,4.573822825219473,9
335,1254,1749,16.637743233647214,71.41307814992025,7,6,3,3,895,0.7142857142857143,358,1063,0.8483639265762171,0.8949720670391061,801,262,0.8949720670391061,0.7318435754189944,0.8483639265762171,177,1042,5.887005649717514,0.00558659217877095,0.004788507581803671,0.0023942537909018356,0.0023942537909018356,0.4922570355507537,0.29151665517490777,0.0,1.0,0.34717291763132174,0.3206936414245072,0.0,0.9354838709677419,0.6799917682769975,0.24586934940158403,0.06451612903225806,1.0,0.524463651798117,0.20751491315115186,0.0967741935483871,1.0,16,0.19537480063795853,4.576555023923445,9
336,1257,1750,16.64323384202769,71.88385043754973,6,3,2,1,954,0.7607655502392344,300,1083,0.8636363636363636,0.9077568134171907,866,217,0.9077568134171907,0.7233333333333334,0.8636363636363636,179,1063,5.93854748603352,0.004784688995215311,0.0023923444976076554,0.001594896331738437,0.0007974481658692185,0.49236533477044675,0.29094471924199516,0.0,1.0,0.34595940154489696,0.3200723179944922,0.0,0.9354838709677419,0.6795493622809043,0.2463389470195965,0.06451612903225806,1.0,0.523879179818821,0.20791944246007008,0.0967741935483871,1.0,16,0.19649960222752585,4.5863166268894195,9
337,1261,1752,16.607890018804607,72.07375099127677,9,5,3,2,941,0.7486077963404932,316,1064,0.8464598249801114,0.9117959617428267,858,206,0.9117959617428267,0.6518987341772152,0.8464598249801114,174,1040,5.977011494252873,0.007159904534606206,0.003977724741447892,0.002386634844868735,0.0015910898965791568,0.49389885139802,0.29154668356646457,0.0,1.0,0.34560384743291295,0.3199654198200731,0.0,0.9354838709677419,0.6797216750658719,0.24650436194376033,0.06451612903225806,1.0,0.523368550305697,0.20781199053002522,0.0967741935483871,1.0,16,0.19746233148295003,4.601903251387787,9
338,1268,1755,16.528420010049455,72.18217665615143,10,3,3,0,955,0.7573354480570975,306,1098,0.8707375099127677,0.9193717277486911,878,220,0.9193717277486911,0.7189542483660131,0.8707375099127677,168,1069,6.363095238095238,0.007930214115781126,0.0023790642347343376,0.0023790642347343376,0.0,0.49341101048132696,0.29157224715030833,0.0,1.0,0.34649435229469827,0.3201279948182417,0.0,0.9354838709677419,0.67950544418439,0.2460384380448207,0.06451612903225806,1.0,0.5235066653098607,0.20760590144538807,0.0967741935483871,1.0,16,0.1971608832807571,4.608044164037855,9
339,1273,1759,16.514234812798534,72.69756480754124,7,2,1,1,981,0.7736593059936908,287,1103,0.8698738170347003,0.9153924566768603,898,205,0.9153924566768603,0.7142857142857143,0.8698738170347003,174,1081,6.212643678160919,0.005520504731861199,0.0015772870662460567,0.0007886435331230284,0.0007886435331230284,0.4930187770823303,0.2920988814946105,0.0,1.0,0.3460456630261257,0.32011884437503935,0.0,0.9354838709677419,0.6799533740465753,0.2466333779064561,0.06451612903225806,1.0,0.5237310898816613,0.20755968959403231,0.0967741935483871,1.0,16,0.19795758051846032,4.611940298507463,9
340,1275,1769,16.533349738582377,73.53019607843137,4,2,0,2,984,0.7729772191673213,289,1064,0.835820895522388,0.899390243902439,885,179,0.899390243902439,0.6193771626297578,0.835820895522388,178,1052,5.910112359550562,0.003142183817753339,0.0015710919088766694,0.0,0.0015710919088766694,0.49302972802024037,0.29223101802985085,0.0,1.0,0.3456546489563567,0.32014979325044823,0.0,0.9354838709677419,0.6796710942441493,0.2466891825659788,0.06451612903225806,1.0,0.524123972169513,0.20774751715922757,0.0967741935483871,1.0,16,0.1976470588235294,4.610980392156863,9
341,1274,1764,16.560064931312546,74.02747252747253,7,8,3,5,1018,0.7984313725490196,257,1115,0.8745098039215686,0.9223968565815324,939,176,0.9223968565815324,0.6848249027237354,0.8745098039215686,179,1089,6.083798882681564,0.005490196078431373,0.006274509803921568,0.002352941176470588,0.00392156862745098,0.4918721831164227,0.29157971282728185,0.0,1.0,0.3455461589102142,0.32063432515149665,0.0,0.9354838709677419,0.6795715804932395,0.24692915129210016,0.06451612903225806,1.0,0.5236238415961918,0.20756465946643288,0.0967741935483871,1.0,16,0.1978021978021978,4.6138147566719,9
342,1279,1765,16.52463273703125,74.43549648162627,8,3,2,1,976,0.7660910518053375,298,1123,0.8814756671899528,0.9272540983606558,905,218,0.9272540983606558,0.7315436241610739,0.8814756671899528,174,1098,6.310344827586207,0.006279434850863423,0.002354788069073783,0.0015698587127158557,0.0007849293563579278,0.4927236500290045,0.2914185835132432,0.0,1.0,0.3447249615374915,0.3206368787424467,0.0,0.9354838709677419,0.6800675931297133,0.24733420078621376,0.06451612903225806,1.0,0.5230648944487881,0.2075012092690834,0.0967741935483871,1.0,16,0.19937451133698203,4.618451915559031,9
343,1283,1769,16.513284374216173,75.02883865939205,6,2,1,1,993,0.7763878029710711,286,1121,0.8764659890539483,0.9204431017119838,914,207,0.9204431017119838,0.7237762237762237,0.8764659890539483,170,1095,6.4411764705882355,0.004691164972634871,0.001563721657544957,0.0007818608287724785,0.0007818608287724785,0.4938777562668142,0.2916820422009018,0.0,1.0,0.34420335403414376,0.32038011738741534,0.0,0.9354838709677419,0.679807909888618,0.24766588438575796,0.06451612903225806,1.0,0.5233701254619968,0.2077433462801657,0.0967741935483871,1.0,16,0.1995323460639127,4.625876851130164,9
344,1290,1767,16.458177868367013,75.36589147286821,11,4,1,3,990,0.7716289945440374,293,1115,0.8690568978955573,0.9313131313131313,922,193,0.9313131313131313,0.658703071672355,0.8690568978955573,175,1088,6.217142857142857,0.00857365549493375,0.003117692907248636,0.000779423226812159,0.002338269680436477,0.49389847461865466,0.2916841015809425,0.0,1.0,0.3455863965991498,0.3202439448019738,0.0,0.9354838709677419,0.6802700675168792,0.24720187208733654,0.06451612903225806,1.0,0.5236809202300575,0.20792504348876167,0.0967741935483871,1.0,16,0.19767441860465115,4.633333333333334,9
345,1293,1771,16.365184970304234,75.26372776488786,12,9,5,4,960,0.7441860465116279,330,1103,0.8550387596899225,0.9083333333333333,872,231,0.9083333333333333,0.7,0.8550387596899225,174,1081,6.212643678160919,0.009302325581395349,0.0069767441860465115,0.003875968992248062,0.0031007751937984496,0.49559663697827006,0.2920363958127113,0.0,1.0,0.3435621086246039,0.3196408117898784,0.0,0.9354838709677419,0.6812364343986229,0.24707942184702988,0.06451612903225806,1.0,0.5235885537509667,0.20772351964757044,0.0967741935483871,1.0,16,0.19876256767208042,4.644238205723124,9
346,1296,1782,16.33098090084574,75.90663580246914,4,1,1,0,999,0.7726218097447796,294,1136,0.8785769528228925,0.9119119119119119,911,225,0.9119119119119119,0.7653061224489796,0.8785769528228925,172,1119,6.505813953488372,0.0030935808197989174,0.0007733952049497294,0.0007733952049497294,0.0,0.49546993229788927,0.29188982669867947,0.0,1.0,0.3427917164476304,0.3196668065824491,0.0,0.9354838709677419,0.681526284348865,0.24695443414146995,0.06451612903225806,1.0,0.5228992433293509,0.20771319345379238,0.0967741935483871,1.0,16,0.19907407407407407,4.648148148148148,9
347,1302,1776,16.26483473038043,75.90092165898618,13,7,4,3,972,0.75,324,1070,0.8256172839506173,0.8919753086419753,867,203,0.8919753086419753,0.6265432098765432,0.8256172839506173,179,1043,5.826815642458101,0.010030864197530864,0.005401234567901234,0.0030864197530864196,0.0023148148148148147,0.4948714137059611,0.2929078331125221,0.0,1.0,0.343763936375799,0.3200529489351788,0.0,0.9354838709677419,0.6819533224319905,0.2466300046481122,0.06451612903225806,1.0,0.5228928199791884,0.20756321690115612,0.0967741935483871,1.0,16,0.1989247311827957,4.655913978494624,9
348,1303,1777,16.280652614030384,76.52340752110514,7,6,2,4,971,0.7457757296466974,331,1100,0.8448540706605223,0.8877445932028837,862,238,0.8877445932028837,0.7190332326283988,0.8448540706605223,175,1076,6.148571428571429,0.005376344086021506,0.004608294930875576,0.0015360983102918587,0.0030721966205837174,0.4943183224816181,0.2928673269864435,0.0,1.0,0.3440200034659471,0.32060698800566195,0.0,0.9354838709677419,0.6829153566211967,0.24648820696425774,0.06451612903225806,1.0,0.5232342237516401,0.2072217078702507,0.0967741935483871,1.0,16,0.1995395241749808,4.659247889485802,9
349,1306,1775,16.26452432898351,76.82848392036753,8,5,3,2,994,0.762854950115119,309,1084,0.8319263238679969,0.9024144869215291,897,187,0.9024144869215291,0.6051779935275081,0.8319263238679969,174,1056,6.068965517241379,0.0061396776669224865,0.003837298541826554,0.0023023791250959325,0.0015349194167306216,0.4937262263498493,0.29386475570155,0.0,1.0,0.343822555945265,0.3204689199203377,0.0,0.9354838709677419,0.6827792323272243,0.24650373339366943,0.06451612903225806,1.0,0.523415501654893,0.20726165699814994,0.0967741935483871,1.0,15,0.1990811638591118,4.666921898928025,9
350,1311,1774,16.230764370354997,77.22120518688024,8,3,2,1,987,0.7557427258805512,319,1144,0.8759571209800919,0.9189463019250254,907,237,0.9189463019250254,0.7429467084639498,0.8759571209800919,179,1122,6.268156424581005,0.006125574272588055,0.002297090352220521,0.0015313935681470138,0.0007656967840735069,0.4947220786890087,0.29386828211980354,0.0,1.0,0.34472576954307227,0.3207845361535988,0.0,0.9354838709677419,0.6834723555030634,0.24655995433121708,0.06451612903225806,1.0,0.5237567973229005,0.20725384761784546,0.0967741935483871,1.0,15,0.19832189168573608,4.672006102212052,9
351,1312,1773,16.263852138092968,77.97560975609755,3,2,1,1,1031,0.7864225781845919,280,1147,0.8749046529366895,0.9204655674102813,949,198,0.9204655674102813,0.7071428571428572,0.8749046529366895,173,1119,6.468208092485549,0.002288329519450801,0.0015255530129672007,0.0007627765064836003,0.0007627765064836003,0.4945416994492526,0.2936587589704729,0.0,1.0,0.34497934697088906,0.32069724360386276,0.0,0.9354838709677419,0.6845003933910307,0.24639346193416742,0.06451612903225806,1.0,0.5244394177812747,0.2069569548024274,0.0967741935483871,1.0,15,0.19817073170731708,4.6692073170731705,9
352,1306,1772,16.25914007145634,77.99617151607963,5,11,9,2,1000,0.7621951219512195,312,1133,0.8635670731707317,0.914,914,219,0.914,0.7019230769230769,0.8635670731707317,178,1110,6.235955056179775,0.0038109756097560975,0.008384146341463415,0.006859756097560976,0.001524390243902439,0.4937756261423702,0.29387665136278235,0.0,1.0,0.3446623524181198,0.32043452917645104,0.0,0.9354838709677419,0.684187126414069,0.2464480840067548,0.06451612903225806,1.0,0.5244034975053105,0.20691288854377787,0.0967741935483871,1.0,15,0.19601837672281777,4.677641653905054,9
353,1310,1770,16.203046100603977,78.07022900763359,10,6,4,2,993,0.7603369065849923,313,1120,0.8575803981623277,0.9204431017119838,914,206,0.9204431017119838,0.65814696485623,0.8575803981623277,179,1097,6.128491620111732,0.007656967840735069,0.004594180704441042,0.0030627871362940277,0.0015313935681470138,0.49377000738734306,0.29362893078496616,0.0,1.0,0.34580152671755726,0.32066184303448797,0.0,0.9354838709677419,0.6852991873922679,0.24613176427061417,0.06451612903225806,1.0,0.5245998522531397,0.20699353887234373,0.0967741935483871,1.0,15,0.19541984732824427,4.678625954198473,9
354,1310,1758,16.308847627321533,79.04198473282443,3,3,0,3,1029,0.7854961832061069,281,1140,0.8702290076335878,0.9154518950437318,942,198,0.9154518950437318,0.7046263345195729,0.8702290076335878,190,1118,5.88421052631579,0.0022900763358778627,0.0022900763358778627,0.0,0.0022900763358778627,0.4941393745382911,0.2936527659099811,0.0,1.0,0.34540753508987937,0.320481998305047,0.0,0.9354838709677419,0.6844865796601822,0.2463838329306187,0.06451612903225806,1.0,0.5242304851021916,0.20718667866996043,0.0967741935483871,1.0,15,0.1946564885496183,4.680152671755725,9
355,1312,1764,16.228119869449195,79.08384146341463,9,7,6,1,1003,0.7656488549618321,307,1099,0.8389312977099237,0.8843469591226321,887,212,0.8843469591226321,0.6905537459283387,0.8389312977099237,169,1074,6.355029585798817,0.006870229007633588,0.0053435114503816794,0.004580152671755725,0.0007633587786259542,0.4924272226593233,0.2936523567429162,0.0,1.0,0.3452989771833202,0.3204929197463533,0.0,0.9354838709677419,0.6834677419354839,0.2464113176011668,0.06451612903225806,1.0,0.5248082218725413,0.20757514393368487,0.0967741935483871,1.0,15,0.19359756097560976,4.686737804878049,9
356,1313,1760,16.28595722199271,79.85148514851485,4,3,1,2,990,0.7545731707317073,322,1099,0.8376524390243902,0.898989898989899,890,209,0.898989898989899,0.6490683229813664,0.8376524390243902,182,1077,5.917582417582418,0.003048780487804878,0.0022865853658536584,0.0007621951219512195,0.001524390243902439,0.49264182001326684,0.29385384996473035,0.0,1.0,0.34545365206495837,0.32081533300759024,0.0,0.9354838709677419,0.6840282043092647,0.24641399237337697,0.06451612903225806,1.0,0.5244330884701374,0.2074979284352382,0.0967741935483871,1.0,15,0.19421172886519422,4.68926123381569,9
357,1317,1766,16.262388031049014,80.39104024297646,6,2,1,1,982,0.7479055597867479,331,1136,0.8651942117288652,0.9124236252545825,896,240,0.9124236252545825,0.7250755287009063,0.8651942117288652,172,1114,6.476744186046512,0.00456968773800457,0.0015232292460015233,0.0007616146230007616,0.0007616146230007616,0.49254170034535966,0.29357540603041216,0.0,1.0,0.34513924608714824,0.32084788173142353,0.0,0.9354838709677419,0.6838121831141157,0.24643319781903578,0.06451612903225806,1.0,0.5241384377985157,0.2074280690349259,0.0967741935483871,1.0,15,0.19438116932422173,4.696279422930903,9
358,1317,1761,16.30399134942229,80.91799544419135,6,6,2,4,1002,0.7608200455580866,315,1111,0.8435839028094153,0.8982035928143712,900,211,0.8982035928143712,0.6698412698412698,0.8435839028094153,176,1082,6.1477272727272725,0.004555808656036446,0.004555808656036446,0.0015186028853454822,0.0030372057706909645,0.4930560658387832,0.2940371163143208,0.0,1.0,0.34484532294804904,0.3209472000689615,0.0,0.9354838709677419,0.6832243368359174,0.24698896862201192,0.06451612903225806,1.0,0.5241384377985157,0.20766409945692993,0.0967741935483871,1.0,15,0.1958997722095672,4.7031131359149585,9
359,1327,1762,16.149505689614596,80.81763376036172,16,6,3,3,977,0.741837509491268,340,1108,0.8413059984813971,0.8966223132036848,876,232,0.8966223132036848,0.6823529411764706,0.8413059984813971,174,1083,6.224137931034483,0.012148823082763858,0.004555808656036446,0.002277904328018223,0.002277904328018223,0.4932542480005834,0.29405663286810374,0.0,1.0,0.34387534336485404,0.3202944500783315,0.0,0.9354838709677419,0.6824513211950313,0.24712246024018886,0.06451612903225806,1.0,0.5241023895762938,0.20761631293918553,0.0967741935483871,1.0,15,0.1974378296910324,4.714393368500377,9
360,1335,1760,16.11240436820925,81.29513108614232,9,1,0,1,976,0.7354935945742276,351,1123,0.8462697814619442,0.8985655737704918,877,246,0.8985655737704918,0.7008547008547008,0.8462697814619442,178,1099,6.174157303370786,0.006782215523737754,0.0007535795026375283,0.0,0.0007535795026375283,0.4935846321130844,0.2940015624402724,0.0,1.0,0.34449679835689256,0.32018536042464846,0.0,0.9354838709677419,0.6820345535822158,0.24672386534330099,0.06451612903225806,1.0,0.5243204059441827,0.20787633035640934,0.0967741935483871,1.0,15,0.19775280898876405,4.722846441947565,9
361,1331,1762,16.195804984054362,82.40045078888055,2,6,0,6,1069,0.800749063670412,266,1123,0.8411985018726592,0.9083255378858747,971,152,0.9083255378858747,0.5714285714285714,0.8411985018726592,166,1091,6.572289156626506,0.00149812734082397,0.0044943820224719105,0.0,0.0044943820224719105,0.49366229611497536,0.2945417966682955,0.0,1.0,0.3441021788129226,0.31973436527222204,0.0,0.9354838709677419,0.6816364121082863,0.24675170803552277,0.06451612903225806,1.0,0.5244419669906206,0.20810900233254992,0.0967741935483871,1.0,15,0.19759579263711496,4.7220135236664165,9
362,1337,1755,16.120058153637927,82.4166043380703,10,4,3,1,1028,0.772351615326822,303,1154,0.8670172802404207,0.9046692607003891,930,224,0.9046692607003891,0.7392739273927392,0.8670172802404207,179,1126,6.290502793296089,0.007513148009015778,0.003005259203606311,0.002253944402704733,0.0007513148009015778,0.4928221584191859,0.2946163694105154,0.0,1.0,0.3436678167297995,0.3203030363784643,0.0,0.9354838709677419,0.6819070137766304,0.2466788358819865,0.06451612903225806,1.0,0.5239462446015393,0.2077181079828224,0.0967741935483871,1.0,15,0.20044876589379207,4.735228122662678,9
363,1328,1753,16.23170936786944,83.13930722891567,3,12,4,8,1058,0.7913238593866866,279,1161,0.868362004487659,0.9206049149338374,974,187,0.9206049149338374,0.6702508960573477,0.868362004487659,171,1130,6.608187134502924,0.002243829468960359,0.008975317875841436,0.0029917726252804786,0.005983545250560957,0.4923727166731442,0.2946913967841884,0.0,1.0,0.3424990283715507,0.32014930345672515,0.0,0.9354838709677419,0.6828604741546833,0.24661591479087822,0.06451612903225806,1.0,0.5243150019432569,0.20757692767660987,0.0967741935483871,1.0,15,0.20256024096385541,4.732680722891566,9
364,1331,1749,16.2028070241625,83.31630353117957,8,5,3,2,1028,0.7740963855421686,300,1119,0.8426204819277109,0.9056420233463035,931,188,0.9056420233463035,0.6266666666666667,0.8426204819277109,175,1090,6.228571428571429,0.006024096385542169,0.0037650602409638554,0.002259036144578313,0.0015060240963855422,0.49339570054046195,0.2944244352404314,0.0,1.0,0.34182399844889844,0.31999685529793437,0.0,0.9354838709677419,0.6834783451685611,0.24652948753242218,0.06451612903225806,1.0,0.5242480793000655,0.20760513431849198,0.0967741935483871,1.0,15,0.20360631104432758,4.740045078888054,9
365,1333,1751,16.20817907381063,83.94148537134284,6,4,1,3,1013,0.7610818933132982,318,1098,0.8249436513899324,0.8904244817374136,902,196,0.8904244817374136,0.6163522012578616,0.8249436513899324,171,1071,6.2631578947368425,0.004507888805409466,0.003005259203606311,0.0007513148009015778,0.002253944402704733,0.49260702272342277,0.29410299771612763,0.0,1.0,0.3421581201752051,0.3200418163498068,0.0,0.9354838709677419,0.6829126636497834,0.24663156621985866,0.06451612903225806,1.0,0.5243326960772452,0.20795315916729615,0.0967741935483871,1.0,15,0.2040510127531883,4.743435858964741,9
366,1336,1741,16.219589051939955,84.3315868263473,8,5,2,3,1024,0.768192048012003,309,1150,0.8627156789197299,0.9169921875,939,211,0.9169921875,0.6828478964401294,0.8627156789197299,177,1117,6.3107344632768365,0.006001500375093774,0.0037509377344336083,0.0015003750937734434,0.002250562640660165,0.49437415491597453,0.2942390371319744,0.0,1.0,0.3415588178481746,0.31942826336890756,0.0,0.9354838709677419,0.6826105852810508,0.2469104116654886,0.06451612903225806,1.0,0.5231070117828859,0.2084713016380073,0.0967741935483871,1.0,15,0.20434131736526945,4.748502994011976,9
367,1345,1743,16.101661600422425,84.57472118959107,11,2,1,1,1058,0.7919161676646707,278,1147,0.8585329341317365,0.8950850661625709,947,200,0.8950850661625709,0.7194244604316546,0.8585329341317365,176,1125,6.392045454545454,0.008233532934131737,0.0014970059880239522,0.0007485029940119761,0.0007485029940119761,0.4950473677899029,0.2948043114430783,0.0,1.0,0.33960906583523204,0.31879443012345393,0.0,0.9354838709677419,0.6831754407003238,0.24715389749621314,0.06451612903225806,1.0,0.5230363352920014,0.20850833433261934,0.0967741935483871,1.0,15,0.20594795539033459,4.765799256505576,9
368,1349,1737,16.060671562742233,84.7531504818384,10,6,3,3,1011,0.7516728624535316,334,1162,0.8639405204460967,0.9169139465875371,927,235,0.9169139465875371,0.7035928143712575,0.8639405204460967,175,1131,6.462857142857143,0.007434944237918215,0.0044609665427509295,0.0022304832713754648,0.0022304832713754648,0.49463162677251965,0.2947326909385754,0.0,1.0,0.34139984217700087,0.31993446807241027,0.0,0.9354838709677419,0.6834214113202134,0.2468764580081195,0.06451612903225806,1.0,0.5223941270714269,0.20812260705129873,0.0967741935483871,1.0,15,0.20681986656782803,4.783543365455893,10
369,1348,1739,15.971046701830575,84.85682492581603,9,10,6,4,1071,0.7939214232765011,278,1175,0.8710155670867309,0.9094304388422035,974,201,0.9094304388422035,0.7230215827338129,0.8710155670867309,173,1150,6.6473988439306355,0.006671608598962194,0.007412898443291327,0.004447739065974796,0.0029651593773165306,0.49447209725279984,0.29461612332833126,0.0,1.0,0.34198813056379823,0.31959114944459455,0.0,0.9354838709677419,0.683306212309754,0.24648432075597781,0.06451612903225806,1.0,0.5222791231932612,0.20886036001496192,0.0967741935483871,1.0,15,0.20548961424332343,4.793026706231454,10
370,1346,1727,15.999527815663226,85.18796433878157,6,8,5,3,1052,0.7804154302670623,296,1191,0.8835311572700296,0.9296577946768061,978,213,0.9296577946768061,0.7195945945945946,0.8835311572700296,187,1166,6.235294117647059,0.004451038575667656,0.005934718100890208,0.00370919881305638,0.002225519287833828,0.49549441595168475,0.29467076944692294,0.0,1.0,0.34208886545559125,0.31968422327962737,0.0,0.9354838709677419,0.6832190960072856,0.24664760457754492,0.06451612903225806,1.0,0.5229353400757322,0.20929652717103697,0.0967741935483871,1.0,15,0.20356612184249628,4.791976225854383,10
371,1350,1717,15.986921192043566,85.51851851851852,8,4,2,2,1018,0.7563150074294205,328,1181,0.8774145616641902,0.9145383104125737,931,250,0.9145383104125737,0.7621951219512195,0.8774145616641902,179,1150,6.424581005586592,0.005943536404160475,0.0029717682020802376,0.0014858841010401188,0.0014858841010401188,0.49593787335722817,0.2945321949351389,0.0,1.0,0.34231780167264036,0.31964809239494496,0.0,0.9354838709677419,0.6830346475507766,0.24670033892627774,0.06451612903225806,1.0,0.5235364396654719,0.20921982015178223,0.0967741935483871,1.0,15,0.20222222222222222,4.8,10
372,1351,1706,15.994287163121822,85.68689859363434,8,7,4,3,1010,0.7481481481481481,340,1179,0.8733333333333333,0.9326732673267327,942,237,0.9326732673267327,0.6970588235294117,0.8733333333333333,178,1146,6.438202247191011,0.005925925925925926,0.005185185185185185,0.002962962962962963,0.0022222222222222222,0.49702729161194814,0.2948233971029239,0.0,1.0,0.34206442062032905,0.3192699650736739,0.0,0.9354838709677419,0.6820992812970081,0.2476025231414679,0.06451612903225806,1.0,0.5235309567584346,0.20952513329224526,0.0967741935483871,1.0,15,0.2005921539600296,4.805329385640267,10
373,1356,1697,15.989789338573665,86.18289085545723,9,4,1,3,997,0.7379718726868986,354,1160,0.8586232420429312,0.9137412236710131,911,249,0.9137412236710131,0.7033898305084746,0.8586232420429312,182,1133,6.225274725274725,0.006661732050333087,0.0029607698001480384,0.0007401924500370096,0.0022205773501110288,0.4975972975544771,0.29472648317459343,0.0,1.0,0.3413502711961176,0.3189465023692051,0.0,0.9354838709677419,0.6822009705966315,0.24777766516448416,0.06451612903225806,1.0,0.5233847178608811,0.2095518437373863,0.0967741935483871,1.0,15,0.20058997050147492,4.8097345132743365,10
374,1357,1693,15.969197004430919,86.75092114959469,7,6,2,4,1085,0.8001474926253688,271,1174,0.8657817109144543,0.9032258064516129,980,194,0.9032258064516129,0.7158671586715867,0.8657817109144543,178,1148,6.449438202247191,0.005162241887905605,0.004424778761061947,0.0014749262536873156,0.0029498525073746312,0.49937005253524136,0.2951733707233956,0.0,1.0,0.34029048898186226,0.3185017889789569,0.0,0.9354838709677419,0.6840040887156204,0.2478213782291829,0.06451612903225806,1.0,0.5235220006180616,0.20962708040378283,0.0967741935483871,1.0,15,0.20117907148120856,4.812822402358143,10
375,1364,1694,15.849112793143732,87.03225806451613,10,3,2,1,1058,0.7796610169491526,299,1133,0.8349299926308033,0.8950850661625709,947,186,0.8950850661625709,0.6220735785953178,0.8349299926308033,171,1105,6.461988304093567,0.007369196757553427,0.002210759027266028,0.0014738393515106854,0.0007369196757553427,0.5012297795856588,0.29532605185408745,0.0,1.0,0.33885157506385394,0.3179534913553395,0.0,0.9354838709677419,0.6844669378488317,0.24814946491764023,0.06451612903225806,1.0,0.523011068016271,0.2100698487344495,0.0967741935483871,1.0,15,0.20161290322580644,4.82624633431085,10
376,1369,1689,15.807440642940442,87.4945215485756,10,5,1,4,1051,0.7705278592375366,313,1154,0.8460410557184751,0.8858230256898192,931,223,0.8858230256898192,0.7124600638977636,0.8460410557184751,172,1121,6.517441860465116,0.007331378299120235,0.0036656891495601175,0.0007331378299120235,0.002932551319648094,0.5022738518815241,0.295973099340385,0.0,1.0,0.3386036428756568,0.3179146449618451,0.0,0.9354838709677419,0.6844647611866443,0.24835601298091817,0.06451612903225806,1.0,0.5232451283017979,0.2098896150871282,0.0967741935483871,1.0,15,0.20087655222790357,4.826880934989043,10
377,1371,1688,15.81220798060888,88.24945295404814,7,5,0,5,1044,0.7626004382761139,325,1186,0.8663257852447042,0.9118773946360154,952,234,0.9118773946360154,0.72,0.8663257852447042,174,1159,6.660919540229885,0.005113221329437546,0.003652300949598247,0.0,0.003652300949598247,0.5013058516270205,0.29617906258728943,0.0,1.0,0.33749794122491233,0.31784578941857183,0.0,0.9354838709677419,0.6839368485447401,0.24849164722462272,0.06451612903225806,1.0,0.5234465071410085,0.20990119011038882,0.0967741935483871,1.0,15,0.199854121079504,4.831509846827133,10
378,1373,1680,15.822178129379317,88.7632920611799,6,4,2,2,1033,0.7534646243617797,338,1175,0.8570386579139314,0.8867376573088093,916,259,0.8867376573088093,0.7662721893491125,0.8570386579139314,179,1146,6.402234636871508,0.00437636761487965,0.0029175784099197666,0.0014587892049598833,0.0014587892049598833,0.5015154007001387,0.2958040947870577,0.0,1.0,0.33742922256419894,0.31779106061747625,0.0,0.9354838709677419,0.6843972464346969,0.24837120622554815,0.06451612903225806,1.0,0.5234593426215257,0.20952528414759822,0.0967741935483871,1.0,15,0.19883466860888566,4.839038601602331,10
379,1367,1674,15.855416194121469,89.35332845647403,6,12,4,8,1055,0.7683903860160233,318,1164,0.8477785870356883,0.9052132701421801,955,209,0.9052132701421801,0.6572327044025157,0.8477785870356883,180,1138,6.322222222222222,0.004369992716678805,0.00873998543335761,0.0029133284777858705,0.005826656955571741,0.5020412015952049,0.29575337159192866,0.0,1.0,0.33765957948887365,0.3177090453946962,0.0,0.9354838709677419,0.6838851263657173,0.24912709993613413,0.06451612903225806,1.0,0.5232555395615546,0.2093641193084714,0.0967741935483871,1.0,15,0.196781272860278,4.843452816386248,10
380,1371,1669,15.777656110039628,89.57549234135668,10,6,3,3,1074,0.7856620336503292,293,1168,0.8544257498171178,0.8994413407821229,966,202,0.8994413407821229,0.689419795221843,0.8544257498171178,172,1135,6.598837209302325,0.0073152889539136795,0.0043891733723482075,0.0021945866861741038,0.0021945866861741038,0.5018940730806334,0.29544976466521194,0.0,1.0,0.3371920660690336,0.3175315011308596,0.0,0.9354838709677419,0.6845956565727865,0.2481403154580093,0.06451612903225806,1.0,0.5223641796663607,0.20951270380575265,0.0967741935483871,1.0,15,0.1976659372720642,4.842450765864332,10
381,1375,1660,15.757008627679841,90.01818181818182,11,7,1,6,1048,0.7644055433989788,323,1192,0.8694383661560905,0.9007633587786259,944,248,0.9007633587786259,0.7678018575851393,0.8694383661560905,178,1161,6.522471910112359,0.008023340627279359,0.005105762217359592,0.0007293946024799417,0.00437636761487965,0.5023577712609971,0.2956838370661086,0.0,1.0,0.3355542521994135,0.3171753508124922,0.0,0.9354838709677419,0.6851143695014662,0.24818593688703666,0.06451612903225806,1.0,0.5223225806451613,0.2096441426335003,0.0967741935483871,1.0,15,0.19927272727272727,4.848,10
382,1372,1662,15.749218793146786,90.5765306122449,5,8,4,4,1037,0.7541818181818182,338,1152,0.8378181818181818,0.8900675024108003,923,229,0.8900675024108003,0.6775147928994083,0.8378181818181818,170,1124,6.6117647058823525,0.0036363636363636364,0.005818181818181818,0.002909090909090909,0.002909090909090909,0.5035267563246497,0.29589698448163865,0.0,1.0,0.33541803818301513,0.3169746039658068,0.0,0.9354838709677419,0.685601429511897,0.24787335645521372,0.06451612903225806,1.0,0.5232530800338568,0.20978063534539387,0.0967741935483871,1.0,15,0.1967930029154519,4.849125364431487,11
383,1373,1654,15.704035481866798,90.71449380917699,9,8,5,3,1036,0.7551020408163265,336,1188,0.8658892128279884,0.9140926640926641,947,241,0.9140926640926641,0.7172619047619048,0.8658892128279884,178,1158,6.50561797752809,0.006559766763848397,0.0058309037900874635,0.0036443148688046646,0.002186588921282799,0.5043817400089279,0.29497754459781556,0.0,1.0,0.33559664497333364,0.31679904852687946,0.0,0.9354838709677419,0.6852430514766347,0.24820558204904367,0.06451612903225806,1.0,0.5233418696990344,0.20982033596539945,0.0967741935483871,1.0,15,0.19737800436999273,4.852876911871814,11
384,1377,1642,15.667710687237824,91.02977487291213,8,4,3,1,1044,0.7603787327021122,329,1170,0.8521485797523671,0.896551724137931,936,234,0.896551724137931,0.7112462006079028,0.8521485797523671,183,1141,6.2349726775956285,0.005826656955571741,0.0029133284777858705,0.0021849963583394027,0.0007283321194464676,0.5053294914142479,0.2951213236469303,0.0,1.0,0.33448122379178674,0.3162407772712265,0.0,0.9354838709677419,0.6850563403378078,0.2484456414525864,0.06451612903225806,1.0,0.5227821116499168,0.2094234976381235,0.0967741935483871,1.0,15,0.19680464778503995,4.8620188816267245,11
385,1380,1634,15.637300791839827,91.52028985507246,8,5,2,3,1063,0.7719680464778504,314,1166,0.8467683369644154,0.8946378174976481,951,215,0.8946378174976481,0.6847133757961783,0.8467683369644154,178,1136,6.382022471910112,0.005809731299927378,0.0036310820624546117,0.0014524328249818446,0.002178649237472767,0.5043945769050958,0.2949726152561833,0.0,1.0,0.335203366058906,0.3165050759445332,0.0,0.9354838709677419,0.6852968676951847,0.2482906979523019,0.06451612903225806,1.0,0.5220196353436185,0.20888652689732382,0.0967741935483871,1.0,15,0.19782608695652174,4.872463768115942,11
386,1376,1624,15.701714342502903,92.01017441860465,5,9,4,5,1033,0.7485507246376811,347,1168,0.8463768115942029,0.8973862536302033,927,241,0.8973862536302033,0.6945244956772334,0.8463768115942029,179,1137,6.351955307262569,0.0036231884057971015,0.006521739130434782,0.002898550724637681,0.0036231884057971015,0.5040791447861965,0.29466361156292914,0.0,1.0,0.3355213803450863,0.3165348659583784,0.0,0.9354838709677419,0.6850618904726181,0.24856624377730488,0.06451612903225806,1.0,0.5221774193548387,0.20838155049475532,0.0967741935483871,1.0,15,0.19622093023255813,4.876453488372093,11
387,1371,1615,15.714335100445597,92.57622173595915,5,10,5,5,1099,0.7986918604651163,277,1174,0.8531976744186046,0.9008189262966333,990,184,0.9008189262966333,0.6642599277978339,0.8531976744186046,177,1142,6.451977401129944,0.003633720930232558,0.007267441860465116,0.003633720930232558,0.003633720930232558,0.5042469588950849,0.2945221545249995,0.0,1.0,0.33432154537540293,0.3160912638012208,0.0,0.9354838709677419,0.6855368108985671,0.24891150228842351,0.06451612903225806,1.0,0.5220347756523376,0.20854187777324792,0.0967741935483871,1.0,15,0.19693654266958424,4.88256746900073,11
388,1371,1609,15.698319103471995,93.0328227571116,7,7,3,4,1074,0.7833698030634574,297,1157,0.8439095550692924,0.8929236499068901,959,198,0.8929236499068901,0.6666666666666666,0.8439095550692924,166,1117,6.728915662650603,0.005105762217359592,0.005105762217359592,0.002188183807439825,0.0029175784099197666,0.5037999105903391,0.29463132297726086,0.0,1.0,0.33500388226159383,0.31597511660325267,0.0,0.9354838709677419,0.6850427048775324,0.24933993133563193,0.06451612903225806,1.0,0.5222935930919272,0.20891438634899306,0.0967741935483871,1.0,15,0.1962071480671043,4.888402625820569,11
389,1374,1599,15.672653190381892,93.40393013100437,7,4,3,1,1057,0.7709700948212983,314,1182,0.862144420131291,0.9063386944181646,958,224,0.9063386944181646,0.7133757961783439,0.862144420131291,174,1146,6.586206896551724,0.005105762217359592,0.0029175784099197666,0.002188183807439825,0.0007293946024799417,0.5034277128234024,0.2946004682067913,0.0,1.0,0.3355871719021458,0.3160160157707201,0.0,0.9354838709677419,0.6846269427618914,0.24936079272582776,0.06451612903225806,1.0,0.5224679532328497,0.2093836424655237,0.0967741935483871,1.0,15,0.19796215429403202,4.897379912663755,11
390,1375,1581,15.67340998847708,93.59418181818182,8,7,4,3,1050,0.7641921397379913,324,1193,0.8682678311499272,0.9085714285714286,954,239,0.9085714285714286,0.7376543209876543,0.8682678311499272,180,1155,6.416666666666667,0.005822416302765648,0.005094614264919942,0.002911208151382824,0.002183406113537118,0.5047272727272727,0.29520203374503357,0.0,1.0,0.3342873900293255,0.3154111285484578,0.0,0.9354838709677419,0.6843636363636364,0.2504118703900831,0.06451612903225806,1.0,0.5234486803519062,0.21005146760621282,0.0967741935483871,1.0,15,0.19563636363636364,4.914181818181818,11
391,1370,1571,15.66397467081954,93.69270072992701,8,13,6,7,1087,0.7905454545454546,288,1148,0.8349090909090909,0.8785648574057038,955,193,0.8785648574057038,0.6701388888888888,0.8349090909090909,172,1110,6.453488372093023,0.005818181818181818,0.009454545454545455,0.004363636363636364,0.005090909090909091,0.5062396986107841,0.29470985957620016,0.0,1.0,0.3352719566753002,0.3151570340242113,0.0,0.9354838709677419,0.6851659995290794,0.25034970561712144,0.06451612903225806,1.0,0.5231222039086414,0.21016608913825738,0.0967741935483871,1.0,15,0.19635036496350364,4.920437956204379,11
392,1374,1559,15.681403035646955,94.3056768558952,5,1,1,0,1040,0.7591240875912408,330,1185,0.864963503649635,0.9086538461538461,945,240,0.9086538461538461,0.7272727272727273,0.864963503649635,179,1152,6.435754189944134,0.0036496350364963502,0.00072992700729927,0.00072992700729927,0.0,0.5058458937878574,0.2948604976556805,0.0,1.0,0.33434286519228057,0.31517334886920373,0.0,0.9354838709677419,0.684321735455698,0.25072178695245323,0.06451612903225806,1.0,0.5228201155092267,0.2100642320762839,0.0967741935483871,1.0,15,0.1950509461426492,4.925764192139738,11
393,1379,1553,15.621391582776752,94.56127628716462,9,4,3,1,1026,0.7467248908296943,348,1174,0.8544395924308588,0.8957115009746589,919,255,0.8957115009746589,0.7327586206896551,0.8544395924308588,169,1137,6.727810650887574,0.006550218340611353,0.002911208151382824,0.002183406113537118,0.000727802037845706,0.5072399354370862,0.29430098593497883,0.0,1.0,0.33497859599054947,0.3150376631526201,0.0,0.9354838709677419,0.6850452642167069,0.2505227557294632,0.06451612903225806,1.0,0.523123347914571,0.21007905882001296,0.0967741935483871,1.0,15,0.19506889050036258,4.934010152284264,11
394,1382,1541,15.615390123393787,94.8465991316932,9,6,3,3,1005,0.728788977519942,374,1194,0.8658448150833937,0.9024875621890547,907,287,0.9024875621890547,0.767379679144385,0.8658448150833937,177,1159,6.548022598870056,0.006526468455402465,0.00435097897026831,0.002175489485134155,0.002175489485134155,0.5057186872695019,0.29471653609822496,0.0,1.0,0.33425143550721254,0.31538005061742475,0.0,0.9354838709677419,0.683674898464124,0.25139907073124135,0.06451612903225806,1.0,0.5226413332710891,0.20993074710593057,0.0967741935483871,1.0,15,0.1939218523878437,4.940665701881332,11
395,1382,1529,15.620429853439287,95.21056439942113,6,6,4,2,1032,0.7467438494934877,350,1192,0.8625180897250362,0.9060077519379846,935,257,0.9060077519379846,0.7342857142857143,0.8625180897250362,177,1157,6.536723163841808,0.004341534008683068,0.004341534008683068,0.002894356005788712,0.001447178002894356,0.5054619298818915,0.29422023945195974,0.0,1.0,0.33387797021614307,0.31534589889947545,0.0,0.9354838709677419,0.6843284627234957,0.2512111702098631,0.06451612903225806,1.0,0.5220111105924093,0.2098435262300721,0.0967741935483871,1.0,15,0.19609261939218525,4.948625180897251,11
396,1387,1533,15.546448100963072,95.46647440519106,10,5,3,2,1011,0.731548480463097,371,1156,0.8364688856729378,0.8773491592482691,887,269,0.8773491592482691,0.7250673854447439,0.8364688856729378,163,1123,6.889570552147239,0.00723589001447178,0.00361794500723589,0.002170767004341534,0.001447178002894356,0.5063143940274902,0.2947804072686168,0.0,1.0,0.3333023234179128,0.3150310553293874,0.0,0.9354838709677419,0.6835360606553946,0.25165770036225077,0.06451612903225806,1.0,0.5219666488359653,0.20994708142351184,0.0967741935483871,1.0,15,0.19682768565248737,4.96395097332372,11
397,1384,1526,15.572472717992506,95.89161849710983,6,9,3,6,1042,0.7512617159336697,345,1133,0.8168709444844989,0.8618042226487524,898,235,0.8618042226487524,0.6811594202898551,0.8168709444844989,180,1106,6.144444444444445,0.004325883201153569,0.006488824801730353,0.0021629416005767843,0.004325883201153569,0.5062931195226552,0.29506879154003635,0.0,1.0,0.3347473429050904,0.31584559411082924,0.0,0.9354838709677419,0.6825004661570017,0.252026579085538,0.06451612903225806,1.0,0.5227484616818945,0.20947960832156767,0.0967741935483871,1.0,15,0.19291907514450868,4.963872832369942,11
398,1381,1517,15.610592347770451,96.53149891383056,7,10,2,8,1059,0.7651734104046243,325,1184,0.8554913294797688,0.8923512747875354,945,239,0.8923512747875354,0.7353846153846154,0.8554913294797688,175,1150,6.571428571428571,0.0050578034682080926,0.0072254335260115606,0.001445086705202312,0.005780346820809248,0.5078134124407279,0.29561465363314693,0.0,1.0,0.33372264137721613,0.3154358640832293,0.0,0.9354838709677419,0.6846838429375628,0.25194946413345704,0.06451612903225806,1.0,0.5230665016000561,0.2093571216735646,0.0967741935483871,1.0,15,0.19116582186821143,4.961622013034034,11
399,1380,1501,15.660559424290472,97.25434782608696,5,6,2,4,1081,0.782766111513396,300,1176,0.8515568428674873,0.8908418131359852,963,213,0.8908418131359852,0.71,0.8515568428674873,177,1137,6.423728813559322,0.003620564808110065,0.004344677769732078,0.001448225923244026,0.002896451846488052,0.5072697522206638,0.2955797868527286,0.0,1.0,0.33492286115007014,0.3156358350077689,0.0,0.9354838709677419,0.6851566152407667,0.2517573217643896,0.06451612903225806,1.0,0.5238195418419822,0.2095399349540614,0.0967741935483871,1.0,15,0.18985507246376812,4.961594202898551,11
400,1381,1490,15.697397526479437,97.90007241129616,6,5,2,3,1026,0.7434782608695653,354,1191,0.8630434782608696,0.8996101364522417,923,268,0.8996101364522417,0.7570621468926554,0.8630434782608696,172,1152,6.6976744186046515,0.004347826086956522,0.0036231884057971015,0.0014492753623188406,0.002173913043478261,0.506902431618042,0.29512714127721856,0.0,1.0,0.33458690523463597,0.31563221721119833,0.0,0.9354838709677419,0.685968559482376,0.251796949756053,0.06451612903225806,1.0,0.5230197846347902,0.20879645251484574,0.0967741935483871,1.0,15,0.18971759594496743,4.969587255611875,11
401,1384,1479,15.606627273185012,97.92774566473989,11,8,5,3,1078,0.78059377262853,303,1168,0.8457639391745112,0.8868274582560297,956,212,0.8868274582560297,0.6996699669966997,0.8457639391745112,178,1135,6.376404494382022,0.007965242577842143,0.005792903692976104,0.003620564808110065,0.002172338884866039,0.5072720492261793,0.29467655355672867,0.0,1.0,0.3336052582509789,0.3153145701518848,0.0,0.9354838709677419,0.6866958791721052,0.2519518135239989,0.06451612903225806,1.0,0.5224687674808876,0.20854580564645203,0.0967741935483871,1.0,15,0.19219653179190752,4.983381502890174,11
402,1387,1460,15.61799438740462,98.15717375630858,9,6,4,2,1010,0.7297687861271677,374,1165,0.8417630057803468,0.8772277227722772,886,279,0.8772277227722772,0.7459893048128342,0.8417630057803468,180,1126,6.2555555555555555,0.006502890173410405,0.004335260115606936,0.002890173410404624,0.001445086705202312,0.5068958299416237,0.29424770132663186,0.0,1.0,0.33386050189548105,0.3154185585547403,0.0,0.9354838709677419,0.6863269530432357,0.2520123756153994,0.06451612903225806,1.0,0.5228736888620137,0.2085304017612841,0.0967741935483871,1.0,15,0.1925018024513338,4.991348233597693,11
403,1387,1449,15.62949929889441,98.48377793799567,6,6,4,2,1026,0.7397260273972602,361,1150,0.829127613554434,0.8801169590643275,903,247,0.8801169590643275,0.6842105263157895,0.829127613554434,176,1115,6.3352272727272725,0.004325883201153569,0.004325883201153569,0.002883922134102379,0.0014419610670511895,0.5077563550945414,0.2937413998814947,0.0,1.0,0.333720957276089,0.31535691249897063,0.0,0.9354838709677419,0.6867921017745424,0.2518019126185714,0.06451612903225806,1.0,0.5225015698769682,0.2087722211443409,0.0967741935483871,1.0,15,0.1946647440519106,5.0014419610670515,11
404,1387,1430,15.719566617338064,99.24729632299928,3,3,1,2,1052,0.7584715212689257,335,1182,0.852198990627253,0.8992395437262357,946,236,0.8992395437262357,0.7044776119402985,0.852198990627253,180,1143,6.35,0.0021629416005767843,0.0021629416005767843,0.0007209805335255948,0.0014419610670511895,0.5077098402214107,0.2936327787934813,0.0,1.0,0.33395353164174246,0.3154175964995853,0.0,0.9354838709677419,0.6858618043119287,0.25165899213709775,0.06451612903225806,1.0,0.5227341442426215,0.20898409346024482,0.0967741935483871,1.0,15,0.1932227829848594,5.002883922134102,11
405,1393,1416,15.6911209417419,99.42139267767408,9,3,3,0,1011,0.7289113193943764,376,1157,0.8341744772891132,0.8862512363996043,896,261,0.8862512363996043,0.6941489361702128,0.8341744772891132,172,1115,6.482558139534884,0.006488824801730353,0.0021629416005767843,0.0021629416005767843,0.0,0.5077461037908436,0.29441943232525025,0.0,1.0,0.3330477271148369,0.3151416706856539,0.0,0.9354838709677419,0.685709654262094,0.25201023271818374,0.06451612903225806,1.0,0.5234235694602043,0.20956965489976215,0.0967741935483871,1.0,15,0.19310839913854988,5.012203876525485,11
406,1395,1405,15.68605644352702,99.8437275985663,6,4,3,1,1058,0.7595118449389806,335,1164,0.8356066044508256,0.8818525519848771,933,231,0.8818525519848771,0.6895522388059702,0.8356066044508256,178,1131,6.353932584269663,0.004307250538406317,0.002871500358937545,0.0021536252692031586,0.0007178750897343862,0.508058735113886,0.2943600850753805,0.0,1.0,0.33370331830269395,0.3153510000127661,0.0,0.9354838709677419,0.6862064978610244,0.25178284837582876,0.06451612903225806,1.0,0.5242918256445832,0.2096292527224279,0.0967741935483871,1.0,15,0.1921146953405018,5.017921146953405,11
407,1396,1399,15.674827111924438,100.26504297994269,9,8,2,6,1033,0.7405017921146954,362,1155,0.8279569892473119,0.8799612778315585,909,246,0.8799612778315585,0.6795580110497238,0.8279569892473119,171,1120,6.549707602339181,0.0064516129032258064,0.005734767025089606,0.0014336917562724014,0.004301075268817204,0.5086653110268972,0.2944478279066255,0.0,1.0,0.3349200480635918,0.31548454094779804,0.0,0.9354838709677419,0.68733247065348,0.25156035110324937,0.06451612903225806,1.0,0.5243090858674554,0.20956581971764326,0.0967741935483871,1.0,15,0.18982808022922637,5.012893982808023,11
408,1398,1386,15.660561534198894,100.34048640915594,10,8,4,4,1037,0.7428366762177651,359,1133,0.8116045845272206,0.8678881388621023,900,233,0.8678881388621023,0.649025069637883,0.8116045845272206,175,1095,6.257142857142857,0.0071633237822349575,0.0057306590257879654,0.0028653295128939827,0.0028653295128939827,0.5089528819973234,0.2948506429286006,0.0,1.0,0.3365406802344363,0.3157535665854144,0.0,0.9354838709677419,0.6872490654852554,0.2520619642161422,0.06451612903225806,1.0,0.5254511052655868,0.20979763884729669,0.0967741935483871,1.0,15,0.1859799713876967,5.0221745350500715,11
409,1398,1377,15.636183454086018,100.47711015736766,8,8,5,3,1008,0.721030042918455,390,1113,0.796137339055794,0.8412698412698413,848,265,0.8412698412698413,0.6794871794871795,0.796137339055794,175,1079,6.1657142857142855,0.005722460658082976,0.005722460658082976,0.00357653791130186,0.002145922746781116,0.5082837232913379,0.29490301526852275,0.0,1.0,0.3359638192810005,0.31543775096008525,0.0,0.9354838709677419,0.6872721399233929,0.25241075144140324,0.06451612903225806,1.0,0.5242973833587152,0.20916713825686034,0.0967741935483871,1.0,15,0.1838340486409156,5.037195994277539,11
410,1396,1360,15.634277226802975,100.689111747851,6,8,6,2,1071,0.7660944206008584,327,1173,0.8390557939914163,0.8832866479925303,946,227,0.8832866479925303,0.6941896024464832,0.8390557939914163,175,1131,6.462857142857143,0.004291845493562232,0.005722460658082976,0.004291845493562232,0.001430615164520744,0.5091274609483316,0.2946793318710736,0.0,1.0,0.335659487937887,0.3154854684343314,0.0,0.9354838709677419,0.6869627507163324,0.2525298677572238,0.06451612903225806,1.0,0.5240549034106664,0.20960226068422766,0.0967741935483871,1.0,15,0.18481375358166188,5.042979942693409,11
411,1403,1345,15.622811080353133,101.05131860299359,10,3,0,3,1027,0.7356733524355301,369,1166,0.835243553008596,0.8860759493670886,910,256,0.8860759493670886,0.6937669376693767,0.835243553008596,179,1130,6.312849162011173,0.0071633237822349575,0.002148997134670487,0.0,0.002148997134670487,0.5091853861540937,0.29454038302904073,0.0,1.0,0.3339847791598648,0.3150909542537978,0.0,0.9354838709677419,0.6875819097326007,0.2526810009912068,0.06451612903225806,1.0,0.5247281171682799,0.20965894025235365,0.0967741935483871,1.0,15,0.18602993585174626,5.049893086243763,11
412,1398,1340,15.623938609967938,101.61945636623749,6,11,5,6,1067,0.7605131860299359,336,1161,0.827512473271561,0.8669165885660731,925,236,0.8669165885660731,0.7023809523809523,0.827512473271561,177,1133,6.401129943502825,0.0042765502494654314,0.007840342124019958,0.003563791874554526,0.0042765502494654314,0.5071761502607411,0.29481088010606843,0.0,1.0,0.3350869906317781,0.3155209166946186,0.0,0.9354838709677419,0.6869260233513315,0.25280854406707226,0.06451612903225806,1.0,0.523697447967142,0.20910785083557606,0.0967741935483871,1.0,15,0.18454935622317598,5.055793991416309,11
413,1402,1330,15.606228568946635,102.06847360912981,10,6,1,5,1038,0.7424892703862661,360,1166,0.8340486409155937,0.8834296724470135,917,249,0.8834296724470135,0.6916666666666667,0.8340486409155937,178,1134,6.370786516853933,0.00715307582260372,0.004291845493562232,0.000715307582260372,0.00357653791130186,0.507914960195113,0.2948734164737118,0.0,1.0,0.33493626616354516,0.3152511808341239,0.0,0.9354838709677419,0.6874050895034743,0.25300134658188733,0.06451612903225806,1.0,0.5236758547696839,0.2089589640653773,0.0967741935483871,1.0,15,0.1833095577746077,5.062767475035663,11
414,1401,1317,15.598566423064325,102.395431834404,6,7,5,2,1112,0.7931526390870185,290,1164,0.8302425106990015,0.8660071942446043,963,201,0.8660071942446043,0.6931034482758621,0.8302425106990015,178,1129,6.342696629213483,0.0042796005706134095,0.004992867332382311,0.003566333808844508,0.0014265335235378032,0.5076558218783818,0.2945140115240035,0.0,1.0,0.3358891114641615,0.3156181909422911,0.0,0.9354838709677419,0.688149017982547,0.2525471645898452,0.06451612903225806,1.0,0.5236582164813152,0.20908222184007386,0.0967741935483871,1.0,15,0.18344039971448964,5.0685224839400425,11
415,1399,1317,15.530621595326238,102.4903502501787,11,13,6,7,1081,0.7715917201998572,320,1104,0.7880085653104925,0.8418131359851989,910,194,0.8418131359851989,0.60625,0.7880085653104925,170,1074,6.317647058823529,0.007851534618129907,0.009279086366880799,0.004282655246252677,0.004996431120628123,0.5086121423136342,0.29405325678466265,0.0,1.0,0.3356544997578916,0.31498965868182605,0.0,0.9354838709677419,0.687841545804607,0.2527260967917692,0.06451612903225806,1.0,0.5235767483686504,0.20917073141071507,0.0967741935483871,1.0,15,0.18441744102930666,5.082916368834882,11
416,1396,1305,15.501851247092445,102.57306590257879,7,10,7,3,1085,0.775553967119371,314,1162,0.8305932809149392,0.8774193548387097,952,210,0.8774193548387097,0.6687898089171974,0.8305932809149392,174,1124,6.459770114942529,0.005003573981415297,0.007147962830593281,0.005003573981415297,0.002144388849177984,0.5101441907754876,0.29404336872932585,0.0,1.0,0.33656068028468433,0.31452745083944866,0.0,0.9354838709677419,0.6877021905906275,0.252689701808246,0.06451612903225806,1.0,0.5238007209538774,0.20929676529149358,0.0967741935483871,1.0,15,0.1833810888252149,5.095988538681948,11
417,1396,1292,15.471911242036644,102.77936962750717,7,7,5,2,1092,0.7822349570200573,304,1158,0.829512893982808,0.8809523809523809,962,196,0.8809523809523809,0.6447368421052632,0.829512893982808,180,1125,6.25,0.00501432664756447,0.00501432664756447,0.0035816618911174787,0.0014326647564469914,0.5094047509011923,0.2943263837865716,0.0,1.0,0.33674554025325815,0.3149549536062436,0.0,0.9354838709677419,0.688349200480636,0.2524677551217289,0.06451612903225806,1.0,0.5242397633792403,0.2090182589010876,0.0967741935483871,1.0,15,0.1833810888252149,5.099570200573066,11
418,1404,1288,15.383689634620946,102.96866096866097,11,3,1,2,1054,0.7550143266475645,342,1166,0.835243553008596,0.8842504743833017,932,234,0.8842504743833017,0.6842105263157895,0.835243553008596,179,1141,6.374301675977653,0.007879656160458453,0.002148997134670487,0.0007163323782234957,0.0014326647564469914,0.5081793952761695,0.2943923463365021,0.0,1.0,0.3360904328646264,0.3145561793499354,0.0,0.9354838709677419,0.6881720430107527,0.2523462363338086,0.06451612903225806,1.0,0.5240097417516772,0.2091043691941096,0.0967741935483871,1.0,15,0.18447293447293447,5.113247863247863,11
419,1403,1276,15.384829709563522,103.4048467569494,9,10,3,7,1105,0.7870370370370371,299,1152,0.8205128205128205,0.8769230769230769,969,183,0.8769230769230769,0.6120401337792643,0.8205128205128205,180,1120,6.222222222222222,0.00641025641025641,0.007122507122507123,0.002136752136752137,0.004985754985754986,0.5083346745453291,0.2947771101609103,0.0,1.0,0.33603108546202837,0.3146556887783796,0.0,0.9354838709677419,0.6872370266479664,0.2524141783854796,0.06451612903225806,1.0,0.5243372496723611,0.20955253388173886,0.0967741935483871,1.0,15,0.18531717747683535,5.114754098360656,11
420,1404,1265,15.324222770775885,103.68589743589743,10,9,5,4,1072,0.7640769779044904,331,1188,0.8467569493941554,0.875,938,250,0.875,0.7552870090634441,0.8467569493941554,176,1153,6.551136363636363,0.007127583749109052,0.006414825374198147,0.003563791874554526,0.002851033499643621,0.5089375976472751,0.29514475669116524,0.0,1.0,0.33409153570443895,0.3136317588420358,0.0,0.9354838709677419,0.6870692031982354,0.2529100489706713,0.06451612903225806,1.0,0.5230447569157247,0.20946428864042035,0.0967741935483871,1.0,15,0.18518518518518517,5.128917378917379,11
421,1399,1249,15.324522735099846,103.96211579699785,5,10,7,3,1094,0.7792022792022792,310,1174,0.8361823361823362,0.8811700182815356,964,210,0.8811700182815356,0.6774193548387096,0.8361823361823362,178,1136,6.382022471910112,0.0035612535612535613,0.007122507122507123,0.004985754985754986,0.002136752136752137,0.5085429684797897,0.29464152775026065,0.0,1.0,0.3338559800779359,0.31357542397822125,0.0,0.9354838709677419,0.6868269962415551,0.25293651315796045,0.06451612903225806,1.0,0.5217782286886947,0.20910968133005206,0.0967741935483871,1.0,15,0.1879914224446033,5.145818441744103,12
422,1398,1237,15.34982530133969,104.59298998569385,5,6,3,3,1058,0.7562544674767692,341,1156,0.8263045032165832,0.8676748582230623,918,238,0.8676748582230623,0.6979472140762464,0.8263045032165832,176,1120,6.363636363636363,0.0035739814152966403,0.004288777698355968,0.002144388849177984,0.002144388849177984,0.508399095482025,0.2944299074881298,0.0,1.0,0.3333102588951959,0.31355495020782687,0.0,0.9354838709677419,0.6860261202639716,0.25335690729697713,0.06451612903225806,1.0,0.5209746642669252,0.20906408222807166,0.0967741935483871,1.0,15,0.18955650929899856,5.15379113018598,12
423,1397,1228,15.359734459496702,105.10665712240515,5,6,3,3,1079,0.7718168812589413,319,1171,0.8376251788268956,0.8795180722891566,949,222,0.8795180722891566,0.6959247648902821,0.8376251788268956,178,1140,6.404494382022472,0.00357653791130186,0.004291845493562232,0.002145922746781116,0.002145922746781116,0.5080471979125777,0.2947117211050566,0.0,1.0,0.3328330293024222,0.31369868149144436,0.0,0.9354838709677419,0.6865633731267462,0.2535331789720442,0.06451612903225806,1.0,0.5216246796129956,0.2092261327398274,0.0967741935483871,1.0,15,0.1889763779527559,5.1546170365068,12
424,1392,1214,15.370898349629076,105.13218390804597,7,12,9,3,1047,0.7494631352899069,350,1161,0.8310665712240516,0.8758357211079274,917,244,0.8758357211079274,0.6971428571428572,0.8310665712240516,177,1124,6.350282485875706,0.005010737294201861,0.008589835361488905,0.006442376521116679,0.0021474588403722263,0.5079022988505747,0.295177429042835,0.0,1.0,0.33340285502410083,0.3135488568539815,0.0,0.9354838709677419,0.6863876529477198,0.25361059537517244,0.06451612903225806,1.0,0.5216675936225436,0.20953113176273858,0.0967741935483871,1.0,15,0.1910919540229885,5.170977011494253,12
425,1390,1198,15.342612049759754,105.26978417266187,8,10,7,3,1069,0.7679597701149425,323,1140,0.8189655172413793,0.8652946679139383,925,215,0.8652946679139383,0.6656346749226006,0.8189655172413793,181,1105,6.104972375690608,0.005747126436781609,0.007183908045977011,0.005028735632183908,0.0021551724137931034,0.5079136690647482,0.2949501552316277,0.0,1.0,0.3324669296820608,0.3135226786835347,0.0,0.9354838709677419,0.6869111162682757,0.25365614788905977,0.06451612903225806,1.0,0.5207008586679044,0.20881444034763097,0.0967741935483871,1.0,15,0.19280575539568345,5.19136690647482,12
426,1382,1190,15.33024510196038,105.44717800289436,5,13,10,3,1067,0.7676258992805756,323,1099,0.7906474820143885,0.8706654170571696,929,170,0.8706654170571696,0.5263157894736842,0.7906474820143885,175,1066,6.091428571428572,0.0035971223021582736,0.00935251798561151,0.007194244604316547,0.002158273381294964,0.5086597264366743,0.2952498085861956,0.0,1.0,0.3324774753746324,0.31355170972877777,0.0,0.9354838709677419,0.6871061108258252,0.2537605889115115,0.06451612903225806,1.0,0.5202138088791374,0.20853115935421068,0.0967741935483871,1.0,15,0.19464544138929088,5.198986975397974,12
427,1392,1172,15.252213319805,105.5,14,4,1,3,1061,0.7677279305354558,321,1135,0.821273516642547,0.879359095193214,933,202,0.879359095193214,0.6292834890965732,0.821273516642547,183,1100,6.0109289617486334,0.010130246020260492,0.002894356005788712,0.000723589001447178,0.002170767004341534,0.507091212458287,0.29502324388219797,0.0,1.0,0.33194289951798295,0.31334902620923605,0.0,0.9354838709677419,0.6861790878754171,0.25382560034084706,0.06451612903225806,1.0,0.5185622914349277,0.20821607882656876,0.0967741935483871,1.0,15,0.19540229885057472,5.214080459770115,12
428,1391,1152,15.24384164815642,105.61322789360173,7,8,7,1,1085,0.7794540229885057,307,1186,0.8520114942528736,0.8940092165898618,970,216,0.8940092165898618,0.7035830618892508,0.8520114942528736,186,1152,6.193548387096774,0.005028735632183908,0.005747126436781609,0.005028735632183908,0.0007183908045977011,0.5062034739454094,0.29448673904989897,0.0,1.0,0.33287725238282967,0.31360900962856725,0.0,0.9354838709677419,0.6855824308341644,0.25352994744744645,0.06451612903225806,1.0,0.5186568029498388,0.20840110229207912,0.0967741935483871,1.0,15,0.19626168224299065,5.2235801581595975,12
429,1387,1150,15.24892914248787,106.09156452775775,5,9,6,3,1018,0.7318475916606758,373,1152,0.8281811646297628,0.8860510805500982,902,250,0.8860510805500982,0.6702412868632708,0.8281811646297628,171,1121,6.555555555555555,0.0035945363048166786,0.006470165348670022,0.004313443565780014,0.002156721782890007,0.5072214340535386,0.2942781342428912,0.0,1.0,0.33327906598134754,0.31363678605683815,0.0,0.9354838709677419,0.6864432402260623,0.25347315248809144,0.06451612903225806,1.0,0.5191059841384282,0.20856785440722167,0.0967741935483871,1.0,15,0.19538572458543618,5.231434751261716,12
430,1384,1143,15.16438879422207,105.58381502890174,15,18,10,8,1011,0.7289113193943764,376,1125,0.8111031002162942,0.8704253214638972,880,245,0.8704253214638972,0.651595744680851,0.8111031002162942,167,1085,6.497005988023952,0.010814708002883922,0.012977649603460706,0.007209805335255948,0.005767844268204758,0.5076915905276898,0.29394803041547435,0.0,1.0,0.33164739884393063,0.31302947604184445,0.0,0.9354838709677419,0.6862996457206787,0.25448246259593055,0.06451612903225806,1.0,0.5186928957672944,0.2086732383866089,0.0967741935483871,1.0,15,0.19291907514450868,5.247832369942197,12
431,1381,1126,15.133421538445482,105.58363504706735,9,12,9,3,1031,0.744942196531792,353,1103,0.7969653179190751,0.8768186226964112,904,199,0.8768186226964112,0.5637393767705382,0.7969653179190751,181,1067,5.895027624309392,0.006502890173410405,0.008670520231213872,0.006502890173410405,0.002167630057803468,0.506902431618042,0.2930543762254888,0.0,1.0,0.3326948681413655,0.31359472380834746,0.0,0.9354838709677419,0.685945200999743,0.25439824345897843,0.06451612903225806,1.0,0.5173903903202448,0.20835192751431458,0.0967741935483871,1.0,15,0.19188993482983346,5.257784214337437,12
432,1375,1113,15.123060415996743,105.40727272727273,8,14,11,3,996,0.721216509775525,385,1104,0.7994207096307024,0.8694779116465864,866,238,0.8694779116465864,0.6181818181818182,0.7994207096307024,181,1072,5.922651933701657,0.005792903692976104,0.010137581462708182,0.007965242577842143,0.002172338884866039,0.5059941348973607,0.2934691310680345,0.0,1.0,0.3333958944281525,0.3137060044235849,0.0,0.9354838709677419,0.6850439882697947,0.2546878529220028,0.06451612903225806,1.0,0.5167859237536657,0.20859849607578532,0.0967741935483871,1.0,15,0.19127272727272726,5.268363636363636,12
433,1375,1108,15.085278880135315,105.56290909090909,8,8,5,3,1021,0.7425454545454545,354,1101,0.8007272727272727,0.8383937316356513,856,245,0.8383937316356513,0.692090395480226,0.8007272727272727,174,1070,6.149425287356322,0.005818181818181818,0.005818181818181818,0.0036363636363636364,0.002181818181818182,0.5063460410557185,0.29377875691665817,0.0,1.0,0.33224633431085043,0.31299850388228223,0.0,0.9354838709677419,0.6844105571847507,0.2547906933831426,0.06451612903225806,1.0,0.5161994134897361,0.20877539965096342,0.0967741935483871,1.0,15,0.19127272727272726,5.284363636363636,12
434,1371,1097,15.031607605051786,105.64113785557987,8,12,9,3,1036,0.7534545454545455,339,1114,0.8101818181818182,0.8677606177606177,899,215,0.8677606177606177,0.6342182890855457,0.8101818181818182,174,1077,6.189655172413793,0.005818181818181818,0.008727272727272728,0.006545454545454545,0.002181818181818182,0.5057998635326227,0.2936129167439332,0.0,1.0,0.3329098138867321,0.3131251435172375,0.0,0.9354838709677419,0.6817486647373003,0.2551143480390721,0.06451612903225806,1.0,0.515093762499706,0.2087411207915675,0.0967741935483871,1.0,15,0.18818380743982493,5.294675419401896,12
435,1365,1088,15.002096660493518,105.5992673992674,10,16,9,7,1055,0.7695113056163384,316,1109,0.8088986141502553,0.8635071090047394,911,198,0.8635071090047394,0.6265822784810127,0.8088986141502553,180,1080,6.0,0.007293946024799417,0.011670313639679067,0.006564551422319475,0.005105762217359592,0.5074087203119462,0.2931632637358215,0.0,1.0,0.33326243648824294,0.31302438082220185,0.0,0.9354838709677419,0.6823348694316436,0.2554700981710586,0.06451612903225806,1.0,0.5147583599196502,0.20851857211316557,0.0967741935483871,1.0,15,0.189010989010989,5.3076923076923075,12
436,1368,1070,14.94203298665144,105.27777777777777,11,8,8,0,1021,0.747985347985348,344,1144,0.8380952380952381,0.8903036238981391,909,235,0.8903036238981391,0.6831395348837209,0.8380952380952381,179,1105,6.173184357541899,0.00805860805860806,0.005860805860805861,0.005860805860805861,0.0,0.5053999245425391,0.29288633300699307,0.0,1.0,0.3313525749858517,0.31240414014984014,0.0,0.9354838709677419,0.6835974344463308,0.25501616043422815,0.06451612903225806,1.0,0.5150914921712885,0.20847058989756445,0.0967741935483871,1.0,15,0.18859649122807018,5.321637426900585,12
437,1368,1058,14.975680081287496,105.62207602339181,8,8,3,5,990,0.7236842105263158,378,1102,0.8055555555555556,0.8646464646464647,856,246,0.8646464646464647,0.6507936507936508,0.8055555555555556,174,1064,6.114942528735632,0.005847953216374269,0.005847953216374269,0.0021929824561403508,0.003654970760233918,0.5049047349556688,0.2929443836261318,0.0,1.0,0.3333097528768157,0.31258283667070846,0.0,0.9354838709677419,0.6824655725334843,0.25490682032331163,0.06451612903225806,1.0,0.5145727221279004,0.20874448865389023,0.0967741935483871,1.0,15,0.1878654970760234,5.320906432748538,12
438,1366,1041,15.030787894915214,106.01390922401171,6,8,4,4,1035,0.756578947368421,333,1088,0.7953216374269005,0.8628019323671497,893,195,0.8628019323671497,0.5855855855855856,0.7953216374269005,178,1049,5.893258426966292,0.0043859649122807015,0.005847953216374269,0.0029239766081871343,0.0029239766081871343,0.5042034666792613,0.29276082883806187,0.0,1.0,0.3326878571765928,0.3124024766336888,0.0,0.9354838709677419,0.6823548859396401,0.2550463214017741,0.06451612903225806,1.0,0.5140981438624663,0.20919199766097077,0.0967741935483871,1.0,15,0.18887262079062958,5.327232796486091,12
439,1365,1024,14.9816330912173,105.88644688644689,12,13,9,4,1043,0.7635431918008785,323,1104,0.808199121522694,0.8676893576222435,905,199,0.8676893576222435,0.6160990712074303,0.808199121522694,172,1059,6.156976744186046,0.008784773060029283,0.00951683748169839,0.006588579795021962,0.0029282576866764276,0.5050454921422664,0.29238029872522714,0.0,1.0,0.33262436488242936,0.3123958459557156,0.0,0.9354838709677419,0.6824530308401275,0.2555110625149485,0.06451612903225806,1.0,0.5138839654968688,0.20930467651114082,0.0967741935483871,1.0,15,0.19047619047619047,5.3457875457875454,13
440,1357,1014,15.086581467242276,106.44583640383198,6,14,6,8,995,0.7289377289377289,370,1080,0.7912087912087912,0.8542713567839196,850,230,0.8542713567839196,0.6216216216216216,0.7912087912087912,179,1049,5.860335195530726,0.004395604395604396,0.010256410256410256,0.004395604395604396,0.005860805860805861,0.5049563791095157,0.29264058584423136,0.0,1.0,0.3333254094658521,0.3126547682776051,0.0,0.9354838709677419,0.6810801816150427,0.25547906619692556,0.06451612903225806,1.0,0.5127296931086124,0.2091770348192602,0.0967741935483871,1.0,15,0.18865143699336773,5.345615327929256,13
441,1354,1006,15.114632675156292,106.698670605613,5,8,5,3,1011,0.7450257921886514,346,1105,0.8142962417096536,0.8664688427299704,876,229,0.8664688427299704,0.661849710982659,0.8142962417096536,175,1072,6.1257142857142854,0.0036845983787767134,0.0058953574060427415,0.0036845983787767134,0.002210759027266028,0.5060275408586268,0.29275205537021776,0.0,1.0,0.3322532996616953,0.3119837807894259,0.0,0.9354838709677419,0.6819221422785534,0.2556057796938062,0.06451612903225806,1.0,0.51305570114833,0.2094467647065999,0.0967741935483871,1.0,15,0.1883308714918759,5.355982274741507,13
442,1348,994,15.13242719028158,106.83308605341246,6,12,9,3,1015,0.7496307237813885,339,1070,0.7902511078286558,0.864039408866995,877,193,0.864039408866995,0.5693215339233039,0.7902511078286558,175,1033,5.902857142857143,0.004431314623338257,0.008862629246676515,0.0066469719350073855,0.0022156573116691287,0.5063415334545802,0.293307702379001,0.0,1.0,0.3328706805781564,0.3117137175572962,0.0,0.9354838709677419,0.6815592993203791,0.2554651524818071,0.06451612903225806,1.0,0.5124198334450082,0.20913954414547475,0.0967741935483871,1.0,15,0.18916913946587538,5.370178041543027,13
443,1346,983,15.081338808943295,106.67830609212481,11,13,9,4,994,0.7373887240356083,354,1103,0.8182492581602374,0.864185110663984,859,244,0.864185110663984,0.6892655367231638,0.8182492581602374,174,1066,6.126436781609195,0.008160237388724036,0.009643916913946587,0.0066765578635014835,0.002967359050445104,0.5059435364041605,0.2934779902191202,0.0,1.0,0.33221492594545365,0.3116043934793345,0.0,0.9354838709677419,0.6815414849254662,0.25566882298258364,0.06451612903225806,1.0,0.5124382878780617,0.2090494587626257,0.0967741935483871,1.0,15,0.18647845468053492,5.3759286775631505,13
444,1332,974,15.158590889844982,107.05705705705705,6,20,9,11,1042,0.774145616641902,304,1069,0.7942050520059435,0.8474088291746641,883,186,0.8474088291746641,0.6118421052631579,0.7942050520059435,178,1038,5.831460674157303,0.004457652303120356,0.014858841010401188,0.006686478454680535,0.008172362555720654,0.5062724014336918,0.2927725515291913,0.0,1.0,0.33122638767800056,0.3112428214768119,0.0,0.9354838709677419,0.6810035842293907,0.25566420331710094,0.06451612903225806,1.0,0.5128596338273758,0.20971899074398245,0.0967741935483871,1.0,15,0.18993993993993993,5.376876876876877,13
445,1332,972,15.084373529711737,107.03078078078079,9,9,7,2,994,0.7462462462462462,338,1088,0.8168168168168168,0.8682092555331992,863,225,0.8682092555331992,0.665680473372781,0.8168168168168168,170,1056,6.211764705882353,0.006756756756756757,0.006756756756756757,0.005255255255255256,0.0015015015015015015,0.5069262811198295,0.29293121198106986,0.0,1.0,0.3310568633149278,0.31084688816911815,0.0,0.9354838709677419,0.6807856243340115,0.2559801740988833,0.06451612903225806,1.0,0.5137314734088927,0.21059316472852027,0.0967741935483871,1.0,15,0.18843843843843844,5.388888888888889,13
446,1335,959,15.054084073299947,106.85617977528089,12,9,6,3,988,0.7417417417417418,344,1069,0.8025525525525525,0.8653846153846154,855,214,0.8653846153846154,0.622093023255814,0.8025525525525525,176,1032,5.863636363636363,0.009009009009009009,0.006756756756756757,0.0045045045045045045,0.0022522522522522522,0.50752688172043,0.29360111244339987,0.0,1.0,0.3307478555032016,0.3103171174332828,0.0,0.9354838709677419,0.6796665458499457,0.25649595997275826,0.06451612903225806,1.0,0.5131569409206235,0.2109484942808589,0.0967741935483871,1.0,15,0.18651685393258427,5.401498127340824,13
447,1331,943,15.09482875260473,107.08189331329827,9,13,7,6,1019,0.7632958801498128,316,1100,0.8239700374531835,0.8851815505397449,902,198,0.8851815505397449,0.6265822784810127,0.8239700374531835,171,1055,6.169590643274854,0.006741573033707865,0.009737827715355805,0.0052434456928838954,0.0044943820224719105,0.508276580790577,0.2935683877117187,0.0,1.0,0.3310632316230823,0.3103822421549057,0.0,0.9354838709677419,0.6801580184678025,0.2562638739500993,0.06451612903225806,1.0,0.5126875257507089,0.21073016038290193,0.0967741935483871,1.0,15,0.18707738542449287,5.400450788880541,13
448,1326,933,15.140936899064329,107.23001508295626,7,12,7,5,987,0.7415477084898573,344,1068,0.8024042073628851,0.8571428571428571,846,222,0.8571428571428571,0.6453488372093024,0.8024042073628851,176,1034,5.875,0.005259203606311044,0.009015777610818933,0.005259203606311044,0.003756574004507889,0.5093173745925169,0.2941717015252834,0.0,1.0,0.33075463435994745,0.3104805737774603,0.0,0.9354838709677419,0.680387291392984,0.25678839480169685,0.06451612903225806,1.0,0.5127475307740962,0.211401185555956,0.0967741935483871,1.0,15,0.18552036199095023,5.4057315233785825,13
449,1324,929,15.101950645680217,107.19184290030212,11,13,7,6,1000,0.7541478129713424,326,1048,0.7903469079939668,0.868,868,180,0.868,0.5521472392638037,0.7903469079939668,169,1013,5.994082840236686,0.008295625942684766,0.00980392156862745,0.005279034690799397,0.004524886877828055,0.5099405516031575,0.2939240925890177,0.0,1.0,0.3316197251729851,0.3106241436244149,0.0,0.9354838709677419,0.6806841438456291,0.2564153370491089,0.06451612903225806,1.0,0.5125718740863463,0.2117974363305642,0.0967741935483871,1.0,15,0.1865558912386707,5.416163141993958,14
450,1319,918,15.12933769676201,107.39954510993176,7,12,7,5,1021,0.7711480362537765,303,1077,0.8134441087613293,0.8756121449559255,894,183,0.8756121449559255,0.6039603960396039,0.8134441087613293,182,1048,5.758241758241758,0.005287009063444109,0.00906344410876133,0.005287009063444109,0.0037764350453172208,0.5099170926165962,0.29479636912465323,0.0,1.0,0.3314827948837095,0.31095176585629036,0.0,0.9354838709677419,0.6816747780576683,0.2559665606754226,0.06451612903225806,1.0,0.5122893687788892,0.21145438756939045,0.0967741935483871,1.0,15,0.18498862774829417,5.41849886277483,14
451,1326,913,15.027138386791021,107.052790346908,14,7,5,2,1044,0.7915087187263078,275,1089,0.8256254738438211,0.8745210727969349,913,176,0.8745210727969349,0.64,0.8256254738438211,177,1061,5.994350282485875,0.01061410159211524,0.00530705079605762,0.0037907505686125853,0.001516300227445034,0.5107040334744319,0.29491320926981685,0.0,1.0,0.33038972412786455,0.3104406766259712,0.0,0.9354838709677419,0.681360385345205,0.2564725628594387,0.06451612903225806,1.0,0.5122123291003747,0.21200359382549422,0.0967741935483871,1.0,15,0.1847662141779789,5.4343891402714934,14
452,1322,895,15.05504763310928,107.07564296520424,8,12,8,4,1016,0.7662141779788839,310,1084,0.8174962292609351,0.8799212598425197,894,190,0.8799212598425197,0.6129032258064516,0.8174962292609351,170,1036,6.094117647058823,0.006033182503770739,0.00904977375565611,0.006033182503770739,0.0030165912518853697,0.5109560294763554,0.2955754933106189,0.0,1.0,0.33065736176858135,0.31054625327039603,0.0,0.9354838709677419,0.6804938753599141,0.25674960093168264,0.06451612903225806,1.0,0.5116880581718803,0.21213770034304089,0.0967741935483871,1.0,15,0.18229954614220878,5.441754916792738,14
453,1319,885,15.010436815022846,106.99469294920394,9,12,9,3,1007,0.7617246596066566,315,1055,0.7980332829046899,0.8629592850049652,869,186,0.8629592850049652,0.5904761904761905,0.7980332829046899,169,1014,6.0,0.00680786686838124,0.009077155824508321,0.00680786686838124,0.0022692889561270802,0.51194697840495,0.29586988202014847,0.0,1.0,0.32994203820098317,0.3097758292850936,0.0,0.9354838709677419,0.6801584778302233,0.2573458557087909,0.06451612903225806,1.0,0.5107486120961628,0.21207838206640348,0.0967741935483871,1.0,15,0.18347232752084913,5.457164518574678,14
454,1304,870,14.960969785322666,106.17944785276073,8,23,20,3,989,0.7498104624715694,330,1081,0.819560272934041,0.8816986855409504,872,209,0.8816986855409504,0.6333333333333333,0.819560272934041,181,1047,5.7845303867403315,0.006065200909780136,0.017437452615617893,0.015163002274450341,0.002274450341167551,0.5125420542252127,0.29520283677537335,0.0,1.0,0.3301256679200475,0.3095679118817811,0.0,0.9354838709677419,0.6804868395012864,0.2568715757210879,0.06451612903225806,1.0,0.5107361963190185,0.21271820279882125,0.0967741935483871,1.0,15,0.18251533742331288,5.467791411042945,14
455,1304,867,15.01873173953511,106.57515337423312,6,6,3,3,935,0.7170245398773006,369,1072,0.8220858895705522,0.8705882352941177,814,258,0.8705882352941177,0.6991869918699187,0.8220858895705522,164,1033,6.298780487804878,0.004601226993865031,0.004601226993865031,0.0023006134969325155,0.0023006134969325155,0.5120720364140114,0.2951359218332873,0.0,1.0,0.33074411240847024,0.30964372225648146,0.0,0.9354838709677419,0.6817732040372056,0.25644567794372203,0.06451612903225806,1.0,0.5110825252325352,0.21267042451083454,0.0967741935483871,1.0,15,0.18251533742331288,5.467791411042945,14
456,1303,855,15.074440367758069,106.69071373752878,8,9,4,5,991,0.7599693251533742,313,1066,0.8174846625766872,0.8789101917255298,871,195,0.8789101917255298,0.6230031948881789,0.8174846625766872,180,1034,5.7444444444444445,0.006134969325153374,0.006901840490797546,0.003067484662576687,0.003834355828220859,0.5113262198895848,0.29508376087424004,0.0,1.0,0.33263189166439733,0.31013484314667233,0.0,0.9354838709677419,0.6831629242690564,0.25617405419728695,0.06451612903225806,1.0,0.5119451390092343,0.21268630715234754,0.0967741935483871,1.0,15,0.17881811204911743,5.4773599386032235,14
457,1305,849,15.02632316924659,106.38697318007662,11,9,7,2,946,0.726016884113584,357,1076,0.8257866462010744,0.8868921775898521,839,237,0.8868921775898521,0.6638655462184874,0.8257866462010744,167,1037,6.209580838323354,0.00844205679201842,0.006907137375287797,0.005372217958557176,0.0015349194167306216,0.5114571746384873,0.29527441478488836,0.0,1.0,0.3313558274626128,0.30929304658759355,0.0,0.9354838709677419,0.6845630947966876,0.25643254719367153,0.06451612903225806,1.0,0.5112594240514152,0.21248983529497378,0.0967741935483871,1.0,15,0.18084291187739462,5.501149425287356,14
458,1300,843,15.009439739265545,106.16692307692308,9,14,10,4,968,0.7417624521072796,337,1067,0.8176245210727969,0.8615702479338843,834,233,0.8615702479338843,0.6913946587537092,0.8176245210727969,171,1032,6.035087719298246,0.006896551724137931,0.010727969348659003,0.007662835249042145,0.0030651340996168583,0.5126302729528536,0.2953435509941012,0.0,1.0,0.33066997518610425,0.3092173086637335,0.0,0.9354838709677419,0.6855086848635236,0.25663102052130005,0.06451612903225806,1.0,0.5117121588089331,0.21237174750649856,0.0967741935483871,1.0,15,0.18,5.51,13
459,1296,835,14.893216015616542,105.37808641975309,11,15,14,1,963,0.7407692307692307,337,1047,0.8053846153846154,0.8504672897196262,819,228,0.8504672897196262,0.6765578635014837,0.8053846153846154,162,1001,6.179012345679013,0.008461538461538461,0.011538461538461539,0.010769230769230769,0.0007692307692307692,0.5127937076861808,0.2952643502921778,0.0,1.0,0.3301722421346077,0.308516099148346,0.0,0.9354838709677419,0.68473715651135,0.25755267334230725,0.06451612903225806,1.0,0.511300278773397,0.21203632784937385,0.0967741935483871,1.0,15,0.17978395061728394,5.540123456790123,13
460,1299,829,14.873046097552539,105.48883756735951,8,5,4,1,1009,0.7785493827160493,287,1025,0.7908950617283951,0.8523290386521308,860,165,0.8523290386521308,0.5749128919860628,0.7908950617283951,171,990,5.7894736842105265,0.006172839506172839,0.0038580246913580245,0.0030864197530864196,0.0007716049382716049,0.5123295835506221,0.2950248153082141,0.0,1.0,0.33127219449204104,0.30888985426723015,0.0,0.9354838709677419,0.6844719262956617,0.25778795985080505,0.06451612903225806,1.0,0.511808090590777,0.21258364269903646,0.0967741935483871,1.0,15,0.17936874518860663,5.54888375673595,13
461,1293,818,14.831354502383796,104.91879350348027,10,16,13,3,1009,0.7767513471901463,290,1053,0.8106235565819861,0.8662041625371655,874,179,0.8662041625371655,0.6172413793103448,0.8106235565819861,168,1010,6.011904761904762,0.007698229407236336,0.012317167051578136,0.010007698229407237,0.0023094688221709007,0.5131601926003543,0.29513246273257215,0.0,1.0,0.3303894419080408,0.3089623873612441,0.0,0.9354838709677419,0.6847541351695232,0.2580413612782586,0.06451612903225806,1.0,0.5120375221415563,0.21278623703589827,0.0967741935483871,1.0,15,0.18097447795823665,5.562258313998453,13
462,1295,804,14.78252431277783,104.6084942084942,11,9,7,2,980,0.7579273008507347,313,1043,0.8066511987625676,0.8704081632653061,853,190,0.8704081632653061,0.6070287539936102,0.8066511987625676,174,1003,5.764367816091954,0.008507347254447023,0.0069605568445475635,0.005413766434648105,0.0015467904098994587,0.5133391455972101,0.2944903833524236,0.0,1.0,0.3303773819902852,0.308523387690578,0.0,0.9354838709677419,0.6862124797608669,0.2580003295970363,0.06451612903225806,1.0,0.5110723626852659,0.21286732710322173,0.0967741935483871,1.0,15,0.18146718146718147,5.582239382239382,13
463,1291,801,14.780375658723912,104.58714175058094,6,10,8,2,996,0.7691119691119691,299,1060,0.8185328185328186,0.8714859437751004,868,192,0.8714859437751004,0.6421404682274248,0.8185328185328186,171,1028,6.011695906432749,0.004633204633204633,0.007722007722007722,0.006177606177606178,0.0015444015444015444,0.5131056195497363,0.29474579465602957,0.0,1.0,0.33042652607381123,0.3082622554895369,0.0,0.9354838709677419,0.6871142650108694,0.2581291453835546,0.06451612903225806,1.0,0.5107318657704705,0.21292953720945915,0.0967741935483871,1.0,15,0.1820294345468629,5.5917893106119285,13
464,1279,793,14.872086966410123,104.77873338545739,7,19,10,9,954,0.7389620449264136,337,1008,0.7807900852052673,0.8291404612159329,791,217,0.8291404612159329,0.6439169139465876,0.7807900852052673,170,970,5.705882352941177,0.005422153369481022,0.01471727343144849,0.0077459333849728895,0.006971340046475601,0.5136825645035183,0.29616370798852754,0.0,1.0,0.33012181896138615,0.3080923815983359,0.0,0.9354838709677419,0.6858684960528639,0.25879373073661255,0.06451612903225806,1.0,0.5097984816767132,0.21273597714809203,0.0967741935483871,1.0,15,0.18373729476153244,5.5989053948397185,13
465,1277,780,14.986222232584542,105.4487079091621,5,7,2,5,961,0.7513682564503519,318,1041,0.8139171227521501,0.858480749219563,825,216,0.858480749219563,0.6792452830188679,0.8139171227521501,175,1003,5.731428571428571,0.003909304143862392,0.00547302580140735,0.001563721657544957,0.003909304143862392,0.5133503422840832,0.2958160921177651,0.0,1.0,0.3301841513628211,0.30795930098460933,0.0,0.9354838709677419,0.685957511304216,0.2586331062757361,0.06451612903225806,1.0,0.5097380453179075,0.21275535176194046,0.0967741935483871,1.0,15,0.18480814408770557,5.600626468285043,13
466,1273,763,15.029786506079311,105.3912018853103,7,11,10,1,983,0.7697729052466719,294,1033,0.8089271730618638,0.884028484231943,869,164,0.884028484231943,0.5578231292517006,0.8089271730618638,173,989,5.716763005780347,0.00548159749412686,0.008613938919342208,0.007830853563038372,0.0007830853563038371,0.5142791982363226,0.2963167450024358,0.0,1.0,0.32987862047994326,0.3075387708676167,0.0,0.9354838709677419,0.6863644426424752,0.25867372582114123,0.06451612903225806,1.0,0.5100473861591871,0.21284346169967258,0.0967741935483871,1.0,15,0.18460329929300864,5.612725844461901,13
467,1269,748,15.07201874654975,105.12608353033885,8,12,9,3,974,0.7651217596229379,299,1019,0.800471327572663,0.8552361396303901,833,186,0.8552361396303901,0.6220735785953178,0.800471327572663,175,979,5.594285714285714,0.006284367635506678,0.009426551453260016,0.007069913589945012,0.002356637863315004,0.5147563486616336,0.2965164853771022,0.0,1.0,0.33020666514146263,0.30731178208103815,0.0,0.9354838709677419,0.6872823406797326,0.2582096366257009,0.06451612903225806,1.0,0.5092147741427083,0.2124676715016862,0.0967741935483871,1.0,15,0.1875492513790386,5.632781717888101,13
468,1264,737,15.186993398533824,105.35917721518987,9,14,5,9,937,0.7383766745468873,332,1013,0.7982663514578409,0.8580576307363927,804,209,0.8580576307363927,0.6295180722891566,0.7982663514578409,171,973,5.690058479532164,0.0070921985815602835,0.01103230890464933,0.003940110323089046,0.0070921985815602835,0.5132707227439771,0.29643712431977076,0.0,1.0,0.33174254797876684,0.308242277006159,0.0,0.9354838709677419,0.6892609228256431,0.2573644145383635,0.06451612903225806,1.0,0.5108462637811352,0.21295205831168704,0.0967741935483871,1.0,15,0.18908227848101267,5.6265822784810124,13
469,1265,736,15.157357984981447,105.39209486166008,7,6,5,1,953,0.7539556962025317,311,1009,0.7982594936708861,0.8562434417628542,816,193,0.8562434417628542,0.6205787781350482,0.7982594936708861,175,983,5.617142857142857,0.005537974683544304,0.004746835443037975,0.003955696202531646,0.0007911392405063291,0.5123804666581665,0.2963058322784596,0.0,1.0,0.3313782991202346,0.30817897530208443,0.0,0.9354838709677419,0.6900675761825832,0.257105704711651,0.06451612903225806,1.0,0.50977942113987,0.21247893025551198,0.0967741935483871,1.0,15,0.18972332015810275,5.636363636363637,13
470,1261,729,15.215317009373976,105.64393338620143,6,10,6,4,945,0.7470355731225297,320,999,0.7897233201581028,0.8582010582010582,811,188,0.8582010582010582,0.5875,0.7897233201581028,173,965,5.578034682080925,0.0047430830039525695,0.007905138339920948,0.0047430830039525695,0.0031620553359683794,0.513238341306183,0.2967433746545169,0.0,1.0,0.3328131795042337,0.30816195633252574,0.0,0.9354838709677419,0.6897495587219564,0.2567850951014426,0.06451612903225806,1.0,0.5097336982937248,0.21312263967941802,0.0967741935483871,1.0,15,0.19032513877874702,5.6415543219666935,13
471,1261,711,15.23222918546768,105.34258524980174,9,9,7,2,959,0.76050753370341,302,1013,0.8033306899286281,0.8686131386861314,833,180,0.8686131386861314,0.5960264900662252,0.8033306899286281,179,974,5.441340782122905,0.007137192704203013,0.007137192704203013,0.0055511498810467885,0.0015860428231562252,0.5141336880611906,0.297013415059586,0.0,1.0,0.3324294594663733,0.30775242901733035,0.0,0.9354838709677419,0.6921542042925483,0.25567582703945607,0.06451612903225806,1.0,0.5106034637128751,0.21330176812040386,0.0967741935483871,1.0,15,0.19191118160190326,5.645519429024584,13
472,1264,706,15.249549675616793,105.23180379746836,13,10,4,6,950,0.753370340999207,311,1008,0.7993655828707376,0.8578947368421053,815,193,0.8578947368421053,0.6205787781350482,0.7993655828707376,174,977,5.614942528735632,0.010309278350515464,0.007930214115781126,0.0031720856463124504,0.004758128469468675,0.5141129032258065,0.29702527473907486,0.0,1.0,0.3319722335647203,0.3082420414115798,0.0,0.9354838709677419,0.6912515312372397,0.25649916957655056,0.06451612903225806,1.0,0.5096978358513679,0.21253153667951882,0.0967741935483871,1.0,15,0.19145569620253164,5.650316455696203,13
473,1262,698,15.255307729408004,105.15927099841521,9,11,7,4,982,0.7768987341772152,282,1020,0.8069620253164557,0.8676171079429735,852,168,0.8676171079429735,0.5957446808510638,0.8069620253164557,177,989,5.5875706214689265,0.007120253164556962,0.00870253164556962,0.005537974683544304,0.0031645569620253164,0.5147998568580338,0.29679110972560896,0.0,1.0,0.3307346250191708,0.30782729612092896,0.0,0.9354838709677419,0.6917079903890394,0.256451351239045,0.06451612903225806,1.0,0.5087674454271255,0.21167109448356303,0.0967741935483871,1.0,15,0.19255150554675118,5.665610142630745,13
474,1258,690,15.280451128710997,104.8751987281399,9,13,9,4,964,0.7638668779714739,298,997,0.7900158478605388,0.8568464730290456,826,171,0.8568464730290456,0.5738255033557047,0.7900158478605388,164,953,5.810975609756097,0.0071315372424722665,0.010301109350237718,0.0071315372424722665,0.003169572107765452,0.5142058567106006,0.29679009223336855,0.0,1.0,0.33222216523924303,0.3085271719777647,0.0,0.9354838709677419,0.6911892917585517,0.2568046002461389,0.06451612903225806,1.0,0.508205549002513,0.21117236611676177,0.0967741935483871,1.0,15,0.19236883942766295,5.667726550079491,13
475,1245,682,15.421614545894032,105.2,4,17,9,8,964,0.766295707472178,294,1020,0.8108108108108109,0.8651452282157677,834,186,0.8651452282157677,0.6326530612244898,0.8108108108108109,180,992,5.511111111111111,0.003179650238473768,0.013513513513513514,0.007154213036565978,0.006359300476947536,0.5139525845316751,0.2975385883618456,0.0,1.0,0.33247830029796605,0.30822953613034654,0.0,0.9354838709677419,0.6895452778857365,0.2572894129782855,0.06451612903225806,1.0,0.5093924083430497,0.21174886938156032,0.0967741935483871,1.0,15,0.1895582329317269,5.665863453815261,13
476,1238,686,15.515775650700498,105.59046849757674,6,13,6,7,923,0.7413654618473896,322,1001,0.8040160642570281,0.8591549295774648,793,208,0.8591549295774648,0.6459627329192547,0.8040160642570281,170,975,5.735294117647059,0.004819277108433735,0.010441767068273093,0.004819277108433735,0.005622489959839358,0.514279014018448,0.2981624369005578,0.0,1.0,0.33396737714315494,0.30853896597766745,0.0,0.9354838709677419,0.6893011621241336,0.2570005798545957,0.06451612903225806,1.0,0.5104486945645943,0.212425641819918,0.0967741935483871,1.0,15,0.18820678513731826,5.665589660743134,13
477,1232,682,15.50562456338261,105.31412337662337,8,14,10,4,957,0.7730210016155089,281,995,0.8037156704361874,0.8672936259143156,830,165,0.8672936259143156,0.5871886120996441,0.8037156704361874,171,962,5.625730994152047,0.006462035541195477,0.011308562197092083,0.008077544426494346,0.0032310177705977385,0.5135106828655216,0.2986656201828943,0.0,1.0,0.3330802262253875,0.30828788550853764,0.0,0.9354838709677419,0.6874214495182237,0.25729349629665055,0.06451612903225806,1.0,0.5091118558860495,0.21273213381491604,0.0967741935483871,1.0,15,0.1891233766233766,5.678571428571429,13
478,1225,670,15.63402679054022,105.38122448979591,4,11,9,2,918,0.7451298701298701,314,1008,0.8181818181818182,0.8583877995642701,788,220,0.8583877995642701,0.7006369426751592,0.8181818181818182,183,979,5.3497267759562845,0.003246753246753247,0.008928571428571428,0.007305194805194805,0.0016233766233766235,0.5133903884134299,0.29811525522534343,0.0,1.0,0.3331665569453588,0.30815965341232704,0.0,0.9354838709677419,0.687741935483871,0.2574293698068819,0.06451612903225806,1.0,0.5079394338380514,0.21235799893310628,0.0967741935483871,1.0,15,0.1893877551020408,5.681632653061224,13
479,1225,672,15.56022076396688,104.7134693877551,12,12,9,3,951,0.7763265306122449,274,975,0.7959183673469388,0.8622502628811777,820,155,0.8622502628811777,0.5656934306569343,0.7959183673469388,170,947,5.570588235294117,0.009795918367346938,0.009795918367346938,0.007346938775510204,0.0024489795918367346,0.5119420671494405,0.2989989633558974,0.0,1.0,0.33271889400921656,0.30798859226615116,0.0,0.9354838709677419,0.6873732718894009,0.2571170229660151,0.06451612903225806,1.0,0.5088610928242265,0.21300058721048984,0.0967741935483871,1.0,15,0.1893877551020408,5.693061224489796,13
480,1223,673,15.57639773408093,104.48650858544562,7,9,8,1,923,0.7534693877551021,302,986,0.8048979591836735,0.8797399783315276,812,174,0.8797399783315276,0.5761589403973509,0.8048979591836735,170,957,5.629411764705883,0.005714285714285714,0.007346938775510204,0.006530612244897959,0.0008163265306122449,0.5136760477936329,0.299168790257521,0.0,1.0,0.3327882256745707,0.3078488494404278,0.0,0.9354838709677419,0.6898161580460528,0.2566882607229137,0.06451612903225806,1.0,0.5085326932714372,0.21315943985793942,0.0967741935483871,1.0,15,0.18969746524938674,5.706459525756337,13
481,1218,675,15.591264988888366,104.41789819376027,8,13,8,5,938,0.7669664758789861,285,986,0.8062142273098937,0.8752665245202559,821,165,0.8752665245202559,0.5789473684210527,0.8062142273098937,163,951,5.8343558282208585,0.006541291905151268,0.01062959934587081,0.006541291905151268,0.004088307440719542,0.5120239419460776,0.2995874345938444,0.0,1.0,0.3332803644260819,0.3086454501112476,0.0,0.9354838709677419,0.6903172837544362,0.2564010292161752,0.06451612903225806,1.0,0.5087928386037396,0.21302743397552976,0.0967741935483871,1.0,15,0.19047619047619047,5.706896551724138,13
482,1217,666,15.63145551492885,104.19884963023829,9,10,7,3,886,0.7274220032840722,332,969,0.7955665024630542,0.863431151241535,765,204,0.863431151241535,0.6144578313253012,0.7955665024630542,170,930,5.470588235294118,0.007389162561576354,0.008210180623973728,0.005747126436781609,0.0024630541871921183,0.5098735653510749,0.2995577684148944,0.0,1.0,0.3355951970737138,0.30968043650034915,0.0,0.9354838709677419,0.6885519654358947,0.256973888532317,0.06451612903225806,1.0,0.5093169348212156,0.21300803614667516,0.0967741935483871,1.0,15,0.18981101068200493,5.711585866885785,13
483,1214,662,15.715965108700006,104.30642504118616,7,10,6,4,870,0.714872637633525,347,999,0.8208709942481512,0.8528735632183908,742,257,0.8528735632183908,0.7406340057636888,0.8208709942481512,174,969,5.568965517241379,0.005751848808545604,0.008216926869350863,0.0049301561216105174,0.003286770747740345,0.5094861029919753,0.2992614504678196,0.0,1.0,0.33663708348833504,0.3097663228491833,0.0,0.9354838709677419,0.6878886113620662,0.25672602963144203,0.06451612903225806,1.0,0.5088483817824307,0.21285152174619731,0.0967741935483871,1.0,15,0.1886326194398682,5.712520593080725,13
484,1216,664,15.694592266517983,104.2154605263158,10,8,5,3,918,0.7561779242174629,296,978,0.8056013179571664,0.8605664488017429,790,188,0.8605664488017429,0.6351351351351351,0.8056013179571664,173,953,5.508670520231214,0.008237232289950576,0.006589785831960461,0.004118616144975288,0.002471169686985173,0.5067911714770797,0.298788482817011,0.0,1.0,0.3383117572156197,0.31055940111542946,0.0,0.9354838709677419,0.6876856960950765,0.2565510231397983,0.06451612903225806,1.0,0.5074543718166384,0.21154861027318858,0.0967741935483871,1.0,15,0.1875,5.717927631578948,13
485,1221,662,15.688576113845999,104.21621621621621,9,4,3,1,940,0.7730263157894737,276,970,0.7976973684210527,0.8404255319148937,790,180,0.8404255319148937,0.6521739130434783,0.7976973684210527,166,934,5.626506024096385,0.007401315789473684,0.003289473684210526,0.0024671052631578946,0.0008223684210526315,0.5050064727484083,0.2987952854534836,0.0,1.0,0.3386172095849515,0.31037822603298304,0.0,0.9354838709677419,0.6873794615730099,0.25625604111177686,0.06451612903225806,1.0,0.5078069271617659,0.21171297728975721,0.0967741935483871,1.0,15,0.18755118755118755,5.719082719082719,13
486,1222,657,15.599330024128044,103.4558101472995,12,11,10,1,912,0.7469287469287469,309,978,0.800982800982801,0.8596491228070176,784,194,0.8596491228070176,0.627831715210356,0.800982800982801,176,949,5.392045454545454,0.009828009828009828,0.009009009009009009,0.00819000819000819,0.000819000819000819,0.5043292328810517,0.2983387424024396,0.0,1.0,0.3396599968322686,0.31080403853516597,0.0,0.9354838709677419,0.6865793780687398,0.2563104716038192,0.06451612903225806,1.0,0.5076553508262499,0.2121587038280409,0.0967741935483871,1.0,15,0.18576104746317512,5.73404255319149,13
487,1217,653,15.704016054249218,103.77567789646672,6,11,6,5,896,0.7332242225859247,326,956,0.7823240589198036,0.8604910714285714,771,185,0.8604910714285714,0.5674846625766872,0.7823240589198036,174,926,5.32183908045977,0.004909983633387889,0.00900163666121113,0.004909983633387889,0.004091653027823241,0.5032735176398866,0.2983987805393682,0.0,1.0,0.3389879926842845,0.3109386445147218,0.0,0.9354838709677419,0.6871736422191004,0.2563003338020794,0.06451612903225806,1.0,0.5070904127017786,0.21214067548842064,0.0967741935483871,1.0,15,0.18570254724732949,5.728841413311422,13
488,1215,656,15.679553097756903,103.25432098765432,11,13,9,4,902,0.7411668036154478,315,990,0.8134757600657354,0.8592017738359202,775,215,0.8592017738359202,0.6825396825396826,0.8134757600657354,176,969,5.505681818181818,0.009038619556285949,0.010682004930156122,0.007395234182415777,0.003286770747740345,0.501128368511881,0.29836675441220845,0.0,1.0,0.33914774990043806,0.31129264523781297,0.0,0.9354838709677419,0.6867118014071419,0.25605412491187507,0.06451612903225806,1.0,0.5062259392008497,0.21227292169216366,0.0967741935483871,1.0,15,0.1860082304526749,5.727572016460905,13
489,1214,657,15.674372620901533,103.04612850082373,8,9,7,2,928,0.7637860082304527,287,970,0.7983539094650206,0.8642241379310345,802,168,0.8642241379310345,0.5853658536585366,0.7983539094650206,171,942,5.508771929824562,0.006584362139917695,0.007407407407407408,0.005761316872427984,0.0016460905349794238,0.4992825636392624,0.29847904158409144,0.0,1.0,0.33905510974119146,0.31144812380225567,0.0,0.9354838709677419,0.687197746718393,0.25567603853610393,0.06451612903225806,1.0,0.5059520646224159,0.21236371786363878,0.0967741935483871,1.0,15,0.18780889621087316,5.737232289950577,13
490,1207,661,15.722788761858325,103.07290803645402,6,13,9,4,905,0.7454695222405272,309,975,0.8031301482701813,0.8729281767955801,790,185,0.8729281767955801,0.598705501618123,0.8031301482701813,170,949,5.58235294117647,0.004942339373970346,0.01070840197693575,0.007413509060955519,0.0032948929159802307,0.49939866905417324,0.29941015974812274,0.0,1.0,0.3395515407435123,0.3117857690084267,0.0,0.9354838709677419,0.6875217147285994,0.25584949618738567,0.06451612903225806,1.0,0.5069620760616832,0.21252347718066358,0.0967741935483871,1.0,15,0.18475559237779618,5.734051367025684,13
491,1211,652,15.749303293199448,102.93311312964492,11,7,4,3,919,0.7613918806959403,288,989,0.8193869096934548,0.8596300326441785,790,199,0.8596300326441785,0.6909722222222222,0.8193869096934548,182,962,5.285714285714286,0.009113504556752278,0.00579950289975145,0.0033140016570008283,0.0024855012427506215,0.49948056791241574,0.2990720452162281,0.0,1.0,0.3392291095069391,0.3117469505829708,0.0,0.9354838709677419,0.6877280839615354,0.25583619840361776,0.06451612903225806,1.0,0.5061133161077223,0.2124953954335716,0.0967741935483871,1.0,15,0.1833195706028076,5.745664739884393,13
492,1203,647,15.842396053019696,103.19201995012469,4,12,8,4,906,0.7481420313790256,305,969,0.8001651527663088,0.8576158940397351,777,192,0.8576158940397351,0.6295081967213115,0.8001651527663088,172,936,5.441860465116279,0.0033030553261767133,0.00990916597853014,0.006606110652353427,0.0033030553261767133,0.4992625961976779,0.2991289180017807,0.0,1.0,0.3384013085565655,0.31185704503339634,0.0,0.9354838709677419,0.6882256723781943,0.25550441701991294,0.06451612903225806,1.0,0.5054836028209048,0.21238928040825936,0.0967741935483871,1.0,15,0.18370739817123857,5.738985868661679,12
493,1200,648,15.858997734689101,103.1975,7,10,7,3,937,0.7788861180382377,266,977,0.8121363258520365,0.8783351120597652,823,154,0.8783351120597652,0.5789473684210527,0.8121363258520365,174,952,5.471264367816092,0.005818786367414797,0.00831255195344971,0.005818786367414797,0.0024937655860349127,0.4976612903225806,0.29932241160228706,0.0,1.0,0.3369354838709677,0.3113284421475897,0.0,0.9354838709677419,0.6871505376344086,0.255526492362779,0.06451612903225806,1.0,0.5039784946236558,0.2122336870881279,0.0967741935483871,1.0,15,0.185,5.7475,12
494,1198,647,15.779739087072135,102.46661101836393,11,13,11,2,930,0.775,270,959,0.7991666666666667,0.8569892473118279,797,162,0.8569892473118279,0.6,0.7991666666666667,176,934,5.306818181818182,0.009166666666666667,0.010833333333333334,0.009166666666666667,0.0016666666666666668,0.4984113307124778,0.29870527131705854,0.0,1.0,0.3374441273089558,0.31093980195145265,0.0,0.9354838709677419,0.6865743981905326,0.2562362974419778,0.06451612903225806,1.0,0.5029080725941085,0.21189493347955884,0.0967741935483871,1.0,15,0.18447412353923207,5.769616026711185,12
495,1188,640,15.75600357982478,101.52356902356902,10,20,15,5,927,0.7737896494156928,271,978,0.8163606010016694,0.8748651564185544,811,167,0.8748651564185544,0.6162361623616236,0.8163606010016694,179,950,5.307262569832402,0.008347245409015025,0.01669449081803005,0.012520868113522538,0.004173622704507512,0.49839795807537746,0.29945929418489914,0.0,1.0,0.33756924079504724,0.31160247793310647,0.0,0.9354838709677419,0.6855110242207016,0.2572779931393956,0.06451612903225806,1.0,0.5016835016835017,0.21146766525101438,0.0967741935483871,1.0,15,0.18602693602693604,5.781986531986532,12
496,1188,640,15.728035016464146,101.07323232323232,10,10,8,2,898,0.7558922558922558,290,970,0.8164983164983165,0.8685968819599109,780,190,0.8685968819599109,0.6551724137931034,0.8164983164983165,172,942,5.476744186046512,0.008417508417508417,0.008417508417508417,0.006734006734006734,0.0016835016835016834,0.5002986857825568,0.29992813475819996,0.0,1.0,0.3374606277832084,0.3116133052612468,0.0,0.9354838709677419,0.6855653307266211,0.2577218902754182,0.06451612903225806,1.0,0.5005430650591941,0.21107151843896493,0.0967741935483871,1.0,15,0.18686868686868688,5.797979797979798,12
497,1192,637,15.72751212553538,100.68036912751678,13,9,5,4,859,0.7230639730639731,329,965,0.8122895622895623,0.8649592549476135,743,222,0.8649592549476135,0.6747720364741642,0.8122895622895623,178,940,5.280898876404494,0.010942760942760943,0.007575757575757576,0.004208754208754209,0.003367003367003367,0.49848452045897373,0.29946014719224834,0.0,1.0,0.3373565706862957,0.3115172290534953,0.0,0.9354838709677419,0.6851591253518078,0.25761994071240346,0.06451612903225806,1.0,0.4999188135960164,0.2112246452763331,0.0967741935483871,1.0,15,0.18624161073825504,5.817114093959732,12
498,1190,639,15.721731603034582,100.38823529411765,8,10,8,2,885,0.7424496644295302,307,982,0.8238255033557047,0.880225988700565,779,203,0.880225988700565,0.6612377850162866,0.8238255033557047,168,952,5.666666666666667,0.006711409395973154,0.008389261744966443,0.006711409395973154,0.0016778523489932886,0.49761452968284087,0.29982782077269005,0.0,1.0,0.33475196530224993,0.31117767551976033,0.0,0.9354838709677419,0.6847113038763893,0.25761039000032304,0.06451612903225806,1.0,0.49861751152073736,0.211032206529611,0.0967741935483871,1.0,15,0.18739495798319328,5.821848739495798,12
499,1196,643,15.718467797253656,100.36204013377926,12,6,2,4,880,0.7394957983193278,310,961,0.807563025210084,0.8477272727272728,746,215,0.8477272727272728,0.6935483870967742,0.807563025210084,167,932,5.580838323353293,0.010084033613445379,0.005042016806722689,0.0016806722689075631,0.0033613445378151263,0.4969791779048441,0.299295113424125,0.0,1.0,0.33531125256230443,0.3105476691252561,0.0,0.9354838709677419,0.6858614737296364,0.25667694940408314,0.06451612903225806,1.0,0.4983277591973244,0.21109339137304764,0.0967741935483871,1.0,15,0.18812709030100336,5.825250836120401,12
500,1193,642,15.796681816804702,100.49119865884325,7,10,5,5,935,0.7817725752508361,261,1024,0.8561872909698997,0.9005347593582887,842,182,0.9005347593582887,0.6973180076628352,0.8561872909698997,176,999,5.676136363636363,0.005852842809364548,0.008361204013377926,0.004180602006688963,0.004180602006688963,0.49560608928426575,0.2999644478117898,0.0,1.0,0.335829975934889,0.31089162086472544,0.0,0.9354838709677419,0.6850715193467268,0.25643339049044217,0.06451612903225806,1.0,0.4980937187356353,0.211103236817288,0.0967741935483871,1.0,15,0.18776194467728416,5.823973176865046,12
501,1193,650,15.827086443458814,100.68818105616094,8,8,4,4,864,0.7242246437552389,329,992,0.8315171835708298,0.8842592592592593,764,228,0.8842592592592593,0.6930091185410334,0.8315171835708298,165,965,5.848484848484849,0.006705783738474434,0.006705783738474434,0.003352891869237217,0.003352891869237217,0.4960116810426412,0.3000602416439421,0.0,1.0,0.3369115539572236,0.3116003522572575,0.0,0.9354838709677419,0.6836384284671336,0.25688163115600215,0.06451612903225806,1.0,0.4979314820322851,0.21137836204789615,0.0967741935483871,1.0,15,0.18608549874266556,5.823973176865046,12
502,1186,647,15.91978282591566,100.6247892074199,5,12,8,4,881,0.7384744341994971,312,998,0.8365465213746857,0.8887627695800226,783,215,0.8887627695800226,0.6891025641025641,0.8365465213746857,177,972,5.491525423728813,0.004191114836546521,0.010058675607711651,0.006705783738474434,0.003352891869237217,0.4945873905238536,0.300292276011549,0.0,1.0,0.33631616167110917,0.31152232356886883,0.0,0.9354838709677419,0.6830767556981994,0.2568436569983902,0.06451612903225806,1.0,0.4968993091443182,0.21178219217073882,0.0967741935483871,1.0,15,0.18549747048903878,5.840640809443507,12
503,1183,648,15.982444077840364,100.66863905325444,7,10,6,4,876,0.7386172006745363,310,1008,0.8499156829679595,0.8972602739726028,786,222,0.8972602739726028,0.7161290322580646,0.8499156829679595,175,984,5.622857142857143,0.005902192242833052,0.008431703204047217,0.00505902192242833,0.003372681281618887,0.49415101028004255,0.3011372183471571,0.0,1.0,0.3364327979712595,0.3116884054537994,0.0,0.9354838709677419,0.6816458975267908,0.2569281614350628,0.06451612903225806,1.0,0.49592343140730244,0.21168793587766407,0.0967741935483871,1.0,15,0.18596787827557057,5.848689771766695,12
504,1174,647,16.091425215486453,100.85264054514481,5,14,7,7,909,0.768385460693153,274,991,0.8377007607776839,0.8954895489548955,814,177,0.8954895489548955,0.6459854014598541,0.8377007607776839,178,968,5.438202247191011,0.00422654268808115,0.011834319526627219,0.005917159763313609,0.005917159763313609,0.4927735340990273,0.3010077533264448,0.0,1.0,0.33505522888388195,0.31174644597142803,0.0,0.9354838709677419,0.6801395834478211,0.25676751960630606,0.06451612903225806,1.0,0.49411990987525417,0.21165278535173257,0.0967741935483871,1.0,15,0.18739352640545145,5.850936967632027,12
505,1178,651,15.98492902902787,100.19949066213923,15,11,7,4,938,0.7989778534923339,236,973,0.8287904599659285,0.8891257995735607,834,139,0.8891257995735607,0.5889830508474576,0.8287904599659285,175,952,5.44,0.012776831345826235,0.009369676320272573,0.00596252129471891,0.0034071550255536627,0.4906073717071033,0.3015117321032119,0.0,1.0,0.33556054548441866,0.31253212996293744,0.0,0.9354838709677419,0.6787337751245961,0.25733789919954647,0.06451612903225806,1.0,0.49375650364203955,0.21152269745210348,0.0967741935483871,1.0,15,0.18590831918505943,5.853989813242785,12
506,1173,657,16.000342594907437,99.89173060528559,7,12,8,4,899,0.7631578947368421,279,984,0.8353140916808149,0.8854282536151279,796,188,0.8854282536151279,0.6738351254480287,0.8353140916808149,176,966,5.488636363636363,0.005942275042444821,0.010186757215619695,0.006791171477079796,0.003395585738539898,0.4906910870940242,0.3012994619684884,0.0,1.0,0.33556087231526555,0.31212615667143795,0.0,0.9354838709677419,0.6805269092209114,0.2560389149862439,0.06451612903225806,1.0,0.4939636443637763,0.21148240929716472,0.0967741935483871,1.0,15,0.18414322250639387,5.859335038363171,12
507,1177,656,16.02342635522549,100.03483432455396,8,4,3,1,909,0.7749360613810742,264,976,0.8320545609548167,0.8734873487348734,794,182,0.8734873487348734,0.6893939393939394,0.8320545609548167,184,959,5.211956521739131,0.0068201193520886615,0.0034100596760443308,0.0025575447570332483,0.0008525149190110827,0.4917641899854742,0.30065469553591206,0.0,1.0,0.3346671417217091,0.3117423990455089,0.0,0.9354838709677419,0.6816674431989476,0.2560431909820797,0.06451612903225806,1.0,0.494340450023296,0.21144043858298467,0.0967741935483871,1.0,15,0.18691588785046728,5.864061172472387,12
508,1181,663,15.96154107267662,99.39712108382726,13,9,6,3,904,0.7680543755310111,273,922,0.7833474936278675,0.8407079646017699,760,162,0.8407079646017699,0.5934065934065934,0.7833474936278675,170,899,5.288235294117647,0.011045029736618521,0.0076465590484282074,0.005097706032285472,0.002548853016142736,0.4897162055120046,0.30071362697657245,0.0,1.0,0.3333970664554369,0.311586738764883,0.0,0.9354838709677419,0.6796044904536888,0.25638362480937227,0.06451612903225806,1.0,0.4932670508863456,0.2110690820135815,0.0967741935483871,1.0,15,0.18797629127857748,5.872142252328535,12
509,1177,664,16.00084957440602,99.09770603228547,6,10,8,2,902,0.7637595258255715,279,955,0.8086367485182049,0.8691796008869179,784,171,0.8691796008869179,0.6129032258064516,0.8086367485182049,168,924,5.5,0.005080440304826418,0.00846740050804403,0.006773920406435224,0.001693480101608806,0.48979088442458957,0.3009762678628816,0.0,1.0,0.33255680105242963,0.31126511073069657,0.0,0.9354838709677419,0.6785430427275467,0.25620712448430805,0.06451612903225806,1.0,0.49286047085263246,0.21113618498718262,0.0967741935483871,1.0,15,0.18861512319456245,5.882752761257434,12
510,1178,672,15.902630101834333,98.28777589134125,11,10,9,1,894,0.7595581988105352,283,971,0.8249787595581988,0.8646532438478747,773,198,0.8646532438478747,0.6996466431095406,0.8249787595581988,171,950,5.555555555555555,0.009345794392523364,0.008496176720475786,0.0076465590484282074,0.0008496176720475786,0.4886631250342297,0.30089641001968404,0.0,1.0,0.33298647242455776,0.3111301138433367,0.0,0.9354838709677419,0.6776658086423133,0.2556760935426182,0.06451612903225806,1.0,0.4928802234514486,0.21146159938538137,0.0967741935483871,1.0,15,0.18930390492359933,5.895585738539898,12
511,1180,671,15.8442294053865,97.62288135593221,16,14,7,7,919,0.7801358234295416,259,991,0.8412563667232598,0.8944504896626768,822,169,0.8944504896626768,0.6525096525096525,0.8412563667232598,171,961,5.619883040935672,0.013582342954159592,0.011884550084889643,0.005942275042444821,0.005942275042444821,0.48846364133406234,0.301749604799801,0.0,1.0,0.3325314379442318,0.31139393972080176,0.0,0.9354838709677419,0.6761618370694369,0.25506424119905813,0.06451612903225806,1.0,0.49343903772553305,0.2111843615972034,0.0967741935483871,1.0,15,0.18898305084745762,5.9025423728813555,12
512,1179,673,15.926514847214547,97.66327396098389,6,7,5,2,820,0.6949152542372882,360,1000,0.847457627118644,0.8817073170731707,723,277,0.8817073170731707,0.7694444444444445,0.847457627118644,165,967,5.86060606060606,0.005084745762711864,0.005932203389830509,0.00423728813559322,0.001694915254237288,0.48852225779091085,0.3019614537744044,0.0,1.0,0.3330050069769351,0.31174993839071985,0.0,0.9354838709677419,0.6768447837150128,0.2554600336423909,0.06451612903225806,1.0,0.4939122821417823,0.21112883889714737,0.0967741935483871,1.0,15,0.18999151823579305,5.9050042408821035,12
513,1175,677,15.91579362184448,97.07914893617021,9,13,10,3,898,0.7616624257845632,281,1004,0.8515691263782866,0.8919821826280624,801,203,0.8919821826280624,0.7224199288256228,0.8515691263782866,168,976,5.809523809523809,0.007633587786259542,0.01102629346904156,0.008481764206955046,0.002544529262086514,0.4890322580645161,0.30180440519822666,0.0,1.0,0.33273850377487985,0.31158968235425316,0.0,0.9354838709677419,0.6759917638984214,0.2554945796224354,0.06451612903225806,1.0,0.49389155799588197,0.21128022006115668,0.0967741935483871,1.0,15,0.18808510638297873,5.907234042553191,12
514,1172,674,15.919597650840302,96.53327645051195,8,11,10,1,905,0.7702127659574468,270,994,0.8459574468085106,0.8939226519337017,809,185,0.8939226519337017,0.6851851851851852,0.8459574468085106,178,969,5.443820224719101,0.006808510638297872,0.009361702127659575,0.00851063829787234,0.000851063829787234,0.48678850600022017,0.30152346358915827,0.0,1.0,0.3308928768028185,0.3112683752213357,0.0,0.9354838709677419,0.6747220081470879,0.2559117752485465,0.06451612903225806,1.0,0.492320819112628,0.21104404514598474,0.0967741935483871,1.0,15,0.19112627986348124,5.921501706484642,12
515,1172,680,15.840268718424033,95.81996587030717,10,10,9,1,914,0.7798634812286689,258,971,0.8284982935153583,0.8927789934354485,816,155,0.8927789934354485,0.6007751937984496,0.8284982935153583,164,941,5.737804878048781,0.008532423208191127,0.008532423208191127,0.007679180887372013,0.0008532423208191126,0.4864306947043928,0.30134262106382625,0.0,1.0,0.3321589783111307,0.3113375217736758,0.0,0.9354838709677419,0.6738137179346031,0.2557392029686777,0.06451612903225806,1.0,0.4906418584168226,0.21043690141314167,0.0967741935483871,1.0,15,0.1885665529010239,5.927474402730375,12
516,1170,691,15.852650463849926,95.84102564102564,5,7,6,1,874,0.7457337883959044,298,960,0.8191126279863481,0.8844393592677345,773,187,0.8844393592677345,0.62751677852349,0.8191126279863481,162,933,5.7592592592592595,0.004266211604095563,0.005972696245733789,0.005119453924914676,0.0008532423208191126,0.48544251447477255,0.3010755983055669,0.0,1.0,0.33173421560518335,0.31046132667552645,0.0,0.9354838709677419,0.6724290046870692,0.25542313644763015,0.06451612903225806,1.0,0.4905431486076648,0.21030730884443458,0.0967741935483871,1.0,15,0.18803418803418803,5.934188034188034,12
517,1176,685,15.879181246238714,95.62840136054422,10,4,4,0,884,0.7555555555555555,286,1022,0.8735042735042735,0.919683257918552,813,209,0.919683257918552,0.7307692307692307,0.8735042735042735,173,989,5.716763005780347,0.008547008547008548,0.003418803418803419,0.003418803418803419,0.0,0.48458415624314244,0.3016284004784452,0.0,1.0,0.3326750054860654,0.31098998408688433,0.0,0.9354838709677419,0.6712201009436033,0.25614163198111906,0.06451612903225806,1.0,0.4903993855606759,0.21065384584126182,0.0967741935483871,1.0,15,0.1870748299319728,5.948979591836735,12
518,1179,683,15.925235084029522,95.57336726039016,10,7,3,4,893,0.7593537414965986,283,1003,0.8528911564625851,0.8924972004479284,797,206,0.8924972004479284,0.7279151943462897,0.8528911564625851,176,977,5.551136363636363,0.008503401360544218,0.005952380952380952,0.002551020408163265,0.003401360544217687,0.48428137568743335,0.3019458473126611,0.0,1.0,0.3329502859175354,0.3109495323038967,0.0,0.9354838709677419,0.6698952091712496,0.25591952524996237,0.06451612903225806,1.0,0.48989028427590364,0.2105222065735349,0.0967741935483871,1.0,15,0.18744698897370654,5.964376590330788,13
519,1174,685,15.942600725602526,95.28364565587734,6,11,9,2,900,0.7633587786259542,279,1007,0.8541136556403732,0.8955555555555555,806,201,0.8955555555555555,0.7204301075268817,0.8541136556403732,175,984,5.622857142857143,0.005089058524173028,0.009329940627650551,0.007633587786259542,0.0016963528413910093,0.4840633071385393,0.3017053754451318,0.0,1.0,0.33293949552123975,0.3111338506991737,0.0,0.9354838709677419,0.669038852558114,0.25624420228248296,0.06451612903225806,1.0,0.48991592020662744,0.2107132261198863,0.0967741935483871,1.0,15,0.18568994889267462,5.973594548551959,13
520,1168,697,15.917771294492063,94.55650684931507,8,14,11,3,863,0.7350936967632027,311,992,0.8449744463373083,0.895712630359212,773,219,0.895712630359212,0.7041800643086816,0.8449744463373083,166,970,5.843373493975903,0.0068143100511073255,0.01192504258943782,0.009369676320272573,0.002555366269165247,0.48417476800707027,0.30201349464084354,0.0,1.0,0.3336279275298277,0.3109179462463135,0.0,0.9354838709677419,0.6675872735307115,0.25611610694319703,0.06451612903225806,1.0,0.4889527176314627,0.21020577762941922,0.0967741935483871,1.0,15,0.1857876712328767,5.988869863013699,13
521,1170,695,15.830879509596475,93.80854700854701,12,10,9,1,892,0.7636986301369864,276,986,0.8441780821917808,0.8968609865470852,800,186,0.8968609865470852,0.6739130434782609,0.8441780821917808,178,962,5.404494382022472,0.010273972602739725,0.008561643835616438,0.007705479452054794,0.0008561643835616438,0.48309897987317346,0.30215646864850815,0.0,1.0,0.33336090432864623,0.3109258398921481,0.0,0.9354838709677419,0.666969947615109,0.25692163165043175,0.06451612903225806,1.0,0.48775847808105877,0.20949814756183777,0.0967741935483871,1.0,15,0.18547008547008548,6.007692307692308,13
522,1168,697,15.918422931782263,93.89982876712328,5,7,5,2,877,0.7495726495726496,293,994,0.8495726495726496,0.8996579247434435,789,205,0.8996579247434435,0.6996587030716723,0.8495726495726496,175,971,5.548571428571429,0.004273504273504274,0.005982905982905983,0.004273504273504274,0.0017094017094017094,0.48323574900574456,0.30152880675001503,0.0,1.0,0.33158418029164827,0.31100675661278965,0.0,0.9354838709677419,0.667228236853734,0.25666674283989815,0.06451612903225806,1.0,0.48732324348210343,0.20959162056979072,0.0967741935483871,1.0,15,0.1875,6.006849315068493,13
523,1182,707,15.76695729949505,93.60490693739425,15,1,1,0,928,0.7945205479452054,240,1001,0.8570205479452054,0.9051724137931034,840,161,0.9051724137931034,0.6708333333333333,0.8570205479452054,170,981,5.770588235294118,0.012842465753424657,0.0008561643835616438,0.0008561643835616438,0.0,0.482943070793079,0.30121805798137463,0.0,1.0,0.3320233611702418,0.31119121389715193,0.0,0.9354838709677419,0.6678128923093718,0.25612841198810626,0.06451612903225806,1.0,0.48821025053217626,0.20982874982037775,0.0967741935483871,1.0,15,0.18697123519458544,6.0152284263959395,13
524,1177,709,15.836198337885243,93.5590484282073,5,10,8,2,871,0.7368866328257191,311,1009,0.8536379018612521,0.9035591274397244,787,222,0.9035591274397244,0.7138263665594855,0.8536379018612521,174,985,5.660919540229885,0.004230118443316413,0.008460236886632826,0.00676818950930626,0.001692047377326565,0.4826376517663825,0.30109215559080443,0.0,1.0,0.33222791679228214,0.31165867437387956,0.0,0.9354838709677419,0.6671417217091019,0.2563450309017094,0.06451612903225806,1.0,0.4880642420588155,0.2098773137404186,0.0967741935483871,1.0,15,0.18946474086661003,6.013593882752761,13
525,1178,707,15.858805301709662,93.34974533106961,8,7,6,1,899,0.7638062871707731,278,1017,0.8640611724723875,0.9087875417130145,817,200,0.9087875417130145,0.7194244604316546,0.8640611724723875,175,990,5.6571428571428575,0.006796941376380629,0.00594732370433305,0.005097706032285472,0.0008496176720475786,0.48411742154553916,0.3007700429473364,0.0,1.0,0.3324935648173504,0.31210714866574124,0.0,0.9354838709677419,0.6676433539624295,0.25617636004938843,0.06451612903225806,1.0,0.48811544991511036,0.20976188178467733,0.0967741935483871,1.0,15,0.18845500848896435,6.022920203735144,13
526,1176,706,15.858765747653807,92.90816326530613,7,9,9,0,894,0.7589134125636672,284,988,0.8387096774193549,0.8903803131991052,796,192,0.8903803131991052,0.676056338028169,0.8387096774193549,169,956,5.65680473372781,0.005942275042444821,0.007640067911714771,0.007640067911714771,0.0,0.48329493087557607,0.300860586706034,0.0,1.0,0.3326475751590959,0.3121850115850391,0.0,0.9354838709677419,0.6679284617072636,0.25565690445458855,0.06451612903225806,1.0,0.4873271889400922,0.20979660190367702,0.0967741935483871,1.0,15,0.18962585034013604,6.034013605442177,13
527,1171,704,15.830548642549715,92.06404782237404,10,15,12,3,875,0.7440476190476191,301,975,0.8290816326530612,0.8857142857142857,775,200,0.8857142857142857,0.6644518272425249,0.8290816326530612,175,948,5.417142857142857,0.008503401360544218,0.012755102040816327,0.01020408163265306,0.002551020408163265,0.483182281479849,0.3004952620486754,0.0,1.0,0.3340128371119253,0.31261133496941584,0.0,0.9354838709677419,0.6692377620451226,0.25541613713001543,0.06451612903225806,1.0,0.4870664719980166,0.2094224694398942,0.0967741935483871,1.0,15,0.18787361229718189,6.046968403074295,13
528,1170,709,15.834944849114413,91.77264957264957,9,10,7,3,916,0.7822374039282665,255,1012,0.8642186165670367,0.9082969432314411,832,180,0.9082969432314411,0.7058823529411765,0.8642186165670367,171,988,5.777777777777778,0.007685738684884714,0.008539709649871904,0.005977796754910333,0.0025619128949615714,0.4800110283981252,0.29939749920523456,0.0,1.0,0.33336090432864623,0.3126573102688788,0.0,0.9354838709677419,0.6692031982354564,0.25538674680879997,0.06451612903225806,1.0,0.48582850840915354,0.208256284379247,0.0967741935483871,1.0,15,0.1905982905982906,6.052136752136752,13
529,1169,714,15.834195143644525,91.55774165953807,10,11,7,4,889,0.7598290598290598,281,1003,0.8572649572649572,0.9010123734533183,801,202,0.9010123734533183,0.7188612099644128,0.8572649572649572,176,984,5.590909090909091,0.008547008547008548,0.009401709401709401,0.005982905982905983,0.003418803418803419,0.47917988906978665,0.2999027623263657,0.0,1.0,0.33676425949943434,0.3140657117196821,0.0,0.9354838709677419,0.6701895747675157,0.2550481847329679,0.06451612903225806,1.0,0.487651425260079,0.20926244131009858,0.0967741935483871,1.0,15,0.1881950384944397,6.045337895637297,13
530,1176,714,15.863923573911945,91.72619047619048,10,3,0,3,908,0.776732249786142,261,972,0.8314798973481609,0.8766519823788547,796,176,0.8766519823788547,0.6743295019157088,0.8314798973481609,165,937,5.678787878787879,0.00855431993156544,0.0025662959794696323,0.0,0.0025662959794696323,0.478933508887426,0.30007993397646393,0.0,1.0,0.33758503401360546,0.3147819791254254,0.0,0.9354838709677419,0.6705343427693657,0.2550734394102297,0.06451612903225806,1.0,0.48746434057493965,0.2094206985674537,0.0967741935483871,1.0,15,0.1879251700680272,6.041666666666667,13
531,1186,711,15.738051832294069,90.83811129848229,17,7,6,1,866,0.7363945578231292,310,1001,0.8511904761904762,0.8914549653579676,772,229,0.8914549653579676,0.7387096774193549,0.8511904761904762,172,970,5.6395348837209305,0.01445578231292517,0.005952380952380952,0.00510204081632653,0.0008503401360544217,0.47565685687863785,0.2987514510148813,0.0,1.0,0.33958004678235326,0.3159349666299448,0.0,0.9354838709677419,0.6699940162106294,0.25454227317283595,0.06451612903225806,1.0,0.4863460806179623,0.20897643235393895,0.0967741935483871,1.0,15,0.1897133220910624,6.062394603709949,13
532,1185,717,15.716615258098365,90.3662447257384,9,10,7,3,901,0.7596964586846543,285,1002,0.8448566610455311,0.9034406215316315,814,188,0.9034406215316315,0.6596491228070176,0.8448566610455311,164,972,5.926829268292683,0.007588532883642495,0.008431703204047217,0.005902192242833052,0.002529510961214165,0.47613992105621344,0.2993865645354307,0.0,1.0,0.3365183067918878,0.3153912071512117,0.0,0.9354838709677419,0.6708044099632503,0.25418198502925815,0.06451612903225806,1.0,0.48558595345038785,0.2089083499877006,0.0967741935483871,1.0,15,0.1881856540084388,6.067510548523207,13
533,1196,716,15.622079955256275,90.1086956521739,14,3,2,1,925,0.7805907172995781,260,993,0.8379746835443038,0.9048648648648648,837,156,0.9048648648648648,0.6,0.8379746835443038,179,971,5.424581005586592,0.01181434599156118,0.002531645569620253,0.0016877637130801688,0.0008438818565400844,0.4758603948646024,0.29958383592730575,0.0,1.0,0.3351224511813572,0.31485269297519053,0.0,0.9354838709677419,0.6719980580429389,0.2538035939956772,0.06451612903225806,1.0,0.48451828676232606,0.20842159086810932,0.0967741935483871,1.0,15,0.18979933110367894,6.0693979933110365,13
534,1191,726,15.698867620438818,90.27539882451721,5,10,6,4,895,0.7483277591973244,301,1032,0.862876254180602,0.9016759776536313,807,225,0.9016759776536313,0.7475083056478405,0.862876254180602,167,1009,6.041916167664671,0.004180602006688963,0.008361204013377926,0.005016722408026756,0.0033444816053511705,0.4756371712575499,0.30027191169061873,0.0,1.0,0.3334145879039029,0.3139492273899916,0.0,0.9354838709677419,0.6717586197556946,0.2538735079195191,0.06451612903225806,1.0,0.48384388288507896,0.20818294541619012,0.0967741935483871,1.0,15,0.19059613769941225,6.083123425692695,13
535,1194,727,15.690912327868283,89.98073701842546,10,7,5,2,891,0.7481108312342569,300,1018,0.8547439126784215,0.9001122334455668,802,216,0.9001122334455668,0.72,0.8547439126784215,174,993,5.706896551724138,0.008396305625524769,0.005877413937867338,0.0041981528127623844,0.0016792611251049538,0.4749284054682012,0.299552553265776,0.0,1.0,0.33200950991516726,0.31403966846622944,0.0,0.9354838709677419,0.6729615821040688,0.2537087805946236,0.06451612903225806,1.0,0.48268222834603125,0.2082131466942279,0.0967741935483871,1.0,15,0.19179229480737017,6.089614740368509,13
536,1192,729,15.718896937020814,89.78355704697987,9,11,7,4,878,0.7353433835845896,316,1014,0.8492462311557789,0.907744874715262,797,217,0.907744874715262,0.6867088607594937,0.8492462311557789,170,986,5.8,0.007537688442211055,0.009212730318257957,0.005862646566164154,0.0033500837520938024,0.47607707295951507,0.2996685765588215,0.0,1.0,0.33294544273652305,0.31361754655267743,0.0,0.9354838709677419,0.6721422385797792,0.2538990169928391,0.06451612903225806,1.0,0.4820578047196363,0.20828897733297408,0.0967741935483871,1.0,15,0.18959731543624161,6.094798657718121,13
537,1197,739,15.649293999949332,89.64828738512949,12,7,4,3,929,0.7793624161073825,263,1000,0.8389261744966443,0.898815931108719,835,165,0.898815931108719,0.6273764258555133,0.8389261744966443,170,980,5.764705882352941,0.010067114093959731,0.00587248322147651,0.003355704697986577,0.0025167785234899327,0.47753793084862695,0.29910955232813957,0.0,1.0,0.33481553345729914,0.3145492866677727,0.0,0.9354838709677419,0.6730536017463012,0.2538052231107371,0.06451612903225806,1.0,0.4821462257795025,0.2082449041266734,0.03225806451612903,1.0,15,0.18796992481203006,6.105263157894737,12
538,1199,736,15.612385915232304,89.12427022518766,10,8,7,1,883,0.7376775271512114,314,1033,0.8629908103592314,0.8958097395243488,791,242,0.8958097395243488,0.7707006369426752,0.8629908103592314,177,1007,5.6892655367231635,0.00835421888053467,0.006683375104427736,0.005847953216374269,0.000835421888053467,0.4757459172966719,0.29957215525466063,0.0,1.0,0.33423013801824103,0.3148618178010011,0.0,0.9354838709677419,0.6734106378971724,0.2536728538077678,0.06451612903225806,1.0,0.4815841157954209,0.20823874998378258,0.03225806451612903,1.0,15,0.18765638031693077,6.115929941618015,12
539,1200,741,15.654553696381939,89.1825,6,5,5,0,861,0.7180984153461217,338,1004,0.8373644703919934,0.8861788617886179,763,241,0.8861788617886179,0.7130177514792899,0.8373644703919934,171,980,5.730994152046784,0.0050041701417848205,0.004170141784820684,0.004170141784820684,0.0,0.47677419354838707,0.29912857596710984,0.0,1.0,0.335,0.3146940908156864,0.0,0.9354838709677419,0.6744623655913978,0.25349091777129007,0.06451612903225806,1.0,0.48104838709677417,0.2077450504424851,0.03225806451612903,1.0,15,0.18833333333333332,6.129166666666666,13
540,1204,745,15.622307388130936,89.13205980066445,10,6,4,2,898,0.7483333333333333,302,1012,0.8433333333333334,0.8953229398663697,804,208,0.8953229398663697,0.6887417218543046,0.8433333333333334,165,981,5.945454545454545,0.008333333333333333,0.005,0.0033333333333333335,0.0016666666666666668,0.4761011681491802,0.2984752807468408,0.0,1.0,0.33428892937520094,0.3144187515315999,0.0,0.9354838709677419,0.6734272853927769,0.25377653506438075,0.06451612903225806,1.0,0.47993248312078024,0.2070853114095261,0.03225806451612903,1.0,15,0.18853820598006646,6.1387043189368775,13
541,1203,753,15.641122974957604,89.21778886118038,7,8,5,3,868,0.7209302325581395,336,1028,0.8538205980066446,0.8928571428571429,775,253,0.8928571428571429,0.7529761904761905,0.8538205980066446,164,1000,6.097560975609756,0.005813953488372093,0.006644518272425249,0.004152823920265781,0.0024916943521594683,0.4762287828815059,0.29886762583187787,0.0,1.0,0.3324216340868259,0.31391442542299125,0.0,0.9354838709677419,0.6729413026573351,0.25421439684002617,0.06451612903225806,1.0,0.4791247687233529,0.2072087399348876,0.03225806451612903,1.0,15,0.18786367414796343,6.142975893599335,13
542,1203,755,15.64692013075649,89.05403158769742,9,9,6,3,911,0.7572734829592684,292,1024,0.8512053200332502,0.8869374313940724,808,216,0.8869374313940724,0.7397260273972602,0.8512053200332502,171,997,5.830409356725146,0.007481296758104738,0.007481296758104738,0.004987531172069825,0.0024937655860349127,0.4762824122489476,0.2987358289927561,0.0,1.0,0.33285066902635885,0.31434402312795384,0.0,1.0,0.6718955299922237,0.2542567688256268,0.06451612903225806,1.0,0.47823988416056634,0.2066828891491581,0.03225806451612903,1.0,15,0.1886949293433084,6.152950955943474,13
543,1207,758,15.616317816510172,89.07705053852527,11,7,3,4,942,0.7830423940149626,261,1032,0.85785536159601,0.8959660297239915,844,188,0.8959660297239915,0.7203065134099617,0.85785536159601,169,1004,5.940828402366864,0.00914380714879468,0.005818786367414797,0.0024937655860349127,0.0033250207813798837,0.47424967260870726,0.29873748879397555,0.0,1.0,0.33083892348397786,0.3139282371465715,0.0,1.0,0.6703904642274902,0.2545354507529897,0.06451612903225806,1.0,0.47676189967127247,0.20617719568605186,0.03225806451612903,1.0,15,0.18972659486329743,6.15907207953604,13
544,1207,760,15.616799421172093,89.15907207953605,7,7,5,2,941,0.7796188898094449,266,1070,0.8864954432477217,0.926673751328374,872,198,0.926673751328374,0.7443609022556391,0.8864954432477217,179,1051,5.871508379888268,0.00579950289975145,0.00579950289975145,0.004142502071251036,0.0016570008285004142,0.47403586605019105,0.29883728753947575,0.0,1.0,0.3303578587273165,0.31345133006848175,0.0,1.0,0.6696154154528691,0.2543959768179255,0.06451612903225806,1.0,0.47665499639201436,0.2060563654123911,0.03225806451612903,1.0,15,0.18972659486329743,6.164043082021541,13
545,1203,766,15.554909473383217,88.73981712385702,7,11,10,1,952,0.7887323943661971,255,1047,0.8674399337199669,0.9222689075630253,878,169,0.9222689075630253,0.6627450980392157,0.8674399337199669,175,1028,5.8742857142857146,0.00579950289975145,0.009113504556752278,0.008285004142502071,0.0008285004142502071,0.47419086691872475,0.297988208126635,0.0,1.0,0.3316708229426434,0.3133744794686143,0.0,1.0,0.6698039846620009,0.25376338566450773,0.06451612903225806,1.0,0.475665674523369,0.20577865028116307,0.03225806451612903,1.0,15,0.18952618453865336,6.1745635910224435,13
546,1205,763,15.568432067259,88.75103734439834,8,6,4,2,923,0.7672485453034081,280,1046,0.8694929343308395,0.9176598049837487,847,199,0.9176598049837487,0.7107142857142857,0.8694929343308395,181,1024,5.657458563535911,0.006650041562759767,0.004987531172069825,0.0033250207813798837,0.0016625103906899418,0.47621469682773393,0.29855390360730594,0.0,1.0,0.33170927586668447,0.3129005366957588,0.0,1.0,0.6701378664168116,0.2543885603879271,0.06451612903225806,1.0,0.47492972828269303,0.20560205002746396,0.03225806451612903,1.0,15,0.1883817427385892,6.188381742738589,13
547,1206,774,15.506632890137489,88.32421227197347,11,10,7,3,911,0.7560165975103734,294,1013,0.8406639004149378,0.8858397365532382,807,206,0.8858397365532382,0.7006802721088435,0.8406639004149378,170,994,5.847058823529411,0.009128630705394191,0.008298755186721992,0.005809128630705394,0.0024896265560165973,0.4763547852137164,0.2988597301800556,0.0,1.0,0.3339217889049377,0.3140845141554876,0.0,1.0,0.6719895147916332,0.2541069482781409,0.06451612903225806,1.0,0.47573958166158453,0.20601149436128566,0.03225806451612903,1.0,15,0.18739635157545606,6.181592039800995,13
548,1203,778,15.555884516333563,88.50374064837905,4,7,6,1,917,0.7603648424543947,289,1038,0.8606965174129353,0.9094874591057798,834,204,0.9094874591057798,0.7058823529411765,0.8606965174129353,171,1013,5.923976608187134,0.003316749585406302,0.005804311774461028,0.004975124378109453,0.0008291873963515755,0.4763896709838308,0.298480725865727,0.0,1.0,0.3323680047193843,0.313596303408622,0.0,1.0,0.6724854530340815,0.25439133832145555,0.06451612903225806,1.0,0.4750489367977905,0.2056122496397809,0.03225806451612903,1.0,15,0.18786367414796343,6.1895261845386536,13
549,1210,785,15.483597895988774,88.42231404958677,12,5,3,2,930,0.773067331670823,273,1028,0.8545303408146301,0.9032258064516129,840,188,0.9032258064516129,0.6886446886446886,0.8545303408146301,172,1007,5.854651162790698,0.00997506234413965,0.004156275976724855,0.0024937655860349127,0.0016625103906899418,0.47637963209810713,0.2985471811853459,0.0,1.0,0.3340975739802719,0.31361544200125996,0.0,1.0,0.6715809117568649,0.2540194891865075,0.06451612903225806,1.0,0.4756598240469208,0.20626824701492602,0.03225806451612903,1.0,15,0.1859504132231405,6.1933884297520665,13
550,1204,793,15.594325288462,88.81312292358804,5,11,4,7,916,0.7570247933884298,294,1047,0.8652892561983471,0.9115720524017468,835,212,0.9115720524017468,0.7210884353741497,0.8652892561983471,171,1026,6.0,0.004132231404958678,0.00909090909090909,0.003305785123966942,0.005785123966942148,0.4753241881899046,0.29949328318854324,0.0,1.0,0.33302968599292676,0.31365818023718844,0.0,1.0,0.6699978566070088,0.25408746841098584,0.06451612903225806,1.0,0.47500267924123885,0.2067364259467259,0.03225806451612903,1.0,15,0.1877076411960133,6.195182724252492,13
551,1201,803,15.664722917552528,89.31223980016652,4,7,4,3,888,0.7375415282392026,316,1023,0.8496677740863787,0.9087837837837838,807,216,0.9087837837837838,0.6835443037974683,0.8496677740863787,168,1001,5.958333333333333,0.0033222591362126247,0.005813953488372093,0.0033222591362126247,0.0024916943521594683,0.47683382127796725,0.30009869081672474,0.0,1.0,0.3331095055195939,0.3133735521648047,0.0,1.0,0.6709193951277161,0.2538658831915221,0.06451612903225806,1.0,0.4746850742660686,0.20663545698705477,0.03225806451612903,1.0,15,0.18567860116569526,6.203996669442131,13
552,1199,808,15.780387420829683,90.00667222685571,3,5,2,3,917,0.7635303913405496,284,1036,0.8626144879267277,0.9127589967284624,837,199,0.9127589967284624,0.7007042253521126,0.8626144879267277,177,1018,5.751412429378531,0.002497918401332223,0.004163197335553705,0.0016652789342214821,0.002497918401332223,0.4768489870591084,0.29969996303896285,0.0,1.0,0.33393419247222145,0.31366167305139026,0.0,1.0,0.6708278404046383,0.2540906770158646,0.06451612903225806,1.0,0.4753154510479162,0.20665039705791616,0.03225806451612903,1.0,15,0.18515429524603835,6.20767306088407,13
553,1196,821,15.800386212292572,90.07190635451505,5,8,6,2,878,0.7322768974145121,321,1041,0.8682235195996664,0.9123006833712984,801,240,0.9123006833712984,0.7476635514018691,0.8682235195996664,175,1029,5.88,0.004170141784820684,0.006672226855713094,0.0050041701417848205,0.0016680567139282735,0.47510518934081347,0.2993825623719022,0.0,1.0,0.33563491207249974,0.3142246779984939,0.0,1.0,0.6714046822742475,0.25334072857904466,0.06451612903225806,1.0,0.47559067860610643,0.20704505550014923,0.03225806451612903,1.0,15,0.18645484949832775,6.212374581939799,13
554,1198,826,15.723845074200876,89.36727879799666,12,10,8,2,875,0.7316053511705686,321,1050,0.8779264214046822,0.9142857142857143,800,250,0.9142857142857143,0.778816199376947,0.8779264214046822,178,1033,5.803370786516854,0.010033444816053512,0.008361204013377926,0.006688963210702341,0.0016722408026755853,0.4740696860358662,0.2995514415207468,0.0,1.0,0.33518229306909364,0.31391668302572223,0.0,1.0,0.672922612957079,0.25339376820487025,0.06451612903225806,1.0,0.47487748397867413,0.20650798586197253,0.03225806451612903,1.0,15,0.18781302170283806,6.215358931552587,13
555,1196,832,15.749501153790717,89.37458193979933,8,10,5,5,925,0.7721202003338898,273,989,0.825542570951586,0.8962162162162162,829,160,0.8962162162162162,0.5860805860805861,0.825542570951586,175,970,5.542857142857143,0.00667779632721202,0.008347245409015025,0.004173622704507512,0.004173622704507512,0.47167979285791345,0.2989761402625278,0.0,1.0,0.3361473729636422,0.313683337742137,0.0,1.0,0.672807206818427,0.25273751172560366,0.06451612903225806,1.0,0.47324414715719065,0.2055859558946533,0.03225806451612903,1.0,15,0.18979933110367894,6.224080267558528,13
556,1197,841,15.736018320042866,89.55221386800334,6,5,4,1,942,0.7876254180602007,254,1043,0.8720735785953178,0.9140127388535032,861,182,0.9140127388535032,0.7165354330708661,0.8720735785953178,178,1030,5.786516853932584,0.005016722408026756,0.004180602006688963,0.0033444816053511705,0.0008361204013377926,0.47201336675020883,0.2990737995499945,0.0,1.0,0.3354084135068855,0.3136759931590994,0.0,1.0,0.6734039399574204,0.25242864422452843,0.06451612903225806,1.0,0.4728487886382623,0.20557840477185832,0.03225806451612903,1.0,15,0.19047619047619047,6.2364243943191315,13
557,1192,847,15.688907708166829,88.56040268456375,10,15,12,3,908,0.758563074352548,289,1037,0.8663324979114453,0.9196035242290749,835,202,0.9196035242290749,0.698961937716263,0.8663324979114453,175,1018,5.817142857142857,0.00835421888053467,0.012531328320802004,0.010025062656641603,0.002506265664160401,0.4715306343364364,0.2987716535756531,0.0,1.0,0.33835786966875947,0.31482318048351715,0.0,1.0,0.6732247239662265,0.25157398069992637,0.06451612903225806,1.0,0.47391210218662044,0.206532084367479,0.03225806451612903,1.0,15,0.18875838926174496,6.23238255033557,13
558,1198,853,15.63931043626287,88.4432387312187,11,5,4,1,902,0.7567114093959731,290,1047,0.8783557046979866,0.9246119733924612,834,213,0.9246119733924612,0.7344827586206897,0.8783557046979866,167,1020,6.107784431137724,0.009228187919463088,0.0041946308724832215,0.003355704697986577,0.0008389261744966443,0.47059615488179224,0.2988731931887312,0.0,1.0,0.3396521083526307,0.3153540215106563,0.0,1.0,0.6743227960579461,0.25121843135964533,0.06451612903225806,1.0,0.474015832839679,0.20673352626818517,0.03225806451612903,1.0,15,0.18948247078464106,6.234557595993322,13
559,1202,861,15.52326191816813,87.89850249584026,12,8,7,1,918,0.7662771285475793,280,1014,0.8464106844741235,0.9074074074074074,833,181,0.9074074074074074,0.6464285714285715,0.8464106844741235,169,991,5.863905325443787,0.01001669449081803,0.00667779632721202,0.005843071786310518,0.0008347245409015025,0.46921797004991683,0.29979649411071596,0.0,1.0,0.3389243733562342,0.31528770504790005,0.0,1.0,0.672374000322044,0.2526377022403256,0.06451612903225806,1.0,0.4732435188664055,0.2059512040261526,0.03225806451612903,1.0,15,0.1930116472545757,6.261231281198003,14
560,1201,863,15.610182898700854,88.43213988343048,5,6,3,3,907,0.7545757071547421,295,1061,0.8826955074875208,0.9272326350606395,841,220,0.9272326350606395,0.7457627118644068,0.8826955074875208,173,1036,5.988439306358382,0.004159733777038269,0.004991680532445923,0.0024958402662229617,0.0024958402662229617,0.4694743627622143,0.3000870578486466,0.0,1.0,0.33891112245172034,0.31564377088630713,0.0,1.0,0.6730681421396149,0.25230634455254475,0.06451612903225806,1.0,0.4739330128119041,0.20621446750800163,0.03225806451612903,1.0,15,0.19400499583680267,6.262281432139884,14
561,1198,855,15.592848390373705,87.85308848080133,10,13,10,3,901,0.7502081598667777,300,1056,0.8792672772689425,0.9345172031076582,842,214,0.9345172031076582,0.7133333333333334,0.8792672772689425,177,1025,5.790960451977401,0.00832639467110741,0.010824313072439634,0.00832639467110741,0.002497918401332223,0.4680112014648069,0.2996819187694368,0.0,1.0,0.33835963164413807,0.3152064652471525,0.0,1.0,0.6715762830523991,0.2527656443946397,0.06451612903225806,1.0,0.47205019117884645,0.20574368334059684,0.03225806451612903,1.0,15,0.19532554257095158,6.283806343906511,14
562,1195,859,15.64524676753672,87.92217573221757,7,10,6,4,922,0.7696160267111853,276,1039,0.8672787979966611,0.93058568329718,858,181,0.93058568329718,0.6557971014492754,0.8672787979966611,164,1007,6.140243902439025,0.005843071786310518,0.008347245409015025,0.005008347245409015,0.00333889816360601,0.4684572816844378,0.2998092563401905,0.0,1.0,0.33834525577000946,0.3144093938509516,0.0,1.0,0.6728303414765825,0.25245595221847505,0.06451612903225806,1.0,0.4717505736266703,0.20601480699409097,0.03225806451612903,1.0,15,0.19581589958158996,6.2887029288702925,14
563,1194,865,15.663679276036692,88.00586264656616,8,9,5,4,927,0.7757322175732217,268,1060,0.8870292887029289,0.9385113268608414,870,190,0.9385113268608414,0.7089552238805971,0.8870292887029289,170,1036,6.094117647058823,0.0066945606694560665,0.007531380753138075,0.0041841004184100415,0.0033472803347280333,0.4665261792835143,0.2994471625829953,0.0,1.0,0.33735883719673637,0.3148038735082855,0.0,1.0,0.6713135570324742,0.25280895332588343,0.06451612903225806,1.0,0.4712271032582266,0.2060762505914503,0.03225806451612903,1.0,15,0.19514237855946398,6.288944723618091,14
564,1197,866,15.673438381774972,88.046783625731,7,4,4,0,923,0.7730318257956449,271,1042,0.8726968174204355,0.9252437703141928,854,188,0.9252437703141928,0.6937269372693727,0.8726968174204355,176,1019,5.7897727272727275,0.005862646566164154,0.0033500837520938024,0.0033500837520938024,0.0,0.4676206645646374,0.29929313443823763,0.0,1.0,0.3368636645376883,0.3145182262059706,0.0,1.0,0.6711132670385642,0.25294435495766615,0.06451612903225806,1.0,0.47117794486215536,0.20630533945928617,0.03225806451612903,1.0,15,0.19298245614035087,6.2974101921470345,14
565,1196,872,15.711595169934652,88.22324414715719,5,6,4,2,934,0.7802840434419381,263,1061,0.8863826232247285,0.9229122055674518,862,199,0.9229122055674518,0.7566539923954373,0.8863826232247285,171,1038,6.0701754385964914,0.004177109440267335,0.005012531328320802,0.003341687552213868,0.001670843776106934,0.4687398856403064,0.2991022349193258,0.0,1.0,0.335958571582695,0.3139756110218759,0.0,1.0,0.6709461646348043,0.25348221539067534,0.06451612903225806,1.0,0.47062789944977884,0.20569431730123133,0.03225806451612903,1.0,15,0.19230769230769232,6.3076923076923075,14
566,1200,875,15.645275248404399,87.95666666666666,12,8,5,3,914,0.7642140468227425,282,1053,0.8804347826086957,0.9245076586433261,845,208,0.9245076586433261,0.7375886524822695,0.8804347826086957,176,1032,5.863636363636363,0.010033444816053512,0.006688963210702341,0.004180602006688963,0.002508361204013378,0.46728494623655914,0.3004011642660975,0.0,1.0,0.33572580645161293,0.31410054222231076,0.0,1.0,0.6711827956989247,0.25389635666153815,0.06451612903225806,1.0,0.46975806451612906,0.2051016695424869,0.03225806451612903,1.0,15,0.1925,6.3133333333333335,14
567,1205,880,15.577675287634815,87.76763485477179,12,7,5,2,900,0.75,300,1033,0.8608333333333333,0.9,810,223,0.9,0.7433333333333333,0.8608333333333333,175,1013,5.788571428571428,0.01,0.005833333333333334,0.004166666666666667,0.0016666666666666668,0.4684513452014456,0.30062142798742825,0.0,1.0,0.3359657341721322,0.3139173053709583,0.0,1.0,0.6715299156739393,0.25360528611540034,0.06451612903225806,1.0,0.4691741400080311,0.2056344982184819,0.03225806451612903,1.0,15,0.1908713692946058,6.319502074688796,14
568,1208,890,15.590303533571769,88.23096026490066,6,3,2,1,916,0.7601659751037344,289,1031,0.8556016597510373,0.9104803493449781,834,197,0.9104803493449781,0.6816608996539792,0.8556016597510373,172,1013,5.8895348837209305,0.004979253112033195,0.0024896265560165973,0.0016597510373443983,0.0008298755186721991,0.4690237128818629,0.30046791557357705,0.0,1.0,0.3360927152317881,0.3140152751367375,0.0,1.0,0.6710638752403333,0.25384269158755834,0.06451612903225806,1.0,0.46907712027344584,0.20558243566201534,0.03225806451612903,1.0,15,0.1912251655629139,6.326986754966887,14
569,1205,896,15.652953748919366,88.61078838174274,2,5,5,0,896,0.7417218543046358,312,1049,0.8683774834437086,0.9118303571428571,817,232,0.9118303571428571,0.7435897435897436,0.8683774834437086,175,1030,5.885714285714286,0.0016556291390728477,0.0041390728476821195,0.0041390728476821195,0.0,0.4688261276937491,0.3008299347763463,0.0,1.0,0.3351893990095034,0.3140278285932339,0.0,1.0,0.6703252576629635,0.25472121910469014,0.0,1.0,0.46866550662561907,0.20554500407940784,0.03225806451612903,1.0,15,0.19170124481327802,6.338589211618257,14
570,1203,898,15.668847301403156,88.53449709060682,7,9,7,2,882,0.7319502074688796,323,1046,0.8680497925311204,0.9206349206349206,812,234,0.9206349206349206,0.7244582043343654,0.8680497925311204,179,1027,5.737430167597766,0.005809128630705394,0.007468879668049793,0.005809128630705394,0.0016597510373443983,0.4694178532164213,0.3018368523348739,0.0,1.0,0.33421821789611994,0.3138240170330729,0.0,1.0,0.669938058080605,0.2549491084018214,0.0,1.0,0.46810393371410186,0.205699680679056,0.03225806451612903,1.0,15,0.19201995012468828,6.346633416458853,14
571,1207,905,15.63349671981052,88.57663628831814,8,4,4,0,904,0.7514546965918537,299,1050,0.8728179551122195,0.9137168141592921,826,224,0.9137168141592921,0.7491638795986622,0.8728179551122195,173,1030,5.953757225433526,0.006650041562759767,0.0033250207813798837,0.0033250207813798837,0.0,0.47101584841115,0.3021160720172161,0.0,1.0,0.3347141673570837,0.3135646146504796,0.0,1.0,0.6700163027500868,0.2550763571613169,0.0,1.0,0.4681829115108106,0.20577568873455562,0.03225806451612903,1.0,15,0.18972659486329743,6.350455675227837,14
572,1208,906,15.673211017521611,88.65894039735099,8,7,4,3,910,0.7539353769676885,297,1054,0.8732394366197183,0.921978021978022,839,215,0.921978021978022,0.7239057239057239,0.8732394366197183,178,1033,5.803370786516854,0.006628003314001657,0.00579950289975145,0.0033140016570008283,0.0024855012427506215,0.47172078615680413,0.30183736164253877,0.0,1.0,0.3357188634907071,0.3130668407507787,0.0,1.0,0.6692213202307199,0.2546928104749195,0.0,1.0,0.46859645374919895,0.2065839880789343,0.03225806451612903,1.0,15,0.18874172185430463,6.353476821192053,14
573,1208,914,15.707606970792249,88.98509933774834,4,4,4,0,903,0.7475165562913907,305,1063,0.8799668874172185,0.9280177187153932,838,225,0.9280177187153932,0.7377049180327869,0.8799668874172185,179,1050,5.865921787709497,0.0033112582781456954,0.0033112582781456954,0.0033112582781456954,0.0,0.47233497116000855,0.302199428589989,0.0,1.0,0.3352381969664601,0.3127563071319995,0.0,1.0,0.6690343943601795,0.2548709900260554,0.0,1.0,0.46867656483657333,0.20637922052608232,0.03225806451612903,1.0,15,0.1870860927152318,6.357615894039735,14
574,1206,909,15.729444371797198,88.66169154228855,9,11,7,4,908,0.7516556291390728,300,1037,0.8584437086092715,0.9063876651982379,823,214,0.9063876651982379,0.7133333333333334,0.8584437086092715,184,1016,5.521739130434782,0.0074503311258278145,0.009105960264900662,0.005794701986754967,0.0033112582781456954,0.47381372706360664,0.3024032044085706,0.0,1.0,0.33472422832076176,0.311987146913867,0.0,1.0,0.6677900818488204,0.25547458147080276,0.0,1.0,0.46723372385384904,0.20633756952377483,0.03225806451612903,1.0,15,0.1890547263681592,6.373963515754561,14
575,1211,914,15.665806172660107,88.27250206440958,11,6,5,1,899,0.7454394693200663,307,1024,0.8490878938640133,0.9110122358175751,819,205,0.9110122358175751,0.6677524429967426,0.8490878938640133,172,1001,5.819767441860465,0.00912106135986733,0.004975124378109453,0.0041459369817578775,0.0008291873963515755,0.4731626754748142,0.3018861429858624,0.0,1.0,0.33398151354519057,0.3122375998259685,0.0,1.0,0.6672438134306491,0.2557021094823586,0.0,1.0,0.4666098399083669,0.2054642840470379,0.03225806451612903,1.0,15,0.18909991742361684,6.386457473162675,14
576,1203,920,15.729115432688653,88.11720698254364,5,13,8,5,917,0.7572254335260116,294,1052,0.8687035507844756,0.925845147219193,849,203,0.925845147219193,0.6904761904761905,0.8687035507844756,173,1031,5.959537572254336,0.004128819157720892,0.010734929810074319,0.006606110652353427,0.004128819157720892,0.47268924463035955,0.30230783094087305,0.0,1.0,0.3331188158635669,0.3123060201508477,0.0,1.0,0.6672565897085244,0.25592995020621473,0.0,1.0,0.46569061217922936,0.2047498383325943,0.03225806451612903,1.0,15,0.19035743973399832,6.398171238570241,14
577,1203,923,15.683164313060502,87.84871155444722,10,10,8,2,935,0.7772236076475478,268,1048,0.8711554447215295,0.932620320855615,872,176,0.932620320855615,0.6567164179104478,0.8711554447215295,182,1033,5.675824175824176,0.00831255195344971,0.00831255195344971,0.006650041562759767,0.0016625103906899418,0.47260880057919713,0.301544208348087,0.0,1.0,0.33201941383101385,0.31197402233822036,0.0,1.0,0.6686241385782855,0.2553631612087219,0.0,1.0,0.46547609470946294,0.2047813712886693,0.03225806451612903,1.0,15,0.19201995012468828,6.4048212801330004,14
578,1204,933,15.617326124065135,87.52574750830564,10,9,7,2,907,0.7539484621778886,296,1056,0.8778054862842892,0.9206174200661521,835,221,0.9206174200661521,0.7466216216216216,0.8778054862842892,174,1040,5.977011494252873,0.00831255195344971,0.007481296758104738,0.005818786367414797,0.0016625103906899418,0.4721358911156361,0.3016558412851199,0.0,1.0,0.33289572393098277,0.31224173391291843,0.0,1.0,0.669274461472511,0.2552683869009895,0.0,1.0,0.4647947701211017,0.2050298806711927,0.03225806451612903,1.0,15,0.19352159468438537,6.4186046511627906,14
579,1200,935,15.6963868479615,87.74833333333333,7,11,6,5,888,0.7375415282392026,316,1051,0.8729235880398671,0.9245495495495496,821,230,0.9245495495495496,0.7278481012658228,0.8729235880398671,179,1032,5.76536312849162,0.005813953488372093,0.009136212624584718,0.0049833887043189366,0.004152823920265781,0.4707258064516129,0.301179512243468,0.0,1.0,0.33241935483870966,0.3125626818856129,0.0,1.0,0.6690591397849462,0.2553526856613407,0.0,1.0,0.4648924731182796,0.2046049734661192,0.03225806451612903,1.0,15,0.1925,6.42,14
580,1200,932,15.747453996985143,87.99916666666667,5,5,4,1,938,0.7816666666666666,262,1060,0.8833333333333333,0.9328358208955224,875,185,0.9328358208955224,0.7061068702290076,0.8833333333333333,176,1033,5.869318181818182,0.004166666666666667,0.004166666666666667,0.0033333333333333335,0.0008333333333333334,0.4695698924731183,0.30092375219708756,0.0,1.0,0.3333602150537634,0.31326467202739666,0.0,1.0,0.6690322580645162,0.2549592745971149,0.0,1.0,0.46446236559139786,0.20454766527545143,0.03225806451612903,1.0,15,0.19166666666666668,6.425,14
581,1199,935,15.794093738968574,88.14929107589658,7,8,4,4,927,0.7725,273,1072,0.8933333333333333,0.9428263214670982,874,198,0.9428263214670982,0.7252747252747253,0.8933333333333333,173,1048,6.057803468208093,0.005833333333333334,0.006666666666666667,0.0033333333333333335,0.0033333333333333335,0.4692889235653367,0.3010562002950852,0.0,1.0,0.3351717829373941,0.31336250268046534,0.0,1.0,0.6687562215825016,0.25450804181209735,0.0,1.0,0.4643385617046463,0.20442249321790407,0.03225806451612903,1.0,15,0.1901584653878232,6.427856547122603,14
582,1200,936,15.784148928784004,87.96083333333333,10,9,6,3,894,0.7456213511259383,305,1060,0.8840700583819849,0.941834451901566,842,218,0.941834451901566,0.7147540983606557,0.8840700583819849,175,1036,5.92,0.008340283569641367,0.007506255212677231,0.0050041701417848205,0.0025020850708924102,0.4703225806451613,0.3011832371691973,0.0,1.0,0.3346505376344086,0.3124608878287134,0.0,1.0,0.6686021505376345,0.25489713952903736,0.0,1.0,0.46295698924731177,0.2033827621127601,0.03225806451612903,1.0,15,0.19166666666666668,6.443333333333333,14
583,1204,943,15.761330968721243,87.99169435215947,8,4,4,0,895,0.7458333333333333,305,1044,0.87,0.9094972067039107,814,230,0.9094972067039107,0.7540983606557377,0.87,176,1027,5.8352272727272725,0.006666666666666667,0.0033333333333333335,0.0033333333333333335,0.0,0.47031400707319687,0.300956929890045,0.0,1.0,0.33637873754152825,0.3131798021500186,0.0,1.0,0.6680688029150145,0.25516780031940545,0.0,1.0,0.46211552888222057,0.20328876331965978,0.03225806451612903,1.0,15,0.1893687707641196,6.460963455149502,14
584,1201,948,15.739669263560904,87.66194837635304,8,11,8,3,914,0.7591362126245847,290,1036,0.8604651162790697,0.9113785557986871,833,203,0.9113785557986871,0.7,0.8604651162790697,173,1014,5.861271676300578,0.006644518272425249,0.009136212624584718,0.006644518272425249,0.0024916943521594683,0.4683999892562649,0.3004895094772241,0.0,1.0,0.33603717332330585,0.3130968807690295,0.0,1.0,0.6674813999086783,0.25481763214233494,0.0,1.0,0.46176573285702777,0.20348004189720142,0.03225806451612903,1.0,15,0.18817651956702747,6.459616985845129,14
585,1205,947,15.77686375918039,88.048132780083,7,3,2,1,910,0.7577019150707743,291,1039,0.86511240632806,0.9164835164835164,834,205,0.9164835164835164,0.7044673539518901,0.86511240632806,184,1022,5.554347826086956,0.005828476269775187,0.002497918401332223,0.0016652789342214821,0.0008326394671107411,0.46823718377727214,0.3011069282702162,0.0,1.0,0.3355374113237853,0.3133129920114442,0.0,1.0,0.667487618792665,0.25487721025472343,0.0,1.0,0.4622138937223933,0.20362359642805647,0.03225806451612903,1.0,15,0.1883817427385892,6.45643153526971,14
586,1206,953,15.795344796054367,88.35572139303483,7,6,3,3,961,0.7975103734439835,244,1060,0.8796680497925311,0.9240374609781478,888,172,0.9240374609781478,0.7049180327868853,0.8796680497925311,178,1044,5.865168539325842,0.005809128630705394,0.004979253112033195,0.0024896265560165973,0.0024896265560165973,0.4680629112502006,0.3010428551071671,0.0,1.0,0.33437650457390466,0.3133430158874673,0.0,1.0,0.6663724388808645,0.2552364132507196,0.0,1.0,0.46175038784571765,0.20370025154162996,0.03225806451612903,1.0,15,0.18822553897180763,6.463515754560531,14
587,1206,961,15.777518567196031,88.35074626865672,6,6,6,0,946,0.7844112769485904,260,1033,0.8565505804311775,0.9027484143763214,854,179,0.9027484143763214,0.6884615384615385,0.8565505804311775,166,1007,6.066265060240964,0.004975124378109453,0.004975124378109453,0.004975124378109453,0.0,0.4684106349970577,0.30095341918048296,0.0,1.0,0.3360081313860803,0.3135870359035325,0.0,1.0,0.667201626277216,0.2541208215927135,0.0,1.0,0.46097469641042105,0.20394267134373642,0.03225806451612903,1.0,15,0.18822553897180763,6.4693200663349915,14
588,1214,957,15.759490390245993,88.2487644151565,11,3,3,0,885,0.7338308457711443,321,1061,0.8797678275290216,0.9242937853107345,818,243,0.9242937853107345,0.7570093457943925,0.8797678275290216,178,1035,5.814606741573034,0.00912106135986733,0.0024875621890547263,0.0024875621890547263,0.0,0.46912366477121753,0.30117259633667687,0.0,1.0,0.336265079449434,0.31334568545183256,0.0,1.0,0.6665249508423234,0.25416813964126733,0.0,1.0,0.46080671733007383,0.2039872143469013,0.03225806451612903,1.0,15,0.18698517298187808,6.4752883031301485,14
589,1215,964,15.72963667341026,88.21316872427984,10,9,5,4,936,0.771004942339374,278,1071,0.8822075782537068,0.9348290598290598,875,196,0.9348290598290598,0.7050359712230215,0.8822075782537068,171,1049,6.1345029239766085,0.008237232289950576,0.007413509060955519,0.004118616144975288,0.0032948929159802307,0.46738351254480287,0.3019041897368501,0.0,1.0,0.3371830611973981,0.3134743184868101,0.0,1.0,0.6666401168193283,0.25424347018697124,0.0,1.0,0.4619407938404354,0.20414896340476624,0.03225806451612903,1.0,15,0.18930041152263374,6.480658436213992,14
590,1218,979,15.633878784298116,88.23234811165845,8,5,5,0,932,0.7670781893004115,283,1050,0.8641975308641975,0.9163090128755365,854,196,0.9163090128755365,0.6925795053003534,0.8641975308641975,167,1032,6.179640718562874,0.006584362139917695,0.00411522633744856,0.00411522633744856,0.0,0.46766248212299383,0.30199489800618085,0.0,1.0,0.3369352190264315,0.31337139708370754,0.0,1.0,0.6660840086869008,0.25437266441853656,0.0,1.0,0.46112082207744054,0.20445125600024786,0.03225806451612903,1.0,15,0.18883415435139572,6.4926108374384235,14
591,1225,981,15.535684813119861,87.96979591836735,12,5,5,0,918,0.7536945812807881,300,1069,0.8776683087027914,0.920479302832244,845,224,0.920479302832244,0.7466666666666667,0.8776683087027914,170,1041,6.123529411764705,0.009852216748768473,0.004105090311986864,0.004105090311986864,0.0,0.4669651086240948,0.3015748474924521,0.0,1.0,0.33753785385121793,0.3134733253095658,0.0,1.0,0.6650427913100724,0.25445746679491577,0.0,1.0,0.46056616194865047,0.2054940611610715,0.03225806451612903,1.0,15,0.18857142857142858,6.506122448979592,14
592,1222,981,15.607814346448517,88.21849427168576,7,10,4,6,955,0.7795918367346939,270,1072,0.8751020408163265,0.930890052356021,889,183,0.930890052356021,0.6777777777777778,0.8751020408163265,180,1052,5.844444444444444,0.005714285714285714,0.00816326530612245,0.0032653061224489797,0.004897959183673469,0.46671242278654773,0.30221360978201706,0.0,1.0,0.33915843936434187,0.3135438498841318,0.0,1.0,0.6645108494799641,0.2542604772762671,0.0,1.0,0.46045615331819867,0.20599749028717335,0.03225806451612903,1.0,15,0.18821603927986907,6.509819967266775,14
593,1221,994,15.62183735321165,88.50450450450451,6,7,4,3,920,0.7528641571194763,302,1061,0.8682487725040916,0.9119565217391304,839,222,0.9119565217391304,0.7350993377483444,0.8682487725040916,169,1043,6.171597633136095,0.004909983633387889,0.0057283142389525366,0.0032733224222585926,0.0024549918166939444,0.4668568862117249,0.3016799450228918,0.0,1.0,0.34102137327943777,0.31433678788452735,0.0,1.0,0.6651871813162136,0.25392547362354506,0.0,1.0,0.46128239676626775,0.2060262559695438,0.03225806451612903,1.0,15,0.18673218673218672,6.500409500409501,14
594,1214,996,15.682496487769635,88.57248764415156,4,11,8,3,946,0.7747747747747747,275,1067,0.8738738738738738,0.9217758985200846,872,195,0.9217758985200846,0.7090909090909091,0.8738738738738738,175,1044,5.965714285714285,0.003276003276003276,0.009009009009009009,0.006552006552006552,0.002457002457002457,0.4655896264016581,0.3016344732208127,0.0,1.0,0.34086198650156774,0.31404459845608684,0.0,1.0,0.6649040761013977,0.2539399499850315,0.0,1.0,0.46125843652016796,0.20597155737365336,0.03225806451612903,1.0,15,0.18616144975288304,6.507413509060956,14
595,1220,1000,15.646136218955123,88.78770491803279,11,5,2,3,930,0.7660626029654036,284,1042,0.8583196046128501,0.9129032258064517,849,193,0.9129032258064517,0.6795774647887324,0.8583196046128501,178,1024,5.752808988764045,0.009060955518945634,0.004118616144975288,0.0016474464579901153,0.002471169686985173,0.46446324695928076,0.3017640836343381,0.0,1.0,0.34204124801692226,0.31449678835874184,0.0,1.0,0.6641723955579059,0.25350153819242743,0.0,1.0,0.4615282919090429,0.20644445222939511,0.03225806451612903,1.0,15,0.18688524590163935,6.520491803278689,14
596,1219,1000,15.650393677164057,88.61361771944216,9,10,7,3,965,0.7909836065573771,255,1062,0.8704918032786885,0.9295336787564766,897,165,0.9295336787564766,0.6470588235294118,0.8704918032786885,173,1035,5.982658959537572,0.007377049180327869,0.00819672131147541,0.005737704918032787,0.002459016393442623,0.46352113048770804,0.302062367799107,0.0,1.0,0.3431686469607558,0.3149504571436277,0.0,1.0,0.664240916668872,0.2539305946325594,0.0,1.0,0.4613511868533171,0.20622545115075436,0.03225806451612903,1.0,15,0.18539786710418377,6.53076292042658,14
597,1227,1010,15.598576619523817,88.68704156479218,11,3,2,1,882,0.7235438884331419,337,1066,0.874487284659557,0.9183673469387755,810,256,0.9183673469387755,0.7596439169139466,0.874487284659557,170,1046,6.152941176470589,0.009023789991796555,0.002461033634126333,0.0016406890894175555,0.0008203445447087777,0.4640218734390199,0.30207231458490263,0.0,1.0,0.34208796697951993,0.31468812108436395,0.0,1.0,0.6649052238609775,0.253788718538991,0.0,1.0,0.4613402739437916,0.20653479445003073,0.03225806451612903,1.0,15,0.1850040749796251,6.537897310513447,14
598,1230,1016,15.646812788816652,89.32520325203252,5,2,1,1,916,0.7465362673186634,311,1072,0.8736756316218419,0.925764192139738,848,224,0.925764192139738,0.7202572347266881,0.8736756316218419,172,1050,6.104651162790698,0.004074979625101874,0.0016299918500407497,0.0008149959250203749,0.0008149959250203749,0.4641751901389981,0.3018327120290295,0.0,1.0,0.34185680566483084,0.3146195606628458,0.0,1.0,0.6649095200629426,0.253653651688993,0.0,1.0,0.46160503540519277,0.20737602616675843,0.03225806451612903,1.0,15,0.18536585365853658,6.542276422764227,14
599,1235,1014,15.651518888255678,89.40242914979757,9,4,3,1,903,0.7341463414634146,327,1077,0.875609756097561,0.9169435215946844,828,249,0.9169435215946844,0.7614678899082569,0.875609756097561,176,1051,5.971590909090909,0.007317073170731708,0.0032520325203252032,0.0024390243902439024,0.0008130081300813008,0.46370641243306776,0.3017562273696067,0.0,1.0,0.3426668407992686,0.31495246745123784,0.0,1.0,0.6647773279352227,0.25346947185845814,0.0,1.0,0.461225022854904,0.20732060675779124,0.03225806451612903,1.0,15,0.1854251012145749,6.5473684210526315,14
600,1241,1020,15.598685799690406,89.45688960515713,10,4,3,1,956,0.7740890688259109,279,1054,0.8534412955465587,0.9184100418410042,878,176,0.9184100418410042,0.6308243727598566,0.8534412955465587,169,1029,6.088757396449704,0.008097165991902834,0.0032388663967611335,0.0024291497975708503,0.0008097165991902834,0.46307608328351224,0.30261894931024885,0.0,1.0,0.34202386212991603,0.31488993246858027,0.0,1.0,0.6635387694627122,0.2536173917046434,0.0,1.0,0.46172441579371476,0.20758916217405043,0.03225806451612903,1.0,15,0.1861402095084609,6.563255439161966,14
601,1247,1023,15.543500370150985,89.67682437850841,9,3,2,1,975,0.7856567284448026,266,1107,0.8920225624496374,0.9405128205128205,917,190,0.9405128205128205,0.7142857142857143,0.8920225624496374,174,1084,6.2298850574712645,0.007252215954875101,0.0024174053182917004,0.0016116035455278,0.0008058017727639,0.46387458933698944,0.3033921268759159,0.0,1.0,0.34143880797785653,0.3147228593135122,0.0,1.0,0.6645368238611377,0.2537621538937939,0.0,1.0,0.46121013011873657,0.20702377235278163,0.03225806451612903,1.0,15,0.18604651162790697,6.572574178027265,14
602,1245,1024,15.605363572325754,90.00722891566265,7,9,4,5,912,0.731355252606255,335,1105,0.8861267040898155,0.9232456140350878,842,263,0.9232456140350878,0.7850746268656716,0.8861267040898155,178,1084,6.089887640449438,0.0056134723336006415,0.007217321571772253,0.0032076984763432237,0.00400962309542903,0.4612255473506931,0.3030882932626756,0.0,1.0,0.3405363389040031,0.31525727476016635,0.0,1.0,0.6639720171006607,0.2540177688235019,0.0,1.0,0.4604223344992875,0.2064393631275962,0.03225806451612903,1.0,15,0.18473895582329317,6.577510040160643,14
603,1248,1026,15.51489646686336,89.41907051282051,13,10,8,2,903,0.7253012048192771,342,1065,0.8554216867469879,0.9147286821705426,826,239,0.9147286821705426,0.6988304093567251,0.8554216867469879,173,1040,6.011560693641618,0.010441767068273093,0.008032128514056224,0.00642570281124498,0.001606425702811245,0.4605820926385442,0.3028257793265117,0.0,1.0,0.34049317617866004,0.3152022498176433,0.0,1.0,0.6635132340777502,0.25401022282552305,0.0,1.0,0.46011683209263854,0.20596677770976543,0.03225806451612903,1.0,15,0.18669871794871795,6.58573717948718,14
604,1255,1032,15.463498070518503,89.7187250996016,9,2,1,1,981,0.7860576923076923,267,1088,0.8717948717948718,0.9378185524974516,920,168,0.9378185524974516,0.6292134831460674,0.8717948717948718,175,1069,6.1085714285714285,0.007211538461538462,0.0016025641025641025,0.0008012820512820513,0.0008012820512820513,0.4604035471019149,0.30341852466642494,0.0,1.0,0.3395964528980851,0.31534462481077924,0.0,1.0,0.6634879835496722,0.2539740154726469,0.0,1.0,0.46022362164246244,0.20549510478275398,0.03225806451612903,1.0,15,0.18645418326693228,6.586454183266932,14
605,1255,1031,15.439640345597025,89.69561752988048,8,8,6,2,984,0.7840637450199203,271,1115,0.8884462151394422,0.9339430894308943,919,196,0.9339430894308943,0.7232472324723247,0.8884462151394422,179,1093,6.106145251396648,0.006374501992031873,0.006374501992031873,0.004780876494023904,0.0015936254980079682,0.46127747076211284,0.3032744067684047,0.0,1.0,0.34085593111425266,0.31581412968995926,0.0,1.0,0.6657756072484257,0.2536629628902383,0.0,1.0,0.4596324379899756,0.20552911076391567,0.03225806451612903,1.0,15,0.18804780876494023,6.584860557768924,14
606,1257,1031,15.43737766535432,89.84248210023867,8,6,4,2,933,0.7434262948207171,322,1082,0.8621513944223107,0.9303322615219721,868,214,0.9303322615219721,0.6645962732919255,0.8621513944223107,172,1054,6.127906976744186,0.006374501992031873,0.004780876494023904,0.0031872509960159364,0.0015936254980079682,0.4606205250596659,0.30256778241991467,0.0,1.0,0.34044191238740473,0.3160587730896986,0.0,1.0,0.6650242512895528,0.25354585821791986,0.0,1.0,0.4598506428516437,0.20560442017642225,0.03225806451612903,1.0,15,0.1869530628480509,6.590294351630867,14
607,1256,1040,15.441772556151632,90.16958598726114,5,6,4,2,979,0.7788385043754972,278,1095,0.8711217183770883,0.933605720122574,914,181,0.933605720122574,0.6510791366906474,0.8711217183770883,181,1085,5.994475138121547,0.003977724741447892,0.00477326968973747,0.0031821797931583136,0.0015910898965791568,0.4601140332853914,0.3027549605599588,0.0,1.0,0.34027635093486747,0.31570261027748336,0.0,1.0,0.6651171152660776,0.2529515907927139,0.0,1.0,0.4602424491473187,0.2055514510491598,0.03225806451612903,1.0,15,0.18710191082802546,6.593152866242038,14
608,1263,1045,15.303880622054969,89.96357878068092,14,7,5,2,964,0.767515923566879,292,1083,0.8622611464968153,0.9004149377593361,868,215,0.9004149377593361,0.7363013698630136,0.8622611464968153,176,1064,6.045454545454546,0.011146496815286623,0.005573248407643312,0.003980891719745223,0.0015923566878980893,0.4593773146374479,0.30294057714916356,0.0,1.0,0.33946313181620824,0.3153181669385156,0.0,1.0,0.6644190738896125,0.2528068034547486,0.0,1.0,0.4599136720046995,0.20547333571708537,0.03225806451612903,1.0,15,0.1868566904196358,6.603325415676959,14
609,1264,1052,15.254008017868966,89.84810126582279,9,8,6,2,935,0.7403008709422011,328,1095,0.8669833729216152,0.9016042780748663,843,252,0.9016042780748663,0.7682926829268293,0.8669833729216152,175,1077,6.154285714285714,0.007125890736342043,0.006334125098970704,0.004750593824228029,0.001583531274742676,0.4594732543895467,0.3032935498431418,0.0,1.0,0.33911800734993874,0.3154293542486639,0.0,1.0,0.6651184156798694,0.2524172175666992,0.0,1.0,0.4600347080440996,0.20526469207121847,0.03225806451612903,1.0,15,0.1875,6.603639240506329,14
610,1263,1060,15.215191366836589,89.95249406175772,7,8,6,2,954,0.754746835443038,310,1092,0.8639240506329114,0.9350104821802935,892,200,0.9350104821802935,0.6451612903225806,0.8639240506329114,173,1073,6.202312138728324,0.005537974683544304,0.006329113924050633,0.004746835443037975,0.0015822784810126582,0.4589686614052563,0.3038767355094933,0.0,1.0,0.33777743723341763,0.3149647482797584,0.0,1.0,0.6649554312568641,0.2526887629006393,0.0,1.0,0.45988813117768756,0.2050107184984473,0.03225806451612903,1.0,15,0.19002375296912113,6.6159936658749015,14
611,1265,1054,15.258259424137636,90.2498023715415,9,7,3,4,942,0.7458432304038005,321,1072,0.8487727632620744,0.9150743099787686,862,210,0.9150743099787686,0.6542056074766355,0.8487727632620744,180,1046,5.811111111111111,0.007125890736342043,0.0055423594615993665,0.0023752969121140144,0.003167062549485352,0.4601300522759148,0.3047714444091182,0.0,1.0,0.3376514088996557,0.3149092780913256,0.0,1.0,0.665332143312508,0.25332961911352436,0.0,1.0,0.4592885375494071,0.2048455688937341,0.03225806451612903,1.0,15,0.18893280632411066,6.618972332015811,14
612,1260,1060,15.338547179385829,90.8452380952381,1,6,4,2,918,0.7256916996047431,347,1073,0.8482213438735178,0.9106753812636166,836,237,0.9106753812636166,0.6829971181556196,0.8482213438735178,171,1050,6.140350877192983,0.0007905138339920949,0.0047430830039525695,0.0031620553359683794,0.0015810276679841897,0.45995903737839217,0.30483397397180045,0.0,1.0,0.33804403481822837,0.3147493634032745,0.0,1.0,0.6659498207885305,0.25323617916064284,0.0,1.0,0.45880696364567336,0.20464909427535521,0.03225806451612903,1.0,15,0.18888888888888888,6.619047619047619,14
613,1261,1065,15.339035645749641,91.19349722442506,5,4,4,0,933,0.7404761904761905,327,1109,0.8801587301587301,0.9281886387995713,866,243,0.9281886387995713,0.7431192660550459,0.8801587301587301,182,1096,6.021978021978022,0.003968253968253968,0.0031746031746031746,0.0031746031746031746,0.0,0.4599780000511626,0.30435071786136314,0.0,1.0,0.33739223862270085,0.3148587771620266,0.0,1.0,0.6651914762988924,0.25362116905097604,0.0,1.0,0.4582384692128623,0.20467172003142414,0.03225806451612903,1.0,15,0.1879460745440127,6.628072957969866,14
614,1261,1068,15.357411065372169,91.51308485329103,6,6,3,3,977,0.774781919111816,284,1117,0.8858049167327517,0.9232343909928352,902,215,0.9232343909928352,0.7570422535211268,0.8858049167327517,173,1093,6.317919075144508,0.004758128469468675,0.004758128469468675,0.0023790642347343376,0.0023790642347343376,0.45972218669258913,0.3041216668814075,0.0,1.0,0.33808293469084955,0.3153924941621075,0.0,1.0,0.6654728709933232,0.25351254327826284,0.0,1.0,0.4587500959300095,0.20460209253971157,0.03225806451612903,1.0,15,0.1879460745440127,6.632831086439334,14
615,1260,1070,15.38928401502464,91.96428571428571,4,5,4,1,957,0.7589214908802537,304,1110,0.880253766851705,0.9258098223615465,886,224,0.9258098223615465,0.7368421052631579,0.880253766851705,170,1082,6.364705882352941,0.0031720856463124504,0.003965107057890563,0.0031720856463124504,0.0007930214115781126,0.46021505376344085,0.30426280610240874,0.0,1.0,0.337173579109063,0.3149063354082073,0.0,1.0,0.6642089093701997,0.25398185963588676,0.0,1.0,0.4577572964669739,0.20430165274856882,0.03225806451612903,1.0,15,0.1865079365079365,6.6380952380952385,14
616,1267,1073,15.27315268492014,91.66298342541437,13,6,5,1,959,0.7611111111111111,301,1101,0.8738095238095238,0.9301355578727841,892,209,0.9301355578727841,0.6943521594684385,0.8738095238095238,177,1081,6.107344632768362,0.010317460317460317,0.004761904761904762,0.003968253968253968,0.0007936507936507937,0.4608040328945694,0.3046364085571896,0.0,1.0,0.3389260890597551,0.314882158275423,0.0,1.0,0.6634926292741299,0.25368130777154096,0.0,1.0,0.4573923670341421,0.20394610399293706,0.03225806451612903,1.0,15,0.18547750591949486,6.647198105761642,14
617,1267,1082,15.278674679900012,92.24151539068666,4,4,3,1,971,0.7663772691397001,296,1106,0.8729281767955801,0.925849639546859,899,207,0.925849639546859,0.6993243243243243,0.8729281767955801,170,1085,6.382352941176471,0.0031570639305445935,0.0031570639305445935,0.0023677979479084454,0.0007892659826361484,0.4597856251750388,0.3039772420094425,0.0,1.0,0.3386969473228607,0.3147961478480363,0.0,1.0,0.6642055146778012,0.2538585935692568,0.0,1.0,0.4579779514728722,0.2040796387142111,0.03225806451612903,1.0,15,0.18547750591949486,6.648776637726914,14
618,1270,1087,15.200939112417576,92.38976377952756,7,4,4,0,986,0.7782162588792423,281,1122,0.8855564325177585,0.9219066937119675,909,213,0.9219066937119675,0.7580071174377224,0.8855564325177585,177,1104,6.237288135593221,0.0055248618784530384,0.0031570639305445935,0.0031570639305445935,0.0,0.4590805181610363,0.3039366342811954,0.0,1.0,0.3389890779781559,0.31533571690675904,0.0,1.0,0.6641605283210567,0.2544634541605121,0.0,1.0,0.45732791465582934,0.20362624448588132,0.03225806451612903,1.0,15,0.18740157480314962,6.658267716535433,14
619,1275,1089,15.11979149627579,92.32549019607843,10,5,5,0,982,0.7732283464566929,288,1137,0.8952755905511811,0.9327902240325866,916,221,0.9327902240325866,0.7673611111111112,0.8952755905511811,180,1119,6.216666666666667,0.007874015748031496,0.003937007874015748,0.003937007874015748,0.0,0.45755850727387726,0.3030732740752654,0.0,1.0,0.34097406704617333,0.3160973631028008,0.0,1.0,0.6633017077798862,0.25438520876443926,0.0,1.0,0.4582416192283365,0.2039101988063067,0.03225806451612903,1.0,15,0.18745098039215685,6.662745098039216,14
620,1274,1094,15.108469815231734,92.47409733124019,7,8,6,2,921,0.7223529411764706,354,1111,0.8713725490196078,0.9305103148751357,857,254,0.9305103148751357,0.7175141242937854,0.8713725490196078,180,1096,6.088888888888889,0.005490196078431373,0.006274509803921568,0.004705882352941176,0.001568627450980392,0.45606927634577404,0.3025125593997823,0.0,1.0,0.3406846609611586,0.31588188764934655,0.0,1.0,0.6640502354788069,0.25332917807022426,0.0,1.0,0.4572340102294019,0.20317808522542724,0.03225806451612903,1.0,15,0.18681318681318682,6.664050235478807,14
621,1273,1104,15.106985881980458,92.65278868813826,5,6,5,1,963,0.7558869701726845,311,1084,0.8508634222919937,0.9117341640706127,878,206,0.9117341640706127,0.662379421221865,0.8508634222919937,181,1075,5.939226519337017,0.003924646781789639,0.004709576138147566,0.003924646781789639,0.0007849293563579278,0.4556926741504701,0.30184290361163346,0.0,1.0,0.34128170691533843,0.3159055938650366,0.0,1.0,0.6643944961102805,0.2532855496417914,0.0,1.0,0.45718774548311075,0.20308620559304885,0.03225806451612903,1.0,15,0.18460329929300864,6.670856245090338,14
622,1273,1113,15.07915668708078,93.00235663786331,5,5,4,1,971,0.762765121759623,302,1128,0.8860958366064414,0.9392378990731205,912,216,0.9392378990731205,0.7152317880794702,0.8860958366064414,175,1112,6.354285714285714,0.003927729772191673,0.003927729772191673,0.003142183817753339,0.0007855459544383347,0.4565542406811443,0.30274672698342886,0.0,1.0,0.3419152117173048,0.31599035413977283,0.0,1.0,0.6647745989914603,0.25299967059796474,0.0,1.0,0.4570863847147961,0.20315335189554515,0.03225806451612903,1.0,15,0.18460329929300864,6.677140612725845,14
623,1275,1119,15.079714235180592,93.5278431372549,7,5,2,3,951,0.7470542026708562,322,1103,0.8664571877454831,0.9169295478443743,872,231,0.9169295478443743,0.717391304347826,0.8664571877454831,180,1089,6.05,0.0054988216810683424,0.003927729772191673,0.0015710919088766694,0.002356637863315004,0.4558886780518659,0.3025165635419419,0.0,1.0,0.3420872865275142,0.31628360052567195,0.0,1.0,0.6647944339025933,0.25286621651853564,0.0,1.0,0.4569765970904491,0.203310123375843,0.03225806451612903,1.0,15,0.18509803921568627,6.68,14
624,1271,1119,15.142061781072291,93.98898505114083,2,6,5,1,939,0.7364705882352941,336,1135,0.8901960784313725,0.9382321618743344,881,254,0.9382321618743344,0.7559523809523809,0.8901960784313725,176,1111,6.3125,0.001568627450980392,0.004705882352941176,0.00392156862745098,0.000784313725490196,0.4560797949290627,0.3028746949149886,0.0,1.0,0.3425039973604731,0.31617995044344627,0.0,1.0,0.6648308418568056,0.2530644890333272,0.0,1.0,0.45691733712342325,0.20322307217979244,0.03225806451612903,1.0,15,0.1848937844217152,6.6876475216365066,14
625,1273,1128,15.116614803184437,94.25530243519246,7,5,4,1,910,0.7159716758457907,361,1114,0.8764752163650669,0.9241758241758242,841,273,0.9241758241758242,0.7562326869806094,0.8764752163650669,169,1092,6.461538461538462,0.0055074744295830055,0.003933910306845004,0.003147128245476003,0.0007867820613690008,0.4567062818336163,0.302592966454411,0.0,1.0,0.341459088259889,0.3156607741031594,0.0,1.0,0.6651547018726403,0.253552498149975,0.0,1.0,0.45690900337024554,0.2027089263239521,0.03225806451612903,1.0,15,0.18538884524744698,6.6920659858601725,14
626,1268,1131,15.168315993882821,94.66246056782335,4,9,6,3,976,0.7666928515318147,297,1116,0.8766692851531814,0.9282786885245902,906,210,0.9282786885245902,0.7070707070707071,0.8766692851531814,177,1096,6.192090395480226,0.003142183817753339,0.007069913589945012,0.004713275726630008,0.002356637863315004,0.4569807672738374,0.30247983018853536,0.0,1.0,0.3419151317797904,0.31544785254537083,0.0,1.0,0.6661493843492419,0.25342811146102745,0.0,1.0,0.4565228452223466,0.20264085923519673,0.03225806451612903,1.0,15,0.18690851735015773,6.698738170347003,14
627,1268,1135,15.183648134382151,95.10410094637224,7,7,3,4,967,0.7626182965299685,301,1124,0.886435331230284,0.9369183040330921,906,218,0.9369183040330921,0.7242524916943521,0.886435331230284,179,1107,6.184357541899441,0.005520504731861199,0.005520504731861199,0.002365930599369085,0.0031545741324921135,0.456751806248092,0.30263434261835914,0.0,1.0,0.34038872494148775,0.31481645904667926,0.0,1.0,0.6655897018418643,0.25343174801628743,0.0,1.0,0.4561666836267426,0.20267752102731426,0.03225806451612903,1.0,15,0.18690851735015773,6.712145110410095,14
628,1269,1141,15.183939656913312,95.47675334909377,5,4,4,0,924,0.7287066246056783,344,1096,0.8643533123028391,0.9307359307359307,860,236,0.9307359307359307,0.686046511627907,0.8643533123028391,172,1074,6.244186046511628,0.003943217665615142,0.0031545741324921135,0.0031545741324921135,0.0,0.45796791987595004,0.30302279525633413,0.0,1.0,0.3391799486514655,0.3145587116694869,0.0,1.0,0.6663107857342586,0.2533804811427494,0.0,1.0,0.4554513332824932,0.2023127127271991,0.03225806451612903,1.0,15,0.1867612293144208,6.717100078802207,14
629,1272,1150,15.18616349006156,95.74685534591195,6,3,3,0,912,0.7186761229314421,357,1102,0.8684003152088259,0.930921052631579,849,253,0.930921052631579,0.7086834733893558,0.8684003152088259,167,1078,6.455089820359281,0.004728132387706856,0.002364066193853428,0.002364066193853428,0.0,0.456913166970988,0.3028245538530428,0.0,1.0,0.3403580848042199,0.3146528858475258,0.0,1.0,0.6669963481436396,0.252906391388211,0.0,1.0,0.45516331913166974,0.20214191338290255,0.03225806451612903,1.0,15,0.18632075471698112,6.723270440251572,14
630,1266,1154,15.147730846167825,95.4826224328594,6,12,10,2,963,0.7570754716981132,309,1101,0.8655660377358491,0.9190031152647975,885,216,0.9190031152647975,0.6990291262135923,0.8655660377358491,175,1080,6.171428571428572,0.0047169811320754715,0.009433962264150943,0.007861635220125786,0.0015723270440251573,0.4575498139937828,0.30350536145299783,0.0,1.0,0.3385567955970035,0.31412302486183,0.0,1.0,0.668322886408806,0.2534176384280779,0.0,1.0,0.4543902563318555,0.20163836219800693,0.03225806451612903,1.0,15,0.18562401263823064,6.731437598736177,14
631,1270,1154,15.107408459877064,95.41259842519685,9,5,4,1,972,0.7677725118483413,294,1125,0.8886255924170616,0.9290123456790124,903,222,0.9290123456790124,0.7551020408163265,0.8886255924170616,182,1107,6.082417582417582,0.0071090047393364926,0.0039494470774091624,0.00315955766192733,0.0007898894154818325,0.4579375158750318,0.3034216212770487,0.0,1.0,0.3379730759461519,0.31422091065899455,0.0,1.0,0.6679451358902717,0.25377991564086533,0.0,1.0,0.4534671069342138,0.20151011641876854,0.03225806451612903,1.0,15,0.18661417322834645,6.74015748031496,14
632,1270,1154,15.07783514005299,95.48346456692913,6,6,5,1,1019,0.8023622047244094,251,1157,0.9110236220472441,0.9460255152109912,964,193,0.9460255152109912,0.7689243027888446,0.9110236220472441,181,1138,6.287292817679558,0.004724409448818898,0.004724409448818898,0.003937007874015748,0.0007874015748031496,0.4571755143510287,0.3032961016356345,0.0,1.0,0.33827787655575314,0.3140858541091279,0.0,1.0,0.6682753365506732,0.25373875260424994,0.0,1.0,0.4529591059182118,0.2013270275767414,0.03225806451612903,1.0,15,0.18503937007874016,6.747244094488189,14
633,1276,1156,15.080854950414391,95.90987460815047,7,1,1,0,932,0.7338582677165354,338,1092,0.8598425196850393,0.9087982832618026,847,245,0.9087982832618026,0.7248520710059172,0.8598425196850393,180,1074,5.966666666666667,0.005511811023622047,0.0007874015748031496,0.0007874015748031496,0.0,0.45773081201334814,0.30373468090287686,0.0,1.0,0.33817878450803923,0.314060624163502,0.0,1.0,0.66892506825766,0.2536074871724222,0.0,1.0,0.4534583881079988,0.20160293972288695,0.03225806451612903,1.0,15,0.1865203761755486,6.751567398119122,14
634,1278,1162,15.01833946265614,96.00860719874804,10,8,4,4,978,0.7664576802507836,298,1099,0.8612852664576802,0.9008179959100204,881,218,0.9008179959100204,0.7315436241610739,0.8612852664576802,173,1078,6.23121387283237,0.007836990595611285,0.006269592476489028,0.003134796238244514,0.003134796238244514,0.4577212378211924,0.3042606627409316,0.0,1.0,0.33641274168307334,0.31346738862132156,0.0,1.0,0.6674491392801252,0.25421320155087845,0.0,1.0,0.45264778635973546,0.2015923249905727,0.03225806451612903,1.0,15,0.18857589984350548,6.758998435054773,14
635,1281,1163,15.038990217863532,96.62763466042155,6,3,1,2,989,0.7738654147104851,289,1135,0.8881064162754304,0.9383215369059656,928,207,0.9383215369059656,0.7162629757785467,0.8881064162754304,177,1113,6.288135593220339,0.004694835680751174,0.002347417840375587,0.000782472613458529,0.001564945226917058,0.4581853894386945,0.3039838827013223,0.0,1.0,0.3367077132280728,0.31317832291400016,0.0,1.0,0.667598398428647,0.2541908931438321,0.0,1.0,0.453627458386845,0.2022965747652757,0.03225806451612903,1.0,15,0.1881342701014832,6.75800156128025,14
636,1278,1171,15.092721844915427,97.38654147104852,1,4,3,1,970,0.7572209211553473,311,1113,0.8688524590163934,0.9195876288659793,892,221,0.9195876288659793,0.7106109324758842,0.8688524590163934,165,1086,6.581818181818182,0.00078064012490242,0.00312256049960968,0.00234192037470726,0.00078064012490242,0.4586551567469332,0.3042418175332078,0.0,1.0,0.33610984905850877,0.31334551473842037,0.0,1.0,0.6672724519157959,0.254425522634038,0.0,1.0,0.453430258973194,0.20220986620162262,0.03225806451612903,1.0,15,0.18935837245696402,6.762128325508607,14
637,1274,1170,15.17798966097453,97.97802197802197,1,5,4,1,984,0.7699530516431925,294,1131,0.8849765258215962,0.9166666666666666,902,229,0.9166666666666666,0.7789115646258503,0.8849765258215962,184,1114,6.054347826086956,0.000782472613458529,0.003912363067292645,0.003129890453834116,0.000782472613458529,0.45817086139666785,0.30433317211144717,0.0,1.0,0.33569656150301314,0.3129981294148843,0.0,1.0,0.6669367498860586,0.25437535358552765,0.0,1.0,0.45315744163670435,0.20233769406810856,0.03225806451612903,1.0,15,0.1891679748822606,6.763736263736264,14
638,1274,1173,15.180487023148743,98.31318681318682,6,6,4,2,955,0.749607535321821,319,1115,0.8751962323390895,0.9193717277486911,878,237,0.9193717277486911,0.7429467084639498,0.8751962323390895,182,1100,6.043956043956044,0.004709576138147566,0.004709576138147566,0.0031397174254317113,0.0015698587127158557,0.4572593305312199,0.3039056301828575,0.0,1.0,0.33703853749936696,0.3129977330663481,0.0,1.0,0.6667848280751507,0.2540638175975562,0.0,1.0,0.45277763710943436,0.20251978966120351,0.03225806451612903,1.0,15,0.18759811616954475,6.773155416012559,14
639,1265,1179,15.292079560752548,99.00237154150197,1,10,6,4,926,0.7268445839874411,348,1137,0.8924646781789639,0.9330453563714903,864,273,0.9330453563714903,0.7844827586206896,0.8924646781789639,177,1120,6.327683615819209,0.0007849293563579278,0.007849293563579277,0.004709576138147566,0.0031397174254317113,0.45653448935356367,0.3041145160100648,0.0,1.0,0.3376259084533979,0.3134272183763843,0.0,1.0,0.666403162055336,0.25396862935018405,0.0,1.0,0.45370393981894686,0.2026925007065196,0.03225806451612903,1.0,15,0.18735177865612648,6.770750988142293,14
640,1260,1182,15.333673073191607,98.96111111111111,5,10,8,2,935,0.7391304347826086,330,1123,0.8877470355731225,0.9368983957219251,876,247,0.9368983957219251,0.7484848484848485,0.8877470355731225,180,1106,6.144444444444445,0.003952569169960474,0.007905138339920948,0.006324110671936759,0.0015810276679841897,0.4562467997951869,0.30381814986087397,0.0,1.0,0.3379672299027138,0.3129836264488214,0.0,1.0,0.6670250896057348,0.253279332316837,0.0,1.0,0.45414746543778806,0.20263126613507246,0.03225806451612903,1.0,15,0.1873015873015873,6.773809523809524,14
641,1262,1188,15.368294739210517,99.37797147385103,6,4,2,2,907,0.7198412698412698,353,1127,0.8944444444444445,0.9316427783902976,845,282,0.9316427783902976,0.7988668555240793,0.8944444444444445,181,1114,6.154696132596685,0.004761904761904762,0.0031746031746031746,0.0015873015873015873,0.0015873015873015873,0.456546188845151,0.30390372776195296,0.0,1.0,0.33896528807320686,0.31350325747198954,0.0,1.0,0.6672971729461684,0.253284647203818,0.0,1.0,0.45427125402586777,0.20277219884229097,0.03225806451612903,1.0,15,0.1862123613312203,6.776545166402536,14
642,1259,1195,15.36597310247388,99.49245432883241,6,9,6,3,943,0.7472266244057052,319,1100,0.8716323296354992,0.9278897136797455,875,225,0.9278897136797455,0.7053291536050157,0.8716323296354992,174,1081,6.212643678160919,0.004754358161648178,0.0071315372424722665,0.004754358161648178,0.002377179080824089,0.45730098132158137,0.30430276254486127,0.0,1.0,0.33792820723052086,0.3131866575613256,0.0,1.0,0.6684004202003638,0.2535892436569352,0.0,1.0,0.4539188808322017,0.20238189724874905,0.03225806451612903,1.0,15,0.187450357426529,6.778395552025417,13
643,1256,1202,15.363998501505442,99.55732484076434,6,9,7,2,962,0.7640984908657665,297,1067,0.8474980142970612,0.9054054054054054,871,196,0.9054054054054054,0.6599326599326599,0.8474980142970612,178,1052,5.910112359550562,0.004765687053216839,0.007148530579825258,0.005559968228752979,0.0015885623510722795,0.4568522703924388,0.30484540386441955,0.0,1.0,0.33793918224779124,0.31318143812781113,0.0,1.0,0.6665040065748922,0.2540837256569898,0.0,1.0,0.45351345798233,0.20267674966877006,0.03225806451612903,1.0,15,0.18789808917197454,6.787420382165605,13
644,1250,1208,15.323946908759934,99.4272,5,11,10,1,984,0.7834394904458599,272,1111,0.8845541401273885,0.9329268292682927,918,193,0.9329268292682927,0.7095588235294118,0.8845541401273885,172,1089,6.3313953488372094,0.003980891719745223,0.00875796178343949,0.007961783439490446,0.0007961783439490446,0.4567483870967741,0.30507510097031837,0.0,1.0,0.3380387096774194,0.31301688550930257,0.0,1.0,0.6662709677419355,0.25407021864862933,0.0,1.0,0.45378064516129035,0.20272925553799223,0.03225806451612903,1.0,15,0.1872,6.7912,13
645,1250,1212,15.323679905776677,99.6152,6,6,5,1,918,0.7344,332,1124,0.8992,0.9324618736383442,856,268,0.9324618736383442,0.8072289156626506,0.8992,173,1101,6.364161849710983,0.0048,0.0048,0.004,0.0008,0.45620645161290324,0.30615286327582747,0.0,1.0,0.3369032258064516,0.3130629190100691,0.0,1.0,0.6661935483870968,0.2543107966042947,0.0,1.0,0.4527741935483871,0.20236145939812714,0.03225806451612903,1.0,15,0.188,6.7968,13
646,1244,1214,15.356985585557522,99.71382636655949,4,10,8,2,942,0.7536,308,1095,0.876,0.935244161358811,881,214,0.935244161358811,0.6948051948051948,0.876,179,1076,6.011173184357542,0.0032,0.008,0.0064,0.0016,0.4568509490716731,0.3062907981264669,0.0,1.0,0.3362721709366248,0.31252865684440473,0.0,1.0,0.666658023026657,0.25420526617182854,0.0,1.0,0.4530131729073747,0.20260188087005665,0.03225806451612903,1.0,15,0.18810289389067525,6.802250803858521,13
647,1243,1222,15.37749597684677,99.84955752212389,5,6,6,0,886,0.7122186495176849,358,1075,0.8641479099678456,0.90744920993228,804,271,0.90744920993228,0.7569832402234636,0.8641479099678456,169,1052,6.224852071005917,0.0040192926045016075,0.00482315112540193,0.00482315112540193,0.0,0.4577894272441803,0.3059015966372111,0.0,1.0,0.3359717644616303,0.31197068312264514,0.0,1.0,0.6667012690421198,0.2541514508933239,0.0,1.0,0.45319596190278466,0.20254773834881268,0.03225806451612903,1.0,15,0.18744971842316976,6.806918744971842,13
648,1245,1222,15.26799431459226,99.04176706827309,12,10,10,0,946,0.7610619469026548,297,1106,0.8897827835880934,0.9334038054968288,883,223,0.9334038054968288,0.7508417508417509,0.8897827835880934,171,1077,6.298245614035087,0.009654062751407884,0.008045052292839904,0.008045052292839904,0.0,0.4580126959450706,0.30592306413255516,0.0,1.0,0.33540614069179947,0.3121412127240178,0.0,1.0,0.6653970721596061,0.25445242457291634,0.0,1.0,0.4529343179168286,0.2020106936571765,0.03225806451612903,1.0,15,0.18714859437751005,6.828915662650602,13
649,1246,1221,15.251719018056276,99.2223113964687,7,6,5,1,941,0.7558232931726908,304,1086,0.8722891566265061,0.9319872476089267,877,209,0.9319872476089267,0.6875,0.8722891566265061,168,1053,6.267857142857143,0.005622489959839358,0.004819277108433735,0.004016064257028112,0.0008032128514056225,0.457489773727541,0.30550743979280254,0.0,1.0,0.3341531610832082,0.3122359311196469,0.0,1.0,0.6656915031326051,0.2547788062374412,0.0,1.0,0.4519494640915446,0.20113803002217887,0.03225806451612903,1.0,15,0.1869983948635634,6.843499197431782,13
650,1245,1220,15.269019360099575,99.20240963855422,8,9,6,3,966,0.7752808988764045,280,1097,0.8804173354735152,0.9254658385093167,894,203,0.9254658385093167,0.725,0.8804173354735152,178,1074,6.033707865168539,0.006420545746388443,0.0072231139646869984,0.004815409309791332,0.002407704654895666,0.4568208317139526,0.3052126507003284,0.0,1.0,0.3355356911517036,0.3127738446426541,0.0,1.0,0.6651379712397979,0.25466660748620723,0.0,1.0,0.45171654359372976,0.20164849982134028,0.03225806451612903,1.0,15,0.18634538152610441,6.854618473895583,13
651,1251,1224,15.165851600837385,99.13189448441247,11,5,4,1,982,0.7887550200803213,263,1121,0.9004016064257028,0.939918533604888,923,198,0.939918533604888,0.752851711026616,0.9004016064257028,171,1096,6.409356725146199,0.008835341365461847,0.004016064257028112,0.00321285140562249,0.0008032128514056225,0.4562801371805781,0.3050015461572241,0.0,1.0,0.33433898042856036,0.3129313951149629,0.0,1.0,0.6656868053943942,0.2544902034658954,0.0,1.0,0.45117454423557923,0.20106256645365514,0.03225806451612903,1.0,15,0.18784972022382093,6.8625099920063946,13
652,1257,1232,15.065365439219363,99.10023866348449,11,5,3,2,987,0.7889688249400479,264,1113,0.8896882494004796,0.92806484295846,916,197,0.92806484295846,0.7462121212121212,0.8896882494004796,164,1085,6.615853658536586,0.008792965627498001,0.003996802557953637,0.002398081534772182,0.0015987210231814548,0.4561295455128699,0.30500718816240896,0.0,1.0,0.3352580388533888,0.3131051930521825,0.0,1.0,0.6657941334975749,0.2545565508453614,0.0,1.0,0.45030410347216876,0.20048751690717695,0.03225806451612903,1.0,15,0.1877486077963405,6.8695306284805095,13
653,1256,1230,15.145433323325769,99.55652866242038,6,7,3,4,926,0.7366746221161495,331,1074,0.8544152744630071,0.9136069114470843,846,228,0.9136069114470843,0.6888217522658611,0.8544152744630071,175,1047,5.982857142857143,0.00477326968973747,0.005568814638027049,0.002386634844868735,0.0031821797931583136,0.4563386069447298,0.30505212408204924,0.0,1.0,0.33406102321758785,0.31328013950441336,0.0,1.0,0.6650914320936923,0.25491607338331057,0.0,1.0,0.4503287446065338,0.20117171689758934,0.03225806451612903,1.0,15,0.18789808917197454,6.874203821656051,14
654,1253,1231,15.263069166723106,100.42777334397447,1,4,2,2,988,0.7866242038216561,268,1100,0.8757961783439491,0.930161943319838,919,181,0.930161943319838,0.6753731343283582,0.8757961783439491,178,1079,6.061797752808989,0.0007961783439490446,0.0031847133757961785,0.0015923566878980893,0.0015923566878980893,0.45647864480086503,0.30527491148031155,0.0,1.0,0.3342944674716165,0.3131088588181535,0.0,1.0,0.6652936178976907,0.2549433323023721,0.0,1.0,0.4508663079576758,0.20106227888305475,0.03225806451612903,1.0,15,0.18754988028731046,6.871508379888268,14
655,1253,1237,15.313459808568691,100.95211492418197,4,4,2,2,946,0.7549880287310455,307,1080,0.8619313647246608,0.9249471458773785,875,205,0.9249471458773785,0.6677524429967426,0.8619313647246608,172,1058,6.151162790697675,0.0031923383878691143,0.0031923383878691143,0.0015961691939345571,0.0015961691939345571,0.45755992070643364,0.30537816322977324,0.0,1.0,0.3352985093839302,0.3130020333924453,0.0,1.0,0.665576809206292,0.25477905866212336,0.0,1.0,0.4509950312797673,0.20138256863614457,0.03225806451612903,1.0,15,0.18834796488427774,6.87390263367917,14
656,1254,1235,15.353664613467538,101.3237639553429,6,5,3,2,962,0.767757382282522,291,1096,0.8747007182761373,0.9282744282744283,893,203,0.9282744282744283,0.697594501718213,0.8747007182761373,176,1070,6.079545454545454,0.004788507581803671,0.0039904229848363925,0.0023942537909018356,0.0015961691939345571,0.458661316046715,0.30576662705777596,0.0,1.0,0.3353912640839636,0.31304556413772655,0.0,1.0,0.6648145289910994,0.25501186983409924,0.0,1.0,0.45050676544734275,0.20156999186973282,0.03225806451612903,1.0,15,0.18740031897926634,6.884370015948964,14
657,1255,1242,15.321921498875797,101.31075697211155,7,6,4,2,995,0.7934609250398724,259,1096,0.8740031897926634,0.9195979899497487,915,181,0.9195979899497487,0.6988416988416989,0.8740031897926634,172,1075,6.25,0.005582137161084529,0.004784688995215311,0.003189792663476874,0.001594896331738437,0.4596581416270402,0.3064342787619052,0.0,1.0,0.33468705821873795,0.31307976828771816,0.0,1.0,0.6665981236344943,0.25502283430430833,0.0,1.0,0.44991646317953987,0.200485146237677,0.03225806451612903,1.0,15,0.18804780876494023,6.893227091633466,14
658,1261,1240,15.345840263400788,101.68754956383822,8,2,1,1,913,0.7274900398406374,342,1107,0.8820717131474104,0.9233296823658269,843,264,0.9233296823658269,0.7719298245614035,0.8820717131474104,177,1082,6.112994350282486,0.006374501992031873,0.0015936254980079682,0.0007968127490039841,0.0007968127490039841,0.4590826532961551,0.30591950861411804,0.0,1.0,0.3349108490445371,0.31306705127867496,0.0,1.0,0.665524033665038,0.25496904231018375,0.0,1.0,0.449873372387506,0.2006415845373283,0.03225806451612903,1.0,15,0.18715305313243458,6.897700237906424,14
659,1263,1248,15.280063041661693,101.74663499604117,9,7,5,2,967,0.7668517049960349,294,1071,0.8493259318001586,0.8986556359875905,869,202,0.8986556359875905,0.6870748299319728,0.8493259318001586,172,1051,6.1104651162790695,0.007137192704203013,0.0055511498810467885,0.003965107057890563,0.0015860428231562252,0.4596582637345797,0.3064014507197237,0.0,1.0,0.3366281000178786,0.31309646134943747,0.0,1.0,0.66515975787296,0.25511618933617886,0.0,1.0,0.45028478022118357,0.20127736810542587,0.03225806451612903,1.0,15,0.18606492478226444,6.902612826603326,14
660,1263,1253,15.284460578709057,102.13460015835312,5,5,4,1,959,0.7593032462391133,304,1078,0.8535233570863024,0.9197080291970803,882,196,0.9197080291970803,0.6447368421052632,0.8535233570863024,174,1057,6.074712643678161,0.00395882818685669,0.00395882818685669,0.003167062549485352,0.000791765637371338,0.46080760095011875,0.3065747717970197,0.0,1.0,0.3355809261103874,0.3125741798477622,0.0,1.0,0.6642402881005287,0.2549928094909736,0.0,1.0,0.4493142287947284,0.20084244623024414,0.03225806451612903,1.0,15,0.1868566904196358,6.912905779889153,14
661,1264,1259,15.253842000334517,102.32594936708861,7,6,4,2,948,0.7505938242280285,315,1082,0.8566904196357878,0.9061181434599156,859,223,0.9061181434599156,0.707936507936508,0.8566904196357878,170,1058,6.223529411764706,0.0055423594615993665,0.004750593824228029,0.003167062549485352,0.001583531274742676,0.4615404246631278,0.30697673199625547,0.0,1.0,0.3347539812168232,0.31237293795840215,0.0,1.0,0.664429358922009,0.25533537844723714,0.0,1.0,0.44926500612494896,0.2009427486017387,0.03225806451612903,1.0,15,0.18670886075949367,6.925632911392405,14
662,1264,1259,15.21849671803393,102.0625,9,9,7,2,960,0.759493670886076,304,1127,0.8916139240506329,0.9489583333333333,911,216,0.9489583333333333,0.7105263157894737,0.8916139240506329,179,1106,6.17877094972067,0.007120253164556962,0.007120253164556962,0.005537974683544304,0.0015822784810126582,0.4638117599020008,0.3070115306495844,0.0,1.0,0.335468558595345,0.3122915534139363,0.0,1.0,0.664480400163332,0.255408891288148,0.0,1.0,0.44826970191915066,0.20065600451106577,0.03225806451612903,1.0,15,0.1843354430379747,6.9375,15
663,1265,1256,15.247889511580485,102.29328063241107,7,6,4,2,933,0.7381329113924051,331,1065,0.8425632911392406,0.9078242229367631,847,218,0.9078242229367631,0.6586102719033232,0.8425632911392406,169,1031,6.100591715976331,0.005537974683544304,0.004746835443037975,0.0031645569620253164,0.0015822784810126582,0.46331760805814104,0.3069051902176085,0.0,1.0,0.33464235624123423,0.31196367368393196,0.0,1.0,0.6644906285860003,0.25520183105370664,0.0,1.0,0.4476093331633304,0.1999854284823221,0.03225806451612903,1.0,15,0.18498023715415018,6.948616600790514,15
664,1264,1259,15.202410437908009,102.0363924050633,8,9,8,1,998,0.7889328063241107,267,1106,0.8743083003952569,0.9118236472945892,910,196,0.9118236472945892,0.7340823970037453,0.8743083003952569,169,1078,6.378698224852071,0.006324110671936759,0.0071146245059288534,0.006324110671936759,0.0007905138339920949,0.4632758268681095,0.3060319429837631,0.0,1.0,0.33569824418129846,0.311956246167406,0.0,1.0,0.6638168640261332,0.25520672595904687,0.0,1.0,0.4477592895059208,0.2004169535491124,0.03225806451612903,1.0,15,0.18275316455696203,6.959651898734177,15
665,1263,1250,15.232634344449522,102.0221694378464,7,8,6,2,949,0.7507911392405063,315,1109,0.877373417721519,0.9262381454162276,879,230,0.9262381454162276,0.7301587301587301,0.877373417721519,178,1078,6.056179775280899,0.005537974683544304,0.006329113924050633,0.004746835443037975,0.0015822784810126582,0.46392358184558014,0.3053828198401745,0.0,1.0,0.33496794626209997,0.3118549369684655,0.0,1.0,0.6649043496028402,0.25482911886866205,0.0,1.0,0.44836921819528514,0.20103647500270116,0.03225806451612903,1.0,15,0.18448139350752177,6.97624703087886,15
666,1264,1256,15.16764080246638,102.00949367088607,9,8,7,1,973,0.770387965162312,290,1108,0.8772763262074426,0.9280575539568345,903,205,0.9280575539568345,0.7068965517241379,0.8772763262074426,171,1085,6.345029239766082,0.007125890736342043,0.006334125098970704,0.0055423594615993665,0.000791765637371338,0.4642200898325847,0.30554352457195944,0.0,1.0,0.3352388730093916,0.31236552460167616,0.0,1.0,0.6643272764393631,0.25527857155939626,0.0,1.0,0.44870355247039606,0.20120562855911375,0.03225806451612903,1.0,15,0.185126582278481,6.9825949367088604,15
667,1267,1255,15.119271540785721,101.87608524072613,9,6,5,1,994,0.7863924050632911,270,1129,0.8931962025316456,0.93158953722334,926,203,0.93158953722334,0.7518518518518519,0.8931962025316456,183,1111,6.0710382513661205,0.007120253164556962,0.004746835443037975,0.003955696202531646,0.0007911392405063291,0.46464852203579704,0.3056792609765194,0.0,1.0,0.3353616620413983,0.312405531817309,0.0,1.0,0.6642055146778012,0.2553746351619304,0.0,1.0,0.44855768006721497,0.20123461125296854,0.03225806451612903,1.0,15,0.18310970797158643,6.999210734017364,15
668,1259,1260,15.160741323627791,102.24225575853852,3,11,8,3,923,0.728492501973165,344,1092,0.861878453038674,0.9230769230769231,852,240,0.9230769230769231,0.6976744186046512,0.861878453038674,174,1071,6.155172413793103,0.0023677979479084454,0.008681925808997633,0.006314127861089187,0.0023677979479084454,0.4636552307258705,0.3061059167857225,0.0,1.0,0.33557098567731686,0.31262776187111474,0.0,1.0,0.6641727945886392,0.2556749287402473,0.0,1.0,0.4483076686566399,0.2010712339559166,0.03225806451612903,1.0,15,0.18506751389992057,7.0023828435266084,15
669,1254,1266,15.165383250269768,102.1842105263158,5,10,9,1,947,0.7521842732327244,312,1083,0.8602065131056394,0.9017951425554382,854,229,0.9017951425554382,0.7339743589743589,0.8602065131056394,172,1061,6.1686046511627906,0.003971405877680699,0.007942811755361398,0.007148530579825258,0.0007942811755361397,0.46380614292329064,0.30624213674956385,0.0,1.0,0.3373462982970623,0.3128560170903111,0.0,1.0,0.6640942532283789,0.2554824417125537,0.0,1.0,0.44893759324998717,0.20118646015299071,0.03225806451612903,1.0,15,0.18181818181818182,7.018341307814992,15
670,1253,1262,15.22882927697914,102.58100558659218,4,5,5,0,950,0.7575757575757576,304,1078,0.8596491228070176,0.9189473684210526,873,205,0.9189473684210526,0.6743421052631579,0.8596491228070176,178,1052,5.910112359550562,0.003189792663476874,0.003987240829346092,0.003987240829346092,0.0,0.46371289550240713,0.30633025442259815,0.0,1.0,0.3372293592153026,0.31253653608918114,0.0,1.0,0.6650876605823444,0.2552167075419022,0.0,1.0,0.44880673480421185,0.2012546423404886,0.03225806451612903,1.0,15,0.1819632881085395,7.022346368715084,15
671,1248,1265,15.238806076305524,102.54246794871794,9,14,8,6,959,0.7653631284916201,294,1118,0.8922585794094174,0.9290928050052137,891,227,0.9290928050052137,0.7721088435374149,0.8922585794094174,168,1089,6.482142857142857,0.007182761372705506,0.0111731843575419,0.006384676775738229,0.004788507581803671,0.4624689826302729,0.30562152749533195,0.0,1.0,0.33829611248966085,0.31336052424962135,0.0,1.0,0.6646505376344086,0.2546206741204465,0.0,1.0,0.4492090570719603,0.2008506469404887,0.03225806451612903,1.0,15,0.18108974358974358,7.0256410256410255,15
672,1248,1270,15.227398648653358,102.56410256410257,7,7,6,1,966,0.7740384615384616,282,1104,0.8846153846153846,0.917184265010352,886,218,0.917184265010352,0.7730496453900709,0.8846153846153846,172,1081,6.284883720930233,0.005608974358974359,0.005608974358974359,0.004807692307692308,0.0008012820512820513,0.46190033085194376,0.30633877830815126,0.0,1.0,0.33754652605459057,0.3130445006882281,0.0,1.0,0.6640043424317618,0.2548934845643678,0.0,1.0,0.4489505789909015,0.2008639920057955,0.03225806451612903,1.0,15,0.18028846153846154,7.03926282051282,15
673,1244,1278,15.211243244057947,102.82315112540194,4,8,7,1,920,0.7371794871794872,328,1044,0.8365384615384616,0.9130434782608695,840,204,0.9130434782608695,0.6219512195121951,0.8365384615384616,174,1026,5.896551724137931,0.003205128205128205,0.00641025641025641,0.005608974358974359,0.0008012820512820513,0.4620889949175397,0.3055711499003773,0.0,1.0,0.3368945130173218,0.3129768677613615,0.0,1.0,0.6644020329841303,0.25502144801563287,0.0,1.0,0.44842340006223425,0.20050434455214333,0.03225806451612903,1.0,15,0.17926045016077172,7.044212218649518,15
674,1244,1277,15.209635568452324,102.90675241157557,8,8,6,2,940,0.7556270096463023,304,1075,0.8641479099678456,0.9212765957446809,866,209,0.9212765957446809,0.6875,0.8641479099678456,177,1051,5.937853107344632,0.006430868167202572,0.006430868167202572,0.00482315112540193,0.001607717041800643,0.4608702416761747,0.3055078423486758,0.0,1.0,0.33603879265636344,0.3128317229690925,0.0,1.0,0.6644538948241884,0.25464332467845197,0.0,1.0,0.4474380251011306,0.20003513578480933,0.03225806451612903,1.0,15,0.18086816720257234,7.053858520900322,15
675,1241,1278,15.304375854159185,103.3859790491539,3,6,4,2,952,0.7652733118971061,292,1068,0.8585209003215434,0.907563025210084,864,204,0.907563025210084,0.6986301369863014,0.8585209003215434,170,1039,6.1117647058823525,0.002411575562700965,0.00482315112540193,0.003215434083601286,0.001607717041800643,0.46081463959865876,0.30573495226373165,0.0,1.0,0.3353954927087936,0.3123016602211091,0.0,1.0,0.6649164305580827,0.254466233543684,0.0,1.0,0.44807777286787454,0.20040428643513886,0.03225806451612903,1.0,15,0.18211120064464142,7.0588235294117645,15
676,1243,1277,15.214050614534502,102.87530168946098,12,10,9,1,971,0.782433521353747,270,1049,0.8452860596293312,0.8918640576725025,866,183,0.8918640576725025,0.6777777777777778,0.8452860596293312,178,1026,5.764044943820225,0.009669621273166801,0.008058017727639,0.007252215954875101,0.0008058017727639,0.4611112552876755,0.3059970946636115,0.0,1.0,0.3361015233695793,0.3128293137551521,0.0,1.0,0.6643396569174473,0.2547467331049534,0.0,1.0,0.44759037707938654,0.20037793567333567,0.03225806451612903,1.0,15,0.18181818181818182,7.069187449718423,15
677,1248,1281,15.174401755232292,103.11778846153847,9,4,2,2,976,0.7851971037811746,267,1070,0.8608205953338697,0.9108606557377049,889,181,0.9108606557377049,0.6779026217228464,0.8608205953338697,178,1052,5.910112359550562,0.007240547063555913,0.003218020917135961,0.0016090104585679806,0.0016090104585679806,0.4601426799007444,0.30547701615122363,0.0,1.0,0.3360215053763441,0.3124218909472028,0.0,1.0,0.6652708850289495,0.2543233866779318,0.0,1.0,0.4473480148883374,0.20005015741924728,0.03225806451612903,1.0,15,0.18108974358974358,7.074519230769231,15
678,1245,1284,15.227588620335245,103.70682730923694,2,5,4,1,970,0.7772435897435898,278,1103,0.8838141025641025,0.9206185567010309,893,210,0.9206185567010309,0.7553956834532374,0.8838141025641025,176,1082,6.1477272727272725,0.0016025641025641025,0.004006410256410256,0.003205128205128205,0.0008012820512820513,0.4612255473506931,0.3057104994969392,0.0,1.0,0.33610571317528176,0.31204338844347435,0.0,1.0,0.664671589584143,0.25476510304521405,0.0,1.0,0.44754501878481673,0.2003745132305679,0.03225806451612903,1.0,15,0.18072289156626506,7.083534136546184,15
679,1245,1286,15.177411685378576,103.20642570281125,10,10,9,1,942,0.7566265060240964,303,1043,0.8377510040160643,0.8938428874734607,842,201,0.8938428874734607,0.6633663366336634,0.8377510040160643,170,1015,5.970588235294118,0.008032128514056224,0.008032128514056224,0.007228915662650603,0.0008032128514056225,0.4603964244073066,0.3052593987212739,0.0,1.0,0.33706438657857235,0.3126279251570671,0.0,1.0,0.6647234097681047,0.25400214376704994,0.0,1.0,0.4473636481409509,0.2002768724630804,0.03225806451612903,1.0,15,0.17991967871485945,7.102008032128514,15
680,1241,1290,15.26295352572836,103.7767929089444,2,6,4,2,937,0.7526104417670683,308,1051,0.8441767068273093,0.9092849519743863,852,199,0.9092849519743863,0.6461038961038961,0.8441767068273093,172,1027,5.97093023255814,0.001606425702811245,0.004819277108433735,0.00321285140562249,0.001606425702811245,0.45922902965870394,0.3051320902529115,0.0,1.0,0.33820280211068077,0.312914284408137,0.0,1.0,0.6646305008967794,0.2537838420094299,0.0,1.0,0.44714200306724544,0.20023908455045986,0.03225806451612903,1.0,15,0.18049959709911362,7.106365834004835,15
681,1251,1287,15.095310209867243,102.9144684252598,18,8,7,1,925,0.7453666398066076,316,1037,0.8356164383561644,0.8983783783783784,831,206,0.8983783783783784,0.6518987341772152,0.8356164383561644,173,1007,5.820809248554913,0.014504431909750202,0.0064464141821112,0.0056406124093473006,0.0008058017727639,0.45849771795466854,0.3053248240082696,0.0,1.0,0.33843892627833216,0.3123951674068634,0.0,1.0,0.6650421598205307,0.2532062279123468,0.0,1.0,0.44795131636626184,0.20028975936092533,0.03225806451612903,1.0,15,0.18225419664268586,7.10951239008793,15
682,1254,1290,15.07718700271174,103.06858054226475,7,4,4,0,948,0.7577937649880095,303,1095,0.8752997601918465,0.9240506329113924,876,219,0.9240506329113924,0.7227722772277227,0.8752997601918465,178,1076,6.044943820224719,0.005595523581135092,0.0031974420463629096,0.0031974420463629096,0.0,0.4582240057622061,0.30512303203873076,0.0,1.0,0.3381694705973144,0.31227711617140164,0.0,1.0,0.6657148736945002,0.2530673048515995,0.0,1.0,0.44803724854658644,0.20011579251535447,0.03225806451612903,1.0,15,0.18341307814992025,7.118819776714513,16
683,1257,1284,15.076830349930933,102.96499602227526,10,7,5,2,917,0.7312599681020734,337,1092,0.8708133971291866,0.925845147219193,849,243,0.925845147219193,0.7210682492581603,0.8708133971291866,182,1068,5.868131868131868,0.007974481658692184,0.005582137161084529,0.003987240829346092,0.001594896331738437,0.4577976236302513,0.3046805528406318,0.0,1.0,0.3377216619190597,0.3123391169775751,0.0,1.0,0.6653065414324941,0.25280911067605577,0.0,1.0,0.4485846998742526,0.20015276499760803,0.03225806451612903,1.0,15,0.18377088305489261,7.126491646778043,16
684,1251,1292,15.11239073481293,103.31095123900879,3,9,7,2,976,0.7764518695306285,281,1085,0.8631662688941926,0.9077868852459017,886,199,0.9077868852459017,0.708185053380783,0.8631662688941926,166,1059,6.379518072289157,0.002386634844868735,0.007159904534606206,0.005568814638027049,0.0015910898965791568,0.45751785668239603,0.3046826631010356,0.0,1.0,0.33918671514401383,0.3127275756076989,0.0,1.0,0.6652742322271216,0.2532618080699487,0.0,1.0,0.44895696346148883,0.2004073330580462,0.03225806451612903,1.0,15,0.18465227817745802,7.13189448441247,16
685,1242,1299,15.052934243786485,102.94847020933977,7,16,13,3,959,0.7665867306155076,292,1048,0.8377298161470823,0.9092805005213764,872,176,0.9092805005213764,0.6027397260273972,0.8377298161470823,165,1020,6.181818181818182,0.005595523581135092,0.012789768185451638,0.010391686650679457,0.002398081534772182,0.457794400290894,0.30422063136022937,0.0,1.0,0.34003428393330215,0.3124726745233385,0.0,1.0,0.6651602514155108,0.2535721143046925,0.0,1.0,0.4484961820165186,0.2003221490154078,0.03225806451612903,1.0,15,0.18357487922705315,7.150563607085346,16
686,1240,1300,15.08050273180343,103.18870967741935,4,6,5,1,954,0.7681159420289855,288,1058,0.8518518518518519,0.9129979035639413,871,187,0.9129979035639413,0.6493055555555556,0.8518518518518519,169,1028,6.0828402366863905,0.00322061191626409,0.004830917874396135,0.004025764895330112,0.0008051529790660225,0.4581685744016649,0.304287207237804,0.0,1.0,0.33857960457856395,0.31246090667321047,0.0,1.0,0.6651664932362124,0.25380210403436465,0.0,1.0,0.44716441207075963,0.19972249753076912,0.03225806451612903,1.0,15,0.18387096774193548,7.170967741935484,16
687,1240,1295,15.10580022330545,103.21532258064516,7,7,5,2,951,0.7669354838709678,289,1067,0.8604838709677419,0.917981072555205,873,194,0.917981072555205,0.671280276816609,0.8604838709677419,183,1045,5.7103825136612025,0.00564516129032258,0.00564516129032258,0.004032258064516129,0.0016129032258064516,0.45767429760665973,0.3041057297132122,0.0,1.0,0.3374869927159209,0.31221404431836125,0.0,1.0,0.6643080124869927,0.253979023190206,0.0,1.0,0.4464620187304891,0.1996320670527917,0.03225806451612903,1.0,15,0.18387096774193548,7.17741935483871,16
688,1243,1302,15.064081606874106,103.30571198712792,8,5,4,1,932,0.7516129032258064,308,1051,0.8475806451612903,0.8916309012875536,831,220,0.8916309012875536,0.7142857142857143,0.8475806451612903,172,1030,5.988372093023256,0.0064516129032258064,0.004032258064516129,0.0032258064516129032,0.0008064516129032258,0.45841227000233564,0.30405746352125007,0.0,1.0,0.33841123193107203,0.3127865194866364,0.0,1.0,0.6643396569174473,0.25416440629044745,0.0,1.0,0.4462927879998962,0.19979535899177778,0.03225806451612903,1.0,15,0.1834271922767498,7.186645213193886,16
689,1241,1307,15.021234537560215,103.01531023368251,10,12,8,4,894,0.7192276749798874,349,1043,0.8390989541432019,0.8926174496644296,798,245,0.8926174496644296,0.7020057306590258,0.8390989541432019,174,1022,5.873563218390805,0.008045052292839904,0.009654062751407884,0.006436041834271922,0.003218020917135961,0.45668165631254715,0.30411436989487356,0.0,1.0,0.3388006550388604,0.3131718229441778,0.0,1.0,0.6635387694627122,0.25422170171232317,0.0,1.0,0.4460242780276052,0.1993695245833471,0.03225806451612903,1.0,15,0.1845286059629331,7.202256244963739,16
690,1241,1306,15.076377379370507,103.27558420628526,7,7,3,4,969,0.7808219178082192,272,1045,0.8420628525382756,0.8751289989680082,848,197,0.8751289989680082,0.7242647058823529,0.8420628525382756,175,1019,5.822857142857143,0.0056406124093473006,0.0056406124093473006,0.0024174053182917004,0.0032232070910556,0.4564997010735359,0.30385944333583254,0.0,1.0,0.3391385719113098,0.31326523945534107,0.0,1.0,0.6634867822515661,0.25457483070523557,0.0,1.0,0.445816329183021,0.1997879312708598,0.03225806451612903,1.0,15,0.1845286059629331,7.205479452054795,16
691,1241,1304,15.044908766351835,102.66559226430299,12,12,8,4,943,0.7598710717163578,298,1063,0.8565672844480258,0.9056203605514316,854,209,0.9056203605514316,0.7013422818791947,0.8565672844480258,174,1035,5.948275862068965,0.009669621273166801,0.009669621273166801,0.0064464141821112,0.0032232070910556,0.4565256946791089,0.303388162123046,0.0,1.0,0.3389566166722986,0.31374151850669973,0.0,1.0,0.66429258402433,0.2546423500648819,0.0,1.0,0.44597229081645917,0.19918712875826922,0.03225806451612903,1.0,15,0.18372280419016923,7.229653505237711,16
692,1233,1307,15.035444082875683,102.24006488240065,7,15,12,3,904,0.7284448025785657,337,1052,0.8477034649476228,0.9026548672566371,816,236,0.9026548672566371,0.7002967359050445,0.8477034649476228,174,1029,5.913793103448276,0.0056406124093473006,0.012087026591458501,0.009669621273166801,0.0024174053182917004,0.45619129843288075,0.3035043930944586,0.0,1.0,0.3393244904900191,0.31370706317832975,0.0,1.0,0.6648876331004893,0.25472175818503145,0.0,1.0,0.44533396122753316,0.199160125779879,0.03225806451612903,1.0,15,0.18572587185725872,7.247364152473642,16
693,1237,1304,14.993099506688901,102.14955537590946,10,6,5,1,959,0.7777777777777778,274,1077,0.8734793187347932,0.9301355578727841,892,185,0.9301355578727841,0.6751824817518248,0.8734793187347932,170,1044,6.141176470588236,0.008110300081103,0.004866180048661801,0.0040551500405515,0.0008110300081103001,0.45622864891647325,0.3036781569624956,0.0,1.0,0.3396875896419537,0.3131112176555554,0.0,1.0,0.6652671656192141,0.25418308513070126,0.0,1.0,0.44483271181578743,0.19862635634394676,0.03225806451612903,1.0,15,0.18593371059013744,7.255456750202102,16
694,1238,1306,14.97652916525772,102.12358642972536,7,6,6,0,913,0.7380759902991108,324,1067,0.862570735650768,0.9200438116100766,840,227,0.9200438116100766,0.7006172839506173,0.862570735650768,175,1044,5.965714285714285,0.005658852061438965,0.004850444624090542,0.004850444624090542,0.0,0.45554744905935696,0.30339055911065455,0.0,1.0,0.33743290426807027,0.31262392028966896,0.0,1.0,0.6657199437177549,0.2541559961695879,0.0,1.0,0.4440564906977956,0.19804746201413626,0.03225806451612903,1.0,15,0.18820678513731826,7.265751211631664,16
695,1235,1309,15.016702120610098,102.18542510121458,5,8,6,2,936,0.7560581583198708,302,1042,0.8416801292407108,0.9049145299145299,847,195,0.9049145299145299,0.6456953642384106,0.8416801292407108,175,1020,5.828571428571428,0.004038772213247173,0.006462035541195477,0.004846526655896607,0.0016155088852988692,0.45540028731879323,0.3034721443714978,0.0,1.0,0.3372077837273083,0.3128829255157629,0.0,1.0,0.6657960036567846,0.25404446197161,0.0,1.0,0.4445344129554656,0.19798905101042794,0.03225806451612903,1.0,15,0.18704453441295546,7.277732793522267,16
696,1228,1307,15.08986824867785,102.41693811074919,4,11,7,4,952,0.7708502024291498,283,1068,0.8647773279352227,0.9180672268907563,874,194,0.9180672268907563,0.6855123674911661,0.8647773279352227,181,1047,5.7845303867403315,0.0032388663967611335,0.008906882591093117,0.005668016194331984,0.0032388663967611335,0.4547914258694967,0.30371585053656214,0.0,1.0,0.3365556372806557,0.31257673278253995,0.0,1.0,0.6646264579174109,0.2544766509412841,0.0,1.0,0.44402122517600084,0.19788876536549505,0.03225806451612903,1.0,15,0.18566775244299674,7.2882736156351795,16
697,1230,1305,15.15067108757908,102.75040650406504,6,4,3,1,947,0.7711726384364821,281,1068,0.8697068403908795,0.9176346356916578,869,199,0.9176346356916578,0.708185053380783,0.8697068403908795,175,1041,5.948571428571428,0.004885993485342019,0.003257328990228013,0.0024429967426710096,0.0008143322475570033,0.45384211906635197,0.3040481981799267,0.0,1.0,0.33566745344872806,0.3123699498095537,0.0,1.0,0.6651717807500656,0.25450550687038215,0.0,1.0,0.44358772619984266,0.19813149056469648,0.0,1.0,15,0.1878048780487805,7.291869918699187,16
698,1229,1304,15.162973208939283,102.75427176566313,8,9,6,3,948,0.7707317073170732,282,1048,0.8520325203252033,0.9061181434599156,859,189,0.9061181434599156,0.6702127659574468,0.8520325203252033,179,1026,5.731843575418995,0.0065040650406504065,0.007317073170731708,0.004878048780487805,0.0024390243902439024,0.4537651906874196,0.30391205425800094,0.0,1.0,0.33633428698915985,0.31242929850105106,0.0,1.0,0.6665266804903015,0.25461430475224667,0.0,1.0,0.4440274022940235,0.1979880527951335,0.0,1.0,15,0.1871440195280716,7.295362082994305,16
699,1238,1303,15.079869691610146,102.02988691437803,16,7,4,3,905,0.7363710333604556,324,1008,0.8201790073230268,0.9049723756906077,819,189,0.9049723756906077,0.5833333333333334,0.8201790073230268,174,981,5.637931034482759,0.013018714401952807,0.005695687550854353,0.0032546786004882017,0.0024410089503661514,0.45359320444004375,0.30304786865598915,0.0,1.0,0.33631247068633074,0.3121249159546078,0.0,1.0,0.6657460003126792,0.2545322787414454,0.0,1.0,0.44403043410287146,0.19860378529053613,0.0,1.0,15,0.18820678513731826,7.316639741518578,16
700,1236,1301,15.14977392325712,102.2411003236246,5,7,5,2,919,0.7423263327948304,319,1021,0.8247172859450727,0.9096844396082698,836,185,0.9096844396082698,0.5799373040752351,0.8247172859450727,171,990,5.7894736842105265,0.004038772213247173,0.005654281098546042,0.004038772213247173,0.0016155088852988692,0.45239586595678044,0.3030484938526899,0.0,1.0,0.33594320910324665,0.3114451178604293,0.0,1.0,0.6644482722622403,0.254581547681228,0.0,1.0,0.44367888088526986,0.19878268158247936,0.0,1.0,15,0.18932038834951456,7.327669902912621,16
701,1230,1296,15.196445251307413,101.90325203252033,7,13,9,4,933,0.7548543689320388,303,1048,0.8478964401294499,0.9163987138263665,855,193,0.9163987138263665,0.636963696369637,0.8478964401294499,179,1022,5.709497206703911,0.0056634304207119745,0.010517799352750809,0.007281553398058253,0.003236245954692557,0.44927878311041175,0.3024404628180113,0.0,1.0,0.33703120902176764,0.312282742486611,0.0,1.0,0.6634933123524784,0.25473156430993293,0.0,1.0,0.4432467873065828,0.19918420176959822,0.0,1.0,15,0.1878048780487805,7.340650406504065,16
702,1231,1306,15.230499946105255,102.29488220958571,4,3,3,0,900,0.7317073170731707,330,1015,0.8252032520325203,0.8933333333333333,804,211,0.8933333333333333,0.6393939393939394,0.8252032520325203,172,997,5.796511627906977,0.0032520325203252032,0.0024390243902439024,0.0024390243902439024,0.0,0.449123450643327,0.30222406165952614,0.0,1.0,0.33715049395980184,0.3122678365827888,0.0,1.0,0.6627184822200677,0.25495250437182326,0.0,1.0,0.4434108120856372,0.1997457686675868,0.0,1.0,15,0.1868399675060926,7.356620633631194,17
703,1226,1307,15.281550999531188,102.52039151712887,3,8,7,1,923,0.7497969130787977,308,1067,0.8667749796913079,0.9165763813651138,846,221,0.9165763813651138,0.7175324675324676,0.8667749796913079,178,1046,5.876404494382022,0.002437043054427295,0.006498781478472786,0.005686433793663688,0.0008123476848090983,0.4489817397253066,0.3021131950495931,0.0,1.0,0.33781508182918485,0.3123591830777414,0.0,1.0,0.6622375414408251,0.25501980078151304,0.0,1.0,0.4436667894542967,0.19991546339677851,0.0,1.0,15,0.18515497553017946,7.365415986949429,17
704,1224,1312,15.242523454131987,102.1952614379085,9,11,9,2,936,0.763458401305057,290,1013,0.8262642740619902,0.8739316239316239,818,195,0.8739316239316239,0.6724137931034483,0.8262642740619902,174,992,5.7011494252873565,0.00734094616639478,0.00897226753670473,0.00734094616639478,0.0016313213703099511,0.4478969006957622,0.30268999395159424,0.0,1.0,0.33826164874551967,0.31240236399422117,0.0,1.0,0.660921357790428,0.25548175172289755,0.0,1.0,0.4435483870967742,0.20062587826717707,0.0,1.0,15,0.1854575163398693,7.377450980392157,17
705,1221,1314,15.337013426028058,102.84357084357084,4,7,3,4,930,0.7598039215686274,294,1061,0.8668300653594772,0.9096774193548387,846,215,0.9096774193548387,0.7312925170068028,0.8668300653594772,180,1043,5.794444444444444,0.0032679738562091504,0.005718954248366013,0.0024509803921568627,0.0032679738562091504,0.44820480304351273,0.30273047553643473,0.0,1.0,0.33964756545401703,0.3123802949892684,0.0,1.0,0.662122533090275,0.25527280057897445,0.0,1.0,0.4442683152360572,0.20057329777194624,0.0,1.0,15,0.1850941850941851,7.367731367731368,17
706,1219,1313,15.29591952907984,102.16735028712058,13,15,10,5,930,0.7616707616707616,291,1030,0.8435708435708436,0.8989247311827957,836,194,0.8989247311827957,0.6666666666666666,0.8435708435708436,175,1004,5.7371428571428575,0.010647010647010647,0.012285012285012284,0.00819000819000819,0.004095004095004095,0.4474847177750139,0.3034301144659259,0.0,1.0,0.3422424515070523,0.313040174026453,0.0,1.0,0.6627590039429463,0.2548059358835365,0.0,1.0,0.4444944295959142,0.20000699766495694,0.0,1.0,15,0.184577522559475,7.37571780147662,17
707,1225,1312,15.25230696546525,101.9665306122449,11,5,4,1,918,0.7530762920426579,301,1048,0.859721082854799,0.9270152505446623,851,197,0.9270152505446623,0.654485049833887,0.859721082854799,175,1022,5.84,0.009023789991796555,0.004101722723543888,0.003281378178835111,0.0008203445447087777,0.44816326530612244,0.3031333337354053,0.0,1.0,0.34269914417379854,0.3127501623950649,0.0,1.0,0.6643844634628044,0.25448635166722383,0.0,1.0,0.4435023041474654,0.20004578040034574,0.0,1.0,15,0.1853061224489796,7.387755102040816,17
708,1226,1320,15.208941623217532,101.89967373572594,9,8,6,2,918,0.7493877551020408,307,1026,0.8375510204081633,0.9084967320261438,834,192,0.9084967320261438,0.6254071661237784,0.8375510204081633,171,1005,5.87719298245614,0.007346938775510204,0.006530612244897959,0.004897959183673469,0.0016326530612244899,0.44837657212019155,0.3025354596462489,0.0,1.0,0.3423406830500447,0.3128389680374805,0.0,1.0,0.6637373046361101,0.25522939668542893,0.0,1.0,0.44295637530916177,0.19979464699938193,0.0,1.0,15,0.1835236541598695,7.3890701468189235,17
709,1231,1321,15.173284507466205,101.6068237205524,11,6,5,1,888,0.7243066884176182,338,1058,0.8629690048939641,0.9099099099099099,808,250,0.9099099099099099,0.7396449704142012,0.8629690048939641,170,1029,6.052941176470588,0.00897226753670473,0.004893964110929853,0.004078303425774877,0.0008156606851549756,0.44990959356411,0.3017536618949625,0.0,1.0,0.3430203611016483,0.3127748470081459,0.0,1.0,0.6628495060401981,0.2559015413480873,0.0,1.0,0.44215298341238435,0.2004422321907642,0.0,1.0,15,0.18359057676685622,7.41429731925264,17
710,1225,1318,15.199937682120849,101.31510204081633,8,14,9,5,894,0.7262388302193339,337,1070,0.8692120227457352,0.9205816554809844,823,247,0.9205816554809844,0.7329376854599406,0.8692120227457352,173,1040,6.011560693641618,0.006498781478472786,0.011372867587327376,0.007311129163281885,0.004061738424045491,0.4488742593811718,0.30194309479365755,0.0,1.0,0.341909150757077,0.312552757290497,0.0,1.0,0.6618564845292956,0.25655561614832834,0.0,1.0,0.44086899275839375,0.19947500808631072,0.0,1.0,15,0.18285714285714286,7.431020408163265,17
711,1223,1309,15.31768435515178,101.72035977105479,5,7,4,3,946,0.7722448979591837,279,1076,0.8783673469387755,0.927061310782241,877,199,0.927061310782241,0.7132616487455197,0.8783673469387755,176,1043,5.926136363636363,0.004081632653061225,0.005714285714285714,0.0032653061224489797,0.0024489795918367346,0.4481312478569356,0.30215972810551717,0.0,1.0,0.34238915411600246,0.3122387217092239,0.0,1.0,0.6611452536069422,0.2565064624617589,0.0,1.0,0.44132619418141533,0.19951339227222037,0.0,1.0,15,0.1847914963205233,7.438266557645135,17
712,1219,1305,15.263433759839224,101.10582444626743,9,13,12,1,966,0.7898609975470156,257,1047,0.8560915780866721,0.906832298136646,876,171,0.906832298136646,0.6653696498054474,0.8560915780866721,172,1015,5.901162790697675,0.007358953393295176,0.01062959934587081,0.009811937857726901,0.0008176614881439084,0.44841091322871734,0.3022390969455469,0.0,1.0,0.3407076133266294,0.3123357593560375,0.0,1.0,0.6608007621265447,0.25600622248843613,0.0,1.0,0.440498557781365,0.1992922167390362,0.0,1.0,15,0.18293683347005743,7.460213289581624,17
713,1227,1318,15.07790012360824,100.43357783211084,14,6,6,0,939,0.7703035274815423,280,1030,0.844954881050041,0.8924387646432375,838,192,0.8924387646432375,0.6857142857142857,0.844954881050041,168,1011,6.017857142857143,0.011484823625922888,0.004922067268252666,0.004922067268252666,0.0,0.44893130373057816,0.30239092351025776,0.0,1.0,0.33972184977784786,0.3123106094781911,0.0,1.0,0.6587796093277598,0.25615025530011637,0.0,1.0,0.4393879643505008,0.19980250875439448,0.0,1.0,15,0.18337408312958436,7.480032599837001,17
714,1223,1316,15.108152036877145,100.42191332788225,6,10,9,1,919,0.7489812550937245,308,1032,0.8410757946210269,0.9194776931447225,845,187,0.9194776931447225,0.6071428571428571,0.8410757946210269,177,1007,5.6892655367231635,0.004889975550122249,0.008149959250203748,0.007334963325183374,0.0008149959250203749,0.44749821960805,0.3028577495966499,0.0,1.0,0.3405691979004563,0.31322612117002785,0.0,1.0,0.6592461688602854,0.2551647125680649,0.0,1.0,0.4401128900377179,0.19994563603643414,0.0,1.0,15,0.18233851185609157,7.488961569910058,17
715,1220,1320,15.056150573252788,99.93606557377049,7,10,10,0,901,0.7367130008176614,322,1039,0.8495502861815208,0.8923418423973363,804,235,0.8923418423973363,0.7298136645962733,0.8495502861815208,171,1014,5.9298245614035086,0.005723630417007359,0.008176614881439084,0.008176614881439084,0.0,0.4472236911686938,0.30238670807710333,0.0,1.0,0.34175039661554735,0.3135028353432579,0.0,1.0,0.6593072448439979,0.25511667317999465,0.0,1.0,0.4398466419883659,0.20026398969572295,0.0,1.0,15,0.18032786885245902,7.511475409836065,17
716,1216,1316,15.130337964479045,100.21710526315789,5,9,6,3,908,0.7442622950819672,312,1011,0.828688524590164,0.8975770925110133,815,196,0.8975770925110133,0.6282051282051282,0.828688524590164,180,987,5.483333333333333,0.004098360655737705,0.007377049180327869,0.004918032786885246,0.002459016393442623,0.4450604838709677,0.30211335413655277,0.0,1.0,0.34051358234295415,0.31312297202874373,0.0,1.0,0.6589293293718166,0.25558464351026394,0.0,1.0,0.43850806451612906,0.19975654822609365,0.0,1.0,15,0.18338815789473684,7.514802631578948,17
717,1219,1313,15.120569318892533,100.2239540607055,12,9,4,5,924,0.7598684210526315,292,1025,0.8429276315789473,0.9058441558441559,837,188,0.9058441558441559,0.6438356164383562,0.8429276315789473,181,1003,5.541436464088398,0.009868421052631578,0.007401315789473684,0.003289473684210526,0.004111842105263158,0.44483844505014686,0.302057221094379,0.0,1.0,0.3393050887824499,0.31260111118589184,0.0,1.0,0.6578369366746937,0.25601007388348457,0.0,1.0,0.43782582232924927,0.199683829636943,0.0,1.0,15,0.18293683347005743,7.544708777686628,17
718,1221,1312,15.165896423560103,100.49221949221949,7,5,3,2,883,0.7243642329778507,336,1020,0.8367514356029533,0.8958097395243488,791,229,0.8958097395243488,0.6815476190476191,0.8367514356029533,177,996,5.627118644067797,0.005742411812961444,0.004101722723543888,0.002461033634126333,0.0016406890894175555,0.44461176719241235,0.30231934276447747,0.0,1.0,0.33925127473514566,0.31261304432438897,0.0,1.0,0.6575519801326253,0.25615334784983934,0.0,1.0,0.4383767932155029,0.2001026469923505,0.0,1.0,15,0.18263718263718265,7.547092547092547,17
719,1221,1314,15.204555390419673,100.61998361998361,7,7,5,2,926,0.7583947583947583,295,1035,0.8476658476658476,0.9190064794816415,851,184,0.9190064794816415,0.6237288135593221,0.8476658476658476,167,1004,6.0119760479041915,0.005733005733005733,0.005733005733005733,0.004095004095004095,0.001638001638001638,0.44432115399857336,0.30221801957439465,0.0,1.0,0.3377717893846926,0.3119844541753698,0.0,1.0,0.6573406250825605,0.2556706243085904,0.0,1.0,0.4369237272463079,0.19990533093407975,0.0,1.0,15,0.18263718263718265,7.571662571662571,17
720,1216,1320,15.20758537773419,100.33881578947368,7,12,10,2,889,0.7280917280917281,332,1026,0.8402948402948403,0.8830146231721034,785,241,0.8830146231721034,0.7259036144578314,0.8402948402948403,166,998,6.0120481927710845,0.005733005733005733,0.009828009828009828,0.00819000819000819,0.001638001638001638,0.443999363327674,0.30085370380337106,0.0,1.0,0.3386300933786078,0.3119453188311313,0.0,1.0,0.6609719864176571,0.2548980072928398,0.0,1.0,0.43681027164685904,0.19968934691694312,0.0,1.0,15,0.18338815789473684,7.576480263157895,17
721,1226,1329,15.118472053022789,100.16150081566069,14,4,2,2,886,0.7286184210526315,330,990,0.8141447368421053,0.8702031602708804,771,219,0.8702031602708804,0.6636363636363637,0.8141447368421053,168,967,5.755952380952381,0.011513157894736841,0.003289473684210526,0.001644736842105263,0.001644736842105263,0.4429300636741567,0.3008566417035081,0.0,1.0,0.3392622217544598,0.31152738506955985,0.0,1.0,0.6617376203757301,0.2545014382356319,0.0,1.0,0.43674682944798193,0.19922864409561455,0.0,1.0,15,0.18189233278955955,7.587275693311582,17
722,1225,1331,15.152089926199542,100.32979591836735,5,6,4,2,970,0.7911908646003263,256,1017,0.8295269168026101,0.8731958762886598,847,170,0.8731958762886598,0.6640625,0.8295269168026101,174,993,5.706896551724138,0.004078303425774877,0.004893964110929853,0.0032626427406199023,0.0016313213703099511,0.44215931533903885,0.30108187070470704,0.0,1.0,0.33766951942067147,0.3111482739499386,0.0,1.0,0.6617774851876234,0.2545547548640387,0.0,1.0,0.4367610269914417,0.19921127537236594,0.0,1.0,15,0.18285714285714286,7.59265306122449,17
723,1231,1334,15.139894981657665,100.54102355808286,8,2,2,0,900,0.7346938775510204,325,1037,0.846530612244898,0.9088888888888889,818,219,0.9088888888888889,0.6738461538461539,0.846530612244898,165,1005,6.090909090909091,0.006530612244897959,0.0016326530612244899,0.0016326530612244899,0.0,0.44215298341238435,0.3004419770839035,0.0,1.0,0.33715049395980184,0.31101467928881393,0.0,1.0,0.6626398679279893,0.2548003706348677,0.0,1.0,0.43625691150651186,0.19875648623725922,0.0,1.0,15,0.18359057676685622,7.5962632006498785,17
724,1236,1331,15.076911866322387,100.17961165048544,12,7,6,1,932,0.7571080422420796,299,1046,0.8497156783103168,0.9045064377682404,843,203,0.9045064377682404,0.6789297658862876,0.8497156783103168,176,1019,5.7897727272727275,0.00974817221770918,0.005686433793663688,0.00487408610885459,0.0008123476848090983,0.4421129554233219,0.30062398497163206,0.0,1.0,0.3382920972961687,0.3112651462414499,0.0,1.0,0.6624647666771062,0.2548958589713886,0.0,1.0,0.4367888088526986,0.19903187091059596,0.0,1.0,15,0.18446601941747573,7.607605177993528,17
725,1233,1333,15.090565502704965,99.97810218978103,8,11,8,3,901,0.7289644012944984,335,1053,0.8519417475728155,0.9123196448390677,822,231,0.9123196448390677,0.6895522388059702,0.8519417475728155,175,1030,5.885714285714286,0.006472491909385114,0.00889967637540453,0.006472491909385114,0.0024271844660194173,0.442272977003375,0.3010046715481521,0.0,1.0,0.33840881144860424,0.3110273692617407,0.0,1.0,0.6602569133767627,0.255753499545207,0.0,1.0,0.4359940350051017,0.19895801443991662,0.0,1.0,15,0.1841038118410381,7.630170316301703,17
726,1231,1335,15.07228432754406,99.85215272136475,8,10,7,3,926,0.7510137875101379,307,1043,0.845904298459043,0.8974082073434125,831,212,0.8974082073434125,0.6905537459283387,0.845904298459043,180,1025,5.694444444444445,0.006488240064882401,0.008110300081103,0.0056772100567721,0.0024330900243309003,0.44084274521107936,0.30078875134314004,0.0,1.0,0.3385917559812374,0.31126579510926194,0.0,1.0,0.6582374675716045,0.25649190098750263,0.0,1.0,0.43725269253950366,0.19932770844706582,0.0,1.0,15,0.1844029244516653,7.631194151096669,17
727,1233,1341,15.032363807913512,99.69099756690997,8,6,6,0,934,0.7587327376116978,297,1057,0.8586515028432169,0.9197002141327623,859,198,0.9197002141327623,0.6666666666666666,0.8586515028432169,171,1034,6.046783625730995,0.006498781478472786,0.00487408610885459,0.00487408610885459,0.0,0.4401015095623054,0.300420010528617,0.0,1.0,0.3395599508149544,0.31137889680865827,0.0,1.0,0.6587395023938467,0.25573956653780333,0.0,1.0,0.4366742537215812,0.19909504026479066,0.0,1.0,15,0.18653690186536903,7.639091646390916,17
728,1230,1342,15.10294180811593,100.25772357723577,2,5,4,1,986,0.7996755879967559,247,1052,0.8532035685320357,0.9219066937119675,909,143,0.9219066937119675,0.5789473684210527,0.8532035685320357,174,1027,5.902298850574713,0.0016220600162206002,0.0040551500405515,0.0032441200324412004,0.0008110300081103001,0.43975872016784684,0.29953603086006136,0.0,1.0,0.33954891161814843,0.3113419449004235,0.0,1.0,0.6591397849462366,0.25540531534702404,0.0,1.0,0.43676894833464464,0.19902545907912686,0.0,1.0,15,0.18699186991869918,7.639837398373984,17
729,1229,1338,15.04125787822265,99.39707078925956,13,14,11,3,960,0.7804878048780488,270,1083,0.8804878048780488,0.9364583333333333,899,184,0.9364583333333333,0.6814814814814815,0.8804878048780488,182,1061,5.829670329670329,0.01056910569105691,0.011382113821138212,0.00894308943089431,0.0024390243902439024,0.43993280663534473,0.2988911328652917,0.0,1.0,0.341321294522166,0.31217798998394813,0.0,1.0,0.6584949736213549,0.2561842925539742,0.0,1.0,0.43607443764928217,0.19897303301522856,0.0,1.0,15,0.1871440195280716,7.648494711147274,17
730,1224,1343,15.01200980046546,99.29983660130719,6,11,9,2,963,0.7835638730675346,266,1069,0.869812855980472,0.9252336448598131,891,178,0.9252336448598131,0.6691729323308271,0.869812855980472,181,1055,5.828729281767956,0.004882017900732303,0.008950366151342554,0.007323026851098454,0.0016273393002441008,0.4396215475437487,0.2982094876986225,0.0,1.0,0.3407126291376765,0.3123962642914997,0.0,1.0,0.6579169302129454,0.2560082637080316,0.0,1.0,0.4356419987349779,0.19857391366646718,0.0,1.0,15,0.184640522875817,7.646241830065359,17
731,1224,1354,14.95177088764453,99.0016339869281,8,8,8,0,908,0.7418300653594772,316,1058,0.8643790849673203,0.9251101321585903,840,218,0.9251101321585903,0.689873417721519,0.8643790849673203,165,1034,6.266666666666667,0.006535947712418301,0.006535947712418301,0.006535947712418301,0.0,0.4390153911026776,0.2990911883492973,0.0,1.0,0.33826164874551967,0.3119312189828835,0.0,1.0,0.6586548597933798,0.25586744959647595,0.0,1.0,0.4350885515496521,0.1978745037857582,0.0,1.0,15,0.18790849673202614,7.652777777777778,17
732,1222,1357,15.00462165979986,99.38952536824877,5,7,4,3,943,0.7704248366013072,281,1059,0.8651960784313726,0.9151643690349947,863,196,0.9151643690349947,0.697508896797153,0.8651960784313726,170,1032,6.070588235294117,0.004084967320261438,0.005718954248366013,0.0032679738562091504,0.0024509803921568627,0.43833482920648326,0.29894104970158303,0.0,1.0,0.3386040863734755,0.31215872182743165,0.0,1.0,0.6588089330024814,0.2556314965123958,0.0,1.0,0.4354574732062721,0.19797547456858766,0.0,1.0,15,0.18739770867430441,7.658756137479542,17
733,1220,1359,14.994350727827312,99.01229508196721,8,10,9,1,881,0.720949263502455,341,1021,0.8355155482815058,0.9182746878547106,809,212,0.9182746878547106,0.6217008797653959,0.8355155482815058,172,995,5.784883720930233,0.006546644844517185,0.008183306055646482,0.007364975450081833,0.0008183306055646482,0.4366737176097303,0.29855154352550806,0.0,1.0,0.3376784769962982,0.3119367078652815,0.0,1.0,0.6584611316763618,0.2561064257956,0.0,1.0,0.4347170809095717,0.19826422754745948,0.0,1.0,15,0.18934426229508197,7.674590163934426,17
734,1214,1358,15.079050852378423,99.01400329489292,6,12,7,5,899,0.7368852459016394,321,1037,0.85,0.9054505005561735,814,223,0.9054505005561735,0.6947040498442367,0.85,177,1013,5.72316384180791,0.004918032786885246,0.009836065573770493,0.005737704918032787,0.004098360655737705,0.43590901844077157,0.2985944480438057,0.0,1.0,0.3381516713610033,0.3122833493608004,0.0,1.0,0.6571982781527342,0.25643845969949913,0.0,1.0,0.4345538608704894,0.19808869867826537,0.0,1.0,15,0.1886326194398682,7.681219110378913,17
735,1213,1361,15.054707218047279,98.65704863973619,10,11,8,3,923,0.7602965403624382,291,1033,0.8509060955518946,0.914409534127844,844,189,0.914409534127844,0.6494845360824743,0.8509060955518946,170,1006,5.91764705882353,0.008237232289950576,0.009060955518945634,0.006589785831960461,0.002471169686985173,0.435443980533468,0.29884664818334233,0.0,1.0,0.3383240698880408,0.3129661485855814,0.0,1.0,0.6577400739302716,0.25628082965461285,0.0,1.0,0.4349387016993325,0.1975034552158413,0.03225806451612903,1.0,15,0.190436933223413,7.694146743610882,17
736,1214,1359,15.004392123889337,98.16886326194398,11,10,9,1,928,0.765045342126958,285,1024,0.8441879637262985,0.9030172413793104,838,186,0.9030172413793104,0.6526315789473685,0.8441879637262985,174,996,5.724137931034483,0.009068425391591096,0.008244023083264633,0.00741962077493817,0.0008244023083264633,0.4361215921772865,0.2989440810460697,0.0,1.0,0.33971940266780043,0.31324963135017436,0.0,1.0,0.6592708720837541,0.2553612032726334,0.0,1.0,0.43537758409948446,0.1974190188287027,0.03225806451612903,1.0,15,0.1902800658978583,7.699341021416804,17
737,1213,1357,15.135079060698317,98.88623248145095,3,4,2,2,889,0.7322899505766063,325,1002,0.8253706754530478,0.8987626546681665,799,203,0.8987626546681665,0.6246153846153846,0.8253706754530478,175,975,5.571428571428571,0.002471169686985173,0.0032948929159802307,0.0016474464579901153,0.0016474464579901153,0.4359492593676036,0.29908731904574165,0.0,1.0,0.3395739701619551,0.3132939481766233,0.0,1.0,0.6598409701353616,0.255268341690949,0.0,1.0,0.43528441879637264,0.19709104261294216,0.03225806451612903,1.0,15,0.1912613355317395,7.692497938994229,17
738,1214,1359,15.185128286226572,99.16474464579902,6,5,3,2,896,0.7386644682605111,317,1022,0.8425391591096455,0.9095982142857143,815,207,0.9095982142857143,0.6529968454258676,0.8425391591096455,171,995,5.818713450292398,0.00494641384995878,0.004122011541632316,0.00247320692497939,0.0016488046166529267,0.4361215921772865,0.29835283960634956,0.0,1.0,0.3381782430780677,0.313149547985542,0.0,1.0,0.6599085932932987,0.25508334241554764,0.0,1.0,0.43439443056810334,0.19650649813050594,0.03225806451612903,1.0,15,0.19192751235584843,7.701812191103789,17
739,1216,1364,15.206269013076087,99.41200657894737,8,6,3,3,910,0.7495881383855024,304,1081,0.8904448105436573,0.932967032967033,849,232,0.932967032967033,0.7631578947368421,0.8904448105436573,177,1063,6.005649717514125,0.006589785831960461,0.004942339373970346,0.002471169686985173,0.002471169686985173,0.43495331069609505,0.29870765694709245,0.0,1.0,0.3373036926994906,0.3130703486392625,0.0,1.0,0.6587171052631579,0.2553581668201983,0.0,1.0,0.4336799660441426,0.19610515334172673,0.03225806451612903,1.0,15,0.1924342105263158,7.709703947368421,17
740,1219,1369,15.17342712318497,99.25348646431502,9,6,5,1,916,0.7532894736842105,300,1050,0.8634868421052632,0.9246724890829694,847,203,0.9246724890829694,0.6766666666666666,0.8634868421052632,177,1032,5.830508474576271,0.007401315789473684,0.004934210526315789,0.004111842105263158,0.0008223684210526315,0.43422689142343013,0.2986533383577815,0.0,1.0,0.3377173251475297,0.31310761279997373,0.0,1.0,0.6585249675831591,0.25533733173927686,0.0,1.0,0.43250681415226655,0.1957289105269431,0.03225806451612903,1.0,15,0.19196062346185397,7.729286300246104,17
741,1222,1369,15.184976546252958,99.31833060556465,10,7,3,4,915,0.7506152584085316,304,1036,0.8498769483182936,0.9027322404371585,826,210,0.9027322404371585,0.6907894736842105,0.8498769483182936,180,1016,5.644444444444445,0.008203445447087777,0.005742411812961444,0.002461033634126333,0.003281378178835111,0.4328968903436989,0.29815051578983137,0.0,1.0,0.33944881474051003,0.3133014947621354,0.0,1.0,0.6580697956813262,0.2553299362550408,0.0,1.0,0.4324745261601816,0.19581601279533897,0.03225806451612903,1.0,15,0.1890343698854337,7.737315875613748,17
742,1224,1376,15.152560355453593,99.1266339869281,9,7,6,1,888,0.7266775777414075,334,1039,0.8502454991816694,0.9132882882882883,811,228,0.9132882882882883,0.6826347305389222,0.8502454991816694,171,1017,5.947368421052632,0.007364975450081833,0.0057283142389525366,0.004909983633387889,0.0008183306055646482,0.4327956989247312,0.2978381306114771,0.0,1.0,0.3395793801391524,0.31285289025206864,0.0,1.0,0.6569154543537846,0.2555077842244546,0.0,1.0,0.43176786843769766,0.19527951786150258,0.03225806451612903,1.0,15,0.18709150326797386,7.75,17
743,1229,1382,15.125022225482397,99.13425549227014,9,4,3,1,905,0.7393790849673203,319,1039,0.8488562091503268,0.907182320441989,821,218,0.907182320441989,0.6833855799373041,0.8488562091503268,178,1023,5.747191011235955,0.007352941176470588,0.0032679738562091504,0.0024509803921568627,0.0008169934640522876,0.4328197590487939,0.2978624746597728,0.0,1.0,0.3402189033832909,0.3132466210963121,0.0,1.0,0.6576550565631644,0.2556841218293424,0.0,1.0,0.4315073886453713,0.1949618424910667,0.03225806451612903,1.0,15,0.1871440195280716,7.756712774613507,17
744,1222,1388,15.120126462833188,98.88543371522096,5,12,10,2,909,0.7396257119609438,320,1060,0.8624898291293734,0.911991199119912,829,231,0.911991199119912,0.721875,0.8624898291293734,175,1041,5.948571428571428,0.0040683482506102524,0.009764035801464606,0.008136696501220505,0.0016273393002441008,0.4316034000316773,0.29731562374397336,0.0,1.0,0.340372736391954,0.31348543793069067,0.0,1.0,0.6564859299931366,0.25568499610122736,0.0,1.0,0.43157700227020745,0.19505506013265766,0.03225806451612903,1.0,15,0.18657937806873978,7.765139116202946,17
745,1227,1393,15.019527798881011,98.19641401792991,15,10,7,3,908,0.7430441898527005,314,1044,0.8543371522094927,0.9107929515418502,827,217,0.9107929515418502,0.6910828025477707,0.8543371522094927,170,1019,5.9941176470588236,0.012274959083469721,0.008183306055646482,0.0057283142389525366,0.0024549918166939444,0.4307122012777033,0.29777072213709516,0.0,1.0,0.339879590924626,0.31321300685294057,0.0,1.0,0.6569130057575518,0.25537573909966227,0.0,1.0,0.4317375187317612,0.1956407320343653,0.03225806451612903,1.0,15,0.189079054604727,7.784026079869601,17
746,1224,1392,15.103804569887535,98.68218954248366,4,7,4,3,920,0.7497962510187449,307,1054,0.8590057049714751,0.9217391304347826,848,206,0.9217391304347826,0.6710097719869706,0.8590057049714751,166,1019,6.13855421686747,0.0032599837000814994,0.0057049714751426246,0.0032599837000814994,0.0024449877750611247,0.4310299388572634,0.29823343943193564,0.0,1.0,0.34026460046384144,0.31345563660248826,0.0,1.0,0.656493780307822,0.25523721685188455,0.0,1.0,0.43229496099515075,0.19595809655220936,0.03225806451612903,1.0,15,0.18709150326797386,7.783496732026144,17
747,1223,1391,15.131297051661178,98.8789860997547,6,7,5,2,957,0.7818627450980392,267,1070,0.8741830065359477,0.9258098223615465,886,184,0.9258098223615465,0.6891385767790262,0.8741830065359477,172,1041,6.0523255813953485,0.004901960784313725,0.005718954248366013,0.004084967320261438,0.0016339869281045752,0.43127687073035637,0.29785340867036136,0.0,1.0,0.34167699733600615,0.31341310982266096,0.0,1.0,0.6565821749795585,0.2549659971394786,0.0,1.0,0.4320945322185003,0.19610808066540011,0.03225806451612903,1.0,15,0.18642681929681112,7.7906786590351595,17
748,1217,1398,15.160674620593529,98.71322925225965,7,13,9,4,851,0.695829926410466,372,1056,0.8634505314799673,0.9259694477085781,788,268,0.9259694477085781,0.7204301075268817,0.8634505314799673,174,1037,5.959770114942529,0.005723630417007359,0.01062959934587081,0.007358953393295176,0.003270645952575634,0.43115010469955206,0.2982075481140996,0.0,1.0,0.34121451480372145,0.31324377117093416,0.0,1.0,0.6557372703899064,0.2560090326461826,0.0,1.0,0.4326874652105919,0.19607888104493665,0.03225806451612903,1.0,15,0.1848808545603944,7.792933442892358,17
749,1213,1403,15.214873163478664,98.8598516075845,6,10,6,4,873,0.7173377156943304,344,1055,0.866885784716516,0.9037800687285223,789,266,0.9037800687285223,0.7732558139534884,0.866885784716516,171,1031,6.029239766081871,0.0049301561216105174,0.008216926869350863,0.0049301561216105174,0.003286770747740345,0.4321729649230115,0.2984318843448027,0.0,1.0,0.34255245592107014,0.31287425424116916,0.0,1.0,0.6555859904794831,0.2559538567698143,0.0,1.0,0.4332367098369811,0.19658584139535243,0.03225806451612903,1.0,15,0.18301731244847486,7.800494641384996,17
750,1210,1404,15.234767204360606,98.40165289256198,8,11,9,2,876,0.7221764220939819,337,1043,0.8598516075845012,0.9257990867579908,811,232,0.9257990867579908,0.6884272997032641,0.8598516075845012,181,1025,5.662983425414365,0.006595218466611707,0.009068425391591096,0.00741962077493817,0.0016488046166529267,0.4320181284990669,0.29960935953003537,0.0,1.0,0.3428952279392162,0.3126217019328307,0.0,1.0,0.6553719008264463,0.25659031311003455,0.0,1.0,0.4322047454012264,0.19658594973403692,0.03225806451612903,1.0,15,0.18264462809917356,7.819834710743802,17
751,1209,1400,15.281016171797305,98.38709677419355,7,8,6,2,930,0.768595041322314,280,1030,0.8512396694214877,0.9150537634408602,851,179,0.9150537634408602,0.6392857142857142,0.8512396694214877,182,1008,5.538461538461538,0.005785123966942148,0.006611570247933884,0.0049586776859504135,0.001652892561983471,0.4327756877184557,0.3001280998878376,0.0,1.0,0.3424317617866005,0.3126436516645029,0.0,1.0,0.6551668934603379,0.25669458967565567,0.0,1.0,0.4325889164598842,0.19701816332076721,0.03225806451612903,1.0,15,0.1827956989247312,7.829611248966088,17
752,1210,1399,15.336601589356583,98.5305785123967,8,7,4,3,903,0.7468982630272953,306,1037,0.8577336641852771,0.9246954595791805,835,202,0.9246954595791805,0.6601307189542484,0.8577336641852771,178,1014,5.696629213483146,0.006617038875103391,0.005789909015715467,0.0033085194375516956,0.0024813895781637717,0.43284457478005867,0.3006035328847049,0.0,1.0,0.3430818448413756,0.31280615333312095,0.0,1.0,0.6552919221540923,0.2567425838791038,0.0,1.0,0.4338309784057585,0.1984913194088901,0.03225806451612903,1.0,15,0.18099173553719008,7.828099173553719,17
753,1211,1402,15.329863215561888,98.15028901734104,8,7,7,0,871,0.7198347107438017,339,1014,0.8380165289256198,0.878300803673938,765,249,0.878300803673938,0.7345132743362832,0.8380165289256198,172,989,5.75,0.006611570247933884,0.005785123966942148,0.005785123966942148,0.0,0.4312618204096854,0.30072180384424585,0.0,1.0,0.3438640419807677,0.3132721463738061,0.0,1.0,0.6557097573319838,0.25658272241069224,0.0,1.0,0.4329399856157268,0.1988763024214819,0.03225806451612903,1.0,15,0.18249380677126342,7.8282411230388105,17
754,1211,1395,15.364822100018188,97.8356729975227,8,8,5,3,942,0.7778695293146161,269,1048,0.8654004954582989,0.9278131634819533,874,174,0.9278131634819533,0.6468401486988847,0.8654004954582989,184,1025,5.570652173913044,0.006606110652353427,0.006606110652353427,0.004128819157720892,0.002477291494632535,0.4314749207533097,0.3004188282423327,0.0,1.0,0.3436509416371434,0.31309175356117236,0.0,1.0,0.656695346421246,0.25620681744558776,0.0,1.0,0.4321142217841826,0.19944218795709093,0.03225806451612903,1.0,15,0.18166804293971925,7.835672997522709,17
755,1215,1401,15.337035500816363,97.81399176954733,9,5,4,1,919,0.7588769611890999,292,1045,0.8629232039636664,0.9151251360174102,841,204,0.9151251360174102,0.6986301369863014,0.8629232039636664,171,1022,5.976608187134503,0.007431874483897605,0.004128819157720892,0.0033030553261767133,0.0008257638315441783,0.4318598168060534,0.30099619888892204,0.0,1.0,0.3435550245586088,0.3138092448045623,0.0,1.0,0.6575866188769415,0.2565596193731067,0.0,1.0,0.43178016726403823,0.19947502288319147,0.03225806451612903,1.0,15,0.18271604938271604,7.851851851851852,17
756,1210,1408,15.36330219266649,97.71157024793388,8,13,8,5,912,0.7506172839506173,303,1037,0.8534979423868313,0.8969298245614035,818,219,0.8969298245614035,0.7227722772277227,0.8534979423868313,172,1016,5.906976744186046,0.006584362139917695,0.010699588477366255,0.006584362139917695,0.00411522633744856,0.42961876832844575,0.3007180886466214,0.0,1.0,0.34588109837376696,0.31434528718057747,0.0,1.0,0.657664622767262,0.25645192988279847,0.0,1.0,0.432258064516129,0.19875343582285826,0.03225806451612903,1.0,15,0.1834710743801653,7.8429752066115705,17
757,1208,1408,15.454971285873562,98.05794701986756,5,7,4,3,889,0.7347107438016529,321,1058,0.8743801652892562,0.9212598425196851,819,239,0.9212598425196851,0.7445482866043613,0.8743801652892562,178,1036,5.820224719101123,0.004132231404958678,0.005785123966942148,0.003305785123966942,0.0024793388429752068,0.4295823541978209,0.30085681029379663,0.0,1.0,0.3448782311471908,0.31408628511105846,0.0,1.0,0.6567773979918821,0.25651834127226186,0.0,1.0,0.4309976500747703,0.19860637090427435,0.03225806451612903,1.0,15,0.1837748344370861,7.870033112582782,17
758,1207,1404,15.406051057295763,97.34217067108534,12,13,10,3,881,0.7293046357615894,327,1034,0.8559602649006622,0.9148694665153235,806,228,0.9148694665153235,0.6972477064220184,0.8559602649006622,172,1002,5.825581395348837,0.009933774834437087,0.01076158940397351,0.008278145695364239,0.0024834437086092716,0.42878905310420395,0.29936758589385215,0.0,1.0,0.3441216559317957,0.3141229984399547,0.0,1.0,0.6545687788972927,0.25710954859116164,0.0,1.0,0.4290295854825347,0.19769857580805147,0.03225806451612903,1.0,15,0.18475559237779618,7.891466445733223,17
759,1205,1408,15.368594659553032,96.60746887966805,11,13,10,3,909,0.7531068765534383,298,1042,0.8632974316487159,0.9064906490649065,824,218,0.9064906490649065,0.7315436241610739,0.8632974316487159,174,1020,5.862068965517241,0.009113504556752278,0.010770505385252692,0.008285004142502071,0.0024855012427506215,0.4278945254985946,0.3013242176772864,0.0,1.0,0.3422834961852496,0.3140657205524433,0.0,1.0,0.6539151385356713,0.2575323489013859,0.0,1.0,0.4299022888502208,0.19810191115667442,0.03225806451612903,1.0,15,0.18589211618257262,7.904564315352697,17
760,1206,1416,15.300185813131275,96.08374792703151,10,9,8,1,885,0.7344398340248963,320,1023,0.8489626556016597,0.9028248587570622,799,224,0.9028248587570622,0.7,0.8489626556016597,178,1009,5.668539325842697,0.008298755186721992,0.007468879668049793,0.006639004149377593,0.0008298755186721991,0.42973305515433585,0.3020211927147882,0.0,1.0,0.34028780827047556,0.3132009981616152,0.0,1.0,0.6531589365002942,0.25807600048267115,0.0,1.0,0.42863638795270964,0.19776684264439884,0.03225806451612903,1.0,15,0.1857379767827529,7.928689883913765,17
761,1204,1414,15.275781635944165,95.68023255813954,11,13,9,4,900,0.746268656716418,306,1007,0.8349917081260365,0.8888888888888888,800,207,0.8888888888888888,0.6764705882352942,0.8349917081260365,176,981,5.573863636363637,0.00912106135986733,0.01077943615257048,0.007462686567164179,0.003316749585406302,0.42709784589004396,0.30245553014611104,0.0,1.0,0.3408798628228486,0.3136855676807825,0.0,1.0,0.6537080698746116,0.25829295580095046,0.0,1.0,0.428651805808595,0.197401612659592,0.03225806451612903,1.0,15,0.18687707641196014,7.930232558139535,17
762,1212,1420,15.209780404792618,95.72194719471948,10,2,2,0,927,0.7699335548172758,277,1000,0.8305647840531561,0.9061488673139159,840,160,0.9061488673139159,0.5776173285198556,0.8305647840531561,173,979,5.658959537572255,0.008305647840531562,0.0016611295681063123,0.0016611295681063123,0.0,0.4279516661343553,0.3025009400111814,0.0,1.0,0.339375066538912,0.3136615424175109,0.0,1.0,0.6534121154050889,0.2581987393991501,0.0,1.0,0.42779197274566166,0.19703051400487132,0.03225806451612903,1.0,15,0.18894389438943895,7.9496699669967,17
763,1210,1426,15.295585986943262,96.22809917355372,3,5,4,1,881,0.726897689768977,331,1007,0.8308580858085809,0.9080590238365494,800,207,0.9080590238365494,0.6253776435045317,0.8308580858085809,173,986,5.699421965317919,0.0024752475247524753,0.004125412541254125,0.0033003300330033004,0.0008250825082508251,0.42777925886430285,0.3023792819875747,0.0,1.0,0.3404692082111437,0.31400340327920223,0.0,1.0,0.6528392428685684,0.2580169431618447,0.0,1.0,0.4285257264729405,0.19715863702643172,0.03225806451612903,1.0,15,0.1884297520661157,7.948760330578512,17
764,1209,1426,15.361030769357896,96.39619520264682,9,10,5,5,900,0.743801652892562,310,1018,0.8413223140495868,0.9044444444444445,814,204,0.9044444444444445,0.6580645161290323,0.8413223140495868,174,992,5.7011494252873565,0.00743801652892562,0.008264462809917356,0.004132231404958678,0.004132231404958678,0.42685237066090337,0.30265253103959366,0.0,1.0,0.3401905066837429,0.31427130145550425,0.0,1.0,0.6532991808746231,0.2582613117481509,0.0,1.0,0.42858667520478133,0.19664750112073395,0.03225806451612903,1.0,15,0.1902398676592225,7.94044665012407,17
765,1207,1432,15.39196846377002,96.55426677713339,5,7,6,1,884,0.7311827956989247,325,1014,0.8387096774193549,0.8902714932126696,787,227,0.8902714932126696,0.6984615384615385,0.8387096774193549,176,996,5.659090909090909,0.0041356492969396195,0.005789909015715467,0.004962779156327543,0.0008271298593879239,0.42681134243792923,0.30265947022042133,0.0,1.0,0.3392041050859235,0.31356768524726336,0.0,1.0,0.6527781489697196,0.25812414966620784,0.0,1.0,0.42876232728438946,0.19662709285176114,0.03225806451612903,1.0,15,0.19221209610604806,7.937862468931234,17
766,1206,1434,15.392682210061427,96.47512437810946,7,8,6,2,944,0.7821043910521955,263,1029,0.8525269262634632,0.9152542372881356,864,165,0.9152542372881356,0.6273764258555133,0.8525269262634632,175,1006,5.748571428571428,0.00579950289975145,0.006628003314001657,0.004971002485501243,0.0016570008285004142,0.42427646712673195,0.30286672561970124,0.0,1.0,0.33812122184775045,0.31395834872660217,0.0,1.0,0.6527042208313272,0.2582384192139351,0.0,1.0,0.4285026480500722,0.19621158283349438,0.03225806451612903,1.0,15,0.19485903814262023,7.945273631840796,17
767,1200,1437,15.414438218810073,96.28666666666666,5,11,10,1,871,0.7222222222222222,335,1031,0.8548922056384743,0.9253731343283582,806,225,0.9253731343283582,0.6716417910447762,0.8548922056384743,170,1004,5.905882352941177,0.0041459369817578775,0.00912106135986733,0.008291873963515755,0.0008291873963515755,0.4229032258064516,0.3029504011267147,0.0,1.0,0.3368010752688172,0.31290571882205326,0.0,1.0,0.6515860215053764,0.2583355417649217,0.0,1.0,0.42908602150537634,0.1971281776952202,0.03225806451612903,1.0,15,0.19666666666666666,7.9575,17
768,1205,1444,15.32858203884682,95.87717842323651,12,7,5,2,892,0.7433333333333333,308,1016,0.8466666666666667,0.9114349775784754,813,203,0.9114349775784754,0.6590909090909091,0.8466666666666667,167,990,5.92814371257485,0.01,0.005833333333333334,0.004166666666666667,0.0016666666666666668,0.4247356444920359,0.30401318328707727,0.0,1.0,0.3370365412929996,0.3129108956427174,0.0,1.0,0.6511042698433945,0.2583840553080327,0.0,1.0,0.42821576763485475,0.19710312162104365,0.03225806451612903,1.0,15,0.1950207468879668,7.959336099585062,17
769,1203,1448,15.39404213031614,96.22111388196176,7,9,4,5,896,0.7435684647302905,309,1038,0.8614107883817428,0.9252232142857143,829,209,0.9252232142857143,0.6763754045307443,0.8614107883817428,173,1015,5.867052023121388,0.005809128630705394,0.007468879668049793,0.0033195020746887966,0.004149377593360996,0.4235647440538439,0.30334192943834815,0.0,1.0,0.3379722736170327,0.3128339026719228,0.0,1.0,0.6496929718713969,0.25824086049872536,0.0,1.0,0.4283645724398681,0.19715302502643647,0.03225806451612903,1.0,15,0.1936824605153782,7.959268495428097,17
770,1198,1463,15.374805505773384,96.15358931552588,4,9,9,0,923,0.7672485453034081,280,1025,0.8520365752285952,0.9122426868905742,842,183,0.9122426868905742,0.6535714285714286,0.8520365752285952,163,1003,6.153374233128834,0.0033250207813798837,0.007481296758104738,0.007481296758104738,0.0,0.42449781894555444,0.3032133002412471,0.0,1.0,0.3373364209165814,0.31273038826149135,0.0,1.0,0.6497118854003985,0.2584834895163725,0.0,1.0,0.42834832247293875,0.19708581302062805,0.03225806451612903,1.0,15,0.19282136894824708,7.967445742904841,17
771,1194,1459,15.448377755592455,96.10050251256281,8,12,8,4,923,0.7704507512520868,275,1013,0.845575959933222,0.9122426868905742,842,171,0.9122426868905742,0.6218181818181818,0.845575959933222,176,985,5.596590909090909,0.00667779632721202,0.01001669449081803,0.00667779632721202,0.00333889816360601,0.4252174852758416,0.3031161702246582,0.0,1.0,0.3369806019344032,0.31259615520232625,0.0,1.0,0.64994326471065,0.2589120621006209,0.0,1.0,0.42754093045874536,0.19622282755028228,0.03225806451612903,1.0,15,0.19179229480737017,7.974874371859296,17
772,1188,1462,15.454574822486173,95.80555555555556,6,12,10,2,927,0.7763819095477387,267,1014,0.8492462311557789,0.9201725997842503,853,161,0.9201725997842503,0.602996254681648,0.8492462311557789,174,991,5.695402298850575,0.005025125628140704,0.010050251256281407,0.008375209380234505,0.0016750418760469012,0.42367220593027044,0.30282696862528413,0.0,1.0,0.3369718692299337,0.3123241187412752,0.0,1.0,0.6494515042902139,0.2590756680690913,0.0,1.0,0.425735853155208,0.19513154135190594,0.03225806451612903,1.0,15,0.19276094276094277,7.988215488215488,17
773,1195,1462,15.393515949504694,95.38493723849372,12,5,5,0,903,0.76010101010101,285,1011,0.851010101010101,0.9102990033222591,822,189,0.9102990033222591,0.6631578947368421,0.851010101010101,175,986,5.634285714285714,0.010101010101010102,0.004208754208754209,0.004208754208754209,0.0,0.42178431637198,0.3027703275057457,0.0,1.0,0.336725603995141,0.31201516350502206,0.0,1.0,0.6488325010122824,0.2585777764323583,0.0,1.0,0.4251315967067081,0.1944588228070843,0.03225806451612903,1.0,15,0.19330543933054392,8.005857740585775,17
774,1191,1471,15.42280836793133,95.30142737195634,6,10,7,3,903,0.7556485355648536,292,1023,0.8560669456066946,0.920265780730897,831,192,0.920265780730897,0.6575342465753424,0.8560669456066946,167,999,5.982035928143713,0.00502092050209205,0.008368200836820083,0.005857740585774059,0.002510460251046025,0.42116952411906505,0.3028112845772134,0.0,1.0,0.3354730370249993,0.31159731399461316,0.0,1.0,0.6491698491373473,0.2589831040527494,0.0,1.0,0.42477181008098375,0.19445454475284554,0.03225806451612903,1.0,15,0.19311502938706968,8.018471872376155,17
775,1196,1472,15.41520935766415,95.29515050167224,10,5,3,2,888,0.7455919395465995,303,1017,0.853904282115869,0.9132882882882883,811,206,0.9132882882882883,0.6798679867986799,0.853904282115869,180,998,5.544444444444444,0.008396305625524769,0.0041981528127623844,0.0025188916876574307,0.0016792611251049538,0.42067644837630813,0.3032952826727358,0.0,1.0,0.33701046499082965,0.31175278900500974,0.0,1.0,0.6501510411047579,0.2584525884098562,0.0,1.0,0.4247761355054483,0.1939373314895679,0.03225806451612903,1.0,15,0.1948160535117057,8.017558528428093,17
776,1195,1479,15.3451434791091,94.94644351464436,8,9,9,0,914,0.7642140468227425,282,1028,0.8595317725752508,0.9223194748358862,843,185,0.9223194748358862,0.6560283687943262,0.8595317725752508,170,1005,5.911764705882353,0.006688963210702341,0.007525083612040134,0.007525083612040134,0.0,0.4205155891483331,0.30357201430287867,0.0,1.0,0.33564583614522875,0.31160986828438925,0.0,1.0,0.6497772978809556,0.2587965904329208,0.0,1.0,0.4240518288567958,0.19414284118482514,0.03225806451612903,1.0,15,0.19665271966527198,8.03347280334728,17
777,1200,1486,15.227394281530914,94.38333333333334,12,7,7,0,898,0.7514644351464436,297,1010,0.8451882845188284,0.9086859688195991,816,194,0.9086859688195991,0.6531986531986532,0.8451882845188284,170,987,5.805882352941176,0.0100418410041841,0.005857740585774059,0.005857740585774059,0.0,0.4213172043010753,0.3028460204073031,0.0,1.0,0.3329569892473118,0.31095424036335917,0.0,1.0,0.6490860215053763,0.2597529387727186,0.0,1.0,0.42301075268817206,0.19362585068719915,0.03225806451612903,1.0,15,0.19916666666666666,8.045,17
778,1200,1489,15.246975978446686,94.37666666666667,10,10,5,5,927,0.7725,273,1025,0.8541666666666666,0.9147788565264293,848,177,0.9147788565264293,0.6483516483516484,0.8541666666666666,168,996,5.928571428571429,0.008333333333333333,0.008333333333333333,0.004166666666666667,0.004166666666666667,0.42349462365591395,0.3030602337171998,0.0,1.0,0.3343548387096774,0.3108347131020495,0.0,1.0,0.6492741935483871,0.25942767075717243,0.0,1.0,0.4234408602150538,0.19417181554761795,0.03225806451612903,1.0,15,0.19833333333333333,8.035833333333333,17
779,1206,1484,15.227719400514736,93.97429519071311,12,6,4,2,894,0.745,306,1045,0.8708333333333333,0.9284116331096197,830,215,0.9284116331096197,0.7026143790849673,0.8708333333333333,168,1008,6.0,0.01,0.005,0.0033333333333333335,0.0016666666666666668,0.425132402503611,0.30323598393412254,0.0,1.0,0.3357139036002782,0.31082342622469544,0.0,1.0,0.6496014550901407,0.25929724649497404,0.0,1.0,0.4230460600224683,0.19407862815284865,0.03225806451612903,1.0,15,0.1956882255389718,8.050580431177446,17
780,1204,1490,15.239609024464785,93.8421926910299,8,10,7,3,897,0.7437810945273632,309,1033,0.8565505804311775,0.9175027870680045,823,210,0.9175027870680045,0.6796116504854369,0.8565505804311775,171,1010,5.906432748538012,0.006633499170812604,0.008291873963515755,0.005804311774461028,0.0024875621890547263,0.42508841496088307,0.3027958588762068,0.0,1.0,0.3358160968813632,0.31121788064574996,0.0,1.0,0.6514307148215626,0.2589079721704658,0.0,1.0,0.4227842674954453,0.1934018486335182,0.03225806451612903,1.0,15,0.1951827242524917,8.06063122923588,17
781,1203,1486,15.288408288939204,93.88445552784705,6,7,6,1,955,0.7931893687707641,249,1047,0.8696013289036545,0.9225130890052357,881,166,0.9225130890052357,0.6666666666666666,0.8696013289036545,176,1019,5.7897727272727275,0.0049833887043189366,0.005813953488372093,0.0049833887043189366,0.0008305647840531562,0.42568310406778753,0.3024984021121225,0.0,1.0,0.33596117233797224,0.3108059603348138,0.0,1.0,0.6520258493551069,0.2586094902304046,0.0,1.0,0.42235808328640767,0.1927368212383776,0.03225806451612903,1.0,15,0.19534497090606817,8.065669160432252,17
782,1195,1480,15.35966821687664,93.5857740585774,3,11,11,0,951,0.7905236907730673,252,1028,0.8545303408146301,0.900105152471083,856,172,0.900105152471083,0.6825396825396826,0.8545303408146301,174,996,5.724137931034483,0.0024937655860349127,0.00914380714879468,0.00914380714879468,0.0,0.42505061411796463,0.30239120334431996,0.0,1.0,0.3357808071264678,0.3104212547633788,0.0,0.9354838709677419,0.6505331353758942,0.2585833983927828,0.0,1.0,0.4217573221757322,0.19282803716500263,0.03225806451612903,1.0,15,0.19414225941422594,8.07866108786611,17
783,1199,1476,15.320869938776262,92.91242702251877,13,9,7,2,882,0.7380753138075313,313,1028,0.8602510460251046,0.9115646258503401,804,224,0.9115646258503401,0.7156549520766773,0.8602510460251046,170,994,5.847058823529411,0.010878661087866108,0.007531380753138075,0.005857740585774059,0.0016736401673640166,0.4254082703328042,0.3033104243586916,0.0,1.0,0.335629153326697,0.30981047613654633,0.0,0.9354838709677419,0.6496811859345153,0.25920953904639465,0.0,1.0,0.4211305119857946,0.19257822934466698,0.03225806451612903,1.0,15,0.19432860717264386,8.085904920767305,17
784,1198,1480,15.277260496303027,92.57679465776293,10,11,8,3,902,0.7522935779816514,297,1012,0.8440366972477065,0.9113082039911308,822,190,0.9113082039911308,0.6397306397306397,0.8440366972477065,174,990,5.689655172413793,0.008340283569641367,0.009174311926605505,0.006672226855713094,0.0025020850708924102,0.425790295654047,0.30344348958556683,0.0,1.0,0.3346437611072217,0.30929402136227374,0.0,0.9354838709677419,0.6496580322042113,0.2597782914969942,0.0,1.0,0.42018956325057893,0.19250034392514628,0.03225806451612903,1.0,15,0.19449081803005008,8.10016694490818,17
785,1197,1477,15.288078214017247,92.28320802005013,9,10,8,2,925,0.7721202003338898,273,1062,0.8864774624373957,0.9297297297297298,860,202,0.9297297297297298,0.73992673992674,0.8864774624373957,176,1035,5.880681818181818,0.007512520868113523,0.008347245409015025,0.00667779632721202,0.001669449081803005,0.42380143908157486,0.30298967433926227,0.0,1.0,0.33406095884873477,0.30942589196088044,0.0,0.9354838709677419,0.651063141725281,0.2592290074227794,0.0,1.0,0.42107958067211043,0.19298743305923693,0.03225806451612903,1.0,15,0.1946532999164578,8.112781954887218,17
786,1205,1482,15.280181846237134,92.39253112033195,11,3,1,2,864,0.7218045112781954,333,1021,0.8529657477025898,0.9212962962962963,796,225,0.9212962962962963,0.6756756756756757,0.8529657477025898,167,993,5.946107784431137,0.009189640768588136,0.002506265664160401,0.000835421888053467,0.001670843776106934,0.42497657609423106,0.30303437127349486,0.0,1.0,0.3348949270512649,0.3095876123798125,0.0,0.9354838709677419,0.6509971891313078,0.2594604212353993,0.0,1.0,0.42082719850087,0.19321456427334216,0.03225806451612903,1.0,15,0.1941908713692946,8.115352697095435,17
787,1211,1481,15.257365874279676,92.16350123864575,11,5,4,1,881,0.7311203319502074,324,1034,0.8580912863070539,0.9091940976163451,801,233,0.9091940976163451,0.7191358024691358,0.8580912863070539,173,1006,5.815028901734104,0.009128630705394191,0.004149377593360996,0.0033195020746887966,0.0008298755186721991,0.4255613862177353,0.30288585985376404,0.0,1.0,0.33640552995391704,0.3096757703596941,0.0,0.9354838709677419,0.6512879252017795,0.2594531197338031,0.0,1.0,0.4202338776271277,0.19348644654783406,0.03225806451612903,1.0,15,0.19240297274979357,8.128819157720892,17
788,1210,1486,15.308409375706148,92.29752066115702,6,7,5,2,877,0.7241948802642444,334,1012,0.8356729975227085,0.9019384264538198,791,221,0.9019384264538198,0.6616766467065869,0.8356729975227085,175,992,5.668571428571428,0.00495458298926507,0.005780346820809248,0.004128819157720892,0.0016515276630883566,0.42551319648093844,0.303247502017431,0.0,1.0,0.3371900826446281,0.3095110507908968,0.0,0.9354838709677419,0.6513996267661957,0.25906688015381935,0.0,1.0,0.4193814982671288,0.1930300514512793,0.03225806451612903,1.0,15,0.19173553719008266,8.137190082644628,17
789,1212,1479,15.327819107885826,92.18234323432343,9,7,6,1,919,0.759504132231405,291,1055,0.871900826446281,0.9151251360174102,841,214,0.9151251360174102,0.7353951890034365,0.871900826446281,182,1030,5.65934065934066,0.00743801652892562,0.005785123966942148,0.0049586776859504135,0.0008264462809917355,0.42584903651655487,0.3028497811867992,0.0,1.0,0.33711274353241777,0.309602706139436,0.0,0.9354838709677419,0.6525870328968382,0.2594196407597405,0.0,1.0,0.419780687746194,0.19297483415213437,0.03225806451612903,1.0,15,0.19389438943894388,8.14026402640264,17
790,1208,1478,15.180563197440174,90.94370860927152,13,17,14,3,921,0.7599009900990099,291,1069,0.8820132013201321,0.9294245385450597,856,213,0.9294245385450597,0.7319587628865979,0.8820132013201321,183,1051,5.743169398907104,0.010726072607260726,0.014026402640264026,0.01155115511551155,0.0024752475247524753,0.42814035462508004,0.3032634684301901,0.0,1.0,0.33611941892757957,0.30882078594673384,0.0,0.9354838709677419,0.6535996581926938,0.25951468770638975,0.0,1.0,0.41892757957701343,0.19278982429897976,0.03225806451612903,1.0,15,0.19370860927152317,8.158112582781458,17
791,1210,1483,15.170799622087015,90.88347107438017,9,7,5,2,890,0.7367549668874173,318,1032,0.8543046357615894,0.9191011235955057,818,214,0.9191011235955057,0.6729559748427673,0.8543046357615894,173,1010,5.838150289017341,0.0074503311258278145,0.005794701986754967,0.0041390728476821195,0.0016556291390728477,0.4286057051452946,0.3031121820241997,0.0,1.0,0.337723273793655,0.3092018595280801,0.0,0.9354838709677419,0.6537989869368168,0.25945579872361096,0.0,1.0,0.41924820047987205,0.19360166950063312,0.03225806451612903,1.0,15,0.19173553719008266,8.16694214876033,17
792,1209,1488,15.20876745346266,91.26385442514474,6,7,4,3,919,0.759504132231405,291,1048,0.8661157024793389,0.9151251360174102,841,207,0.9151251360174102,0.711340206185567,0.8661157024793389,171,1024,5.988304093567251,0.0049586776859504135,0.005785123966942148,0.003305785123966942,0.0024793388429752068,0.42807972464580163,0.3036162927452962,0.0,1.0,0.3367218975959871,0.3089152485104245,0.0,0.9354838709677419,0.6524720510152352,0.26017358767899235,0.0,1.0,0.4189279329757998,0.1936412796257804,0.03225806451612903,1.0,15,0.19189412737799835,8.176178660049628,17
793,1203,1485,15.239860056043307,91.12718204488777,5,11,9,2,951,0.7866004962779156,258,1072,0.8866832092638545,0.9295478443743428,884,188,0.9295478443743428,0.7286821705426356,0.8866832092638545,176,1045,5.9375,0.0041356492969396195,0.009098428453267164,0.007444168734491315,0.0016542597187758478,0.4278550934491728,0.3032948150260299,0.0,1.0,0.3373555358914541,0.3092555690153482,0.0,0.9354838709677419,0.6533397688574264,0.25977111225299676,0.0,1.0,0.4188989890864237,0.19351879878067904,0.03225806451612903,1.0,15,0.19201995012468828,8.188694929343308,17
794,1201,1492,15.308810861455678,91.52955870108244,6,8,4,4,921,0.7655860349127181,282,998,0.829592684954281,0.8979370249728555,827,171,0.8979370249728555,0.6063829787234043,0.829592684954281,171,976,5.707602339181286,0.004987531172069825,0.006650041562759767,0.0033250207813798837,0.0033250207813798837,0.4260696731218608,0.30240405452533925,0.0,1.0,0.33797104563401464,0.30968505782740136,0.0,0.9354838709677419,0.6533265289677956,0.25996295278715975,0.0,1.0,0.41940855738497484,0.19443271751372782,0.03225806451612903,1.0,15,0.19233971690258117,8.19067443796836,17
795,1200,1488,15.338220332414185,91.36583333333333,7,8,7,1,922,0.7676935886761033,279,1053,0.8767693588676103,0.9273318872017353,855,198,0.9273318872017353,0.7096774193548387,0.8767693588676103,178,1027,5.769662921348314,0.005828476269775187,0.006661115736885929,0.005828476269775187,0.0008326394671107411,0.4261559139784946,0.30277027549175806,0.0,1.0,0.33733870967741936,0.30939423726264753,0.0,0.9354838709677419,0.6519086021505376,0.2605899600311732,0.0,1.0,0.419005376344086,0.19470278310391514,0.03225806451612903,1.0,15,0.19083333333333333,8.210833333333333,17
796,1200,1493,15.40790543738012,91.64,4,4,4,0,899,0.7491666666666666,301,1048,0.8733333333333333,0.9132369299221357,821,227,0.9132369299221357,0.7541528239202658,0.8733333333333333,173,1026,5.930635838150289,0.0033333333333333335,0.0033333333333333335,0.0033333333333333335,0.0,0.4266129032258065,0.30299300431853693,0.0,1.0,0.3383064516129032,0.30924843228706644,0.0,0.9354838709677419,0.6519354838709678,0.26037120969895483,0.0,1.0,0.419758064516129,0.1951075472522708,0.03225806451612903,1.0,15,0.19083333333333333,8.211666666666666,17
797,1201,1503,15.396036099565924,91.65195670274771,8,7,5,2,870,0.725,330,1010,0.8416666666666667,0.906896551724138,789,221,0.906896551724138,0.6696969696969697,0.8416666666666667,170,990,5.823529411764706,0.006666666666666667,0.005833333333333334,0.004166666666666667,0.0016666666666666668,0.4259085170959684,0.302965770823013,0.0,1.0,0.33568800193387227,0.30846294303052274,0.0,0.9354838709677419,0.6519567027477102,0.25992737630503976,0.0,1.0,0.41865649593081034,0.19463189760426824,0.03225806451612903,1.0,14,0.19233971690258117,8.220649458784345,17
798,1209,1496,15.376206472902565,91.42928039702234,13,5,3,2,879,0.7318900915903414,322,1025,0.8534554537885096,0.9180887372013652,807,218,0.9180887372013652,0.6770186335403726,0.8534554537885096,174,992,5.7011494252873565,0.010824313072439634,0.004163197335553705,0.002497918401332223,0.0016652789342214821,0.42570506150110726,0.3036426443921876,0.0,1.0,0.3362416286453747,0.308239573693698,0.0,0.9354838709677419,0.6523119613650311,0.26022103868529356,0.0,1.0,0.4189812961925345,0.19466100926968638,0.03225806451612903,1.0,14,0.19272125723738626,8.233250620347395,17
799,1212,1497,15.386684980034444,91.51155115511551,8,5,4,1,909,0.7518610421836228,300,1048,0.8668320926385442,0.9064906490649065,824,224,0.9064906490649065,0.7466666666666667,0.8668320926385442,177,1026,5.796610169491525,0.006617038875103391,0.0041356492969396195,0.0033085194375516956,0.0008271298593879239,0.42560949643351437,0.30376487972506894,0.0,1.0,0.3365272011072075,0.3083486868766527,0.0,0.9354838709677419,0.6536782710529118,0.26016114322106004,0.0,1.0,0.41983391887575855,0.1947506325113118,0.03225806451612903,1.0,14,0.19224422442244224,8.227722772277227,17
800,1212,1490,15.377303241872111,91.13861386138613,9,9,8,1,926,0.764026402640264,286,1062,0.8762376237623762,0.9168466522678186,849,213,0.9168466522678186,0.7447552447552448,0.8762376237623762,176,1031,5.857954545454546,0.007425742574257425,0.007425742574257425,0.006600660066006601,0.0008250825082508251,0.42435856488874696,0.30298010510592155,0.0,1.0,0.3368998190141595,0.308337176882554,0.0,0.9354838709677419,0.652107952730757,0.2599354531307077,0.0,1.0,0.41980730331097627,0.1953515352910015,0.03225806451612903,1.0,14,0.19224422442244224,8.249174917491748,17
801,1208,1498,15.421223094612577,91.45612582781457,3,7,6,1,888,0.7326732673267327,324,1022,0.8432343234323433,0.9268018018018018,823,199,0.9268018018018018,0.6141975308641975,0.8432343234323433,165,995,6.03030303030303,0.0024752475247524753,0.005775577557755775,0.0049504950495049506,0.0008250825082508251,0.4262176885280923,0.30384652022730685,0.0,1.0,0.3363864558854946,0.30793182788717594,0.0,0.9354838709677419,0.6517303994872891,0.260231608013137,0.0,1.0,0.4194349497970519,0.19535357817667512,0.03225806451612903,1.0,14,0.19288079470198677,8.258278145695364,17
802,1207,1494,15.431058835536659,91.09362054681027,9,10,8,2,919,0.7607615894039735,289,1042,0.8625827814569537,0.9227421109902068,848,194,0.9227421109902068,0.671280276816609,0.8625827814569537,171,1009,5.900584795321637,0.0074503311258278145,0.008278145695364239,0.006622516556291391,0.0016556291390728477,0.42774674613143754,0.30453056455837774,0.0,1.0,0.33749365261779407,0.3083423076410891,0.0,0.9354838709677419,0.6516022128978807,0.26096282481310196,0.0,1.0,0.41946174198893554,0.1947340250671086,0.03225806451612903,1.0,14,0.19221209610604806,8.255178127589064,17
803,1207,1491,15.460118564684755,91.13753106876554,9,9,5,4,937,0.776304888152444,270,1042,0.8632974316487159,0.9156883671291356,858,184,0.9156883671291356,0.6814814814814815,0.8632974316487159,175,1014,5.7942857142857145,0.007456503728251864,0.007456503728251864,0.004142502071251036,0.0033140016570008283,0.42739931047384877,0.30476491419848023,0.0,1.0,0.3365315231044712,0.3081580134758679,0.0,0.9354838709677419,0.651415132159179,0.26214902866299333,0.0,1.0,0.41815217681802386,0.1941028713860585,0.03225806451612903,1.0,14,0.19386909693454846,8.27506213753107,17
804,1210,1489,15.522290133578716,91.64710743801653,7,4,1,3,938,0.7771333885666943,269,1069,0.8856669428334715,0.9243070362473348,867,202,0.9243070362473348,0.7509293680297398,0.8856669428334715,173,1040,6.011560693641618,0.00579950289975145,0.0033140016570008283,0.0008285004142502071,0.0024855012427506215,0.42593974940015994,0.30386748010112935,0.0,1.0,0.33700346574246864,0.30816233123244763,0.0,0.9354838709677419,0.6525193281791521,0.2625428615728224,0.0,1.0,0.4185283924286857,0.1937664411630839,0.03225806451612903,1.0,14,0.1933884297520661,8.268595041322314,17
805,1211,1485,15.612317909543943,92.17506193228736,6,5,2,3,937,0.7743801652892562,273,1043,0.8619834710743801,0.9242262540021344,866,177,0.9242262540021344,0.6483516483516484,0.8619834710743801,173,1012,5.8497109826589595,0.0049586776859504135,0.004132231404958678,0.001652892561983471,0.0024793388429752068,0.42699981353719935,0.3032159201616361,0.0,1.0,0.33653871766868226,0.3079208875609303,0.0,0.9354838709677419,0.6519538637756054,0.2629582228327331,0.0,1.0,0.41783649876135426,0.19377537698937075,0.03225806451612903,1.0,14,0.19322873658133774,8.275805119735756,17
806,1217,1478,15.55251742091865,91.83566146261299,14,8,5,3,907,0.7489677952105698,304,1030,0.8505367464905037,0.9173098125689085,832,198,0.9173098125689085,0.6513157894736842,0.8505367464905037,175,998,5.702857142857143,0.011560693641618497,0.006606110652353427,0.004128819157720892,0.002477291494632535,0.4256898242637898,0.3026923141920431,0.0,1.0,0.3355951970737138,0.3079388468784813,0.0,0.9354838709677419,0.6496408407771622,0.26349017784503814,0.0,1.0,0.4166512047075039,0.1937546967456922,0.03225806451612903,1.0,14,0.19391947411668037,8.290879211175021,17
807,1221,1476,15.462304179559794,91.12285012285012,12,8,8,0,898,0.7378800328677074,319,1054,0.8660640920295809,0.9142538975501113,821,233,0.9142538975501113,0.7304075235109718,0.8660640920295809,179,1031,5.759776536312849,0.009860312243221035,0.00657354149548069,0.00657354149548069,0.0,0.4263031359805553,0.30313696604224477,0.0,1.0,0.33494491559007683,0.3074225432570109,0.0,0.9354838709677419,0.6474861958732927,0.26379928535314984,0.0,1.0,0.41747906264035295,0.1945472613586253,0.03225806451612903,1.0,14,0.19246519246519248,8.304668304668304,17
808,1231,1467,15.390781070466554,90.65800162469537,15,5,4,1,908,0.7436527436527437,313,1034,0.8468468468468469,0.9107929515418502,827,207,0.9107929515418502,0.6613418530351438,0.8468468468468469,174,999,5.741379310344827,0.012285012285012284,0.004095004095004095,0.003276003276003276,0.000819000819000819,0.42624669164854173,0.30335631533922724,0.0,1.0,0.3348968842535573,0.30696259685354815,0.0,0.9354838709677419,0.6492492335106522,0.2641768324932128,0.0,1.0,0.41833285291265954,0.19457586611122565,0.03225806451612903,1.0,14,0.1917140536149472,8.312753858651503,17
809,1239,1464,15.305452057910841,90.1000807102502,15,7,5,2,913,0.7416734362307067,318,1005,0.8164094232331438,0.8860898138006572,809,196,0.8860898138006572,0.6163522012578616,0.8164094232331438,175,977,5.582857142857143,0.012185215272136474,0.005686433793663688,0.004061738424045491,0.0016246953696181965,0.425993907677888,0.30310180494526323,0.0,1.0,0.3366658855997292,0.30778205606512854,0.0,0.9354838709677419,0.6518524304199537,0.26282688769128437,0.0,1.0,0.4179749537868729,0.19431217993904448,0.03225806451612903,1.0,14,0.1937046004842615,8.319612590799032,17
810,1243,1466,15.30089433761869,90.32823813354787,7,3,3,0,927,0.7481840193704601,312,1027,0.8288942695722357,0.8921251348435815,827,200,0.8921251348435815,0.6410256410256411,0.8288942695722357,168,997,5.934523809523809,0.005649717514124294,0.002421307506053269,0.002421307506053269,0.0,0.42521994134897356,0.3027193639423376,0.0,1.0,0.3363610411854774,0.3074952975832966,0.0,0.9354838709677419,0.6514935250304934,0.26281554109297295,0.0,1.0,0.4179274907222381,0.19457200055575977,0.03225806451612903,1.0,14,0.19308125502815768,8.328238133547869,17
811,1249,1455,15.267438668287081,90.09127301841473,12,6,5,1,937,0.7538213998390989,306,1033,0.831053901850362,0.8996798292422625,843,190,0.8996798292422625,0.6209150326797386,0.831053901850362,178,1000,5.617977528089888,0.009654062751407884,0.004827031375703942,0.004022526146419952,0.0008045052292839903,0.4248301867300292,0.30314388498790695,0.0,1.0,0.33399622924145767,0.30732757706243796,0.0,0.9354838709677419,0.6512823161755211,0.2632331088764948,0.0,1.0,0.41801182881789306,0.19457409427273373,0.03225806451612903,1.0,14,0.1945556445156125,8.349879903923139,17
812,1251,1457,15.270962279598495,90.28057553956835,7,5,4,1,934,0.7477982385908727,315,1059,0.8478783026421137,0.9057815845824411,846,213,0.9057815845824411,0.6761904761904762,0.8478783026421137,169,1030,6.094674556213017,0.005604483586869495,0.0040032025620496394,0.0032025620496397116,0.0008006405124099279,0.42427993089399446,0.30283530924930274,0.0,1.0,0.33281761687424255,0.3074600300128944,0.0,0.9354838709677419,0.650911528841443,0.2635300408095704,0.0,1.0,0.41824604832263224,0.19474698700376206,0.03225806451612903,1.0,14,0.19424460431654678,8.352517985611511,17
813,1260,1458,15.147812414169078,89.85634920634921,14,5,5,0,945,0.7553956834532374,306,1063,0.8497202238209433,0.9058201058201059,856,207,0.9058201058201059,0.6764705882352942,0.8497202238209433,167,1031,6.173652694610778,0.011191047162270184,0.003996802557953637,0.003996802557953637,0.0,0.4232718894009217,0.3021437336653108,0.0,1.0,0.33335893497183816,0.30824566153686994,0.0,0.9354838709677419,0.6508192524321557,0.26359323049219774,0.0,1.0,0.41804915514592933,0.1950761848567345,0.03225806451612903,1.0,14,0.19523809523809524,8.368253968253969,17
814,1261,1444,15.229697734965185,90.1736716891356,6,5,4,1,934,0.7412698412698413,326,1109,0.8801587301587301,0.936830835117773,875,234,0.936830835117773,0.7177914110429447,0.8801587301587301,190,1085,5.7105263157894735,0.004761904761904762,0.003968253968253968,0.0031746031746031746,0.0007936507936507937,0.4221432043181295,0.30183963773909317,0.0,1.0,0.3334527129006677,0.3087914648547053,0.0,0.9354838709677419,0.6504566268450539,0.26383732117636616,0.0,1.0,0.4179734465733801,0.19500887397103336,0.03225806451612903,1.0,14,0.1958762886597938,8.38223632038065,17
815,1266,1451,15.189056220922081,90.43285939968405,10,5,2,3,935,0.7414750198255353,326,1062,0.8421887390959556,0.9016042780748663,843,219,0.9016042780748663,0.6717791411042945,0.8421887390959556,167,1036,6.203592814371257,0.007930214115781126,0.003965107057890563,0.0015860428231562252,0.0023790642347343376,0.4231768842684605,0.3020504417049711,0.0,1.0,0.3330275696886307,0.3086520766935878,0.0,0.9354838709677419,0.6505376344086021,0.2641491963874786,0.0,1.0,0.4175202568414616,0.19536994925237303,0.03225806451612903,1.0,14,0.1966824644549763,8.390205371248026,17
816,1275,1436,15.140236079925083,90.22274509803921,14,5,3,2,974,0.7693522906793049,292,1051,0.830173775671406,0.9045174537987679,881,170,0.9045174537987679,0.5821917808219178,0.830173775671406,171,1007,5.888888888888889,0.011058451816745656,0.0039494470774091624,0.002369668246445498,0.001579778830963665,0.4235547122074636,0.30163008532371266,0.0,1.0,0.3322454142947502,0.308641993699782,0.0,0.9354838709677419,0.6502466793168881,0.2640595756678567,0.0,1.0,0.4171030993042379,0.19524616415936855,0.03225806451612903,1.0,14,0.1976470588235294,8.40078431372549,17
817,1277,1430,15.082103558408832,89.89115113547376,11,9,7,2,998,0.7827450980392157,277,1055,0.8274509803921568,0.8997995991983968,898,157,0.8997995991983968,0.5667870036101083,0.8274509803921568,175,1024,5.851428571428571,0.008627450980392156,0.007058823529411765,0.005490196078431373,0.001568627450980392,0.42253770177078337,0.3011167823548492,0.0,1.0,0.3305630636320004,0.3081467836340349,0.0,0.9354838709677419,0.6490767171040999,0.26405781245717874,0.0,1.0,0.41642458382802433,0.19520736041524836,0.03225806451612903,1.0,14,0.19733750978856696,8.41816758026625,17
818,1281,1415,15.160715742998171,90.34426229508196,7,3,2,1,895,0.7008613938919342,382,1067,0.8355520751761942,0.9083798882681564,813,254,0.9083798882681564,0.6649214659685864,0.8355520751761942,178,1030,5.786516853932584,0.00548159749412686,0.0023492560689115116,0.0015661707126076742,0.0007830853563038371,0.4230314018785727,0.30094846886901766,0.0,1.0,0.3302611367127496,0.3078534672429842,0.0,0.9354838709677419,0.6494674019793004,0.2644665793892832,0.0,1.0,0.4164085517866586,0.19522061769089546,0.03225806451612903,1.0,14,0.195160031225605,8.424668227946917,17
819,1285,1412,15.120920443733326,90.42412451361868,8,4,4,0,963,0.7517564402810304,318,1099,0.8579234972677595,0.9055036344755971,872,227,0.9055036344755971,0.7138364779874213,0.8579234972677595,176,1072,6.090909090909091,0.00624512099921936,0.00312256049960968,0.00312256049960968,0.0,0.42384837454499813,0.3004806521504742,0.0,1.0,0.3301368143592318,0.3081397924655237,0.0,0.9354838709677419,0.6497552403665119,0.264576643898752,0.0,1.0,0.4155642023346304,0.19510535642929291,0.03225806451612903,1.0,14,0.1953307392996109,8.438132295719845,17
820,1281,1401,15.1630200848018,90.2943013270882,6,10,8,2,964,0.7501945525291829,321,1066,0.8295719844357977,0.8941908713692946,862,204,0.8941908713692946,0.6355140186915887,0.8295719844357977,183,1038,5.672131147540983,0.004669260700389105,0.007782101167315175,0.0062256809338521405,0.0015564202334630351,0.4242149530356828,0.30031154182142433,0.0,1.0,0.329681952103951,0.3081904236635538,0.0,0.9354838709677419,0.650046586588099,0.26501956486809575,0.0,1.0,0.41514945481100957,0.19465997586076594,0.03225806451612903,1.0,14,0.19437939110070257,8.457455113192818,18
821,1287,1397,15.065852079935224,89.94327894327894,14,8,6,2,956,0.7462919594067136,325,1094,0.8540202966432474,0.9110878661087866,871,223,0.9110878661087866,0.6861538461538461,0.8540202966432474,170,1060,6.235294117647059,0.01092896174863388,0.00624512099921936,0.00468384074941452,0.00156128024980484,0.4241171015364564,0.2996943807054193,0.0,1.0,0.3318545254029125,0.30790701686866334,0.0,0.9354838709677419,0.652304684562749,0.26440302114672287,0.0,1.0,0.41476802767125354,0.19504434581523553,0.03225806451612903,1.0,14,0.19347319347319347,8.470862470862471,18
822,1288,1392,14.992983887865208,89.57686335403727,11,10,7,3,978,0.7599067599067599,309,1084,0.8422688422688422,0.901840490797546,882,202,0.901840490797546,0.6537216828478964,0.8422688422688422,170,1049,6.170588235294118,0.008547008547008548,0.00777000777000777,0.005439005439005439,0.002331002331002331,0.4243889000200361,0.2998552324604697,0.0,1.0,0.33064516129032256,0.30752206824000755,0.0,0.9354838709677419,0.6523241835303547,0.2642462585735064,0.0,1.0,0.4132688839911841,0.19386360347956294,0.03225806451612903,1.0,14,0.19487577639751552,8.495341614906833,18
823,1288,1391,15.02600645976541,89.92624223602485,6,6,3,3,941,0.7305900621118012,347,1079,0.8377329192546584,0.8831030818278427,831,248,0.8831030818278427,0.7146974063400576,0.8377329192546584,176,1054,5.988636363636363,0.004658385093167702,0.004658385093167702,0.002329192546583851,0.002329192546583851,0.4248146663995191,0.2999676584381398,0.0,1.0,0.3296684031256261,0.30666615977769274,0.0,0.9354838709677419,0.6543027449408936,0.2636111934751267,0.0,1.0,0.4124924864756562,0.19344757772588725,0.03225806451612903,1.0,14,0.19642857142857142,8.50776397515528,18
824,1289,1390,15.000907906928417,89.99612102404966,8,7,5,2,999,0.7756211180124224,289,1096,0.8509316770186336,0.8988988988988988,898,198,0.8988988988988988,0.6851211072664359,0.8509316770186336,175,1070,6.114285714285714,0.006211180124223602,0.005434782608695652,0.0038819875776397515,0.0015527950310559005,0.42566130283540626,0.30024090823525573,0.0,1.0,0.33096423834430294,0.3071590044549941,0.0,0.9354838709677419,0.6548712430240997,0.26296249182700393,0.0,1.0,0.413373708050752,0.19388320307330437,0.03225806451612903,1.0,14,0.19627618308766487,8.512800620636153,18
825,1296,1383,14.930244445783437,89.7746913580247,13,6,4,2,1005,0.7796741660201707,284,1098,0.851823118696664,0.909452736318408,914,184,0.909452736318408,0.647887323943662,0.851823118696664,174,1065,6.120689655172414,0.01008533747090768,0.004654771140418929,0.0031031807602792862,0.0015515903801396431,0.42632417363600156,0.29970339726455114,0.0,1.0,0.3312425328554361,0.3070072876587543,0.0,0.9354838709677419,0.6552917164476304,0.2628293447716155,0.0,1.0,0.4140780565511748,0.19427573282104899,0.03225806451612903,1.0,14,0.19521604938271606,8.528549382716049,18
826,1303,1380,14.883747349666665,89.88411358403684,11,4,2,2,973,0.7507716049382716,323,1062,0.8194444444444444,0.8920863309352518,868,194,0.8920863309352518,0.6006191950464397,0.8194444444444444,170,1029,6.052941176470588,0.008487654320987654,0.0030864197530864196,0.0015432098765432098,0.0015432098765432098,0.4257915975540316,0.2996372800931693,0.0,1.0,0.3310474587180947,0.30671012715824475,0.0,0.9354838709677419,0.6561037803579828,0.2627080586696138,0.0,1.0,0.41385883692719033,0.19379616031296018,0.03225806451612903,1.0,14,0.19570222563315426,8.537989255564083,18
827,1306,1367,14.872694812321157,89.86370597243491,12,9,5,4,994,0.762854950115119,309,1114,0.8549501151189562,0.8983903420523138,893,221,0.8983903420523138,0.7152103559870551,0.8549501151189562,179,1080,6.033519553072626,0.00920951650038373,0.006907137375287797,0.003837298541826554,0.0030698388334612432,0.42449241713184804,0.29964779701789424,0.0,1.0,0.3321889048065998,0.3073844135109828,0.0,0.9354838709677419,0.6552882477893593,0.2630933331971801,0.0,1.0,0.41387146173986067,0.19400533792918806,0.03225806451612903,1.0,14,0.19448698315467075,8.546707503828484,18
828,1309,1356,14.791923947707819,89.46753246753246,13,10,8,2,980,0.7503828483920367,326,1116,0.8545176110260337,0.9081632653061225,890,226,0.9081632653061225,0.6932515337423313,0.8545176110260337,174,1079,6.2011494252873565,0.009954058192955589,0.007656967840735069,0.006125574272588055,0.0015313935681470138,0.4242342098129574,0.2990241290186485,0.0,1.0,0.3330293994430617,0.30711161672266807,0.0,0.9354838709677419,0.6568175657359718,0.2625083819947166,0.0,1.0,0.4148944035092043,0.19433940663974267,0.03225806451612903,1.0,14,0.19556913674560733,8.545454545454545,18
829,1308,1350,14.79045864243934,89.18654434250764,10,11,7,4,954,0.7288006111535523,355,1107,0.8456837280366692,0.9025157232704403,861,246,0.9025157232704403,0.6929577464788732,0.8456837280366692,169,1070,6.331360946745562,0.007639419404125287,0.008403361344537815,0.0053475935828877,0.0030557677616501145,0.42436125086317444,0.2995150829794213,0.0,1.0,0.33330867120449836,0.3075055118928105,0.0,0.9354838709677419,0.6573197198382165,0.2625315979706225,0.0,1.0,0.41558153299792844,0.19430138455720738,0.03225806451612903,1.0,14,0.19801223241590213,8.561926605504587,17
830,1317,1346,14.687269886561895,89.06529992406986,14,5,3,2,981,0.75,327,1101,0.841743119266055,0.908256880733945,891,210,0.908256880733945,0.6422018348623854,0.841743119266055,168,1065,6.339285714285714,0.010703363914373088,0.00382262996941896,0.0022935779816513763,0.0015290519877675841,0.4256496926053837,0.2994299413509124,0.0,1.0,0.33330883973840836,0.3070583021410027,0.0,0.9354838709677419,0.6579714404683175,0.2624172272003401,0.0,1.0,0.41553383790138876,0.19396335696436814,0.03225806451612903,1.0,14,0.19741837509491267,8.575550493545938,17
831,1318,1343,14.689581286262955,89.33687405159333,7,6,4,2,996,0.7562642369020501,321,1104,0.8382687927107062,0.9046184738955824,901,203,0.9046184738955824,0.632398753894081,0.8382687927107062,181,1082,5.9779005524861875,0.005315110098709187,0.004555808656036446,0.0030372057706909645,0.0015186028853454822,0.4247638161437173,0.2990882006680623,0.0,1.0,0.3326153996769298,0.30633689157110267,0.0,0.9354838709677419,0.6587693964462285,0.2624141651416387,0.0,1.0,0.41580596211268295,0.1941939561673814,0.03225806451612903,1.0,14,0.19878603945371776,8.578907435508347,17
832,1324,1330,14.669444414639525,89.34743202416918,11,5,4,1,986,0.7481031866464339,332,1120,0.849772382397572,0.9127789046653144,900,220,0.9127789046653144,0.6626506024096386,0.849772382397572,184,1091,5.929347826086956,0.00834597875569044,0.0037936267071320183,0.0030349013657056147,0.0007587253414264037,0.42374037618165866,0.29894073953003625,0.0,1.0,0.3320582789201832,0.30584795464799647,0.0,0.9354838709677419,0.6575869798265276,0.2630469195370656,0.0,1.0,0.41565149595555995,0.19429118309482712,0.03225806451612903,1.0,14,0.19788519637462235,8.591389728096678,17
833,1320,1323,14.728525856588746,89.67878787878787,7,11,5,6,951,0.7182779456193353,373,1109,0.8376132930513596,0.9106203995793901,866,243,0.9106203995793901,0.6514745308310992,0.8376132930513596,177,1079,6.096045197740113,0.005287009063444109,0.008308157099697885,0.0037764350453172208,0.004531722054380665,0.4246823069403715,0.29915161493086595,0.0,1.0,0.3320869990224829,0.3055607296506048,0.0,0.9354838709677419,0.6574780058651026,0.26347511642593413,0.0,1.0,0.4144183773216031,0.19370124275009654,0.03225806451612903,1.0,14,0.19696969696969696,8.608333333333333,17
834,1313,1319,14.794708164262872,90.04874333587205,4,11,6,5,961,0.728030303030303,359,1074,0.8136363636363636,0.886576482830385,852,222,0.886576482830385,0.6183844011142061,0.8136363636363636,174,1044,6.0,0.0030303030303030303,0.008333333333333333,0.004545454545454545,0.003787878787878788,0.4229417979018746,0.2991168801717598,0.0,1.0,0.3318919981328157,0.3060134046970932,0.0,0.9354838709677419,0.6558975996855269,0.26377419991812556,0.0,1.0,0.4139006952804462,0.19347152365972653,0.03225806451612903,1.0,14,0.19573495811119573,8.618431073876618,17
835,1319,1319,14.741030470849052,90.02729340409401,11,5,4,1,930,0.7083015993907082,383,1078,0.821020563594821,0.8838709677419355,822,256,0.8838709677419355,0.6684073107049608,0.821020563594821,169,1047,6.195266272189349,0.008377760853008377,0.003808073115003808,0.0030464584920030465,0.0007616146230007616,0.42272982953850674,0.2991431314272956,0.0,1.0,0.3309447528675194,0.30571390827568,0.0,0.9354838709677419,0.6557753919146959,0.2635205447463963,0.0,1.0,0.4130450732470836,0.19287780024655446,0.03225806451612903,1.0,14,0.19636087945413191,8.63836239575436,17
836,1316,1311,14.807483424293986,90.61094224924013,4,7,3,4,1040,0.7884761182714177,279,1124,0.8521607278241091,0.9153846153846154,952,172,0.9153846153846154,0.6164874551971327,0.8521607278241091,179,1095,6.11731843575419,0.003032600454890068,0.00530705079605762,0.002274450341167551,0.003032600454890068,0.4235464261202079,0.2995647116593017,0.0,1.0,0.3304000392195313,0.30532543185883143,0.0,0.9354838709677419,0.6560692224727914,0.2634718280984531,0.0,1.0,0.4134473968036082,0.19273545964282257,0.03225806451612903,1.0,14,0.19680851063829788,8.650455927051672,17
837,1316,1307,14.762612828531505,90.56155015197568,8,8,7,1,987,0.75,329,1101,0.8366261398176292,0.9017223910840932,890,211,0.9017223910840932,0.6413373860182371,0.8366261398176292,172,1069,6.215116279069767,0.0060790273556231,0.0060790273556231,0.005319148936170213,0.0007598784194528875,0.42276203549367586,0.2998701341425508,0.0,1.0,0.3304490636336896,0.30553904688155675,0.0,0.9354838709677419,0.656363368957741,0.26321326550342017,0.0,1.0,0.4132022747328169,0.19313763098265585,0.03225806451612903,1.0,14,0.19756838905775076,8.66565349544073,17
838,1320,1303,14.733622949419392,90.69545454545455,9,5,4,1,991,0.7530395136778115,325,1071,0.8138297872340425,0.8708375378405651,863,208,0.8708375378405651,0.64,0.8138297872340425,174,1041,5.982758620689655,0.006838905775075988,0.003799392097264438,0.00303951367781155,0.0007598784194528875,0.42360703812316713,0.29966380803593173,0.0,1.0,0.33054740957966766,0.30558539907747234,0.0,0.9354838709677419,0.6569159335288367,0.2632418800604113,0.0,1.0,0.4129276637341154,0.19309697938553194,0.03225806451612903,1.0,14,0.19696969696969696,8.675,17
839,1323,1293,14.759136118146646,91.09901738473167,7,4,2,2,1013,0.7674242424242425,307,1092,0.8272727272727273,0.8756169792694966,887,205,0.8756169792694966,0.6677524429967426,0.8272727272727273,173,1055,6.098265895953757,0.005303030303030303,0.0030303030303030303,0.0015151515151515152,0.0015151515151515152,0.42391436861482945,0.29973022699548074,0.0,1.0,0.3320898251773828,0.30562699563508483,0.0,0.9354838709677419,0.6571574866505742,0.2631843965684108,0.0,1.0,0.4134055055714042,0.1932494689522603,0.03225806451612903,1.0,14,0.19576719576719576,8.668178382464097,17
840,1322,1287,14.753908870008052,91.16717095310136,9,10,5,5,987,0.746031746031746,336,1118,0.8450491307634165,0.8956433637284701,884,234,0.8956433637284701,0.6964285714285714,0.8450491307634165,180,1092,6.066666666666666,0.006802721088435374,0.007558578987150416,0.003779289493575208,0.003779289493575208,0.42218534966570687,0.29918558374653076,0.0,1.0,0.33153579620321116,0.3057632687118824,0.0,0.9354838709677419,0.6568249475379435,0.2635351292000406,0.0,1.0,0.4130593919281636,0.1932383462963938,0.03225806451612903,1.0,14,0.197428139183056,8.672465960665658,17
841,1327,1283,14.675461638337495,91.09570459683496,11,6,4,2,1037,0.7844175491679274,285,1129,0.8540090771558245,0.9093539054966249,943,186,0.9093539054966249,0.6526315789473685,0.8540090771558245,173,1098,6.3468208092485545,0.00832072617246596,0.0045385779122541605,0.0030257186081694403,0.0015128593040847202,0.42358460753093324,0.29943350239247557,0.0,1.0,0.3304324573984491,0.30564019095927214,0.0,0.9354838709677419,0.6571213262999246,0.26409498919292507,0.0,1.0,0.4121350608940856,0.19321289019248625,0.03225806451612903,1.0,14,0.19894498869630747,8.6827430293896,17
842,1324,1275,14.71977416424081,91.46752265861028,5,8,5,3,1020,0.7686510926902789,307,1131,0.8522984174830445,0.9117647058823529,930,201,0.9117647058823529,0.6547231270358306,0.8522984174830445,179,1102,6.156424581005586,0.0037678975131876413,0.006028636021100226,0.0037678975131876413,0.002260738507912585,0.4231556378520612,0.2997809828816771,0.0,1.0,0.32954877692232726,0.3058781617310314,0.0,0.9354838709677419,0.6580986258649255,0.26398415746661824,0.0,1.0,0.41189942500730925,0.19294907282627194,0.03225806451612903,1.0,14,0.2001510574018127,8.688066465256798,17
843,1320,1264,14.744381860874261,91.27045454545454,10,14,7,7,992,0.7492447129909365,332,1114,0.8413897280966768,0.9082661290322581,901,213,0.9082661290322581,0.641566265060241,0.8413897280966768,179,1082,6.044692737430168,0.0075528700906344415,0.010574018126888218,0.005287009063444109,0.005287009063444109,0.4212121212121212,0.2989560561197936,0.0,1.0,0.33025415444770284,0.30652531148153583,0.0,1.0,0.6571358748778103,0.26367332601593413,0.0,1.0,0.41192570869990225,0.19340167924443202,0.03225806451612903,1.0,14,0.20075757575757575,8.69848484848485,18
844,1316,1255,14.772395514804913,91.37689969604864,8,12,7,5,991,0.7507575757575757,329,1147,0.8689393939393939,0.9162462159434914,908,239,0.9162462159434914,0.7264437689969605,0.8689393939393939,175,1113,6.36,0.006060606060606061,0.00909090909090909,0.005303030303030303,0.003787878787878788,0.41986959505833904,0.29899122770320846,0.0,1.0,0.3300813805275027,0.3065829805285728,0.0,1.0,0.6584714187665457,0.26379938749454634,0.0,1.0,0.41023629767624276,0.1922383619945235,0.03225806451612903,1.0,14,0.20364741641337386,8.71048632218845,18
845,1321,1245,14.640810938379085,90.8107494322483,14,9,8,1,1035,0.7864741641337386,281,1136,0.8632218844984803,0.9227053140096618,955,181,0.9227053140096618,0.6441281138790036,0.8632218844984803,174,1100,6.32183908045977,0.010638297872340425,0.006838905775075988,0.0060790273556231,0.0007598784194528875,0.42018509926497516,0.2987736796660681,0.0,1.0,0.33188444726624505,0.30686628628179335,0.0,1.0,0.65954433347171,0.2634932106222855,0.0,1.0,0.41014871431711075,0.19273147755294254,0.03225806451612903,1.0,14,0.2036336109008327,8.728236184708555,18
846,1321,1239,14.581560344942519,90.52763058289175,12,12,9,3,1011,0.765329295987888,310,1123,0.8501135503406511,0.9030662710187932,913,210,0.9030662710187932,0.6774193548387096,0.8501135503406511,170,1087,6.394117647058824,0.009084027252081756,0.009084027252081756,0.006813020439061317,0.002271006813020439,0.4187687724353495,0.29861074965199436,0.0,1.0,0.3329100632463188,0.30694384784825773,0.0,1.0,0.6589094283411883,0.2631501973333236,0.0,1.0,0.41044174745427464,0.19320243795416409,0.03225806451612903,1.0,14,0.2036336109008327,8.727479182437547,18
847,1321,1229,14.5725060198408,90.63285389856169,8,8,6,2,1029,0.7789553368660106,292,1119,0.8470855412566237,0.9057337220602527,932,187,0.9057337220602527,0.6404109589041096,0.8470855412566237,181,1090,6.0220994475138125,0.006056018168054504,0.006056018168054504,0.004542013626040878,0.001514004542013626,0.41906180557251355,0.29834726865782524,0.0,1.0,0.3343996483602354,0.3078038021524164,0.0,1.0,0.6589094283411883,0.2630963099532853,0.0,1.0,0.4101975531733047,0.19351286690995786,0.03225806451612903,1.0,14,0.20211960635881907,8.744133232399697,18
848,1322,1228,14.497857616876841,90.42813918305598,11,10,7,3,999,0.7562452687358062,322,1107,0.838001514004542,0.9099099099099099,909,198,0.9099099099099099,0.6149068322981367,0.838001514004542,174,1080,6.206896551724138,0.008327024981074944,0.00757002271006813,0.005299015897047691,0.002271006813020439,0.41845200331853005,0.29872237466918455,0.0,1.0,0.3343663071592406,0.3078227473929612,0.0,1.0,0.6594846517983505,0.26290893345939675,0.0,1.0,0.41015567810258163,0.19329096762892276,0.03225806451612903,1.0,14,0.20121028744326777,8.767776096822995,18
849,1321,1225,14.450311659527582,90.44965934897805,10,11,7,4,978,0.7397881996974282,344,1106,0.8366111951588502,0.9141104294478528,894,212,0.9141104294478528,0.6162790697674418,0.8366111951588502,178,1081,6.073033707865169,0.007564296520423601,0.00832072617246596,0.00529500756429652,0.0030257186081694403,0.4162535713413592,0.2990341407653733,0.0,1.0,0.3329100632463188,0.3074515640434218,0.0,1.0,0.6599350443212619,0.2629808108271786,0.0,1.0,0.4092451954775219,0.19281492903681322,0.03225806451612903,1.0,14,0.2028766086298259,8.785011355034065,18
850,1316,1223,14.44775033937367,90.47720364741642,6,11,8,3,992,0.7509462528387585,329,1124,0.8508705526116578,0.9092741935483871,902,222,0.9092741935483871,0.6747720364741642,0.8508705526116578,180,1102,6.122222222222222,0.004542013626040878,0.008327024981074944,0.006056018168054504,0.002271006813020439,0.41847239925482893,0.2994171703520294,0.0,1.0,0.3333905284831846,0.3074642524771927,0.0,1.0,0.6590597117364447,0.26227794344428446,0.0,1.0,0.4088881262868909,0.19241023194671672,0.03225806451612903,1.0,14,0.2013677811550152,8.792553191489361,18
851,1313,1220,14.498684789441048,91.00913937547601,5,8,3,5,1035,0.7864741641337386,281,1108,0.8419452887537994,0.9004830917874396,932,176,0.9004830917874396,0.6263345195729537,0.8419452887537994,177,1082,6.112994350282486,0.003799392097264438,0.0060790273556231,0.0022796352583586625,0.003799392097264438,0.41822470088199887,0.2996762360630474,0.0,1.0,0.33515957054762546,0.3078965637090333,0.0,1.0,0.6579613296317225,0.2623200622599311,0.0,1.0,0.4095521214652483,0.19312565967685252,0.03225806451612903,1.0,14,0.19725818735719725,8.796648895658796,18
852,1310,1212,14.569040302334953,91.47786259541985,4,7,4,3,1006,0.7661843107387661,307,1099,0.837014470677837,0.9184890656063618,924,175,0.9184890656063618,0.5700325732899023,0.837014470677837,176,1067,6.0625,0.0030464584920030465,0.005331302361005331,0.0030464584920030465,0.002284843869002285,0.41896084708199954,0.30016399202987804,0.0,1.0,0.33518837724698347,0.3079028224837482,0.0,1.0,0.6580645161290323,0.26238442911907817,0.0,1.0,0.4100221620290569,0.19335817293055194,0.03225806451612903,1.0,14,0.19541984732824427,8.799236641221373,18
853,1311,1209,14.602422856320286,91.84591914569032,7,6,2,4,979,0.7473282442748092,331,1114,0.850381679389313,0.9121552604698672,893,221,0.9121552604698672,0.6676737160120846,0.850381679389313,173,1084,6.265895953757226,0.0053435114503816794,0.004580152671755725,0.0015267175572519084,0.0030534351145038168,0.41878890775325406,0.3000108560621777,0.0,1.0,0.33717182155950887,0.3086157739092251,0.0,1.0,0.6583991535641347,0.2623491215794221,0.0,1.0,0.40983243522551116,0.19351713477948215,0.03225806451612903,1.0,14,0.19374523264683446,8.803966437833715,18
854,1307,1199,14.612865090610025,91.94491201224177,9,13,7,6,1013,0.7726926010678871,298,1134,0.8649885583524027,0.9091806515301086,921,213,0.9091806515301086,0.714765100671141,0.8649885583524027,185,1109,5.994594594594594,0.006864988558352402,0.009916094584286803,0.005339435545385202,0.004576659038901602,0.41691141989782066,0.29918025530891795,0.0,1.0,0.3369943480514352,0.30892828606879774,0.0,1.0,0.6571068934027693,0.262325025368858,0.0,1.0,0.4107411703729299,0.19426652385319068,0.03225806451612903,1.0,14,0.19510328997704668,8.823259372609028,18
855,1308,1189,14.617114263059925,91.89678899082568,9,8,6,2,967,0.7398622800306044,340,1110,0.8492731446059678,0.8934850051706308,864,246,0.8934850051706308,0.7235294117647059,0.8492731446059678,175,1075,6.142857142857143,0.006885998469778117,0.00612088752869166,0.0045906656465187455,0.001530221882172915,0.41590214067278286,0.29932580095397604,0.0,1.0,0.3372299496892572,0.30858492227906054,0.0,1.0,0.6562345861694782,0.26257657617406804,0.0,1.0,0.4103284995560817,0.19422866202735492,0.03225806451612903,1.0,14,0.19648318042813456,8.837920489296636,18
856,1304,1182,14.714566323999462,92.41027607361963,4,8,4,4,963,0.7362385321100917,345,1068,0.8165137614678899,0.9003115264797508,867,201,0.9003115264797508,0.5826086956521739,0.8165137614678899,177,1038,5.864406779661017,0.0030581039755351682,0.0061162079510703364,0.0030581039755351682,0.0030581039755351682,0.41675737185830203,0.29977326471479904,0.0,1.0,0.3363101128042747,0.3080991270128841,0.0,1.0,0.6573570156342767,0.26210931439509827,0.0,1.0,0.4100039580447259,0.1937099941705399,0.03225806451612903,1.0,14,0.19785276073619631,8.845858895705522,18
857,1310,1179,14.613708815036507,91.94961832061068,16,10,6,4,971,0.7446319018404908,333,1092,0.8374233128834356,0.8805355303810505,855,237,0.8805355303810505,0.7117117117117117,0.8374233128834356,173,1062,6.138728323699422,0.012269938650306749,0.007668711656441718,0.004601226993865031,0.003067484662576687,0.4154887958630879,0.29892078293266416,0.0,1.0,0.3360994828859886,0.3084428663010056,0.0,1.0,0.6566609209554297,0.2619240445317728,0.0,1.0,0.40938192563408027,0.19322757224531767,0.03225806451612903,1.0,14,0.19923664122137405,8.869465648854963,18
858,1311,1166,14.62438617905008,92.00610221205187,10,9,5,4,934,0.7129770992366412,376,1081,0.8251908396946565,0.8897216274089935,831,250,0.8897216274089935,0.6648936170212766,0.8251908396946565,172,1040,6.046511627906977,0.007633587786259542,0.006870229007633588,0.003816793893129771,0.0030534351145038168,0.414605939814473,0.2981850619663346,0.0,1.0,0.33628601658423757,0.3083424889738673,0.0,1.0,0.6566275436135922,0.26153573039758754,0.0,1.0,0.4084299106813317,0.19322748692408656,0.0,1.0,14,0.19908466819221968,8.870327993897789,18
859,1301,1156,14.708947160566726,92.15295926210607,9,19,9,10,995,0.7589626239511823,316,1075,0.8199847444698704,0.9015075376884422,897,178,0.9015075376884422,0.5632911392405063,0.8199847444698704,176,1041,5.9147727272727275,0.006864988558352402,0.014492753623188406,0.006864988558352402,0.007627765064836003,0.41680097195705534,0.2981243342157642,0.0,1.0,0.3382261783739555,0.3089337118215891,0.0,1.0,0.6557982693213658,0.2617627248762452,0.0,1.0,0.40809798913986767,0.19303439205485395,0.0,1.0,14,0.19523443504996157,8.867025365103766,18
860,1302,1149,14.72255078318858,92.28571428571429,7,6,5,1,959,0.7371252882398155,342,1060,0.8147578785549577,0.8800834202294057,844,216,0.8800834202294057,0.631578947368421,0.8147578785549577,177,1030,5.8192090395480225,0.005380476556495004,0.004611837048424289,0.003843197540353574,0.0007686395080707148,0.41536593825875817,0.2977203741354269,0.0,1.0,0.3389326594321391,0.3096065909651277,0.0,1.0,0.654873395768297,0.26135417892853524,0.0,1.0,0.4087260294336257,0.19346505536711622,0.0,1.0,14,0.195852534562212,8.869431643625193,18
861,1298,1134,14.762127756093996,91.95685670261942,9,13,9,4,966,0.7419354838709677,336,1098,0.8433179723502304,0.9047619047619048,874,224,0.9047619047619048,0.6666666666666666,0.8433179723502304,172,1055,6.133720930232558,0.0069124423963133645,0.009984639016897081,0.0069124423963133645,0.0030721966205837174,0.4154530543267558,0.2979809716993404,0.0,1.0,0.3376658879665987,0.30952912663840254,0.0,1.0,0.6551021422535912,0.26129792144767705,0.0,1.0,0.4091406133505642,0.19339685519597868,0.0,1.0,14,0.19568567026194145,8.889060092449922,18
862,1300,1125,14.81421209146405,92.37153846153846,7,5,3,2,958,0.7380585516178737,340,1105,0.8513097072419107,0.9018789144050104,864,241,0.9018789144050104,0.7088235294117647,0.8513097072419107,181,1077,5.9502762430939224,0.00539291217257319,0.003852080123266564,0.0023112480739599386,0.0015408320493066256,0.4156079404466501,0.2980411256562268,0.0,1.0,0.33751861042183623,0.3096764212301787,0.0,1.0,0.655136476426799,0.2611933300829025,0.0,1.0,0.4087593052109181,0.193781387716023,0.0,1.0,14,0.19538461538461538,8.898461538461538,18
863,1297,1116,14.806440264144397,92.27062451811874,8,11,9,2,985,0.7576923076923077,315,1072,0.8246153846153846,0.9005076142131979,887,185,0.9005076142131979,0.5873015873015873,0.8246153846153846,177,1040,5.875706214689266,0.006153846153846154,0.008461538461538461,0.006923076923076923,0.0015384615384615385,0.4163205411992937,0.2979322935841044,0.0,1.0,0.33822468724351484,0.3099136542154224,0.0,1.0,0.65585594548213,0.2613168356387854,0.0,1.0,0.4094560648643272,0.1940449043902649,0.0,1.0,14,0.19429452582883577,8.910562837316885,18
864,1295,1107,14.86511707680029,92.59613899613899,6,8,5,3,942,0.7262914417887433,355,1086,0.8373168851195065,0.8789808917197452,828,258,0.8789808917197452,0.7267605633802817,0.8373168851195065,177,1054,5.954802259887006,0.004626060138781804,0.006168080185042405,0.0038550501156515036,0.002313030069390902,0.4156432930626479,0.2980832037112851,0.0,1.0,0.338149209116951,0.3101287851473958,0.0,1.0,0.6564952048823016,0.2613459562224222,0.0,1.0,0.4093411383733965,0.19377909873500979,0.0,1.0,14,0.19382239382239383,8.91042471042471,18
865,1298,1100,14.868800038994992,92.27349768875193,15,12,5,7,885,0.6833976833976834,410,1044,0.8061776061776061,0.8790960451977401,778,266,0.8790960451977401,0.6487804878048781,0.8061776061776061,166,1003,6.042168674698795,0.011583011583011582,0.009266409266409266,0.003861003861003861,0.005405405405405406,0.4158009841443412,0.29890400424451097,0.0,1.0,0.33731795814901333,0.3101177190429037,0.0,1.0,0.6567175306923803,0.26096894459619335,0.0,1.0,0.4086187186241861,0.1933789495599966,0.0,1.0,14,0.19722650231124808,8.946070878274268,19
866,1303,1085,14.857629658123093,92.23254029163469,13,8,5,3,968,0.7457627118644068,330,1061,0.8174114021571649,0.9070247933884298,878,183,0.9070247933884298,0.5545454545454546,0.8174114021571649,177,1023,5.779661016949152,0.010015408320493066,0.0061633281972265025,0.003852080123266564,0.0023112480739599386,0.4166811081127918,0.2985945945100655,0.0,1.0,0.33822692050602826,0.3102197599531184,0.0,1.0,0.658158591835219,0.2603957734062583,0.0,1.0,0.4082390513207734,0.19286281206498224,0.0,1.0,14,0.1995395241749808,8.956254796623178,19
867,1311,1067,14.760358346053001,91.47826086956522,17,9,6,3,958,0.7352264006139677,345,1095,0.8403683806600154,0.8966597077244259,859,236,0.8966597077244259,0.6840579710144927,0.8403683806600154,171,1048,6.128654970760234,0.013046815042210284,0.006907137375287797,0.004604758250191865,0.0023023791250959325,0.41846903373440614,0.29863780186686834,0.0,1.0,0.33985384217908027,0.31055830712939236,0.0,1.0,0.656799783469895,0.26055054980548104,0.0,1.0,0.4080362195812111,0.19329929200867563,0.0,1.0,14,0.19755911517925248,8.988558352402746,19
868,1317,1050,14.767667634676807,91.5292331055429,12,6,2,4,960,0.7322654462242563,351,1082,0.8253241800152555,0.8947916666666667,859,223,0.8947916666666667,0.6353276353276354,0.8253241800152555,173,1038,6.0,0.009153318077803204,0.004576659038901602,0.0015255530129672007,0.0030511060259344014,0.41852205648222984,0.2989417382154449,0.0,1.0,0.33852597545741786,0.3098744373645279,0.0,1.0,0.6568692286966958,0.26011461838830896,0.0,1.0,0.4080143042594362,0.19293964022674917,0.0,1.0,14,0.19969627942293092,8.994684889901292,19
869,1324,1038,14.715778120158374,91.49622356495469,13,6,3,3,1026,0.7790432801822323,291,1112,0.8443432042520881,0.8976608187134503,921,191,0.8976608187134503,0.6563573883161512,0.8443432042520881,173,1073,6.202312138728324,0.009870918754745633,0.004555808656036446,0.002277904328018223,0.002277904328018223,0.4190624695448787,0.29904373241244725,0.0,1.0,0.33732092388656076,0.3097214569590442,0.0,1.0,0.6565393236526654,0.26048693752429297,0.0,1.0,0.40680732872039765,0.19166456251000136,0.0,1.0,14,0.20166163141993956,9.020392749244714,19
870,1324,1008,14.83227820360831,92.0370090634441,6,6,3,3,989,0.7469788519637462,335,1159,0.8753776435045317,0.923154701718908,913,246,0.923154701718908,0.7343283582089553,0.8753776435045317,190,1119,5.889473684210526,0.004531722054380665,0.004531722054380665,0.0022658610271903325,0.0022658610271903325,0.41859955170061397,0.2991125601893499,0.0,1.0,0.33773511353669233,0.3103745031580114,0.0,1.0,0.655613487964136,0.26070064193832193,0.0,1.0,0.40680732872039765,0.19184080703292655,0.0,1.0,14,0.20241691842900303,9.03323262839879,19
871,1321,997,14.867280580238779,92.13928841786526,7,10,7,3,994,0.7507552870090635,330,1107,0.8361027190332326,0.8812877263581489,876,231,0.8812877263581489,0.7,0.8361027190332326,164,1060,6.463414634146342,0.005287009063444109,0.0075528700906344415,0.005287009063444109,0.0022658610271903325,0.41713267075285093,0.2994394590985305,0.0,1.0,0.33764743229713556,0.3104591993088114,0.0,1.0,0.6565895826719739,0.26031986549711883,0.0,1.0,0.40714512466118047,0.19204635900405606,0.0,1.0,14,0.2036336109008327,9.043906131718396,19
872,1329,970,14.822315293936477,91.77200902934537,15,7,4,3,1039,0.7865253595760787,282,1120,0.8478425435276306,0.9037536092396535,939,181,0.9037536092396535,0.6418439716312057,0.8478425435276306,185,1078,5.827027027027027,0.011355034065102196,0.005299015897047691,0.003028009084027252,0.002271006813020439,0.41734022670453164,0.2996247253864836,0.0,1.0,0.33610039078618414,0.3102696498018713,0.0,1.0,0.6562780650015777,0.26096119989718414,0.0,1.0,0.40690308017184884,0.19218224562318564,0.0,1.0,14,0.2039127163280662,9.063205417607223,19
873,1326,959,14.849229429414262,91.53092006033182,9,12,8,4,979,0.7366440933032355,350,1100,0.8276899924755455,0.9090909090909091,890,210,0.9090909090909091,0.6,0.8276899924755455,171,1060,6.1988304093567255,0.006772009029345372,0.009029345372460496,0.006019563581640331,0.0030097817908201654,0.41777356103731816,0.3002145189344222,0.0,1.0,0.3357417408650805,0.30986249930794835,0.0,1.0,0.6581520945847322,0.26118832336629394,0.0,1.0,0.4072641463533304,0.19179029015651886,0.03225806451612903,1.0,14,0.20588235294117646,9.070135746606335,19
874,1322,952,14.783069903000118,91.19591527987897,10,14,11,3,1000,0.7541478129713424,326,1073,0.8092006033182504,0.897,897,176,0.897,0.5398773006134969,0.8092006033182504,169,1035,6.124260355029586,0.007541478129713424,0.010558069381598794,0.008295625942684766,0.0022624434389140274,0.4168415401883753,0.30047609031202743,0.0,1.0,0.3346103167244156,0.3093717870244977,0.0,1.0,0.6576301791030208,0.2608819054214256,0.0,1.0,0.40632472792933483,0.19180870988667664,0.03225806451612903,1.0,14,0.20801815431164902,9.105143721633889,19
875,1315,948,14.797051317053937,91.21825095057034,7,14,10,4,975,0.737518910741301,347,1079,0.8161875945537065,0.8769230769230769,855,224,0.8769230769230769,0.6455331412103746,0.8161875945537065,174,1049,6.028735632183908,0.00529500756429652,0.01059001512859304,0.007564296520423601,0.0030257186081694403,0.41555255734085617,0.2993244829404132,0.0,1.0,0.3347970072366,0.3094869960682626,0.0,1.0,0.6581871703667361,0.2604887073937472,0.0,1.0,0.40554397154421684,0.1917615688455892,0.03225806451612903,1.0,14,0.20760456273764258,9.11254752851711,19
876,1315,942,14.848891779734121,91.59087452471483,6,6,4,2,949,0.7216730038022814,366,1087,0.8266159695817491,0.8872497365648051,842,245,0.8872497365648051,0.6693989071038251,0.8266159695817491,169,1050,6.21301775147929,0.0045627376425855515,0.0045627376425855515,0.003041825095057034,0.001520912547528517,0.4154299031031522,0.29954620844974555,0.0,1.0,0.3367594750398626,0.3100649989441185,0.0,1.0,0.6581135778241138,0.2609885808895472,0.0,1.0,0.40564209493437997,0.1919665764963965,0.03225806451612903,1.0,14,0.20608365019011407,9.111787072243345,19
877,1316,940,14.79981498967977,91.55243161094225,10,9,6,3,987,0.7505703422053231,328,1090,0.8288973384030418,0.889564336372847,878,212,0.889564336372847,0.6463414634146342,0.8288973384030418,171,1059,6.192982456140351,0.0076045627376425855,0.006844106463878327,0.0045627376425855515,0.0022813688212927757,0.4153838611628591,0.2993894963181166,0.0,1.0,0.3369693107167369,0.3098823979832066,0.0,1.0,0.6593538582213943,0.2607564059800576,0.0,1.0,0.40626532012942446,0.1924818559720709,0.03225806451612903,1.0,14,0.20820668693009117,9.118541033434651,19
878,1319,931,14.80176926974117,91.7505686125853,10,7,3,4,952,0.723404255319149,364,1062,0.8069908814589666,0.8728991596638656,831,231,0.8728991596638656,0.6346153846153846,0.8069908814589666,173,1026,5.930635838150289,0.007598784194528876,0.005319148936170213,0.0022796352583586625,0.00303951367781155,0.41632223825478737,0.29924699620721157,0.0,1.0,0.33793929907799164,0.3107277214906376,0.0,1.0,0.6590770133776811,0.2611301751470048,0.0,1.0,0.4049988994595124,0.19260812675341651,0.03225806451612903,1.0,14,0.20697498104624715,9.134950720242609,19
879,1321,928,14.769788707557835,91.9099167297502,10,8,5,3,1007,0.7634571645185747,312,1074,0.8142532221379833,0.8927507447864945,899,175,0.8927507447864945,0.5608974358974359,0.8142532221379833,169,1040,6.153846153846154,0.0075815011372251705,0.006065200909780136,0.0037907505686125853,0.002274450341167551,0.41539889135796443,0.29873018485838426,0.0,1.0,0.33825791799956045,0.3107447324970812,0.0,1.0,0.6595931723279042,0.26097325570227026,0.0,1.0,0.40548460355058485,0.19258502997210936,0.03225806451612903,1.0,14,0.20666161998485996,9.129447388342165,19
880,1328,923,14.687484398226546,91.7507530120482,13,6,4,2,975,0.7380772142316427,346,1085,0.8213474640423921,0.8892307692307693,867,218,0.8892307692307693,0.630057803468208,0.8213474640423921,175,1055,6.0285714285714285,0.00984102952308857,0.004542013626040878,0.003028009084027252,0.001514004542013626,0.41573552273610576,0.29887681892703033,0.0,1.0,0.33951127089001165,0.31126829650718435,0.0,1.0,0.6596871356393316,0.2610872811238682,0.0,1.0,0.4065779246016324,0.19349911043302087,0.03225806451612903,1.0,14,0.20481927710843373,9.134789156626505,19
881,1329,922,14.631567641297845,91.56433408577878,9,8,7,1,950,0.7153614457831325,378,1096,0.8253012048192772,0.9052631578947369,860,236,0.9052631578947369,0.6243386243386243,0.8253012048192772,168,1063,6.3273809523809526,0.00677710843373494,0.006024096385542169,0.005271084337349397,0.0007530120481927711,0.41697614019757756,0.29895624899729817,0.0,1.0,0.3395713488191461,0.31076103441426783,0.0,1.0,0.6591422121896162,0.26138419907068516,0.0,1.0,0.40615063472414376,0.1930447347630884,0.03225806451612903,1.0,14,0.20240782543265612,9.138449962377727,19
882,1327,920,14.642329649801127,91.83044461190656,7,9,6,3,947,0.7125658389766741,382,1099,0.8269375470278405,0.8986272439281943,851,248,0.8986272439281943,0.6492146596858639,0.8269375470278405,175,1072,6.1257142857142854,0.005267118133935289,0.006772009029345372,0.004514672686230248,0.002257336343115124,0.4159758854559156,0.29932513634708197,0.0,1.0,0.34005882781923813,0.31079350740624095,0.0,1.0,0.6586284853051997,0.261989014508757,0.0,1.0,0.40576609864598784,0.19272320208309096,0.03225806451612903,1.0,14,0.20346646571213264,9.145440844009043,19
883,1329,922,14.576479217113906,91.80436418359669,11,9,5,4,986,0.7430293896006028,341,1104,0.8319517709118311,0.8884381338742393,876,228,0.8884381338742393,0.6686217008797654,0.8319517709118311,170,1076,6.329411764705882,0.008289374529012811,0.006782215523737754,0.0037678975131876413,0.003014318010550113,0.41578679094152776,0.2990295300953908,0.0,1.0,0.34088206024418066,0.31065383500265786,0.0,1.0,0.6566906963761256,0.26209149226583933,0.0,1.0,0.40573800334959587,0.19331399518017514,0.03225806451612903,1.0,14,0.20240782543265612,9.150489089541008,19
884,1321,925,14.558837588353697,91.92808478425435,6,14,9,5,983,0.7396538750940557,346,1071,0.8058690744920993,0.8657171922685656,851,220,0.8657171922685656,0.6358381502890174,0.8058690744920993,184,1058,5.75,0.004514672686230248,0.010534236267870579,0.006772009029345372,0.003762227238525207,0.4152523747893824,0.29893645305600086,0.0,1.0,0.3410661522307148,0.3108172359938993,0.0,1.0,0.6572977460867866,0.2620297031014413,0.0,1.0,0.405045053844839,0.19226628919721953,0.03225806451612903,1.0,14,0.2028766086298259,9.144587433762302,19
885,1320,928,14.580363935916488,92.46439393939394,4,5,3,2,998,0.7554882664647994,323,1097,0.8304314912944739,0.9008016032064128,899,198,0.9008016032064128,0.6130030959752322,0.8304314912944739,175,1075,6.142857142857143,0.003028009084027252,0.003785011355034065,0.002271006813020439,0.001514004542013626,0.4163000977517106,0.2992506366305374,0.0,1.0,0.342375366568915,0.3113425552760716,0.0,1.0,0.6574535679374389,0.26189924358162797,0.0,1.0,0.40527859237536656,0.19274567689521266,0.03225806451612903,1.0,14,0.20227272727272727,9.150757575757575,19
886,1314,929,14.610253767189661,92.74733637747336,3,9,7,2,951,0.7204545454545455,369,1117,0.8462121212121212,0.9043112513144059,860,257,0.9043112513144059,0.6964769647696477,0.8462121212121212,177,1095,6.186440677966102,0.0022727272727272726,0.006818181818181818,0.005303030303030303,0.0015151515151515152,0.4162861491628615,0.2998088869076488,0.0,1.0,0.3429321942357736,0.31088686462399,0.0,1.0,0.6571660038297246,0.2617649406493631,0.0,1.0,0.4045760298522119,0.19285607567242521,0.03225806451612903,1.0,14,0.2024353120243531,9.15220700152207,19
887,1320,928,14.571519429835895,92.81363636363636,11,5,3,2,974,0.741248097412481,340,1082,0.8234398782343988,0.8860369609856262,863,219,0.8860369609856262,0.6441176470588236,0.8234398782343988,170,1051,6.182352941176471,0.00837138508371385,0.00380517503805175,0.00228310502283105,0.0015220700152207,0.4157869012707723,0.30046612837090153,0.0,1.0,0.3437683284457478,0.310953122737786,0.0,1.0,0.6575268817204302,0.2619093371936098,0.0,1.0,0.4048631476050831,0.1930030588266532,0.03225806451612903,1.0,14,0.20075757575757575,9.163636363636364,19
888,1316,927,14.564903168614837,92.86550151975683,6,10,7,3,1023,0.775,297,1081,0.818939393939394,0.8914956011730205,912,169,0.8914956011730205,0.569023569023569,0.818939393939394,171,1051,6.146198830409356,0.004545454545454545,0.007575757575757576,0.005303030303030303,0.0022727272727272726,0.41675654475929014,0.3006116834393011,0.0,1.0,0.34547504657319345,0.31128258209017046,0.0,1.0,0.6574909304833807,0.2618646447616713,0.0,1.0,0.40491714874007256,0.19272421145882773,0.03225806451612903,1.0,14,0.19908814589665655,9.161094224924012,19
889,1314,932,14.568045617932697,93.05479452054794,8,10,4,6,978,0.743161094224924,338,1081,0.8214285714285714,0.8946830265848671,875,206,0.8946830265848671,0.6094674556213018,0.8214285714285714,178,1064,5.977528089887641,0.0060790273556231,0.007598784194528876,0.00303951367781155,0.004559270516717325,0.4165316443266067,0.3008159870231252,0.0,1.0,0.3455835420042225,0.3116715223327007,0.0,1.0,0.6577551922227132,0.26201244312665384,0.0,1.0,0.4043796337212157,0.192923039437723,0.03225806451612903,1.0,14,0.2009132420091324,9.159056316590563,19
890,1315,937,14.556371644149014,93.4380228136882,8,7,2,5,981,0.7465753424657534,333,1034,0.786910197869102,0.873598369011213,857,177,0.873598369011213,0.5315315315315315,0.786910197869102,173,1012,5.8497109826589595,0.0060882800608828,0.00532724505327245,0.0015220700152207,0.00380517503805175,0.41579786581626393,0.301224913991425,0.0,1.0,0.3471850852446952,0.3124168134344506,0.0,1.0,0.6582362320618178,0.2624051770169365,0.0,1.0,0.40497976205077885,0.19333743432016798,0.03225806451612903,1.0,14,0.19923954372623573,9.143726235741445,19
891,1319,935,14.550001661257472,93.73313115996967,11,7,2,5,961,0.7307984790874524,354,1101,0.8372623574144487,0.899063475546306,864,237,0.899063475546306,0.6694915254237288,0.8372623574144487,185,1084,5.859459459459459,0.008365019011406844,0.00532319391634981,0.001520912547528517,0.0038022813688212928,0.41370539753968055,0.300523167515276,0.0,1.0,0.3467680794345667,0.3126191087766417,0.0,1.0,0.6584900584509281,0.2620082661431626,0.0,1.0,0.405439115654577,0.19324150175696012,0.03225806451612903,1.0,14,0.19787717968157695,9.148597422289614,19
892,1312,935,14.591885381660942,94.07240853658537,7,14,7,7,983,0.7452615617892343,336,1089,0.8256254738438211,0.8809766022380467,866,223,0.8809766022380467,0.6636904761904762,0.8256254738438211,174,1063,6.109195402298851,0.00530705079605762,0.01061410159211524,0.00530705079605762,0.00530705079605762,0.4120525177025964,0.3003974734378775,0.0,1.0,0.34881490952006294,0.3131732731488775,0.0,1.0,0.6592741935483871,0.261530852746189,0.0,1.0,0.4062008261211645,0.19335741771479342,0.03225806451612903,1.0,14,0.19664634146341464,9.139481707317072,19
893,1308,934,14.642420462857928,94.39525993883792,6,10,5,5,940,0.7164634146341463,372,1100,0.8384146341463414,0.9095744680851063,855,245,0.9095744680851063,0.6586021505376344,0.8384146341463414,175,1074,6.137142857142857,0.004573170731707317,0.007621951219512195,0.0038109756097560975,0.0038109756097560975,0.412005524316859,0.3008542507350745,0.0,1.0,0.3484018940514945,0.3135194261844362,0.0,1.0,0.6580842458321002,0.2618867083156872,0.0,1.0,0.4059139784946237,0.19294304704771534,0.03225806451612903,1.0,14,0.19648318042813456,9.15137614678899,19
894,1299,940,14.708232847706986,94.81293302540416,3,12,6,6,983,0.7515290519877675,325,1080,0.8256880733944955,0.8992878942014242,884,196,0.8992878942014242,0.6030769230769231,0.8256880733944955,170,1056,6.211764705882353,0.0022935779816513763,0.009174311926605505,0.0045871559633027525,0.0045871559633027525,0.4111599493406839,0.30103114215521587,0.0,1.0,0.34815863319178525,0.3136146183457522,0.0,1.0,0.6590926022498697,0.2619873695359168,0.0,1.0,0.40624301571928784,0.19217643845942206,0.03225806451612903,1.0,14,0.19707467282525018,9.145496535796767,19
895,1307,928,14.61428057366699,94.40397857689365,15,7,5,2,977,0.75211701308699,322,1074,0.8267898383371824,0.9109518935516888,890,184,0.9109518935516888,0.5714285714285714,0.8267898383371824,178,1040,5.842696629213483,0.011547344110854504,0.005388760585065435,0.003849114703618168,0.001539645881447267,0.4103215934052373,0.3004018967798351,0.0,1.0,0.3475084532418491,0.3143272599403834,0.0,1.0,0.6582175383172495,0.26291940133967645,0.0,1.0,0.4051632648024286,0.19189600617398192,0.03225806451612903,1.0,14,0.1981637337413925,9.163733741392502,19
896,1307,926,14.678858055751535,94.80719204284621,7,7,2,5,935,0.7153787299158378,372,1070,0.8186687069625096,0.9037433155080213,845,225,0.9037433155080213,0.6048387096774194,0.8186687069625096,171,1039,6.076023391812866,0.005355776587605203,0.005355776587605203,0.001530221882172915,0.0038255547054322878,0.41128415233112026,0.3010077832683281,0.0,1.0,0.3473110052570526,0.31414777162602264,0.0,1.0,0.6580447713305526,0.2633892980067336,0.0,1.0,0.40526198879482683,0.19172895449965238,0.03225806451612903,1.0,14,0.19739862280030604,9.176740627390972,20
897,1307,928,14.668982576318797,95.30068859984698,7,7,3,4,1019,0.7796480489671003,288,1108,0.8477429227237949,0.9175662414131501,935,173,0.9175662414131501,0.6006944444444444,0.8477429227237949,181,1091,6.027624309392265,0.005355776587605203,0.005355776587605203,0.0022953328232593728,0.00306044376434583,0.41081521336722854,0.30067064516616016,0.0,1.0,0.3475084532418491,0.31410935454111877,0.0,1.0,0.657403065379964,0.26320824979233565,0.0,1.0,0.4056568847644199,0.19177002747389904,0.03225806451612903,1.0,14,0.1981637337413925,9.175210405508798,20
898,1314,924,14.589410585236282,95.13089802130898,13,6,4,2,960,0.7345065034429993,347,1086,0.8309104820198929,0.9,864,222,0.9,0.6397694524495677,0.8309104820198929,178,1060,5.955056179775281,0.009946442234123947,0.0045906656465187455,0.00306044376434583,0.001530221882172915,0.41098345362596356,0.3005546838780522,0.0,1.0,0.34686011685569795,0.3141312727417468,0.0,1.0,0.6585162272303235,0.26314652596526455,0.0,1.0,0.4055825600235676,0.19207695515948905,0.0,1.0,14,0.20015220700152206,9.187214611872147,20
899,1308,921,14.599827650694476,94.98700305810398,5,11,9,2,981,0.7465753424657534,333,1101,0.8378995433789954,0.891946992864424,875,226,0.891946992864424,0.6786786786786787,0.8378995433789954,177,1075,6.073446327683616,0.00380517503805175,0.00837138508371385,0.00684931506849315,0.0015220700152207,0.41104370129229556,0.2999167916273885,0.0,1.0,0.34744007102693103,0.31399392411458776,0.0,1.0,0.6600325540100622,0.26286748820680444,0.0,1.0,0.4058646542369537,0.1922001124865767,0.0,1.0,14,0.19954128440366972,9.191131498470948,20
900,1311,922,14.554372499147142,95.01983218916857,8,5,4,1,967,0.7392966360856269,341,1055,0.8065749235474006,0.889348500517063,860,195,0.889348500517063,0.5718475073313783,0.8065749235474006,174,1030,5.919540229885057,0.0061162079510703364,0.00382262996941896,0.0030581039755351682,0.0007645259938837921,0.4121945818262346,0.3003173478891169,0.0,1.0,0.34598065992470656,0.31392024134662116,0.0,1.0,0.660662877389828,0.2631587540366657,0.0,1.0,0.4045914224551561,0.1904840974038812,0.0,1.0,14,0.19984744469870327,9.192219679633867,20
901,1305,920,14.624025084459635,95.255938697318,4,10,6,4,959,0.7315026697177727,352,1063,0.8108314263920672,0.8800834202294057,844,219,0.8800834202294057,0.6221590909090909,0.8108314263920672,176,1037,5.892045454545454,0.0030511060259344014,0.007627765064836003,0.004576659038901602,0.0030511060259344014,0.41075268817204297,0.3005546640457181,0.0,1.0,0.3467556544308491,0.3140321545221666,0.0,1.0,0.6616734643430973,0.2625795639388762,0.0,1.0,0.4056606105549376,0.19079075190368394,0.0,1.0,14,0.20076628352490422,9.19463601532567,20
902,1307,920,14.553334304763109,94.95944912012241,13,11,7,4,960,0.735632183908046,345,1058,0.810727969348659,0.8833333333333333,848,210,0.8833333333333333,0.6086956521739131,0.810727969348659,168,1026,6.107142857142857,0.00996168582375479,0.00842911877394636,0.0053639846743295016,0.0030651340996168583,0.4097539304489473,0.30055519704168365,0.0,1.0,0.34563269738628233,0.3140523708555164,0.0,1.0,0.6605128711405089,0.2626665804293272,0.0,1.0,0.4055087987758225,0.19067684893213188,0.0,1.0,14,0.19892884468247896,9.185921958684009,20
903,1302,922,14.635044361301595,95.61443932411674,2,7,3,4,993,0.7597551644988524,314,1095,0.837796480489671,0.8892245720040282,883,212,0.8892245720040282,0.6751592356687898,0.837796480489671,181,1078,5.955801104972376,0.001530221882172915,0.005355776587605203,0.0022953328232593728,0.00306044376434583,0.40899856300480647,0.3003591981048017,0.0,1.0,0.34710866656756356,0.3141625387520526,0.0,1.0,0.660497497646301,0.2621674629456257,0.0,1.0,0.4060006937218176,0.19083681395947236,0.0,1.0,14,0.19815668202764977,9.178955453149001,20
904,1297,926,14.646990050574576,95.76407093292212,8,13,7,6,949,0.7288786482334869,353,1099,0.8440860215053764,0.9114857744994731,865,234,0.9114857744994731,0.6628895184135978,0.8440860215053764,173,1076,6.219653179190751,0.006144393241167435,0.009984639016897081,0.005376344086021506,0.004608294930875576,0.4070186783395926,0.2997227966527972,0.0,1.0,0.34625811425871117,0.3141985958039868,0.0,1.0,0.6613773720993857,0.2612720070809598,0.0,1.0,0.4055015295844008,0.19067892857115173,0.0,1.0,14,0.1981495759444873,9.189668465690055,20
905,1296,917,14.70133857585841,95.99691358024691,8,9,4,5,983,0.7579028527370856,314,1069,0.8242097147262915,0.9064089521871821,891,178,0.9064089521871821,0.5668789808917197,0.8242097147262915,172,1032,6.0,0.006168080185042405,0.006939090208172706,0.0030840400925212026,0.0038550501156515036,0.40613799283154123,0.29947013762171165,0.0,1.0,0.34727200318598167,0.31476581721334074,0.0,1.0,0.6623855037833533,0.261480690267903,0.0,1.0,0.4053166069295101,0.1909097558745219,0.0,1.0,14,0.19753086419753085,9.188271604938272,20
906,1293,916,14.792846114936378,96.57772621809745,4,7,3,4,947,0.7307098765432098,349,1082,0.8348765432098766,0.8933474128827877,846,236,0.8933474128827877,0.6762177650429799,0.8348765432098766,181,1062,5.867403314917127,0.0030864197530864196,0.005401234567901234,0.0023148148148148147,0.0030864197530864196,0.4056582591123419,0.2996300120995099,0.0,1.0,0.3464311553526433,0.3145204198174586,0.0,1.0,0.6634233964523614,0.2614563854406806,0.0,1.0,0.4054087767881646,0.19051699023214716,0.0,1.0,14,0.19953596287703015,9.194122196442382,20
907,1292,919,14.770163836491168,96.63699690402477,11,12,6,6,957,0.740139211136891,336,1071,0.8283062645011601,0.9038662486938349,865,206,0.9038662486938349,0.6130952380952381,0.8283062645011601,174,1048,6.022988505747127,0.008507347254447023,0.009280742459396751,0.004640371229698376,0.004640371229698376,0.40699590532308,0.29978551411098386,0.0,1.0,0.3477728952361929,0.31465727486873496,0.0,1.0,0.6641366223908919,0.26177200057439115,0.0,1.0,0.40534804753820036,0.1907007127265209,0.0,1.0,14,0.19814241486068113,9.191950464396285,20
908,1286,916,14.795897881449266,96.77916018662519,6,12,8,4,963,0.7453560371517027,329,1086,0.8405572755417957,0.9210799584631361,887,199,0.9210799584631361,0.6048632218844985,0.8405572755417957,180,1063,5.905555555555556,0.0046439628482972135,0.009287925696594427,0.006191950464396285,0.0030959752321981426,0.40738975568153313,0.3001643933498595,0.0,1.0,0.34763959263532834,0.31428266371136276,0.0,1.0,0.6639993979832438,0.2614760178081505,0.0,1.0,0.4046806802789344,0.1908770741303467,0.0,1.0,14,0.19673405909797823,9.208398133748055,20
909,1283,913,14.805800289992733,96.79189399844115,6,9,7,2,968,0.7527216174183515,318,1091,0.8483670295489891,0.9183884297520661,889,202,0.9183884297520661,0.6352201257861635,0.8483670295489891,174,1062,6.103448275862069,0.004665629860031105,0.006998444790046656,0.005443234836702955,0.0015552099533437014,0.40668292560279584,0.30012074713944614,0.0,1.0,0.3474216176803359,0.3136924116354287,0.0,1.0,0.6648228697860358,0.2613302591344139,0.0,1.0,0.40464636813918986,0.19084396474535548,0.0,1.0,14,0.1979734996102884,9.208106001558846,20
910,1282,911,14.709591174121417,96.32839313572543,10,11,10,1,967,0.7537022603273578,316,1074,0.8371005455962588,0.9027921406411582,873,201,0.9027921406411582,0.6360759493670886,0.8371005455962588,170,1042,6.129411764705883,0.00779423226812159,0.00857365549493375,0.00779423226812159,0.000779423226812159,0.4087111871571637,0.3009040068794824,0.0,1.0,0.34598158119873185,0.31285908622694736,0.0,1.0,0.6651149916964421,0.26171006867234897,0.0,1.0,0.40388002616878865,0.19065399236843006,0.0,1.0,14,0.1981279251170047,9.221528861154447,20
911,1283,912,14.698292014047512,96.35697583787997,8,7,6,1,908,0.7082683307332294,374,1067,0.8322932917316692,0.9019823788546255,819,248,0.9019823788546255,0.6631016042780749,0.8322932917316692,173,1041,6.017341040462428,0.0062402496099844,0.00546021840873635,0.0046801872074883,0.00078003120124805,0.40799034520906147,0.30035947468424257,0.0,1.0,0.3459381992809192,0.313085723769054,0.0,1.0,0.6655017222739045,0.26113701945296125,0.0,1.0,0.403615518065019,0.190836104220389,0.0,1.0,14,0.1979734996102884,9.234606391270459,20
912,1281,908,14.673650795012593,96.23106947697111,9,11,7,4,933,0.7272018706157444,350,1049,0.8176149649259548,0.9013933547695605,841,208,0.9013933547695605,0.5942857142857143,0.8176149649259548,180,1025,5.694444444444445,0.007014809041309431,0.00857365549493375,0.005455962587685113,0.003117692907248636,0.4073430535619853,0.29974494709675564,0.0,1.0,0.3457228475737201,0.31361945765130306,0.0,1.0,0.66475283926368,0.2608968788073312,0.0,1.0,0.40318803354234345,0.19039648647820534,0.03225806451612903,1.0,14,0.19828259172521467,9.244340359094457,20
913,1286,902,14.631542285333316,96.0746500777605,11,6,5,1,946,0.7384855581576893,335,1084,0.8462138953942233,0.912262156448203,863,221,0.912262156448203,0.6597014925373135,0.8462138953942233,172,1050,6.104651162790698,0.00858704137392662,0.00468384074941452,0.0039032006245121,0.00078064012490242,0.40733958761852207,0.29953902417299955,0.0,1.0,0.3456579541463904,0.3132625940505749,0.0,1.0,0.665529523905082,0.260603217328239,0.0,1.0,0.4025485376009632,0.19007428473310026,0.03225806451612903,1.0,14,0.19906687402799378,9.257387247278382,20
914,1280,907,14.697229961774605,96.45234375,7,13,6,7,929,0.7223950233281493,357,1092,0.8491446345256609,0.9106566200215285,846,246,0.9106566200215285,0.6890756302521008,0.8491446345256609,176,1073,6.096590909090909,0.005443234836702955,0.01010886469673406,0.004665629860031105,0.005443234836702955,0.4084677419354839,0.29982787509273096,0.0,1.0,0.3444556451612903,0.312651351875751,0.0,1.0,0.6666582661290323,0.26103468968610727,0.0,1.0,0.4020917338709677,0.18898006280961893,0.03225806451612903,1.0,14,0.196875,9.25390625,20
915,1284,911,14.648018672162761,96.42679127725857,12,8,4,4,930,0.7265625,350,1066,0.8328125,0.8817204301075269,820,246,0.8817204301075269,0.7028571428571428,0.8328125,174,1044,6.0,0.009375,0.00625,0.003125,0.003125,0.40804944226710876,0.29984210123612254,0.0,1.0,0.34250326600341674,0.3122131104060666,0.0,1.0,0.6651090342679128,0.26177026999694414,0.0,1.0,0.4017686664656818,0.18885711619205225,0.03225806451612903,1.0,14,0.19781931464174454,9.259345794392523,20
916,1289,921,14.577674763768037,96.57564003103181,9,4,3,1,956,0.7445482866043613,328,1095,0.852803738317757,0.9058577405857741,866,229,0.9058577405857741,0.698170731707317,0.852803738317757,166,1071,6.451807228915663,0.007009345794392523,0.003115264797507788,0.002336448598130841,0.000778816199376947,0.4086939112590405,0.3004565749325999,0.0,1.0,0.34175029405140267,0.3120568688459389,0.0,1.0,0.6649315548437148,0.26210245009899863,0.0,1.0,0.40231237017943394,0.19000658462094736,0.03225806451612903,1.0,14,0.19705197827773469,9.26377036462374,20
917,1285,917,14.607487055828244,96.52762645914397,9,13,7,6,927,0.7191621411947245,362,1093,0.847944142746315,0.9104638619201726,844,249,0.9104638619201726,0.6878453038674033,0.847944142746315,178,1067,5.99438202247191,0.0069821567106283944,0.01008533747090768,0.005430566330488751,0.004654771140418929,0.40833437931467303,0.300880534235564,0.0,1.0,0.34306514371783603,0.3124916892769415,0.0,1.0,0.6650684071796159,0.2621424126818458,0.0,1.0,0.40293711560185763,0.1905570843562914,0.03225806451612903,1.0,14,0.19377431906614787,9.26147859922179,20
918,1286,910,14.635580000663227,96.68662519440124,8,7,4,3,955,0.7431906614785992,330,1079,0.8396887159533074,0.9151832460732985,874,205,0.9151832460732985,0.6212121212121212,0.8396887159533074,176,1048,5.954545454545454,0.0062256809338521405,0.005447470817120622,0.0031128404669260703,0.0023346303501945525,0.4096222344855265,0.3017920616532304,0.0,1.0,0.34262278633421966,0.31181371150688647,0.0,1.0,0.6644007424873325,0.26236746445433157,0.0,1.0,0.40237294938042445,0.190162956070814,0.03225806451612903,1.0,14,0.19284603421461896,9.265940902021773,20
919,1287,909,14.660784328566017,96.91996891996892,9,8,3,5,936,0.7278382581648523,350,1100,0.8553654743390358,0.9049145299145299,847,253,0.9049145299145299,0.7228571428571429,0.8553654743390358,175,1074,6.137142857142857,0.006998444790046656,0.006220839813374806,0.0023328149300155523,0.0038880248833592537,0.4108328947038625,0.30157995725048453,0.0,1.0,0.3436849888462792,0.3112467837539263,0.0,1.0,0.6658896658896659,0.26139785616759936,0.0,1.0,0.40251146702759605,0.18993272273524847,0.03225806451612903,1.0,14,0.1926961926961927,9.268065268065268,20
920,1289,903,14.719192939015354,97.28859581070597,6,4,2,2,929,0.7218337218337219,358,1074,0.8344988344988346,0.8966630785791173,833,241,0.8966630785791173,0.6731843575418994,0.8344988344988346,179,1047,5.849162011173185,0.004662004662004662,0.003108003108003108,0.001554001554001554,0.001554001554001554,0.4104457068495207,0.3016799114262915,0.0,1.0,0.3450036287194374,0.3117493626387646,0.0,1.0,0.6650066317975926,0.2617377009615592,0.0,1.0,0.4029380114617483,0.19030997705765676,0.03225806451612903,1.0,14,0.1908456167571761,9.26377036462374,20
921,1286,911,14.651705490975132,97.08398133748057,9,12,8,4,983,0.7626066718386346,306,1085,0.8417377812257564,0.9053916581892166,890,195,0.9053916581892166,0.6372549019607843,0.8417377812257564,171,1064,6.222222222222222,0.0069821567106283944,0.009309542280837859,0.0062063615205585725,0.0031031807602792862,0.4089449656348768,0.30158036195883653,0.0,1.0,0.3424722821451864,0.3102963814429879,0.0,1.0,0.664375658455827,0.26185839352126966,0.0,1.0,0.4018963527818191,0.18955075668542654,0.03225806451612903,1.0,14,0.19362363919129083,9.28538102643857,20
922,1283,909,14.656196053430198,97.03663289166018,6,9,8,1,961,0.7472783825816485,325,1097,0.8530326594090202,0.9011446409989594,866,231,0.9011446409989594,0.7107692307692308,0.8530326594090202,173,1068,6.173410404624278,0.004665629860031105,0.006998444790046656,0.006220839813374806,0.0007776049766718507,0.4077892037311744,0.30179033760962587,0.0,1.0,0.3422925099942172,0.31050607535975305,0.0,1.0,0.6648480124707716,0.26194989561019366,0.0,1.0,0.4027606667839992,0.18994133665106339,0.03225806451612903,1.0,14,0.19485580670303976,9.29228371005456,20
923,1281,912,14.68911444615022,97.48087431693989,6,8,4,4,982,0.7653936087295401,301,1067,0.8316445830085737,0.9083503054989817,892,175,0.9083503054989817,0.5813953488372093,0.8316445830085737,174,1044,6.0,0.004676539360872954,0.006235385814497272,0.003117692907248636,0.003117692907248636,0.4081236936868877,0.3015947173970704,0.0,1.0,0.34270101483216237,0.3107819839696769,0.0,1.0,0.6646772934451411,0.2617247664941523,0.0,1.0,0.40291103220770064,0.18999048262378246,0.03225806451612903,1.0,14,0.19281811085089773,9.297423887587822,20
924,1282,915,14.64717459414601,97.44851794071762,9,8,5,3,978,0.7634660421545667,303,1082,0.8446526151444185,0.9171779141104295,897,185,0.9171779141104295,0.6105610561056105,0.8446526151444185,178,1063,5.97191011235955,0.00702576112412178,0.00624512099921936,0.0039032006245121,0.00234192037470726,0.40793115595591567,0.3026654316830281,0.0,1.0,0.34084847264858337,0.30976880827295844,0.0,1.0,0.6649136933219264,0.26216225615268574,0.0,1.0,0.40226963917266373,0.18916533616326278,0.03225806451612903,1.0,14,0.1934477379095164,9.304992199687987,20
925,1276,914,14.714467777509075,97.75626959247649,5,11,5,6,961,0.749609984399376,321,1079,0.8416536661466458,0.8938605619146722,859,220,0.8938605619146722,0.6853582554517134,0.8416536661466458,177,1055,5.96045197740113,0.0039001560062402497,0.00858034321372855,0.0039001560062402497,0.0046801872074883,0.40651228637880477,0.3014785554861819,0.0,1.0,0.34295682070987965,0.3102335160807705,0.0,1.0,0.6646779249671352,0.2620858689201777,0.0,1.0,0.4017342501769643,0.18833411765674013,0.03225806451612903,1.0,14,0.19435736677115986,9.308777429467085,20
926,1273,914,14.736657008742759,98.02199528672428,5,8,6,2,968,0.7586206896551724,308,1081,0.8471786833855799,0.9183884297520661,889,192,0.9183884297520661,0.6233766233766234,0.8471786833855799,177,1058,5.977401129943503,0.003918495297805642,0.006269592476489028,0.004702194357366771,0.001567398119122257,0.4057978359475965,0.3012078855577398,0.0,1.0,0.34432252996477714,0.3108971921845405,0.0,1.0,0.6639383726528647,0.2623021925430965,0.0,1.0,0.400679117147708,0.18791764668151303,0.03225806451612903,1.0,14,0.194815396700707,9.32050274941084,20
927,1270,923,14.749788551445683,98.31417322834646,6,9,6,3,956,0.7509819324430479,317,1048,0.8232521602513747,0.8922594142259415,853,195,0.8922594142259415,0.6151419558359621,0.8232521602513747,173,1030,5.953757225433526,0.004713275726630008,0.007069913589945012,0.004713275726630008,0.002356637863315004,0.40568961137922277,0.30055363541595986,0.0,1.0,0.34531369062738126,0.3110226471152239,0.0,1.0,0.6642113284226568,0.2622862180305429,0.0,1.0,0.40121920243840486,0.1885359453910809,0.03225806451612903,1.0,14,0.19370078740157481,9.325984251968505,20
928,1273,925,14.704454463881298,98.22623723487824,9,6,5,1,949,0.747244094488189,321,1061,0.8354330708661417,0.9083245521601686,862,199,0.9083245521601686,0.6199376947040498,0.8354330708661417,178,1041,5.848314606741573,0.007086614173228346,0.004724409448818898,0.003937007874015748,0.0007874015748031496,0.40524035172186607,0.3008971660508492,0.0,1.0,0.3451334161112941,0.3112493902924217,0.0,1.0,0.6651547018726403,0.2622528085505815,0.0,1.0,0.4014646631021463,0.1887036414117707,0.03225806451612903,1.0,14,0.19560094265514533,9.33071484681854,20
929,1273,924,14.696397365453402,98.35899450117832,9,9,4,5,991,0.7784760408483896,282,1093,0.8586017282010998,0.917255297679112,909,184,0.917255297679112,0.6524822695035462,0.8586017282010998,178,1070,6.01123595505618,0.007069913589945012,0.007069913589945012,0.003142183817753339,0.003927729772191673,0.40630463978916964,0.3015313307543611,0.0,1.0,0.34518409649545145,0.31131924170144637,0.0,1.0,0.6662189899399438,0.2623191152733472,0.0,1.0,0.402224868864506,0.1883797105533548,0.03225806451612903,1.0,14,0.19560094265514533,9.322073841319718,20
930,1277,926,14.648175231479252,98.26703210649961,10,6,5,1,949,0.7454831107619796,324,1062,0.8342498036135114,0.9125395152792413,866,196,0.9125395152792413,0.6049382716049383,0.8342498036135114,175,1039,5.937142857142857,0.007855459544383346,0.004713275726630008,0.003927729772191673,0.0007855459544383347,0.4058150402910046,0.30134868390001074,0.0,1.0,0.3440270795968373,0.3112813159767631,0.0,1.0,0.6656225528582616,0.26214381660950187,0.0,1.0,0.40283426377346093,0.1878157222078546,0.03225806451612903,1.0,14,0.19655442443226312,9.321848081440876,20
931,1272,932,14.578768479565548,98.02358490566037,6,11,11,0,966,0.7564604541895067,311,1086,0.8504306969459671,0.9140786749482401,883,203,0.9140786749482401,0.6527331189710611,0.8504306969459671,172,1064,6.186046511627907,0.004698512137823023,0.008613938919342208,0.008613938919342208,0.0,0.40497565429093124,0.30117975755213766,0.0,1.0,0.34540474741326843,0.31142351686836195,0.0,1.0,0.6649928991681883,0.26246695324515207,0.0,1.0,0.403809089064719,0.18872823950160786,0.03225806451612903,1.0,14,0.1957547169811321,9.32940251572327,20
932,1264,934,14.600445085011286,97.93037974683544,6,14,9,5,960,0.7547169811320755,312,1092,0.8584905660377359,0.9145833333333333,878,214,0.9145833333333333,0.6858974358974359,0.8584905660377359,171,1065,6.228070175438597,0.0047169811320754715,0.0110062893081761,0.007075471698113208,0.003930817610062893,0.40429767251939563,0.30102900000325666,0.0,1.0,0.34738668844426296,0.3119002421835163,0.0,1.0,0.6667772560228665,0.2613413424393138,0.0,1.0,0.4041190281747652,0.18911449943742636,0.03225806451612903,1.0,13,0.1962025316455696,9.340981012658228,20
933,1269,938,14.571426667618942,98.16548463356973,8,3,2,1,961,0.7602848101265823,303,1093,0.8647151898734177,0.9094693028095734,874,219,0.9094693028095734,0.7227722772277227,0.8647151898734177,177,1074,6.067796610169491,0.006329113924050633,0.0023734177215189874,0.0015822784810126582,0.0007911392405063291,0.4034164569511172,0.30099246836959764,0.0,1.0,0.34578916596761483,0.3114742367446329,0.0,1.0,0.6663616258674597,0.2614578475664757,0.0,1.0,0.4036960776837235,0.18882832749518094,0.03225806451612903,1.0,13,0.19621749408983452,9.342789598108746,20
934,1259,942,14.620365397805614,98.03018268467038,4,14,12,2,907,0.7147360126083531,362,1077,0.8486997635933806,0.9073869900771775,823,254,0.9073869900771775,0.7016574585635359,0.8486997635933806,177,1058,5.977401129943503,0.0031520882584712374,0.01103230890464933,0.009456264775413711,0.0015760441292356187,0.4026749340234185,0.300975730150476,0.0,1.0,0.3453073355709857,0.31154624686381205,0.0,1.0,0.665863844833329,0.26191344680772444,0.0,1.0,0.4032129954649107,0.18843491122717165,0.03225806451612903,1.0,13,0.19618745035742652,9.348689436060365,20
935,1261,939,14.592192663551865,97.92228390166534,9,7,5,2,955,0.7585385226370135,304,1091,0.8665607625099285,0.9130890052356021,872,219,0.9130890052356021,0.7203947368421053,0.8665607625099285,175,1063,6.074285714285714,0.007148530579825258,0.005559968228752979,0.003971405877680699,0.0015885623510722795,0.4016781356322427,0.300561242993534,0.0,1.0,0.3444015246476171,0.3112910091454891,0.0,1.0,0.6654217083216086,0.2617894024043625,0.0,1.0,0.40254790105139293,0.18794313059561674,0.03225806451612903,1.0,13,0.19666931007137192,9.360031720856464,20
936,1257,945,14.669565222311974,98.16706443914082,6,10,5,5,903,0.7160983346550357,358,1034,0.8199841395717684,0.8914728682170543,805,229,0.8914728682170543,0.6396648044692738,0.8199841395717684,170,1010,5.9411764705882355,0.004758128469468675,0.007930214115781126,0.003965107057890563,0.003965107057890563,0.4002104344701927,0.2997119651130744,0.0,1.0,0.345394821259014,0.3113186189479506,0.0,1.0,0.6643570200426002,0.2628430876944509,0.0,1.0,0.40218646547078296,0.18814130777238736,0.03225806451612903,1.0,13,0.19411296738265713,9.356404136833731,20
937,1257,947,14.679622200070087,98.2975338106603,9,9,4,5,940,0.7478122513922036,317,1070,0.8512330946698489,0.9074468085106383,853,217,0.9074468085106383,0.6845425867507886,0.8512330946698489,180,1052,5.844444444444444,0.007159904534606206,0.007159904534606206,0.0031821797931583136,0.003977724741447892,0.4000051325480535,0.2993311815514438,0.0,1.0,0.34452228808992225,0.3108731288705229,0.0,1.0,0.6636128005748454,0.2631119900594094,0.0,1.0,0.4006210383144712,0.1874251772244237,0.03225806451612903,1.0,13,0.19411296738265713,9.37549721559268,20
938,1259,943,14.68652098742078,98.31056393963463,10,8,4,4,946,0.7525855210819411,311,1069,0.8504375497215593,0.9090909090909091,860,209,0.9090909090909091,0.6720257234726688,0.8504375497215593,179,1044,5.832402234636872,0.007955449482895784,0.006364359586316627,0.0031821797931583136,0.0031821797931583136,0.399830894975531,0.29952561208377504,0.0,1.0,0.34651156832099206,0.31149188307394116,0.0,1.0,0.662456122370545,0.26312505017119897,0.0,1.0,0.40147070127341206,0.18761349868497312,0.03225806451612903,1.0,13,0.1938046068308181,9.370929308975377,20
939,1254,947,14.674359761241355,98.3030303030303,6,11,8,3,927,0.7362986497220015,332,1095,0.8697378872120731,0.9169363538295577,850,245,0.9169363538295577,0.7379518072289156,0.8697378872120731,173,1072,6.196531791907514,0.004765687053216839,0.008737092930897538,0.006354249404289118,0.0023828435266084196,0.40011318619128466,0.2994343165124671,0.0,1.0,0.3458609867777949,0.312089351018701,0.0,1.0,0.6634254257344241,0.2634553068806413,0.0,1.0,0.4007562895508566,0.1875963766295239,0.03225806451612903,1.0,13,0.19537480063795853,9.385167464114833,20
940,1256,957,14.686945320764593,98.90525477707007,6,4,1,3,946,0.7543859649122807,308,1048,0.835725677830941,0.8953488372093024,847,201,0.8953488372093024,0.6525974025974026,0.835725677830941,168,1026,6.107142857142857,0.004784688995215311,0.003189792663476874,0.0007974481658692185,0.0023923444976076554,0.39888535031847133,0.2996405244787032,0.0,1.0,0.3456698171358126,0.3119864071162573,0.0,1.0,0.6627285802342305,0.2634743211080915,0.0,1.0,0.4005547565235258,0.18696731396859972,0.03225806451612903,1.0,13,0.19506369426751594,9.38375796178344,20
941,1253,959,14.700957792718123,99.09896249002394,4,7,7,0,969,0.7714968152866242,287,1060,0.8439490445859873,0.913312693498452,885,175,0.913312693498452,0.6097560975609756,0.8439490445859873,168,1030,6.130952380952381,0.0031847133757961785,0.005573248407643312,0.005573248407643312,0.0,0.3981927245578354,0.29940531370342854,0.0,1.0,0.3455706304868316,0.3120125706122425,0.0,1.0,0.6636974487037561,0.26320137966550217,0.0,1.0,0.4004067656978091,0.18698302091645527,0.03225806451612903,1.0,13,0.19632881085395051,9.39584996009577,20
942,1254,962,14.689147572499808,98.93939393939394,9,8,5,3,943,0.7525937749401437,310,1060,0.8459696727853152,0.8950159066808059,844,216,0.8950159066808059,0.6967741935483871,0.8459696727853152,169,1032,6.106508875739645,0.007182761372705506,0.006384676775738229,0.0039904229848363925,0.0023942537909018356,0.39730925554355095,0.2997798187933238,0.0,1.0,0.34717291763132174,0.31180646783230503,0.0,1.0,0.663862736018933,0.2627196373954487,0.0,1.0,0.40098780676030255,0.18764793159780624,0.03225806451612903,1.0,13,0.19617224880382775,9.39872408293461,20
943,1244,964,14.723337063578478,98.21543408360128,11,21,12,9,907,0.7232854864433812,347,1073,0.8556618819776715,0.9239250275633958,838,235,0.9239250275633958,0.6772334293948127,0.8556618819776715,175,1050,6.0,0.008771929824561403,0.01674641148325359,0.009569377990430622,0.007177033492822967,0.3982211388860077,0.2993628965702967,0.0,1.0,0.34915983819105906,0.31270331494029047,0.0,1.0,0.6631573488227362,0.2625517984504687,0.0,1.0,0.4013328492894928,0.189183211854184,0.03225806451612903,1.0,13,0.19212218649517684,9.40032154340836,20
944,1243,964,14.650775303219406,97.4473049074819,11,12,11,1,958,0.770096463022508,286,1072,0.8617363344051447,0.9164926931106472,878,194,0.9164926931106472,0.6783216783216783,0.8617363344051447,174,1046,6.011494252873563,0.008842443729903537,0.00964630225080386,0.008842443729903537,0.0008038585209003215,0.39784081177172814,0.2992023049171063,0.0,1.0,0.34811719824565956,0.31168239867914643,0.0,1.0,0.6646251265149352,0.26270938896776946,0.0,1.0,0.4010069291256845,0.18880348280561746,0.03225806451612903,1.0,13,0.19388576025744167,9.4271922767498,20
945,1239,971,14.630959892306382,97.3317191283293,6,10,9,1,947,0.7618664521319388,296,1087,0.8744971842316975,0.9176346356916578,869,218,0.9176346356916578,0.7364864864864865,0.8744971842316975,173,1067,6.167630057803469,0.004827031375703942,0.008045052292839904,0.007240547063555913,0.0008045052292839903,0.398161889140566,0.2994032580129931,0.0,1.0,0.3474185737717722,0.31174145722450664,0.0,1.0,0.6647660704522378,0.26222492795150654,0.0,1.0,0.40050508995287565,0.18893931543841921,0.03225806451612903,1.0,13,0.19451170298627926,9.439870863599678,20
946,1228,981,14.68964650141589,97.47394136807817,6,17,9,8,942,0.7602905569007264,297,1061,0.8563357546408394,0.9235668789808917,870,191,0.9235668789808917,0.6430976430976431,0.8563357546408394,166,1037,6.246987951807229,0.004842615012106538,0.013720742534301856,0.007263922518159807,0.00645682001614205,0.3971839865503835,0.29912904388978956,0.0,1.0,0.3476147945781234,0.3123026598130427,0.0,1.0,0.6647578018283072,0.26253226980036676,0.0,1.0,0.3999422086792056,0.18843341962676627,0.03225806451612903,1.0,13,0.19462540716612378,9.451954397394136,20
947,1234,980,14.673273043050804,97.50729335494327,9,3,3,0,899,0.7320846905537459,329,1065,0.8672638436482085,0.92880978865406,835,230,0.92880978865406,0.6990881458966566,0.8672638436482085,182,1046,5.747252747252747,0.007328990228013029,0.0024429967426710096,0.0024429967426710096,0.0,0.3978930307941653,0.29945999000608287,0.0,1.0,0.34759763684843414,0.3121203876014687,0.0,1.0,0.6631724786950385,0.2630554317986364,0.0,1.0,0.39938307105139337,0.18860334866388342,0.03225806451612903,1.0,13,0.19448946515397084,9.478119935170179,20
948,1238,988,14.652707131715983,97.61470113085622,10,6,2,4,945,0.7658022690437601,289,1071,0.8679092382495948,0.9248677248677248,874,197,0.9248677248677248,0.6816608996539792,0.8679092382495948,177,1056,5.966101694915254,0.008103727714748784,0.004862236628849271,0.0016207455429497568,0.0032414910858995136,0.3967116577205691,0.2994452876847872,0.0,1.0,0.3466829954661525,0.3116468239170069,0.0,1.0,0.6626713221116265,0.26253558037904173,0.0,1.0,0.39884829850435144,0.18872581609197528,0.03225806451612903,1.0,13,0.1938610662358643,9.479806138933764,20
949,1232,993,14.595648907828927,97.27759740259741,7,13,11,2,953,0.7697899838449112,285,1104,0.8917609046849758,0.9391395592864638,895,209,0.9391395592864638,0.7333333333333333,0.8917609046849758,172,1081,6.284883720930233,0.005654281098546042,0.01050080775444265,0.008885298869143781,0.0016155088852988692,0.39720360284876416,0.2996075281758215,0.0,1.0,0.3485546711353163,0.31189253937998535,0.0,1.0,0.6615521575198995,0.26323296130079615,0.0,1.0,0.39874842899036445,0.18873685576864171,0.03225806451612903,1.0,13,0.19155844155844157,9.495941558441558,20
950,1230,993,14.63492783833295,97.63252032520325,3,5,5,0,948,0.7694805194805194,284,1062,0.862012987012987,0.9261603375527426,878,184,0.9261603375527426,0.647887323943662,0.862012987012987,177,1039,5.870056497175141,0.002435064935064935,0.004058441558441558,0.004058441558441558,0.0,0.3969315499606609,0.29936761054923083,0.0,1.0,0.34815106215578284,0.3117973896586513,0.0,1.0,0.6615263571990558,0.26321479215028,0.0,1.0,0.39853134015211117,0.18816593689805375,0.03225806451612903,1.0,13,0.1926829268292683,9.504878048780487,20
951,1234,992,14.684247442930458,97.9546191247974,9,5,1,4,915,0.7439024390243902,315,1065,0.8658536585365854,0.9147540983606557,837,228,0.9147540983606557,0.7238095238095238,0.8658536585365854,174,1038,5.9655172413793105,0.007317073170731708,0.0040650406504065045,0.0008130081300813008,0.0032520325203252032,0.3978407486798766,0.30005544065121215,0.0,1.0,0.3500287551628588,0.312298302974637,0.0,1.0,0.6614210278663669,0.2634593214970559,0.0,1.0,0.39961834056569245,0.1888046154212392,0.03225806451612903,1.0,13,0.1920583468395462,9.504862236628849,20
952,1229,1004,14.71711129793215,98.39218877135883,2,7,7,0,927,0.7512155591572123,307,1045,0.846839546191248,0.9093851132686084,843,202,0.9093851132686084,0.6579804560260586,0.846839546191248,172,1029,5.982558139534884,0.0016207455429497568,0.005672609400324149,0.005672609400324149,0.0,0.397674479645135,0.2995405198965015,0.0,1.0,0.34961547547179717,0.3120092227287711,0.0,1.0,0.6614346833250216,0.2637488245078411,0.0,1.0,0.39919682931310535,0.18872005408562123,0.03225806451612903,1.0,13,0.19283970707892595,9.512611879576891,20
953,1225,1005,14.747334833441636,98.34775510204082,7,11,7,4,939,0.7640358014646054,290,1059,0.8616761594792515,0.9201277955271565,864,195,0.9201277955271565,0.6724137931034483,0.8616761594792515,183,1043,5.699453551912568,0.005695687550854353,0.008950366151342554,0.005695687550854353,0.0032546786004882017,0.3967610269914417,0.2989402730251426,0.0,1.0,0.3499144173798552,0.31203901734004946,0.0,1.0,0.6607241606319947,0.26382296926930027,0.0,1.0,0.39913100724160633,0.18879506858761913,0.03225806451612903,1.0,13,0.19183673469387755,9.514285714285714,20
954,1223,1011,14.76932900228183,98.17252657399837,7,9,7,2,922,0.7526530612244898,303,1051,0.8579591836734693,0.9295010845986985,857,194,0.9295010845986985,0.6402640264026402,0.8579591836734693,181,1038,5.734806629834254,0.005714285714285714,0.007346938775510204,0.005714285714285714,0.0016326530612244899,0.39508875583572917,0.29815174815970846,0.0,1.0,0.3507240260596629,0.3118191515435775,0.0,1.0,0.6616991533247171,0.26408319507443667,0.0,1.0,0.39841215414237857,0.18803305224201922,0.03225806451612903,1.0,13,0.19133278822567457,9.51676206050695,20
955,1226,1020,14.691558812755364,97.7194127243067,12,9,7,2,877,0.7170891251022077,346,1047,0.8560915780866721,0.927023945267959,813,234,0.927023945267959,0.6763005780346821,0.8560915780866721,171,1027,6.005847953216374,0.009811937857726901,0.007358953393295176,0.005723630417007359,0.001635322976287817,0.39322738514971317,0.29743422281967796,0.0,1.0,0.3522338578119244,0.31216544810913704,0.0,1.0,0.6631847603010051,0.263638739700343,0.0,1.0,0.39880545177077303,0.1878366614860345,0.03225806451612903,1.0,13,0.19249592169657423,9.5163132137031,20
956,1225,1027,14.692182138787382,97.76326530612245,8,9,6,3,904,0.7373572593800979,322,1087,0.8866231647634584,0.9247787610619469,836,251,0.9247787610619469,0.7795031055900621,0.8866231647634584,174,1068,6.137931034482759,0.0065252854812398045,0.00734094616639478,0.004893964110929853,0.0024469820554649264,0.3905990783410138,0.29693523981396586,0.0,1.0,0.3489400921658986,0.31138851391833255,0.0,1.0,0.6616984858459514,0.2641064504828449,0.0,1.0,0.39989466754443714,0.1880888702857775,0.03225806451612903,1.0,13,0.19591836734693877,9.508571428571429,20
957,1231,1024,14.632179424121729,97.29894394800975,13,7,6,1,925,0.7551020408163265,300,1047,0.8546938775510204,0.9243243243243243,855,192,0.9243243243243243,0.64,0.8546938775510204,166,1010,6.0843373493975905,0.010612244897959184,0.005714285714285714,0.004897959183673469,0.0008163265306122449,0.39223290794266397,0.2973617278380877,0.0,1.0,0.3480778805586856,0.31103785255562943,0.0,1.0,0.6608055344461623,0.26471902943937614,0.0,1.0,0.4005922276669899,0.18759469135845863,0.03225806451612903,1.0,13,0.19496344435418358,9.520714865962631,20
958,1230,1027,14.618488671740627,97.27073170731707,7,8,7,1,935,0.7595450852965069,296,1078,0.875710804224208,0.9283422459893048,868,210,0.9283422459893048,0.7094594594594594,0.875710804224208,177,1058,5.977401129943503,0.005686433793663688,0.006498781478472786,0.005686433793663688,0.0008123476848090983,0.3913716233936533,0.29682008446171726,0.0,1.0,0.3479412536060844,0.3110511930805658,0.0,1.0,0.6621033307107265,0.2642081431581597,0.0,1.0,0.40036716496197217,0.18727448592422985,0.03225806451612903,1.0,13,0.19593495934959348,9.530081300813007,20
959,1225,1028,14.749757355380392,97.61795918367346,4,9,5,4,901,0.732520325203252,329,1092,0.8878048780487805,0.9356270810210877,843,249,0.9356270810210877,0.756838905775076,0.8878048780487805,177,1070,6.045197740112994,0.0032520325203252032,0.007317073170731708,0.0040650406504065045,0.0032520325203252032,0.39004608294930876,0.2962925937492579,0.0,1.0,0.34822909809084923,0.31107263413085257,0.0,1.0,0.6623041474654379,0.26345431483871246,0.0,1.0,0.3996050032916392,0.18753623974280464,0.03225806451612903,1.0,13,0.19673469387755102,9.53795918367347,20
960,1228,1034,14.749177759554403,97.82410423452768,8,5,3,2,922,0.7526530612244898,303,1070,0.8734693877551021,0.93058568329718,858,212,0.93058568329718,0.6996699669966997,0.8734693877551021,172,1048,6.093023255813954,0.006530612244897959,0.004081632653061225,0.0024489795918367346,0.0016326530612244899,0.38925081433224756,0.29598022031736815,0.0,1.0,0.3485867395187559,0.3114147586062168,0.0,1.0,0.6612903225806452,0.2634991097139809,0.0,1.0,0.40012609015446043,0.18839155980043037,0.03225806451612903,1.0,13,0.1962540716612378,9.539087947882736,20
961,1226,1041,14.745081769900624,97.86296900489397,6,8,6,2,908,0.739413680781759,320,1074,0.8745928338762216,0.9273127753303965,842,232,0.9273127753303965,0.725,0.8745928338762216,166,1047,6.307228915662651,0.004885993485342019,0.006514657980456026,0.004885993485342019,0.0016286644951140066,0.3891227700889333,0.29555265574792045,0.0,1.0,0.35023417355154446,0.31137188531407084,0.0,1.0,0.6620007367257802,0.2634610224700783,0.0,1.0,0.40009472188601797,0.18828228024218482,0.03225806451612903,1.0,13,0.1965742251223491,9.546492659053834,20
962,1218,1039,14.829749905239284,97.91297208538587,3,11,10,1,911,0.7430668841761827,315,1079,0.8800978792822186,0.9176728869374314,836,243,0.9176728869374314,0.7714285714285715,0.8800978792822186,178,1055,5.926966292134831,0.0024469820554649264,0.00897226753670473,0.008156606851549755,0.0008156606851549756,0.38987764182424917,0.295701979975253,0.0,1.0,0.3503628370146724,0.3112880527354725,0.0,1.0,0.6598071931776047,0.2635642142227108,0.0,1.0,0.40044493882091214,0.18871520800722275,0.03225806451612903,1.0,13,0.19458128078817735,9.555008210180624,20
963,1220,1052,14.853210699874937,98.28606557377049,7,5,2,3,881,0.7233169129720853,337,1046,0.8587848932676518,0.9284903518728718,818,228,0.9284903518728718,0.6765578635014837,0.8587848932676518,168,1027,6.113095238095238,0.005747126436781609,0.004105090311986864,0.0016420361247947454,0.0024630541871921183,0.3901110523532523,0.2951755905904969,0.0,1.0,0.34976203067160233,0.31122775324707586,0.0,1.0,0.6602326811211,0.2637134390133869,0.0,1.0,0.40068746694870444,0.18839754137691783,0.03225806451612903,1.0,13,0.1942622950819672,9.558196721311475,20
964,1225,1058,14.731574643159812,97.62122448979592,14,9,7,2,926,0.759016393442623,294,1069,0.8762295081967213,0.9265658747300216,858,211,0.9265658747300216,0.717687074829932,0.8762295081967213,179,1054,5.888268156424581,0.011475409836065573,0.007377049180327869,0.005737704918032787,0.001639344262295082,0.3889400921658986,0.2954948524771156,0.0,1.0,0.3507044107965767,0.31155192815158694,0.0,1.0,0.6615931533903885,0.26296231445546175,0.0,1.0,0.4012903225806451,0.18869454652573156,0.03225806451612903,1.0,13,0.19591836734693877,9.568979591836735,20
965,1220,1062,14.82802228580696,97.72459016393442,6,11,6,5,916,0.7477551020408163,309,1079,0.8808163265306123,0.9377729257641921,859,220,0.9377729257641921,0.7119741100323624,0.8808163265306123,175,1058,6.045714285714285,0.004897959183673469,0.008979591836734694,0.004897959183673469,0.004081632653061225,0.3884981491274458,0.2946743266505236,0.0,1.0,0.35108408249603384,0.3109147458126362,0.0,1.0,0.6622686409307245,0.2626832154869869,0.0,1.0,0.40108408249603383,0.18882754532920035,0.03225806451612903,1.0,13,0.19508196721311474,9.564754098360655,20
966,1222,1064,14.807599059571276,97.6063829787234,8,6,5,1,928,0.760655737704918,292,1040,0.8524590163934426,0.9267241379310345,860,180,0.9267241379310345,0.6164383561643836,0.8524590163934426,174,1016,5.839080459770115,0.006557377049180328,0.004918032786885246,0.004098360655737705,0.000819672131147541,0.3888654242120268,0.2951590277717433,0.0,1.0,0.34942716857610473,0.3101048364015825,0.0,1.0,0.6623462330394383,0.26256598567792444,0.0,1.0,0.4003220526899319,0.18785421803187516,0.03225806451612903,1.0,13,0.1972176759410802,9.579378068739771,20
967,1223,1068,14.83276627876932,97.77514309076042,7,6,4,2,911,0.7454991816693944,311,1059,0.8666121112929623,0.9341383095499451,851,208,0.9341383095499451,0.6688102893890675,0.8666121112929623,179,1042,5.82122905027933,0.0057283142389525366,0.004909983633387889,0.0032733224222585926,0.0016366612111292963,0.3900245298446443,0.29616319346035214,0.0,1.0,0.34840292248041566,0.3094982838872574,0.0,1.0,0.6616991533247171,0.2633120397697424,0.0,1.0,0.3993353203386701,0.1874880076076143,0.03225806451612903,1.0,13,0.19787408013082583,9.59198691741619,19
968,1223,1075,14.858040464946672,98.09076042518397,5,5,4,1,905,0.7399836467702371,318,1043,0.8528209321340965,0.9116022099447514,825,218,0.9116022099447514,0.6855345911949685,0.8528209321340965,171,1021,5.970760233918129,0.004088307440719542,0.004088307440719542,0.003270645952575634,0.0008176614881439084,0.3889431065861314,0.2958053999561934,0.0,1.0,0.3470313612744969,0.3088309606801527,0.0,1.0,0.6627805765832301,0.26282622573853814,0.0,1.0,0.3989924300371904,0.18711261477215618,0.03225806451612903,1.0,13,0.19869174161896974,9.597710547833197,19
969,1225,1076,14.895229103325798,98.39836734693877,6,4,3,1,927,0.7579721995094031,296,1032,0.8438266557645135,0.8975188781014024,832,200,0.8975188781014024,0.6756756756756757,0.8438266557645135,176,1009,5.732954545454546,0.004905968928863451,0.003270645952575634,0.0024529844644317253,0.0008176614881439084,0.38854509545753785,0.29610728887351734,0.0,1.0,0.34541145490454245,0.3081669553515486,0.0,1.0,0.6620934825543121,0.2630420084866085,0.0,1.0,0.3979723502304147,0.1869713320367295,0.03225806451612903,1.0,13,0.19918367346938776,9.608979591836734,19
970,1227,1084,14.878232849582812,98.40586797066015,7,5,5,0,931,0.76,294,1046,0.8538775510204082,0.9226638023630505,859,187,0.9226638023630505,0.6360544217687075,0.8538775510204082,172,1026,5.965116279069767,0.005714285714285714,0.004081632653061225,0.004081632653061225,0.0,0.38898966795488604,0.296208551215535,0.0,1.0,0.3435076373005232,0.3075301802144017,0.0,1.0,0.6615400793963773,0.26311969841977684,0.0,1.0,0.39784946236559143,0.186512006579849,0.03225806451612903,1.0,13,0.20048899755501223,9.624286878565607,19
971,1227,1085,14.946160774701756,98.65933170334148,6,6,5,1,892,0.7269763651181744,335,1053,0.8581907090464548,0.9327354260089686,832,221,0.9327354260089686,0.6597014925373135,0.8581907090464548,182,1036,5.6923076923076925,0.004889975550122249,0.004889975550122249,0.004074979625101874,0.0008149959250203749,0.3889370875726266,0.2961687966811829,0.0,1.0,0.34463811551909984,0.3074415102899103,0.0,1.0,0.66130346767621,0.2633614408079289,0.0,1.0,0.39771801140994295,0.18657181954152877,0.03225806451612903,1.0,13,0.19885900570497148,9.63080684596577,19
972,1226,1086,14.968050087342938,98.39722675367047,9,10,7,3,917,0.7473512632436837,310,1083,0.882640586797066,0.9302071973827699,853,230,0.9302071973827699,0.7419354838709677,0.882640586797066,179,1063,5.93854748603352,0.007334963325183374,0.008149959250203748,0.0057049714751426246,0.0024449877750611247,0.3888596537388833,0.29654344589653575,0.0,1.0,0.34362995316528966,0.3067415645024608,0.0,1.0,0.6607904015155501,0.26331649494554826,0.0,1.0,0.3973056885754881,0.18687110014898975,0.03225806451612903,1.0,13,0.1965742251223491,9.646818923327896,19
973,1226,1090,14.976667468527548,98.39967373572594,7,7,6,1,947,0.7724306688417618,279,1077,0.8784665579119086,0.928194297782471,879,198,0.928194297782471,0.7096774193548387,0.8784665579119086,177,1058,5.977401129943503,0.005709624796084829,0.005709624796084829,0.004893964110929853,0.0008156606851549756,0.38796505814871335,0.2962352762990959,0.0,1.0,0.34131452928484973,0.3057945102683383,0.0,1.0,0.6614218807556701,0.2630395825494142,0.0,1.0,0.3968320791453981,0.18631417192970026,0.03225806451612903,1.0,13,0.19902120717781402,9.658238172920065,19
974,1225,1093,14.976890135368583,98.20816326530613,8,9,7,2,931,0.7593800978792822,295,1082,0.8825448613376835,0.9366272824919442,872,210,0.9366272824919442,0.711864406779661,0.8825448613376835,183,1068,5.836065573770492,0.0065252854812398045,0.00734094616639478,0.005709624796084829,0.0016313213703099511,0.38807109940750495,0.2959887170227859,0.0,1.0,0.3423304805793285,0.3060751873021483,0.0,1.0,0.6617774851876234,0.2629717283941139,0.0,1.0,0.39694535878867676,0.18650291785370282,0.03225806451612903,1.0,13,0.2,9.66530612244898,19
975,1222,1103,14.976344341190098,98.42880523731587,5,8,6,2,925,0.7551020408163265,300,1043,0.8514285714285714,0.9318918918918919,862,181,0.9318918918918919,0.6033333333333334,0.8514285714285714,167,1020,6.107784431137724,0.004081632653061225,0.006530612244897959,0.004897959183673469,0.0016326530612244899,0.38841666226703975,0.2958112278901418,0.0,1.0,0.3416134311810358,0.30613203085060137,0.0,1.0,0.661158333773296,0.26306704258455654,0.0,1.0,0.3963887862309276,0.18641402373626176,0.03225806451612903,1.0,13,0.20049099836333878,9.681669394435351,19
976,1222,1097,15.032661042867442,98.62193126022913,5,5,5,0,946,0.7741407528641571,276,1075,0.8797054009819967,0.9302325581395349,880,195,0.9302325581395349,0.7065217391304348,0.8797054009819967,176,1045,5.9375,0.004091653027823241,0.004091653027823241,0.004091653027823241,0.0,0.3863312391109234,0.2950912006811744,0.0,1.0,0.33987117892402724,0.30557564433427287,0.0,1.0,0.6596008658465762,0.2632331577985319,0.0,1.0,0.39620400190063887,0.18612828744550192,0.03225806451612903,1.0,13,0.20212765957446807,9.693944353518821,19
977,1222,1099,15.081379694024019,98.90834697217676,6,6,4,2,897,0.7340425531914894,325,1064,0.8707037643207856,0.9331103678929766,837,227,0.9331103678929766,0.6984615384615385,0.8707037643207856,185,1051,5.681081081081081,0.004909983633387889,0.004909983633387889,0.0032733224222585926,0.0016366612111292963,0.3866480122485613,0.29552150598987537,0.0,1.0,0.3397655878781479,0.30541993384778604,0.0,1.0,0.6597592524153952,0.26244037515868324,0.0,1.0,0.39620400190063887,0.18650306180054443,0.03225806451612903,1.0,13,0.20212765957446807,9.698036006546644,19
978,1227,1102,15.024749703165737,98.46943765281173,12,7,6,1,902,0.7381342062193126,320,1077,0.881342062193126,0.9246119733924612,834,243,0.9246119733924612,0.759375,0.881342062193126,173,1053,6.086705202312139,0.009819967266775777,0.0057283142389525366,0.004909983633387889,0.0008183306055646482,0.38446775508057945,0.29504970477953857,0.0,1.0,0.3392749165286431,0.3054504289137938,0.0,1.0,0.6599363777374662,0.2620440535019992,0.0,1.0,0.3970607566317007,0.186478506944271,0.03225806451612903,1.0,13,0.20211898940505296,9.704971475142624,19
979,1231,1109,15.001019859264657,98.6701868399675,9,5,3,2,919,0.7489812550937245,308,1085,0.8842705786471068,0.9347116430903155,859,226,0.9347116430903155,0.7337662337662337,0.8842705786471068,178,1070,6.01123595505618,0.007334963325183374,0.004074979625101874,0.0024449877750611247,0.0016299918500407497,0.38358533581405097,0.2949478748641995,0.0,1.0,0.33817247975681974,0.30568334489652405,0.0,1.0,0.6577395770551085,0.2630426329048106,0.0,1.0,0.3965304892429444,0.18581803898925803,0.03225806451612903,1.0,13,0.20064987814784727,9.71080422420796,19
980,1231,1107,15.037007674253823,98.77904142973192,6,6,5,1,967,0.7855402112103981,264,1087,0.8830219333874898,0.9327817993795243,902,185,0.9327817993795243,0.7007575757575758,0.8830219333874898,180,1065,5.916666666666667,0.00487408610885459,0.00487408610885459,0.004061738424045491,0.0008123476848090983,0.3833756977018422,0.29484211028685386,0.0,1.0,0.3382510940488981,0.3056585839794357,0.0,1.0,0.657582348470952,0.26281862944171086,0.0,1.0,0.3972380178716491,0.18642349075751485,0.03225806451612903,1.0,13,0.19983753046303818,9.718927701056051,19
981,1233,1112,15.0092063118467,98.80940794809408,8,6,5,1,952,0.7733549959382616,279,1081,0.8781478472786353,0.9411764705882353,896,185,0.9411764705882353,0.6630824372759857,0.8781478472786353,168,1054,6.273809523809524,0.006498781478472786,0.00487408610885459,0.004061738424045491,0.0008123476848090983,0.3834863825445412,0.29499356438548197,0.0,1.0,0.3375192946655155,0.30566341957161597,0.0,1.0,0.6587133401355205,0.26223699144119933,0.0,1.0,0.39719540590743796,0.18633072619882338,0.03225806451612903,1.0,13,0.20194647201946472,9.72830494728305,19
982,1238,1110,14.892925578820687,97.95395799676898,15,10,8,2,911,0.7388483373884833,322,1064,0.8629359286293593,0.9121844127332601,831,233,0.9121844127332601,0.7236024844720497,0.8629359286293593,177,1039,5.870056497175141,0.012165450121654502,0.008110300081103,0.006488240064882401,0.0016220600162206002,0.3805565688675804,0.29510384013790086,0.0,1.0,0.337693470217312,0.3051277820781672,0.0,1.0,0.6595445307207254,0.26233803579807147,0.0,1.0,0.39642503517640315,0.1856358431855542,0.03225806451612903,1.0,13,0.20274636510500807,9.735864297253634,19
983,1238,1112,14.808610363864288,97.34329563812601,10,10,9,1,936,0.7560581583198708,302,1093,0.882875605815832,0.9465811965811965,886,207,0.9465811965811965,0.6854304635761589,0.882875605815832,169,1064,6.295857988165681,0.008077544426494346,0.008077544426494346,0.007269789983844911,0.0008077544426494346,0.38217207775287926,0.2952519636023779,0.0,1.0,0.3389181301787482,0.30466902340661595,0.0,1.0,0.6607952472770858,0.26266677721158305,0.0,1.0,0.395956016467768,0.18516922240305894,0.03225806451612903,1.0,13,0.20193861066235863,9.744749596122778,19
984,1239,1111,14.806195073588343,97.23728813559322,8,7,6,1,902,0.72859450726979,336,1096,0.8852988691437803,0.9323725055432373,841,255,0.9323725055432373,0.7589285714285714,0.8852988691437803,178,1073,6.02808988764045,0.006462035541195477,0.005654281098546042,0.004846526655896607,0.0008077544426494346,0.38389439975005857,0.29530155290236787,0.0,1.0,0.3396599755265693,0.3038602923340584,0.0,1.0,0.6599755265692937,0.26271821905378534,0.0,1.0,0.3950636569554011,0.18490790464099138,0.03225806451612903,1.0,13,0.2009685230024213,9.759483454398708,19
985,1234,1116,14.772763508207763,96.7803889789303,9,14,10,4,943,0.7610976594027441,296,1096,0.8845843422114609,0.9427359490986215,889,207,0.9427359490986215,0.6993243243243243,0.8845843422114609,170,1071,6.3,0.007263922518159807,0.011299435028248588,0.008071025020177562,0.003228410008071025,0.38364615465049406,0.29474147073921025,0.0,1.0,0.33988602499085063,0.3037934523890037,0.0,1.0,0.6575782924661474,0.26312572298746556,0.0,1.0,0.3951220787368641,0.1859458744981548,0.03225806451612903,1.0,13,0.19854132901134522,9.776337115072934,19
986,1232,1114,14.760326033046884,96.65746753246754,9,11,8,3,986,0.7990275526742301,248,1072,0.8687196110210696,0.9371196754563894,924,148,0.9371196754563894,0.5967741935483871,0.8687196110210696,182,1052,5.78021978021978,0.007293354943273906,0.008914100486223663,0.006482982171799027,0.0024311183144246355,0.3843213238374529,0.29511945081276014,0.0,1.0,0.3385263929618768,0.3033155415939044,0.0,1.0,0.6575460829493088,0.26345984987933374,0.0,1.0,0.3948994553833263,0.18584534919285683,0.03225806451612903,1.0,13,0.19967532467532467,9.784902597402597,19
987,1233,1114,14.773947809433588,96.50283860502839,8,7,6,1,888,0.7207792207792207,344,1047,0.8498376623376623,0.9245495495495496,821,226,0.9245495495495496,0.6569767441860465,0.8498376623376623,176,1023,5.8125,0.006493506493506494,0.005681818181818182,0.00487012987012987,0.0008116883116883117,0.3847421709441959,0.2949032550607519,0.0,1.0,0.3382780001569735,0.3033707068409037,0.0,1.0,0.6578238233524318,0.26404525405733276,0.0,1.0,0.3950762629830207,0.1855964287869505,0.03225806451612903,1.0,13,0.19870235198702352,9.799675587996756,20
988,1231,1117,14.733996117953241,95.99675060926076,9,11,9,2,943,0.764801297648013,290,1046,0.8483373884833739,0.9194061505832449,867,179,0.9194061505832449,0.6172413793103448,0.8483373884833739,166,1015,6.114457831325301,0.0072992700729927005,0.008921330089213302,0.0072992700729927005,0.0016220600162206002,0.3842404549147035,0.2947384908123159,0.0,1.0,0.33830350357695027,0.3030339419787949,0.0,1.0,0.6571106627184822,0.26399574607153997,0.0,1.0,0.3950892272215089,0.1854143443467781,0.03225806451612903,1.0,13,0.19821283509341997,9.797725426482534,20
989,1230,1119,14.682321014233878,95.57073170731708,8,9,9,0,935,0.7595450852965069,296,1051,0.8537774167343624,0.9112299465240642,852,199,0.9112299465240642,0.6722972972972973,0.8537774167343624,179,1032,5.76536312849162,0.006498781478472786,0.007311129163281885,0.007311129163281885,0.0,0.3827170207185943,0.2938883020809631,0.0,1.0,0.3375557303960136,0.3033166438762315,0.0,1.0,0.6554419092578023,0.2642535299776167,0.0,1.0,0.3936008392341988,0.1851805904878542,0.03225806451612903,1.0,13,0.1991869918699187,9.817073170731707,20
990,1231,1121,14.71154041737493,95.78716490658002,6,5,3,2,953,0.7747967479674797,277,1088,0.8845528455284553,0.9401888772298006,896,192,0.9401888772298006,0.6931407942238267,0.8845528455284553,175,1065,6.085714285714285,0.004878048780487805,0.0040650406504065045,0.0024390243902439024,0.0016260162601626016,0.3824585309609287,0.29392888701703923,0.0,1.0,0.33759597494824556,0.3033221392326468,0.0,1.0,0.655223919708603,0.264656342419616,0.0,1.0,0.39375278425617777,0.18483937434603961,0.03225806451612903,1.0,13,0.19983753046303818,9.82778229082047,20
991,1233,1119,14.662263605872127,95.23195458231955,13,11,8,3,898,0.7294882209585702,333,1106,0.8984565393988627,0.9487750556792873,852,254,0.9487750556792873,0.7627627627627628,0.8984565393988627,185,1089,5.886486486486486,0.010560519902518278,0.008935824532900082,0.006498781478472786,0.002437043054427295,0.38377416738612874,0.2939523144969967,0.0,1.0,0.3393244904900191,0.30402620874014696,0.0,1.0,0.6548674881615781,0.2647113949387092,0.0,1.0,0.3938727991000183,0.1858169309733849,0.03225806451612903,1.0,13,0.19626926196269262,9.83617193836172,20
992,1233,1119,14.676436916778659,95.42173560421736,5,5,5,0,953,0.772911597729116,280,1048,0.8499594484995945,0.925498426023085,882,166,0.925498426023085,0.5928571428571429,0.8499594484995945,173,1021,5.901734104046243,0.0040551500405515,0.0040551500405515,0.0040551500405515,0.0,0.38335557125291053,0.29366003737536456,0.0,1.0,0.3403186563064124,0.30430003868937433,0.0,1.0,0.6541872694450985,0.26468126208326476,0.0,1.0,0.39389896135834446,0.18601343959981081,0.03225806451612903,1.0,13,0.19626926196269262,9.843471208434712,20
993,1239,1119,14.579870413691026,94.91041162227603,14,8,6,2,914,0.7412814274128142,319,1077,0.8734793187347932,0.9245076586433261,845,232,0.9245076586433261,0.7272727272727273,0.8734793187347932,176,1053,5.982954545454546,0.0113544201135442,0.006488240064882401,0.004866180048661801,0.0016220600162206002,0.38321747507094694,0.29354479862638105,0.0,1.0,0.339868260043219,0.3042435179826264,0.0,1.0,0.6549246270405374,0.2642383888718852,0.0,1.0,0.39357962977427163,0.18480916339718195,0.03225806451612903,1.0,13,0.19612590799031476,9.85552865213882,20
994,1238,1125,14.568775388444555,95.0016155088853,5,6,6,0,920,0.7425343018563357,319,1092,0.8813559322033898,0.9456521739130435,870,222,0.9456521739130435,0.6959247648902821,0.8813559322033898,171,1069,6.251461988304094,0.004035512510088781,0.004842615012106538,0.004842615012106538,0.0,0.383318567929543,0.2931719528767401,0.0,1.0,0.33954348845692844,0.3044250775131771,0.0,1.0,0.6542289853561937,0.26454958375292376,0.0,1.0,0.39264682891239777,0.18369656409848803,0.03225806451612903,1.0,13,0.19547657512116318,9.864297253634895,20
995,1244,1127,14.515088302504155,94.9750803858521,10,4,3,1,961,0.7762520193861067,277,1050,0.8481421647819063,0.922996878251821,887,163,0.922996878251821,0.5884476534296029,0.8481421647819063,177,1029,5.813559322033898,0.008077544426494346,0.0032310177705977385,0.0024232633279483036,0.0008077544426494346,0.38380354734985994,0.2928128434133908,0.0,1.0,0.3414324240224043,0.3045749336094958,0.0,1.0,0.6553002800539364,0.26454070740700686,0.0,1.0,0.392308889119386,0.18414591042346443,0.03225806451612903,1.0,13,0.1945337620578778,9.87540192926045,20
996,1243,1127,14.480660941278892,94.65486725663717,7,8,8,0,948,0.7620578778135049,296,1085,0.8721864951768489,0.9409282700421941,892,193,0.9409282700421941,0.652027027027027,0.8721864951768489,173,1058,6.115606936416185,0.005627009646302251,0.006430868167202572,0.006430868167202572,0.0,0.3838528014948226,0.2918230840014874,0.0,1.0,0.3417590117561571,0.3040173556282708,0.0,1.0,0.6564243635325565,0.2641949336081828,0.0,1.0,0.3915864324085849,0.1829577742284101,0.03225806451612903,1.0,13,0.19710378117457764,9.889782783588092,20
997,1245,1124,14.497141163293444,94.65863453815261,8,6,5,1,895,0.7200321802091714,348,1037,0.834271922767498,0.9128491620111732,817,220,0.9128491620111732,0.632183908045977,0.834271922767498,172,1006,5.848837209302325,0.006436041834271922,0.004827031375703942,0.004022526146419952,0.0008045052292839903,0.38308070993652027,0.29155888658869167,0.0,1.0,0.3425055058945459,0.3044963379712797,0.0,1.0,0.6561730794144319,0.26456055112304994,0.0,1.0,0.392382432957637,0.18356734964977003,0.03225806451612903,1.0,13,0.19598393574297188,9.89558232931727,20
998,1250,1126,14.444110133873115,94.2872,11,6,5,1,894,0.7180722891566265,351,1056,0.8481927710843373,0.9272930648769575,829,227,0.9272930648769575,0.6467236467236467,0.8481927710843373,175,1033,5.902857142857143,0.008835341365461847,0.004819277108433735,0.004016064257028112,0.0008032128514056225,0.3838967741935484,0.29140400625166657,0.0,1.0,0.34281290322580643,0.30437158297103123,0.0,1.0,0.6568516129032258,0.264281300641734,0.0,1.0,0.3927483870967742,0.18389390055064211,0.03225806451612903,1.0,13,0.1968,9.9,20
999,1243,1125,14.43174591809033,93.7087691069992,8,15,12,3,919,0.7352,331,1078,0.8624,0.9151251360174102,841,237,0.9151251360174102,0.716012084592145,0.8624,176,1053,5.982954545454546,0.0064,0.012,0.0096,0.0024,0.38476111385046585,0.29196226030439404,0.0,1.0,0.343913009628111,0.3036436854864947,0.0,1.0,0.6579555186463552,0.26386042280925254,0.0,1.0,0.392105468040381,0.1832095168375568,0.03225806451612903,1.0,13,0.19790828640386163,9.918744971842317,20
